{"type":"FeatureCollection","metadata":{"source":"Geofabrik Nigeria OSM extract, OpenStreetMap contributors, ODbL 1.0; geoBoundaries gbOpen GRID3 2022, CC BY 4.0","surfaceFormatVersion":1,"pbfUrl":"https://download.geofabrik.de/africa/nigeria-261003.osm.pbf","pbfDate":"2026-10-03","pbfSha256":"6dfa568106792fb8a9bba0b12a91e1edfb789d38c452087b2c48bc58326880b5","pbfBytes":709273731,"boundaryRelease":"9469f09","adm1Sha256":"64fa218ac3d453cc1e66412ff461c5dfa1a4a1ade0da93b239a9891b587d28f9","adm2Sha256":"bef7f2cfa45e012f4772eaa61c7b99e5188aeba4d5c6badae7e9f9aae8c02fcd","cityId":"abakaliki","stateId":"ebonyi","stateSourceName":"Ebonyi","localUnits":[["abakaliki","Abakaliki"],["ebonyi","Ebonyi"]],"coordinatePrecisionDegrees":1e-07,"transportSimplificationDegrees":8e-05,"locationIndex":"sparse_file_array","waterObjects":[["relation",2342812],["relation",15851940],["way",208544266],["way",395041651],["way",397375770],["way",397376897],["way",397525373],["way",398732404],["way",398732405],["way",629321163],["way",629322083],["way",629324749],["way",629345049],["way",636438079],["way",636449859],["way",636449867],["way",1392852689],["way",1392859686],["way",1393906538],["way",1394023117],["way",1394024408],["way",1396475564],["way",1408154561],["way",1408169326],["way",1408178366],["way",1425684089],["way",1425687566],["way",1425802795],["way",1426101382],["way",1426101574],["way",1426103669],["way",1426111664],["way",1426188787],["way",1426209096],["way",1426480277],["way",1426480283],["way",1427568250],["way",1467069228]]},"features":[{"type":"Feature","properties":{"kind":"state","id":"state:ebonyi","localUnitId":"ebonyi","name":"Ebonyi"},"geometry":{"type":"Polygon","coordinates":[[[8.30198,6.6698012],[8.3035918,6.6665773],[8.3065205,6.6607194],[8.3047047,6.6507292],[8.3092451,6.6393771],[8.3152049,6.634694],[8.3156023,6.6343818],[8.3224144,6.6343818],[8.3251381,6.6257544],[8.3242302,6.6212134],[8.3215055,6.6184888],[8.3211164,6.6145956],[8.3210516,6.6139479],[8.3142405,6.6121316],[8.3142405,6.6071363],[8.3219595,6.6030498],[8.3233223,6.5962381],[8.3247519,6.5894995],[8.3301334,6.5916972],[8.333312,6.5848856],[8.3401232,6.5753498],[8.3469353,6.5753498],[8.3519297,6.5744419],[8.3587418,6.5639977],[8.3637362,6.562181],[8.3663793,6.5625587],[8.3700933,6.5630894],[8.3741808,6.5635433],[8.372818,6.5590024],[8.372364,6.5530992],[8.3714561,6.5481043],[8.3750887,6.5458341],[8.3796301,6.5485582],[8.3868952,6.5499206],[8.3914366,6.550375],[8.3932524,6.5444717],[8.396431,6.5394764],[8.4000635,6.5362978],[8.3995538,6.5340035],[8.3991556,6.5322108],[8.3937063,6.5313029],[8.3909817,6.5263081],[8.3909817,6.523129],[8.395977,6.5194964],[8.4100542,6.5172262],[8.4155035,6.5185881],[8.419136,6.5145016],[8.4200439,6.5104146],[8.4204979,6.5054197],[8.412324,6.5004244],[8.4109621,6.4945211],[8.4104786,6.4932642],[8.4086914,6.4886184],[8.4059668,6.4849854],[8.4062483,6.4842347],[8.4086914,6.4777198],[8.4104786,6.4777198],[8.4227686,6.4777198],[8.4236765,6.4663677],[8.4304876,6.4577398],[8.4312085,6.4567787],[8.4386616,6.4468417],[8.435483,6.4436631],[8.4318504,6.4395761],[8.4323044,6.433219],[8.4380312,6.4329584],[8.4422941,6.4327645],[8.4441101,6.4309491],[8.4522848,6.4300404],[8.4568253,6.4282236],[8.4568253,6.426746],[8.4568253,6.4177794],[8.4550095,6.4146008],[8.4550095,6.4100599],[8.4536467,6.4059734],[8.4479526,6.4044241],[8.4426547,6.4046845],[8.4415813,6.403104],[8.4422335,6.3988938],[8.4428067,6.3921804],[8.4442049,6.3892621],[8.4450188,6.3855391],[8.4309425,6.3809981],[8.4232385,6.371174],[8.4141991,6.3696381],[8.403697,6.366013],[8.3991556,6.3537526],[8.3986478,6.3501979],[8.397913,6.3450546],[8.395977,6.331502],[8.3916636,6.3065271],[8.3943872,6.2969909],[8.4045534,6.2868251],[8.4052858,6.2860928],[8.4104786,6.282415],[8.4109001,6.2821164],[8.4166384,6.2733784],[8.4180002,6.2611175],[8.4111891,6.2461324],[8.4104786,6.2450393],[8.4052858,6.2370505],[8.40347,6.2270608],[8.4033013,6.2264139],[8.4007454,6.2166166],[8.3925714,6.2107134],[8.3874475,6.2072365],[8.3849449,6.2055383],[8.3798571,6.2020855],[8.3712292,6.1966367],[8.3635092,6.1780186],[8.362339,6.1762624],[8.3589687,6.1712074],[8.3549242,6.1674728],[8.3447007,6.1579446],[8.3394423,6.1530437],[8.3312693,6.135334],[8.3208246,6.1289768],[8.317646,6.1239815],[8.3162569,6.1200459],[8.3149214,6.116262],[8.3094721,6.1126294],[8.305802,6.1104216],[8.3020029,6.1081362],[8.30196,6.102396],[8.3007755,6.096663],[8.2984524,6.090939],[8.2984095,6.0851979],[8.2983544,6.0777149],[8.2983503,6.0771618],[8.2982292,6.0675368],[8.2914839,6.0553937],[8.2888403,6.0457034],[8.2875195,6.0289655],[8.2866383,6.0166326],[8.285377,6.0132275],[8.2822332,6.0047398],[8.2743053,5.9990139],[8.2637339,5.9968114],[8.2584486,5.9981327],[8.2540436,6.0051804],[8.2527227,6.012228],[8.2491989,6.0157514],[8.2447939,6.0179539],[8.2381868,6.0148706],[8.2302589,6.0126681],[8.2258801,6.0136984],[8.2227707,6.01443],[8.2148428,6.012228],[8.2042713,6.0042996],[8.1987408,5.9978473],[8.1936998,5.9919662],[8.1796055,5.9791927],[8.1732557,5.9740191],[8.1729507,5.9737706],[8.1677122,5.9695024],[8.1676532,5.9694935],[8.1531773,5.9673004],[8.1364393,5.954967],[8.133446,5.9525351],[8.122344,5.9435153],[8.1138477,5.9381499],[8.111371,5.9406781],[8.1091232,5.9452848],[8.108017,5.9498849],[8.1069098,5.9544849],[8.1058025,5.959085],[8.1009271,5.9609318],[8.1001933,5.9605508],[8.0872182,5.9538149],[8.0734744,5.9460207],[8.0649194,5.9438499],[8.0647389,5.9438041],[8.0503906,5.9509479],[8.0496317,5.9521413],[8.0473765,5.955688],[8.0482478,5.9673694],[8.0489502,5.9739469],[8.0508279,5.9790747],[8.0528105,5.9860992],[8.052028,5.9902534],[8.0507963,5.9923561],[8.0492086,5.9945046],[8.0461262,5.9964593],[8.0410188,5.9984603],[8.0364029,5.9981953],[8.0317222,5.9977374],[8.0299145,5.9975606],[8.0239439,5.9975371],[8.021381,5.9965901],[8.0136278,5.9936704],[8.0090704,5.991899],[8.0010509,5.987361],[7.9930391,5.9839721],[7.986177,5.9817228],[7.980422,5.974874],[7.9792471,5.9702902],[7.9792132,5.9656978],[7.981452,5.9599419],[7.984204,5.9552485],[7.9848318,5.9541779],[7.9882121,5.9484138],[7.9893098,5.9426661],[7.9847212,5.9392529],[7.9824138,5.9358249],[7.9823709,5.9300852],[7.9823461,5.926641],[7.9839959,5.9243932],[7.985734,5.9220252],[7.9907089,5.9183962],[7.9936184,5.9162302],[7.9993842,5.9133077],[8.0004969,5.9127378],[8.0027533,5.9092789],[8.0061331,5.9035149],[8.0049667,5.9000778],[8.0021234,5.8967888],[8.000971,5.8954558],[7.9965096,5.8996136],[7.9919662,5.901818],[7.9890476,5.9021263],[7.9868068,5.8991576],[7.988743,5.8955781],[7.989276,5.8932557],[7.9892812,5.8895483],[7.987592,5.885288],[7.9824752,5.8821357],[7.9791858,5.8802626],[7.9741147,5.878024],[7.9693301,5.8742806],[7.9687469,5.8731755],[7.9664367,5.8687983],[7.9647615,5.8610318],[7.9631992,5.8549611],[7.9620853,5.8502878],[7.9589922,5.8432775],[7.9548363,5.8408901],[7.9497597,5.8410888],[7.9441252,5.8394898],[7.9371962,5.8360634],[7.934907,5.8330805],[7.9321707,5.8295151],[7.932145,5.8282395],[7.9321219,5.8270996],[7.9321127,5.8266423],[7.9320185,5.821977],[7.9320277,5.821965],[7.9336357,5.8198724],[7.9424167,5.8050833],[7.9450855,5.8013155],[7.9515003,5.7924933],[7.9600943,5.7810689],[7.9642334,5.7756562],[7.9700761,5.7683268],[7.965096,5.7693782],[7.9606872,5.7711304],[7.9593778,5.7716508],[7.9549742,5.7741308],[7.9513721,5.7750621],[7.9490938,5.7739019],[7.9456739,5.772737],[7.9422598,5.770422],[7.9365578,5.7692471],[7.9320068,5.7657781],[7.9286948,5.7640908],[7.9274521,5.7634578],[7.9258394,5.7624735],[7.9217601,5.759984],[7.920629,5.757679],[7.9172249,5.7530661],[7.9164237,5.7495093],[7.9161704,5.7481431],[7.9160183,5.747222],[7.9155931,5.7446475],[7.9149952,5.7415609],[7.9143047,5.7380031],[7.9138789,5.7358088],[7.9138289,5.7356033],[7.9129725,5.7320841],[7.9127588,5.7312059],[7.9126594,5.7306927],[7.911644,5.7254539],[7.9082451,5.7196922],[7.9048419,5.7150779],[7.900291,5.7116089],[7.8946099,5.7058358],[7.8866448,5.7000518],[7.8878031,5.696609],[7.8901072,5.6920218],[7.8901,5.6847997],[7.8862591,5.6878462],[7.8705544,5.6935568],[7.8699144,5.6998789],[7.8631032,5.7083037],[7.8537728,5.717927],[7.8407988,5.7241265],[7.8354884,5.7293111],[7.8305457,5.7353435],[7.823441,5.7401688],[7.8080849,5.7439343],[7.8039298,5.7449532],[7.8019989,5.7494583],[7.7967911,5.7616091],[7.7939358,5.7773137],[7.7931127,5.7896597],[7.792984,5.7915907],[7.7863216,5.8049154],[7.7803731,5.806819],[7.769444,5.8137274],[7.757456,5.814881],[7.748223,5.815038],[7.73185,5.816239],[7.7250034,5.8163956],[7.7195869,5.8171247],[7.7072067,5.8213383],[7.6839552,5.8223462],[7.6571169,5.8239512],[7.6538527,5.824193],[7.6489143,5.8245588],[7.6399534,5.8252226],[7.6333908,5.8257087],[7.6325739,5.8257692],[7.6315107,5.825848],[7.6314223,5.8258564],[7.6305066,5.8259491],[7.6198764,5.8270488],[7.6194375,5.8270942],[7.6183921,5.8272024],[7.6176181,5.8272824],[7.6165983,5.8275468],[7.6160389,5.8276918],[7.612639,5.8285732],[7.6126086,5.8285811],[7.611202,5.8289458],[7.6047688,5.8306136],[7.5971546,5.8339448],[7.5887644,5.8362036],[7.5847812,5.837276],[7.5709805,5.8410831],[7.5666976,5.8439388],[7.5624475,5.8438017],[7.5519447,5.8434629],[7.5398034,5.8373355],[7.5357542,5.8352919],[7.5352778,5.8350515],[7.5345768,5.8346977],[7.526593,5.844423],[7.525859,5.856202],[7.527329,5.869013],[7.505153,5.8828273],[7.5034972,5.9001656],[7.5060543,5.9119034],[7.5131622,5.9243853],[7.517171,5.9314251],[7.5291338,5.9519501],[7.5292066,5.9530263],[7.5292278,5.9533391],[7.5292453,5.9535978],[7.5296523,5.9596174],[7.5301198,5.9665292],[7.5301702,5.9672747],[7.5302865,5.9689953],[7.5304958,5.9720891],[7.5272949,5.9793591],[7.5236262,5.9876918],[7.5208166,6.0002882],[7.5301671,6.0059942],[7.5333029,6.0037699],[7.5493342,5.9923987],[7.5590839,5.9854832],[7.5635329,5.9803166],[7.5686428,5.9743824],[7.5696283,5.9732379],[7.5712624,5.9713402],[7.5731606,5.9691358],[7.5890541,5.9614162],[7.5993611,5.9573743],[7.6131063,5.951984],[7.6165898,5.950618],[7.6289961,5.9457528],[7.6353717,5.9432526],[7.6644335,5.9300842],[7.6789646,5.9287219],[7.6918893,5.9246402],[7.7048478,5.9291759],[7.7073587,5.9333987],[7.714838,5.9459772],[7.711205,5.9709525],[7.6971315,5.9886674],[7.6844544,6.001336],[7.675786,6.0100045],[7.6671581,6.0304384],[7.6653724,6.0390943],[7.6636942,6.0472287],[7.6694283,6.0635872],[7.6821177,6.0694172],[7.6862302,6.0713067],[7.6980799,6.0739603],[7.7058696,6.0788112],[7.7138295,6.0839124],[7.7262024,6.1148996],[7.7267153,6.1340558],[7.7271259,6.1490437],[7.727485,6.1676117],[7.7275552,6.1704726],[7.7287253,6.1998578],[7.7330017,6.2266064],[7.7263851,6.2398399],[7.7250047,6.2426009],[7.7216492,6.2493114],[7.7163045,6.2613372],[7.7090749,6.2776243],[7.7089348,6.2779193],[7.7080687,6.2974029],[7.7080264,6.2983532],[7.7095955,6.3021897],[7.7209682,6.331048],[7.7386775,6.3537526],[7.740667,6.3587262],[7.7452128,6.3700905],[7.7513924,6.3855391],[7.7509545,6.3976534],[7.7506045,6.4073366],[7.75045,6.4121021],[7.749843,6.4369493],[7.7491217,6.4472957],[7.7463744,6.4616576],[7.7418313,6.49402],[7.7400426,6.5016074],[7.7337741,6.5281725],[7.7261223,6.5600582],[7.7158359,6.5685405],[7.7045519,6.5780092],[7.7043824,6.5781515],[7.7039237,6.6070561],[7.7016692,6.6107693],[7.6882149,6.6292621],[7.6912213,6.6383672],[7.7009197,6.6412254],[7.7200297,6.646857],[7.7362015,6.6447512],[7.7379926,6.6446852],[7.7759908,6.6336756],[7.7992556,6.6322665],[7.8022509,6.6321116],[7.8177161,6.6375062],[7.8217769,6.6389227],[7.8317666,6.6384687],[7.8335829,6.6262083],[7.8335829,6.6193967],[7.836762,6.6148558],[7.844027,6.6084986],[7.84524,6.6027865],[7.846201,6.5982608],[7.8472606,6.5957874],[7.8487757,6.5943517],[7.8499098,6.5927773],[7.8526549,6.5880647],[7.8558335,6.5807991],[7.8670571,6.5707366],[7.8690023,6.5689926],[7.8780842,6.561727],[7.8881641,6.5588426],[7.8995863,6.5559549],[7.9066719,6.552447],[7.9156434,6.5486929],[7.9252995,6.54377],[7.9328699,6.5415491],[7.9447603,6.5400198],[7.9507783,6.5431117],[7.9541863,6.5518261],[7.954156,6.5618542],[7.9552487,6.5834117],[7.9591552,6.5907536],[7.9732482,6.5967713],[7.9870663,6.6112232],[7.9884286,6.6180348],[7.9870663,6.6334739],[7.9782882,6.6479215],[7.9788319,6.6671215],[7.9746,6.6902892],[7.9744551,6.7112602],[7.9757016,6.71241],[7.9844309,6.720462],[7.9872602,6.7216966],[8.0093282,6.7250191],[8.0199988,6.7333002],[8.0319936,6.7324582],[8.0462676,6.7272704],[8.0624542,6.7201637],[8.075388,6.7138481],[8.079566,6.7131519],[8.0852474,6.712205],[8.0890102,6.7115779],[8.0953674,6.7079449],[8.098546,6.707037],[8.1039953,6.7120318],[8.1121693,6.7093072],[8.1276083,6.7115779],[8.1362362,6.7161188],[8.1444092,6.7252007],[8.145318,6.7347364],[8.1471338,6.7429099],[8.1490631,6.7470889],[8.1525831,6.7547164],[8.1603031,6.7610741],[8.1652975,6.7665229],[8.1730175,6.7733345],[8.1839161,6.7756047],[8.1916351,6.7783294],[8.1993551,6.7783294],[8.2077668,6.7769272],[8.2129774,6.7760587],[8.2202435,6.7787833],[8.2261467,6.7896819],[8.2293253,6.8001256],[8.2343197,6.7992177],[8.2406769,6.7924061],[8.2443104,6.7855949],[8.2497587,6.7756047],[8.2497587,6.771075],[8.2497587,6.7710638],[8.2497587,6.7683392],[8.255662,6.7660689],[8.2611113,6.7551708],[8.2648281,6.7450346],[8.2660898,6.7415733],[8.2624909,6.7379318],[8.2560329,6.7374611],[8.2515755,6.7356448],[8.2611113,6.7311039],[8.2688313,6.7279253],[8.2738256,6.7165728],[8.2738256,6.7129402],[8.2801838,6.7152104],[8.2856321,6.7102156],[8.2801838,6.7047663],[8.278821,6.6979551],[8.2828022,6.6936121],[8.2838163,6.6925058],[8.2945147,6.678709],[8.30198,6.6698012]]]}},{"type":"Feature","properties":{"kind":"administrative","id":"administrative:abakaliki","localUnitId":"abakaliki","name":"Abakaliki"},"geometry":{"type":"Polygon","coordinates":[[[8.0332012,6.2041513],[8.0374207,6.2190226],[8.0396982,6.2185959],[8.0468632,6.2267786],[8.053125,6.2291864],[8.0579294,6.2309099],[8.0638427,6.2351515],[8.0637905,6.2384978],[8.0635323,6.242054],[8.0625993,6.2437698],[8.0630135,6.2457768],[8.06523,6.2517349],[8.0671063,6.2533115],[8.0672811,6.2557026],[8.0693592,6.2562377],[8.0703173,6.2565802],[8.0704956,6.2570145],[8.0717744,6.2575204],[8.0752357,6.2597495],[8.0762198,6.2607861],[8.0774331,6.2616669],[8.0778729,6.2617157],[8.0781519,6.2615042],[8.0793217,6.2628517],[8.0804258,6.2635083],[8.0812391,6.2639059],[8.0828545,6.2658982],[8.0827851,6.2664761],[8.0815149,6.2698468],[8.0806636,6.2711647],[8.0803335,6.2716757],[8.0783798,6.2718777],[8.0762177,6.2736193],[8.0752089,6.2758256],[8.0760394,6.2780562],[8.07594,6.2803163],[8.0754697,6.282276],[8.0752885,6.283888],[8.0743975,6.2941209],[8.0731911,6.2984588],[8.0710271,6.3046844],[8.0712986,6.3058467],[8.0729481,6.3092686],[8.0731209,6.3104056],[8.0725584,6.3108723],[8.0723651,6.3112998],[8.0724149,6.3116955],[8.0728294,6.3119089],[8.0734349,6.3118879],[8.0741254,6.3123488],[8.0734361,6.3128681],[8.0728408,6.3133985],[8.073046,6.3144343],[8.0738978,6.3182639],[8.0753845,6.3208942],[8.0776395,6.3232267],[8.0800946,6.3218574],[8.0814967,6.3232915],[8.083076,6.323032],[8.0855671,6.3240006],[8.0894099,6.3203902],[8.0907588,6.3189753],[8.0916622,6.3182827],[8.0919856,6.3179266],[8.0926078,6.317379],[8.0936971,6.316425],[8.0943723,6.3156197],[8.0947202,6.3153692],[8.0947593,6.3150658],[8.0960522,6.3139566],[8.0981161,6.3122196],[8.0999834,6.310897],[8.1022997,6.3096141],[8.1039188,6.3115997],[8.1047607,6.3123381],[8.1058609,6.3131275],[8.1074943,6.3143164],[8.1090531,6.3155017],[8.1103831,6.317411],[8.1117212,6.3188238],[8.1123741,6.3185317],[8.1138556,6.3205918],[8.1142713,6.3216631],[8.1141583,6.3218922],[8.1135015,6.3226893],[8.1125342,6.3234513],[8.1115277,6.3248194],[8.1108455,6.3247791],[8.1164635,6.3253907],[8.1172681,6.325472],[8.1174236,6.3255025],[8.1178789,6.3274215],[8.1177563,6.3292576],[8.1173751,6.3308733],[8.1167255,6.3324063],[8.115901,6.3335102],[8.1168672,6.3339953],[8.118205,6.3333044],[8.1198356,6.33657],[8.1208714,6.3372982],[8.1218515,6.3375997],[8.1228818,6.3376434],[8.1236517,6.337332],[8.1241926,6.3370573],[8.1241995,6.3370746],[8.1242335,6.3370573],[8.1247778,6.3384342],[8.1253481,6.3393324],[8.1259379,6.340704],[8.1262311,6.341482],[8.1267074,6.3430683],[8.1269651,6.3435357],[8.1278644,6.3441051],[8.1285722,6.3444472],[8.1297354,6.34505],[8.1304126,6.3470281],[8.1313915,6.3487667],[8.1333248,6.3511195],[8.1339814,6.353221],[8.1342755,6.35427],[8.1352185,6.3555115],[8.1357941,6.3564808],[8.1368126,6.3570624],[8.1375461,6.3563963],[8.1392839,6.3561735],[8.139607,6.3563318],[8.139929,6.3565553],[8.1401904,6.3566226],[8.1409531,6.3561212],[8.1411117,6.3557783],[8.1411508,6.3549235],[8.1413994,6.3539558],[8.142371,6.3531697],[8.1429794,6.3521825],[8.1433059,6.3520255],[8.1438666,6.351827],[8.1441228,6.3512381],[8.1439132,6.3508195],[8.1437136,6.3504903],[8.1439634,6.3499427],[8.1444654,6.3499238],[8.1446335,6.3495875],[8.1437333,6.3487217],[8.1433647,6.3489735],[8.1430156,6.3490436],[8.142585,6.3475018],[8.1418532,6.3467459],[8.1411165,6.3461514],[8.1401483,6.3448763],[8.1397368,6.3438731],[8.1405543,6.3436006],[8.1408948,6.343246],[8.141243,6.342611],[8.1406856,6.3412253],[8.1411878,6.3398156],[8.1415442,6.338509],[8.1430297,6.3368624],[8.1437316,6.3351075],[8.1442873,6.3332436],[8.1468592,6.3318693],[8.1491339,6.3305414],[8.1558506,6.3292669],[8.167892,6.3272356],[8.1709884,6.3267133],[8.170117,6.3257956],[8.1698781,6.3246897],[8.1705119,6.3232985],[8.1708564,6.322726],[8.1698676,6.3222977],[8.1699418,6.3206991],[8.1661641,6.3183002],[8.1612899,6.3154912],[8.160573,6.3099639],[8.1597489,6.306973],[8.1583879,6.3005064],[8.1579608,6.2984517],[8.1581219,6.2967232],[8.1588526,6.2959671],[8.1588412,6.2949334],[8.1572922,6.2944865],[8.1561473,6.2953454],[8.1554914,6.2947619],[8.1558147,6.2942552],[8.1555114,6.2939741],[8.1558644,6.2931841],[8.1547879,6.2923389],[8.1553113,6.2915696],[8.1551471,6.2909802],[8.154186,6.2901554],[8.1538426,6.2890884],[8.1547929,6.2875204],[8.1574313,6.2864635],[8.1585952,6.2851768],[8.1589825,6.2842114],[8.1585742,6.2831665],[8.1579787,6.282175],[8.1590098,6.2824043],[8.1611066,6.2825037],[8.1635658,6.2828318],[8.1645011,6.2827981],[8.1673752,6.2811221],[8.1694763,6.2802352],[8.1730946,6.2791798],[8.1762206,6.2786747],[8.1794923,6.2786747],[8.1836564,6.2785259],[8.1863333,6.2785259],[8.1897537,6.2782285],[8.1934716,6.2782285],[8.2049458,6.2974026],[8.2257638,6.3069469],[8.2612582,6.3134573],[8.260692,6.3090996],[8.276944,6.3100367],[8.281822,6.3090625],[8.2895289,6.3075235],[8.2922364,6.3080171],[8.29708,6.3089],[8.302014,6.314347],[8.312197,6.316478],[8.320753,6.317713],[8.330854,6.314777],[8.337967,6.312352],[8.342151,6.3117152],[8.346482,6.311056],[8.354063,6.309086],[8.371434,6.313399],[8.3811394,6.3137378],[8.3916636,6.3065271],[8.3943872,6.2969909],[8.4045534,6.2868251],[8.4052858,6.2860928],[8.4104786,6.282415],[8.4109001,6.2821164],[8.4166384,6.2733784],[8.4180002,6.2611175],[8.4111891,6.2461324],[8.4104786,6.2450393],[8.4052858,6.2370505],[8.40347,6.2270608],[8.4033013,6.2264139],[8.4007454,6.2166166],[8.3883415,6.2249281],[8.3719254,6.2292863],[8.3696647,6.2314712],[8.3675708,6.2331844],[8.3651913,6.2354687],[8.3614794,6.2387999],[8.3591951,6.2408938],[8.3568156,6.2429878],[8.3538651,6.2458431],[8.352723,6.2472708],[8.3499628,6.2503165],[8.346346,6.2540285],[8.3435858,6.2579308],[8.3401594,6.2617379],[8.3245819,6.2562774],[8.3131618,6.2311581],[8.317152,6.209249],[8.312127,6.212328],[8.30688,6.215874],[8.301602,6.217577],[8.2984719,6.2165323],[8.293713,6.214944],[8.291071,6.2134635],[8.285335,6.210249],[8.2804556,6.2051265],[8.279936,6.204581],[8.270854,6.199202],[8.261493,6.191066],[8.2566571,6.1903233],[8.243919,6.188367],[8.235634,6.18966],[8.224045,6.18617],[8.2199813,6.1824044],[8.2199418,6.1823679],[8.2185964,6.1842795],[8.2164858,6.1868425],[8.2157319,6.1881994],[8.2140736,6.1898578],[8.210606,6.1930238],[8.2087969,6.1948329],[8.2066862,6.1966421],[8.204274,6.1990543],[8.2020125,6.2016172],[8.1997511,6.2044817],[8.197942,6.2064416],[8.1956805,6.2087031],[8.1931377,6.210704],[8.1902504,6.2131188],[8.1882905,6.2147772],[8.1823662,6.2108545],[8.1713721,6.2091571],[8.1600807,6.2010597],[8.1470535,6.1944683],[8.1470457,6.1921138],[8.1442646,6.1925065],[8.1427849,6.1924867],[8.1416383,6.1927286],[8.1409453,6.1921593],[8.1401301,6.1917896],[8.139684,6.1923225],[8.1284449,6.1812512],[8.1264971,6.183403],[8.1245312,6.1857583],[8.1210918,6.1936249],[8.1190148,6.1949469],[8.1153987,6.1928812],[8.1129963,6.1936175],[8.1129297,6.1935902],[8.1088921,6.1952391],[8.1069816,6.196612],[8.1044849,6.1996549],[8.1024179,6.2015794],[8.1002991,6.2032469],[8.0957089,6.2050458],[8.0946817,6.2047111],[8.0932026,6.2042291],[8.0883236,6.2045521],[8.084527,6.2048421],[8.0831702,6.2024456],[8.0831277,6.2015035],[8.0826803,6.1991211],[8.0797446,6.1955258],[8.0774048,6.1960853],[8.0750999,6.1965819],[8.071046,6.1767159],[8.0662764,6.1767964],[8.0631484,6.1767628],[8.0602136,6.1765103],[8.0546002,6.1763012],[8.0472407,6.1742732],[8.04722,6.1742675],[8.0455932,6.1737451],[8.0411205,6.1699545],[8.0398394,6.169347],[8.0393782,6.1713212],[8.0390763,6.1726136],[8.0387293,6.1733882],[8.0381825,6.1743319],[8.0374174,6.175424],[8.0365031,6.1766916],[8.0350286,6.180381],[8.0343927,6.182511],[8.0333699,6.1889086],[8.032666,6.191715],[8.033003,6.197894],[8.0333116,6.2035339],[8.0332012,6.2041513]]]}},{"type":"Feature","properties":{"kind":"administrative","id":"administrative:ebonyi","localUnitId":"ebonyi","name":"Ebonyi"},"geometry":{"type":"Polygon","coordinates":[[[8.1357941,6.3564808],[8.1352185,6.3555115],[8.1342755,6.35427],[8.1339814,6.353221],[8.1333248,6.3511195],[8.1313915,6.3487667],[8.1304126,6.3470281],[8.1297354,6.34505],[8.1285722,6.3444472],[8.1278644,6.3441051],[8.1269651,6.3435357],[8.1267074,6.3430683],[8.1262311,6.341482],[8.1259379,6.340704],[8.1253481,6.3393324],[8.1247778,6.3384342],[8.1242335,6.3370573],[8.1241995,6.3370746],[8.1241926,6.3370573],[8.1236517,6.337332],[8.1228818,6.3376434],[8.1218515,6.3375997],[8.1208714,6.3372982],[8.1198356,6.33657],[8.118205,6.3333044],[8.1168672,6.3339953],[8.115901,6.3335102],[8.1167255,6.3324063],[8.1173751,6.3308733],[8.1177563,6.3292576],[8.1178789,6.3274215],[8.1174236,6.3255025],[8.1172681,6.325472],[8.1164635,6.3253907],[8.1108455,6.3247791],[8.1115277,6.3248194],[8.1125342,6.3234513],[8.1135015,6.3226893],[8.1141583,6.3218922],[8.1142713,6.3216631],[8.1138556,6.3205918],[8.1123741,6.3185317],[8.1117212,6.3188238],[8.1103831,6.317411],[8.1090531,6.3155017],[8.1074943,6.3143164],[8.1058609,6.3131275],[8.1047607,6.3123381],[8.1039188,6.3115997],[8.1022997,6.3096141],[8.0999834,6.310897],[8.0981161,6.3122196],[8.0960522,6.3139566],[8.0947593,6.3150658],[8.0947202,6.3153692],[8.0943723,6.3156197],[8.0936971,6.316425],[8.0926078,6.317379],[8.0919856,6.3179266],[8.0916622,6.3182827],[8.0907588,6.3189753],[8.0894099,6.3203902],[8.0855671,6.3240006],[8.0838569,6.3257304],[8.0816292,6.3279835],[8.0782787,6.3311954],[8.076842,6.3325726],[8.0741359,6.3352153],[8.072877,6.3363663],[8.0711829,6.3380364],[8.0685893,6.3407167],[8.0669198,6.3422506],[8.0652234,6.3435864],[8.0609954,6.347723],[8.058396,6.3502979],[8.0550876,6.3535746],[8.0518351,6.3564461],[8.0384864,6.3694345],[8.0345414,6.3732403],[8.035125,6.375433],[8.0351493,6.3781176],[8.0356417,6.3789689],[8.0365658,6.3799775],[8.0370235,6.3809923],[8.0373329,6.3808837],[8.0374056,6.3830167],[8.037524,6.3846302],[8.0380519,6.3862997],[8.0386179,6.3883149],[8.0384961,6.3898709],[8.038965,6.3939605],[8.0407555,6.3964716],[8.0423953,6.4007885],[8.0429951,6.4053609],[8.0442976,6.4096858],[8.0472915,6.4133107],[8.0498598,6.4191505],[8.05375,6.425464],[8.0557674,6.4325911],[8.0563638,6.4428897],[8.0580606,6.4455031],[8.0587869,6.4514132],[8.063746,6.4576666],[8.0687918,6.4639231],[8.0750979,6.4716911],[8.0802874,6.4760225],[8.0862369,6.4813653],[8.0861354,6.4864924],[8.0904039,6.4861325],[8.0960065,6.4903546],[8.0983077,6.4912908],[8.0995173,6.4906042],[8.1013513,6.4928227],[8.1016166,6.4937431],[8.1001785,6.4942256],[8.0995015,6.4938326],[8.0989955,6.4935146],[8.0982643,6.4939257],[8.0984198,6.4947684],[8.0974135,6.495639],[8.0951461,6.497015],[8.0948293,6.4988538],[8.0942049,6.499108],[8.0931564,6.4991987],[8.0931319,6.4996293],[8.0928964,6.5007832],[8.0927444,6.5016122],[8.092792,6.5022426],[8.0946858,6.5036183],[8.0957805,6.5032485],[8.0961015,6.5035501],[8.0961079,6.5043384],[8.0956519,6.5051358],[8.0951244,6.5062749],[8.094873,6.5065868],[8.0951692,6.5069368],[8.0965568,6.50634],[8.0974041,6.5063818],[8.0978728,6.506674],[8.0966595,6.5088182],[8.0963811,6.5090677],[8.0968335,6.5097565],[8.0966132,6.5103195],[8.0964638,6.5099493],[8.0957615,6.5097718],[8.0942172,6.5101391],[8.094732,6.5123733],[8.0940097,6.5130728],[8.0934097,6.515795],[8.0938086,6.5183228],[8.0939872,6.5194539],[8.0947305,6.5209015],[8.0943235,6.5272454],[8.0946405,6.5293438],[8.0948558,6.5293014],[8.0949897,6.5291843],[8.0958695,6.5308915],[8.0966623,6.5319644],[8.0969437,6.5329158],[8.0989004,6.5494018],[8.1000696,6.5574404],[8.0982363,6.5635078],[8.0965969,6.5822588],[8.0952458,6.5952242],[8.0968272,6.6015923],[8.109723,6.6100624],[8.1043071,6.6220851],[8.075723,6.685695],[8.069109,6.699272],[8.0624542,6.7201637],[8.075388,6.7138481],[8.079566,6.7131519],[8.0852474,6.712205],[8.0890102,6.7115779],[8.0953674,6.7079449],[8.098546,6.707037],[8.1039953,6.7120318],[8.1121693,6.7093072],[8.1276083,6.7115779],[8.1362362,6.7161188],[8.1444092,6.7252007],[8.145318,6.7347364],[8.1471338,6.7429099],[8.1490631,6.7470889],[8.1525831,6.7547164],[8.1603031,6.7610741],[8.1652975,6.7665229],[8.1730175,6.7733345],[8.1922569,6.7279238],[8.1919233,6.6635893],[8.1808226,6.6545918],[8.1617674,6.6468842],[8.153257,6.6419842],[8.150754,6.6385853],[8.1454751,6.6213098],[8.1474435,6.6195751],[8.1514208,6.6167565],[8.1512197,6.6161605],[8.150968,6.6142696],[8.1513147,6.6110001],[8.1508359,6.6084306],[8.1513446,6.6039574],[8.1511872,6.6024283],[8.151419,6.6012829],[8.1530715,6.6005434],[8.1547563,6.5997895],[8.1569917,6.5987891],[8.1613764,6.5968269],[8.163894,6.5957003],[8.1636886,6.5945984],[8.1632753,6.5934921],[8.1614792,6.5927112],[8.1600801,6.5921921],[8.1589593,6.5923777],[8.1589501,6.5917166],[8.1591702,6.5899475],[8.1590862,6.5879662],[8.1591042,6.5873963],[8.1591374,6.5873358],[8.1591613,6.5871036],[8.1592209,6.5868756],[8.1593332,6.5867511],[8.1585688,6.5864243],[8.1572935,6.5863272],[8.1553873,6.5863768],[8.1540698,6.5863285],[8.1538907,6.5855696],[8.1533564,6.5817363],[8.1532317,6.5812455],[8.1533339,6.5797958],[8.1525732,6.5797752],[8.152474,6.5773554],[8.1537459,6.5771731],[8.1534097,6.5736031],[8.1540708,6.5727702],[8.1548498,6.5707911],[8.1545871,6.5685494],[8.1558898,6.5683731],[8.1565721,6.5680304],[8.1569899,6.567896],[8.1558348,6.5642834],[8.1541438,6.5586134],[8.1515142,6.5592659],[8.1482131,6.5589384],[8.1472339,6.556176],[8.1464944,6.5542142],[8.1465944,6.5528557],[8.1462363,6.552301],[8.1451809,6.5519271],[8.1450576,6.5515649],[8.1449306,6.55056],[8.1471462,6.5501939],[8.1481978,6.5503248],[8.148615,6.5501156],[8.1489173,6.5498353],[8.1493627,6.5497266],[8.1500786,6.5495048],[8.1506776,6.5496504],[8.1511958,6.549432],[8.1526733,6.5491816],[8.1548292,6.5496386],[8.1555942,6.5493684],[8.156258,6.547963],[8.1564158,6.5464655],[8.1563428,6.546144],[8.1564695,6.5453304],[8.1560571,6.5448728],[8.1558838,6.5442903],[8.1555019,6.5440114],[8.155487,6.5436929],[8.1555343,6.542955],[8.1552629,6.5429066],[8.1552251,6.5425092],[8.1553213,6.5421843],[8.1556091,6.5419429],[8.1557555,6.5410583],[8.1578133,6.5397731],[8.1583759,6.5384721],[8.1586664,6.537454],[8.1589728,6.5352936],[8.1595101,6.5338966],[8.1593443,6.533217],[8.1589931,6.5323134],[8.1589875,6.5299598],[8.1591114,6.528864],[8.1585767,6.5276257],[8.1591607,6.5273917],[8.1588846,6.5263436],[8.1581649,6.5264174],[8.1583251,6.524734],[8.158489,6.524028],[8.1610919,6.5238872],[8.1633913,6.5235985],[8.1630314,6.5206948],[8.1627456,6.518817],[8.1653497,6.5175989],[8.1664703,6.5161523],[8.1676488,6.5143325],[8.1692984,6.5113872],[8.1696522,6.5100649],[8.1697788,6.5085325],[8.1695036,6.5079814],[8.1672745,6.5027736],[8.1671744,6.5024643],[8.1672672,6.5021218],[8.1674451,6.5016616],[8.1673312,6.5010068],[8.1672612,6.5008886],[8.1678264,6.5005484],[8.167629,6.5002605],[8.1675134,6.5001349],[8.1674039,6.5001167],[8.166939,6.4997612],[8.1664052,6.4996386],[8.165916,6.4996908],[8.1651509,6.4995603],[8.1654608,6.4982872],[8.1641106,6.4979624],[8.1614134,6.4959792],[8.1610504,6.4953702],[8.1607821,6.4949199],[8.1603637,6.4942178],[8.1583794,6.4911025],[8.156457,6.4879332],[8.1538444,6.4833016],[8.1531943,6.4826017],[8.1523363,6.4821],[8.1505431,6.4809718],[8.1480146,6.4799675],[8.1466912,6.4793758],[8.1455276,6.4790085],[8.142894,6.4782496],[8.1404483,6.4777832],[8.1402084,6.4775387],[8.1409306,6.476557],[8.1417972,6.4768469],[8.142048,6.4760609],[8.14169,6.4753951],[8.1419577,6.4746884],[8.1427468,6.4748516],[8.1431043,6.4737785],[8.1434595,6.4731373],[8.1439471,6.4731229],[8.1443518,6.4714902],[8.1442972,6.4692646],[8.1435189,6.4694067],[8.1435094,6.4688184],[8.1437241,6.4680669],[8.1443316,6.4680304],[8.1445428,6.4672109],[8.1437707,6.4669898],[8.1437536,6.4660212],[8.1434613,6.4658598],[8.1429857,6.4655541],[8.1433136,6.4651045],[8.143701,6.4649262],[8.1439856,6.4647226],[8.1440828,6.4642247],[8.1444408,6.4641517],[8.1446875,6.4639388],[8.144297,6.4632804],[8.1442031,6.46292],[8.1437162,6.4627253],[8.1436421,6.4623992],[8.1441023,6.4624789],[8.1441381,6.4619948],[8.1439408,6.4616408],[8.1443587,6.4617941],[8.1444738,6.4616058],[8.1438419,6.4611849],[8.1439428,6.4606898],[8.144164,6.4606515],[8.1445396,6.4603611],[8.1452038,6.4607063],[8.1454142,6.4606576],[8.1454375,6.4603464],[8.1448146,6.459962],[8.1450887,6.4593934],[8.1462764,6.4602517],[8.1469586,6.4592591],[8.1472404,6.4594676],[8.148186,6.4580326],[8.1480179,6.4578376],[8.148021,6.4573525],[8.1472271,6.456713],[8.1473192,6.4564982],[8.1479087,6.4566271],[8.1481638,6.45427],[8.1472666,6.4510079],[8.1484362,6.4505054],[8.1493398,6.4502622],[8.1495419,6.448939],[8.1489629,6.4489865],[8.1489164,6.4481513],[8.1486832,6.4477673],[8.148545,6.4473734],[8.1482482,6.4466771],[8.1493816,6.4455344],[8.1492682,6.44508],[8.1490501,6.4442052],[8.1473586,6.4440637],[8.1464592,6.4440855],[8.1426277,6.443911],[8.1415218,6.4442043],[8.1357728,6.4452852],[8.1347706,6.4450781],[8.1343116,6.4450722],[8.1328514,6.4434193],[8.1321353,6.4429829],[8.1314992,6.4427202],[8.1317557,6.442057],[8.1318454,6.4414743],[8.1308752,6.4413725],[8.1304905,6.4379524],[8.1312396,6.4371396],[8.1319216,6.4364171],[8.1321781,6.4350049],[8.1330357,6.4350952],[8.135895,6.4355542],[8.1369397,6.4340823],[8.1362562,6.4324935],[8.1362476,6.4317178],[8.1363222,6.4313141],[8.1365055,6.4311616],[8.1368823,6.4312043],[8.1371262,6.4314676],[8.1376375,6.4326131],[8.137968,6.432663],[8.1384517,6.431925],[8.1387169,6.4312202],[8.1395157,6.430912],[8.1397254,6.4305664],[8.1398295,6.429603],[8.1393694,6.4287354],[8.1395348,6.4283906],[8.1398518,6.4282931],[8.1405987,6.4283067],[8.1408482,6.4280979],[8.1407739,6.4277395],[8.1405903,6.4275652],[8.1403882,6.4274822],[8.140235,6.4272012],[8.1393451,6.4245703],[8.1392252,6.4241302],[8.1393787,6.4237686],[8.1397423,6.4237663],[8.1401866,6.4240219],[8.1405682,6.4244223],[8.1409363,6.424391],[8.1412245,6.4237441],[8.1415725,6.423773],[8.1423986,6.4240099],[8.1427238,6.4239751],[8.1428919,6.4238075],[8.1428968,6.4232781],[8.1427009,6.4228408],[8.1427641,6.4225417],[8.1428807,6.4222612],[8.1438326,6.4225018],[8.1439837,6.4228097],[8.1440728,6.4230902],[8.1443825,6.4233819],[8.1450823,6.4236504],[8.14575,6.423517],[8.1461315,6.4234761],[8.1466903,6.4238098],[8.1470048,6.4238655],[8.147306,6.4237127],[8.1474121,6.4233529],[8.1472635,6.4230808],[8.1466582,6.4225299],[8.1463376,6.4224439],[8.1457796,6.4224413],[8.145634,6.4221087],[8.1460335,6.4216352],[8.1480384,6.4203803],[8.1496865,6.42013],[8.15082,6.4202456],[8.1506046,6.4183969],[8.1497082,6.4176298],[8.1496145,6.4174088],[8.1505759,6.416433],[8.1510707,6.4163482],[8.1513225,6.4160235],[8.1513716,6.4155701],[8.1517043,6.4151418],[8.1520641,6.4149343],[8.1523323,6.4149377],[8.1541312,6.4159703],[8.1540678,6.4158093],[8.1545859,6.4151899],[8.1544747,6.4145097],[8.1542302,6.4138728],[8.1538152,6.4136115],[8.153192,6.4137139],[8.1524581,6.4137989],[8.1517704,6.4136246],[8.1508789,6.4133577],[8.1500698,6.4133996],[8.1497683,6.4126403],[8.1497665,6.4115543],[8.1492989,6.4110489],[8.1513331,6.404972],[8.1475642,6.4051512],[8.146745,6.4048183],[8.1467168,6.4043202],[8.1472789,6.4036207],[8.1476671,6.4027858],[8.147369,6.4023833],[8.1462938,6.4019685],[8.146052,6.4009798],[8.1461436,6.3994145],[8.1461165,6.3983967],[8.145881,6.3979907],[8.1460989,6.3975865],[8.1473387,6.397628],[8.1482446,6.399096],[8.1486368,6.3990075],[8.1505914,6.3996586],[8.1521964,6.4002994],[8.1533578,6.4003994],[8.1540357,6.400178],[8.1544844,6.3996655],[8.154718,6.3993392],[8.1543176,6.3988883],[8.1538046,6.3988648],[8.1533295,6.3992149],[8.1526536,6.3991079],[8.1520236,6.3988338],[8.151687,6.3985422],[8.1517044,6.3981334],[8.1523705,6.3976042],[8.1532278,6.3977001],[8.1536962,6.3974805],[8.1538826,6.3972903],[8.1537508,6.3967791],[8.152368,6.3963393],[8.1520058,6.3956787],[8.1526806,6.3946551],[8.1517883,6.3934316],[8.1509965,6.3932087],[8.1500618,6.3932774],[8.1498743,6.393175],[8.1497755,6.3926485],[8.1496419,6.392302],[8.1492647,6.3913331],[8.1493184,6.3909476],[8.149667,6.3906467],[8.1498982,6.3904298],[8.1499432,6.3900389],[8.1493325,6.389149],[8.1488659,6.3889601],[8.1484956,6.3889154],[8.1480961,6.3887395],[8.1479639,6.388073],[8.1481065,6.3876367],[8.148203,6.3876028],[8.1488792,6.3870932],[8.1493427,6.3862726],[8.1497222,6.3859739],[8.1505881,6.3859555],[8.1509218,6.3856447],[8.1513871,6.3844558],[8.1515741,6.383978],[8.1519448,6.3832233],[8.1520831,6.3823089],[8.1521984,6.3799317],[8.1509282,6.378121],[8.1493749,6.3777019],[8.1478473,6.3779422],[8.1458839,6.3790221],[8.1447196,6.3810414],[8.1442621,6.3818122],[8.1433575,6.3826075],[8.1429612,6.383319],[8.1429568,6.3846048],[8.1423297,6.3847984],[8.1396617,6.384701],[8.1386397,6.3840076],[8.1381543,6.383196],[8.1381544,6.382859],[8.1381547,6.3819753],[8.1387665,6.3805355],[8.139442,6.379785],[8.1394654,6.3787975],[8.1390213,6.3785567],[8.1381044,6.3786299],[8.1380428,6.3777251],[8.1384863,6.3773382],[8.1393295,6.3749254],[8.140715,6.3729766],[8.1396539,6.3719742],[8.1390315,6.3721571],[8.1387097,6.3725699],[8.1381603,6.3737111],[8.137554,6.3744679],[8.1369632,6.3748426],[8.1363279,6.3747711],[8.1356824,6.374503],[8.135473,6.372956],[8.1351643,6.3715564],[8.13511,6.3708743],[8.1354686,6.3702744],[8.1360278,6.3693389],[8.1363494,6.3683719],[8.1385991,6.3679504],[8.1395097,6.3675247],[8.1402968,6.367224],[8.1408796,6.3667805],[8.1416486,6.3655166],[8.1419166,6.3651489],[8.1420648,6.3645308],[8.1425653,6.3630635],[8.1427543,6.3609325],[8.1415646,6.3599804],[8.1398914,6.35978],[8.1394319,6.3602052],[8.1394657,6.36084],[8.1409295,6.3610243],[8.1416034,6.3614518],[8.1415666,6.3625635],[8.1411626,6.3628103],[8.1389104,6.363414],[8.1384673,6.3633811],[8.137105,6.3629846],[8.1365919,6.3626382],[8.1362532,6.3624096],[8.1362026,6.362059],[8.1365144,6.3596366],[8.1361949,6.3579921],[8.1368126,6.3570624],[8.1357941,6.3564808]]]}},{"type":"Feature","properties":{"kind":"land","id":"abakaliki","localUnitId":"abakaliki","name":"Abakaliki"},"geometry":{"type":"Polygon","coordinates":[[[8.0374207,6.2190226],[8.0396982,6.2185959],[8.0468632,6.2267786],[8.053125,6.2291864],[8.0579294,6.2309099],[8.0638427,6.2351515],[8.0637905,6.2384978],[8.0635323,6.242054],[8.0625993,6.2437698],[8.0630135,6.2457768],[8.06523,6.2517349],[8.0671063,6.2533115],[8.0672811,6.2557026],[8.0693592,6.2562377],[8.0703173,6.2565802],[8.0704956,6.2570145],[8.0717744,6.2575204],[8.0752357,6.2597495],[8.0762198,6.2607861],[8.0774331,6.2616669],[8.0778729,6.2617157],[8.0781519,6.2615042],[8.0793217,6.2628517],[8.0804258,6.2635083],[8.0812391,6.2639059],[8.0828545,6.2658982],[8.0827851,6.2664761],[8.0815149,6.2698468],[8.0806636,6.2711647],[8.0803335,6.2716757],[8.0783798,6.2718777],[8.0762177,6.2736193],[8.0752089,6.2758256],[8.0760394,6.2780562],[8.07594,6.2803163],[8.0754697,6.282276],[8.0752885,6.283888],[8.0743975,6.2941209],[8.0731911,6.2984588],[8.0710271,6.3046844],[8.0712986,6.3058467],[8.0729481,6.3092686],[8.0731209,6.3104056],[8.0725584,6.3108723],[8.0723651,6.3112998],[8.0724149,6.3116955],[8.0728294,6.3119089],[8.0734349,6.3118879],[8.0741254,6.3123488],[8.0734361,6.3128681],[8.0728408,6.3133985],[8.073046,6.3144343],[8.0738978,6.3182639],[8.0753845,6.3208942],[8.0776395,6.3232267],[8.0800946,6.3218574],[8.0814967,6.3232915],[8.083076,6.323032],[8.0855671,6.3240006],[8.0894099,6.3203902],[8.0907588,6.3189753],[8.0916622,6.3182827],[8.0919856,6.3179266],[8.0926078,6.317379],[8.0936971,6.316425],[8.0943723,6.3156197],[8.0947202,6.3153692],[8.0947593,6.3150658],[8.0960522,6.3139566],[8.0981161,6.3122196],[8.0999834,6.310897],[8.1022997,6.3096141],[8.1039188,6.3115997],[8.1047607,6.3123381],[8.1058609,6.3131275],[8.1074943,6.3143164],[8.1090531,6.3155017],[8.1103831,6.317411],[8.1117212,6.3188238],[8.1123741,6.3185317],[8.1138556,6.3205918],[8.1142713,6.3216631],[8.1141583,6.3218922],[8.1135015,6.3226893],[8.1125342,6.3234513],[8.1115277,6.3248194],[8.1108455,6.3247791],[8.1164635,6.3253907],[8.1172681,6.325472],[8.1174236,6.3255025],[8.1178789,6.3274215],[8.1177563,6.3292576],[8.1173751,6.3308733],[8.1167255,6.3324063],[8.115901,6.3335102],[8.1168672,6.3339953],[8.118205,6.3333044],[8.1198356,6.33657],[8.1208714,6.3372982],[8.1218515,6.3375997],[8.1228818,6.3376434],[8.1236517,6.337332],[8.1241926,6.3370573],[8.1241995,6.3370746],[8.1242335,6.3370573],[8.1247778,6.3384342],[8.1253481,6.3393324],[8.1259379,6.340704],[8.1262311,6.341482],[8.1267074,6.3430683],[8.1269651,6.3435357],[8.1278644,6.3441051],[8.1285722,6.3444472],[8.1297354,6.34505],[8.1304126,6.3470281],[8.1313915,6.3487667],[8.1333248,6.3511195],[8.1339814,6.353221],[8.1342755,6.35427],[8.1352185,6.3555115],[8.1357941,6.3564808],[8.1368126,6.3570624],[8.1375461,6.3563963],[8.1392839,6.3561735],[8.139607,6.3563318],[8.139929,6.3565553],[8.1401904,6.3566226],[8.1409531,6.3561212],[8.1411117,6.3557783],[8.1411508,6.3549235],[8.1413994,6.3539558],[8.142371,6.3531697],[8.1429794,6.3521825],[8.1433059,6.3520255],[8.1438666,6.351827],[8.1441228,6.3512381],[8.1439132,6.3508195],[8.1437136,6.3504903],[8.1439634,6.3499427],[8.1444654,6.3499238],[8.1446335,6.3495875],[8.1437333,6.3487217],[8.1433647,6.3489735],[8.1430156,6.3490436],[8.142585,6.3475018],[8.1418532,6.3467459],[8.1411165,6.3461514],[8.1401483,6.3448763],[8.1397368,6.3438731],[8.1405543,6.3436006],[8.1408948,6.343246],[8.141243,6.342611],[8.1406856,6.3412253],[8.1411878,6.3398156],[8.1415442,6.338509],[8.1430297,6.3368624],[8.1437316,6.3351075],[8.1442873,6.3332436],[8.1468592,6.3318693],[8.1491339,6.3305414],[8.1558506,6.3292669],[8.167892,6.3272356],[8.1709884,6.3267133],[8.170117,6.3257956],[8.1698781,6.3246897],[8.1705119,6.3232985],[8.1708564,6.322726],[8.1698676,6.3222977],[8.1699418,6.3206991],[8.1661641,6.3183002],[8.1612899,6.3154912],[8.160573,6.3099639],[8.1597489,6.306973],[8.1583879,6.3005064],[8.1579608,6.2984517],[8.1581219,6.2967232],[8.1588526,6.2959671],[8.1588412,6.2949334],[8.1572922,6.2944865],[8.1561473,6.2953454],[8.1554914,6.2947619],[8.1558147,6.2942552],[8.1555114,6.2939741],[8.1558644,6.2931841],[8.1547879,6.2923389],[8.1553113,6.2915696],[8.1551471,6.2909802],[8.154186,6.2901554],[8.1538426,6.2890884],[8.1547929,6.2875204],[8.1574313,6.2864635],[8.1585952,6.2851768],[8.1589825,6.2842114],[8.1585742,6.2831665],[8.1579787,6.282175],[8.1590098,6.2824043],[8.1611066,6.2825037],[8.1635658,6.2828318],[8.1645011,6.2827981],[8.1673752,6.2811221],[8.1694763,6.2802352],[8.1730946,6.2791798],[8.1762206,6.2786747],[8.1794923,6.2786747],[8.1836564,6.2785259],[8.1863333,6.2785259],[8.1897537,6.2782285],[8.1934716,6.2782285],[8.2049458,6.2974026],[8.2257638,6.3069469],[8.2612582,6.3134573],[8.260692,6.3090996],[8.276944,6.3100367],[8.281822,6.3090625],[8.2895289,6.3075235],[8.2922364,6.3080171],[8.29708,6.3089],[8.302014,6.314347],[8.312197,6.316478],[8.320753,6.317713],[8.330854,6.314777],[8.337967,6.312352],[8.342151,6.3117152],[8.346482,6.311056],[8.354063,6.309086],[8.371434,6.313399],[8.3811394,6.3137378],[8.3916636,6.3065271],[8.3943872,6.2969909],[8.4045534,6.2868251],[8.4052858,6.2860928],[8.4104786,6.282415],[8.4109001,6.2821164],[8.4166384,6.2733784],[8.4180002,6.2611175],[8.4111891,6.2461324],[8.4104786,6.2450393],[8.4052858,6.2370505],[8.40347,6.2270608],[8.4033013,6.2264139],[8.4007454,6.2166166],[8.3883415,6.2249281],[8.3719254,6.2292863],[8.3696647,6.2314712],[8.3675708,6.2331844],[8.3651913,6.2354687],[8.3614794,6.2387999],[8.3591951,6.2408938],[8.3568156,6.2429878],[8.3538651,6.2458431],[8.352723,6.2472708],[8.3499628,6.2503165],[8.346346,6.2540285],[8.3435858,6.2579308],[8.3401594,6.2617379],[8.3245819,6.2562774],[8.3131618,6.2311581],[8.317152,6.209249],[8.312127,6.212328],[8.30688,6.215874],[8.301602,6.217577],[8.2984719,6.2165323],[8.293713,6.214944],[8.291071,6.2134635],[8.285335,6.210249],[8.2804556,6.2051265],[8.279936,6.204581],[8.270854,6.199202],[8.261493,6.191066],[8.2566571,6.1903233],[8.243919,6.188367],[8.235634,6.18966],[8.224045,6.18617],[8.2199813,6.1824044],[8.2199418,6.1823679],[8.2185964,6.1842795],[8.2164858,6.1868425],[8.2157319,6.1881994],[8.2140736,6.1898578],[8.210606,6.1930238],[8.2087969,6.1948329],[8.2066862,6.1966421],[8.204274,6.1990543],[8.2020125,6.2016172],[8.1997511,6.2044817],[8.197942,6.2064416],[8.1956805,6.2087031],[8.1931377,6.210704],[8.1902504,6.2131188],[8.1882905,6.2147772],[8.1823662,6.2108545],[8.1713721,6.2091571],[8.1600807,6.2010597],[8.1470535,6.1944683],[8.1470457,6.1921138],[8.1442646,6.1925065],[8.1427849,6.1924867],[8.1416383,6.1927286],[8.1409453,6.1921593],[8.1401301,6.1917896],[8.139684,6.1923225],[8.1284449,6.1812512],[8.1264971,6.183403],[8.1245312,6.1857583],[8.1210918,6.1936249],[8.1190148,6.1949469],[8.1153987,6.1928812],[8.1129963,6.1936175],[8.1129297,6.1935902],[8.1088921,6.1952391],[8.1069816,6.196612],[8.1044849,6.1996549],[8.1024179,6.2015794],[8.1002991,6.2032469],[8.0957089,6.2050458],[8.0946817,6.2047111],[8.0932026,6.2042291],[8.0883236,6.2045521],[8.084527,6.2048421],[8.0831702,6.2024456],[8.0831277,6.2015035],[8.0826803,6.1991211],[8.0797446,6.1955258],[8.0774048,6.1960853],[8.0750999,6.1965819],[8.071046,6.1767159],[8.0662764,6.1767964],[8.0631484,6.1767628],[8.0602136,6.1765103],[8.0546002,6.1763012],[8.0472407,6.1742732],[8.04722,6.1742675],[8.0455932,6.1737451],[8.0411205,6.1699545],[8.0398394,6.169347],[8.0393782,6.1713212],[8.0390763,6.1726136],[8.0387293,6.1733882],[8.0381825,6.1743319],[8.0374174,6.175424],[8.0365031,6.1766916],[8.0350286,6.180381],[8.0343927,6.182511],[8.0333699,6.1889086],[8.032666,6.191715],[8.033003,6.197894],[8.0333116,6.2035339],[8.0332012,6.2041513],[8.0374207,6.2190226]],[[8.1878114,6.2344294],[8.1878175,6.2342788],[8.1879273,6.2342004],[8.1880603,6.2341897],[8.1881268,6.2342419],[8.1881577,6.2345155],[8.1881175,6.2345678],[8.1879953,6.2345847],[8.1878454,6.2345432],[8.1878114,6.2344294]],[[8.1968853,6.2419522],[8.1969982,6.2418538],[8.1971528,6.2418876],[8.1972564,6.2419829],[8.1973043,6.2419844],[8.1973151,6.2420306],[8.1971219,6.2422841],[8.1969734,6.2421996],[8.196893,6.2420951],[8.1968853,6.2419522]]]}},{"type":"Feature","properties":{"kind":"water","id":"water:abakaliki","localUnitId":"abakaliki","name":"Mapped water in Abakaliki"},"geometry":{"type":"MultiPolygon","coordinates":[[[[8.1881175,6.2345678],[8.1881577,6.2345155],[8.1881268,6.2342419],[8.1880603,6.2341897],[8.1879273,6.2342004],[8.1878175,6.2342788],[8.1878114,6.2344294],[8.1878454,6.2345432],[8.1879953,6.2345847],[8.1881175,6.2345678]]],[[[8.1971219,6.2422841],[8.1973151,6.2420306],[8.1973043,6.2419844],[8.1972564,6.2419829],[8.1971528,6.2418876],[8.1969982,6.2418538],[8.1968853,6.2419522],[8.196893,6.2420951],[8.1969734,6.2421996],[8.1971219,6.2422841]]]]}},{"type":"Feature","properties":{"kind":"land","id":"ebonyi","localUnitId":"ebonyi","name":"Ebonyi"},"geometry":{"type":"Polygon","coordinates":[[[8.1352185,6.3555115],[8.1342755,6.35427],[8.1339814,6.353221],[8.1333248,6.3511195],[8.1313915,6.3487667],[8.1304126,6.3470281],[8.1297354,6.34505],[8.1285722,6.3444472],[8.1278644,6.3441051],[8.1269651,6.3435357],[8.1267074,6.3430683],[8.1262311,6.341482],[8.1259379,6.340704],[8.1253481,6.3393324],[8.1247778,6.3384342],[8.1242335,6.3370573],[8.1241995,6.3370746],[8.1241926,6.3370573],[8.1236517,6.337332],[8.1228818,6.3376434],[8.1218515,6.3375997],[8.1208714,6.3372982],[8.1198356,6.33657],[8.118205,6.3333044],[8.1168672,6.3339953],[8.115901,6.3335102],[8.1167255,6.3324063],[8.1173751,6.3308733],[8.1177563,6.3292576],[8.1178789,6.3274215],[8.1174236,6.3255025],[8.1172681,6.325472],[8.1164635,6.3253907],[8.1108455,6.3247791],[8.1115277,6.3248194],[8.1125342,6.3234513],[8.1135015,6.3226893],[8.1141583,6.3218922],[8.1142713,6.3216631],[8.1138556,6.3205918],[8.1123741,6.3185317],[8.1117212,6.3188238],[8.1103831,6.317411],[8.1090531,6.3155017],[8.1074943,6.3143164],[8.1058609,6.3131275],[8.1047607,6.3123381],[8.1039188,6.3115997],[8.1022997,6.3096141],[8.0999834,6.310897],[8.0981161,6.3122196],[8.0960522,6.3139566],[8.0947593,6.3150658],[8.0947202,6.3153692],[8.0943723,6.3156197],[8.0936971,6.316425],[8.0926078,6.317379],[8.0919856,6.3179266],[8.0916622,6.3182827],[8.0907588,6.3189753],[8.0894099,6.3203902],[8.0855671,6.3240006],[8.0838569,6.3257304],[8.0816292,6.3279835],[8.0782787,6.3311954],[8.076842,6.3325726],[8.0741359,6.3352153],[8.072877,6.3363663],[8.0711829,6.3380364],[8.0685893,6.3407167],[8.0669198,6.3422506],[8.0652234,6.3435864],[8.0609954,6.347723],[8.058396,6.3502979],[8.0550876,6.3535746],[8.0518351,6.3564461],[8.0384864,6.3694345],[8.0345414,6.3732403],[8.035125,6.375433],[8.0351493,6.3781176],[8.0356417,6.3789689],[8.0365658,6.3799775],[8.0370235,6.3809923],[8.0373329,6.3808837],[8.0374056,6.3830167],[8.037524,6.3846302],[8.0380519,6.3862997],[8.0386179,6.3883149],[8.0384961,6.3898709],[8.038965,6.3939605],[8.0407555,6.3964716],[8.0423953,6.4007885],[8.0429951,6.4053609],[8.0442976,6.4096858],[8.0472915,6.4133107],[8.0498598,6.4191505],[8.05375,6.425464],[8.0557674,6.4325911],[8.0563638,6.4428897],[8.0580606,6.4455031],[8.0587869,6.4514132],[8.063746,6.4576666],[8.0687918,6.4639231],[8.0750979,6.4716911],[8.0802874,6.4760225],[8.0862369,6.4813653],[8.0861354,6.4864924],[8.0904039,6.4861325],[8.0960065,6.4903546],[8.0983077,6.4912908],[8.0995173,6.4906042],[8.1013513,6.4928227],[8.1016166,6.4937431],[8.1001785,6.4942256],[8.0995015,6.4938326],[8.0989955,6.4935146],[8.0982643,6.4939257],[8.0984198,6.4947684],[8.0974135,6.495639],[8.0951461,6.497015],[8.0948293,6.4988538],[8.0942049,6.499108],[8.0931564,6.4991987],[8.0931319,6.4996293],[8.0928964,6.5007832],[8.0927444,6.5016122],[8.092792,6.5022426],[8.0946858,6.5036183],[8.0957805,6.5032485],[8.0961015,6.5035501],[8.0961079,6.5043384],[8.0956519,6.5051358],[8.0951244,6.5062749],[8.094873,6.5065868],[8.0951692,6.5069368],[8.0965568,6.50634],[8.0974041,6.5063818],[8.0978728,6.506674],[8.0966595,6.5088182],[8.0963811,6.5090677],[8.0968335,6.5097565],[8.0966132,6.5103195],[8.0964638,6.5099493],[8.0957615,6.5097718],[8.0942172,6.5101391],[8.094732,6.5123733],[8.0940097,6.5130728],[8.0934097,6.515795],[8.0938086,6.5183228],[8.0939872,6.5194539],[8.0947305,6.5209015],[8.0943235,6.5272454],[8.0946405,6.5293438],[8.0948558,6.5293014],[8.0949897,6.5291843],[8.0958695,6.5308915],[8.0966623,6.5319644],[8.0969437,6.5329158],[8.0989004,6.5494018],[8.1000696,6.5574404],[8.0982363,6.5635078],[8.0965969,6.5822588],[8.0952458,6.5952242],[8.0968272,6.6015923],[8.109723,6.6100624],[8.1043071,6.6220851],[8.075723,6.685695],[8.069109,6.699272],[8.0624542,6.7201637],[8.075388,6.7138481],[8.079566,6.7131519],[8.0852474,6.712205],[8.0890102,6.7115779],[8.0953674,6.7079449],[8.098546,6.707037],[8.1039953,6.7120318],[8.1121693,6.7093072],[8.1276083,6.7115779],[8.1362362,6.7161188],[8.1444092,6.7252007],[8.145318,6.7347364],[8.1471338,6.7429099],[8.1490631,6.7470889],[8.1525831,6.7547164],[8.1603031,6.7610741],[8.1652975,6.7665229],[8.1730175,6.7733345],[8.1922569,6.7279238],[8.1919233,6.6635893],[8.1808226,6.6545918],[8.1617674,6.6468842],[8.153257,6.6419842],[8.150754,6.6385853],[8.1454751,6.6213098],[8.1474435,6.6195751],[8.1514208,6.6167565],[8.1512197,6.6161605],[8.150968,6.6142696],[8.1513147,6.6110001],[8.1508359,6.6084306],[8.1513446,6.6039574],[8.1511872,6.6024283],[8.151419,6.6012829],[8.1530715,6.6005434],[8.1547563,6.5997895],[8.1569917,6.5987891],[8.1613764,6.5968269],[8.163894,6.5957003],[8.1636886,6.5945984],[8.1632753,6.5934921],[8.1614792,6.5927112],[8.1600801,6.5921921],[8.1589593,6.5923777],[8.1589501,6.5917166],[8.1591702,6.5899475],[8.1590862,6.5879662],[8.1591042,6.5873963],[8.1591374,6.5873358],[8.1591613,6.5871036],[8.1592209,6.5868756],[8.1593332,6.5867511],[8.1585688,6.5864243],[8.1572935,6.5863272],[8.1553873,6.5863768],[8.1540698,6.5863285],[8.1538907,6.5855696],[8.1533564,6.5817363],[8.1532317,6.5812455],[8.1533339,6.5797958],[8.1525732,6.5797752],[8.152474,6.5773554],[8.1537459,6.5771731],[8.1534097,6.5736031],[8.1540708,6.5727702],[8.1548498,6.5707911],[8.1545871,6.5685494],[8.1558898,6.5683731],[8.1565721,6.5680304],[8.1569899,6.567896],[8.1558348,6.5642834],[8.1541438,6.5586134],[8.1515142,6.5592659],[8.1482131,6.5589384],[8.1472339,6.556176],[8.1464944,6.5542142],[8.1465944,6.5528557],[8.1462363,6.552301],[8.1451809,6.5519271],[8.1450576,6.5515649],[8.1449306,6.55056],[8.1471462,6.5501939],[8.1481978,6.5503248],[8.148615,6.5501156],[8.1489173,6.5498353],[8.1493627,6.5497266],[8.1500786,6.5495048],[8.1506776,6.5496504],[8.1511958,6.549432],[8.1526733,6.5491816],[8.1548292,6.5496386],[8.1555942,6.5493684],[8.156258,6.547963],[8.1564158,6.5464655],[8.1563428,6.546144],[8.1564695,6.5453304],[8.1560571,6.5448728],[8.1558838,6.5442903],[8.1555019,6.5440114],[8.155487,6.5436929],[8.1555343,6.542955],[8.1552629,6.5429066],[8.1552251,6.5425092],[8.1553213,6.5421843],[8.1556091,6.5419429],[8.1557555,6.5410583],[8.1578133,6.5397731],[8.1583759,6.5384721],[8.1586664,6.537454],[8.1589728,6.5352936],[8.1595101,6.5338966],[8.1593443,6.533217],[8.1589931,6.5323134],[8.1589875,6.5299598],[8.1591114,6.528864],[8.1585767,6.5276257],[8.1591607,6.5273917],[8.1588846,6.5263436],[8.1581649,6.5264174],[8.1583251,6.524734],[8.158489,6.524028],[8.1610919,6.5238872],[8.1633913,6.5235985],[8.1630314,6.5206948],[8.1627456,6.518817],[8.1653497,6.5175989],[8.1664703,6.5161523],[8.1676488,6.5143325],[8.1692984,6.5113872],[8.1696522,6.5100649],[8.1697788,6.5085325],[8.1695036,6.5079814],[8.168292,6.5051508],[8.1681928,6.5050538],[8.1682195,6.5049814],[8.1672745,6.5027736],[8.1671744,6.5024643],[8.1672672,6.5021218],[8.1674451,6.5016616],[8.1673312,6.5010068],[8.1672612,6.5008886],[8.1678264,6.5005484],[8.167629,6.5002605],[8.1675134,6.5001349],[8.1674039,6.5001167],[8.166939,6.4997612],[8.1664052,6.4996386],[8.165916,6.4996908],[8.1651509,6.4995603],[8.1654608,6.4982872],[8.1641106,6.4979624],[8.1614134,6.4959792],[8.1610504,6.4953702],[8.1607821,6.4949199],[8.1603637,6.4942178],[8.1583794,6.4911025],[8.156457,6.4879332],[8.1538444,6.4833016],[8.1531943,6.4826017],[8.1523363,6.4821],[8.1505431,6.4809718],[8.1480146,6.4799675],[8.1466912,6.4793758],[8.1455276,6.4790085],[8.142894,6.4782496],[8.1404483,6.4777832],[8.1402084,6.4775387],[8.1409306,6.476557],[8.1417972,6.4768469],[8.142048,6.4760609],[8.14169,6.4753951],[8.1419577,6.4746884],[8.1427468,6.4748516],[8.1431043,6.4737785],[8.1434595,6.4731373],[8.1439471,6.4731229],[8.1443518,6.4714902],[8.1442972,6.4692646],[8.1435189,6.4694067],[8.1435094,6.4688184],[8.1437241,6.4680669],[8.1443316,6.4680304],[8.1445428,6.4672109],[8.1437707,6.4669898],[8.1437536,6.4660212],[8.1434613,6.4658598],[8.1429857,6.4655541],[8.1433136,6.4651045],[8.143701,6.4649262],[8.1439856,6.4647226],[8.1440828,6.4642247],[8.1444408,6.4641517],[8.1446875,6.4639388],[8.144297,6.4632804],[8.1442031,6.46292],[8.1437162,6.4627253],[8.1436421,6.4623992],[8.1441023,6.4624789],[8.1441381,6.4619948],[8.1439408,6.4616408],[8.1443587,6.4617941],[8.1444738,6.4616058],[8.1438419,6.4611849],[8.1439428,6.4606898],[8.144164,6.4606515],[8.1445396,6.4603611],[8.1452038,6.4607063],[8.1454142,6.4606576],[8.1454375,6.4603464],[8.1448146,6.459962],[8.1450887,6.4593934],[8.1462764,6.4602517],[8.1469586,6.4592591],[8.1472404,6.4594676],[8.148186,6.4580326],[8.1480179,6.4578376],[8.148021,6.4573525],[8.1472271,6.456713],[8.1473192,6.4564982],[8.1479087,6.4566271],[8.1481638,6.45427],[8.1472666,6.4510079],[8.1484362,6.4505054],[8.1493398,6.4502622],[8.1495419,6.448939],[8.1489629,6.4489865],[8.1489164,6.4481513],[8.1486832,6.4477673],[8.148545,6.4473734],[8.1482482,6.4466771],[8.1493816,6.4455344],[8.1492682,6.44508],[8.1490501,6.4442052],[8.1473586,6.4440637],[8.1464592,6.4440855],[8.1426277,6.443911],[8.1415218,6.4442043],[8.1357728,6.4452852],[8.1347706,6.4450781],[8.1343116,6.4450722],[8.1328514,6.4434193],[8.1321353,6.4429829],[8.1314992,6.4427202],[8.1317557,6.442057],[8.1318454,6.4414743],[8.1308752,6.4413725],[8.1304905,6.4379524],[8.1312396,6.4371396],[8.1319216,6.4364171],[8.1321781,6.4350049],[8.1330357,6.4350952],[8.135895,6.4355542],[8.1369397,6.4340823],[8.1362562,6.4324935],[8.1362476,6.4317178],[8.1363222,6.4313141],[8.1365055,6.4311616],[8.1368823,6.4312043],[8.1371262,6.4314676],[8.1376375,6.4326131],[8.137968,6.432663],[8.1384517,6.431925],[8.1387169,6.4312202],[8.1395157,6.430912],[8.1397254,6.4305664],[8.1398295,6.429603],[8.1393694,6.4287354],[8.1395348,6.4283906],[8.1398518,6.4282931],[8.1405987,6.4283067],[8.1408482,6.4280979],[8.1407739,6.4277395],[8.1405903,6.4275652],[8.1403882,6.4274822],[8.140235,6.4272012],[8.1393451,6.4245703],[8.1392252,6.4241302],[8.1393787,6.4237686],[8.1397423,6.4237663],[8.1401866,6.4240219],[8.1405682,6.4244223],[8.1409363,6.424391],[8.1412245,6.4237441],[8.1415725,6.423773],[8.1423986,6.4240099],[8.1427238,6.4239751],[8.1428919,6.4238075],[8.1428968,6.4232781],[8.1427009,6.4228408],[8.1427641,6.4225417],[8.1428807,6.4222612],[8.1438326,6.4225018],[8.1439837,6.4228097],[8.1440728,6.4230902],[8.1443825,6.4233819],[8.1450823,6.4236504],[8.14575,6.423517],[8.1461315,6.4234761],[8.1466903,6.4238098],[8.1470048,6.4238655],[8.147306,6.4237127],[8.1474121,6.4233529],[8.1472635,6.4230808],[8.1466582,6.4225299],[8.1463376,6.4224439],[8.1457796,6.4224413],[8.145634,6.4221087],[8.1460335,6.4216352],[8.1480384,6.4203803],[8.1496865,6.42013],[8.15082,6.4202456],[8.1506046,6.4183969],[8.1497082,6.4176298],[8.1496145,6.4174088],[8.1505759,6.416433],[8.1510707,6.4163482],[8.1513225,6.4160235],[8.1513716,6.4155701],[8.1517043,6.4151418],[8.1520641,6.4149343],[8.1523323,6.4149377],[8.1541312,6.4159703],[8.1540678,6.4158093],[8.1545859,6.4151899],[8.1544747,6.4145097],[8.1542302,6.4138728],[8.1538152,6.4136115],[8.153192,6.4137139],[8.1524581,6.4137989],[8.1517704,6.4136246],[8.1508789,6.4133577],[8.1500698,6.4133996],[8.1497683,6.4126403],[8.1497665,6.4115543],[8.1492989,6.4110489],[8.1513331,6.404972],[8.1475642,6.4051512],[8.146745,6.4048183],[8.1467168,6.4043202],[8.1472789,6.4036207],[8.1476671,6.4027858],[8.147369,6.4023833],[8.1462938,6.4019685],[8.146052,6.4009798],[8.1461436,6.3994145],[8.1461165,6.3983967],[8.145881,6.3979907],[8.1460989,6.3975865],[8.1473387,6.397628],[8.1482446,6.399096],[8.1486368,6.3990075],[8.1505914,6.3996586],[8.1521964,6.4002994],[8.1533578,6.4003994],[8.1540357,6.400178],[8.1544844,6.3996655],[8.154718,6.3993392],[8.1543176,6.3988883],[8.1538046,6.3988648],[8.1533295,6.3992149],[8.1526536,6.3991079],[8.1520236,6.3988338],[8.151687,6.3985422],[8.1517044,6.3981334],[8.1523705,6.3976042],[8.1532278,6.3977001],[8.1536962,6.3974805],[8.1538826,6.3972903],[8.1537508,6.3967791],[8.152368,6.3963393],[8.1520058,6.3956787],[8.1526806,6.3946551],[8.1517883,6.3934316],[8.1509965,6.3932087],[8.1500618,6.3932774],[8.1498743,6.393175],[8.1497755,6.3926485],[8.1496419,6.392302],[8.1492647,6.3913331],[8.1493184,6.3909476],[8.149667,6.3906467],[8.1498982,6.3904298],[8.1499432,6.3900389],[8.1493325,6.389149],[8.1488659,6.3889601],[8.1484956,6.3889154],[8.1480961,6.3887395],[8.1479639,6.388073],[8.1481065,6.3876367],[8.148203,6.3876028],[8.1488792,6.3870932],[8.1493427,6.3862726],[8.1497222,6.3859739],[8.1505881,6.3859555],[8.1509218,6.3856447],[8.1513871,6.3844558],[8.1515741,6.383978],[8.1519448,6.3832233],[8.1520831,6.3823089],[8.1521984,6.3799317],[8.1509282,6.378121],[8.1493749,6.3777019],[8.1478473,6.3779422],[8.1458839,6.3790221],[8.1447196,6.3810414],[8.1442621,6.3818122],[8.1433575,6.3826075],[8.1429612,6.383319],[8.1429568,6.3846048],[8.1423297,6.3847984],[8.1396617,6.384701],[8.1386397,6.3840076],[8.1381543,6.383196],[8.1381544,6.382859],[8.1381547,6.3819753],[8.1387665,6.3805355],[8.139442,6.379785],[8.1394654,6.3787975],[8.1390213,6.3785567],[8.1381044,6.3786299],[8.1380428,6.3777251],[8.1384863,6.3773382],[8.1393295,6.3749254],[8.140715,6.3729766],[8.1396539,6.3719742],[8.1390315,6.3721571],[8.1387097,6.3725699],[8.1381603,6.3737111],[8.137554,6.3744679],[8.1369632,6.3748426],[8.1363279,6.3747711],[8.1356824,6.374503],[8.135473,6.372956],[8.1351643,6.3715564],[8.13511,6.3708743],[8.1354686,6.3702744],[8.1360278,6.3693389],[8.1363494,6.3683719],[8.1385991,6.3679504],[8.1395097,6.3675247],[8.1402968,6.367224],[8.1408796,6.3667805],[8.1416486,6.3655166],[8.1419166,6.3651489],[8.1420648,6.3645308],[8.1425653,6.3630635],[8.1427543,6.3609325],[8.1415646,6.3599804],[8.1398914,6.35978],[8.1394319,6.3602052],[8.1394657,6.36084],[8.1409295,6.3610243],[8.1416034,6.3614518],[8.1415666,6.3625635],[8.1411626,6.3628103],[8.1389104,6.363414],[8.1384673,6.3633811],[8.137105,6.3629846],[8.1365919,6.3626382],[8.1362532,6.3624096],[8.1362026,6.362059],[8.1365144,6.3596366],[8.1361949,6.3579921],[8.1368126,6.3570624],[8.1357941,6.3564808],[8.1352185,6.3555115]],[[8.1543277,6.509875],[8.1544803,6.509879],[8.1546317,6.5099689],[8.154696,6.5100628],[8.1546781,6.5102848],[8.1545985,6.5103587],[8.1545278,6.5103791],[8.1543775,6.5103282],[8.1542414,6.5102707],[8.1541643,6.510147],[8.1541506,6.5099901],[8.1541988,6.5099163],[8.1543277,6.509875]],[[8.1044231,6.5377423],[8.1044013,6.5378706],[8.1043368,6.5378754],[8.1042771,6.5378089],[8.1042698,6.5377536],[8.1043029,6.5377151],[8.1043731,6.5377015],[8.1044231,6.5377423]]]}},{"type":"Feature","properties":{"kind":"water","id":"water:ebonyi","localUnitId":"ebonyi","name":"Mapped water in Ebonyi"},"geometry":{"type":"MultiPolygon","coordinates":[[[[8.1681928,6.5050538],[8.168292,6.5051508],[8.1682195,6.5049814],[8.1681928,6.5050538]]],[[[8.1542414,6.5102707],[8.1543775,6.5103282],[8.1545278,6.5103791],[8.1545985,6.5103587],[8.1546781,6.5102848],[8.154696,6.5100628],[8.1546317,6.5099689],[8.1544803,6.509879],[8.1543277,6.509875],[8.1541988,6.5099163],[8.1541506,6.5099901],[8.1541643,6.510147],[8.1542414,6.5102707]]],[[[8.1042771,6.5378089],[8.1043368,6.5378754],[8.1044013,6.5378706],[8.1044231,6.5377423],[8.1043731,6.5377015],[8.1043029,6.5377151],[8.1042698,6.5377536],[8.1042771,6.5378089]]]]}},{"type":"Feature","properties":{"kind":"road","id":"road-207889075-0","name":"Unnamed mapped secondary","osmWay":207889075,"major":false,"bridge":false},"geometry":{"type":"LineString","coordinates":[[8.0877273,6.3395759],[8.0904593,6.3377399],[8.1048697,6.328721],[8.1050183,6.3284504]]}},{"type":"Feature","properties":{"kind":"road","id":"road-207889793-0","name":"Udensi Roundabout","osmWay":207889793,"major":false,"bridge":false},"geometry":{"type":"LineString","coordinates":[[8.1050997,6.3285221],[8.1050155,6.3282482],[8.105282,6.3281806],[8.105345,6.3284542],[8.1050997,6.3285221]]}},{"type":"Feature","properties":{"kind":"road","id":"road-207889961-0","name":"Onwe Road","osmWay":207889961,"major":false,"bridge":false},"geometry":{"type":"LineString","coordinates":[[8.103423,6.3261594],[8.1030388,6.3255127],[8.1028393,6.3241723],[8.1028245,6.3200975],[8.1025831,6.3179888],[8.1027591,6.3162108]]}},{"type":"Feature","properties":{"kind":"road","id":"road-207896574-0","name":"Ezza Road","osmWay":207896574,"major":false,"bridge":false},"geometry":{"type":"LineString","coordinates":[[8.0969425,6.3253071],[8.0844422,6.3258582],[8.0839635,6.3260157]]}},{"type":"Feature","properties":{"kind":"road","id":"road-208181951-0","name":"Ogoja-Abakaliki Road","osmWay":208181951,"major":true,"bridge":false},"geometry":{"type":"LineString","coordinates":[[8.1171498,6.3068865],[8.1141286,6.3067541],[8.1099616,6.3071634],[8.107403,6.3077572],[8.1046191,6.308615],[8.1027482,6.3094654]]}},{"type":"Feature","properties":{"kind":"road","id":"road-208254557-0","name":"Unnamed mapped secondary","osmWay":208254557,"major":false,"bridge":false},"geometry":{"type":"LineString","coordinates":[[8.0794955,6.3518008],[8.0875203,6.3398463]]}},{"type":"Feature","properties":{"kind":"road","id":"road-208257124-0","name":"Unnamed mapped tertiary","osmWay":208257124,"major":false,"bridge":false},"geometry":{"type":"LineString","coordinates":[[8.0872645,6.340393],[8.0850524,6.3385836],[8.0842558,6.3376772],[8.0839098,6.3371002],[8.0831963,6.3352647],[8.081992,6.3344889],[8.0804738,6.3340317],[8.0798431,6.3336688],[8.079417,6.333232],[8.0790545,6.3323758],[8.078277,6.3312614]]}},{"type":"Feature","properties":{"kind":"road","id":"road-208263065-0","name":"Afikpo Road","osmWay":208263065,"major":false,"bridge":false},"geometry":{"type":"LineString","coordinates":[[8.1105398,6.3175912],[8.1116837,6.3187889]]}},{"type":"Feature","properties":{"kind":"road","id":"road-208263428-0","name":"Ogoja Street","osmWay":208263428,"major":false,"bridge":false},"geometry":{"type":"LineString","coordinates":[[8.1322705,6.3167312],[8.1337601,6.3173955],[8.1345117,6.3174259],[8.1375663,6.3166399],[8.1381548,6.3163232],[8.1388243,6.3156641],[8.1427883,6.3092028]]}},{"type":"Feature","properties":{"kind":"road","id":"road-208263429-0","name":"Ogoja Road","osmWay":208263429,"major":false,"bridge":false},"geometry":{"type":"LineString","coordinates":[[8.1150924,6.3176979],[8.1165733,6.3172273],[8.1198676,6.3154949],[8.1213755,6.315079],[8.1289765,6.3161107],[8.1309674,6.3161716],[8.1321418,6.3166634]]}},{"type":"Feature","properties":{"kind":"road","id":"road-208263430-0","name":"Ogoja Street","osmWay":208263430,"major":false,"bridge":true},"geometry":{"type":"LineString","coordinates":[[8.1321418,6.3166634],[8.1322705,6.3167312]]}},{"type":"Feature","properties":{"kind":"road","id":"road-208264174-0","name":"Ogbaga Road","osmWay":208264174,"major":false,"bridge":false},"geometry":{"type":"LineString","coordinates":[[8.1014366,6.3309879],[8.1013897,6.3312739],[8.1004297,6.3327818],[8.0999125,6.3340232],[8.1000623,6.3349158],[8.1014167,6.3372974]]}},{"type":"Feature","properties":{"kind":"road","id":"road-208264751-0","name":"Unnamed mapped secondary","osmWay":208264751,"major":false,"bridge":false},"geometry":{"type":"LineString","coordinates":[[8.1008746,6.306947],[8.0973074,6.3053172],[8.0964132,6.3046432]]}},{"type":"Feature","properties":{"kind":"road","id":"road-208293423-0","name":"Water works Road","osmWay":208293423,"major":false,"bridge":false},"geometry":{"type":"LineString","coordinates":[[8.1092385,6.3246443],[8.1173569,6.3254898]]}},{"type":"Feature","properties":{"kind":"road","id":"road-208379024-0","name":"Quarry Road","osmWay":208379024,"major":false,"bridge":false},"geometry":{"type":"LineString","coordinates":[[8.0967553,6.3250805],[8.0956255,6.3240404],[8.0950262,6.3209703],[8.0947968,6.3203385],[8.0936354,6.3179498],[8.0927851,6.3171991]]}},{"type":"Feature","properties":{"kind":"road","id":"road-208379031-0","name":"Ezza Road","osmWay":208379031,"major":false,"bridge":false},"geometry":{"type":"LineString","coordinates":[[8.104998,6.3284079],[8.1038627,6.3284134],[8.1030769,6.3282522],[8.0981071,6.3256502],[8.0969425,6.3253071]]}},{"type":"Feature","properties":{"kind":"road","id":"road-208380978-0","name":"Unnamed mapped tertiary","osmWay":208380978,"major":false,"bridge":false},"geometry":{"type":"LineString","coordinates":[[8.105623,6.3291107],[8.1052644,6.3285228]]}},{"type":"Feature","properties":{"kind":"road","id":"road-208380980-0","name":"Unnamed mapped secondary_link","osmWay":208380980,"major":false,"bridge":false},"geometry":{"type":"LineString","coordinates":[[8.1056486,6.328334],[8.105623,6.3291107]]}},{"type":"Feature","properties":{"kind":"road","id":"road-208380982-0","name":"Unnamed mapped tertiary","osmWay":208380982,"major":false,"bridge":false},"geometry":{"type":"LineString","coordinates":[[8.105623,6.3291107],[8.1052937,6.3362429],[8.1054247,6.3389937]]}},{"type":"Feature","properties":{"kind":"road","id":"road-208383332-0","name":"Afikpo Road","osmWay":208383332,"major":false,"bridge":false},"geometry":{"type":"LineString","coordinates":[[8.1029033,6.3104249],[8.1039457,6.3116367],[8.1090464,6.3155024],[8.1103389,6.3173735]]}},{"type":"Feature","properties":{"kind":"road","id":"road-208383333-0","name":"Afikpo Road","osmWay":208383333,"major":false,"bridge":true},"geometry":{"type":"LineString","coordinates":[[8.1103389,6.3173735],[8.1105398,6.3175912]]}},{"type":"Feature","properties":{"kind":"road","id":"road-208422203-0","name":"Water works Road","osmWay":208422203,"major":false,"bridge":true},"geometry":{"type":"LineString","coordinates":[[8.1173569,6.3254898],[8.1174907,6.325506]]}},{"type":"Feature","properties":{"kind":"road","id":"road-208435588-0","name":"Unnamed mapped tertiary","osmWay":208435588,"major":false,"bridge":false},"geometry":{"type":"LineString","coordinates":[[8.1198555,6.3257865],[8.1211569,6.3285897],[8.1211516,6.3304025],[8.1214869,6.3314529],[8.1224194,6.3334838],[8.1240892,6.3364443],[8.12469,6.3382251],[8.1253921,6.339449],[8.1267124,6.3432394],[8.1274943,6.3440738],[8.1291533,6.3449549],[8.1300129,6.3455733],[8.1305172,6.347526],[8.131643,6.3493307],[8.1330679,6.3509462],[8.13343,6.3515273],[8.1342897,6.3545356],[8.1354377,6.356075],[8.1363823,6.3568961]]}},{"type":"Feature","properties":{"kind":"road","id":"road-208547313-0","name":"Iboko-Igbagu Road","osmWay":208547313,"major":false,"bridge":false},"geometry":{"type":"LineString","coordinates":[[8.1529967,6.3088989],[8.1529418,6.3122594],[8.1535399,6.3153232],[8.1537303,6.3160903],[8.1556179,6.3210169],[8.156,6.3230622],[8.1570509,6.3272324],[8.1573524,6.3290136]]}},{"type":"Feature","properties":{"kind":"road","id":"road-208568373-0","name":"Unnamed mapped secondary","osmWay":208568373,"major":false,"bridge":false},"geometry":{"type":"LineString","coordinates":[[8.2754794,6.3099522],[8.277026,6.3050651],[8.2771736,6.303699],[8.277006,6.3022766],[8.2764307,6.3007357],[8.2725267,6.2945318],[8.2718335,6.2929341],[8.2715692,6.2915365],[8.2702889,6.2811451],[8.2703488,6.2798071],[8.2707861,6.2782605],[8.2741504,6.2721331],[8.274643,6.2709982],[8.2748563,6.2700613],[8.2748723,6.2688546],[8.2747449,6.2681094],[8.2724704,6.2608733],[8.2647341,6.2473792],[8.2620487,6.2403258],[8.2615733,6.239385],[8.260787,6.2381961],[8.2575774,6.2348558],[8.2552193,6.2321209],[8.2546323,6.2311282],[8.2525563,6.2262061],[8.2519662,6.2251342],[8.2504924,6.2235264],[8.2451981,6.2197412],[8.2438861,6.2185655],[8.2377344,6.2105129],[8.2370907,6.2093396],[8.2330124,6.1999962],[8.231729,6.198335],[8.228391,6.1950671],[8.2272348,6.1934671],[8.2267132,6.1922552],[8.2253274,6.1865562]]}},{"type":"Feature","properties":{"kind":"road","id":"road-208676551-0","name":"Unnamed mapped tertiary","osmWay":208676551,"major":false,"bridge":true},"geometry":{"type":"LineString","coordinates":[[8.1054247,6.3389937],[8.1054511,6.3391106]]}},{"type":"Feature","properties":{"kind":"road","id":"road-208676554-0","name":"Ogbaga Road","osmWay":208676554,"major":false,"bridge":true},"geometry":{"type":"LineString","coordinates":[[8.1014167,6.3372974],[8.1014966,6.3374302]]}},{"type":"Feature","properties":{"kind":"road","id":"road-208676558-0","name":"Unnamed mapped tertiary","osmWay":208676558,"major":false,"bridge":false},"geometry":{"type":"LineString","coordinates":[[8.1054511,6.3391106],[8.105469,6.3401428],[8.1056941,6.3410667],[8.1055628,6.3428045],[8.1053851,6.3429266]]}},{"type":"Feature","properties":{"kind":"road","id":"road-208692579-0","name":"Onwe Road","osmWay":208692579,"major":false,"bridge":true},"geometry":{"type":"LineString","coordinates":[[8.1027591,6.3162108],[8.1027752,6.3159381]]}},{"type":"Feature","properties":{"kind":"road","id":"road-208692582-0","name":"Onwe Road","osmWay":208692582,"major":false,"bridge":false},"geometry":{"type":"LineString","coordinates":[[8.1027752,6.3159381],[8.1028413,6.3132894],[8.1021217,6.3110289],[8.1028542,6.3104678]]}},{"type":"Feature","properties":{"kind":"road","id":"road-210192957-0","name":"Ogoja-Abakaliki Road","osmWay":210192957,"major":true,"bridge":false},"geometry":{"type":"LineString","coordinates":[[8.1488901,6.3077556],[8.1500514,6.307471],[8.1509068,6.3077179],[8.1532097,6.3090359],[8.1555092,6.3109201],[8.1598376,6.3134964],[8.1610903,6.3139523]]}},{"type":"Feature","properties":{"kind":"road","id":"road-210192974-0","name":"Ogoja-Abakaliki Road","osmWay":210192974,"major":true,"bridge":true},"geometry":{"type":"LineString","coordinates":[[8.1483111,6.307959],[8.1488901,6.3077556]]}},{"type":"Feature","properties":{"kind":"road","id":"road-286250068-0","name":"Enugu-Abakaliki Road","osmWay":286250068,"major":true,"bridge":false},"geometry":{"type":"LineString","coordinates":[[8.1003262,6.3108078],[8.0986142,6.3119482],[8.0960753,6.3140731]]}},{"type":"Feature","properties":{"kind":"road","id":"road-286250090-0","name":"Afikpo Road","osmWay":286250090,"major":false,"bridge":false},"geometry":{"type":"LineString","coordinates":[[8.102461,6.309755],[8.1029033,6.3104249]]}},{"type":"Feature","properties":{"kind":"road","id":"road-286250092-0","name":"Afikpo Road","osmWay":286250092,"major":false,"bridge":false},"geometry":{"type":"LineString","coordinates":[[8.110287,6.3174247],[8.1090015,6.3155623],[8.1038955,6.3116891],[8.1022634,6.309856]]}},{"type":"Feature","properties":{"kind":"road","id":"road-286250103-0","name":"Unnamed mapped trunk","osmWay":286250103,"major":true,"bridge":false},"geometry":{"type":"LineString","coordinates":[[8.1021585,6.3098111],[8.1021225,6.3095463],[8.1024025,6.3094979],[8.1024253,6.3098014],[8.1021585,6.3098111]]}},{"type":"Feature","properties":{"kind":"road","id":"road-286250108-0","name":"Enugu-Abakaliki Road","osmWay":286250108,"major":true,"bridge":true},"geometry":{"type":"LineString","coordinates":[[8.0960753,6.3140731],[8.095871,6.3142674]]}},{"type":"Feature","properties":{"kind":"road","id":"road-286250111-0","name":"Enugu-Abakaliki Road","osmWay":286250111,"major":true,"bridge":false},"geometry":{"type":"LineString","coordinates":[[8.0959998,6.3139896],[8.0990476,6.3115098],[8.1017974,6.30984]]}},{"type":"Feature","properties":{"kind":"road","id":"road-286348035-0","name":"Ogoja-Abakaliki Road","osmWay":286348035,"major":true,"bridge":false},"geometry":{"type":"LineString","coordinates":[[8.139029,6.3090023],[8.1228502,6.3074242]]}},{"type":"Feature","properties":{"kind":"road","id":"road-286348038-0","name":"Ogoja-Abakaliki Road","osmWay":286348038,"major":true,"bridge":true},"geometry":{"type":"LineString","coordinates":[[8.1228502,6.3074242],[8.1224799,6.3073921]]}},{"type":"Feature","properties":{"kind":"road","id":"road-286348043-0","name":"Ogoja-Abakaliki Road","osmWay":286348043,"major":true,"bridge":false},"geometry":{"type":"LineString","coordinates":[[8.1442467,6.3092086],[8.1427614,6.3093407],[8.1391474,6.3090128]]}},{"type":"Feature","properties":{"kind":"road","id":"road-286348044-0","name":"Ogoja-Abakaliki Road","osmWay":286348044,"major":true,"bridge":true},"geometry":{"type":"LineString","coordinates":[[8.1391474,6.3090128],[8.139029,6.3090023]]}},{"type":"Feature","properties":{"kind":"road","id":"road-286884774-0","name":"Unnamed mapped tertiary","osmWay":286884774,"major":false,"bridge":false},"geometry":{"type":"LineString","coordinates":[[8.4161198,6.2569805],[8.4138274,6.2619607],[8.4128672,6.2635338],[8.4114617,6.2656028],[8.4103451,6.2669684],[8.4075918,6.2695733],[8.4073418,6.2703379],[8.4069279,6.2736924],[8.4071103,6.2739431],[8.4081304,6.2744704],[8.4085166,6.2748917],[8.4092936,6.2765505],[8.4102646,6.2793779],[8.4112936,6.2815172]]}},{"type":"Feature","properties":{"kind":"road","id":"road-372969652-0","name":"Unnamed mapped tertiary","osmWay":372969652,"major":false,"bridge":false},"geometry":{"type":"LineString","coordinates":[[8.4075918,6.2695733],[8.3983934,6.2731844],[8.3957863,6.2745495],[8.3924094,6.2753973],[8.3890365,6.2758586],[8.3879341,6.2765544],[8.3831852,6.2809642],[8.3800136,6.2825625],[8.3770202,6.2836743],[8.3734824,6.2842462],[8.3670545,6.2838822],[8.3622707,6.2837956],[8.3573288,6.2834703],[8.3564302,6.2834597],[8.3552527,6.2836716],[8.3510672,6.2850087],[8.3472861,6.2865795],[8.3443154,6.2875626],[8.3398258,6.2895657],[8.3250957,6.2899964],[8.3245996,6.2901014],[8.3234912,6.2905001],[8.319459,6.2924201],[8.3174903,6.2938156],[8.3128036,6.2949959],[8.3120119,6.2954523],[8.3091461,6.2975979],[8.3071088,6.2982379],[8.3051512,6.298465],[8.3037651,6.2983669],[8.3002425,6.2976161],[8.2955191,6.2976474],[8.2905082,6.2957969],[8.2835881,6.2942772],[8.2801469,6.2923217],[8.279393,6.292148],[8.2763582,6.2919924],[8.2706797,6.2928566],[8.2673299,6.2922977],[8.2635051,6.292303],[8.261598,6.2921001],[8.2598293,6.292302],[8.2538331,6.2937883],[8.2499467,6.2939577],[8.2457275,6.2938688],[8.2405299,6.292789],[8.234608,6.2912433],[8.2300708,6.2891895],[8.2269181,6.2885966],[8.2222956,6.2891048],[8.2196116,6.2888931],[8.2160329,6.2884484],[8.2105158,6.2869663],[8.2070436,6.2870086],[8.2057016,6.2865005],[8.2030602,6.2849124],[8.2014731,6.284624],[8.2006105,6.2842137],[8.1989916,6.2837902],[8.1969892,6.2834091],[8.1965976,6.2834523]]}},{"type":"Feature","properties":{"kind":"road","id":"road-372971912-0","name":"Unnamed mapped tertiary","osmWay":372971912,"major":false,"bridge":false},"geometry":{"type":"LineString","coordinates":[[8.4076936,6.2407547],[8.4061892,6.2402244],[8.4050057,6.2396505],[8.4033622,6.2381134],[8.4025361,6.2367449],[8.4019876,6.236229],[8.4015229,6.2355137],[8.4000779,6.2346122],[8.3988519,6.2341194],[8.3981051,6.2335746]]}},{"type":"Feature","properties":{"kind":"road","id":"road-373003162-0","name":"Unnamed mapped tertiary","osmWay":373003162,"major":false,"bridge":false},"geometry":{"type":"LineString","coordinates":[[8.3981051,6.2335746],[8.3965735,6.2325867],[8.3922961,6.2269601],[8.3919239,6.2263661],[8.3906538,6.2233787]]}},{"type":"Feature","properties":{"kind":"road","id":"road-374347091-0","name":"Unnamed mapped tertiary","osmWay":374347091,"major":false,"bridge":false},"geometry":{"type":"LineString","coordinates":[[8.3160512,6.2375136],[8.3136141,6.23829],[8.3111472,6.23858],[8.3079406,6.2392659],[8.3053757,6.2391299],[8.3043967,6.2392686],[8.3036189,6.2397779],[8.3027364,6.2406297],[8.3017132,6.2424815],[8.3009112,6.2434427],[8.3000985,6.2439813],[8.2985106,6.2447545],[8.2977502,6.2453878],[8.2972755,6.2455757],[8.2954717,6.245869],[8.2928713,6.2457717],[8.2918158,6.2454024],[8.2889459,6.2435827],[8.2884201,6.243424],[8.2872654,6.2433907],[8.2864179,6.2431027],[8.2848743,6.2428201],[8.2840656,6.2428188],[8.2828988,6.2429494],[8.2813364,6.243504],[8.2800302,6.243716],[8.2774083,6.2434374],[8.2753846,6.2434574],[8.2742567,6.243684],[8.2714605,6.2450571],[8.2692142,6.2455744],[8.2675123,6.2461503],[8.2647341,6.2473792]]}},{"type":"Feature","properties":{"kind":"road","id":"road-374347091-1","name":"Unnamed mapped tertiary","osmWay":374347091,"major":false,"bridge":false},"geometry":{"type":"LineString","coordinates":[[8.3116461,6.212653],[8.312884,6.2134086],[8.3144361,6.2150192],[8.3148547,6.2156684],[8.3156292,6.2176103]]}},{"type":"Feature","properties":{"kind":"road","id":"road-374442988-0","name":"Unnamed mapped tertiary","osmWay":374442988,"major":false,"bridge":false},"geometry":{"type":"LineString","coordinates":[[8.231729,6.198335],[8.2338707,6.1993042],[8.2346861,6.1997295],[8.2353674,6.2002762],[8.2360996,6.2006042],[8.2370183,6.2006975],[8.2389709,6.2023707],[8.2399875,6.202788],[8.2416612,6.203748],[8.2420769,6.2042826],[8.2447498,6.2067171],[8.2455855,6.2076711],[8.2461874,6.2085477],[8.2481119,6.2121207],[8.2493471,6.2139326],[8.2504146,6.2150992],[8.2516082,6.2166884],[8.2551267,6.2190709],[8.2556429,6.2197607],[8.2568787,6.2206547],[8.2581082,6.2221737],[8.258368,6.2230958],[8.2600503,6.2234733],[8.2639945,6.2247058],[8.267836,6.2247523],[8.2698323,6.2255305],[8.2714974,6.2257215],[8.2744639,6.2257178],[8.275935,6.2253858],[8.2770997,6.2252705],[8.278475,6.2256532],[8.2789566,6.2256502],[8.282526,6.2252716],[8.2848407,6.224697],[8.2886391,6.2233943],[8.2926103,6.2214645],[8.2970222,6.2197241],[8.2984865,6.2192701],[8.2991307,6.2192077],[8.3001433,6.2193477],[8.3038672,6.221252],[8.3056738,6.2218976],[8.3060537,6.2219139],[8.308218,6.2211182],[8.3122952,6.2185526],[8.3138277,6.2184856],[8.3155295,6.2181578]]}},{"type":"Feature","properties":{"kind":"road","id":"road-394339277-0","name":"Unnamed mapped tertiary","osmWay":394339277,"major":false,"bridge":false},"geometry":{"type":"LineString","coordinates":[[8.0346322,6.373278],[8.0346103,6.3731738]]}},{"type":"Feature","properties":{"kind":"road","id":"road-394361070-0","name":"Unnamed mapped tertiary","osmWay":394361070,"major":false,"bridge":false},"geometry":{"type":"LineString","coordinates":[[8.1248255,6.4448021],[8.1239689,6.4453134],[8.1229425,6.4463122]]}},{"type":"Feature","properties":{"kind":"road","id":"road-394362543-0","name":"Unnamed mapped tertiary","osmWay":394362543,"major":false,"bridge":false},"geometry":{"type":"LineString","coordinates":[[8.0520635,6.1833773],[8.0530841,6.1826568],[8.0546674,6.1821059],[8.0557078,6.1812177],[8.0571667,6.1814313],[8.0584446,6.1812514],[8.0599826,6.1815662],[8.0636629,6.1840223],[8.065945,6.1864448],[8.0676481,6.186982],[8.070384,6.1886767],[8.0716071,6.1891347],[8.0736727,6.1895878]]}},{"type":"Feature","properties":{"kind":"road","id":"road-394362547-0","name":"Unnamed mapped tertiary","osmWay":394362547,"major":false,"bridge":false},"geometry":{"type":"LineString","coordinates":[[8.0615513,6.2335079],[8.0619064,6.2319146],[8.0613665,6.2300302],[8.0613385,6.2286228],[8.06187,6.2265941],[8.0620216,6.2220599],[8.0627475,6.2195642],[8.0634481,6.2181929],[8.0636369,6.2174832],[8.0636993,6.2160924],[8.0642951,6.2140543]]}},{"type":"Feature","properties":{"kind":"road","id":"road-394362548-0","name":"Unnamed mapped secondary","osmWay":394362548,"major":false,"bridge":false},"geometry":{"type":"LineString","coordinates":[[8.0690087,6.2126239],[8.0685601,6.2137009],[8.0683501,6.2161958],[8.0688385,6.2186727],[8.0689659,6.2218111],[8.0687182,6.2230707],[8.0681802,6.2246469],[8.0681378,6.2251887],[8.0682722,6.2258853],[8.0690782,6.2275719],[8.0702376,6.2291967],[8.0716685,6.2307204],[8.0721407,6.2320219],[8.0722652,6.2335484],[8.072087,6.2362836],[8.0721323,6.2374165],[8.0714988,6.2393224],[8.0716091,6.2405312],[8.0710209,6.2426845],[8.0706957,6.2450795],[8.070625,6.2485202],[8.0713405,6.2508197],[8.0717335,6.2515477],[8.0725423,6.2519609],[8.0734585,6.252748],[8.0741516,6.2543864],[8.0747155,6.255265],[8.0751554,6.2563025],[8.0755453,6.2592821],[8.076887,6.2601209],[8.0773749,6.2608921],[8.0783898,6.2617782]]}},{"type":"Feature","properties":{"kind":"road","id":"road-394362548-1","name":"Unnamed mapped secondary","osmWay":394362548,"major":false,"bridge":false},"geometry":{"type":"LineString","coordinates":[[8.0806801,6.2711391],[8.0798224,6.2727066],[8.0797184,6.2736368],[8.0792265,6.2749089],[8.0789148,6.2766338],[8.0786264,6.2770836],[8.0772351,6.2776907],[8.0770088,6.2780955],[8.0766186,6.2806702],[8.0759003,6.2829246],[8.0758494,6.2838802],[8.0762143,6.2859956]]}},{"type":"Feature","properties":{"kind":"road","id":"road-394362548-2","name":"Unnamed mapped secondary","osmWay":394362548,"major":false,"bridge":false},"geometry":{"type":"LineString","coordinates":[[8.07866,6.2620894],[8.0792225,6.2627374]]}},{"type":"Feature","properties":{"kind":"road","id":"road-394362548-3","name":"Unnamed mapped secondary","osmWay":394362548,"major":false,"bridge":false},"geometry":{"type":"LineString","coordinates":[[8.0813368,6.2640264],[8.0828338,6.2656664],[8.0827976,6.2663718]]}},{"type":"Feature","properties":{"kind":"road","id":"road-394362548-4","name":"Unnamed mapped secondary","osmWay":394362548,"major":false,"bridge":false},"geometry":{"type":"LineString","coordinates":[[8.0826451,6.2668477],[8.0816243,6.2695566]]}},{"type":"Feature","properties":{"kind":"road","id":"road-394363113-0","name":"Unnamed mapped tertiary","osmWay":394363113,"major":false,"bridge":false},"geometry":{"type":"LineString","coordinates":[[8.1144476,6.4491869],[8.1154656,6.4483679],[8.116444,6.4479827],[8.116932,6.4475674],[8.1172029,6.4471219],[8.1178099,6.4466602],[8.1183657,6.4466114],[8.1194211,6.4467901],[8.1210206,6.4464328],[8.1218425,6.4463539],[8.1226527,6.4464722],[8.1229425,6.4463122]]}},{"type":"Feature","properties":{"kind":"road","id":"road-394363136-0","name":"Unnamed mapped tertiary","osmWay":394363136,"major":false,"bridge":false},"geometry":{"type":"LineString","coordinates":[[8.1120326,6.3719226],[8.1109075,6.3737098],[8.108739,6.3765567],[8.1081395,6.3770632],[8.1065838,6.3776789],[8.1039552,6.3802432],[8.1036374,6.380929],[8.1020361,6.3832154],[8.1010464,6.3851673],[8.0998676,6.3882513],[8.0992973,6.3891823],[8.0985667,6.3899879],[8.0977044,6.3904164],[8.0966295,6.3906443],[8.0958804,6.3910155],[8.0937883,6.3926688],[8.0923929,6.394472],[8.0919373,6.3963981],[8.0913106,6.3973734],[8.0907896,6.3987488],[8.0899668,6.3995165],[8.0868206,6.4017295],[8.086309,6.4023805],[8.0861173,6.4029803],[8.0849818,6.4044635]]}},{"type":"Feature","properties":{"kind":"road","id":"road-394363151-0","name":"Unnamed mapped tertiary","osmWay":394363151,"major":false,"bridge":false},"geometry":{"type":"LineString","coordinates":[[8.0891218,6.3387235],[8.0892983,6.3396233],[8.0889241,6.343554],[8.0889362,6.3460078],[8.0884346,6.3495733],[8.0877145,6.3515033],[8.0884239,6.3554952],[8.088896,6.3564762],[8.0884185,6.3589273],[8.088141,6.3594885],[8.0870131,6.3603442],[8.0867743,6.3607507],[8.0869567,6.3627739],[8.0863787,6.3643267],[8.0864341,6.3655819],[8.0863329,6.3666586],[8.0854373,6.3693483],[8.0851073,6.3699081],[8.0827336,6.3726057],[8.0818914,6.3732188],[8.0802284,6.3737306],[8.0796692,6.374027]]}},{"type":"Feature","properties":{"kind":"road","id":"road-394385268-0","name":"Unnamed mapped tertiary","osmWay":394385268,"major":false,"bridge":false},"geometry":{"type":"LineString","coordinates":[[8.1572899,6.668264],[8.1579601,6.6689168],[8.1584113,6.6696124],[8.1587696,6.6702981],[8.1588194,6.6707828],[8.1571849,6.6728683],[8.1568996,6.6747997],[8.1589843,6.6772968],[8.1599441,6.6791404],[8.1609767,6.6847047],[8.1610081,6.6859843],[8.1612778,6.6871967],[8.1626698,6.6895709],[8.1634496,6.6905119],[8.1637681,6.6921596],[8.1642075,6.6933493],[8.1646521,6.6951816],[8.1654538,6.6961577],[8.1676875,6.6978985],[8.1683218,6.6987162],[8.1685329,6.6992557],[8.1687829,6.7002169],[8.1684455,6.7054985],[8.1684455,6.7079486],[8.1690722,6.7098088],[8.1696552,6.7110248],[8.1698958,6.71126],[8.1718781,6.7120417],[8.1765351,6.7120128],[8.1780218,6.7122733],[8.180179,6.7124],[8.1806965,6.7126208],[8.1833274,6.7145243],[8.1841711,6.7147633],[8.1858717,6.7148196],[8.1867684,6.7156999],[8.1884226,6.7178137],[8.1887926,6.7191469],[8.1892126,6.7198711],[8.1906813,6.7204033],[8.191632,6.7212222],[8.1922264,6.7220492]]}},{"type":"Feature","properties":{"kind":"road","id":"road-394389147-0","name":"Unnamed mapped tertiary","osmWay":394389147,"major":false,"bridge":false},"geometry":{"type":"LineString","coordinates":[[8.1173148,6.710064],[8.1171917,6.7086869],[8.1167086,6.7067618],[8.114135,6.6993341],[8.1127383,6.6961256],[8.1101422,6.692466],[8.1097713,6.6913573],[8.1097773,6.68906],[8.1100992,6.6863861],[8.1117419,6.6768452],[8.1127649,6.6736292],[8.1126516,6.671117],[8.1093585,6.6629998],[8.1087618,6.6604036],[8.1081717,6.6590263],[8.1065936,6.656297],[8.1061955,6.6553659],[8.1041953,6.6489145],[8.1031506,6.6467472],[8.102016,6.643401]]}},{"type":"Feature","properties":{"kind":"road","id":"road-394395977-0","name":"Unnamed mapped secondary","osmWay":394395977,"major":false,"bridge":false},"geometry":{"type":"LineString","coordinates":[[8.096162,6.5864318],[8.0972671,6.5839991],[8.0976588,6.5822752],[8.0975541,6.5787033],[8.0979256,6.5750436],[8.0979592,6.5731277],[8.0979002,6.5720912],[8.0975645,6.5711917]]}},{"type":"Feature","properties":{"kind":"road","id":"road-394395977-1","name":"Unnamed mapped secondary","osmWay":394395977,"major":false,"bridge":false},"geometry":{"type":"LineString","coordinates":[[8.102016,6.643401],[8.1016123,6.6394713],[8.1008814,6.6368697],[8.1007969,6.6336353],[8.1001349,6.6313696]]}},{"type":"Feature","properties":{"kind":"road","id":"road-394446814-0","name":"Unnamed mapped tertiary","osmWay":394446814,"major":false,"bridge":false},"geometry":{"type":"LineString","coordinates":[[8.3669646,6.3122893],[8.3653083,6.3107864],[8.3626194,6.3090216],[8.3610342,6.3063849],[8.3606131,6.3059957],[8.3601673,6.3057944],[8.3592975,6.3057304],[8.3582997,6.305997],[8.3546787,6.3057178],[8.3532263,6.3050526],[8.3522889,6.3044321],[8.3502732,6.303613],[8.3462806,6.3035813],[8.3449084,6.3032036],[8.3423803,6.3036495],[8.3401353,6.3033045],[8.3392083,6.3038698],[8.3384219,6.3047039],[8.3367119,6.3053334],[8.3356775,6.3061675],[8.335118,6.3073846],[8.3350601,6.3079363],[8.3347153,6.3085817],[8.3338672,6.3097242],[8.3313338,6.3138737],[8.3306318,6.3146553],[8.3295629,6.3151523]]}},{"type":"Feature","properties":{"kind":"road","id":"road-394510192-0","name":"Unnamed mapped tertiary","osmWay":394510192,"major":false,"bridge":false},"geometry":{"type":"LineString","coordinates":[[8.1130704,6.4493347],[8.1105606,6.4487365],[8.1100973,6.4485296],[8.1096548,6.4481417],[8.1086625,6.4478409],[8.1077653,6.4463284],[8.1056906,6.4440523],[8.1045762,6.4433407],[8.1041081,6.4432034],[8.1031854,6.4423678],[8.1024076,6.4419081],[8.1016754,6.4416589],[8.099527,6.4405356],[8.0987799,6.4395133],[8.0964357,6.4353315],[8.0958295,6.4348837],[8.0952367,6.4347424],[8.0943248,6.4342733],[8.0928066,6.430955],[8.092356,6.4292705],[8.0925035,6.4281857],[8.0925143,6.4261761],[8.0927315,6.4254591],[8.0925921,6.423492],[8.0926859,6.4225565],[8.0922863,6.4208373],[8.0915943,6.4194327],[8.089757,6.4181479],[8.0881155,6.4173536],[8.0860595,6.416614],[8.0842812,6.4162222],[8.0819397,6.414308],[8.0801634,6.4145584],[8.0799672,6.4143681],[8.0795178,6.412215],[8.0796655,6.4111965],[8.079422,6.4099295],[8.0793473,6.4080406],[8.0795524,6.4061367],[8.0793802,6.4036821],[8.0799323,6.4023594],[8.0799092,6.4012037],[8.0791113,6.3997897],[8.0791207,6.3983236],[8.0789088,6.3970522],[8.0786338,6.3962992],[8.0779821,6.3952903],[8.077714,6.3942797],[8.0783522,6.3894275],[8.0780196,6.388068],[8.0779829,6.3854351],[8.077227,6.3831181],[8.0770487,6.3819772],[8.0792186,6.3756944],[8.0801493,6.3718359],[8.0806938,6.3701352],[8.0808453,6.3688077],[8.0807428,6.3676036],[8.0808748,6.3658888],[8.0803052,6.365464],[8.0798516,6.3645965],[8.0797885,6.3632858],[8.0801466,6.3613411],[8.0799642,6.3606587],[8.0787626,6.3587587],[8.0780277,6.3583902],[8.077634,6.3579328],[8.0764686,6.3557598]]}},{"type":"Feature","properties":{"kind":"road","id":"road-394551452-0","name":"Unnamed mapped secondary","osmWay":394551452,"major":false,"bridge":false},"geometry":{"type":"LineString","coordinates":[[8.1423735,6.5092628],[8.1440785,6.5098664],[8.1505151,6.5113573],[8.1605691,6.5128208],[8.1612527,6.5127281],[8.1637651,6.5109111],[8.1641345,6.5107556],[8.1662853,6.5100293],[8.1674583,6.510127]]}},{"type":"Feature","properties":{"kind":"road","id":"road-394551453-0","name":"Unnamed mapped tertiary","osmWay":394551453,"major":false,"bridge":false},"geometry":{"type":"LineString","coordinates":[[8.1301301,6.5085884],[8.1278659,6.5088282],[8.1265607,6.5087794],[8.1212883,6.5080577],[8.1208852,6.5080874],[8.1193745,6.5087088],[8.1190115,6.508703],[8.1144131,6.5071232],[8.1049837,6.5100691]]}},{"type":"Feature","properties":{"kind":"road","id":"road-394551454-0","name":"Unnamed mapped tertiary","osmWay":394551454,"major":false,"bridge":false},"geometry":{"type":"LineString","coordinates":[[8.1674583,6.510127],[8.1693735,6.5076775]]}},{"type":"Feature","properties":{"kind":"road","id":"road-394551455-0","name":"Ogbaga Road","osmWay":394551455,"major":false,"bridge":false},"geometry":{"type":"LineString","coordinates":[[8.1258233,6.4460015],[8.1251219,6.4454142],[8.1248255,6.4448021],[8.12445,6.441849],[8.1229429,6.4361124],[8.1226153,6.4343568],[8.124285,6.4305872],[8.125423,6.4284653],[8.1260378,6.4258997],[8.1264442,6.4234121],[8.1263262,6.4219408],[8.1257066,6.4183878],[8.1262556,6.4150168],[8.1263398,6.4115833],[8.1252802,6.4067826],[8.1245528,6.4022922],[8.1257898,6.3939775],[8.1257039,6.3931805],[8.1248224,6.3893275],[8.1245827,6.3887557],[8.1175585,6.3770548],[8.1142437,6.3738511],[8.1115803,6.3714946],[8.1112924,6.3710349],[8.1095248,6.3659169],[8.1093451,6.364752],[8.1097193,6.3612878],[8.1109034,6.3589034],[8.111051,6.3581971]]}},{"type":"Feature","properties":{"kind":"road","id":"road-394617042-0","name":"Unnamed mapped secondary","osmWay":394617042,"major":false,"bridge":false},"geometry":{"type":"LineString","coordinates":[[8.1049235,6.2430601],[8.1033906,6.2376475],[8.1033316,6.2369702],[8.1036491,6.2361602],[8.1050126,6.2338517],[8.1054217,6.2327473]]}},{"type":"Feature","properties":{"kind":"road","id":"road-394617865-0","name":"Unnamed mapped secondary","osmWay":394617865,"major":false,"bridge":false},"geometry":{"type":"LineString","coordinates":[[8.1400815,6.1918637],[8.1404948,6.191955]]}},{"type":"Feature","properties":{"kind":"road","id":"road-394617865-1","name":"Unnamed mapped secondary","osmWay":394617865,"major":false,"bridge":false},"geometry":{"type":"LineString","coordinates":[[8.1407986,6.1920928],[8.1412917,6.1924438]]}},{"type":"Feature","properties":{"kind":"road","id":"road-394617865-2","name":"Unnamed mapped secondary","osmWay":394617865,"major":false,"bridge":false},"geometry":{"type":"LineString","coordinates":[[8.1418652,6.1926807],[8.1425657,6.1925329]]}},{"type":"Feature","properties":{"kind":"road","id":"road-394617865-3","name":"Unnamed mapped secondary","osmWay":394617865,"major":false,"bridge":false},"geometry":{"type":"LineString","coordinates":[[8.1425801,6.1925299],[8.143452,6.1924956]]}},{"type":"Feature","properties":{"kind":"road","id":"road-394617865-4","name":"Unnamed mapped secondary","osmWay":394617865,"major":false,"bridge":false},"geometry":{"type":"LineString","coordinates":[[8.145178,6.1923775],[8.1470458,6.192157]]}},{"type":"Feature","properties":{"kind":"road","id":"road-394617866-0","name":"Unnamed mapped secondary","osmWay":394617866,"major":false,"bridge":false},"geometry":{"type":"LineString","coordinates":[[8.1105896,6.2136189],[8.1105336,6.2167038],[8.1094705,6.220414],[8.1090521,6.2228087],[8.1084414,6.2248099],[8.1054217,6.2327473]]}},{"type":"Feature","properties":{"kind":"road","id":"road-394617868-0","name":"Unnamed mapped tertiary","osmWay":394617868,"major":false,"bridge":false},"geometry":{"type":"LineString","coordinates":[[8.1384077,6.1938538],[8.1364506,6.1935266],[8.1332613,6.1927957],[8.1328203,6.1925933],[8.1318477,6.1919749],[8.1305584,6.1906145],[8.129009,6.1900298],[8.1263512,6.1875337],[8.1255367,6.1875096]]}},{"type":"Feature","properties":{"kind":"road","id":"road-394617869-0","name":"Unnamed mapped secondary","osmWay":394617869,"major":false,"bridge":false},"geometry":{"type":"LineString","coordinates":[[8.1931039,6.2107322],[8.1941915,6.2118928],[8.1976644,6.2144919],[8.1989577,6.2177323],[8.1995961,6.2198681],[8.2013904,6.221525],[8.2035363,6.2224705],[8.2064277,6.2220865],[8.2070687,6.2221025],[8.2078922,6.2226171],[8.2100726,6.2233213]]}},{"type":"Feature","properties":{"kind":"road","id":"road-394617874-0","name":"Unnamed mapped tertiary","osmWay":394617874,"major":false,"bridge":false},"geometry":{"type":"LineString","coordinates":[[8.0387995,6.1732314],[8.0390442,6.1726852]]}},{"type":"Feature","properties":{"kind":"road","id":"road-394617874-1","name":"Unnamed mapped tertiary","osmWay":394617874,"major":false,"bridge":false},"geometry":{"type":"LineString","coordinates":[[8.0395545,6.1705664],[8.0398978,6.1693747]]}},{"type":"Feature","properties":{"kind":"road","id":"road-394617876-0","name":"Unnamed mapped secondary","osmWay":394617876,"major":false,"bridge":false},"geometry":{"type":"LineString","coordinates":[[8.1104931,6.2107862],[8.1088988,6.2105108],[8.1077057,6.2100948],[8.1057209,6.2105164],[8.1041375,6.2121748],[8.1037304,6.2125289],[8.1034024,6.212602],[8.1025486,6.2122535],[8.0972274,6.2092797],[8.0967411,6.2092516],[8.0944114,6.2105052],[8.093337,6.210775],[8.0910298,6.2108931],[8.088751,6.21186],[8.0816446,6.2172896]]}},{"type":"Feature","properties":{"kind":"road","id":"road-394617880-0","name":"Unnamed mapped secondary","osmWay":394617880,"major":false,"bridge":false},"geometry":{"type":"LineString","coordinates":[[8.139672,6.1923107],[8.1385773,6.1935165],[8.1378196,6.1954054],[8.1362136,6.1967097],[8.1334428,6.2007573],[8.1329904,6.201252],[8.1278785,6.2034444],[8.1268154,6.2035231],[8.1223482,6.2034332],[8.1215904,6.2036468],[8.1169196,6.2069636],[8.1149291,6.2075707],[8.1144428,6.2078855],[8.1126333,6.2094371],[8.110831,6.2106795]]}},{"type":"Feature","properties":{"kind":"road","id":"road-394617880-1","name":"Unnamed mapped secondary","osmWay":394617880,"major":false,"bridge":false},"geometry":{"type":"LineString","coordinates":[[8.1400896,6.191838],[8.139889,6.1920776]]}},{"type":"Feature","properties":{"kind":"road","id":"road-394617881-0","name":"Unnamed mapped tertiary","osmWay":394617881,"major":false,"bridge":false},"geometry":{"type":"LineString","coordinates":[[8.1105146,6.2107328],[8.1101907,6.2097386],[8.1099643,6.2069984],[8.1089167,6.2023078],[8.1083409,6.2017115],[8.1082289,6.2007973],[8.107957,6.2004316],[8.1071413,6.1999148],[8.105478,6.1992152],[8.105195,6.1987894]]}},{"type":"Feature","properties":{"kind":"road","id":"road-394617881-1","name":"Unnamed mapped tertiary","osmWay":394617881,"major":false,"bridge":false},"geometry":{"type":"LineString","coordinates":[[8.1238439,6.1873304],[8.1244962,6.1876164],[8.1255367,6.1875096]]}},{"type":"Feature","properties":{"kind":"road","id":"road-394625314-0","name":"Ogbaga Road","osmWay":394625314,"major":false,"bridge":true},"geometry":{"type":"LineString","coordinates":[[8.1262202,6.4463106],[8.1258233,6.4460015]]}},{"type":"Feature","properties":{"kind":"road","id":"road-394625316-0","name":"Ogbaga Road","osmWay":394625316,"major":false,"bridge":false},"geometry":{"type":"LineString","coordinates":[[8.1420423,6.5087458],[8.1416716,6.50618],[8.1407485,6.502733],[8.1395119,6.4999344],[8.1390238,6.4978451],[8.1387293,6.4971336],[8.1372964,6.4948949],[8.1361967,6.4918169],[8.1366742,6.4891039],[8.1367703,6.4850959],[8.1365132,6.4837525],[8.1347511,6.4778193],[8.1333992,6.4712626],[8.1349334,6.4635563],[8.134633,6.4618533],[8.1335038,6.4577782],[8.132396,6.4548278],[8.1321788,6.4534313],[8.131814,6.452669],[8.1311005,6.4517868],[8.1291325,6.4498],[8.1267634,6.4468241],[8.1262202,6.4463106]]}},{"type":"Feature","properties":{"kind":"road","id":"road-394913014-0","name":"Ogoja Road","osmWay":394913014,"major":false,"bridge":false},"geometry":{"type":"LineString","coordinates":[[8.1321074,6.316735],[8.1312749,6.3163354],[8.1306511,6.3162019],[8.1289912,6.3161845],[8.1212821,6.3151673],[8.1199115,6.3155621],[8.1165427,6.3173323],[8.115128,6.3177745]]}},{"type":"Feature","properties":{"kind":"road","id":"road-394913017-0","name":"Onwe Road","osmWay":394913017,"major":false,"bridge":false},"geometry":{"type":"LineString","coordinates":[[8.1048856,6.328291],[8.103423,6.3261594]]}},{"type":"Feature","properties":{"kind":"road","id":"road-394913018-0","name":"Onwe Road","osmWay":394913018,"major":false,"bridge":false},"geometry":{"type":"LineString","coordinates":[[8.103423,6.3261594],[8.1037831,6.3264777],[8.1047062,6.3278733],[8.1052024,6.3281546]]}},{"type":"Feature","properties":{"kind":"road","id":"road-394913019-0","name":"Ezza Road","osmWay":394913019,"major":false,"bridge":false},"geometry":{"type":"LineString","coordinates":[[8.0968831,6.3252245],[8.0981509,6.3255662],[8.1031163,6.3281475],[8.1038714,6.3283074],[8.1048856,6.328291]]}},{"type":"Feature","properties":{"kind":"road","id":"road-394913020-0","name":"Quarry Road","osmWay":394913020,"major":false,"bridge":false},"geometry":{"type":"LineString","coordinates":[[8.1048856,6.328291],[8.1050569,6.3281996]]}},{"type":"Feature","properties":{"kind":"road","id":"road-394913022-0","name":"Unnamed mapped secondary","osmWay":394913022,"major":false,"bridge":false},"geometry":{"type":"LineString","coordinates":[[8.1052071,6.3285391],[8.0883492,6.3392062],[8.0875786,6.3398877]]}},{"type":"Feature","properties":{"kind":"road","id":"road-394913027-0","name":"Unnamed mapped tertiary","osmWay":394913027,"major":false,"bridge":false},"geometry":{"type":"LineString","coordinates":[[8.1054466,6.3284341],[8.105623,6.3291107]]}},{"type":"Feature","properties":{"kind":"road","id":"road-394913032-0","name":"Unnamed mapped secondary","osmWay":394913032,"major":false,"bridge":false},"geometry":{"type":"LineString","coordinates":[[8.0875203,6.3398463],[8.0877273,6.3395759]]}},{"type":"Feature","properties":{"kind":"road","id":"road-394913034-0","name":"Unnamed mapped secondary_link","osmWay":394913034,"major":false,"bridge":false},"geometry":{"type":"LineString","coordinates":[[8.1044855,6.3283208],[8.1047867,6.328151]]}},{"type":"Feature","properties":{"kind":"road","id":"road-394913037-0","name":"Ogoja Street","osmWay":394913037,"major":false,"bridge":false},"geometry":{"type":"LineString","coordinates":[[8.1067019,6.3274164],[8.1068258,6.3274589],[8.1067763,6.3276049],[8.1066465,6.3275547],[8.1067019,6.3274164]]}},{"type":"Feature","properties":{"kind":"road","id":"road-394913040-0","name":"Unnamed mapped tertiary","osmWay":394913040,"major":false,"bridge":false},"geometry":{"type":"LineString","coordinates":[[8.1092385,6.3246443],[8.1090748,6.3246755]]}},{"type":"Feature","properties":{"kind":"road","id":"road-394920487-0","name":"Ogoja Street","osmWay":394920487,"major":false,"bridge":false},"geometry":{"type":"LineString","coordinates":[[8.1429116,6.3092015],[8.1389125,6.3156998],[8.1382661,6.3163796],[8.1371503,6.3168554],[8.1345491,6.3175082],[8.1337541,6.3174789],[8.1322239,6.316794]]}},{"type":"Feature","properties":{"kind":"road","id":"road-394920488-0","name":"Ogoja Street","osmWay":394920488,"major":false,"bridge":true},"geometry":{"type":"LineString","coordinates":[[8.1322239,6.316794],[8.1321074,6.316735]]}},{"type":"Feature","properties":{"kind":"road","id":"road-394920489-0","name":"Unnamed mapped secondary_link","osmWay":394920489,"major":false,"bridge":false},"geometry":{"type":"LineString","coordinates":[[8.1073337,6.3143059],[8.1073842,6.3142396]]}},{"type":"Feature","properties":{"kind":"road","id":"road-394920490-0","name":"Afikpo Road","osmWay":394920490,"major":false,"bridge":true},"geometry":{"type":"LineString","coordinates":[[8.1104888,6.3176407],[8.110287,6.3174247]]}},{"type":"Feature","properties":{"kind":"road","id":"road-395314724-0","name":"Unnamed mapped tertiary","osmWay":395314724,"major":false,"bridge":false},"geometry":{"type":"LineString","coordinates":[[8.1918793,6.239426],[8.1910515,6.2370346],[8.1909129,6.2351396],[8.1916921,6.2329572],[8.1915783,6.2324661],[8.1904588,6.2307098],[8.1903451,6.2303273],[8.1905427,6.2284016],[8.1898293,6.2271415],[8.1884193,6.2256395],[8.1883013,6.2230531],[8.1886996,6.2208706],[8.1892455,6.2199321],[8.188827,6.2190188],[8.189183,6.216488],[8.1903586,6.2151605],[8.1911968,6.213374],[8.1931128,6.2107423]]}},{"type":"Feature","properties":{"kind":"road","id":"road-395355961-0","name":"Unnamed mapped tertiary","osmWay":395355961,"major":false,"bridge":false},"geometry":{"type":"LineString","coordinates":[[8.2691568,6.2252484],[8.2692035,6.2250529],[8.2681889,6.2203394],[8.2683264,6.2195441],[8.2680079,6.2190175],[8.2675271,6.2159858],[8.2667908,6.2139279],[8.2666668,6.2120154],[8.2669068,6.2110481],[8.2689847,6.2077806],[8.2698022,6.2067117],[8.2722121,6.2022983],[8.2725508,6.2015095],[8.2728037,6.2003568]]}},{"type":"Feature","properties":{"kind":"road","id":"road-395708197-0","name":"Unnamed mapped tertiary","osmWay":395708197,"major":false,"bridge":false},"geometry":{"type":"LineString","coordinates":[[8.100739,6.5008547],[8.098619,6.4983181],[8.0971937,6.4957724]]}},{"type":"Feature","properties":{"kind":"road","id":"road-395708201-0","name":"Unnamed mapped tertiary","osmWay":395708201,"major":false,"bridge":false},"geometry":{"type":"LineString","coordinates":[[8.116727,6.5335586],[8.1159974,6.5318714],[8.1143999,6.5288603],[8.110966,6.5250667],[8.1104434,6.5235648],[8.1105181,6.5230902],[8.1102643,6.5225859],[8.1096223,6.5203757],[8.1049837,6.5100691],[8.1029934,6.5064025],[8.1020976,6.5053197],[8.100739,6.5008547],[8.1004255,6.4975319],[8.1006196,6.4967754],[8.1011123,6.496271],[8.1022021,6.4957518],[8.1025157,6.4949137],[8.1030063,6.4943],[8.1036503,6.4938308],[8.1047999,6.4937344],[8.1056211,6.4932597],[8.1060988,6.4915834],[8.1064124,6.4910197],[8.1107397,6.4874302],[8.1122428,6.4803729],[8.1127574,6.479406],[8.1134503,6.4791022],[8.1151317,6.4776594],[8.1172743,6.4761279],[8.1185939,6.4753736],[8.1211084,6.4742269],[8.1231362,6.4739991],[8.1254036,6.4741408],[8.1288046,6.4741054],[8.1298338,6.4731916],[8.1319432,6.471855],[8.1333992,6.4712626]]}},{"type":"Feature","properties":{"kind":"road","id":"road-395711304-0","name":"Unnamed mapped tertiary","osmWay":395711304,"major":false,"bridge":false},"geometry":{"type":"LineString","coordinates":[[8.1311158,6.5084681],[8.1307987,6.5060262],[8.1306249,6.5055575],[8.1298878,6.504593],[8.1297543,6.50316],[8.1295352,6.5028612],[8.1286324,6.5024176],[8.1268194,6.501209],[8.1266011,6.5000652],[8.1262428,6.499279],[8.1259964,6.499101],[8.1247349,6.4983],[8.1220549,6.4976843],[8.1214279,6.4974322],[8.1207038,6.4970761],[8.1200693,6.4964309],[8.1188599,6.4945544],[8.1178074,6.4925518],[8.1172177,6.4901412],[8.1160603,6.4888747],[8.1138159,6.4874193],[8.1089627,6.4861637],[8.1072661,6.4849842],[8.1067081,6.4843286],[8.1056534,6.4834224],[8.1039669,6.4821744],[8.1031925,6.4817846],[8.1022957,6.4809847],[8.1004818,6.4803823],[8.0975598,6.4787319],[8.0967038,6.4787521],[8.0949561,6.4793242],[8.0937053,6.4793444],[8.0921461,6.4800874]]}},{"type":"Feature","properties":{"kind":"road","id":"road-395719343-0","name":"Unnamed mapped tertiary","osmWay":395719343,"major":false,"bridge":false},"geometry":{"type":"LineString","coordinates":[[8.1241429,6.5751077],[8.1257592,6.584147],[8.125771,6.5856658],[8.1272757,6.5884715],[8.128931,6.5908009],[8.129459,6.5918527],[8.1309101,6.595952],[8.1319012,6.5969072],[8.1339343,6.5984206],[8.1344707,6.599152],[8.1347269,6.5998487],[8.1350286,6.6016805],[8.1350783,6.6058157],[8.1353103,6.6093713],[8.1363188,6.619384],[8.1367763,6.6228315],[8.137102,6.6314666],[8.1369352,6.6379967],[8.1376465,6.6405543],[8.1403984,6.6481939],[8.1434736,6.6529214],[8.1443815,6.655082],[8.1449327,6.6573346],[8.1458929,6.6594166],[8.146766,6.6608765],[8.1469148,6.6629958],[8.147101,6.663683],[8.1465232,6.6644744],[8.146643,6.664957]]}},{"type":"Feature","properties":{"kind":"road","id":"road-395719344-0","name":"Unnamed mapped tertiary","osmWay":395719344,"major":false,"bridge":false},"geometry":{"type":"LineString","coordinates":[[8.1528109,6.5492108],[8.1527218,6.5480401],[8.1518211,6.5439942],[8.1505908,6.5405855],[8.1492966,6.5346511],[8.1468705,6.5295813],[8.1460571,6.5248068],[8.145681,6.5212893],[8.1445337,6.515484],[8.1425397,6.5118614],[8.1421388,6.509529]]}},{"type":"Feature","properties":{"kind":"road","id":"road-395719344-1","name":"Unnamed mapped tertiary","osmWay":395719344,"major":false,"bridge":false},"geometry":{"type":"LineString","coordinates":[[8.1558453,6.5683791],[8.1527849,6.5612316],[8.1520631,6.5591297]]}},{"type":"Feature","properties":{"kind":"road","id":"road-395719344-2","name":"Unnamed mapped tertiary","osmWay":395719344,"major":false,"bridge":false},"geometry":{"type":"LineString","coordinates":[[8.1592275,6.5977886],[8.1585449,6.5929345],[8.1578411,6.5863689]]}},{"type":"Feature","properties":{"kind":"road","id":"road-396742901-0","name":"Unnamed mapped tertiary","osmWay":396742901,"major":false,"bridge":false},"geometry":{"type":"LineString","coordinates":[[8.1207233,6.6467412],[8.1216203,6.6424538],[8.1213771,6.6403532],[8.1214942,6.6392635],[8.1224692,6.6355735],[8.1224665,6.6349501],[8.1221111,6.6329639],[8.1227817,6.6310352],[8.1226704,6.630261],[8.1228112,6.6290314],[8.1210624,6.6235017],[8.1204492,6.6210061],[8.1208163,6.6154454],[8.1206292,6.6106822],[8.1207553,6.6079046],[8.1197105,6.6040226],[8.1183131,6.6014301],[8.1149818,6.5968153],[8.1145473,6.5951527],[8.1139451,6.5935526],[8.1138736,6.5929558],[8.1141704,6.5913997],[8.1151105,6.5895772],[8.1156403,6.5875469],[8.1162907,6.5868888],[8.1173515,6.5863985],[8.1185625,6.585326],[8.1216578,6.5809296],[8.1233074,6.5784475],[8.1238921,6.5767342],[8.1241429,6.5751077]]}},{"type":"Feature","properties":{"kind":"road","id":"road-397055854-0","name":"Unnamed mapped tertiary","osmWay":397055854,"major":false,"bridge":false},"geometry":{"type":"LineString","coordinates":[[8.0563421,6.4425146],[8.0565878,6.4427]]}},{"type":"Feature","properties":{"kind":"road","id":"road-397217414-0","name":"Unnamed mapped tertiary","osmWay":397217414,"major":false,"bridge":false},"geometry":{"type":"LineString","coordinates":[[8.0921461,6.4800874],[8.0917818,6.4802215]]}},{"type":"Feature","properties":{"kind":"road","id":"road-397217415-0","name":"Unnamed mapped secondary","osmWay":397217415,"major":false,"bridge":true},"geometry":{"type":"LineString","coordinates":[[8.0864777,6.4851582],[8.0865072,6.4845919]]}},{"type":"Feature","properties":{"kind":"road","id":"road-397217416-0","name":"Unnamed mapped tertiary","osmWay":397217416,"major":false,"bridge":false},"geometry":{"type":"LineString","coordinates":[[8.1139606,6.4492534],[8.1144476,6.4491869]]}},{"type":"Feature","properties":{"kind":"road","id":"road-397217419-0","name":"Unnamed mapped secondary","osmWay":397217419,"major":false,"bridge":false},"geometry":{"type":"LineString","coordinates":[[8.0863939,6.4864706],[8.0864777,6.4851582]]}},{"type":"Feature","properties":{"kind":"road","id":"road-397217420-0","name":"Unnamed mapped secondary","osmWay":397217420,"major":false,"bridge":false},"geometry":{"type":"LineString","coordinates":[[8.0373156,6.3808898],[8.0373096,6.3808433]]}},{"type":"Feature","properties":{"kind":"road","id":"road-397217420-1","name":"Unnamed mapped secondary","osmWay":397217420,"major":false,"bridge":false},"geometry":{"type":"LineString","coordinates":[[8.0373455,6.3812544],[8.0373454,6.3812506]]}},{"type":"Feature","properties":{"kind":"road","id":"road-397217420-2","name":"Unnamed mapped secondary","osmWay":397217420,"major":false,"bridge":false},"geometry":{"type":"LineString","coordinates":[[8.0383406,6.3873278],[8.037662,6.384947],[8.037367,6.3818843]]}},{"type":"Feature","properties":{"kind":"road","id":"road-397217420-3","name":"Unnamed mapped secondary","osmWay":397217420,"major":false,"bridge":false},"geometry":{"type":"LineString","coordinates":[[8.0385044,6.3899437],[8.0385418,6.3892871]]}},{"type":"Feature","properties":{"kind":"road","id":"road-397217420-4","name":"Unnamed mapped secondary","osmWay":397217420,"major":false,"bridge":false},"geometry":{"type":"LineString","coordinates":[[8.0426322,6.4025942],[8.0426386,6.401341],[8.0419535,6.3996255]]}},{"type":"Feature","properties":{"kind":"road","id":"road-397217420-5","name":"Unnamed mapped secondary","osmWay":397217420,"major":false,"bridge":false},"geometry":{"type":"LineString","coordinates":[[8.0447068,6.4101812],[8.0440715,6.4089352]]}},{"type":"Feature","properties":{"kind":"road","id":"road-397217420-6","name":"Unnamed mapped secondary","osmWay":397217420,"major":false,"bridge":false},"geometry":{"type":"LineString","coordinates":[[8.0533737,6.4248533],[8.0523469,6.4226284],[8.0503167,6.4197795],[8.049732,6.418724],[8.0485461,6.4153306],[8.0473654,6.4134787]]}},{"type":"Feature","properties":{"kind":"road","id":"road-397217420-7","name":"Unnamed mapped secondary","osmWay":397217420,"major":false,"bridge":false},"geometry":{"type":"LineString","coordinates":[[8.0580074,6.4454211],[8.0579299,6.4449292],[8.0565878,6.4427],[8.0564077,6.4405141],[8.0565311,6.4383619],[8.0559386,6.4355479]]}},{"type":"Feature","properties":{"kind":"road","id":"road-397217420-8","name":"Unnamed mapped secondary","osmWay":397217420,"major":false,"bridge":false},"geometry":{"type":"LineString","coordinates":[[8.0583956,6.448229],[8.05832,6.4476139]]}},{"type":"Feature","properties":{"kind":"road","id":"road-397217420-9","name":"Unnamed mapped secondary","osmWay":397217420,"major":false,"bridge":false},"geometry":{"type":"LineString","coordinates":[[8.0600174,6.4529648],[8.0587389,6.451023]]}},{"type":"Feature","properties":{"kind":"road","id":"road-397217420-10","name":"Unnamed mapped secondary","osmWay":397217420,"major":false,"bridge":false},"geometry":{"type":"LineString","coordinates":[[8.0649357,6.4591418],[8.0641714,6.4577409],[8.0631751,6.4569467]]}},{"type":"Feature","properties":{"kind":"road","id":"road-397217420-11","name":"Unnamed mapped secondary","osmWay":397217420,"major":false,"bridge":false},"geometry":{"type":"LineString","coordinates":[[8.0845399,6.4798413],[8.08119,6.4765115],[8.0793741,6.4744034],[8.0781564,6.4733453],[8.0760428,6.4723566],[8.075273,6.4716956],[8.0727705,6.4684735],[8.0711313,6.4668049]]}},{"type":"Feature","properties":{"kind":"road","id":"road-397217420-12","name":"Unnamed mapped secondary","osmWay":397217420,"major":false,"bridge":false},"geometry":{"type":"LineString","coordinates":[[8.0865072,6.4845919],[8.0864868,6.4828735],[8.0863747,6.481751],[8.0862342,6.4815021]]}},{"type":"Feature","properties":{"kind":"road","id":"road-397217422-0","name":"Unnamed mapped tertiary","osmWay":397217422,"major":false,"bridge":false},"geometry":{"type":"LineString","coordinates":[[8.0917818,6.4802215],[8.0896763,6.481148],[8.0859819,6.4811363]]}},{"type":"Feature","properties":{"kind":"road","id":"road-397370505-0","name":"Unnamed mapped tertiary","osmWay":397370505,"major":false,"bridge":true},"geometry":{"type":"LineString","coordinates":[[8.1240798,6.5739744],[8.1241207,6.5741185]]}},{"type":"Feature","properties":{"kind":"road","id":"road-397370517-0","name":"Unnamed mapped tertiary","osmWay":397370517,"major":false,"bridge":false},"geometry":{"type":"LineString","coordinates":[[8.116727,6.5335586],[8.1176316,6.5383882],[8.1214258,6.5513164],[8.1212501,6.5608426],[8.121462,6.5633526],[8.1219931,6.5658587],[8.1240798,6.5739744]]}},{"type":"Feature","properties":{"kind":"road","id":"road-453743340-0","name":"F234","osmWay":453743340,"major":true,"bridge":false},"geometry":{"type":"LineString","coordinates":[[8.1005468,6.2379188],[8.1015345,6.2386966],[8.1032887,6.2407164],[8.1047859,6.243173],[8.1067005,6.2467636],[8.1103747,6.2526203],[8.1107774,6.2535719],[8.1113016,6.2569908],[8.1112066,6.2580578],[8.1107396,6.2600202],[8.1086531,6.2655525],[8.1080121,6.2666003],[8.1057107,6.2687253],[8.1036428,6.2722193],[8.1024626,6.2752734],[8.1016244,6.27883],[8.1015493,6.2805749],[8.1025484,6.2915232],[8.1025726,6.2933108],[8.1023768,6.2951437],[8.1019677,6.2970726],[8.1014206,6.2985735],[8.1003289,6.3007823],[8.1000003,6.3020127],[8.0999547,6.3029325],[8.1002551,6.3046187],[8.1016083,6.3081831],[8.1022694,6.3094616]]}},{"type":"Feature","properties":{"kind":"road","id":"road-453743343-0","name":"F234","osmWay":453743343,"major":true,"bridge":false},"geometry":{"type":"LineString","coordinates":[[8.1021225,6.3095463],[8.1004444,6.3053441]]}},{"type":"Feature","properties":{"kind":"road","id":"road-520021968-0","name":"Enugu-Abakaliki Road","osmWay":520021968,"major":true,"bridge":false},"geometry":{"type":"LineString","coordinates":[[8.04334,6.3648945],[8.034568,6.3733402]]}},{"type":"Feature","properties":{"kind":"road","id":"road-527476039-0","name":"Unnamed mapped tertiary","osmWay":527476039,"major":false,"bridge":false},"geometry":{"type":"LineString","coordinates":[[8.0642951,6.2140543],[8.0652979,6.2135713],[8.0657183,6.212614]]}},{"type":"Feature","properties":{"kind":"road","id":"road-531710414-0","name":"Iboko-Ndinkwoda Road","osmWay":531710414,"major":false,"bridge":false},"geometry":{"type":"LineString","coordinates":[[8.1696563,6.5100158],[8.1674583,6.510127],[8.1661785,6.5105515],[8.1653041,6.5110152],[8.1622088,6.5135949],[8.1611986,6.5145313],[8.1604868,6.515407],[8.1597781,6.517146],[8.1596421,6.5187532],[8.1597763,6.5195732],[8.1610178,6.5238912]]}},{"type":"Feature","properties":{"kind":"road","id":"road-531710414-1","name":"Iboko-Ndinkwoda Road","osmWay":531710414,"major":false,"bridge":false},"geometry":{"type":"LineString","coordinates":[[8.1772564,6.6531493],[8.174791,6.6572973],[8.1671655,6.6656998],[8.1661892,6.6663019],[8.1648642,6.6666669],[8.1641359,6.6666995],[8.1618778,6.6662886]]}},{"type":"Feature","properties":{"kind":"road","id":"road-539535360-0","name":"Unnamed mapped tertiary","osmWay":539535360,"major":false,"bridge":false},"geometry":{"type":"LineString","coordinates":[[8.034936,6.3747228],[8.0346322,6.373278]]}},{"type":"Feature","properties":{"kind":"road","id":"road-539535360-1","name":"Unnamed mapped tertiary","osmWay":539535360,"major":false,"bridge":false},"geometry":{"type":"LineString","coordinates":[[8.0351371,6.3767686],[8.0351258,6.3755264]]}},{"type":"Feature","properties":{"kind":"road","id":"road-539535360-2","name":"Unnamed mapped tertiary","osmWay":539535360,"major":false,"bridge":false},"geometry":{"type":"LineString","coordinates":[[8.0351568,6.3781305],[8.035148,6.377973]]}},{"type":"Feature","properties":{"kind":"road","id":"road-539535360-3","name":"Unnamed mapped tertiary","osmWay":539535360,"major":false,"bridge":false},"geometry":{"type":"LineString","coordinates":[[8.0364488,6.3798498],[8.0356046,6.3789047]]}},{"type":"Feature","properties":{"kind":"road","id":"road-539535360-4","name":"Unnamed mapped tertiary","osmWay":539535360,"major":false,"bridge":false},"geometry":{"type":"LineString","coordinates":[[8.0370341,6.3809496],[8.0367034,6.3802826]]}},{"type":"Feature","properties":{"kind":"road","id":"road-539569531-0","name":"Unnamed mapped secondary","osmWay":539569531,"major":false,"bridge":false},"geometry":{"type":"LineString","coordinates":[[8.0765435,6.3556594],[8.077966,6.3539731],[8.0794955,6.3518008]]}},{"type":"Feature","properties":{"kind":"road","id":"road-541987838-0","name":"Unnamed mapped tertiary","osmWay":541987838,"major":false,"bridge":false},"geometry":{"type":"LineString","coordinates":[[8.1241207,6.5741185],[8.1241429,6.5751077]]}},{"type":"Feature","properties":{"kind":"road","id":"road-563072990-0","name":"Unnamed mapped secondary","osmWay":563072990,"major":false,"bridge":false},"geometry":{"type":"LineString","coordinates":[[8.108983,6.324583],[8.1090784,6.3245725],[8.1090911,6.3246583],[8.1089878,6.3246679],[8.108983,6.324583]]}},{"type":"Feature","properties":{"kind":"road","id":"road-563072993-0","name":"Ogoja Road","osmWay":563072993,"major":false,"bridge":false},"geometry":{"type":"LineString","coordinates":[[8.1067019,6.3274164],[8.1086384,6.3256063],[8.1089735,6.3246448]]}},{"type":"Feature","properties":{"kind":"road","id":"road-563072998-0","name":"Ogoja Road","osmWay":563072998,"major":false,"bridge":false},"geometry":{"type":"LineString","coordinates":[[8.1090634,6.3246822],[8.1087065,6.3256428],[8.1068384,6.3274919]]}},{"type":"Feature","properties":{"kind":"road","id":"road-563073003-0","name":"Unnamed mapped tertiary","osmWay":563073003,"major":false,"bridge":false},"geometry":{"type":"LineString","coordinates":[[8.1090932,6.3245904],[8.1092385,6.3246443]]}},{"type":"Feature","properties":{"kind":"road","id":"road-563084201-0","name":"Afikpo Road","osmWay":563084201,"major":false,"bridge":false},"geometry":{"type":"LineString","coordinates":[[8.1116837,6.3187889],[8.111693,6.318801]]}},{"type":"Feature","properties":{"kind":"road","id":"road-563084203-0","name":"Afikpo Road","osmWay":563084203,"major":false,"bridge":false},"geometry":{"type":"LineString","coordinates":[[8.1115703,6.3187718],[8.1104888,6.3176407]]}},{"type":"Feature","properties":{"kind":"road","id":"road-563084204-0","name":"Afikpo Road","osmWay":563084204,"major":false,"bridge":false},"geometry":{"type":"LineString","coordinates":[[8.111632,6.3188476],[8.1115703,6.3187718]]}},{"type":"Feature","properties":{"kind":"road","id":"road-563376492-0","name":"Ogoja Road","osmWay":563376492,"major":false,"bridge":false},"geometry":{"type":"LineString","coordinates":[[8.1052397,6.328162],[8.1057907,6.3280864],[8.1066394,6.3274868]]}},{"type":"Feature","properties":{"kind":"road","id":"road-563376493-0","name":"Ogoja Road","osmWay":563376493,"major":false,"bridge":false},"geometry":{"type":"LineString","coordinates":[[8.1067289,6.3276116],[8.1054466,6.3284341]]}},{"type":"Feature","properties":{"kind":"road","id":"road-563396662-0","name":"Onwe Road","osmWay":563396662,"major":false,"bridge":false},"geometry":{"type":"LineString","coordinates":[[8.1028542,6.3104678],[8.1029033,6.3104249]]}},{"type":"Feature","properties":{"kind":"road","id":"road-563543383-0","name":"VANCO JUNCTION AI","osmWay":563543383,"major":false,"bridge":false},"geometry":{"type":"LineString","coordinates":[[8.111693,6.318801],[8.1117391,6.3188549]]}},{"type":"Feature","properties":{"kind":"road","id":"road-580683818-0","name":"VANCO JUNCTION AI","osmWay":580683818,"major":false,"bridge":false},"geometry":{"type":"LineString","coordinates":[[8.1117391,6.3188549],[8.111678,6.3188976]]}},{"type":"Feature","properties":{"kind":"road","id":"road-580683821-0","name":"Unnamed mapped secondary_link","osmWay":580683821,"major":false,"bridge":false},"geometry":{"type":"LineString","coordinates":[[8.1225003,6.315289],[8.1225153,6.3152082]]}},{"type":"Feature","properties":{"kind":"road","id":"road-580683823-0","name":"Unnamed mapped secondary","osmWay":580683823,"major":false,"bridge":true},"geometry":{"type":"LineString","coordinates":[[8.1011041,6.3099872],[8.1016506,6.3095905],[8.1013793,6.3084669]]}},{"type":"Feature","properties":{"kind":"road","id":"road-580683824-0","name":"Ogbaga Road","osmWay":580683824,"major":false,"bridge":false},"geometry":{"type":"LineString","coordinates":[[8.1014001,6.3308983],[8.1014366,6.3309879]]}},{"type":"Feature","properties":{"kind":"road","id":"road-580683827-0","name":"Quarry Road","osmWay":580683827,"major":false,"bridge":false},"geometry":{"type":"LineString","coordinates":[[8.0968831,6.3252245],[8.0967553,6.3250805]]}},{"type":"Feature","properties":{"kind":"road","id":"road-580683828-0","name":"Unnamed mapped secondary_link","osmWay":580683828,"major":false,"bridge":false},"geometry":{"type":"LineString","coordinates":[[8.0967553,6.3250805],[8.0971632,6.3252502]]}},{"type":"Feature","properties":{"kind":"road","id":"road-580683829-0","name":"Unnamed mapped secondary_link","osmWay":580683829,"major":false,"bridge":false},"geometry":{"type":"LineString","coordinates":[[8.1028377,6.3281451],[8.1028904,6.3280422]]}},{"type":"Feature","properties":{"kind":"road","id":"road-580683831-0","name":"Quarry Road","osmWay":580683831,"major":false,"bridge":false},"geometry":{"type":"LineString","coordinates":[[8.0969425,6.3253071],[8.0968831,6.3252245]]}},{"type":"Feature","properties":{"kind":"road","id":"road-580698330-0","name":"Ogoja Road","osmWay":580698330,"major":false,"bridge":false},"geometry":{"type":"LineString","coordinates":[[8.108983,6.324583],[8.1093089,6.3219367],[8.111632,6.3188476]]}},{"type":"Feature","properties":{"kind":"road","id":"road-580698331-0","name":"Ogoja Road","osmWay":580698331,"major":false,"bridge":false},"geometry":{"type":"LineString","coordinates":[[8.111678,6.3188976],[8.1093867,6.32197],[8.1090784,6.3245725]]}},{"type":"Feature","properties":{"kind":"road","id":"road-580698332-0","name":"VANCO JUNCTION AI","osmWay":580698332,"major":false,"bridge":false},"geometry":{"type":"LineString","coordinates":[[8.111678,6.3188976],[8.111632,6.3188476]]}},{"type":"Feature","properties":{"kind":"road","id":"road-580698333-0","name":"VANCO JUNCTION AI","osmWay":580698333,"major":false,"bridge":false},"geometry":{"type":"LineString","coordinates":[[8.111632,6.3188476],[8.111693,6.318801]]}},{"type":"Feature","properties":{"kind":"road","id":"road-580774122-0","name":"Ogoja Road","osmWay":580774122,"major":false,"bridge":true},"geometry":{"type":"LineString","coordinates":[[8.1150354,6.3177165],[8.1150924,6.3176979]]}},{"type":"Feature","properties":{"kind":"road","id":"road-580774123-0","name":"Ogoja Road","osmWay":580774123,"major":false,"bridge":false},"geometry":{"type":"LineString","coordinates":[[8.111693,6.318801],[8.1150354,6.3177165]]}},{"type":"Feature","properties":{"kind":"road","id":"road-580774124-0","name":"Ogoja Road","osmWay":580774124,"major":false,"bridge":true},"geometry":{"type":"LineString","coordinates":[[8.115128,6.3177745],[8.1150656,6.3177952]]}},{"type":"Feature","properties":{"kind":"road","id":"road-580774125-0","name":"Ogoja Road","osmWay":580774125,"major":false,"bridge":false},"geometry":{"type":"LineString","coordinates":[[8.1150656,6.3177952],[8.1117391,6.3188549]]}},{"type":"Feature","properties":{"kind":"road","id":"road-594253257-0","name":"A343","osmWay":594253257,"major":true,"bridge":false},"geometry":{"type":"LineString","coordinates":[[8.0603201,6.3483919],[8.0640704,6.3447628]]}},{"type":"Feature","properties":{"kind":"road","id":"road-594253259-0","name":"A343","osmWay":594253259,"major":true,"bridge":false},"geometry":{"type":"LineString","coordinates":[[8.0640704,6.3447628],[8.0656892,6.3432196]]}},{"type":"Feature","properties":{"kind":"road","id":"road-594253272-0","name":"Enugu-Abakaliki Road","osmWay":594253272,"major":true,"bridge":false},"geometry":{"type":"LineString","coordinates":[[8.095871,6.3142674],[8.0863234,6.3234875]]}},{"type":"Feature","properties":{"kind":"road","id":"road-594253279-0","name":"Enugu-Abakaliki Road","osmWay":594253279,"major":true,"bridge":true},"geometry":{"type":"LineString","coordinates":[[8.0958,6.3141828],[8.0959998,6.3139896]]}},{"type":"Feature","properties":{"kind":"road","id":"road-594253282-0","name":"Enugu-Abakaliki Road","osmWay":594253282,"major":true,"bridge":false},"geometry":{"type":"LineString","coordinates":[[8.0916044,6.318201],[8.0958,6.3141828]]}},{"type":"Feature","properties":{"kind":"road","id":"road-594253286-0","name":"Unnamed mapped trunk_link","osmWay":594253286,"major":false,"bridge":false},"geometry":{"type":"LineString","coordinates":[[8.1342883,6.3085477],[8.1343052,6.3084139]]}},{"type":"Feature","properties":{"kind":"road","id":"road-594253288-0","name":"Ogoja-Abakaliki Road","osmWay":594253288,"major":true,"bridge":false},"geometry":{"type":"LineString","coordinates":[[8.1442467,6.3092086],[8.1457288,6.3088432],[8.1483111,6.307959]]}},{"type":"Feature","properties":{"kind":"road","id":"road-594253292-0","name":"Ogoja-Abakaliki Road","osmWay":594253292,"major":true,"bridge":false},"geometry":{"type":"LineString","coordinates":[[8.1391653,6.3088963],[8.1422237,6.3091682],[8.1442467,6.3092086]]}},{"type":"Feature","properties":{"kind":"road","id":"road-594253296-0","name":"Ogoja-Abakaliki Road","osmWay":594253296,"major":true,"bridge":true},"geometry":{"type":"LineString","coordinates":[[8.1390332,6.3088863],[8.1391653,6.3088963]]}},{"type":"Feature","properties":{"kind":"road","id":"road-594253300-0","name":"Ogoja-Abakaliki Road","osmWay":594253300,"major":true,"bridge":false},"geometry":{"type":"LineString","coordinates":[[8.1228648,6.307306],[8.1390332,6.3088863]]}},{"type":"Feature","properties":{"kind":"road","id":"road-594253304-0","name":"Ogoja-Abakaliki Road","osmWay":594253304,"major":true,"bridge":true},"geometry":{"type":"LineString","coordinates":[[8.122496,6.30727],[8.1228648,6.307306]]}},{"type":"Feature","properties":{"kind":"road","id":"road-594254646-0","name":"Unnamed mapped tertiary","osmWay":594254646,"major":false,"bridge":false},"geometry":{"type":"LineString","coordinates":[[8.1366903,6.3571493],[8.1367309,6.3571854]]}},{"type":"Feature","properties":{"kind":"road","id":"road-594254647-0","name":"Unnamed mapped tertiary","osmWay":594254647,"major":false,"bridge":true},"geometry":{"type":"LineString","coordinates":[[8.1363823,6.3568961],[8.1366903,6.3571493]]}},{"type":"Feature","properties":{"kind":"road","id":"road-594254648-0","name":"Water works Road","osmWay":594254648,"major":false,"bridge":false},"geometry":{"type":"LineString","coordinates":[[8.1174907,6.325506],[8.1198555,6.3257865]]}},{"type":"Feature","properties":{"kind":"road","id":"road-594578189-0","name":"Abakaliki-Afikpo Road","osmWay":594578189,"major":true,"bridge":false},"geometry":{"type":"LineString","coordinates":[[8.0534047,6.1846359],[8.0515804,6.1829892],[8.0463464,6.1799904],[8.0386992,6.1734402]]}},{"type":"Feature","properties":{"kind":"road","id":"road-594664578-0","name":"F236","osmWay":594664578,"major":false,"bridge":true},"geometry":{"type":"LineString","coordinates":[[8.1869924,6.2774383],[8.1869884,6.2770317]]}},{"type":"Feature","properties":{"kind":"road","id":"road-594664579-0","name":"F236","osmWay":594664579,"major":false,"bridge":false},"geometry":{"type":"LineString","coordinates":[[8.1869527,6.278472],[8.1869924,6.2774383]]}},{"type":"Feature","properties":{"kind":"road","id":"road-595458965-0","name":"Unnamed mapped tertiary","osmWay":595458965,"major":false,"bridge":false},"geometry":{"type":"LineString","coordinates":[[8.0762143,6.2859956],[8.0751176,6.2858511]]}},{"type":"Feature","properties":{"kind":"road","id":"road-595458966-0","name":"Unnamed mapped secondary","osmWay":595458966,"major":false,"bridge":false},"geometry":{"type":"LineString","coordinates":[[8.0964132,6.3046432],[8.093909,6.3013742],[8.0921414,6.300813],[8.0912551,6.3003966],[8.0892889,6.2989241],[8.088267,6.2970926],[8.0871458,6.2956636],[8.086592,6.2954356],[8.0833631,6.2951477],[8.0821585,6.2943325],[8.0813384,6.2934387],[8.0800658,6.2929552],[8.0785332,6.2911619],[8.0783465,6.2905942],[8.0784257,6.2897397],[8.0782843,6.2891606],[8.077074,6.2880138],[8.0766781,6.2864735],[8.0762143,6.2859956]]}},{"type":"Feature","properties":{"kind":"road","id":"road-595586477-0","name":"Unnamed mapped secondary","osmWay":595586477,"major":false,"bridge":false},"geometry":{"type":"LineString","coordinates":[[8.0875786,6.3398877],[8.082397,6.3477619],[8.079542,6.3518353]]}},{"type":"Feature","properties":{"kind":"road","id":"road-595586479-0","name":"Unnamed mapped trunk_link","osmWay":595586479,"major":false,"bridge":false},"geometry":{"type":"LineString","coordinates":[[8.0705959,6.3386431],[8.0706112,6.3386595]]}},{"type":"Feature","properties":{"kind":"road","id":"road-595586481-0","name":"Unnamed mapped secondary_link","osmWay":595586481,"major":false,"bridge":false},"geometry":{"type":"LineString","coordinates":[[8.1041742,6.3272209],[8.1042536,6.3271668]]}},{"type":"Feature","properties":{"kind":"road","id":"road-595586485-0","name":"Unnamed mapped tertiary","osmWay":595586485,"major":false,"bridge":false},"geometry":{"type":"LineString","coordinates":[[8.078277,6.3312614],[8.0782663,6.3312073]]}},{"type":"Feature","properties":{"kind":"road","id":"road-597080336-0","name":"Enugu-Abakaliki Road","osmWay":597080336,"major":true,"bridge":false},"geometry":{"type":"LineString","coordinates":[[8.0863234,6.3234875],[8.0842028,6.325533]]}},{"type":"Feature","properties":{"kind":"road","id":"road-597080338-0","name":"A343","osmWay":597080338,"major":true,"bridge":false},"geometry":{"type":"LineString","coordinates":[[8.0845739,6.3250181],[8.0916044,6.318201]]}},{"type":"Feature","properties":{"kind":"road","id":"road-599383315-0","name":"Ezza Road","osmWay":599383315,"major":false,"bridge":false},"geometry":{"type":"LineString","coordinates":[[8.0840448,6.3257618],[8.0968831,6.3252245]]}},{"type":"Feature","properties":{"kind":"road","id":"road-599383316-0","name":"Unnamed mapped secondary","osmWay":599383316,"major":false,"bridge":false},"geometry":{"type":"LineString","coordinates":[[8.0839606,6.3256255],[8.0840509,6.3258172],[8.0839635,6.3260157],[8.0835883,6.3260021]]}},{"type":"Feature","properties":{"kind":"road","id":"road-599383318-0","name":"Unnamed mapped trunk_link","osmWay":599383318,"major":false,"bridge":false},"geometry":{"type":"LineString","coordinates":[[8.0838532,6.3260762],[8.0816443,6.3280091]]}},{"type":"Feature","properties":{"kind":"road","id":"road-599383320-0","name":"Unnamed mapped trunk_link","osmWay":599383320,"major":false,"bridge":false},"geometry":{"type":"LineString","coordinates":[[8.0861199,6.3236736],[8.0840448,6.3257618]]}},{"type":"Feature","properties":{"kind":"road","id":"road-599383321-0","name":"Unnamed mapped trunk_link","osmWay":599383321,"major":false,"bridge":false},"geometry":{"type":"LineString","coordinates":[[8.0855489,6.3239935],[8.0860577,6.3235937]]}},{"type":"Feature","properties":{"kind":"road","id":"road-599383325-0","name":"Unnamed mapped trunk_link","osmWay":599383325,"major":false,"bridge":false},"geometry":{"type":"LineString","coordinates":[[8.0845298,6.3253021],[8.0844014,6.3255305],[8.0845188,6.3257479]]}},{"type":"Feature","properties":{"kind":"road","id":"road-599383326-0","name":"Enugu-Abakaliki Road","osmWay":599383326,"major":true,"bridge":false},"geometry":{"type":"LineString","coordinates":[[8.0666848,6.3424356],[8.0577676,6.3510275]]}},{"type":"Feature","properties":{"kind":"road","id":"road-599383326-1","name":"Enugu-Abakaliki Road","osmWay":599383326,"major":true,"bridge":false},"geometry":{"type":"LineString","coordinates":[[8.0834773,6.3262328],[8.0702682,6.3389816]]}},{"type":"Feature","properties":{"kind":"road","id":"road-599383327-0","name":"Enugu-Abakaliki Road","osmWay":599383327,"major":true,"bridge":true},"geometry":{"type":"LineString","coordinates":[[8.0842028,6.325533],[8.0834773,6.3262328]]}},{"type":"Feature","properties":{"kind":"road","id":"road-599383328-0","name":"A343","osmWay":599383328,"major":true,"bridge":true},"geometry":{"type":"LineString","coordinates":[[8.0840989,6.3254856],[8.084124,6.3254616]]}},{"type":"Feature","properties":{"kind":"road","id":"road-599383329-0","name":"A343","osmWay":599383329,"major":true,"bridge":false},"geometry":{"type":"LineString","coordinates":[[8.084124,6.3254616],[8.0845739,6.3250181]]}},{"type":"Feature","properties":{"kind":"road","id":"road-604774211-0","name":"Unnamed mapped secondary","osmWay":604774211,"major":false,"bridge":false},"geometry":{"type":"LineString","coordinates":[[8.1423735,6.5092628],[8.1421364,6.5092245]]}},{"type":"Feature","properties":{"kind":"road","id":"road-604774212-0","name":"Unnamed mapped secondary","osmWay":604774212,"major":false,"bridge":false},"geometry":{"type":"LineString","coordinates":[[8.1421663,6.5090628],[8.1423735,6.5092628]]}},{"type":"Feature","properties":{"kind":"road","id":"road-604774213-0","name":"Unnamed mapped tertiary","osmWay":604774213,"major":false,"bridge":false},"geometry":{"type":"LineString","coordinates":[[8.1421281,6.5092313],[8.1421388,6.509529]]}},{"type":"Feature","properties":{"kind":"road","id":"road-604774214-0","name":"Unnamed mapped tertiary","osmWay":604774214,"major":false,"bridge":false},"geometry":{"type":"LineString","coordinates":[[8.1421388,6.509529],[8.1420025,6.5092508]]}},{"type":"Feature","properties":{"kind":"road","id":"road-604774215-0","name":"Unnamed mapped tertiary","osmWay":604774215,"major":false,"bridge":false},"geometry":{"type":"LineString","coordinates":[[8.1416689,6.5091025],[8.1419354,6.5090495]]}},{"type":"Feature","properties":{"kind":"road","id":"road-604774216-0","name":"Unnamed mapped tertiary","osmWay":604774216,"major":false,"bridge":false},"geometry":{"type":"LineString","coordinates":[[8.1419191,6.5091667],[8.1416689,6.5091025]]}},{"type":"Feature","properties":{"kind":"road","id":"road-604774217-0","name":"Ogbaga Road","osmWay":604774217,"major":false,"bridge":false},"geometry":{"type":"LineString","coordinates":[[8.1420423,6.5087458],[8.1421171,6.5090104]]}},{"type":"Feature","properties":{"kind":"road","id":"road-604774218-0","name":"Ogbaga Road","osmWay":604774218,"major":false,"bridge":false},"geometry":{"type":"LineString","coordinates":[[8.1419805,6.5090081],[8.1420423,6.5087458]]}},{"type":"Feature","properties":{"kind":"road","id":"road-604774219-0","name":"Unnamed mapped secondary","osmWay":604774219,"major":false,"bridge":false},"geometry":{"type":"LineString","coordinates":[[8.1420025,6.5092508],[8.1419179,6.5090862],[8.1420729,6.5089933],[8.1421793,6.5091488],[8.1420025,6.5092508]]}},{"type":"Feature","properties":{"kind":"road","id":"road-604900251-0","name":"Unnamed mapped secondary_link","osmWay":604900251,"major":false,"bridge":false},"geometry":{"type":"LineString","coordinates":[[8.0803479,6.3505404],[8.0804253,6.3505982]]}},{"type":"Feature","properties":{"kind":"road","id":"road-605155237-0","name":"F236","osmWay":605155237,"major":false,"bridge":true},"geometry":{"type":"LineString","coordinates":[[8.1945227,6.2342852],[8.1948084,6.2341319]]}},{"type":"Feature","properties":{"kind":"road","id":"road-605155241-0","name":"F236","osmWay":605155241,"major":false,"bridge":false},"geometry":{"type":"LineString","coordinates":[[8.1920846,6.2625491],[8.1928396,6.2615612],[8.1930542,6.261092],[8.1935799,6.2585004],[8.195136,6.2548521],[8.1950931,6.2542228],[8.1946854,6.2528044],[8.1933223,6.248998],[8.1927538,6.2466036],[8.1917614,6.2437133],[8.1918793,6.239426],[8.1920027,6.2387701],[8.1931936,6.2352932],[8.1936013,6.2348666],[8.1945227,6.2342852]]}},{"type":"Feature","properties":{"kind":"road","id":"road-605492205-0","name":"Ogbaga Road","osmWay":605492205,"major":false,"bridge":true},"geometry":{"type":"LineString","coordinates":[[8.111051,6.3581971],[8.1109983,6.3577691]]}},{"type":"Feature","properties":{"kind":"road","id":"road-605492206-0","name":"Ogbaga Road","osmWay":605492206,"major":false,"bridge":false},"geometry":{"type":"LineString","coordinates":[[8.1109983,6.3577691],[8.1107066,6.3563833],[8.1090474,6.3531849],[8.1072557,6.3487811],[8.1055176,6.343183],[8.1052027,6.3426067],[8.1027945,6.3396094],[8.1014966,6.3374302]]}},{"type":"Feature","properties":{"kind":"road","id":"road-605532681-0","name":"Unnamed mapped secondary","osmWay":605532681,"major":false,"bridge":true},"geometry":{"type":"LineString","coordinates":[[8.1105897,6.2132953],[8.1105896,6.2136189]]}},{"type":"Feature","properties":{"kind":"road","id":"road-605532682-0","name":"Unnamed mapped secondary","osmWay":605532682,"major":false,"bridge":false},"geometry":{"type":"LineString","coordinates":[[8.1105765,6.2110726],[8.1105897,6.2132953]]}},{"type":"Feature","properties":{"kind":"road","id":"road-606207159-0","name":"F236","osmWay":606207159,"major":false,"bridge":false},"geometry":{"type":"LineString","coordinates":[[8.1948084,6.2341319],[8.2093458,6.2248344],[8.2141672,6.2138806],[8.2198751,6.2079645]]}},{"type":"Feature","properties":{"kind":"road","id":"road-606213787-0","name":"F236","osmWay":606213787,"major":false,"bridge":true},"geometry":{"type":"LineString","coordinates":[[8.1918445,6.2628317],[8.1920846,6.2625491]]}},{"type":"Feature","properties":{"kind":"road","id":"road-606213788-0","name":"F236","osmWay":606213788,"major":false,"bridge":false},"geometry":{"type":"LineString","coordinates":[[8.1869884,6.2770317],[8.186743,6.2724766],[8.1869575,6.2712208],[8.1876576,6.2697251],[8.1904417,6.2646647],[8.1918445,6.2628317]]}},{"type":"Feature","properties":{"kind":"road","id":"road-607287229-0","name":"Unnamed mapped secondary","osmWay":607287229,"major":false,"bridge":false},"geometry":{"type":"LineString","coordinates":[[8.110831,6.2106795],[8.1105765,6.2110726]]}},{"type":"Feature","properties":{"kind":"road","id":"road-607287230-0","name":"Unnamed mapped secondary","osmWay":607287230,"major":false,"bridge":false},"geometry":{"type":"LineString","coordinates":[[8.1105765,6.2110726],[8.1105146,6.2107328],[8.110831,6.2106795]]}},{"type":"Feature","properties":{"kind":"road","id":"road-607287241-0","name":"Unnamed mapped primary_link","osmWay":607287241,"major":false,"bridge":false},"geometry":{"type":"LineString","coordinates":[[8.1046707,6.2432613],[8.1049235,6.2430601]]}},{"type":"Feature","properties":{"kind":"road","id":"road-610722061-0","name":"Iboko-Ndinkwoda Road","osmWay":610722061,"major":false,"bridge":true},"geometry":{"type":"LineString","coordinates":[[8.1618778,6.6662886],[8.1616671,6.6662468]]}},{"type":"Feature","properties":{"kind":"road","id":"road-610722062-0","name":"Iboko-Ndinkwoda Road","osmWay":610722062,"major":false,"bridge":false},"geometry":{"type":"LineString","coordinates":[[8.1616671,6.6662468],[8.1570895,6.6653528],[8.1425228,6.6648122],[8.1406894,6.6646582],[8.1393591,6.6642666],[8.1380716,6.6635686],[8.1370684,6.6627986],[8.125584,6.6507453],[8.1206907,6.6467155],[8.1195164,6.6458306],[8.1186349,6.6453448],[8.117311,6.6448202],[8.1152747,6.6445799],[8.108739,6.6450555],[8.1066053,6.6449203],[8.1040424,6.6441363],[8.0957248,6.6411838]]}},{"type":"Feature","properties":{"kind":"road","id":"road-625532241-0","name":"Ogoja-Abakaliki Road","osmWay":625532241,"major":true,"bridge":false},"geometry":{"type":"LineString","coordinates":[[8.1027053,6.3093868],[8.1047626,6.3084151],[8.1080067,6.307434],[8.1097732,6.3070663],[8.1111838,6.3068475],[8.1142214,6.3066315],[8.1171584,6.3067569]]}},{"type":"Feature","properties":{"kind":"road","id":"road-625532242-0","name":"Ogoja-Abakaliki Road","osmWay":625532242,"major":true,"bridge":true},"geometry":{"type":"LineString","coordinates":[[8.1027482,6.3094654],[8.1018443,6.3099307]]}},{"type":"Feature","properties":{"kind":"road","id":"road-625532243-0","name":"Ogoja-Abakaliki Road","osmWay":625532243,"major":true,"bridge":false},"geometry":{"type":"LineString","coordinates":[[8.1018443,6.3099307],[8.1003262,6.3108078]]}},{"type":"Feature","properties":{"kind":"road","id":"road-625532244-0","name":"Enugu-Abakaliki Road","osmWay":625532244,"major":true,"bridge":true},"geometry":{"type":"LineString","coordinates":[[8.1017974,6.30984],[8.1027053,6.3093868]]}},{"type":"Feature","properties":{"kind":"road","id":"road-625532245-0","name":"Unnamed mapped trunk_link","osmWay":625532245,"major":false,"bridge":false},"geometry":{"type":"LineString","coordinates":[[8.104827,6.3085737],[8.1024805,6.3097048]]}},{"type":"Feature","properties":{"kind":"road","id":"road-625532246-0","name":"Unnamed mapped trunk_link","osmWay":625532246,"major":false,"bridge":false},"geometry":{"type":"LineString","coordinates":[[8.1023313,6.309466],[8.1040451,6.3086323],[8.1047626,6.3084151]]}},{"type":"Feature","properties":{"kind":"road","id":"road-625532247-0","name":"Unnamed mapped trunk_link","osmWay":625532247,"major":false,"bridge":false},"geometry":{"type":"LineString","coordinates":[[8.0998836,6.3109544],[8.1020943,6.3096061]]}},{"type":"Feature","properties":{"kind":"road","id":"road-625532248-0","name":"Unnamed mapped trunk_link","osmWay":625532248,"major":false,"bridge":false},"geometry":{"type":"LineString","coordinates":[[8.1022044,6.309838],[8.0999488,6.3110346]]}},{"type":"Feature","properties":{"kind":"road","id":"road-629317187-0","name":"ECHALIKE TO NOYO JUNCTION ROAD","osmWay":629317187,"major":false,"bridge":false},"geometry":{"type":"LineString","coordinates":[[8.2198751,6.2079645],[8.220782,6.2071215],[8.2211101,6.2066358],[8.2218169,6.2046359],[8.2222876,6.2037453],[8.2248423,6.2017708]]}},{"type":"Feature","properties":{"kind":"road","id":"road-629317279-0","name":"F236","osmWay":629317279,"major":false,"bridge":true},"geometry":{"type":"LineString","coordinates":[[8.225128,6.2016001],[8.2248423,6.2017708]]}},{"type":"Feature","properties":{"kind":"road","id":"road-629319220-0","name":"NOYO TO NDIAGU ECHARA","osmWay":629319220,"major":false,"bridge":false},"geometry":{"type":"LineString","coordinates":[[8.2307378,6.1973938],[8.2390547,6.1891261]]}},{"type":"Feature","properties":{"kind":"road","id":"road-636993573-0","name":"Unnamed mapped tertiary","osmWay":636993573,"major":false,"bridge":false},"geometry":{"type":"LineString","coordinates":[[8.1053768,6.3283308],[8.1054466,6.3284341]]}},{"type":"Feature","properties":{"kind":"road","id":"road-636993574-0","name":"Ogoja Road","osmWay":636993574,"major":false,"bridge":false},"geometry":{"type":"LineString","coordinates":[[8.1054466,6.3284341],[8.105345,6.3284542]]}},{"type":"Feature","properties":{"kind":"road","id":"road-636993575-0","name":"Onwe Road","osmWay":636993575,"major":false,"bridge":false},"geometry":{"type":"LineString","coordinates":[[8.1049897,6.3283713],[8.1048856,6.328291]]}},{"type":"Feature","properties":{"kind":"road","id":"road-637117416-0","name":"ECHALIKE TO NOYO JUNCTION ROAD","osmWay":637117416,"major":false,"bridge":false},"geometry":{"type":"LineString","coordinates":[[8.225128,6.2016001],[8.22823,6.1996909],[8.2307378,6.1973938]]}},{"type":"Feature","properties":{"kind":"road","id":"road-641450590-0","name":"Unnamed mapped tertiary","osmWay":641450590,"major":false,"bridge":false},"geometry":{"type":"LineString","coordinates":[[8.0867549,6.4168486],[8.0865352,6.4165267],[8.0862937,6.4144222],[8.085043,6.410516],[8.084995,6.4086476],[8.085251,6.4073198],[8.0855956,6.4062956],[8.0849818,6.4044635]]}},{"type":"Feature","properties":{"kind":"road","id":"road-681760291-0","name":"Unnamed mapped tertiary","osmWay":681760291,"major":false,"bridge":false},"geometry":{"type":"LineString","coordinates":[[8.1139606,6.4492534],[8.1130704,6.4493347]]}},{"type":"Feature","properties":{"kind":"road","id":"road-687498722-0","name":"Unnamed mapped trunk_link","osmWay":687498722,"major":false,"bridge":false},"geometry":{"type":"LineString","coordinates":[[8.0608113,6.3479183],[8.0608902,6.3480051]]}},{"type":"Feature","properties":{"kind":"road","id":"road-687498725-0","name":"Enugu-Abakaliki Road","osmWay":687498725,"major":true,"bridge":false},"geometry":{"type":"LineString","coordinates":[[8.0438461,6.3642195],[8.0534575,6.3550138]]}},{"type":"Feature","properties":{"kind":"road","id":"road-687498726-0","name":"Enugu-Abakaliki Road","osmWay":687498726,"major":true,"bridge":true},"geometry":{"type":"LineString","coordinates":[[8.0434956,6.3647372],[8.04334,6.3648945]]}},{"type":"Feature","properties":{"kind":"road","id":"road-687498727-0","name":"Enugu-Abakaliki Road","osmWay":687498727,"major":true,"bridge":false},"geometry":{"type":"LineString","coordinates":[[8.0577676,6.3510275],[8.0434956,6.3647372]]}},{"type":"Feature","properties":{"kind":"road","id":"road-687498729-0","name":"Enugu-Abakaliki Road","osmWay":687498729,"major":true,"bridge":false},"geometry":{"type":"LineString","coordinates":[[8.0388756,6.3690558],[8.0395488,6.3684008]]}},{"type":"Feature","properties":{"kind":"road","id":"road-687498729-1","name":"Enugu-Abakaliki Road","osmWay":687498729,"major":true,"bridge":false},"geometry":{"type":"LineString","coordinates":[[8.0395967,6.3683542],[8.0421547,6.3658652]]}},{"type":"Feature","properties":{"kind":"road","id":"road-1181485403-0","name":"Abakaliki-Afikpo Road","osmWay":1181485403,"major":true,"bridge":false},"geometry":{"type":"LineString","coordinates":[[8.1004444,6.3053441],[8.0999333,6.3036549],[8.0999225,6.3019194],[8.1002283,6.3008103],[8.1017384,6.2975245],[8.1021582,6.2959208],[8.1025068,6.2928696],[8.1014702,6.2806029],[8.1015372,6.2788286],[8.1019154,6.2769943],[8.1023473,6.2752453],[8.1031841,6.2729405],[8.1052119,6.2692235],[8.1055921,6.2686806],[8.1082925,6.2661077],[8.110874,6.2592496],[8.1111462,6.2578379],[8.1112026,6.2566647],[8.1107412,6.2538238],[8.1103653,6.2527323],[8.1065261,6.2466569],[8.1033263,6.2409324],[8.1024504,6.2397835],[8.1005468,6.2379188]]}},{"type":"Feature","properties":{"kind":"road","id":"road-1181485404-0","name":"Abakaliki-Afikpo Road","osmWay":1181485404,"major":true,"bridge":false},"geometry":{"type":"LineString","coordinates":[[8.0968003,6.2345406],[8.0952167,6.2331575],[8.0936406,6.2322718],[8.0899914,6.2311969],[8.0871676,6.2292762],[8.0863362,6.2283883],[8.084929,6.2263101],[8.083148,6.2217159],[8.0828771,6.2190735],[8.0825713,6.2181722],[8.0819678,6.2175056],[8.0806042,6.2166983],[8.0795598,6.2157822],[8.0785668,6.2153991],[8.0762279,6.2148898],[8.0734316,6.2135129],[8.0693641,6.2126554],[8.066908,6.2128555],[8.066014,6.2127434],[8.0642122,6.2115696],[8.0637771,6.2108355],[8.0634217,6.2091223],[8.0631495,6.2085517],[8.0624574,6.2072264],[8.0610556,6.2050331],[8.0604605,6.2044199],[8.059051,6.203476],[8.0586393,6.2030574],[8.0575249,6.2008068],[8.0554931,6.1981976],[8.0550773,6.1941498],[8.054944,6.1906944]]}},{"type":"Feature","properties":{"kind":"road","id":"road-1181485405-0","name":"Airport Road","osmWay":1181485405,"major":false,"bridge":false},"geometry":{"type":"LineString","coordinates":[[8.0337054,6.1868098],[8.0355358,6.1862387],[8.0374123,6.186055],[8.0547421,6.1875462]]}},{"type":"Feature","properties":{"kind":"road","id":"road-1181485406-0","name":"Unnamed mapped primary","osmWay":1181485406,"major":true,"bridge":true},"geometry":{"type":"LineString","coordinates":[[8.0539099,6.1851192],[8.0544871,6.186397],[8.0549467,6.1899939]]}},{"type":"Feature","properties":{"kind":"road","id":"road-1181485407-0","name":"Unnamed mapped primary","osmWay":1181485407,"major":true,"bridge":true},"geometry":{"type":"LineString","coordinates":[[8.0548722,6.189999],[8.05445,6.1865556],[8.0538486,6.1851638]]}},{"type":"Feature","properties":{"kind":"road","id":"road-1181485408-0","name":"Unnamed mapped primary","osmWay":1181485408,"major":true,"bridge":false},"geometry":{"type":"LineString","coordinates":[[8.0538486,6.1851638],[8.0534047,6.1846359]]}},{"type":"Feature","properties":{"kind":"road","id":"road-1181485409-0","name":"Unnamed mapped primary","osmWay":1181485409,"major":true,"bridge":false},"geometry":{"type":"LineString","coordinates":[[8.0534047,6.1846359],[8.0539099,6.1851192]]}},{"type":"Feature","properties":{"kind":"road","id":"road-1181485410-0","name":"Unnamed mapped primary","osmWay":1181485410,"major":true,"bridge":false},"geometry":{"type":"LineString","coordinates":[[8.054944,6.1906944],[8.0548722,6.189999]]}},{"type":"Feature","properties":{"kind":"road","id":"road-1181485411-0","name":"Unnamed mapped primary","osmWay":1181485411,"major":true,"bridge":false},"geometry":{"type":"LineString","coordinates":[[8.0549467,6.1899939],[8.054944,6.1906944]]}},{"type":"Feature","properties":{"kind":"road","id":"road-1181485412-0","name":"Unnamed mapped secondary","osmWay":1181485412,"major":false,"bridge":false},"geometry":{"type":"LineString","coordinates":[[8.0549114,6.1905474],[8.0543336,6.1864088],[8.0535552,6.1848279]]}},{"type":"Feature","properties":{"kind":"road","id":"road-1181485413-0","name":"Unnamed mapped secondary","osmWay":1181485413,"major":false,"bridge":false},"geometry":{"type":"LineString","coordinates":[[8.0536153,6.184816],[8.0539117,6.185013],[8.0542707,6.1855511],[8.0546215,6.1865623],[8.0550159,6.1896771],[8.0549603,6.1905474]]}},{"type":"Feature","properties":{"kind":"road","id":"road-1181485414-0","name":"Airport Road","osmWay":1181485414,"major":false,"bridge":false},"geometry":{"type":"LineString","coordinates":[[8.0547421,6.1875462],[8.0375375,6.1861375],[8.035767,6.1862754],[8.0336903,6.1869048]]}},{"type":"Feature","properties":{"kind":"road","id":"road-1181485415-0","name":"Unnamed mapped secondary","osmWay":1181485415,"major":false,"bridge":false},"geometry":{"type":"LineString","coordinates":[[8.054551,6.1878863],[8.0542193,6.187558]]}},{"type":"Feature","properties":{"kind":"road","id":"road-1181485416-0","name":"Unnamed mapped secondary","osmWay":1181485416,"major":false,"bridge":false},"geometry":{"type":"LineString","coordinates":[[8.054152,6.1874545],[8.0543823,6.187308],[8.0544497,6.1870985]]}},{"type":"Feature","properties":{"kind":"road","id":"road-1181485417-0","name":"Unnamed mapped secondary_link","osmWay":1181485417,"major":false,"bridge":false},"geometry":{"type":"LineString","coordinates":[[8.053826,6.187513],[8.0538305,6.1874342]]}},{"type":"Feature","properties":{"kind":"road","id":"road-1181877225-0","name":"Unnamed mapped tertiary","osmWay":1181877225,"major":false,"bridge":false},"geometry":{"type":"LineString","coordinates":[[8.1416689,6.5091025],[8.1392849,6.5091197],[8.133925,6.5081695],[8.1301301,6.5085884]]}},{"type":"Feature","properties":{"kind":"road","id":"road-1194934202-0","name":"Unnamed mapped tertiary","osmWay":1194934202,"major":false,"bridge":false},"geometry":{"type":"LineString","coordinates":[[8.1572899,6.668264],[8.158662,6.6668681],[8.1586679,6.6656936]]}},{"type":"Feature","properties":{"kind":"road","id":"road-1229250623-0","name":"Unnamed mapped trunk_link","osmWay":1229250623,"major":false,"bridge":false},"geometry":{"type":"LineString","coordinates":[[8.118938,6.307124],[8.1166656,6.3068307]]}},{"type":"Feature","properties":{"kind":"road","id":"road-1280084268-0","name":"Unnamed mapped secondary","osmWay":1280084268,"major":false,"bridge":false},"geometry":{"type":"LineString","coordinates":[[8.1013793,6.3084669],[8.1008746,6.306947]]}},{"type":"Feature","properties":{"kind":"road","id":"road-1280084269-0","name":"Unnamed mapped secondary","osmWay":1280084269,"major":false,"bridge":false},"geometry":{"type":"LineString","coordinates":[[8.0993772,6.311281],[8.0997927,6.3108412],[8.1011041,6.3099872]]}},{"type":"Feature","properties":{"kind":"road","id":"road-1414619241-0","name":"Unnamed mapped primary_link","osmWay":1414619241,"major":false,"bridge":false},"geometry":{"type":"LineString","coordinates":[[8.1050062,6.2432531],[8.1047588,6.2434212]]}},{"type":"Feature","properties":{"kind":"road","id":"road-1414619849-0","name":"Unnamed mapped secondary","osmWay":1414619849,"major":false,"bridge":false},"geometry":{"type":"LineString","coordinates":[[8.1049235,6.2430601],[8.1057377,6.2450226]]}},{"type":"Feature","properties":{"kind":"road","id":"road-1427070616-0","name":"Unnamed mapped primary_link","osmWay":1427070616,"major":false,"bridge":false},"geometry":{"type":"LineString","coordinates":[[8.1018078,6.3088151],[8.1018983,6.3087799]]}},{"type":"Feature","properties":{"kind":"road","id":"road-1434351422-0","name":"Unnamed mapped trunk_link","osmWay":1434351422,"major":false,"bridge":false},"geometry":{"type":"LineString","coordinates":[[8.1217265,6.3074048],[8.1203409,6.3072527]]}},{"type":"Feature","properties":{"kind":"road","id":"road-1434351424-0","name":"Unnamed mapped trunk_link","osmWay":1434351424,"major":false,"bridge":false},"geometry":{"type":"LineString","coordinates":[[8.1189555,6.3068288],[8.1193278,6.3068756]]}},{"type":"Feature","properties":{"kind":"road","id":"road-1434351426-0","name":"Unnamed mapped trunk_link","osmWay":1434351426,"major":false,"bridge":false},"geometry":{"type":"LineString","coordinates":[[8.1166567,6.3067127],[8.1172506,6.3066486]]}},{"type":"Feature","properties":{"kind":"road","id":"road-1434351427-0","name":"Unnamed mapped trunk_link","osmWay":1434351427,"major":false,"bridge":false},"geometry":{"type":"LineString","coordinates":[[8.1193278,6.3068756],[8.1219468,6.3071305]]}},{"type":"Feature","properties":{"kind":"road","id":"road-1434351428-0","name":"Unnamed mapped trunk_link","osmWay":1434351428,"major":false,"bridge":false},"geometry":{"type":"LineString","coordinates":[[8.1193028,6.3071541],[8.118938,6.307124]]}},{"type":"Feature","properties":{"kind":"road","id":"road-1434351429-0","name":"Ogoja-Abakaliki Road","osmWay":1434351429,"major":true,"bridge":true},"geometry":{"type":"LineString","coordinates":[[8.1171584,6.3067569],[8.1211436,6.3071415]]}},{"type":"Feature","properties":{"kind":"road","id":"road-1434351430-0","name":"Ogoja-Abakaliki Road","osmWay":1434351430,"major":true,"bridge":true},"geometry":{"type":"LineString","coordinates":[[8.121135,6.3072592],[8.1171498,6.3068865]]}},{"type":"Feature","properties":{"kind":"road","id":"road-1434351431-0","name":"Ogoja-Abakaliki Road","osmWay":1434351431,"major":true,"bridge":false},"geometry":{"type":"LineString","coordinates":[[8.1224799,6.3073921],[8.121135,6.3072592]]}},{"type":"Feature","properties":{"kind":"road","id":"road-1434351432-0","name":"Ogoja-Abakaliki Road","osmWay":1434351432,"major":true,"bridge":false},"geometry":{"type":"LineString","coordinates":[[8.1211436,6.3071415],[8.122496,6.30727]]}},{"type":"Feature","properties":{"kind":"road","id":"road-1434662159-0","name":"Unnamed mapped trunk_link","osmWay":1434662159,"major":false,"bridge":false},"geometry":{"type":"LineString","coordinates":[[8.1219915,6.3073438],[8.1217265,6.3074048]]}},{"type":"Feature","properties":{"kind":"road","id":"road-1434662160-0","name":"Unnamed mapped trunk_link","osmWay":1434662160,"major":false,"bridge":false},"geometry":{"type":"LineString","coordinates":[[8.1219468,6.3071305],[8.1221042,6.3072328]]}},{"type":"Feature","properties":{"kind":"road","id":"road-1434662161-0","name":"Unnamed mapped trunk_link","osmWay":1434662161,"major":false,"bridge":false},"geometry":{"type":"LineString","coordinates":[[8.1203409,6.3072527],[8.1193028,6.3071541]]}},{"type":"Feature","properties":{"kind":"road","id":"road-1434662164-0","name":"Unnamed mapped trunk_link","osmWay":1434662164,"major":false,"bridge":false},"geometry":{"type":"LineString","coordinates":[[8.1172506,6.3066486],[8.1189555,6.3068288]]}},{"type":"Feature","properties":{"kind":"road","id":"road-1459612149-0","name":"Abakaliki-Afikpo Road","osmWay":1459612149,"major":true,"bridge":false},"geometry":{"type":"LineString","coordinates":[[8.1005468,6.2379188],[8.0968003,6.2345406]]}},{"type":"Feature","properties":{"kind":"road","id":"road-1461818462-0","name":"Unnamed mapped secondary","osmWay":1461818462,"major":false,"bridge":false},"geometry":{"type":"LineString","coordinates":[[8.079542,6.3518353],[8.0779748,6.3540701],[8.0765435,6.3556594]]}},{"type":"Feature","properties":{"kind":"road","id":"road-1461818463-0","name":"Unnamed mapped secondary","osmWay":1461818463,"major":false,"bridge":false},"geometry":{"type":"LineString","coordinates":[[8.0765435,6.3556594],[8.0702761,6.3635043],[8.0685345,6.3645636],[8.0608454,6.3699659],[8.0601789,6.3702925],[8.0517098,6.3732273],[8.0459525,6.3764088],[8.0370074,6.3809566]]}}]}
