{"type":"FeatureCollection","metadata":{"source":"Geofabrik Nigeria OSM extract, OpenStreetMap contributors, ODbL 1.0; geoBoundaries gbOpen GRID3 2022, CC BY 4.0","surfaceFormatVersion":1,"pbfUrl":"https://download.geofabrik.de/africa/nigeria-261003.osm.pbf","pbfDate":"2026-10-03","pbfSha256":"6dfa568106792fb8a9bba0b12a91e1edfb789d38c452087b2c48bc58326880b5","pbfBytes":709273731,"boundaryRelease":"9469f09","adm1Sha256":"64fa218ac3d453cc1e66412ff461c5dfa1a4a1ade0da93b239a9891b587d28f9","adm2Sha256":"bef7f2cfa45e012f4772eaa61c7b99e5188aeba4d5c6badae7e9f9aae8c02fcd","cityId":"ado-ekiti","stateId":"ekiti","stateSourceName":"Ekiti","localUnits":[["ado-ekiti","Ado-Ekiti"],["irepodun-ifelodun","Irepodun/Ifelodun"]],"coordinatePrecisionDegrees":1e-07,"transportSimplificationDegrees":8e-05,"locationIndex":"sparse_file_array","waterObjects":[]},"features":[{"type":"Feature","properties":{"kind":"state","id":"state:ekiti","localUnitId":"ekiti","name":"Ekiti"},"geometry":{"type":"Polygon","coordinates":[[[5.7676058,7.7371812],[5.7629432,7.7336487],[5.7561231,7.7284818],[5.745798,7.7218633],[5.7425523,7.7197828],[5.7282858,7.7103877],[5.716455,7.7009926],[5.7083934,7.6920354],[5.706049,7.6898078],[5.7031523,7.6866461],[5.6994042,7.682898],[5.694881,7.6717634],[5.6943245,7.6645284],[5.693141,7.6588883],[5.6920972,7.6515813],[5.691401,7.6428819],[5.691401,7.6380105],[5.6886172,7.632443],[5.6809621,7.623744],[5.6757426,7.623744],[5.6700818,7.6259454],[5.6593881,7.6289635],[5.6550565,7.6287227],[5.653101,7.6259637],[5.6466565,7.6176176],[5.6429787,7.6120567],[5.6420617,7.6102052],[5.6386194,7.6050009],[5.6383839,7.6046448],[5.634706,7.5990839],[5.6310329,7.5926003],[5.6291995,7.5888968],[5.6245995,7.582408],[5.6223081,7.5762186],[5.6218591,7.5750055],[5.6214694,7.5740196],[5.6200304,7.5703788],[5.6182117,7.5639052],[5.618178,7.5637145],[5.6164141,7.5537381],[5.6136994,7.5417194],[5.6127977,7.5370979],[5.6137714,7.5287929],[5.6129003,7.518631],[5.6120296,7.5084691],[5.612071,7.5010824],[5.6111851,7.4936905],[5.6103091,7.4844522],[5.6074967,7.4802003],[5.6054697,7.4731884],[5.6039109,7.4677963],[5.601191,7.4567008],[5.5993729,7.4502273],[5.5978545,7.4478219],[5.5929389,7.4400349],[5.5883493,7.4316988],[5.5828118,7.4270515],[5.5809731,7.4242716],[5.5754457,7.4177771],[5.5707735,7.409094],[5.5671701,7.4047998],[5.5663711,7.4038476],[5.5650248,7.4015564],[5.5618559,7.3961635],[5.5573716,7.387704],[5.5571091,7.3872797],[5.5524769,7.3797922],[5.5466416,7.3735667],[5.5423446,7.367732],[5.5368381,7.3575449],[5.5331497,7.3538308],[5.5304041,7.347352],[5.5258093,7.3399396],[5.5212145,7.3325276],[5.508306,7.3195291],[5.5044336,7.3161931],[5.4962883,7.3129988],[5.4898186,7.3092694],[5.4814997,7.3046064],[5.4731703,7.3017902],[5.4674686,7.3017587],[5.4657526,7.3017492],[5.4583354,7.3017082],[5.4540439,7.3006144],[5.4509282,7.2998204],[5.4453702,7.2988663],[5.43889,7.2969837],[5.4358511,7.2960339],[5.4268575,7.2932234],[5.4175959,7.2913256],[5.4129648,7.2903767],[5.410195,7.2903613],[5.4046202,7.2903304],[5.3981404,7.2884479],[5.388226,7.2831869],[5.3831289,7.2849951],[5.3814664,7.2855849],[5.3777475,7.2874112],[5.3721743,7.289227],[5.367528,7.2910481],[5.3628817,7.2928691],[5.3582301,7.2956133],[5.3563452,7.3011432],[5.3561577,7.3018725],[5.3557224,7.3035661],[5.3553972,7.3048315],[5.3544393,7.3103662],[5.3544035,7.3168297],[5.3543777,7.3214464],[5.3552637,7.3288379],[5.3552332,7.3343782],[5.3544973,7.3419722],[5.3542495,7.3445296],[5.3533068,7.3472943],[5.3514009,7.3565173],[5.3504429,7.362052],[5.3494797,7.3685107],[5.3485217,7.3740454],[5.3466263,7.3814216],[5.3447461,7.3860283],[5.3428659,7.3906345],[5.3400483,7.3970823],[5.3372364,7.402607],[5.3334966,7.4081264],[5.3316169,7.4127326],[5.3288093,7.4173341],[5.3269191,7.4237871],[5.3250289,7.4302402],[5.3228381,7.4350501],[5.3221504,7.4364157],[5.3217517,7.4376264],[5.3214751,7.4383741],[5.3209365,7.4396681],[5.3203311,7.4412947],[5.3147578,7.4431105],[5.3119812,7.4421716],[5.3082776,7.4412279],[5.3062539,7.4405437],[5.2990212,7.4384065],[5.2943954,7.4365339],[5.2869782,7.4364929],[5.2795658,7.4355283],[5.2775853,7.4360097],[5.268424,7.4382367],[5.2646672,7.4384357],[5.2612387,7.4378877],[5.2591577,7.4372621],[5.2517505,7.4353743],[5.2452703,7.4334917],[5.2359986,7.4334402],[5.2300012,7.4339045],[5.2248673,7.4343019],[5.2228353,7.4342906],[5.2202311,7.4342761],[5.2174497,7.4342608],[5.2081676,7.4360561],[5.2065233,7.4362516],[5.199147,7.4373736],[5.1924,7.436892],[5.1877437,7.4405599],[5.1812482,7.4414473],[5.173831,7.4414062],[5.1694348,7.4407559],[5.1673455,7.4404469],[5.1648099,7.4411562],[5.1599231,7.441329],[5.150641,7.4431243],[5.1450777,7.4430933],[5.1385822,7.4439812],[5.1320868,7.4448681],[5.1265187,7.4457607],[5.120018,7.4475718],[5.11445,7.4484639],[5.1079545,7.4493518],[5.102386,7.4502439],[5.0958858,7.452055],[5.0893798,7.4547887],[5.0861978,7.4563081],[5.0857927,7.4564624],[5.078228,7.4593439],[5.0708055,7.4602261],[5.0652423,7.4601951],[5.0587573,7.4592357],[5.0531993,7.458282],[5.0509914,7.4578294],[5.0485682,7.4573326],[5.0458021,7.4545474],[5.0430312,7.4526854],[5.0384207,7.4480429],[5.0328779,7.4443188],[5.0227251,7.4359522],[5.019959,7.4331665],[5.0152034,7.430314],[5.0116993,7.4276694],[5.0088978,7.425555],[5.0056855,7.4181787],[5.0045735,7.4139325],[4.9986454,7.4148032],[4.9970202,7.4150419],[4.9871087,7.4192352],[4.9848213,7.4264784],[4.9756722,7.4337211],[4.9701273,7.4371538],[4.9676671,7.4386768],[4.9524188,7.4478259],[4.947844,7.4546881],[4.9450414,7.4622014],[4.9388857,7.478704],[4.9337901,7.489045],[4.9259243,7.5050077],[4.9202061,7.5172062],[4.9194339,7.521454],[4.9179192,7.5297866],[4.9126292,7.5465757],[4.9105718,7.5531052],[4.9099684,7.5550203],[4.9063873,7.5628443],[4.9022479,7.5763927],[4.8928394,7.5929513],[4.8875709,7.6046176],[4.8871623,7.6052305],[4.8830547,7.6113915],[4.8680015,7.6162839],[4.8653972,7.6203085],[4.8638616,7.6226816],[4.8683777,7.6354771],[4.87327,7.6512833],[4.8743301,7.6536153],[4.8807969,7.6678419],[4.8822805,7.6732208],[4.8838072,7.6787558],[4.887211,7.6895856],[4.8879471,7.6919274],[4.8881269,7.6929836],[4.8909578,7.7096152],[4.8912344,7.7139111],[4.8916154,7.7184858],[4.8932285,7.7303352],[4.895474,7.734077],[4.8982267,7.7398582],[4.9030004,7.7498832],[4.9042058,7.7573547],[4.9093981,7.7664418],[4.9142904,7.7830005],[4.9152575,7.7912197],[4.9157958,7.7957959],[4.9157958,7.8026995],[4.9157958,7.8108492],[4.9157958,7.8221145],[4.9085793,7.8297992],[4.9100208,7.8418117],[4.9111009,7.8501096],[4.914135,7.8503757],[4.9163961,7.8571591],[4.9218792,7.8618589],[4.9237828,7.8634906],[4.9248381,7.868063],[4.9244862,7.8743944],[4.9273,7.880374],[4.9325762,7.8856502],[4.937149,7.8891678],[4.94137,7.8976092],[4.9420352,7.8999257],[4.9462791,7.9018219],[4.9470422,7.9021629],[4.9497499,7.9033728],[4.9672856,7.9159527],[4.9745116,7.9206869],[4.9783411,7.9231958],[4.9905396,7.9312015],[4.9966393,7.9392066],[5.0003467,7.944768],[5.0012136,7.9460683],[5.0080752,7.9510241],[5.0164618,7.9552174],[5.0202742,7.9609356],[5.0274003,7.9712562],[5.0313292,7.9769464],[5.03178,7.9782088],[5.0332351,7.9822836],[5.0332351,7.9899077],[5.0328541,7.9967694],[5.0329443,7.9970529],[5.0342421,8.0011321],[5.0352568,8.0043216],[5.0355225,8.0051565],[5.0381457,8.0082564],[5.0397158,8.0101118],[5.0530581,8.0234547],[5.056489,8.0310783],[5.0576329,8.039465],[5.0614673,8.0382641],[5.0618138,8.0381556],[5.0723515,8.0310059],[5.0757384,8.0249844],[5.0792128,8.0246823],[5.084394,8.0242319],[5.0871973,8.0278969],[5.0892863,8.0306292],[5.0971894,8.0392847],[5.1043401,8.0468121],[5.1047094,8.0472382],[5.1141248,8.0581017],[5.117888,8.0626183],[5.1213904,8.0627528],[5.1276727,8.062994],[5.1423497,8.0618649],[5.1449454,8.059977],[5.1458535,8.0593165],[5.150629,8.0558434],[5.1570268,8.0524569],[5.1626115,8.0495062],[5.1649299,8.0471878],[5.1769729,8.038909],[5.1818652,8.036274],[5.1837268,8.034303],[5.1882629,8.0295],[5.1916499,8.0223503],[5.1957893,8.0182104],[5.20294,8.0170813],[5.2202511,8.0208445],[5.2307887,8.0219736],[5.2444515,8.0205355],[5.2482235,8.0198227],[5.2567558,8.0182104],[5.2624006,8.0129414],[5.2695513,8.0110598],[5.2828622,8.0084715],[5.2902185,8.0080778],[5.2977762,8.0076733],[5.2990731,8.0076733],[5.3125554,8.0076733],[5.3177223,8.0076733],[5.3323994,8.0095549],[5.3403025,8.0155754],[5.3459473,8.020092],[5.3519688,8.0257368],[5.3579898,8.0340166],[5.35921,8.036108],[5.3606243,8.0385323],[5.3613772,8.0434246],[5.3602481,8.053586],[5.3587427,8.0633707],[5.3587427,8.0739079],[5.3601894,8.0808525],[5.3606243,8.0829401],[5.3640113,8.0904665],[5.3657533,8.0919334],[5.3711619,8.096488],[5.3873444,8.1021328],[5.3982577,8.1036386],[5.4212146,8.1055202],[5.4490633,8.105896],[5.4750304,8.1081543],[5.4979639,8.1106644],[5.5069785,8.1112461],[5.5072124,8.1112461],[5.513938,8.1112461],[5.5140571,8.1101734],[5.5146337,8.1049824],[5.513938,8.0966311],[5.5128942,8.0896721],[5.5135899,8.0837564],[5.5125461,8.0767965],[5.5104585,8.0667057],[5.5073266,8.0454798],[5.5073266,8.0371284],[5.5055809,8.0323277],[5.5045428,8.0294733],[5.5038471,8.0235577],[5.5059347,8.0186863],[5.5087185,8.017643],[5.5160255,8.0221663],[5.5257688,8.0308657],[5.5316844,8.0350409],[5.5375996,8.0406084],[5.5452552,8.0440884],[5.5508223,8.0510473],[5.5535558,8.0533251],[5.5550318,8.0545549],[5.5591736,8.0580063],[5.5727444,8.0684462],[5.5765719,8.0712299],[5.5991898,8.0736656],[5.6245914,8.0726213],[5.639554,8.0736656],[5.6436362,8.0739679],[5.6489491,8.0743608],[5.6562567,8.0747089],[5.6597362,8.0698376],[5.6538205,8.06427],[5.6458173,8.0607901],[5.6430335,8.0590506],[5.6399021,8.0538311],[5.6430335,8.0482635],[5.6472092,8.0409565],[5.6489491,8.0326052],[5.6506891,8.0235577],[5.6563282,8.019577],[5.6625199,8.0152063],[5.6673913,8.0085955],[5.6674002,8.0085156],[5.6680875,8.0023317],[5.6632156,8.0002441],[5.6569524,7.994329],[5.650733,7.9907408],[5.6495733,7.9878864],[5.6475573,7.9861584],[5.6475573,7.9741468],[5.6472092,7.9661436],[5.6454697,7.9630117],[5.6383045,7.9601008],[5.6343346,7.958488],[5.627027,7.9570961],[5.6141524,7.962316],[5.6096287,7.9661436],[5.6016254,7.9637074],[5.5988417,7.958488],[5.5988417,7.9518766],[5.6019735,7.9428296],[5.6040616,7.926475],[5.6085849,7.9108167],[5.6109414,7.8896079],[5.6124125,7.876368],[5.6141524,7.865581],[5.621938,7.846117],[5.6231995,7.8429632],[5.630507,7.83496],[5.6426859,7.8286963],[5.6566043,7.8283486],[5.6582133,7.8278659],[5.6585332,7.8277699],[5.6588387,7.8276782],[5.6684351,7.8290443],[5.6886172,7.8297405],[5.7101913,7.8300881],[5.7289815,7.8283486],[5.7372894,7.8210793],[5.7411604,7.8123422],[5.7460318,7.8050346],[5.7504088,7.8008139],[5.755775,7.7956395],[5.7679539,7.7876363],[5.7916155,7.7820687],[5.7730284,7.7473187],[5.7676058,7.7371812]]]}},{"type":"Feature","properties":{"kind":"administrative","id":"administrative:ado-ekiti","localUnitId":"ado-ekiti","name":"Ado-Ekiti"},"geometry":{"type":"Polygon","coordinates":[[[5.1702015,7.5447451],[5.1681228,7.5504626],[5.1658012,7.5568484],[5.1642061,7.561236],[5.1622133,7.5667172],[5.1603158,7.5719366],[5.1582303,7.5727538],[5.1528883,7.5748471],[5.1497267,7.5760859],[5.145548,7.5777233],[5.1415778,7.5809513],[5.1349099,7.5863728],[5.1291542,7.5929184],[5.1193225,7.6062772],[5.1131873,7.6266104],[5.1132862,7.6366795],[5.1329077,7.6397235],[5.1401033,7.638622],[5.1477795,7.6360478],[5.1521453,7.6361758],[5.1552591,7.6371155],[5.159148,7.6382891],[5.161523,7.6390059],[5.1619756,7.6391985],[5.1666164,7.6398462],[5.1668082,7.639873],[5.1671929,7.6399923],[5.1677143,7.6399971],[5.168992,7.6400566],[5.1695584,7.6397793],[5.1704788,7.6398444],[5.1710396,7.6402991],[5.1717476,7.6403834],[5.1722329,7.6404594],[5.1727032,7.6405162],[5.1734022,7.6401087],[5.1751391,7.6418892],[5.176227,7.6430044],[5.1782773,7.6452851],[5.1816654,7.6486411],[5.1831465,7.6501082],[5.1858667,7.6532268],[5.1868056,7.6543268],[5.1881257,7.6550906],[5.1892067,7.655613],[5.1900204,7.6557433],[5.1908365,7.655918],[5.1914032,7.656171],[5.1922537,7.6564705],[5.193281,7.6566369],[5.196953,7.6582068],[5.1998244,7.6594344],[5.2027162,7.6602916],[5.2050658,7.6605939],[5.2059531,7.6608362],[5.2061853,7.6597689],[5.2062403,7.6595386],[5.2063566,7.6590513],[5.2070346,7.6593704],[5.2075364,7.659872],[5.2082313,7.6605677],[5.2092813,7.6617351],[5.2095066,7.6623028],[5.2097129,7.663099],[5.2099359,7.6640239],[5.209946,7.66485],[5.2096465,7.6653659],[5.2095785,7.6661357],[5.2098822,7.6670548],[5.2101908,7.6676985],[5.2103642,7.6680272],[5.2103838,7.6683346],[5.2103244,7.668833],[5.2103204,7.6691077],[5.2106142,7.669721],[5.2107495,7.6700679],[5.2110925,7.6711776],[5.2114095,7.6713937],[5.2115974,7.6716318],[5.2115829,7.6718231],[5.2115181,7.6719003],[5.2114451,7.6721161],[5.2114153,7.6724988],[5.2115917,7.6730356],[5.2124712,7.6736447],[5.2131717,7.6740141],[5.2137837,7.6743309],[5.2141367,7.6745136],[5.2144178,7.6744452],[5.2151239,7.6741693],[5.2159409,7.6739712],[5.216629,7.6741773],[5.2175967,7.6744069],[5.2179915,7.6744112],[5.2186644,7.6742901],[5.2188051,7.6741957],[5.219041,7.6741732],[5.2195467,7.6742894],[5.2214896,7.6745682],[5.2220615,7.674475],[5.2224757,7.674365],[5.2227651,7.6743356],[5.223118,7.6743509],[5.2236131,7.6743869],[5.2239271,7.6754628],[5.2237216,7.676137],[5.2234307,7.6767884],[5.2236238,7.6777044],[5.2236959,7.6784541],[5.2238963,7.6789649],[5.2240896,7.6795795],[5.2241111,7.6803243],[5.224414,7.6808775],[5.2247066,7.6816099],[5.2248736,7.6826015],[5.2246483,7.6834837],[5.2239061,7.684355],[5.2243678,7.6859381],[5.2249472,7.6870555],[5.2261367,7.6880342],[5.2264952,7.6889378],[5.2266914,7.6908723],[5.2268678,7.6925396],[5.2266753,7.6937417],[5.2264487,7.6948337],[5.2257978,7.6957224],[5.224949,7.6964361],[5.2248211,7.6970534],[5.2247655,7.6980328],[5.2246911,7.6985014],[5.2306313,7.6998581],[5.2349545,7.7008542],[5.2358332,7.6988931],[5.2388528,7.6921176],[5.2411168,7.6900912],[5.2420562,7.6884596],[5.2425407,7.6876182],[5.2433252,7.6862559],[5.2439117,7.6852373],[5.2448672,7.6843311],[5.2470893,7.6822235],[5.2452827,7.6799276],[5.2432792,7.677021],[5.2427407,7.6754751],[5.2424555,7.6732307],[5.2428396,7.6731986],[5.2434325,7.6731818],[5.2448441,7.6728738],[5.2459238,7.6726726],[5.2465691,7.6724857],[5.2480038,7.6722317],[5.2495385,7.6718657],[5.2498338,7.6718194],[5.25045,7.6708882],[5.250963,7.6701609],[5.2514048,7.669461],[5.2519433,7.6686396],[5.252525,7.6690064],[5.2528032,7.6687373],[5.2532264,7.6679399],[5.253787,7.6671517],[5.2543886,7.6666963],[5.2554667,7.6672896],[5.2556869,7.6674188],[5.2561437,7.6673842],[5.2563268,7.6673322],[5.2564652,7.6672857],[5.256559,7.6671848],[5.2566808,7.6671763],[5.2569867,7.6678208],[5.2575942,7.669102],[5.2589496,7.6712439],[5.2610965,7.6749219],[5.2612833,7.6752567],[5.2616774,7.6761826],[5.262503,7.675934],[5.2643652,7.6731779],[5.2701929,7.6811832],[5.2713935,7.6810567],[5.27168,7.6807212],[5.2718478,7.6806875],[5.2721117,7.6803716],[5.2725781,7.6799819],[5.2726787,7.6794381],[5.2728525,7.6789758],[5.2733738,7.6785951],[5.2738354,7.6785105],[5.2743294,7.6786768],[5.2747798,7.678515],[5.2750012,7.6772285],[5.2751763,7.6766906],[5.2757657,7.6762363],[5.2761608,7.6759379],[5.2759175,7.6755574],[5.27554,7.6751539],[5.2756846,7.6740822],[5.2755208,7.6734911],[5.2756945,7.6732416],[5.275888,7.6731463],[5.2759528,7.6727555],[5.2762974,7.6727391],[5.276679,7.6726649],[5.276878,7.6719752],[5.2772679,7.6714937],[5.2772341,7.6710864],[5.2774685,7.6705257],[5.2776762,7.6702401],[5.2779605,7.669849],[5.2787393,7.6689495],[5.2783283,7.6685363],[5.2830857,7.6680228],[5.2839593,7.671088],[5.2850482,7.673076],[5.2865988,7.6729347],[5.2898875,7.6722634],[5.296463,7.671036],[5.307971,7.669459],[5.3161841,7.6699557],[5.3218603,7.6717596],[5.3390969,7.673304],[5.343638,7.6742859],[5.3613264,7.6786363],[5.367171,7.6788167],[5.3667587,7.6783075],[5.3660358,7.6772212],[5.3654909,7.6767848],[5.3645449,7.6762705],[5.364062,7.6759027],[5.3635814,7.6749859],[5.3633014,7.6739783],[5.3627109,7.6733423],[5.3622345,7.6729533],[5.3611932,7.6725683],[5.3600341,7.6726506],[5.3589356,7.6721049],[5.3575627,7.6710019],[5.3566309,7.6700772],[5.3553978,7.6686188],[5.3546049,7.6674677],[5.3537581,7.6654949],[5.3538379,7.6648771],[5.3528351,7.6639968],[5.3515906,7.6632257],[5.3504886,7.6621659],[5.3493703,7.6606942],[5.3488449,7.6598627],[5.3479112,7.6595456],[5.3471384,7.6581623],[5.3471519,7.6577643],[5.347936,7.6566619],[5.34862,7.6560988],[5.3495288,7.6546233],[5.3508449,7.6527466],[5.3514616,7.6517445],[5.3490387,7.644411],[5.3526181,7.6356296],[5.3527246,7.6212594],[5.3552342,7.6159275],[5.3547674,7.6151154],[5.3557093,7.6115376],[5.360323,7.6040296],[5.3627861,7.5981728],[5.3650869,7.5930549],[5.3691529,7.5754564],[5.3676435,7.5749439],[5.3675281,7.5749048],[5.3665226,7.5747594],[5.3655392,7.5748548],[5.3644506,7.5745458],[5.3643777,7.5731035],[5.3647803,7.5722464],[5.3649044,7.5714355],[5.3649298,7.5701491],[5.3652075,7.5664378],[5.3653127,7.5650324],[5.36502,7.564351],[5.3645697,7.5634093],[5.3647957,7.5620468],[5.3648848,7.5615098],[5.3653397,7.5606679],[5.365646,7.5595248],[5.3657322,7.5562066],[5.3657941,7.5538198],[5.3658516,7.5522487],[5.3658595,7.5502973],[5.3659312,7.5485403],[5.3656509,7.548445],[5.3652445,7.5483306],[5.3647954,7.5479809],[5.3645575,7.5477958],[5.363857,7.5477405],[5.3634943,7.5477941],[5.3629441,7.5476133],[5.3623439,7.5476495],[5.3615418,7.5474931],[5.3610084,7.5473929],[5.3603752,7.5475199],[5.3597772,7.5474444],[5.3590536,7.5474691],[5.3582128,7.5473309],[5.355851,7.5473043],[5.3544482,7.5469014],[5.353965,7.5469075],[5.3535744,7.5469459],[5.3521931,7.5470438],[5.3513739,7.5474777],[5.3497039,7.5483624],[5.3467866,7.5499078],[5.3459213,7.5503662],[5.3444961,7.5512839],[5.341959,7.5529176],[5.3400061,7.554175],[5.3368624,7.5561992],[5.332256,7.5591653],[5.3301233,7.5622199],[5.3279657,7.5668471],[5.3278758,7.5670462],[5.3263106,7.5705114],[5.3229535,7.5725711],[5.3208839,7.5742983],[5.3196981,7.5765222],[5.318059,7.5772854],[5.3136043,7.579232],[5.312496,7.5793472],[5.3108181,7.5800152],[5.3068816,7.5815014],[5.3057309,7.5820106],[5.3022025,7.5832155],[5.3003951,7.5844318],[5.2995319,7.5852782],[5.2989623,7.5857778],[5.298328,7.5854299],[5.2897621,7.5855906],[5.2804346,7.5858833],[5.2718138,7.5853901],[5.2705843,7.5858214],[5.268901,7.5871457],[5.2681526,7.5874395],[5.2674205,7.5880805],[5.2613829,7.5879269],[5.2564885,7.5875603],[5.2503979,7.5884203],[5.2500669,7.5884448],[5.2502825,7.5880243],[5.2505304,7.5872483],[5.2509089,7.586666],[5.2510562,7.5860013],[5.2509478,7.5850074],[5.250843,7.5837839],[5.2508218,7.5827913],[5.2506229,7.582305],[5.2504913,7.5819832],[5.2503333,7.5812807],[5.2501335,7.580848],[5.2496559,7.5802704],[5.2493813,7.579891],[5.2491621,7.5786318],[5.2484166,7.5785862],[5.2480355,7.5783633],[5.2475763,7.576275],[5.2474908,7.5757567],[5.2473078,7.574856],[5.2473457,7.5740172],[5.2473506,7.5733643],[5.2465318,7.5699463],[5.2430548,7.5661749],[5.2406712,7.562134],[5.2395516,7.5586402],[5.2385704,7.5569027],[5.2380603,7.5547151],[5.2377266,7.5541076],[5.236997,7.5534266],[5.23552,7.552857],[5.234587,7.5524634],[5.2335714,7.551958],[5.2333173,7.5514175],[5.2326822,7.5509424],[5.232255,7.5508477],[5.2316515,7.5504346],[5.2314777,7.5500478],[5.2307073,7.549929],[5.2299829,7.5498216],[5.229526,7.5492059],[5.2288753,7.5482327],[5.2281328,7.5478354],[5.2274618,7.547827],[5.2270424,7.5479899],[5.2268523,7.5480067],[5.2264841,7.5479193],[5.2265587,7.5474405],[5.2267187,7.5465248],[5.2261894,7.5464829],[5.2252974,7.5464489],[5.2248567,7.5466597],[5.2244684,7.546671],[5.2228061,7.5463597],[5.2225897,7.5462737],[5.2224645,7.5458043],[5.2222004,7.5454918],[5.2218824,7.5448166],[5.2216523,7.5433222],[5.2215923,7.5428265],[5.2217099,7.5423808],[5.2213003,7.5420765],[5.2209299,7.5419481],[5.2205433,7.5419207],[5.2201868,7.5417794],[5.2198627,7.5417005],[5.2194418,7.5415416],[5.2191887,7.5421658],[5.2182068,7.5443472],[5.2177753,7.5453029],[5.217404,7.5461336],[5.2167882,7.5479455],[5.2161518,7.549818],[5.2159282,7.5504782],[5.2155838,7.551513],[5.215197,7.5526753],[5.2142159,7.5556231],[5.2137892,7.5569054],[5.2132713,7.5584586],[5.2126312,7.5603669],[5.2121315,7.5618569],[5.2117489,7.5629974],[5.2113086,7.56431],[5.210748,7.5659815],[5.2108701,7.5669854],[5.2094717,7.5668556],[5.208692,7.5667833],[5.2079671,7.5668328],[5.2070503,7.5668955],[5.2065247,7.566828],[5.2058247,7.5667381],[5.2052063,7.5665415],[5.2043384,7.5662654],[5.2033573,7.5657629],[5.2029437,7.5654896],[5.2029293,7.5649613],[5.2029596,7.5645684],[5.2030102,7.5639133],[5.2030518,7.5629529],[5.2027834,7.5621026],[5.2020136,7.5616449],[5.2017908,7.5614881],[5.201037,7.5609575],[5.2004657,7.5607485],[5.2000938,7.5606021],[5.1993166,7.5606237],[5.1976924,7.5614858],[5.1971543,7.5617344],[5.1966794,7.5619538],[5.1961623,7.5621926],[5.195518,7.5622257],[5.194899,7.5622576],[5.1941134,7.5622248],[5.19338,7.5621942],[5.1926775,7.5621107],[5.1922721,7.5620626],[5.191323,7.5613192],[5.1899633,7.5609363],[5.1892998,7.5606745],[5.1882978,7.5600024],[5.1862379,7.558254],[5.184919,7.5562593],[5.182903,7.5532104],[5.1825681,7.5522587],[5.180485,7.5463394],[5.1762883,7.5423612],[5.1752704,7.5418637],[5.1733872,7.5409433],[5.1718558,7.5401948],[5.1702015,7.5447451]]]}},{"type":"Feature","properties":{"kind":"administrative","id":"administrative:irepodun-ifelodun","localUnitId":"irepodun-ifelodun","name":"Irepodun/Ifelodun"},"geometry":{"type":"Polygon","coordinates":[[[5.2589677,7.7881501],[5.2605758,7.7760263],[5.2632598,7.768733],[5.268929,7.765741],[5.274928,7.765871],[5.28429,7.759952],[5.296873,7.753518],[5.3110243,7.7367099],[5.3215786,7.7277192],[5.3358325,7.7204105],[5.357777,7.7155165],[5.361815,7.718085],[5.368306,7.720051],[5.374061,7.719261],[5.379118,7.718253],[5.383718,7.717255],[5.387638,7.717189],[5.390642,7.717597],[5.394812,7.718679],[5.397832,7.72001],[5.401253,7.720521],[5.4361804,7.7297575],[5.4398302,7.7261922],[5.4382884,7.700794],[5.4318143,7.6936569],[5.4216155,7.6878434],[5.4154597,7.6619474],[5.4090942,7.6587316],[5.406313,7.6575447],[5.3992377,7.6548006],[5.3949881,7.6531524],[5.3922272,7.6570444],[5.3872915,7.6640023],[5.3796828,7.6717142],[5.367171,7.6788167],[5.3613264,7.6786363],[5.343638,7.6742859],[5.3390969,7.673304],[5.3218603,7.6717596],[5.3161841,7.6699557],[5.307971,7.669459],[5.296463,7.671036],[5.2898875,7.6722634],[5.2865988,7.6729347],[5.2850482,7.673076],[5.2839593,7.671088],[5.2830857,7.6680228],[5.2783283,7.6685363],[5.2787393,7.6689495],[5.2779605,7.669849],[5.2776762,7.6702401],[5.2774685,7.6705257],[5.2772341,7.6710864],[5.2772679,7.6714937],[5.276878,7.6719752],[5.276679,7.6726649],[5.2762974,7.6727391],[5.2759528,7.6727555],[5.275888,7.6731463],[5.2756945,7.6732416],[5.2755208,7.6734911],[5.2756846,7.6740822],[5.27554,7.6751539],[5.2759175,7.6755574],[5.2761608,7.6759379],[5.2757657,7.6762363],[5.2751763,7.6766906],[5.2750012,7.6772285],[5.2747798,7.678515],[5.2743294,7.6786768],[5.2738354,7.6785105],[5.2733738,7.6785951],[5.2728525,7.6789758],[5.2726787,7.6794381],[5.2725781,7.6799819],[5.2721117,7.6803716],[5.2718478,7.6806875],[5.27168,7.6807212],[5.2713935,7.6810567],[5.2701929,7.6811832],[5.2643652,7.6731779],[5.262503,7.675934],[5.2616774,7.6761826],[5.2612833,7.6752567],[5.2610965,7.6749219],[5.2589496,7.6712439],[5.2575942,7.669102],[5.2569867,7.6678208],[5.2566808,7.6671763],[5.256559,7.6671848],[5.2564652,7.6672857],[5.2563268,7.6673322],[5.2561437,7.6673842],[5.2556869,7.6674188],[5.2554667,7.6672896],[5.2543886,7.6666963],[5.253787,7.6671517],[5.2532264,7.6679399],[5.2528032,7.6687373],[5.252525,7.6690064],[5.2519433,7.6686396],[5.2514048,7.669461],[5.250963,7.6701609],[5.25045,7.6708882],[5.2498338,7.6718194],[5.2495385,7.6718657],[5.2480038,7.6722317],[5.2465691,7.6724857],[5.2459238,7.6726726],[5.2448441,7.6728738],[5.2434325,7.6731818],[5.2428396,7.6731986],[5.2424555,7.6732307],[5.2427407,7.6754751],[5.2432792,7.677021],[5.2452827,7.6799276],[5.2470893,7.6822235],[5.2448672,7.6843311],[5.2439117,7.6852373],[5.2433252,7.6862559],[5.2425407,7.6876182],[5.2420562,7.6884596],[5.2411168,7.6900912],[5.2388528,7.6921176],[5.2358332,7.6988931],[5.2349545,7.7008542],[5.2306313,7.6998581],[5.2246911,7.6985014],[5.2247655,7.6980328],[5.2248211,7.6970534],[5.224949,7.6964361],[5.2257978,7.6957224],[5.2264487,7.6948337],[5.2266753,7.6937417],[5.2268678,7.6925396],[5.2266914,7.6908723],[5.2264952,7.6889378],[5.2261367,7.6880342],[5.2249472,7.6870555],[5.2243678,7.6859381],[5.2239061,7.684355],[5.2246483,7.6834837],[5.2248736,7.6826015],[5.2247066,7.6816099],[5.224414,7.6808775],[5.2241111,7.6803243],[5.2240896,7.6795795],[5.2238963,7.6789649],[5.2236959,7.6784541],[5.2236238,7.6777044],[5.2234307,7.6767884],[5.2237216,7.676137],[5.2239271,7.6754628],[5.2236131,7.6743869],[5.223118,7.6743509],[5.2227651,7.6743356],[5.2224757,7.674365],[5.2220615,7.674475],[5.2214896,7.6745682],[5.2195467,7.6742894],[5.219041,7.6741732],[5.2188051,7.6741957],[5.2186644,7.6742901],[5.2179915,7.6744112],[5.2175967,7.6744069],[5.216629,7.6741773],[5.2159409,7.6739712],[5.2151239,7.6741693],[5.2144178,7.6744452],[5.2141367,7.6745136],[5.2137837,7.6743309],[5.2131717,7.6740141],[5.2124712,7.6736447],[5.2115917,7.6730356],[5.2114153,7.6724988],[5.2114451,7.6721161],[5.2115181,7.6719003],[5.2115829,7.6718231],[5.2115974,7.6716318],[5.2114095,7.6713937],[5.2110925,7.6711776],[5.2107495,7.6700679],[5.2106142,7.669721],[5.2103204,7.6691077],[5.2103244,7.668833],[5.2103838,7.6683346],[5.2103642,7.6680272],[5.2101908,7.6676985],[5.2098822,7.6670548],[5.2095785,7.6661357],[5.2096465,7.6653659],[5.209946,7.66485],[5.2099359,7.6640239],[5.2097129,7.663099],[5.2095066,7.6623028],[5.2092813,7.6617351],[5.2082313,7.6605677],[5.2075364,7.659872],[5.2070346,7.6593704],[5.2063566,7.6590513],[5.2062403,7.6595386],[5.2061853,7.6597689],[5.2059531,7.6608362],[5.2050658,7.6605939],[5.2027162,7.6602916],[5.1998244,7.6594344],[5.196953,7.6582068],[5.193281,7.6566369],[5.1922537,7.6564705],[5.1914032,7.656171],[5.1908365,7.655918],[5.1900204,7.6557433],[5.1892067,7.655613],[5.1881257,7.6550906],[5.1868056,7.6543268],[5.1858667,7.6532268],[5.1831465,7.6501082],[5.1816654,7.6486411],[5.1782773,7.6452851],[5.176227,7.6430044],[5.1751391,7.6418892],[5.1734022,7.6401087],[5.1727032,7.6405162],[5.1722329,7.6404594],[5.1717476,7.6403834],[5.1710396,7.6402991],[5.1704788,7.6398444],[5.1695584,7.6397793],[5.168992,7.6400566],[5.1677143,7.6399971],[5.1671929,7.6399923],[5.1668082,7.639873],[5.1666164,7.6398462],[5.1619756,7.6391985],[5.161523,7.6390059],[5.159148,7.6382891],[5.1552591,7.6371155],[5.1521453,7.6361758],[5.1477795,7.6360478],[5.1401033,7.638622],[5.1329077,7.6397235],[5.1132862,7.6366795],[5.1072399,7.6365029],[5.1059302,7.6366955],[5.1018934,7.636013],[5.1003522,7.6409765],[5.0987503,7.6471469],[5.0977748,7.6508734],[5.107076,7.6730971],[5.1092324,7.682519],[5.1137486,7.6934328],[5.1155309,7.698335],[5.1149482,7.7094016],[5.1028025,7.7369373],[5.1096328,7.743583],[5.1246906,7.7528305],[5.1266926,7.7538354],[5.1486811,7.7707179],[5.1521805,7.7693621],[5.1681339,7.7703958],[5.1733709,7.7698914],[5.1785388,7.7642247],[5.1954129,7.7642474],[5.2112519,7.7704604],[5.2214283,7.7712185],[5.2216736,7.7742212],[5.2243738,7.7732743],[5.226153,7.7723439],[5.2289261,7.7746629],[5.2294279,7.7750826],[5.2328531,7.7770489],[5.2335174,7.7774302],[5.233725,7.777565],[5.2347156,7.778107],[5.2366988,7.7790742],[5.2370727,7.7792566],[5.2377562,7.7797012],[5.2380766,7.7799104],[5.2382218,7.7800563],[5.2391047,7.7806703],[5.2397946,7.78115],[5.2404752,7.7816233],[5.2412822,7.7826752],[5.2420974,7.78408],[5.242296,7.7843267],[5.2431896,7.7851456],[5.2429569,7.7859302],[5.2429056,7.7863444],[5.2428554,7.7867498],[5.24286,7.7873997],[5.2428687,7.7886283],[5.2471565,7.7888676],[5.2477206,7.788891],[5.2478588,7.7889386],[5.2486435,7.7892089],[5.2491205,7.7896806],[5.2496128,7.7901675],[5.2501353,7.7908862],[5.2510217,7.7919891],[5.2518306,7.7923498],[5.2523517,7.7924886],[5.2534125,7.7925066],[5.2549157,7.7925322],[5.2564513,7.7924481],[5.2576156,7.7923843],[5.2584085,7.7923666],[5.2589677,7.7881501]]]}},{"type":"Feature","properties":{"kind":"land","id":"ado-ekiti","localUnitId":"ado-ekiti","name":"Ado-Ekiti"},"geometry":{"type":"Polygon","coordinates":[[[5.1681228,7.5504626],[5.1658012,7.5568484],[5.1642061,7.561236],[5.1622133,7.5667172],[5.1603158,7.5719366],[5.1582303,7.5727538],[5.1528883,7.5748471],[5.1497267,7.5760859],[5.145548,7.5777233],[5.1415778,7.5809513],[5.1349099,7.5863728],[5.1291542,7.5929184],[5.1193225,7.6062772],[5.1131873,7.6266104],[5.1132862,7.6366795],[5.1329077,7.6397235],[5.1401033,7.638622],[5.1477795,7.6360478],[5.1521453,7.6361758],[5.1552591,7.6371155],[5.159148,7.6382891],[5.161523,7.6390059],[5.1619756,7.6391985],[5.1666164,7.6398462],[5.1668082,7.639873],[5.1671929,7.6399923],[5.1677143,7.6399971],[5.168992,7.6400566],[5.1695584,7.6397793],[5.1704788,7.6398444],[5.1710396,7.6402991],[5.1717476,7.6403834],[5.1722329,7.6404594],[5.1727032,7.6405162],[5.1734022,7.6401087],[5.1751391,7.6418892],[5.176227,7.6430044],[5.1782773,7.6452851],[5.1816654,7.6486411],[5.1831465,7.6501082],[5.1858667,7.6532268],[5.1868056,7.6543268],[5.1881257,7.6550906],[5.1892067,7.655613],[5.1900204,7.6557433],[5.1908365,7.655918],[5.1914032,7.656171],[5.1922537,7.6564705],[5.193281,7.6566369],[5.196953,7.6582068],[5.1998244,7.6594344],[5.2027162,7.6602916],[5.2050658,7.6605939],[5.2059531,7.6608362],[5.2061853,7.6597689],[5.2062403,7.6595386],[5.2063566,7.6590513],[5.2070346,7.6593704],[5.2075364,7.659872],[5.2082313,7.6605677],[5.2092813,7.6617351],[5.2095066,7.6623028],[5.2097129,7.663099],[5.2099359,7.6640239],[5.209946,7.66485],[5.2096465,7.6653659],[5.2095785,7.6661357],[5.2098822,7.6670548],[5.2101908,7.6676985],[5.2103642,7.6680272],[5.2103838,7.6683346],[5.2103244,7.668833],[5.2103204,7.6691077],[5.2106142,7.669721],[5.2107495,7.6700679],[5.2110925,7.6711776],[5.2114095,7.6713937],[5.2115974,7.6716318],[5.2115829,7.6718231],[5.2115181,7.6719003],[5.2114451,7.6721161],[5.2114153,7.6724988],[5.2115917,7.6730356],[5.2124712,7.6736447],[5.2131717,7.6740141],[5.2137837,7.6743309],[5.2141367,7.6745136],[5.2144178,7.6744452],[5.2151239,7.6741693],[5.2159409,7.6739712],[5.216629,7.6741773],[5.2175967,7.6744069],[5.2179915,7.6744112],[5.2186644,7.6742901],[5.2188051,7.6741957],[5.219041,7.6741732],[5.2195467,7.6742894],[5.2214896,7.6745682],[5.2220615,7.674475],[5.2224757,7.674365],[5.2227651,7.6743356],[5.223118,7.6743509],[5.2236131,7.6743869],[5.2239271,7.6754628],[5.2237216,7.676137],[5.2234307,7.6767884],[5.2236238,7.6777044],[5.2236959,7.6784541],[5.2238963,7.6789649],[5.2240896,7.6795795],[5.2241111,7.6803243],[5.224414,7.6808775],[5.2247066,7.6816099],[5.2248736,7.6826015],[5.2246483,7.6834837],[5.2239061,7.684355],[5.2243678,7.6859381],[5.2249472,7.6870555],[5.2261367,7.6880342],[5.2264952,7.6889378],[5.2266914,7.6908723],[5.2268678,7.6925396],[5.2266753,7.6937417],[5.2264487,7.6948337],[5.2257978,7.6957224],[5.224949,7.6964361],[5.2248211,7.6970534],[5.2247655,7.6980328],[5.2246911,7.6985014],[5.2306313,7.6998581],[5.2349545,7.7008542],[5.2358332,7.6988931],[5.2388528,7.6921176],[5.2411168,7.6900912],[5.2420562,7.6884596],[5.2425407,7.6876182],[5.2433252,7.6862559],[5.2439117,7.6852373],[5.2448672,7.6843311],[5.2470893,7.6822235],[5.2452827,7.6799276],[5.2432792,7.677021],[5.2427407,7.6754751],[5.2424555,7.6732307],[5.2428396,7.6731986],[5.2434325,7.6731818],[5.2448441,7.6728738],[5.2459238,7.6726726],[5.2465691,7.6724857],[5.2480038,7.6722317],[5.2495385,7.6718657],[5.2498338,7.6718194],[5.25045,7.6708882],[5.250963,7.6701609],[5.2514048,7.669461],[5.2519433,7.6686396],[5.252525,7.6690064],[5.2528032,7.6687373],[5.2532264,7.6679399],[5.253787,7.6671517],[5.2543886,7.6666963],[5.2554667,7.6672896],[5.2556869,7.6674188],[5.2561437,7.6673842],[5.2563268,7.6673322],[5.2564652,7.6672857],[5.256559,7.6671848],[5.2566808,7.6671763],[5.2569867,7.6678208],[5.2575942,7.669102],[5.2589496,7.6712439],[5.2610965,7.6749219],[5.2612833,7.6752567],[5.2616774,7.6761826],[5.262503,7.675934],[5.2643652,7.6731779],[5.2701929,7.6811832],[5.2713935,7.6810567],[5.27168,7.6807212],[5.2718478,7.6806875],[5.2721117,7.6803716],[5.2725781,7.6799819],[5.2726787,7.6794381],[5.2728525,7.6789758],[5.2733738,7.6785951],[5.2738354,7.6785105],[5.2743294,7.6786768],[5.2747798,7.678515],[5.2750012,7.6772285],[5.2751763,7.6766906],[5.2757657,7.6762363],[5.2761608,7.6759379],[5.2759175,7.6755574],[5.27554,7.6751539],[5.2756846,7.6740822],[5.2755208,7.6734911],[5.2756945,7.6732416],[5.275888,7.6731463],[5.2759528,7.6727555],[5.2762974,7.6727391],[5.276679,7.6726649],[5.276878,7.6719752],[5.2772679,7.6714937],[5.2772341,7.6710864],[5.2774685,7.6705257],[5.2776762,7.6702401],[5.2779605,7.669849],[5.2787393,7.6689495],[5.2783283,7.6685363],[5.2830857,7.6680228],[5.2839593,7.671088],[5.2850482,7.673076],[5.2865988,7.6729347],[5.2898875,7.6722634],[5.296463,7.671036],[5.307971,7.669459],[5.3161841,7.6699557],[5.3218603,7.6717596],[5.3390969,7.673304],[5.343638,7.6742859],[5.3613264,7.6786363],[5.367171,7.6788167],[5.3667587,7.6783075],[5.3660358,7.6772212],[5.3654909,7.6767848],[5.3645449,7.6762705],[5.364062,7.6759027],[5.3635814,7.6749859],[5.3633014,7.6739783],[5.3627109,7.6733423],[5.3622345,7.6729533],[5.3611932,7.6725683],[5.3600341,7.6726506],[5.3589356,7.6721049],[5.3575627,7.6710019],[5.3566309,7.6700772],[5.3553978,7.6686188],[5.3546049,7.6674677],[5.3537581,7.6654949],[5.3538379,7.6648771],[5.3528351,7.6639968],[5.3515906,7.6632257],[5.3504886,7.6621659],[5.3493703,7.6606942],[5.3488449,7.6598627],[5.3479112,7.6595456],[5.3471384,7.6581623],[5.3471519,7.6577643],[5.347936,7.6566619],[5.34862,7.6560988],[5.3495288,7.6546233],[5.3508449,7.6527466],[5.3514616,7.6517445],[5.3490387,7.644411],[5.3526181,7.6356296],[5.3527246,7.6212594],[5.3552342,7.6159275],[5.3547674,7.6151154],[5.3557093,7.6115376],[5.360323,7.6040296],[5.3627861,7.5981728],[5.3650869,7.5930549],[5.3691529,7.5754564],[5.3676435,7.5749439],[5.3675281,7.5749048],[5.3665226,7.5747594],[5.3655392,7.5748548],[5.3644506,7.5745458],[5.3643777,7.5731035],[5.3647803,7.5722464],[5.3649044,7.5714355],[5.3649298,7.5701491],[5.3652075,7.5664378],[5.3653127,7.5650324],[5.36502,7.564351],[5.3645697,7.5634093],[5.3647957,7.5620468],[5.3648848,7.5615098],[5.3653397,7.5606679],[5.365646,7.5595248],[5.3657322,7.5562066],[5.3657941,7.5538198],[5.3658516,7.5522487],[5.3658595,7.5502973],[5.3659312,7.5485403],[5.3656509,7.548445],[5.3652445,7.5483306],[5.3647954,7.5479809],[5.3645575,7.5477958],[5.363857,7.5477405],[5.3634943,7.5477941],[5.3629441,7.5476133],[5.3623439,7.5476495],[5.3615418,7.5474931],[5.3610084,7.5473929],[5.3603752,7.5475199],[5.3597772,7.5474444],[5.3590536,7.5474691],[5.3582128,7.5473309],[5.355851,7.5473043],[5.3544482,7.5469014],[5.353965,7.5469075],[5.3535744,7.5469459],[5.3521931,7.5470438],[5.3513739,7.5474777],[5.3497039,7.5483624],[5.3467866,7.5499078],[5.3459213,7.5503662],[5.3444961,7.5512839],[5.341959,7.5529176],[5.3400061,7.554175],[5.3368624,7.5561992],[5.332256,7.5591653],[5.3301233,7.5622199],[5.3279657,7.5668471],[5.3278758,7.5670462],[5.3263106,7.5705114],[5.3229535,7.5725711],[5.3208839,7.5742983],[5.3196981,7.5765222],[5.318059,7.5772854],[5.3136043,7.579232],[5.312496,7.5793472],[5.3108181,7.5800152],[5.3068816,7.5815014],[5.3057309,7.5820106],[5.3022025,7.5832155],[5.3003951,7.5844318],[5.2995319,7.5852782],[5.2989623,7.5857778],[5.298328,7.5854299],[5.2897621,7.5855906],[5.2804346,7.5858833],[5.2718138,7.5853901],[5.2705843,7.5858214],[5.268901,7.5871457],[5.2681526,7.5874395],[5.2674205,7.5880805],[5.2613829,7.5879269],[5.2564885,7.5875603],[5.2503979,7.5884203],[5.2500669,7.5884448],[5.2502825,7.5880243],[5.2505304,7.5872483],[5.2509089,7.586666],[5.2510562,7.5860013],[5.2509478,7.5850074],[5.250843,7.5837839],[5.2508218,7.5827913],[5.2506229,7.582305],[5.2504913,7.5819832],[5.2503333,7.5812807],[5.2501335,7.580848],[5.2496559,7.5802704],[5.2493813,7.579891],[5.2491621,7.5786318],[5.2484166,7.5785862],[5.2480355,7.5783633],[5.2475763,7.576275],[5.2474908,7.5757567],[5.2473078,7.574856],[5.2473457,7.5740172],[5.2473506,7.5733643],[5.2465318,7.5699463],[5.2430548,7.5661749],[5.2406712,7.562134],[5.2395516,7.5586402],[5.2385704,7.5569027],[5.2380603,7.5547151],[5.2377266,7.5541076],[5.236997,7.5534266],[5.23552,7.552857],[5.234587,7.5524634],[5.2335714,7.551958],[5.2333173,7.5514175],[5.2326822,7.5509424],[5.232255,7.5508477],[5.2316515,7.5504346],[5.2314777,7.5500478],[5.2307073,7.549929],[5.2299829,7.5498216],[5.229526,7.5492059],[5.2288753,7.5482327],[5.2281328,7.5478354],[5.2274618,7.547827],[5.2270424,7.5479899],[5.2268523,7.5480067],[5.2264841,7.5479193],[5.2265587,7.5474405],[5.2267187,7.5465248],[5.2261894,7.5464829],[5.2252974,7.5464489],[5.2248567,7.5466597],[5.2244684,7.546671],[5.2228061,7.5463597],[5.2225897,7.5462737],[5.2224645,7.5458043],[5.2222004,7.5454918],[5.2218824,7.5448166],[5.2216523,7.5433222],[5.2215923,7.5428265],[5.2217099,7.5423808],[5.2213003,7.5420765],[5.2209299,7.5419481],[5.2205433,7.5419207],[5.2201868,7.5417794],[5.2198627,7.5417005],[5.2194418,7.5415416],[5.2191887,7.5421658],[5.2182068,7.5443472],[5.2177753,7.5453029],[5.217404,7.5461336],[5.2167882,7.5479455],[5.2161518,7.549818],[5.2159282,7.5504782],[5.2155838,7.551513],[5.215197,7.5526753],[5.2142159,7.5556231],[5.2137892,7.5569054],[5.2132713,7.5584586],[5.2126312,7.5603669],[5.2121315,7.5618569],[5.2117489,7.5629974],[5.2113086,7.56431],[5.210748,7.5659815],[5.2108701,7.5669854],[5.2094717,7.5668556],[5.208692,7.5667833],[5.2079671,7.5668328],[5.2070503,7.5668955],[5.2065247,7.566828],[5.2058247,7.5667381],[5.2052063,7.5665415],[5.2043384,7.5662654],[5.2033573,7.5657629],[5.2029437,7.5654896],[5.2029293,7.5649613],[5.2029596,7.5645684],[5.2030102,7.5639133],[5.2030518,7.5629529],[5.2027834,7.5621026],[5.2020136,7.5616449],[5.2017908,7.5614881],[5.201037,7.5609575],[5.2004657,7.5607485],[5.2000938,7.5606021],[5.1993166,7.5606237],[5.1976924,7.5614858],[5.1971543,7.5617344],[5.1966794,7.5619538],[5.1961623,7.5621926],[5.195518,7.5622257],[5.194899,7.5622576],[5.1941134,7.5622248],[5.19338,7.5621942],[5.1926775,7.5621107],[5.1922721,7.5620626],[5.191323,7.5613192],[5.1899633,7.5609363],[5.1892998,7.5606745],[5.1882978,7.5600024],[5.1862379,7.558254],[5.184919,7.5562593],[5.182903,7.5532104],[5.1825681,7.5522587],[5.180485,7.5463394],[5.1762883,7.5423612],[5.1752704,7.5418637],[5.1733872,7.5409433],[5.1718558,7.5401948],[5.1702015,7.5447451],[5.1681228,7.5504626]]]}},{"type":"Feature","properties":{"kind":"land","id":"irepodun-ifelodun","localUnitId":"irepodun-ifelodun","name":"Irepodun/Ifelodun"},"geometry":{"type":"Polygon","coordinates":[[[5.2605758,7.7760263],[5.2632598,7.768733],[5.268929,7.765741],[5.274928,7.765871],[5.28429,7.759952],[5.296873,7.753518],[5.3110243,7.7367099],[5.3215786,7.7277192],[5.3358325,7.7204105],[5.357777,7.7155165],[5.361815,7.718085],[5.368306,7.720051],[5.374061,7.719261],[5.379118,7.718253],[5.383718,7.717255],[5.387638,7.717189],[5.390642,7.717597],[5.394812,7.718679],[5.397832,7.72001],[5.401253,7.720521],[5.4361804,7.7297575],[5.4398302,7.7261922],[5.4382884,7.700794],[5.4318143,7.6936569],[5.4216155,7.6878434],[5.4154597,7.6619474],[5.4090942,7.6587316],[5.406313,7.6575447],[5.3992377,7.6548006],[5.3949881,7.6531524],[5.3922272,7.6570444],[5.3872915,7.6640023],[5.3796828,7.6717142],[5.367171,7.6788167],[5.3613264,7.6786363],[5.343638,7.6742859],[5.3390969,7.673304],[5.3218603,7.6717596],[5.3161841,7.6699557],[5.307971,7.669459],[5.296463,7.671036],[5.2898875,7.6722634],[5.2865988,7.6729347],[5.2850482,7.673076],[5.2839593,7.671088],[5.2830857,7.6680228],[5.2783283,7.6685363],[5.2787393,7.6689495],[5.2779605,7.669849],[5.2776762,7.6702401],[5.2774685,7.6705257],[5.2772341,7.6710864],[5.2772679,7.6714937],[5.276878,7.6719752],[5.276679,7.6726649],[5.2762974,7.6727391],[5.2759528,7.6727555],[5.275888,7.6731463],[5.2756945,7.6732416],[5.2755208,7.6734911],[5.2756846,7.6740822],[5.27554,7.6751539],[5.2759175,7.6755574],[5.2761608,7.6759379],[5.2757657,7.6762363],[5.2751763,7.6766906],[5.2750012,7.6772285],[5.2747798,7.678515],[5.2743294,7.6786768],[5.2738354,7.6785105],[5.2733738,7.6785951],[5.2728525,7.6789758],[5.2726787,7.6794381],[5.2725781,7.6799819],[5.2721117,7.6803716],[5.2718478,7.6806875],[5.27168,7.6807212],[5.2713935,7.6810567],[5.2701929,7.6811832],[5.2643652,7.6731779],[5.262503,7.675934],[5.2616774,7.6761826],[5.2612833,7.6752567],[5.2610965,7.6749219],[5.2589496,7.6712439],[5.2575942,7.669102],[5.2569867,7.6678208],[5.2566808,7.6671763],[5.256559,7.6671848],[5.2564652,7.6672857],[5.2563268,7.6673322],[5.2561437,7.6673842],[5.2556869,7.6674188],[5.2554667,7.6672896],[5.2543886,7.6666963],[5.253787,7.6671517],[5.2532264,7.6679399],[5.2528032,7.6687373],[5.252525,7.6690064],[5.2519433,7.6686396],[5.2514048,7.669461],[5.250963,7.6701609],[5.25045,7.6708882],[5.2498338,7.6718194],[5.2495385,7.6718657],[5.2480038,7.6722317],[5.2465691,7.6724857],[5.2459238,7.6726726],[5.2448441,7.6728738],[5.2434325,7.6731818],[5.2428396,7.6731986],[5.2424555,7.6732307],[5.2427407,7.6754751],[5.2432792,7.677021],[5.2452827,7.6799276],[5.2470893,7.6822235],[5.2448672,7.6843311],[5.2439117,7.6852373],[5.2433252,7.6862559],[5.2425407,7.6876182],[5.2420562,7.6884596],[5.2411168,7.6900912],[5.2388528,7.6921176],[5.2358332,7.6988931],[5.2349545,7.7008542],[5.2306313,7.6998581],[5.2246911,7.6985014],[5.2247655,7.6980328],[5.2248211,7.6970534],[5.224949,7.6964361],[5.2257978,7.6957224],[5.2264487,7.6948337],[5.2266753,7.6937417],[5.2268678,7.6925396],[5.2266914,7.6908723],[5.2264952,7.6889378],[5.2261367,7.6880342],[5.2249472,7.6870555],[5.2243678,7.6859381],[5.2239061,7.684355],[5.2246483,7.6834837],[5.2248736,7.6826015],[5.2247066,7.6816099],[5.224414,7.6808775],[5.2241111,7.6803243],[5.2240896,7.6795795],[5.2238963,7.6789649],[5.2236959,7.6784541],[5.2236238,7.6777044],[5.2234307,7.6767884],[5.2237216,7.676137],[5.2239271,7.6754628],[5.2236131,7.6743869],[5.223118,7.6743509],[5.2227651,7.6743356],[5.2224757,7.674365],[5.2220615,7.674475],[5.2214896,7.6745682],[5.2195467,7.6742894],[5.219041,7.6741732],[5.2188051,7.6741957],[5.2186644,7.6742901],[5.2179915,7.6744112],[5.2175967,7.6744069],[5.216629,7.6741773],[5.2159409,7.6739712],[5.2151239,7.6741693],[5.2144178,7.6744452],[5.2141367,7.6745136],[5.2137837,7.6743309],[5.2131717,7.6740141],[5.2124712,7.6736447],[5.2115917,7.6730356],[5.2114153,7.6724988],[5.2114451,7.6721161],[5.2115181,7.6719003],[5.2115829,7.6718231],[5.2115974,7.6716318],[5.2114095,7.6713937],[5.2110925,7.6711776],[5.2107495,7.6700679],[5.2106142,7.669721],[5.2103204,7.6691077],[5.2103244,7.668833],[5.2103838,7.6683346],[5.2103642,7.6680272],[5.2101908,7.6676985],[5.2098822,7.6670548],[5.2095785,7.6661357],[5.2096465,7.6653659],[5.209946,7.66485],[5.2099359,7.6640239],[5.2097129,7.663099],[5.2095066,7.6623028],[5.2092813,7.6617351],[5.2082313,7.6605677],[5.2075364,7.659872],[5.2070346,7.6593704],[5.2063566,7.6590513],[5.2062403,7.6595386],[5.2061853,7.6597689],[5.2059531,7.6608362],[5.2050658,7.6605939],[5.2027162,7.6602916],[5.1998244,7.6594344],[5.196953,7.6582068],[5.193281,7.6566369],[5.1922537,7.6564705],[5.1914032,7.656171],[5.1908365,7.655918],[5.1900204,7.6557433],[5.1892067,7.655613],[5.1881257,7.6550906],[5.1868056,7.6543268],[5.1858667,7.6532268],[5.1831465,7.6501082],[5.1816654,7.6486411],[5.1782773,7.6452851],[5.176227,7.6430044],[5.1751391,7.6418892],[5.1734022,7.6401087],[5.1727032,7.6405162],[5.1722329,7.6404594],[5.1717476,7.6403834],[5.1710396,7.6402991],[5.1704788,7.6398444],[5.1695584,7.6397793],[5.168992,7.6400566],[5.1677143,7.6399971],[5.1671929,7.6399923],[5.1668082,7.639873],[5.1666164,7.6398462],[5.1619756,7.6391985],[5.161523,7.6390059],[5.159148,7.6382891],[5.1552591,7.6371155],[5.1521453,7.6361758],[5.1477795,7.6360478],[5.1401033,7.638622],[5.1329077,7.6397235],[5.1132862,7.6366795],[5.1072399,7.6365029],[5.1059302,7.6366955],[5.1018934,7.636013],[5.1003522,7.6409765],[5.0987503,7.6471469],[5.0977748,7.6508734],[5.107076,7.6730971],[5.1092324,7.682519],[5.1137486,7.6934328],[5.1155309,7.698335],[5.1149482,7.7094016],[5.1028025,7.7369373],[5.1096328,7.743583],[5.1246906,7.7528305],[5.1266926,7.7538354],[5.1486811,7.7707179],[5.1521805,7.7693621],[5.1681339,7.7703958],[5.1733709,7.7698914],[5.1785388,7.7642247],[5.1954129,7.7642474],[5.2112519,7.7704604],[5.2214283,7.7712185],[5.2216736,7.7742212],[5.2243738,7.7732743],[5.226153,7.7723439],[5.2289261,7.7746629],[5.2294279,7.7750826],[5.2328531,7.7770489],[5.2335174,7.7774302],[5.233725,7.777565],[5.2347156,7.778107],[5.2366988,7.7790742],[5.2370727,7.7792566],[5.2377562,7.7797012],[5.2380766,7.7799104],[5.2382218,7.7800563],[5.2391047,7.7806703],[5.2397946,7.78115],[5.2404752,7.7816233],[5.2412822,7.7826752],[5.2420974,7.78408],[5.242296,7.7843267],[5.2431896,7.7851456],[5.2429569,7.7859302],[5.2429056,7.7863444],[5.2428554,7.7867498],[5.24286,7.7873997],[5.2428687,7.7886283],[5.2471565,7.7888676],[5.2477206,7.788891],[5.2478588,7.7889386],[5.2486435,7.7892089],[5.2491205,7.7896806],[5.2496128,7.7901675],[5.2501353,7.7908862],[5.2510217,7.7919891],[5.2518306,7.7923498],[5.2523517,7.7924886],[5.2534125,7.7925066],[5.2549157,7.7925322],[5.2564513,7.7924481],[5.2576156,7.7923843],[5.2584085,7.7923666],[5.2589677,7.7881501],[5.2605758,7.7760263]]]}},{"type":"Feature","properties":{"kind":"road","id":"road-28906270-0","name":"Unnamed mapped tertiary","osmWay":28906270,"major":false,"bridge":false},"geometry":{"type":"LineString","coordinates":[[5.2276058,7.6519677],[5.2321368,7.6486368],[5.2385151,7.6444113]]}},{"type":"Feature","properties":{"kind":"road","id":"road-28907316-0","name":"Unnamed mapped primary","osmWay":28907316,"major":true,"bridge":false},"geometry":{"type":"LineString","coordinates":[[5.3510586,7.7170148],[5.3463507,7.7159301],[5.3432125,7.7160417],[5.3415549,7.7149733],[5.3409728,7.71475],[5.3380707,7.714758],[5.3328109,7.7122808],[5.3267276,7.7069967],[5.3225407,7.7030151],[5.3196868,7.7007797],[5.3184232,7.6995071],[5.3179874,7.6986922],[5.3171839,7.6961756]]}},{"type":"Feature","properties":{"kind":"road","id":"road-28933420-0","name":"NTA - Ilawe Byepass Road","osmWay":28933420,"major":false,"bridge":false},"geometry":{"type":"LineString","coordinates":[[5.1975156,7.6369517],[5.1943411,7.6304322],[5.1931099,7.6266389],[5.1926315,7.6239213],[5.1920078,7.6189649],[5.1920673,7.6183593],[5.1925438,7.6167652]]}},{"type":"Feature","properties":{"kind":"road","id":"road-31893252-0","name":"Ifaki - Oye","osmWay":31893252,"major":true,"bridge":false},"geometry":{"type":"LineString","coordinates":[[5.2561558,7.7924643],[5.2529535,7.7924607],[5.2519948,7.7923208],[5.2509753,7.7916662],[5.2497108,7.7899902],[5.2487179,7.7891649],[5.2472893,7.7887924],[5.2444352,7.7887157]]}},{"type":"Feature","properties":{"kind":"road","id":"road-31893252-1","name":"Ifaki - Oye","osmWay":31893252,"major":true,"bridge":false},"geometry":{"type":"LineString","coordinates":[[5.2584112,7.7923466],[5.2581379,7.7923726]]}},{"type":"Feature","properties":{"kind":"road","id":"road-94598555-0","name":"Unnamed mapped secondary","osmWay":94598555,"major":false,"bridge":false},"geometry":{"type":"LineString","coordinates":[[5.3182821,7.6959035],[5.3205268,7.6960406],[5.3222839,7.6955786],[5.3237678,7.6954463],[5.3284684,7.6946183],[5.3327921,7.6919842],[5.3334009,7.691792],[5.3441083,7.6916573],[5.346981,7.6923802],[5.3521633,7.6919077],[5.3532252,7.6916094],[5.3602847,7.6887413],[5.3656625,7.6891719],[5.371094,7.6878974],[5.3737973,7.6879778],[5.3742121,7.6878229],[5.3771049,7.6856473],[5.3788993,7.684608],[5.3816539,7.6833321],[5.3828555,7.6829121],[5.3831526,7.6828956],[5.3834242,7.6830503],[5.3842436,7.6844219],[5.3852158,7.6843263],[5.3866267,7.6831061],[5.3881024,7.6811745]]}},{"type":"Feature","properties":{"kind":"road","id":"road-94617877-0","name":"Ire - Ode road","osmWay":94617877,"major":false,"bridge":false},"geometry":{"type":"LineString","coordinates":[[5.4113685,7.723196],[5.411118,7.7215144],[5.4107881,7.7206585],[5.4091492,7.7173229],[5.4068962,7.7135592],[5.4001129,7.6978452],[5.3945446,7.690501],[5.393528,7.6884489],[5.3927556,7.6875558],[5.3897407,7.6829732],[5.3881024,7.6811745]]}},{"type":"Feature","properties":{"kind":"road","id":"road-94618300-0","name":"Unnamed mapped tertiary","osmWay":94618300,"major":false,"bridge":false},"geometry":{"type":"LineString","coordinates":[[5.1550126,7.7562329],[5.1541007,7.7568442],[5.1535012,7.7578036],[5.1519978,7.759377],[5.150692,7.7600162],[5.1486289,7.7614579],[5.1451743,7.7625528],[5.141409,7.7651344]]}},{"type":"Feature","properties":{"kind":"road","id":"road-283514749-0","name":"Unnamed mapped secondary","osmWay":283514749,"major":false,"bridge":false},"geometry":{"type":"LineString","coordinates":[[5.1658798,7.6609217],[5.166754,7.6640921],[5.1669323,7.6665364],[5.1668385,7.6669059],[5.1662001,7.6677631],[5.1660097,7.668433],[5.1656784,7.6734118],[5.1657093,7.6744299],[5.1667245,7.6771319],[5.167796,7.6779174],[5.169693,7.6797938],[5.1701758,7.6801301],[5.1711133,7.6800251],[5.1721714,7.6801168],[5.1728017,7.6794283],[5.1735058,7.6791413],[5.1746323,7.6783279],[5.1754598,7.6781418],[5.1782895,7.6788688],[5.1794408,7.6797609],[5.1802522,7.6806274],[5.1806304,7.6807922],[5.1827721,7.6805065],[5.1847704,7.6807112],[5.1857322,7.6805623],[5.1860127,7.6803856],[5.1860959,7.6801789],[5.1862711,7.6791216],[5.1866458,7.6788962],[5.1905599,7.6791667],[5.1912168,7.6791645],[5.1917225,7.6789407],[5.193347,7.6766795],[5.1937912,7.6745166],[5.1943563,7.673344],[5.1948773,7.670679],[5.1955244,7.6696546],[5.196093,7.669191],[5.1998382,7.6673976],[5.2003962,7.667017],[5.2040511,7.6640913],[5.2053816,7.6620659]]}},{"type":"Feature","properties":{"kind":"road","id":"road-344159096-0","name":"Iropora - Ido Road","osmWay":344159096,"major":false,"bridge":false},"geometry":{"type":"LineString","coordinates":[[5.1522647,7.7133464],[5.1509785,7.7142791],[5.1501578,7.7152208],[5.1500043,7.7156144],[5.150882,7.7169729],[5.1521265,7.7193788],[5.1529687,7.7227589],[5.1532731,7.7235889],[5.1538182,7.7245516],[5.1539753,7.7251653],[5.1539289,7.7262622],[5.1525127,7.7330886],[5.1523829,7.734606],[5.1526067,7.7354893],[5.1533469,7.7371866],[5.153599,7.7384326],[5.1535266,7.7392602],[5.1529343,7.7418207],[5.1528829,7.7448346],[5.1535442,7.7487525],[5.1540523,7.7509272],[5.1544653,7.7538278],[5.1551059,7.7568184],[5.1549194,7.7695396]]}},{"type":"Feature","properties":{"kind":"road","id":"road-383543647-0","name":"F117","osmWay":383543647,"major":false,"bridge":false},"geometry":{"type":"LineString","coordinates":[[5.1894009,7.6157105],[5.187833,7.6158204],[5.1854631,7.6154919],[5.1838229,7.6160688],[5.1811749,7.6158781],[5.1786496,7.6162542],[5.17575,7.6182567],[5.1732141,7.6196094],[5.1724919,7.6197815],[5.1706391,7.6194259],[5.1689266,7.6188184],[5.1666143,7.6173746],[5.1658957,7.6172485],[5.1649944,7.6173535],[5.1634119,7.6170864],[5.1620843,7.6163592],[5.1613627,7.6162742],[5.1610436,7.6163765],[5.1602375,7.6170465],[5.158898,7.6172003],[5.1557355,7.6183266],[5.154853,7.6189274],[5.1527341,7.6198246],[5.1508994,7.6199164],[5.1493022,7.619281],[5.1469257,7.6180514],[5.1461546,7.6173003],[5.1456222,7.6170704],[5.1443052,7.6170877],[5.1417706,7.6166225],[5.1364034,7.6161625],[5.1345809,7.6162316],[5.1322943,7.6147096],[5.1314454,7.6135505],[5.1304765,7.6128425],[5.1270694,7.6114715],[5.1251207,7.6110408],[5.1239754,7.6104081],[5.1214568,7.6098577],[5.1207393,7.6094217],[5.1197308,7.6090881],[5.1187302,7.6082401]]}},{"type":"Feature","properties":{"kind":"road","id":"road-383683910-0","name":"General Adeyinka Adebayo Road","osmWay":383683910,"major":false,"bridge":false},"geometry":{"type":"LineString","coordinates":[[5.154599,7.7115793],[5.1552762,7.7085861],[5.1559728,7.703847],[5.1584525,7.6994081],[5.1603609,7.6901567],[5.1603006,7.6884436],[5.1597199,7.6875465],[5.159217,7.6835035],[5.1595201,7.6825838],[5.1602013,7.6814541],[5.1606144,7.6809956],[5.1608129,7.6801437],[5.1585268,7.6759338],[5.1580891,7.6748472],[5.1579845,7.6742119],[5.1581991,7.6724017],[5.1580274,7.669701],[5.1586765,7.667157],[5.1583895,7.6641333],[5.1591432,7.6612438],[5.1595308,7.6589218]]}},{"type":"Feature","properties":{"kind":"road","id":"road-383733971-0","name":"Unnamed mapped secondary","osmWay":383733971,"major":false,"bridge":false},"geometry":{"type":"LineString","coordinates":[[5.1260689,7.6686271],[5.12535,7.6671199],[5.1252293,7.6665537],[5.1259293,7.6629491],[5.1259079,7.6622872],[5.1257094,7.6618327],[5.124843,7.6607959],[5.1245937,7.6603015],[5.1233363,7.6547283],[5.122943,7.6538629],[5.1221475,7.6529698],[5.1136086,7.6469268],[5.1127552,7.646182],[5.1066068,7.6392952],[5.1060462,7.6380883],[5.1059061,7.6366914]]}},{"type":"Feature","properties":{"kind":"road","id":"road-384319438-0","name":"Unnamed mapped tertiary","osmWay":384319438,"major":false,"bridge":false},"geometry":{"type":"LineString","coordinates":[[5.2971416,7.7120681],[5.2984518,7.7123458],[5.2987415,7.7127246],[5.2996092,7.7149427],[5.3007853,7.7165879],[5.3007156,7.7179036],[5.3008255,7.7185787],[5.3027152,7.7231317],[5.3036901,7.7249988],[5.303843,7.7269072],[5.3041488,7.727662],[5.3050554,7.7289458],[5.3063898,7.7297989],[5.3066231,7.7300687],[5.3072642,7.7316886],[5.3080876,7.7324382],[5.3086174,7.7333352],[5.3094394,7.7341604],[5.3110143,7.7367218]]}},{"type":"Feature","properties":{"kind":"road","id":"road-384802943-0","name":"F209","osmWay":384802943,"major":true,"bridge":false},"geometry":{"type":"LineString","coordinates":[[5.2424062,7.6721739],[5.2422313,7.6704001],[5.2417619,7.6688368],[5.2419084,7.6672763],[5.2416387,7.6665638],[5.2409318,7.6659702],[5.2386225,7.6649197],[5.2378929,7.66435],[5.2365223,7.6636482],[5.2334458,7.658967],[5.2322857,7.6577959],[5.2303612,7.6563362],[5.2251604,7.6483337],[5.2245064,7.6465125],[5.2242699,7.6449656],[5.2240088,7.6444907],[5.2149184,7.6327183]]}},{"type":"Feature","properties":{"kind":"road","id":"road-384802945-0","name":"F209","osmWay":384802945,"major":true,"bridge":false},"geometry":{"type":"LineString","coordinates":[[5.2428679,7.7885216],[5.2430018,7.7886357]]}},{"type":"Feature","properties":{"kind":"road","id":"road-387204849-0","name":"Unnamed mapped tertiary","osmWay":387204849,"major":false,"bridge":false},"geometry":{"type":"LineString","coordinates":[[5.4208002,7.6844134],[5.419516,7.6840046],[5.416815,7.6845123],[5.414924,7.6834916],[5.4131725,7.6834942],[5.4103267,7.6829998],[5.4091251,7.6832444],[5.4085028,7.6831433],[5.4068667,7.6825639],[5.4059869,7.6816521],[5.4045814,7.6807244],[5.4017892,7.6793475],[5.4008652,7.6784903],[5.4004401,7.6782657],[5.3978196,7.6779174],[5.3962344,7.6774735],[5.3940457,7.6772077],[5.3920314,7.6761577]]}},{"type":"Feature","properties":{"kind":"road","id":"road-390801515-0","name":"F117","osmWay":390801515,"major":false,"bridge":false},"geometry":{"type":"LineString","coordinates":[[5.2171054,7.6173607],[5.2140253,7.6160522],[5.2135038,7.6160052],[5.2102839,7.6176247],[5.2027388,7.6193945],[5.2016973,7.6191326],[5.1959786,7.6169074],[5.1954858,7.6168542],[5.1936977,7.6170385],[5.1926769,7.6167709]]}},{"type":"Feature","properties":{"kind":"road","id":"road-390801531-0","name":"Ola Ajaye Street","osmWay":390801531,"major":false,"bridge":false},"geometry":{"type":"LineString","coordinates":[[5.2215461,7.6007194],[5.2147194,7.6013637],[5.2139575,7.6016295],[5.2131146,7.6023751],[5.2130824,7.6025226],[5.2147963,7.6048263],[5.2153735,7.6064004],[5.2154235,7.6072509]]}},{"type":"Feature","properties":{"kind":"road","id":"road-390801564-0","name":"F117","osmWay":390801564,"major":false,"bridge":false},"geometry":{"type":"LineString","coordinates":[[5.2234492,7.6171661],[5.2228193,7.6172835],[5.2216988,7.6171999]]}},{"type":"Feature","properties":{"kind":"road","id":"road-390801573-0","name":"F117","osmWay":390801573,"major":false,"bridge":false},"geometry":{"type":"LineString","coordinates":[[5.2175762,7.6173991],[5.2175327,7.6174995],[5.2174252,7.6174571],[5.2174717,7.6173509],[5.2175762,7.6173991]]}},{"type":"Feature","properties":{"kind":"road","id":"road-539378161-0","name":"Unnamed mapped primary","osmWay":539378161,"major":true,"bridge":false},"geometry":{"type":"LineString","coordinates":[[5.2243351,7.6247934],[5.2242478,7.6246152]]}},{"type":"Feature","properties":{"kind":"road","id":"road-539385626-0","name":"Unnamed mapped primary","osmWay":539385626,"major":true,"bridge":false},"geometry":{"type":"LineString","coordinates":[[5.2718979,7.6577415],[5.2711632,7.656962],[5.2692258,7.6540231],[5.2678238,7.6493886],[5.267585,7.649066],[5.2664032,7.6484522],[5.2655679,7.6481078],[5.2625516,7.6474676],[5.2591324,7.6485533],[5.2585433,7.6485525],[5.2561556,7.6475725],[5.2532405,7.6475894],[5.2482838,7.6460502],[5.2457281,7.6458567],[5.2433092,7.6449393],[5.2391206,7.6441579]]}},{"type":"Feature","properties":{"kind":"road","id":"road-539385640-0","name":"Unnamed mapped primary","osmWay":539385640,"major":true,"bridge":false},"geometry":{"type":"LineString","coordinates":[[5.2383247,7.6440389],[5.2371928,7.643546],[5.2339084,7.6409158],[5.2327913,7.6396741],[5.2309218,7.6369771],[5.2279473,7.6337843],[5.2275979,7.6332535],[5.2267778,7.6306288],[5.2267365,7.627652],[5.2255922,7.6266649],[5.2253054,7.6265241],[5.2244879,7.626439],[5.2243351,7.6247934]]}},{"type":"Feature","properties":{"kind":"road","id":"road-539553578-0","name":"NTA - Ilawe Byepass Road","osmWay":539553578,"major":false,"bridge":false},"geometry":{"type":"LineString","coordinates":[[5.1926579,7.6167882],[5.1921206,7.6184938],[5.192108,7.6192473],[5.1927161,7.6239122],[5.1932032,7.6266487],[5.1947383,7.6311337],[5.1965263,7.6345301],[5.1975884,7.6369078]]}},{"type":"Feature","properties":{"kind":"road","id":"road-539599721-0","name":"Unnamed mapped tertiary","osmWay":539599721,"major":false,"bridge":false},"geometry":{"type":"LineString","coordinates":[[5.1999762,7.6401729],[5.1999056,7.6400877]]}},{"type":"Feature","properties":{"kind":"road","id":"road-539599726-0","name":"Unnamed mapped tertiary","osmWay":539599726,"major":false,"bridge":false},"geometry":{"type":"LineString","coordinates":[[5.199878,7.6402432],[5.1998128,7.6401447]]}},{"type":"Feature","properties":{"kind":"road","id":"road-539599732-0","name":"Unnamed mapped primary","osmWay":539599732,"major":true,"bridge":false},"geometry":{"type":"LineString","coordinates":[[5.2385318,7.644134],[5.2383247,7.6440389]]}},{"type":"Feature","properties":{"kind":"road","id":"road-539599734-0","name":"Unnamed mapped primary","osmWay":539599734,"major":true,"bridge":false},"geometry":{"type":"LineString","coordinates":[[5.2388034,7.6442128],[5.2386701,7.6442009],[5.2386843,7.6440911],[5.2387935,7.6440868],[5.2388034,7.6442128]]}},{"type":"Feature","properties":{"kind":"road","id":"road-539599736-0","name":"Unnamed mapped tertiary","osmWay":539599736,"major":false,"bridge":false},"geometry":{"type":"LineString","coordinates":[[5.2385151,7.6444113],[5.2386701,7.6442009]]}},{"type":"Feature","properties":{"kind":"road","id":"road-539599737-0","name":"Unnamed mapped primary","osmWay":539599737,"major":true,"bridge":false},"geometry":{"type":"LineString","coordinates":[[5.2391206,7.6441579],[5.2389462,7.6441853]]}},{"type":"Feature","properties":{"kind":"road","id":"road-539599741-0","name":"Unnamed mapped tertiary","osmWay":539599741,"major":false,"bridge":false},"geometry":{"type":"LineString","coordinates":[[5.2387716,7.6442336],[5.2385151,7.6444113]]}},{"type":"Feature","properties":{"kind":"road","id":"road-539599743-0","name":"Unnamed mapped primary","osmWay":539599743,"major":true,"bridge":false},"geometry":{"type":"LineString","coordinates":[[5.2383247,7.6440389],[5.238736,7.6440695]]}},{"type":"Feature","properties":{"kind":"road","id":"road-540122086-0","name":"F209","osmWay":540122086,"major":true,"bridge":false},"geometry":{"type":"LineString","coordinates":[[5.2149184,7.6327183],[5.2147024,7.6321946],[5.2142623,7.6300279],[5.2141217,7.6298737]]}},{"type":"Feature","properties":{"kind":"road","id":"road-540122090-0","name":"Ado- Iworoko-Ifaki Road","osmWay":540122090,"major":true,"bridge":false},"geometry":{"type":"LineString","coordinates":[[5.2146035,7.629246],[5.2159912,7.6281019],[5.2190591,7.6262514],[5.2206102,7.625129]]}},{"type":"Feature","properties":{"kind":"road","id":"road-540122091-0","name":"Unnamed mapped primary","osmWay":540122091,"major":true,"bridge":false},"geometry":{"type":"LineString","coordinates":[[5.2389462,7.6441853],[5.2388034,7.6442128]]}},{"type":"Feature","properties":{"kind":"road","id":"road-540122092-0","name":"Unnamed mapped primary","osmWay":540122092,"major":true,"bridge":false},"geometry":{"type":"LineString","coordinates":[[5.2386663,7.6441947],[5.2385318,7.644134]]}},{"type":"Feature","properties":{"kind":"road","id":"road-540122093-0","name":"Unnamed mapped primary","osmWay":540122093,"major":true,"bridge":false},"geometry":{"type":"LineString","coordinates":[[5.2387935,7.6440868],[5.2391206,7.6441579]]}},{"type":"Feature","properties":{"kind":"road","id":"road-540122094-0","name":"F209","osmWay":540122094,"major":true,"bridge":false},"geometry":{"type":"LineString","coordinates":[[5.2145476,7.6296266],[5.2142623,7.6300279]]}},{"type":"Feature","properties":{"kind":"road","id":"road-540122095-0","name":"F209","osmWay":540122095,"major":true,"bridge":false},"geometry":{"type":"LineString","coordinates":[[5.2206666,7.6252661],[5.2196712,7.6260615],[5.2161704,7.6282539],[5.2147546,7.6293675]]}},{"type":"Feature","properties":{"kind":"road","id":"road-540332257-0","name":"NTA - Ilawe Byepass Road","osmWay":540332257,"major":false,"bridge":false},"geometry":{"type":"LineString","coordinates":[[5.1975884,7.6369078],[5.1999056,7.6400877]]}},{"type":"Feature","properties":{"kind":"road","id":"road-540332258-0","name":"NTA - Ilawe Byepass Road","osmWay":540332258,"major":false,"bridge":false},"geometry":{"type":"LineString","coordinates":[[5.1998128,7.6401447],[5.1975156,7.6369517]]}},{"type":"Feature","properties":{"kind":"road","id":"road-540332275-0","name":"F209","osmWay":540332275,"major":true,"bridge":false},"geometry":{"type":"LineString","coordinates":[[5.2243351,7.6247934],[5.2233901,7.6250538],[5.2213992,7.6249492],[5.2206666,7.6252661]]}},{"type":"Feature","properties":{"kind":"road","id":"road-540332283-0","name":"Secretariate Road","osmWay":540332283,"major":false,"bridge":false},"geometry":{"type":"LineString","coordinates":[[5.1998128,7.6401447],[5.201371,7.6391236],[5.202213,7.6383489],[5.2062861,7.6328493],[5.2089546,7.6296913],[5.2094973,7.629405],[5.2102486,7.6292288],[5.213525,7.6288011],[5.2142565,7.6288276],[5.2144995,7.6293308]]}},{"type":"Feature","properties":{"kind":"road","id":"road-540332284-0","name":"F209","osmWay":540332284,"major":true,"bridge":false},"geometry":{"type":"LineString","coordinates":[[5.2144995,7.6293308],[5.2146035,7.629246]]}},{"type":"Feature","properties":{"kind":"road","id":"road-540332285-0","name":"F209","osmWay":540332285,"major":true,"bridge":false},"geometry":{"type":"LineString","coordinates":[[5.2143236,7.6295216],[5.2144995,7.6293308]]}},{"type":"Feature","properties":{"kind":"road","id":"road-540332286-0","name":"Secretariate Road","osmWay":540332286,"major":false,"bridge":false},"geometry":{"type":"LineString","coordinates":[[5.2143236,7.6295216],[5.214276,7.6289499],[5.2136578,7.6288635],[5.2116423,7.6290476],[5.2101594,7.6293392],[5.2095201,7.6295013],[5.2089568,7.6298075],[5.2060453,7.6333199],[5.2027516,7.6378499],[5.2014176,7.6391789],[5.199878,7.6402432]]}},{"type":"Feature","properties":{"kind":"road","id":"road-540332287-0","name":"F209","osmWay":540332287,"major":true,"bridge":false},"geometry":{"type":"LineString","coordinates":[[5.2146875,7.629435],[5.2145476,7.6296266]]}},{"type":"Feature","properties":{"kind":"road","id":"road-540332288-0","name":"F209","osmWay":540332288,"major":true,"bridge":false},"geometry":{"type":"LineString","coordinates":[[5.2147546,7.6293675],[5.2146875,7.629435]]}},{"type":"Feature","properties":{"kind":"road","id":"road-542369516-0","name":"Unnamed mapped tertiary","osmWay":542369516,"major":false,"bridge":false},"geometry":{"type":"LineString","coordinates":[[5.2611785,7.7302972],[5.2672067,7.7296235],[5.2740357,7.7269377],[5.2813661,7.7243636],[5.2818201,7.7240786],[5.2852446,7.7208765],[5.2877042,7.7192657],[5.288942,7.718002],[5.2917449,7.7161706],[5.2944619,7.7145905],[5.295838,7.7136057],[5.2971416,7.7120681],[5.2988031,7.709349],[5.3005288,7.7074061],[5.3072923,7.7007531],[5.3098458,7.698842],[5.3113608,7.6970388]]}},{"type":"Feature","properties":{"kind":"road","id":"road-543830065-0","name":"F117","osmWay":543830065,"major":false,"bridge":false},"geometry":{"type":"LineString","coordinates":[[5.2175227,7.6173491],[5.2216011,7.6171276]]}},{"type":"Feature","properties":{"kind":"road","id":"road-543830066-0","name":"F117","osmWay":543830066,"major":false,"bridge":false},"geometry":{"type":"LineString","coordinates":[[5.2178452,7.617416],[5.2175781,7.6174464]]}},{"type":"Feature","properties":{"kind":"road","id":"road-543830068-0","name":"F117","osmWay":543830068,"major":false,"bridge":false},"geometry":{"type":"LineString","coordinates":[[5.2174252,7.6174571],[5.2171054,7.6173607]]}},{"type":"Feature","properties":{"kind":"road","id":"road-543830069-0","name":"F117","osmWay":543830069,"major":false,"bridge":false},"geometry":{"type":"LineString","coordinates":[[5.2171328,7.6172692],[5.217449,7.6173635]]}},{"type":"Feature","properties":{"kind":"road","id":"road-543845293-0","name":"Akure - Ado Ekiti Road","osmWay":543845293,"major":true,"bridge":false},"geometry":{"type":"LineString","coordinates":[[5.2242351,7.6175822],[5.2244139,7.6178519]]}},{"type":"Feature","properties":{"kind":"road","id":"road-543845294-0","name":"F209","osmWay":543845294,"major":true,"bridge":false},"geometry":{"type":"LineString","coordinates":[[5.2241598,7.617631],[5.2238035,7.6170801]]}},{"type":"Feature","properties":{"kind":"road","id":"road-543845298-0","name":"F209","osmWay":543845298,"major":true,"bridge":false},"geometry":{"type":"LineString","coordinates":[[5.2245354,7.6180305],[5.224685,7.6189015]]}},{"type":"Feature","properties":{"kind":"road","id":"road-543845299-0","name":"Akure - Ado Ekiti Road","osmWay":543845299,"major":true,"bridge":false},"geometry":{"type":"LineString","coordinates":[[5.2245046,7.6189487],[5.2243839,7.6180701]]}},{"type":"Feature","properties":{"kind":"road","id":"road-543845308-0","name":"Akure - Ado Ekiti Road","osmWay":543845308,"major":true,"bridge":false},"geometry":{"type":"LineString","coordinates":[[5.224685,7.6189015],[5.2243351,7.6247934]]}},{"type":"Feature","properties":{"kind":"road","id":"road-543845309-0","name":"F209","osmWay":543845309,"major":true,"bridge":false},"geometry":{"type":"LineString","coordinates":[[5.224326,7.6180038],[5.2243808,7.6178639],[5.2245403,7.6179098],[5.2244715,7.6180778],[5.224326,7.6180038]]}},{"type":"Feature","properties":{"kind":"road","id":"road-544465701-0","name":"Ola Ajaye Street","osmWay":544465701,"major":false,"bridge":false},"geometry":{"type":"LineString","coordinates":[[5.2154235,7.6072509],[5.215076,7.6082848],[5.2145833,7.6109515],[5.2150403,7.6128826],[5.2153818,7.6132757],[5.2156147,7.6152945],[5.2153439,7.616504]]}},{"type":"Feature","properties":{"kind":"road","id":"road-544493954-0","name":"F117","osmWay":544493954,"major":false,"bridge":false},"geometry":{"type":"LineString","coordinates":[[5.2350598,7.6155778],[5.2349993,7.6154764],[5.2351017,7.6154164],[5.2351621,7.6155179],[5.2350598,7.6155778]]}},{"type":"Feature","properties":{"kind":"road","id":"road-544493955-0","name":"F117","osmWay":544493955,"major":false,"bridge":false},"geometry":{"type":"LineString","coordinates":[[5.2247889,7.6188669],[5.2261032,7.6183711],[5.2271314,7.6182427],[5.2279446,7.6176985],[5.2317076,7.6166486],[5.2327263,7.6164807],[5.2345353,7.6157505]]}},{"type":"Feature","properties":{"kind":"road","id":"road-544493962-0","name":"F117","osmWay":544493962,"major":false,"bridge":false},"geometry":{"type":"LineString","coordinates":[[5.2230576,7.6171754],[5.2236516,7.6169688]]}},{"type":"Feature","properties":{"kind":"road","id":"road-544493963-0","name":"F117","osmWay":544493963,"major":false,"bridge":false},"geometry":{"type":"LineString","coordinates":[[5.2237554,7.6170847],[5.2234492,7.6171661]]}},{"type":"Feature","properties":{"kind":"road","id":"road-544493964-0","name":"F117","osmWay":544493964,"major":false,"bridge":false},"geometry":{"type":"LineString","coordinates":[[5.2216096,7.6171953],[5.2178452,7.617416]]}},{"type":"Feature","properties":{"kind":"road","id":"road-544493965-0","name":"F117","osmWay":544493965,"major":false,"bridge":true},"geometry":{"type":"LineString","coordinates":[[5.2216988,7.6171999],[5.2216096,7.6171953]]}},{"type":"Feature","properties":{"kind":"road","id":"road-544666291-0","name":"F117","osmWay":544666291,"major":false,"bridge":false},"geometry":{"type":"LineString","coordinates":[[5.2354785,7.6153987],[5.2425814,7.6148638],[5.2432358,7.6147083],[5.2482663,7.6111604],[5.2498032,7.6102472],[5.2529857,7.6104253],[5.2550905,7.6103675]]}},{"type":"Feature","properties":{"kind":"road","id":"road-544666292-0","name":"F117","osmWay":544666292,"major":false,"bridge":true},"geometry":{"type":"LineString","coordinates":[[5.2551555,7.6103835],[5.2550905,7.6103675]]}},{"type":"Feature","properties":{"kind":"road","id":"road-544687293-0","name":"F117","osmWay":544687293,"major":false,"bridge":false},"geometry":{"type":"LineString","coordinates":[[5.2354785,7.6153987],[5.2351479,7.6155472]]}},{"type":"Feature","properties":{"kind":"road","id":"road-544687296-0","name":"F117","osmWay":544687296,"major":false,"bridge":false},"geometry":{"type":"LineString","coordinates":[[5.2350924,7.6155796],[5.2345647,7.6158182]]}},{"type":"Feature","properties":{"kind":"road","id":"road-544687297-0","name":"F117","osmWay":544687297,"major":false,"bridge":false},"geometry":{"type":"LineString","coordinates":[[5.2345353,7.6157505],[5.2349975,7.6155088]]}},{"type":"Feature","properties":{"kind":"road","id":"road-544687298-0","name":"Akure - Ado Ekiti Road","osmWay":544687298,"major":true,"bridge":true},"geometry":{"type":"LineString","coordinates":[[5.2234183,7.613702],[5.2234318,7.6139373]]}},{"type":"Feature","properties":{"kind":"road","id":"road-544687299-0","name":"Akure - Ado Ekiti Road","osmWay":544687299,"major":true,"bridge":false},"geometry":{"type":"LineString","coordinates":[[5.2234318,7.6139373],[5.2236142,7.6162316],[5.2237866,7.61685]]}},{"type":"Feature","properties":{"kind":"road","id":"road-544720600-0","name":"F117","osmWay":544720600,"major":false,"bridge":false},"geometry":{"type":"LineString","coordinates":[[5.1922142,7.6165415],[5.1901358,7.6156914],[5.1894009,7.6157105]]}},{"type":"Feature","properties":{"kind":"road","id":"road-544720601-0","name":"Unnamed mapped tertiary_link","osmWay":544720601,"major":false,"bridge":false},"geometry":{"type":"LineString","coordinates":[[5.192158,7.620416],[5.1922456,7.6204111]]}},{"type":"Feature","properties":{"kind":"road","id":"road-544951904-0","name":"Akure - Ado Ekiti Road","osmWay":544951904,"major":true,"bridge":false},"geometry":{"type":"LineString","coordinates":[[5.2194643,7.5415501],[5.2174572,7.5463859],[5.2117812,7.5629282],[5.2110547,7.56517],[5.2108173,7.5663942],[5.212094,7.5753014],[5.2133889,7.5782704],[5.2155527,7.5826861],[5.216124,7.5835236],[5.2173821,7.5847798],[5.2179627,7.5856121],[5.2180821,7.5872671],[5.2176221,7.5886976],[5.2179694,7.5908152],[5.2188016,7.5929442],[5.2217809,7.5995219],[5.2234183,7.613702]]}},{"type":"Feature","properties":{"kind":"road","id":"road-550775018-0","name":"F117","osmWay":550775018,"major":false,"bridge":false},"geometry":{"type":"LineString","coordinates":[[5.3538262,7.618919],[5.3502975,7.6185751],[5.3498174,7.6183558],[5.3396505,7.6097407],[5.3387278,7.6091771],[5.3363648,7.6085856],[5.3290665,7.6027672],[5.3262931,7.6019643],[5.3255434,7.602056],[5.3239023,7.6025401]]}},{"type":"Feature","properties":{"kind":"road","id":"road-550775019-0","name":"Unnamed mapped secondary","osmWay":550775019,"major":false,"bridge":false},"geometry":{"type":"LineString","coordinates":[[5.3769337,7.6732748],[5.3794679,7.6768223],[5.3803745,7.6779998],[5.381033,7.6786192],[5.3817257,7.6790385],[5.3826011,7.6793249],[5.3862056,7.6799775],[5.3881024,7.6811745]]}},{"type":"Feature","properties":{"kind":"road","id":"road-551011476-0","name":"F117","osmWay":551011476,"major":false,"bridge":false},"geometry":{"type":"LineString","coordinates":[[5.2351017,7.6154164],[5.2354785,7.6153987]]}},{"type":"Feature","properties":{"kind":"road","id":"road-551547902-0","name":"Unnamed mapped tertiary","osmWay":551547902,"major":false,"bridge":false},"geometry":{"type":"LineString","coordinates":[[5.1514713,7.712388],[5.1504944,7.713659],[5.1493156,7.7148031],[5.1464663,7.7162],[5.1429561,7.7187076],[5.1407009,7.7198066],[5.1402336,7.7201961],[5.1384231,7.7230506],[5.1368854,7.724992],[5.1342255,7.7297298],[5.1335474,7.7304399],[5.131492,7.7315806],[5.1311731,7.7319066],[5.1307708,7.7339823],[5.1300815,7.7357099],[5.1298159,7.7368288],[5.1279868,7.7403955],[5.127865,7.7421246],[5.1274046,7.7435769],[5.1271686,7.7440553],[5.1260669,7.7453688],[5.1251916,7.7484792],[5.1245397,7.7501352],[5.1244006,7.7515342],[5.1240667,7.7524473]]}},{"type":"Feature","properties":{"kind":"road","id":"road-551599887-0","name":"Unnamed mapped tertiary","osmWay":551599887,"major":false,"bridge":false},"geometry":{"type":"LineString","coordinates":[[5.1547672,7.7111006],[5.1547752,7.7114362]]}},{"type":"Feature","properties":{"kind":"road","id":"road-551599905-0","name":"Unnamed mapped secondary","osmWay":551599905,"major":false,"bridge":false},"geometry":{"type":"LineString","coordinates":[[5.1240546,7.6707406],[5.1234095,7.6719724],[5.1231201,7.6731698],[5.1236147,7.6782231],[5.1238427,7.6790126],[5.1251778,7.6813311],[5.1268896,7.6852885],[5.127756,7.6895401],[5.1287628,7.6915027],[5.129715,7.6938359],[5.1307265,7.6953276],[5.1315862,7.6962092],[5.1338881,7.6981659],[5.135775,7.7001216],[5.1365772,7.7012157],[5.1378974,7.7035081],[5.1395255,7.704469],[5.1408752,7.7055609],[5.1413897,7.7058139],[5.1418596,7.7059282],[5.1432404,7.7059176],[5.1445761,7.7061223],[5.1450803,7.7063462],[5.1472101,7.7082726],[5.1504461,7.7105232],[5.1510295,7.7119246],[5.1512682,7.7122142],[5.1523304,7.7130965],[5.1533818,7.7137087],[5.1536661,7.7135742],[5.1539129,7.7132385],[5.154599,7.7115793],[5.1547752,7.7114362],[5.1571637,7.7111246],[5.1581793,7.7111791],[5.1592637,7.7114875],[5.1623797,7.7131047],[5.1641133,7.7137692],[5.1664656,7.7134669],[5.1673841,7.7135988],[5.1701541,7.7153629],[5.1707922,7.7159523],[5.1719543,7.7186989],[5.1736271,7.7211237],[5.1741475,7.7214267],[5.1754737,7.721603],[5.175814,7.7218617],[5.1782888,7.7254483],[5.1794247,7.7263663],[5.1805338,7.7277763],[5.1809203,7.7292048],[5.1793912,7.7349073],[5.1796114,7.7360386],[5.1803219,7.7375438],[5.1828968,7.739662],[5.1840529,7.7411717],[5.1848012,7.7428142],[5.186381,7.7443836],[5.1868583,7.7446796],[5.1893342,7.7453842],[5.193969,7.7470931],[5.1963468,7.747735],[5.1979762,7.7487223],[5.1986261,7.7488031],[5.2022168,7.7485416],[5.2036759,7.7491342],[5.2046911,7.7504963],[5.2083899,7.7537387],[5.2087976,7.7560151],[5.2113911,7.7595879],[5.2120251,7.7602213],[5.2136176,7.7615895],[5.219627,7.7656011],[5.2218251,7.7678946],[5.2231394,7.7702107],[5.2237228,7.7708047],[5.2258712,7.771982],[5.2296799,7.7751817],[5.2307153,7.7756627],[5.2327698,7.776949],[5.2355459,7.7784664],[5.2374503,7.7793354],[5.2405148,7.7814619],[5.2409846,7.7819314],[5.2423267,7.7841314],[5.2431463,7.7849408]]}},{"type":"Feature","properties":{"kind":"road","id":"road-551599906-0","name":"Unnamed mapped secondary","osmWay":551599906,"major":false,"bridge":false},"geometry":{"type":"LineString","coordinates":[[5.1522647,7.7133464],[5.1523304,7.7130965]]}},{"type":"Feature","properties":{"kind":"road","id":"road-551608041-0","name":"Unnamed mapped secondary","osmWay":551608041,"major":false,"bridge":false},"geometry":{"type":"LineString","coordinates":[[5.1525101,7.7132201],[5.1522647,7.7133464]]}},{"type":"Feature","properties":{"kind":"road","id":"road-551827661-0","name":"F209","osmWay":551827661,"major":true,"bridge":false},"geometry":{"type":"LineString","coordinates":[[5.2429274,7.7881012],[5.242923,7.7885288]]}},{"type":"Feature","properties":{"kind":"road","id":"road-551827663-0","name":"Ifaki","osmWay":551827663,"major":true,"bridge":false},"geometry":{"type":"LineString","coordinates":[[5.2429865,7.7885833],[5.2432248,7.7886482]]}},{"type":"Feature","properties":{"kind":"road","id":"road-551827669-0","name":"F209","osmWay":551827669,"major":true,"bridge":false},"geometry":{"type":"LineString","coordinates":[[5.2430185,7.7857225],[5.2441156,7.7834679],[5.2449444,7.7791335],[5.2454191,7.7780837],[5.2459073,7.7774938],[5.2465457,7.7770154],[5.248965,7.7758461],[5.2494532,7.7753385],[5.2497107,7.7748469],[5.2498314,7.7740974],[5.2495873,7.772471],[5.2496892,7.7720352],[5.2506924,7.7701642],[5.2508962,7.7692978],[5.2509767,7.7670947],[5.2513576,7.7660901],[5.2549893,7.7618884],[5.2555928,7.7614499],[5.2590716,7.759672],[5.2600479,7.7590208],[5.2616384,7.7574236],[5.2622366,7.7562622],[5.2623487,7.7553282],[5.2622903,7.7532085],[5.2617913,7.7511302],[5.2617324,7.7490359],[5.2614346,7.7482545],[5.2597207,7.745432],[5.2593878,7.7444041],[5.2594229,7.7437922],[5.2598924,7.742563],[5.2598334,7.74167],[5.2599285,7.7410321],[5.2607909,7.739678],[5.2610161,7.7372594],[5.2608311,7.7362309],[5.2597736,7.734708],[5.2595918,7.7339892],[5.2601927,7.7314654],[5.2610927,7.7304793],[5.2611798,7.73007],[5.260595,7.7289404],[5.2599057,7.7281643]]}},{"type":"Feature","properties":{"kind":"road","id":"road-551836674-0","name":"Unnamed mapped secondary","osmWay":551836674,"major":false,"bridge":false},"geometry":{"type":"LineString","coordinates":[[5.3881024,7.6811745],[5.3895799,7.6787149],[5.3918382,7.6764023],[5.3944387,7.6726542],[5.3964597,7.6714155],[5.3979939,7.670751],[5.3983587,7.6704054],[5.4012098,7.6658492],[5.4074943,7.663401],[5.4110402,7.6613036],[5.4126922,7.6605493]]}},{"type":"Feature","properties":{"kind":"road","id":"road-552022045-0","name":"F209","osmWay":552022045,"major":true,"bridge":false},"geometry":{"type":"LineString","coordinates":[[5.2588637,7.7269988],[5.2583658,7.7263952],[5.2581033,7.725566],[5.2582715,7.7241772],[5.2579856,7.7221989],[5.2580203,7.7214777],[5.2606389,7.7153283]]}},{"type":"Feature","properties":{"kind":"road","id":"road-552022046-0","name":"F209","osmWay":552022046,"major":true,"bridge":false},"geometry":{"type":"LineString","coordinates":[[5.2606515,7.7126852],[5.2608742,7.7149121],[5.2607512,7.7153766]]}},{"type":"Feature","properties":{"kind":"road","id":"road-552022049-0","name":"F209","osmWay":552022049,"major":true,"bridge":false},"geometry":{"type":"LineString","coordinates":[[5.2606389,7.7153283],[5.2607212,7.7145799],[5.2605387,7.7126741]]}},{"type":"Feature","properties":{"kind":"road","id":"road-552045185-0","name":"Unnamed mapped secondary","osmWay":552045185,"major":false,"bridge":false},"geometry":{"type":"LineString","coordinates":[[5.2431463,7.7849408],[5.2433109,7.7850517]]}},{"type":"Feature","properties":{"kind":"road","id":"road-552333672-0","name":"Ado Ekiti / Efon Road","osmWay":552333672,"major":false,"bridge":false},"geometry":{"type":"LineString","coordinates":[[5.1076468,7.6755911],[5.1115056,7.6740136],[5.1160522,7.6719592],[5.1208145,7.6719408],[5.1227404,7.6713639],[5.1240546,7.6707406]]}},{"type":"Feature","properties":{"kind":"road","id":"road-591579548-0","name":"F209","osmWay":591579548,"major":true,"bridge":false},"geometry":{"type":"LineString","coordinates":[[5.2243325,7.6179133],[5.2241598,7.617631]]}},{"type":"Feature","properties":{"kind":"road","id":"road-604789532-0","name":"F117","osmWay":604789532,"major":false,"bridge":false},"geometry":{"type":"LineString","coordinates":[[5.3236526,7.602616],[5.3192483,7.6039543],[5.3178522,7.6042095],[5.3080098,7.5990318],[5.3071837,7.5987753],[5.3000021,7.6010816],[5.2803214,7.6086268],[5.2702041,7.6115486],[5.2694303,7.6115884],[5.2564417,7.6106779],[5.2551555,7.6103835]]}},{"type":"Feature","properties":{"kind":"road","id":"road-604789533-0","name":"F117","osmWay":604789533,"major":false,"bridge":true},"geometry":{"type":"LineString","coordinates":[[5.3239023,7.6025401],[5.3236526,7.602616]]}},{"type":"Feature","properties":{"kind":"road","id":"road-604803665-0","name":"Akure - Ado Ekiti Road","osmWay":604803665,"major":true,"bridge":false},"geometry":{"type":"LineString","coordinates":[[5.2233311,7.6137094],[5.2216773,7.5995524],[5.2193594,7.5944587],[5.2178685,7.5908385],[5.2175319,7.5888976],[5.2175699,7.5884515],[5.2179966,7.5872567],[5.2179973,7.5862327],[5.2178625,7.5856577],[5.217321,7.5848399],[5.2160143,7.5835586],[5.2153524,7.5825435],[5.2119999,7.5753311],[5.2107162,7.5669711]]}},{"type":"Feature","properties":{"kind":"road","id":"road-604803665-1","name":"Akure - Ado Ekiti Road","osmWay":604803665,"major":true,"bridge":false},"geometry":{"type":"LineString","coordinates":[[5.2158039,7.5508516],[5.2163908,7.5491148]]}},{"type":"Feature","properties":{"kind":"road","id":"road-604803666-0","name":"Akure - Ado Ekiti Road","osmWay":604803666,"major":true,"bridge":true},"geometry":{"type":"LineString","coordinates":[[5.2233448,7.6139418],[5.2233311,7.6137094]]}},{"type":"Feature","properties":{"kind":"road","id":"road-604803667-0","name":"Akure - Ado Ekiti Road","osmWay":604803667,"major":true,"bridge":false},"geometry":{"type":"LineString","coordinates":[[5.2236698,7.6169046],[5.2233448,7.6139418]]}},{"type":"Feature","properties":{"kind":"road","id":"road-604803668-0","name":"Akure - Ado Ekiti Road","osmWay":604803668,"major":true,"bridge":false},"geometry":{"type":"LineString","coordinates":[[5.2238723,7.6170302],[5.2242351,7.6175822]]}},{"type":"Feature","properties":{"kind":"road","id":"road-604805120-0","name":"F209","osmWay":604805120,"major":true,"bridge":false},"geometry":{"type":"LineString","coordinates":[[5.2238707,7.6169022],[5.2238219,7.6170745],[5.2236713,7.6170326],[5.2237201,7.6168603],[5.2238707,7.6169022]]}},{"type":"Feature","properties":{"kind":"road","id":"road-604834134-0","name":"F209","osmWay":604834134,"major":true,"bridge":false},"geometry":{"type":"LineString","coordinates":[[5.2206102,7.625129],[5.2213128,7.6248638],[5.2223628,7.624966],[5.2238176,7.6249052],[5.2242478,7.6246152]]}},{"type":"Feature","properties":{"kind":"road","id":"road-604834137-0","name":"Akure - Ado Ekiti Road","osmWay":604834137,"major":true,"bridge":false},"geometry":{"type":"LineString","coordinates":[[5.2242478,7.6246152],[5.2245046,7.6189487]]}},{"type":"Feature","properties":{"kind":"road","id":"road-604884031-0","name":"F209","osmWay":604884031,"major":true,"bridge":false},"geometry":{"type":"LineString","coordinates":[[5.2144496,7.6297458],[5.2144969,7.630915],[5.2147724,7.6321753],[5.2149956,7.6326564]]}},{"type":"Feature","properties":{"kind":"road","id":"road-604884033-0","name":"F209","osmWay":604884033,"major":true,"bridge":false},"geometry":{"type":"LineString","coordinates":[[5.2149956,7.6326564],[5.2241082,7.6444215],[5.224494,7.6453196],[5.2247232,7.646869],[5.2252812,7.648282],[5.2304337,7.6562611],[5.2323053,7.6576989],[5.2335483,7.658945],[5.236612,7.6635901],[5.2380002,7.6642933],[5.2387243,7.6648352],[5.2412,7.6659723],[5.2417619,7.6665352],[5.2420172,7.6674561],[5.2419057,7.6689962],[5.2423688,7.6703813],[5.2425135,7.6721654]]}},{"type":"Feature","properties":{"kind":"road","id":"road-604884038-0","name":"F209","osmWay":604884038,"major":true,"bridge":false},"geometry":{"type":"LineString","coordinates":[[5.2605387,7.7126741],[5.2609686,7.7101022],[5.2618798,7.7085995],[5.2622393,7.7076227],[5.26238,7.7063933],[5.2621212,7.7050511],[5.2524628,7.6882835],[5.2513978,7.6861337],[5.250444,7.6850041],[5.248214,7.6835474],[5.2438725,7.6779472],[5.2429655,7.6762661],[5.2427669,7.6755963],[5.2424062,7.6721739]]}},{"type":"Feature","properties":{"kind":"road","id":"road-604903840-0","name":"Unnamed mapped primary_link","osmWay":604903840,"major":false,"bridge":false},"geometry":{"type":"LineString","coordinates":[[5.2418753,7.6680021],[5.2419963,7.6680145]]}},{"type":"Feature","properties":{"kind":"road","id":"road-604903841-0","name":"Unnamed mapped primary_link","osmWay":604903841,"major":false,"bridge":false},"geometry":{"type":"LineString","coordinates":[[5.2406314,7.6658269],[5.2406852,7.6657191]]}},{"type":"Feature","properties":{"kind":"road","id":"road-604903842-0","name":"Unnamed mapped primary_link","osmWay":604903842,"major":false,"bridge":false},"geometry":{"type":"LineString","coordinates":[[5.2326433,7.6581338],[5.2327136,7.6580657]]}},{"type":"Feature","properties":{"kind":"road","id":"road-604903843-0","name":"Unnamed mapped primary_link","osmWay":604903843,"major":false,"bridge":false},"geometry":{"type":"LineString","coordinates":[[5.2249138,7.64769],[5.2250178,7.6476562]]}},{"type":"Feature","properties":{"kind":"road","id":"road-604903844-0","name":"Unnamed mapped primary_link","osmWay":604903844,"major":false,"bridge":false},"geometry":{"type":"LineString","coordinates":[[5.2222102,7.6421286],[5.2222965,7.6420722]]}},{"type":"Feature","properties":{"kind":"road","id":"road-604903845-0","name":"Unnamed mapped primary_link","osmWay":604903845,"major":false,"bridge":false},"geometry":{"type":"LineString","coordinates":[[5.2231492,7.6117659],[5.2232325,7.6117587]]}},{"type":"Feature","properties":{"kind":"road","id":"road-604903847-0","name":"Unnamed mapped primary_link","osmWay":604903847,"major":false,"bridge":false},"geometry":{"type":"LineString","coordinates":[[5.2177919,7.5904204],[5.2178937,7.5904098]]}},{"type":"Feature","properties":{"kind":"road","id":"road-604903848-0","name":"Unnamed mapped primary_link","osmWay":604903848,"major":false,"bridge":false},"geometry":{"type":"LineString","coordinates":[[5.211602,7.5725563],[5.2116931,7.5725458]]}},{"type":"Feature","properties":{"kind":"road","id":"road-604903849-0","name":"Unnamed mapped primary_link","osmWay":604903849,"major":false,"bridge":false},"geometry":{"type":"LineString","coordinates":[[5.210879,7.5679032],[5.2110061,7.5678802]]}},{"type":"Feature","properties":{"kind":"road","id":"road-604903850-0","name":"Unnamed mapped primary_link","osmWay":604903850,"major":false,"bridge":false},"geometry":{"type":"LineString","coordinates":[[5.2181831,7.5443996],[5.218237,7.5444223]]}},{"type":"Feature","properties":{"kind":"road","id":"road-605147059-0","name":"F209","osmWay":605147059,"major":true,"bridge":false},"geometry":{"type":"LineString","coordinates":[[5.2599057,7.7281643],[5.2588637,7.7269988]]}},{"type":"Feature","properties":{"kind":"road","id":"road-605161196-0","name":"Unnamed mapped primary_link","osmWay":605161196,"major":false,"bridge":false},"geometry":{"type":"LineString","coordinates":[[5.2609333,7.7365331],[5.2610383,7.73651]]}},{"type":"Feature","properties":{"kind":"road","id":"road-605161197-0","name":"F209","osmWay":605161197,"major":true,"bridge":false},"geometry":{"type":"LineString","coordinates":[[5.2589522,7.7269244],[5.2604859,7.7286056],[5.2612737,7.7300341],[5.2611838,7.7305033],[5.2604704,7.7312302],[5.2602504,7.7316302],[5.2597206,7.7338176],[5.2598387,7.7346083],[5.2608432,7.735997],[5.2611288,7.7370202],[5.2609625,7.7396527],[5.2600197,7.7413577],[5.2600318,7.7426786],[5.2595893,7.7437417],[5.2595249,7.7442998],[5.2596845,7.7450427],[5.2615178,7.7481323],[5.2618691,7.7489509],[5.2619576,7.7512551],[5.2624324,7.7531155],[5.262486,7.7556669],[5.262368,7.7563419],[5.2616438,7.7576707],[5.2602947,7.7590261],[5.2595249,7.7595603],[5.2551314,7.7619416],[5.2515024,7.7661353],[5.2511162,7.7671239],[5.2510866,7.7687504],[5.2508882,7.7700499],[5.2505073,7.7709801],[5.2497885,7.7722238],[5.249759,7.772867],[5.2499816,7.7742011],[5.2497616,7.7751153],[5.2494854,7.775575],[5.2488309,7.7760959],[5.2475797,7.7765615],[5.2464035,7.7772121],[5.2453628,7.7783468],[5.2450208,7.7792278],[5.2442202,7.7834519],[5.2433257,7.7852099],[5.2429461,7.7862556],[5.2429274,7.7881012]]}},{"type":"Feature","properties":{"kind":"road","id":"road-605484217-0","name":"Unnamed mapped tertiary","osmWay":605484217,"major":false,"bridge":false},"geometry":{"type":"LineString","coordinates":[[5.2219667,7.6007766],[5.2215461,7.6007194]]}},{"type":"Feature","properties":{"kind":"road","id":"road-605484218-0","name":"Unnamed mapped tertiary","osmWay":605484218,"major":false,"bridge":false},"geometry":{"type":"LineString","coordinates":[[5.2215461,7.6007194],[5.2219518,7.6006347]]}},{"type":"Feature","properties":{"kind":"road","id":"road-605490924-0","name":"Unnamed mapped primary_link","osmWay":605490924,"major":false,"bridge":false},"geometry":{"type":"LineString","coordinates":[[5.3124097,7.6969995],[5.312412,7.6970557]]}},{"type":"Feature","properties":{"kind":"road","id":"road-605490925-0","name":"Unnamed mapped primary","osmWay":605490925,"major":true,"bridge":false},"geometry":{"type":"LineString","coordinates":[[5.3112229,7.6970488],[5.3140608,7.6967833],[5.3161027,7.6964706],[5.3171839,7.6961756]]}},{"type":"Feature","properties":{"kind":"road","id":"road-605490926-0","name":"Unnamed mapped primary","osmWay":605490926,"major":true,"bridge":false},"geometry":{"type":"LineString","coordinates":[[5.3112229,7.6970488],[5.3103946,7.6969265],[5.3097123,7.6966619],[5.3075063,7.6951317],[5.3052393,7.6923821],[5.3026775,7.690371],[5.2980808,7.6880964],[5.2954289,7.6872289],[5.2925509,7.6851768],[5.2918489,7.6840165],[5.2909121,7.6813385],[5.2889729,7.6779095],[5.2880287,7.6766202],[5.2866769,7.6755889],[5.2844205,7.6744146],[5.2812548,7.6720096],[5.2783513,7.6684649],[5.2754384,7.6663171],[5.2740718,7.6629768],[5.273357,7.6598336],[5.2725926,7.6585257],[5.2718979,7.6577415]]}},{"type":"Feature","properties":{"kind":"road","id":"road-605490927-0","name":"Unnamed mapped primary","osmWay":605490927,"major":true,"bridge":false},"geometry":{"type":"LineString","coordinates":[[5.3172058,7.6962368],[5.3161133,7.696528],[5.3128834,7.6970106],[5.3112229,7.6970488]]}},{"type":"Feature","properties":{"kind":"road","id":"road-605492440-0","name":"Unnamed mapped secondary","osmWay":605492440,"major":false,"bridge":false},"geometry":{"type":"LineString","coordinates":[[5.3171839,7.6961756],[5.3182821,7.6959035]]}},{"type":"Feature","properties":{"kind":"road","id":"road-605492441-0","name":"Unnamed mapped secondary","osmWay":605492441,"major":false,"bridge":false},"geometry":{"type":"LineString","coordinates":[[5.3182821,7.6959035],[5.3172058,7.6962368]]}},{"type":"Feature","properties":{"kind":"road","id":"road-606216059-0","name":"Unnamed mapped secondary_link","osmWay":606216059,"major":false,"bridge":false},"geometry":{"type":"LineString","coordinates":[[5.2077996,7.6437233],[5.2078931,7.643759]]}},{"type":"Feature","properties":{"kind":"road","id":"road-606216060-0","name":"Unnamed mapped secondary_link","osmWay":606216060,"major":false,"bridge":false},"geometry":{"type":"LineString","coordinates":[[5.2060438,7.6461632],[5.2060961,7.6462474]]}},{"type":"Feature","properties":{"kind":"road","id":"road-606216061-0","name":"Unnamed mapped secondary_link","osmWay":606216061,"major":false,"bridge":false},"geometry":{"type":"LineString","coordinates":[[5.206765,7.6529248],[5.2068646,7.6529312]]}},{"type":"Feature","properties":{"kind":"road","id":"road-606216062-0","name":"Unnamed mapped secondary_link","osmWay":606216062,"major":false,"bridge":false},"geometry":{"type":"LineString","coordinates":[[5.2067056,7.6567552],[5.2068053,7.6567553]]}},{"type":"Feature","properties":{"kind":"road","id":"road-606216063-0","name":"Unnamed mapped secondary_link","osmWay":606216063,"major":false,"bridge":false},"geometry":{"type":"LineString","coordinates":[[5.2061097,7.6597987],[5.2062189,7.6598172]]}},{"type":"Feature","properties":{"kind":"road","id":"road-606216064-0","name":"Unnamed mapped secondary","osmWay":606216064,"major":false,"bridge":false},"geometry":{"type":"LineString","coordinates":[[5.2053816,7.6620659],[5.2058407,7.661028],[5.2066986,7.6572363],[5.2067668,7.6518719],[5.2047662,7.6483819],[5.2046631,7.6476212],[5.2051348,7.6467497],[5.2066787,7.6457594],[5.2070725,7.6452126],[5.2084469,7.6424059],[5.2092341,7.6390562],[5.2101112,7.6367254],[5.2104822,7.6361685],[5.2120191,7.6346012],[5.2125709,7.6335316],[5.2127637,7.6328668]]}},{"type":"Feature","properties":{"kind":"road","id":"road-606216065-0","name":"Unnamed mapped secondary","osmWay":606216065,"major":false,"bridge":false},"geometry":{"type":"LineString","coordinates":[[5.2129336,7.6329412],[5.2121021,7.6346563],[5.2105558,7.6362354],[5.2102017,7.6367671],[5.2093396,7.6390612],[5.2085415,7.6424375],[5.2071601,7.6452601],[5.2067471,7.6458322],[5.2052047,7.6468207],[5.204828,7.6473767],[5.2047329,7.6478789],[5.2048576,7.6483408],[5.2067398,7.6514802],[5.2068795,7.6521924],[5.2067632,7.6575315],[5.2059364,7.6610571],[5.2053816,7.6620659]]}},{"type":"Feature","properties":{"kind":"road","id":"road-606216066-0","name":"Unnamed mapped secondary","osmWay":606216066,"major":false,"bridge":false},"geometry":{"type":"LineString","coordinates":[[5.2142623,7.6300279],[5.2129336,7.6329412]]}},{"type":"Feature","properties":{"kind":"road","id":"road-963925081-0","name":"Unnamed mapped primary_link","osmWay":963925081,"major":false,"bridge":false},"geometry":{"type":"LineString","coordinates":[[5.2146155,7.6318145],[5.2134754,7.631693]]}},{"type":"Feature","properties":{"kind":"road","id":"road-963925082-0","name":"F209","osmWay":963925082,"major":false,"bridge":false},"geometry":{"type":"LineString","coordinates":[[5.2143937,7.6298228],[5.2142249,7.6296908]]}},{"type":"Feature","properties":{"kind":"road","id":"road-963925083-0","name":"Unnamed mapped primary_link","osmWay":963925083,"major":false,"bridge":false},"geometry":{"type":"LineString","coordinates":[[5.2144309,7.6291188],[5.2146035,7.629246]]}},{"type":"Feature","properties":{"kind":"road","id":"road-963925084-0","name":"Unnamed mapped primary_link","osmWay":963925084,"major":false,"bridge":false},"geometry":{"type":"LineString","coordinates":[[5.2144995,7.6293308],[5.2145476,7.6296266]]}},{"type":"Feature","properties":{"kind":"road","id":"road-963925085-0","name":"Unnamed mapped secondary","osmWay":963925085,"major":false,"bridge":false},"geometry":{"type":"LineString","coordinates":[[5.2205854,7.6253139],[5.2201983,7.6255165]]}},{"type":"Feature","properties":{"kind":"road","id":"road-963925086-0","name":"Unnamed mapped secondary","osmWay":963925086,"major":false,"bridge":false},"geometry":{"type":"LineString","coordinates":[[5.2201983,7.6255165],[5.2204362,7.625238]]}},{"type":"Feature","properties":{"kind":"road","id":"road-963925087-0","name":"Unnamed mapped secondary","osmWay":963925087,"major":false,"bridge":true},"geometry":{"type":"LineString","coordinates":[[5.2128839,7.6328074],[5.2144772,7.629475],[5.2156466,7.6284369],[5.2191831,7.6262649],[5.2201983,7.6255165]]}},{"type":"Feature","properties":{"kind":"road","id":"road-963925088-0","name":"Unnamed mapped secondary","osmWay":963925088,"major":false,"bridge":false},"geometry":{"type":"LineString","coordinates":[[5.2128839,7.6328074],[5.2128388,7.6331309]]}},{"type":"Feature","properties":{"kind":"road","id":"road-963925089-0","name":"Unnamed mapped secondary","osmWay":963925089,"major":false,"bridge":false},"geometry":{"type":"LineString","coordinates":[[5.2126942,7.633109],[5.2128839,7.6328074]]}},{"type":"Feature","properties":{"kind":"road","id":"road-963925090-0","name":"F209","osmWay":963925090,"major":true,"bridge":false},"geometry":{"type":"LineString","coordinates":[[5.2141217,7.6298737],[5.2143236,7.6295216]]}},{"type":"Feature","properties":{"kind":"road","id":"road-963925091-0","name":"Unnamed mapped secondary","osmWay":963925091,"major":false,"bridge":false},"geometry":{"type":"LineString","coordinates":[[5.2127637,7.6328668],[5.2141217,7.6298737]]}},{"type":"Feature","properties":{"kind":"road","id":"road-1006054972-0","name":"F117","osmWay":1006054972,"major":false,"bridge":false},"geometry":{"type":"LineString","coordinates":[[5.1926811,7.6166751],[5.1936966,7.6169395],[5.1954833,7.6167552],[5.1960045,7.6168118],[5.2012572,7.6188582],[5.2027391,7.6192953],[5.210254,7.6175303],[5.2134855,7.6159078],[5.2140572,7.6159583],[5.2171328,7.6172692]]}},{"type":"Feature","properties":{"kind":"road","id":"road-1006054973-0","name":"F117","osmWay":1006054973,"major":false,"bridge":false},"geometry":{"type":"LineString","coordinates":[[5.1925354,7.6166916],[5.1926413,7.6166437],[5.1926896,7.6167487],[5.1925836,7.6167966],[5.1925354,7.6166916]]}},{"type":"Feature","properties":{"kind":"road","id":"road-1006054974-0","name":"F117","osmWay":1006054974,"major":false,"bridge":false},"geometry":{"type":"LineString","coordinates":[[5.1925331,7.616742],[5.1922142,7.6165415]]}},{"type":"Feature","properties":{"kind":"road","id":"road-1006054975-0","name":"F117","osmWay":1006054975,"major":false,"bridge":false},"geometry":{"type":"LineString","coordinates":[[5.1922142,7.6165415],[5.1925905,7.6166415]]}},{"type":"Feature","properties":{"kind":"road","id":"road-1018698948-0","name":"Unnamed mapped tertiary_link","osmWay":1018698948,"major":false,"bridge":false},"geometry":{"type":"LineString","coordinates":[[5.213899,7.6160207],[5.2138939,7.6159175]]}},{"type":"Feature","properties":{"kind":"road","id":"road-1018698949-0","name":"Unnamed mapped tertiary_link","osmWay":1018698949,"major":false,"bridge":false},"geometry":{"type":"LineString","coordinates":[[5.2132464,7.6161122],[5.2131973,7.616026]]}},{"type":"Feature","properties":{"kind":"road","id":"road-1018698950-0","name":"Unnamed mapped tertiary_link","osmWay":1018698950,"major":false,"bridge":false},"geometry":{"type":"LineString","coordinates":[[5.2088246,7.6179977],[5.208802,7.6179014]]}},{"type":"Feature","properties":{"kind":"road","id":"road-1018698951-0","name":"Unnamed mapped tertiary_link","osmWay":1018698951,"major":false,"bridge":false},"geometry":{"type":"LineString","coordinates":[[5.2043582,7.6190693],[5.204336,7.6189729]]}},{"type":"Feature","properties":{"kind":"road","id":"road-1018698952-0","name":"Unnamed mapped tertiary_link","osmWay":1018698952,"major":false,"bridge":false},"geometry":{"type":"LineString","coordinates":[[5.2014702,7.61904],[5.2015076,7.6189479]]}},{"type":"Feature","properties":{"kind":"road","id":"road-1018698953-0","name":"Unnamed mapped tertiary_link","osmWay":1018698953,"major":false,"bridge":false},"geometry":{"type":"LineString","coordinates":[[5.1992538,7.618191],[5.1992937,7.6180996]]}},{"type":"Feature","properties":{"kind":"road","id":"road-1018698954-0","name":"Unnamed mapped tertiary_link","osmWay":1018698954,"major":false,"bridge":false},"geometry":{"type":"LineString","coordinates":[[5.1942866,7.6169906],[5.1942775,7.6168922]]}},{"type":"Feature","properties":{"kind":"road","id":"road-1214743651-0","name":"Unnamed mapped primary_link","osmWay":1214743651,"major":false,"bridge":false},"geometry":{"type":"LineString","coordinates":[[5.2372933,7.6640816],[5.2373395,7.6639863]]}},{"type":"Feature","properties":{"kind":"road","id":"road-1289255326-0","name":"Unnamed mapped secondary","osmWay":1289255326,"major":false,"bridge":true},"geometry":{"type":"LineString","coordinates":[[5.1656943,7.6605749],[5.1658798,7.6609217]]}},{"type":"Feature","properties":{"kind":"road","id":"road-1289255327-0","name":"Aramoko - Ilesha Road","osmWay":1289255327,"major":false,"bridge":false},"geometry":{"type":"LineString","coordinates":[[5.1240546,7.6707406],[5.1251861,7.6691155],[5.1272947,7.6677498],[5.1285325,7.6666068],[5.129309,7.6655993],[5.133056,7.6663782],[5.1339519,7.6665005],[5.1345889,7.6664074],[5.1365268,7.6649255],[5.1379135,7.6636056],[5.1391835,7.6630953],[5.1404536,7.6622885],[5.1411362,7.6613169],[5.1416485,7.6609195],[5.144096,7.6600741],[5.1460916,7.6596781],[5.1483312,7.6588553],[5.1489334,7.6589204],[5.1501109,7.6595465],[5.1506393,7.6595691],[5.1557167,7.6584167],[5.1568888,7.6584446],[5.1602939,7.6590454],[5.1617704,7.6589949],[5.1623109,7.6590932],[5.1652966,7.6601966],[5.1656943,7.6605749]]}},{"type":"Feature","properties":{"kind":"road","id":"road-1293844297-0","name":"F117","osmWay":1293844297,"major":false,"bridge":false},"geometry":{"type":"LineString","coordinates":[[5.2217098,7.6171355],[5.2230576,7.6171754]]}},{"type":"Feature","properties":{"kind":"road","id":"road-1293844298-0","name":"F117","osmWay":1293844298,"major":false,"bridge":true},"geometry":{"type":"LineString","coordinates":[[5.2216011,7.6171276],[5.2217098,7.6171355]]}},{"type":"Feature","properties":{"kind":"road","id":"road-1322506786-0","name":"Unnamed mapped primary_link","osmWay":1322506786,"major":false,"bridge":false},"geometry":{"type":"LineString","coordinates":[[5.2208479,7.5977481],[5.2209509,7.5976977]]}},{"type":"Feature","properties":{"kind":"road","id":"road-1379614191-0","name":"F209","osmWay":1379614191,"major":true,"bridge":false},"geometry":{"type":"LineString","coordinates":[[5.2607512,7.7153766],[5.25814,7.7215057],[5.2581076,7.7221873],[5.2583943,7.7241785],[5.2582255,7.7255533],[5.2584753,7.7263128],[5.2589522,7.7269244]]}},{"type":"Feature","properties":{"kind":"road","id":"road-1379614192-0","name":"F209","osmWay":1379614192,"major":true,"bridge":false},"geometry":{"type":"LineString","coordinates":[[5.2425135,7.6721654],[5.2428979,7.6756476],[5.243071,7.6762237],[5.24393,7.6778025],[5.2482946,7.6834681],[5.2505158,7.6849166],[5.2514937,7.6860737],[5.2525632,7.6882313],[5.2622282,7.7049862],[5.2625152,7.7063918],[5.2623606,7.7076563],[5.2619811,7.7086502],[5.2610746,7.7101426],[5.2606515,7.7126852]]}},{"type":"Feature","properties":{"kind":"road","id":"road-1423927730-0","name":"Unnamed mapped tertiary_link","osmWay":1423927730,"major":false,"bridge":false},"geometry":{"type":"LineString","coordinates":[[5.2055947,7.6337854],[5.2056634,7.6338288]]}},{"type":"Feature","properties":{"kind":"road","id":"road-1424812928-0","name":"Unnamed mapped tertiary_link","osmWay":1424812928,"major":false,"bridge":false},"geometry":{"type":"LineString","coordinates":[[5.1925756,7.6228407],[5.1924902,7.6228494]]}},{"type":"Feature","properties":{"kind":"road","id":"road-1427783636-0","name":"Unnamed mapped tertiary","osmWay":1427783636,"major":false,"bridge":false},"geometry":{"type":"LineString","coordinates":[[5.3510177,7.618673],[5.3504979,7.6197234],[5.3478345,7.6217133],[5.3472551,7.6226265],[5.34705,7.6234281],[5.3471505,7.6243293],[5.3474805,7.6250949],[5.3523809,7.633166]]}},{"type":"Feature","properties":{"kind":"road","id":"road-1427783637-0","name":"Unnamed mapped tertiary","osmWay":1427783637,"major":false,"bridge":false},"geometry":{"type":"LineString","coordinates":[[5.3523477,7.6331113],[5.3470493,7.6363318]]}},{"type":"Feature","properties":{"kind":"road","id":"road-1427783638-0","name":"Unnamed mapped tertiary","osmWay":1427783638,"major":false,"bridge":false},"geometry":{"type":"LineString","coordinates":[[5.343973,7.6325025],[5.349834,7.6289629]]}},{"type":"Feature","properties":{"kind":"road","id":"road-1429271412-0","name":"Unnamed mapped tertiary_link","osmWay":1429271412,"major":false,"bridge":false},"geometry":{"type":"LineString","coordinates":[[5.192985,7.626089],[5.1930663,7.6260756]]}},{"type":"Feature","properties":{"kind":"road","id":"road-1429621879-0","name":"Unnamed mapped tertiary","osmWay":1429621879,"major":false,"bridge":false},"geometry":{"type":"LineString","coordinates":[[5.3258036,7.6020029],[5.3257585,7.6033967],[5.3259435,7.6050557],[5.3257142,7.6054544],[5.3258148,7.6102798],[5.324887,7.6258682],[5.3246559,7.6383276],[5.3249147,7.6495773],[5.3256727,7.6672666],[5.3254508,7.6693552],[5.3249702,7.6711873],[5.3244156,7.6726071],[5.3233804,7.6743476],[5.3223729,7.6756117],[5.3210049,7.6769766],[5.2950316,7.7007927],[5.2909941,7.7046283],[5.2781442,7.7163032],[5.2766536,7.7170308],[5.2735018,7.7179301],[5.2695389,7.718095],[5.2619013,7.7190478],[5.260697,7.7191057],[5.2594997,7.7187184]]}},{"type":"Feature","properties":{"kind":"road","id":"road-1486055950-0","name":"Unnamed mapped tertiary_link","osmWay":1486055950,"major":false,"bridge":false},"geometry":{"type":"LineString","coordinates":[[5.2225023,7.6172627],[5.2225029,7.6171929]]}},{"type":"Feature","properties":{"kind":"road","id":"road-1499786552-0","name":"Unnamed mapped tertiary","osmWay":1499786552,"major":false,"bridge":false},"geometry":{"type":"LineString","coordinates":[[5.2594997,7.7187184],[5.2592826,7.7187321]]}},{"type":"Feature","properties":{"kind":"road","id":"road-1499786553-0","name":"Unnamed mapped tertiary","osmWay":1499786553,"major":false,"bridge":false},"geometry":{"type":"LineString","coordinates":[[5.2593724,7.7185374],[5.2594997,7.7187184]]}},{"type":"Feature","properties":{"kind":"road","id":"road-1559381055-0","name":"Unnamed mapped secondary_link","osmWay":1559381055,"major":false,"bridge":false},"geometry":{"type":"LineString","coordinates":[[5.2335709,7.6161742],[5.2335938,7.6162279]]}},{"type":"Feature","properties":{"kind":"road","id":"road-1559381056-0","name":"Unnamed mapped secondary_link","osmWay":1559381056,"major":false,"bridge":false},"geometry":{"type":"LineString","coordinates":[[5.2317076,7.6166486],[5.2317163,7.6167243]]}},{"type":"Feature","properties":{"kind":"road","id":"road-1559381057-0","name":"F117","osmWay":1559381057,"major":false,"bridge":false},"geometry":{"type":"LineString","coordinates":[[5.2345647,7.6158182],[5.2329212,7.6165012],[5.2317163,7.6167243],[5.2279624,7.6177606],[5.2271423,7.6182903],[5.2261942,7.6183941],[5.2247889,7.6188669]]}},{"type":"Feature","properties":{"kind":"road","id":"road-1559381058-0","name":"F117","osmWay":1559381058,"major":false,"bridge":false},"geometry":{"type":"LineString","coordinates":[[5.2247889,7.6188669],[5.224685,7.6189015]]}},{"type":"Feature","properties":{"kind":"road","id":"road-1561078979-0","name":"Unnamed mapped primary_link","osmWay":1561078979,"major":false,"bridge":false},"geometry":{"type":"LineString","coordinates":[[5.2589328,7.7195597],[5.2588159,7.7195095]]}}]}
