{"type":"FeatureCollection","metadata":{"source":"Geofabrik Nigeria OSM extract, OpenStreetMap contributors, ODbL 1.0; geoBoundaries gbOpen GRID3 2022, CC BY 4.0","surfaceFormatVersion":1,"pbfUrl":"https://download.geofabrik.de/africa/nigeria-261003.osm.pbf","pbfDate":"2026-10-03","pbfSha256":"6dfa568106792fb8a9bba0b12a91e1edfb789d38c452087b2c48bc58326880b5","pbfBytes":709273731,"boundaryRelease":"9469f09","adm1Sha256":"64fa218ac3d453cc1e66412ff461c5dfa1a4a1ade0da93b239a9891b587d28f9","adm2Sha256":"bef7f2cfa45e012f4772eaa61c7b99e5188aeba4d5c6badae7e9f9aae8c02fcd","cityId":"bauchi","stateId":"bauchi","stateSourceName":"Bauchi","localUnits":[["bauchi","Bauchi"]],"coordinatePrecisionDegrees":1e-07,"transportSimplificationDegrees":8e-05,"locationIndex":"sparse_file_array","waterObjects":[["way",38522390],["way",38522633],["way",169131636],["way",169131638],["way",169131639],["way",169135096],["way",169139071],["way",169139073],["way",169142672],["way",169145684],["way",201097205],["way",205477974],["way",205477980],["way",205478980],["way",205478981],["way",205611681],["way",205612245],["way",205612252],["way",205612257],["way",205613373],["way",205613419],["way",205615365],["way",205615366],["way",205615367],["way",205615368],["way",205615369],["way",205615371],["way",205616678],["way",206093302],["way",316733706],["way",318666229],["way",323223142],["way",525887067],["way",551875041]]},"features":[{"type":"Feature","properties":{"kind":"state","id":"state:bauchi","localUnitId":"bauchi","name":"Bauchi"},"geometry":{"type":"Polygon","coordinates":[[[10.5270708,9.4872825],[10.5229589,9.488391],[10.5127904,9.5110438],[10.5076303,9.5225391],[10.5067614,9.523333],[10.5036001,9.5262213],[10.49967,9.527977],[10.49547,9.5355129],[10.4930187,9.5399109],[10.4912701,9.5430479],[10.4889002,9.5525951],[10.4829502,9.5561924],[10.4790201,9.5579481],[10.4653797,9.561204],[10.4617574,9.5645169],[10.4593401,9.5667276],[10.4533997,9.5703239],[10.44946,9.5720797],[10.4396696,9.5755062],[10.4297895,9.5808592],[10.4258499,9.5826149],[10.4238396,9.5844545],[10.4190564,9.5842428],[10.4161501,9.5841141],[10.4102001,9.5877113],[10.4042597,9.5913086],[10.3984003,9.5929775],[10.39254,9.5946493],[10.3827496,9.5980749],[10.3728704,9.6034279],[10.3649101,9.6088657],[10.3609695,9.6106215],[10.3557989,9.6141547],[10.3530102,9.6160603],[10.3471082,9.6214666],[10.3469801,9.6215839],[10.3429604,9.6252661],[10.3389301,9.6289482],[10.3286166,9.6383882],[10.3278153,9.6391216],[10.3268604,9.6399956],[10.3182922,9.6420401],[10.31322,9.6432505],[10.3118232,9.6440402],[10.3002736,9.6527406],[10.295366,9.6582431],[10.2935814,9.6624072],[10.2923917,9.6655302],[10.2866512,9.6697716],[10.2810119,9.6725556],[10.2755867,9.6754823],[10.2718748,9.6779094],[10.2673776,9.6810502],[10.2648791,9.6812644],[10.2632373,9.683049],[10.2623807,9.6848336],[10.2605961,9.6871179],[10.2573838,9.6876176],[10.2516017,9.6879031],[10.2475715,9.6878347],[10.2392434,9.6888757],[10.2318076,9.689768],[10.2264538,9.6900654],[10.2212487,9.6891731],[10.2147052,9.6894706],[10.2068233,9.6884295],[10.1995362,9.689768],[10.1907619,9.6890244],[10.180203,9.6872398],[10.1736595,9.6854552],[10.1651827,9.6841168],[10.1614648,9.6832245],[10.1568546,9.6801014],[10.1522444,9.678763],[10.1500136,9.6806963],[10.1473799,9.6880102],[10.1464973,9.6903055],[10.1447675,9.6913529],[10.1431988,9.692126],[10.1401327,9.6922666],[10.1376371,9.6923369],[10.133858,9.6928289],[10.1317902,9.6923369],[10.1299363,9.6922666],[10.1228772,9.69311],[10.121665,9.6941643],[10.1206667,9.6934614],[10.1185305,9.6936256],[10.1169589,9.6938129],[10.115319,9.6936723],[10.1145346,9.6928992],[10.1123955,9.6917043],[10.108759,9.6905797],[10.1041403,9.7000058],[10.1036964,9.7009117],[10.1048692,9.7105118],[10.1032911,9.7195124],[10.1005804,9.7221842],[10.0983215,9.7220358],[10.0959596,9.7242278],[10.0916954,9.7247075],[10.0880955,9.7244136],[10.0865216,9.7245592],[10.0849186,9.7247075],[10.0793467,9.7263403],[10.0757324,9.7291604],[10.071076,9.7308454],[10.0682027,9.7309415],[10.0627813,9.7301994],[10.0576611,9.729012],[10.0534445,9.729012],[10.0520925,9.7272209],[10.0484749,9.7260434],[10.0468184,9.7288635],[10.0418488,9.7304963],[10.0388369,9.7270824],[10.0334155,9.7260434],[10.0135371,9.7190671],[10.0057063,9.7175828],[9.9956165,9.7181766],[9.9921528,9.7168407],[9.9843219,9.7129814],[9.9725896,9.6995277],[9.9751387,9.6893311],[9.9785189,9.6808066],[9.9856911,9.6627197],[9.9916563,9.6457443],[9.9916497,9.6456392],[9.9911976,9.6384029],[9.9806442,9.6232624],[9.9622917,9.61271],[9.9549265,9.6113708],[9.9444017,9.609457],[9.9421697,9.6090512],[9.9355977,9.6051028],[9.9159517,9.6108742],[9.9131605,9.6111532],[9.9067755,9.6117916],[9.9019879,9.608672],[9.854934,9.6031308],[9.838871,9.6012392],[9.8314253,9.5986021],[9.8283733,9.5935029],[9.8242092,9.5832415],[9.8077584,9.5799955],[9.8032851,9.5791129],[9.801538,9.5769953],[9.7939072,9.5677462],[9.7882127,9.5615089],[9.7842722,9.5571928],[9.782815,9.5565453],[9.7814522,9.5559382],[9.7776995,9.5512047],[9.7638304,9.5401137],[9.760876,9.5387092],[9.745687,9.5314882],[9.7443539,9.5315941],[9.7326002,9.5325279],[9.7135506,9.5278215],[9.7039356,9.5273943],[9.6959,9.5237493],[9.6945,9.5231142],[9.6923417,9.5224703],[9.6875602,9.523788],[9.6832201,9.5257867],[9.6781375,9.5308121],[9.6728266,9.5334391],[9.6678583,9.5353236],[9.6635952,9.5342912],[9.6586069,9.5317259],[9.6562739,9.5280379],[9.6544904,9.5249801],[9.651007,9.5219027],[9.6497696,9.5228925],[9.6483786,9.5222872],[9.6455426,9.5239868],[9.6410936,9.5263216],[9.6376136,9.5281954],[9.635829,9.5303072],[9.6312188,9.5323297],[9.6274414,9.5346199],[9.6270845,9.5360476],[9.6276794,9.537862],[9.6265194,9.5383379],[9.6253296,9.5371481],[9.6241994,9.5371779],[9.6233963,9.5381891],[9.6230394,9.5392896],[9.6202435,9.5413717],[9.6200948,9.5433347],[9.6182507,9.5446434],[9.615098,9.5446137],[9.6141164,9.5469634],[9.6119154,9.547588],[9.6108447,9.5488967],[9.6095062,9.5477367],[9.607216,9.5469931],[9.6059965,9.5460414],[9.6042119,9.5462793],[9.6032601,9.5470526],[9.6019217,9.5461603],[9.5988581,9.546547],[9.5973115,9.5458034],[9.5955804,9.545616],[9.5921897,9.5438017],[9.5902861,9.5436827],[9.5884538,9.5443825],[9.5882111,9.5443436],[9.5866872,9.5440991],[9.5859734,9.5449022],[9.5837426,9.5462704],[9.5815297,9.5485457],[9.5799057,9.5497503],[9.5792205,9.5516729],[9.5781561,9.5427967],[9.5739749,9.537627],[9.5700488,9.5343552],[9.5704652,9.5291204],[9.5738559,9.5249564],[9.576726,9.5227524],[9.5830132,9.5174083],[9.5899217,9.511536],[9.5691052,9.4727124],[9.5474676,9.4733396],[9.4842388,9.4751723],[9.4759715,9.475412],[9.4643555,9.4757487],[9.4254453,9.4768765],[9.4055534,9.5070955],[9.4035081,9.5102027],[9.402051,9.5139904],[9.4017839,9.5197697],[9.3995934,9.5254641],[9.3990804,9.526798],[9.3974037,9.5311584],[9.3510262,9.532267],[9.3405431,9.541025],[9.3141768,9.5630526],[9.3040319,9.5715281],[9.3049536,9.5763311],[9.3092923,9.5989409],[9.3271551,9.5957508],[9.3267638,9.5961874],[9.3153343,9.60722],[9.2928392,9.6134977],[9.2897551,9.6143584],[9.2972898,9.6248493],[9.2954159,9.6256752],[9.2927875,9.6283139],[9.2905626,9.6305475],[9.2876701,9.6334515],[9.2845802,9.6361122],[9.2844687,9.6400433],[9.2844116,9.641277],[9.2842903,9.6438971],[9.2877798,9.6517735],[9.291358,9.6577244],[9.2911797,9.6615772],[9.2915907,9.6630333],[9.2939293,9.6713183],[9.2944908,9.6733074],[9.290556,9.6750631],[9.2902002,9.6827688],[9.2882012,9.6908292],[9.2878323,9.692317],[9.2846332,9.6980524],[9.2831551,9.6968064],[9.2806832,9.695307],[9.2770705,9.691371],[9.2671502,9.6803884],[9.2600106,9.6807454],[9.228588,9.6823166],[9.2238172,9.6825551],[9.2165619,9.6839675],[9.2103137,9.6873601],[9.2075757,9.6938323],[9.2038824,9.7034602],[9.2025146,9.7039728],[9.1991516,9.7074289],[9.1981354,9.7084732],[9.195071,9.7138233],[9.1915337,9.7143351],[9.1886603,9.7165062],[9.1864185,9.7187014],[9.1823063,9.7243109],[9.1815465,9.7250061],[9.1782818,9.727993],[9.173604,9.7305269],[9.1684008,9.733346],[9.1655124,9.7353196],[9.1631251,9.7369508],[9.1604424,9.7387838],[9.1576229,9.7408245],[9.1521835,9.7447615],[9.150383,9.7479897],[9.1521273,9.7519283],[9.1535266,9.7534634],[9.1557951,9.7559519],[9.1595507,9.758049],[9.1609387,9.7585825],[9.1652308,9.760232],[9.1689873,9.7623291],[9.1743526,9.764677],[9.1743752,9.7646866],[9.184103,9.7687922],[9.1879482,9.7689629],[9.1926814,9.7714952],[9.1983151,9.7726609],[9.1987021,9.772741],[9.2025915,9.7715958],[9.2093603,9.7700842],[9.2120146,9.7729207],[9.2187203,9.7732557],[9.2232506,9.777172],[9.2272999,9.7813911],[9.2305691,9.7844927],[9.2343783,9.78842],[9.2357759,9.7896133],[9.2375018,9.7919064],[9.2400344,9.795662],[9.2442083,9.8023491],[9.2478719,9.804782],[9.2535543,9.8085556],[9.254329,9.8103034],[9.2552996,9.8124933],[9.2608004,9.8185291],[9.2631107,9.8237441],[9.2660351,9.8303452],[9.2676907,9.8362103],[9.2712688,9.8421602],[9.2720696,9.8461446],[9.2457184,9.8479274],[9.2321356,9.8616489],[9.2304818,9.876092],[9.2243929,9.9292686],[9.2196735,9.970485],[9.2142896,10.0175036],[9.2512684,10.0246696],[9.2547592,10.0300999],[9.2445243,10.0381244],[9.2438695,10.0389062],[9.2297073,10.0482473],[9.210797,10.0483864],[9.2031199,10.0453095],[9.1990794,10.0430861],[9.1925432,10.0402192],[9.1830006,10.0382713],[9.1629794,10.0419021],[9.1646026,10.0464489],[9.1595763,10.0461681],[9.1553271,10.0460294],[9.1534137,10.0466028],[9.1488384,10.0480772],[9.1445958,10.0494697],[9.1421834,10.0512718],[9.1385231,10.0528281],[9.1358576,10.0546724],[9.1354452,10.0549578],[9.1327831,10.0562683],[9.1280414,10.0586437],[9.1240025,10.0580307],[9.118558,10.0560226],[9.114565,10.0516813],[9.1126552,10.0490136],[9.1109879,10.0466847],[9.1089303,10.0440442],[9.1041665,10.0408689],[9.1032209,10.0399895],[9.1011717,10.0380838],[9.1002567,10.0366913],[9.0985929,10.0352168],[9.096656,10.0334055],[9.0921043,10.0298923],[9.0887767,10.0275986],[9.0855484,10.0250301],[9.0771757,10.0232454],[9.076328,10.0230647],[9.0740995,10.0225897],[9.0737555,10.0225748],[9.0687401,10.0223575],[9.0683317,10.0223398],[9.0645752,10.0202398],[9.0627327,10.0195325],[9.0588961,10.0180597],[9.0587362,10.0180527],[9.0550499,10.01789],[9.0474482,10.0156202],[9.0417539,10.0153632],[9.0416794,10.0153599],[9.0356858,10.0161816],[9.0308846,10.0180073],[9.0272244,10.0209096],[9.0228035,10.0219394],[9.0201415,10.0232969],[9.0171943,10.025497],[9.0116801,10.0299439],[9.0071935,10.0327752],[9.0071642,10.0327525],[9.0062135,10.0317227],[9.0054529,10.0315354],[9.0045973,10.031395],[9.0038842,10.0317695],[9.0035515,10.0309737],[9.0039793,10.0298035],[9.0048349,10.0291482],[9.0043596,10.0279779],[9.0037892,10.0271821],[9.0040268,10.0259651],[9.0049776,10.0250289],[9.0051202,10.0231097],[9.0055004,10.021799],[9.0063086,10.0208159],[9.0069265,10.0194116],[9.0064077,10.0155851],[9.0054054,10.0141687],[9.005548,10.0129984],[9.0058332,10.012109],[9.0050251,10.0119218],[9.0040268,10.0116877],[9.0030286,10.0106578],[9.0021245,10.0096099],[9.0012697,10.008879],[9.0013892,10.0072857],[9.0007646,10.0071243],[9.0004616,10.0059766],[9.0008419,10.005368],[9.0003666,10.0048063],[9.0006434,10.0029655],[9.0014599,10.0018102],[9.0019828,10.0008271],[9.0012697,10.0002186],[9.0027754,9.9887914],[8.9999059,9.9886356],[8.9774609,9.9874163],[8.9620866,10.0052097],[8.9515103,10.0110855],[8.9499184,10.0132186],[8.9495229,10.0198537],[8.947185,10.0196153],[8.9458778,10.0226745],[8.9437625,10.0263491],[8.9386859,10.0265672],[8.9392883,10.0330629],[8.9520929,10.0930118],[8.9682703,10.1028404],[8.9682351,10.1035999],[8.968092,10.1066904],[8.9698362,10.11063],[8.9705293,10.1164394],[8.9712248,10.1222696],[8.9728804,10.1281405],[8.9727386,10.1312016],[8.972702,10.1319904],[8.9743576,10.1378603],[8.972168,10.1435499],[8.9719896,10.1473999],[8.9718113,10.1512604],[8.9723614,10.1525016],[8.9735575,10.1552],[8.9771347,10.16115],[8.9768212,10.1679281],[8.9766893,10.1707802],[8.9781666,10.1805],[8.9760656,10.1842699],[8.9759151,10.1846611],[8.973876,10.1899595],[8.9679289,10.1935596],[8.9659166,10.1954002],[8.9600592,10.1970701],[8.951067,10.2031155],[8.9461546,10.2061005],[8.9422188,10.20786],[8.9382849,10.20961],[8.9303265,10.2150497],[8.9301472,10.2189102],[8.9299961,10.2221795],[8.9298801,10.2246904],[8.9297018,10.2285404],[8.9302691,10.2329588],[8.9309798,10.2384941],[8.931448,10.2421408],[8.9312468,10.2451115],[8.9346685,10.24613],[8.9364138,10.2500696],[8.9360571,10.2577801],[8.9357901,10.2635603],[8.9356117,10.2674103],[8.9391899,10.2733603],[8.9416787,10.2760924],[8.9446917,10.2793999],[8.9538603,10.2894602],[8.9535923,10.2952404],[8.95477,10.3075351],[8.9548922,10.3088102],[8.9547551,10.3090561],[8.9527912,10.3125801],[8.948678,10.3181801],[8.94631,10.3277302],[8.9421968,10.3333397],[8.940205,10.3377305],[8.9379053,10.3428001],[8.9362908,10.347003],[8.9357157,10.3485003],[8.9297705,10.3520899],[8.9258347,10.3538504],[8.9205332,10.3536157],[8.9181433,10.3535099],[8.9179268,10.3535716],[8.9122858,10.3551798],[8.9080137,10.3559939],[8.9073763,10.3561153],[8.9060266,10.3564418],[8.9039183,10.3569517],[8.8986931,10.3582144],[8.8928814,10.3580666],[8.8871098,10.3579197],[8.8701925,10.3576345],[8.8516742,10.3643825],[8.8486525,10.366125],[8.8380761,10.3703772],[8.8322294,10.3718333],[8.82315,10.3742181],[8.8206306,10.3754805],[8.8197274,10.3776782],[8.8192996,10.3794082],[8.8183184,10.3804462],[8.8169228,10.3803434],[8.8155443,10.3804369],[8.8144985,10.3801096],[8.8131199,10.3797823],[8.8119315,10.3802966],[8.8107348,10.3807401],[8.8103069,10.3812311],[8.8102356,10.3820026],[8.8099861,10.3826338],[8.8094869,10.3834754],[8.8090514,10.3844486],[8.8090948,10.3854392],[8.8088938,10.3862573],[8.8082748,10.3868069],[8.8075974,10.387368],[8.8069726,10.3873661],[8.8058504,10.3876485],[8.8053157,10.3880693],[8.8056722,10.3887356],[8.8061,10.3892967],[8.8067417,10.3894019],[8.8068844,10.3897876],[8.8068844,10.3903487],[8.8073478,10.3908747],[8.8074191,10.3913657],[8.8075974,10.392067],[8.8069913,10.3924527],[8.8065991,10.3932242],[8.8062068,10.3931864],[8.805387,10.3931891],[8.8051018,10.3928034],[8.8043531,10.3930489],[8.803747,10.3928385],[8.8033548,10.3933294],[8.8028557,10.3942412],[8.8022139,10.3944516],[8.8016792,10.3949776],[8.8010731,10.3956438],[8.8002531,10.3958542],[8.7998988,10.3962278],[8.7993618,10.3966257],[8.7990766,10.3975024],[8.7982209,10.3981686],[8.7978644,10.398905],[8.7973611,10.3987715],[8.7964383,10.398905],[8.795547,10.3993959],[8.7959392,10.3998167],[8.7962244,10.4002375],[8.7966522,10.4003778],[8.7971514,10.4009038],[8.798114,10.4012194],[8.7983279,10.4017103],[8.7976861,10.4023415],[8.7969018,10.4030428],[8.796367,10.4025168],[8.795547,10.4022012],[8.7944984,10.4021857],[8.7936931,10.4024116],[8.7936218,10.4030078],[8.7942279,10.4036039],[8.7937644,10.4038143],[8.7930157,10.4042351],[8.793087,10.404761],[8.7935505,10.4051818],[8.794121,10.4057429],[8.7933366,10.4060935],[8.7930157,10.4067949],[8.7927305,10.4076014],[8.7933723,10.4078819],[8.793907,10.408478],[8.7930862,10.4107178],[8.782257,10.4241601],[8.7780382,10.4242186],[8.7765407,10.4258923],[8.7751266,10.426673],[8.7743034,10.4269169],[8.7736933,10.4270976],[8.7701948,10.428134],[8.7672832,10.4277249],[8.7650252,10.4304131],[8.7649758,10.4317265],[8.7625341,10.4321263],[8.7615475,10.4322878],[8.7575597,10.4350022],[8.756975,10.4357135],[8.7552209,10.4391202],[8.7536166,10.4396462],[8.7516229,10.4401231],[8.7503245,10.4404337],[8.7492195,10.440698],[8.7493978,10.4451975],[8.7528461,10.454558],[8.758337,10.4578626],[8.7617547,10.4627048],[8.7639451,10.4654313],[8.767081,10.4683765],[8.7714919,10.4725191],[8.7716449,10.4726627],[8.7726529,10.4740068],[8.7767493,10.4794686],[8.7761097,10.4962574],[8.7741624,10.5010969],[8.77305,10.5044621],[8.773012,10.5101829],[8.7736632,10.5137865],[8.774614,10.5172217],[8.7752688,10.5191147],[8.7821352,10.5258843],[8.7819093,10.5266742],[8.7828622,10.5333263],[8.7842861,10.543265],[8.7882724,10.5533272],[8.7909801,10.5601616],[8.7930802,10.5654626],[8.7831768,10.5969687],[8.7819053,10.6010138],[8.8218802,10.6722549],[8.8247466,10.6752787],[8.8481753,10.6799404],[8.852459,10.6863298],[8.8544207,10.6968803],[8.8548286,10.7022563],[8.8552189,10.7074003],[8.8512783,10.7200899],[8.8464594,10.7245903],[8.8379841,10.7336397],[8.8341665,10.7428398],[8.8320837,10.7495388],[8.8311827,10.7528238],[8.8308548,10.7535677],[8.8289804,10.7578201],[8.8215895,10.7692404],[8.8156042,10.7736998],[8.8072109,10.7804203],[8.7976532,10.7870998],[8.7921696,10.7913713],[8.791317,10.7920356],[8.7856445,10.7972002],[8.779417,10.80865],[8.776845,10.8155603],[8.774354,10.8201399],[8.769371,10.8292999],[8.7678814,10.8385801],[8.7663097,10.8501797],[8.7661695,10.8511366],[8.7457867,10.857211],[8.7450736,10.8594519],[8.7454302,10.8618328],[8.7471415,10.8635834],[8.7489415,10.8643947],[8.7496986,10.8656419],[8.7501362,10.8668746],[8.7496512,10.869854],[8.7493541,10.876127],[8.7499483,10.8856091],[8.7523251,10.8966955],[8.7539591,10.903989],[8.7560388,10.9076357],[8.7576729,10.9162417],[8.759604,10.9235347],[8.7624265,10.9245557],[8.7652489,10.9265977],[8.7671801,10.9300982],[8.7679228,10.9363699],[8.7667174,10.9417247],[8.7707475,10.9418211],[8.7732706,10.938266],[8.7772815,10.9368075],[8.7886972,10.9422503],[8.7897072,10.9476805],[8.7882586,10.9557896],[8.787074,10.96322],[8.7865464,10.9640241],[8.7841148,10.9743099],[8.7848612,10.9855788],[8.7868221,10.9938617],[8.7829004,10.9998112],[8.7798105,11.011535],[8.7803753,11.0192603],[8.781712,11.025008],[8.7823955,11.0276589],[8.7842445,11.0372496],[8.7860649,11.0428542],[8.7868453,11.0452569],[8.7875558,11.0474446],[8.7884541,11.05021],[8.7919628,11.0555351],[8.7938127,11.0614994],[8.7918638,11.0642052],[8.7904377,11.0682173],[8.7942457,11.0687565],[8.7933605,11.0746621],[8.7931001,11.0766703],[8.7926446,11.0819793],[8.7926891,11.0829005],[8.7940095,11.0832883],[8.7955259,11.0836798],[8.7977107,11.0779673],[8.7984664,11.0744871],[8.8007463,11.0742228],[8.8014364,11.0742228],[8.8023538,11.0743124],[8.8044176,11.0791258],[8.8129181,11.0918492],[8.811894,11.0971261],[8.8098342,11.0984964],[8.8050569,11.1001057],[8.8052708,11.1036742],[8.8086934,11.104094],[8.8106721,11.1032894],[8.8111712,11.1027296],[8.8116703,11.1019599],[8.8123834,11.1009454],[8.8133816,11.0998958],[8.8142016,11.0991262],[8.8157947,11.0987942],[8.8171964,11.0977267],[8.8177668,11.0968521],[8.8190503,11.0964673],[8.8207614,11.0964507],[8.8225442,11.0966772],[8.8245763,11.0958375],[8.8273465,11.096387],[8.8326349,11.0976115],[8.836716,11.0984461],[8.8456338,11.1008296],[8.8559811,11.0993514],[8.8561807,11.0984837],[8.8688515,11.1025373],[8.8727447,11.1066422],[8.8764168,11.1098957],[8.8795305,11.1109436],[8.8814129,11.112119],[8.8826679,11.1123429],[8.8832288,11.1118765],[8.8837517,11.1109902],[8.8848925,11.1109436],[8.8864137,11.1120164],[8.8876496,11.1135557],[8.8885528,11.1143486],[8.8889331,11.1143486],[8.8910247,11.1161678],[8.8933539,11.117054],[8.8936392,11.1194328],[8.8940194,11.1213919],[8.8949297,11.1228619],[8.8969191,11.1244236],[8.8984467,11.1264525],[8.8984848,11.1286032],[8.8998781,11.1308533],[8.9011498,11.13142],[8.9016225,11.1336704],[8.9009977,11.1353752],[8.902148,11.1369595],[8.9033365,11.1376139],[8.9048769,11.1386194],[8.9055432,11.1396492],[8.9059773,11.1398915],[8.9068658,11.1407799],[8.9080711,11.1422033],[8.9097824,11.1435466],[8.9101874,11.1454645],[8.9106999,11.1461754],[8.9111263,11.1464236],[8.911689,11.1464424],[8.91195,11.1465128],[8.912247,11.1466861],[8.9123479,11.1473423],[8.9123378,11.1478067],[8.9125208,11.1480789],[8.9131354,11.1497654],[8.9129941,11.1503206],[8.9129638,11.1508355],[8.9131817,11.1513376],[8.9137553,11.1515087],[8.9141248,11.1517442],[8.9142514,11.1519097],[8.9143873,11.1520875],[8.9146094,11.1523399],[8.914771,11.1525721],[8.9148517,11.1527538],[8.9147508,11.1530567],[8.9142926,11.1534867],[8.9145287,11.1537937],[8.9146629,11.1541965],[8.9146692,11.1543985],[8.9148719,11.1545408],[8.9155282,11.1546014],[8.9159394,11.1548522],[8.9174603,11.1563444],[8.9185901,11.1576234],[8.9195431,11.1585373],[8.9196978,11.158771],[8.9195565,11.1589931],[8.9189204,11.1590335],[8.9183349,11.1593667],[8.9179613,11.1597099],[8.9179916,11.1600936],[8.918244,11.1605075],[8.9188845,11.1611713],[8.918456,11.1617191],[8.918195,11.1621385],[8.9181733,11.1621734],[8.9181127,11.1628498],[8.9182743,11.1633445],[8.9186771,11.1637625],[8.9195363,11.1650305],[8.9201545,11.1666614],[8.9204587,11.1676846],[8.920111,11.1686651],[8.9194158,11.1693472],[8.9191877,11.1702504],[8.9202849,11.1710951],[8.9210236,11.1722035],[8.9209367,11.1738235],[8.9198938,11.1774897],[8.9226314,11.1788538],[8.9243261,11.1800475],[8.9257601,11.1802606],[8.9278355,11.1819262],[8.9326159,11.1857624],[8.9349724,11.1885733],[8.9381582,11.19021],[8.9402384,11.1918793],[8.9418382,11.1911736],[8.9433591,11.1916425],[8.9446628,11.1932198],[8.9464444,11.1939444],[8.948704,11.1943707],[8.9491386,11.1934329],[8.9488344,11.1921967],[8.9503988,11.1919409],[8.9517893,11.1921114],[8.9526584,11.1924951],[8.9527887,11.193646],[8.9522238,11.1941149],[8.9523542,11.195138],[8.9532233,11.1956922],[8.953962,11.1973546],[8.9547876,11.1987613],[8.955874,11.2002959],[8.9576122,11.2013616],[8.9595242,11.2014468],[8.9613058,11.202001],[8.9632613,11.2023846],[8.9641777,11.2033171],[8.9653725,11.2045329],[8.9667829,11.205968],[8.9668245,11.207926],[8.9675198,11.2083096],[8.9688234,11.2087359],[8.9703443,11.208608],[8.9718982,11.2102401],[8.9736401,11.2120697],[8.9732558,11.213723],[8.9740379,11.2158542],[8.9749939,11.217474],[8.9766945,11.2193443],[8.9778619,11.2206281],[8.9798174,11.2216937],[8.9813383,11.2214806],[8.9822943,11.2208413],[8.9834241,11.2205429],[8.9842063,11.2208839],[8.984467,11.2223331],[8.9847277,11.2237823],[8.9852492,11.2246774],[8.9868135,11.2251036],[8.9882041,11.2249331],[8.9897684,11.2248052],[8.9918977,11.2259134],[8.9937662,11.2268511],[8.9956348,11.2274905],[8.9955044,11.2293233],[8.9956348,11.2309429],[8.9957651,11.2329461],[8.9965039,11.2332871],[8.9978509,11.233415],[8.9988504,11.234651],[8.9998498,11.2359297],[9.0003131,11.2400838],[9.0026719,11.2423674],[9.0035869,11.2442834],[9.0056464,11.2452469],[9.0080193,11.2465422],[9.0093208,11.2488043],[9.0099747,11.2508468],[9.0122057,11.251597],[9.0140648,11.2533969],[9.0150154,11.2554923],[9.0172853,11.2565146],[9.0193869,11.2577422],[9.0186257,11.2590026],[9.0182312,11.2596558],[9.018971,11.2621129],[9.0187333,11.2652597],[9.0214072,11.2695138],[9.0266956,11.2771476],[9.0286543,11.2776182],[9.0318651,11.277439],[9.0347767,11.2769145],[9.0378071,11.27808],[9.0403028,11.2802943],[9.0420259,11.2831496],[9.0448187,11.2859467],[9.0475818,11.2862753],[9.0511172,11.2872869],[9.0536722,11.2885688],[9.0558281,11.2909144],[9.0625852,11.2929974],[9.0655417,11.2963789],[9.068737,11.2977957],[9.0700463,11.2996019],[9.0725412,11.3017022],[9.074022,11.3041562],[9.0752854,11.3062498],[9.0773974,11.3067966],[9.0799693,11.3074626],[9.0819918,11.309324],[9.0825131,11.3106021],[9.08299,11.3117712],[9.0831326,11.3138687],[9.0849152,11.3149175],[9.088623,11.3142183],[9.0918317,11.3132395],[9.0958247,11.3116313],[9.0992473,11.3104427],[9.1005308,11.308415],[9.1018143,11.3068069],[9.1068769,11.3102329],[9.1112264,11.3143581],[9.1148629,11.3169451],[9.1162034,11.318886],[9.1164316,11.3218393],[9.1178577,11.3238669],[9.1206385,11.3247058],[9.1235794,11.3263052],[9.1240754,11.3277234],[9.1264286,11.3278546],[9.1286959,11.3274996],[9.1295767,11.3289536],[9.1302393,11.3288097],[9.1422262,11.3262063],[9.1415306,11.3241437],[9.1403897,11.3231369],[9.1403327,11.3215708],[9.1413024,11.3202843],[9.1414165,11.318886],[9.1411313,11.3175436],[9.1415306,11.316369],[9.1429566,11.3156418],[9.1614368,11.3145925],[9.1694936,11.3081632],[9.174776,11.3062596],[9.1787402,11.308501],[9.1787969,11.3084323],[9.1804263,11.3085237],[9.180609,11.3089501],[9.1818425,11.3096963],[9.1813762,11.3104722],[9.1823953,11.3110527],[9.178146,11.3183151],[9.179179,11.3192216],[9.1867658,11.320564],[9.1887017,11.3228929],[9.1946377,11.3266047],[9.1949717,11.3266488],[9.2024164,11.3276308],[9.2114148,11.3288178],[9.2302897,11.3351622],[9.2381616,11.3372316],[9.2541761,11.3403831],[9.2627991,11.3424968],[9.2665354,11.3434126],[9.2871232,11.3493948],[9.2893657,11.3488283],[9.290244,11.3484951],[9.2910218,11.3482001],[9.2925637,11.3457445],[9.293249,11.3419183],[9.294334,11.3394056],[9.2977033,11.3382064],[9.3037567,11.3377495],[9.3046212,11.3385525],[9.3085184,11.3421726],[9.311731,11.3447196],[9.312807,11.3452876],[9.3130264,11.345539],[9.313638,11.3462398],[9.3136447,11.3462475],[9.3143863,11.3463454],[9.3148283,11.345884],[9.3148764,11.3454232],[9.3150137,11.3441083],[9.3162881,11.3432474],[9.3167845,11.3433343],[9.3176191,11.3434805],[9.3182846,11.3431076],[9.3192829,11.3426881],[9.3200148,11.3416322],[9.3208515,11.3402179],[9.3219924,11.339379],[9.3233234,11.339612],[9.3239414,11.3409637],[9.3237512,11.3426881],[9.323161,11.3436945],[9.3234265,11.3435151],[9.3247575,11.3437481],[9.325423,11.3433753],[9.3264212,11.3429558],[9.3271532,11.3418999],[9.3279899,11.3404856],[9.3291308,11.3396467],[9.3304618,11.3398797],[9.3310798,11.3412313],[9.3308896,11.3429558],[9.3298534,11.3447225],[9.3301242,11.3448394],[9.3322697,11.3437557],[9.3338384,11.3427071],[9.3345514,11.3415186],[9.3354784,11.3404699],[9.3370471,11.3413787],[9.3369044,11.3428469],[9.3374749,11.3444548],[9.3377668,11.3448524],[9.3394081,11.3440234],[9.3409768,11.3429747],[9.3416898,11.3417863],[9.3426168,11.3407376],[9.3441854,11.3416464],[9.3440428,11.3431146],[9.3446133,11.3447225],[9.3458967,11.3464703],[9.3461443,11.3467461],[9.3513605,11.3431974],[9.3638188,11.3385637],[9.37957,11.3312679],[9.3837115,11.3268665],[9.3849865,11.3259498],[9.3919908,11.3209132],[9.3979723,11.3166121],[9.4051027,11.3082219],[9.4078554,11.3048997],[9.4081925,11.3044928],[9.4116395,11.2999958],[9.4211777,11.2988376],[9.4262392,11.295044],[9.4324769,11.2948561],[9.4361847,11.2946463],[9.4409621,11.2932479],[9.4438856,11.2914998],[9.4452403,11.29129],[9.4464525,11.2900314],[9.447736,11.288493],[9.4490908,11.2873742],[9.4528774,11.2861235],[9.4640646,11.2815005],[9.465562,11.2820599],[9.466734,11.283615],[9.471203,11.2817682],[9.4727003,11.2823276],[9.4739125,11.2839359],[9.4753386,11.2845652],[9.4753158,11.2861399],[9.4785043,11.2865056],[9.478766,11.2865015],[9.4837217,11.284194],[9.4898181,11.2819563],[9.4975194,11.2780857],[9.4993372,11.2801033],[9.4996365,11.2808771],[9.4997294,11.2811172],[9.5011911,11.282236],[9.5016902,11.2834597],[9.5021894,11.2848233],[9.5034728,11.2853827],[9.5041146,11.2862218],[9.5042215,11.2872008],[9.5046494,11.2877252],[9.5051128,11.2893334],[9.5057546,11.2898579],[9.505612,11.2911165],[9.504685,11.2926548],[9.5049702,11.2938435],[9.5052198,11.2953818],[9.5059685,11.2971299],[9.5068241,11.2973746],[9.5077154,11.2976543],[9.5079538,11.2997843],[9.507858,11.3008008],[9.5075015,11.3019545],[9.5080006,11.3027936],[9.508322,11.3050659],[9.5101398,11.3060449],[9.5114232,11.3078977],[9.5113519,11.3096807],[9.5109597,11.3113587],[9.5117441,11.311988],[9.5117937,11.3131306],[9.5144609,11.3138683],[9.5162784,11.314371],[9.5202612,11.3153879],[9.5255552,11.3164832],[9.5277424,11.3166321],[9.5378782,11.317322],[9.5387356,11.3171622],[9.540934,11.3167524],[9.5417034,11.3164524],[9.5448674,11.3165702],[9.5590331,11.3169297],[9.5591042,11.3154671],[9.5908933,11.3158827],[9.5925554,11.3159044],[9.609397,11.3154679],[9.6096424,11.3091302],[9.6072738,11.3025983],[9.6016408,11.2982632],[9.5984322,11.292949],[9.5969848,11.2688646],[9.5948197,11.2620578],[9.5935362,11.2571626],[9.594582,11.2511017],[9.5956241,11.2475706],[9.5967208,11.2469797],[9.5989599,11.2457732],[9.6006559,11.2448594],[9.6033577,11.2434036],[9.614066,11.2404407],[9.6154265,11.2402502],[9.6182137,11.2398605],[9.6250589,11.2370779],[9.6259234,11.2367264],[9.6301134,11.2360426],[9.6375245,11.234833],[9.637806,11.234787],[9.6460356,11.2341964],[9.6475509,11.2340876],[9.6524797,11.2318559],[9.6620059,11.2284429],[9.6633179,11.2291982],[9.6640309,11.2299676],[9.6656709,11.2298277],[9.6658713,11.2309977],[9.6675961,11.2314363],[9.6686657,11.2310166],[9.6688796,11.2301074],[9.6695926,11.2287087],[9.6705196,11.2273099],[9.6708761,11.2258412],[9.6705909,11.2245123],[9.6724448,11.2229736],[9.6742987,11.2221343],[9.6761526,11.2221343],[9.67765,11.221295],[9.6795551,11.2219784],[9.6826412,11.2218546],[9.6840673,11.2219245],[9.6848517,11.2229736],[9.6846377,11.2240927],[9.6852082,11.2243724],[9.6864916,11.2232534],[9.6879457,11.2238454],[9.6892725,11.2246522],[9.6895577,11.2258412],[9.6910907,11.2263718],[9.6926199,11.2269011],[9.6939072,11.22717],[9.6949055,11.2262608],[9.6959326,11.2267049],[9.6959751,11.2276596],[9.6966168,11.2287087],[9.6983538,11.2292604],[9.6996829,11.2289185],[9.701052,11.2294419],[9.7011802,11.2304571],[9.7005385,11.2310166],[9.7016855,11.2312698],[9.704175,11.2315062],[9.7057437,11.230667],[9.7074657,11.2312667],[9.7091663,11.2309467],[9.7101645,11.2299676],[9.7118045,11.2301074],[9.7131593,11.2298976],[9.7137297,11.2305271],[9.7139436,11.231716],[9.7124463,11.2315062],[9.7118045,11.2323455],[9.7124932,11.2330178],[9.7129517,11.2341332],[9.7122324,11.235143],[9.7131593,11.2356325],[9.7143002,11.2359822],[9.713801,11.2366816],[9.713801,11.2380104],[9.7141578,11.2387738],[9.7148706,11.2394791],[9.7152561,11.2403658],[9.7157117,11.2414136],[9.7152984,11.2421366],[9.7152271,11.2430458],[9.7157127,11.2438829],[9.7155123,11.2446543],[9.7161147,11.2455427],[9.717081,11.2462628],[9.7183645,11.2467524],[9.7200758,11.2469622],[9.7208601,11.2475216],[9.7222862,11.2468922],[9.7232845,11.2462628],[9.7245679,11.2459831],[9.7256375,11.2459831],[9.7255662,11.2468223],[9.7247818,11.2475916],[9.7260085,11.2484099],[9.7267071,11.2493399],[9.7257801,11.2501092],[9.7263505,11.2508785],[9.7273047,11.2512262],[9.7282044,11.2510883],[9.7296305,11.2501791],[9.7304149,11.2493399],[9.7313418,11.2490602],[9.7321469,11.2498116],[9.7338052,11.2502306],[9.7354043,11.2492058],[9.7376147,11.2484365],[9.7396184,11.2482204],[9.7414651,11.2486463],[9.7428199,11.2492757],[9.7438895,11.2485763],[9.7448163,11.2484357],[9.7455294,11.2475973],[9.7446025,11.2472476],[9.7455294,11.2461986],[9.7455294,11.2449397],[9.7474546,11.2452195],[9.7503794,11.2453234],[9.7624938,11.245754],[9.7642111,11.2482267],[9.7652806,11.2502548],[9.7671345,11.2503946],[9.767705,11.2522828],[9.7675624,11.2533318],[9.7687745,11.2543808],[9.7713415,11.2557795],[9.7729815,11.2559193],[9.7754771,11.2564788],[9.7764753,11.2570383],[9.7769032,11.258367],[9.7785432,11.2606048],[9.7791136,11.2615838],[9.7811814,11.2619335],[9.7828214,11.2624929],[9.7848892,11.2610244],[9.7873135,11.2606048],[9.7888822,11.2606747],[9.7899966,11.2634124],[9.7920196,11.263402],[9.7931605,11.2653601],[9.7943013,11.2666188],[9.7938735,11.2688565],[9.7940874,11.2703251],[9.7963691,11.2722831],[9.7981517,11.2732621],[9.8007187,11.2744508],[9.8021938,11.2738539],[9.803173,11.2742801],[9.8044564,11.2748388],[9.8057813,11.276269],[9.808063,11.2764088],[9.8092038,11.2776675],[9.8108438,11.2782968],[9.8118421,11.2774577],[9.813696,11.2770382],[9.8146638,11.2779815],[9.8162629,11.2785765],[9.817689,11.2778074],[9.8198858,11.2776439],[9.8226803,11.2784367],[9.8249224,11.2795559],[9.8249302,11.2788296],[9.8255188,11.2779951],[9.8261242,11.2765398],[9.8261614,11.2730904],[9.8285513,11.2685099],[9.8297462,11.2662201],[9.8297567,11.2652529],[9.829771,11.2639198],[9.8309774,11.2604799],[9.8321733,11.2581902],[9.8345871,11.2513103],[9.836977,11.2467299],[9.8381552,11.2413047],[9.8385427,11.2395203],[9.8387423,11.2386011],[9.8397947,11.2355534],[9.8407307,11.2328429],[9.8418618,11.2295675],[9.8485928,11.2277161],[9.8517666,11.220235],[9.8519039,11.2198432],[9.8525009,11.2181396],[9.8548918,11.2135601],[9.8560867,11.2112703],[9.8596716,11.2044096],[9.8602224,11.2028402],[9.8608789,11.2009697],[9.8614706,11.1982067],[9.8643191,11.198301],[9.86628,11.197893],[9.8679437,11.1981844],[9.8702252,11.1983605],[9.8719843,11.1985924],[9.872564,11.1981375],[9.8731133,11.1975432],[9.8737669,11.1965523],[9.8757277,11.1971352],[9.8773321,11.1965523],[9.8792335,11.1966689],[9.8809567,11.1961443],[9.8802587,11.1949859],[9.8792485,11.1945196],[9.8787137,11.193995],[9.8787732,11.1930624],[9.8787137,11.1915468],[9.8787732,11.1907308],[9.8782978,11.1892735],[9.8777036,11.188574],[9.8766935,11.1884574],[9.875208,11.188166],[9.8743167,11.1874665],[9.8737819,11.186767],[9.8741978,11.1859509],[9.8749109,11.1847268],[9.8756239,11.1833278],[9.8762775,11.1816956],[9.8768123,11.1802966],[9.8774659,11.1789559],[9.8776442,11.1774986],[9.8780601,11.1762161],[9.8782978,11.1745256],[9.8787137,11.1733598],[9.8790108,11.1720773],[9.8799403,11.1702668],[9.8799554,11.1695058],[9.880269,11.1677589],[9.8814098,11.16608],[9.881695,11.1652405],[9.8826648,11.1638414],[9.8828929,11.1621625],[9.88295,11.1600918],[9.8832922,11.1575734],[9.8836915,11.1556706],[9.8839197,11.1541595],[9.8836345,11.1515851],[9.8833493,11.1485629],[9.8833493,11.1473317],[9.8827218,11.1454847],[9.8822084,11.1435819],[9.8812387,11.1417909],[9.8799837,11.1396641],[9.8792422,11.1377052],[9.8785577,11.1356343],[9.8781584,11.1345709],[9.8780584,11.1325273],[9.8788429,11.130765],[9.8792422,11.1299254],[9.8804401,11.1279665],[9.8811246,11.1255037],[9.8822655,11.1224813],[9.8843411,11.1181521],[9.8875019,11.1134319],[9.8903487,11.1065656],[9.8889891,11.09395],[9.8551645,11.07654],[9.8542436,11.0727576],[9.8540421,11.0719299],[9.852932,11.0661602],[9.8591822,11.0555475],[9.8543205,11.0454502],[9.8543692,11.0408401],[9.8544064,11.0373898],[9.8556252,11.0327997],[9.8568687,11.0258999],[9.8578197,11.0231904],[9.8580846,11.0216546],[9.8593321,11.0144196],[9.8609165,11.0108873],[9.8629293,11.0064001],[9.8688564,10.9995699],[9.8699854,10.9990854],[9.874032,10.9973488],[9.8814961,10.9892732],[9.8903933,10.9910202],[9.9291534,10.9915675],[9.9671146,10.9708386],[9.9855266,10.9582158],[10.0063127,10.9556632],[10.0103256,10.9700772],[10.0253638,10.9729326],[10.0462119,10.9659074],[10.0602809,10.9700137],[10.088015,10.9900409],[10.1012638,10.9912274],[10.1116147,10.9921543],[10.1119286,10.9921824],[10.1112553,10.9632835],[10.1112391,10.9625897],[10.1140003,10.9599304],[10.1175499,10.9565201],[10.1199198,10.9542398],[10.12463,10.9519997],[10.1269798,10.9508696],[10.1340399,10.9475002],[10.1434202,10.9464703],[10.1457596,10.9464998],[10.1481199,10.9453697],[10.1510906,10.9472485],[10.1540001,10.9462572],[10.1541586,10.9462032],[10.1563196,10.9443197],[10.156701,10.9443241],[10.1633501,10.9443998],[10.1657,10.9432802],[10.1680403,10.9433098],[10.1681653,10.9432805],[10.17274,10.9422102],[10.1750803,10.9422398],[10.1785803,10.9434404],[10.1820898,10.9434795],[10.1867599,10.9446898],[10.1890802,10.9470196],[10.1911112,10.9480488],[10.1914101,10.9482002],[10.2081661,10.9465909],[10.2202974,10.9467658],[10.2218202,10.9528572],[10.2214228,10.9533575],[10.2215133,10.9537175],[10.2064609,10.9727238],[10.204273,10.9754863],[10.1953426,10.9818487],[10.1845066,10.985973],[10.1772291,10.9873073],[10.1704206,10.9885556],[10.1691036,10.9887971],[10.1613184,10.9977715],[10.1556294,11.0056145],[10.1535949,11.0136029],[10.1536012,11.0136142],[10.157778,11.0210685],[10.1617711,11.0296537],[10.1587837,11.0327189],[10.1610622,11.0373069],[10.1617547,11.040009],[10.1639532,11.042925],[10.1665677,11.0479405],[10.1678155,11.0530141],[10.1688257,11.0581461],[10.1698358,11.0597206],[10.1716184,11.0614701],[10.1748271,11.0628114],[10.1761343,11.0643859],[10.1772039,11.0669517],[10.1788082,11.070159],[10.1806502,11.0719085],[10.183027,11.0740661],[10.1848577,11.0764769],[10.1874567,11.0798314],[10.1892155,11.0816973],[10.1933987,11.0847762],[10.1965836,11.0864089],[10.2006717,11.0870154],[10.201155,11.0873615],[10.2041893,11.0895344],[10.206994,11.0904673],[10.2098461,11.0922866],[10.2138391,11.0931263],[10.2184977,11.0946656],[10.222871,11.0950388],[10.2262936,11.0943391],[10.2279573,11.0931729],[10.2300489,11.0914936],[10.2313799,11.0895344],[10.2322008,11.0893218],[10.2334995,11.0889854],[10.2352303,11.0882282],[10.2371317,11.0861757],[10.2377525,11.0856342],[10.2401265,11.0835633],[10.243454,11.0814175],[10.2458308,11.0799247],[10.248065,11.0793182],[10.2506795,11.081744],[10.2538644,11.0823038],[10.2580476,11.0830968],[10.2637519,11.0865489],[10.2666516,11.0870154],[10.2695513,11.087995],[10.270502,11.0896277],[10.2714527,11.0928464],[10.2717379,11.0940126],[10.2712054,11.0954429],[10.2708347,11.0964382],[10.270502,11.0981642],[10.2744333,11.1015249],[10.2756834,11.1052078],[10.2773472,11.1071203],[10.279106,11.1073069],[10.2809124,11.1062807],[10.2813499,11.1058053],[10.2822434,11.1048346],[10.2852381,11.1041349],[10.2856897,11.1068357],[10.2866167,11.1078853],[10.2869383,11.1097906],[10.2880427,11.1106653],[10.2885415,11.1136015],[10.289041,11.1165425],[10.2895639,11.1186415],[10.2901343,11.1207405],[10.2916555,11.1223263],[10.2943175,11.1226528],[10.2971696,11.12172],[10.2998792,11.1201807],[10.3000375,11.120169],[10.3023986,11.1199942],[10.3057272,11.1215046],[10.3059686,11.1216142],[10.3068257,11.1220031],[10.3070957,11.1222684],[10.3088635,11.1240055],[10.3108125,11.1272704],[10.3118583,11.1290895],[10.313522,11.1305354],[10.3167069,11.1304421],[10.3202246,11.1281567],[10.3235046,11.1259645],[10.3258443,11.1248342],[10.3298582,11.1257531],[10.3310628,11.1244253],[10.3318709,11.1217666],[10.3311578,11.1187348],[10.3323462,11.1174288],[10.33401,11.1180818],[10.3355312,11.1204606],[10.3373375,11.1249383],[10.3382407,11.1276902],[10.3384784,11.1306287],[10.3364638,11.1375218],[10.3357601,11.1399298],[10.3357201,11.1433802],[10.3380203,11.1480103],[10.33916,11.1503296],[10.3403101,11.1526499],[10.3437901,11.1561403],[10.3460903,11.1596298],[10.3464441,11.1628456],[10.3495166,11.1655484],[10.3507004,11.1665897],[10.3541803,11.1700897],[10.3588104,11.1747503],[10.3611403,11.17593],[10.3646202,11.1794205],[10.3633604,11.1874704],[10.3645,11.1909399],[10.3644695,11.1932402],[10.3656197,11.19555],[10.3655796,11.1990099],[10.3667202,11.2024803],[10.365951,11.2046668],[10.3659108,11.204781],[10.36551,11.2059202],[10.3631601,11.2070398],[10.3606313,11.2076264],[10.3584604,11.2081299],[10.3563459,11.2081047],[10.3526096,11.2080603],[10.3467503,11.2079897],[10.3420801,11.2067804],[10.3385696,11.2067404],[10.3335224,11.2056853],[10.3327303,11.2055197],[10.33039,11.2054901],[10.322196,11.2041979],[10.3189554,11.204484],[10.3140507,11.204792],[10.3093834,11.2050858],[10.3076543,11.2051945],[10.3035603,11.205452],[10.29881,11.2057505],[10.2794525,11.2031702],[10.2636442,11.2104996],[10.2532785,11.2153055],[10.2506104,11.2194996],[10.2480808,11.2202905],[10.2470903,11.2206001],[10.2423897,11.2216997],[10.2386899,11.2228661],[10.2381182,11.2230463],[10.2353401,11.2239199],[10.2329998,11.2238903],[10.2294798,11.2250004],[10.2259703,11.2249498],[10.2236204,11.2249298],[10.2218827,11.2257581],[10.2212696,11.2260504],[10.2177601,11.2260103],[10.2154198,11.2259798],[10.2130604,11.2271004],[10.2107201,11.2270699],[10.2083797,11.2270498],[10.2022972,11.2256832],[10.2000256,11.2260952],[10.1955204,11.2245903],[10.1945242,11.2241836],[10.1896896,11.2222099],[10.1873398,11.22334],[10.1838303,11.2232904],[10.1756201,11.22435],[10.1732702,11.2254696],[10.1697397,11.2265797],[10.1650496,11.2276697],[10.1591597,11.23106],[10.1517912,11.2391239],[10.1456664,11.2409662],[10.1414899,11.2383828],[10.1396664,11.2370308],[10.1365148,11.2362195],[10.133192,11.236849],[10.1307819,11.2376183],[10.1298122,11.237856],[10.119932,11.2373834],[10.1220546,11.2470096],[10.1156673,11.2500323],[10.108177,11.2535771],[10.1029658,11.2577531],[10.0984321,11.2613862],[10.092981,11.2652961],[10.0904699,11.2670972],[10.0841713,11.2696612],[10.074783,11.2676799],[10.0696729,11.2670972],[10.0628245,11.2661393],[10.0519657,11.2660482],[10.049885,11.2658256],[10.0454295,11.2653489],[10.0316236,11.265258],[10.0277224,11.2652324],[10.0118569,11.2613684],[9.9985357,11.2646285],[9.994713,11.2676493],[9.9915476,11.2701507],[9.9820869,11.2747963],[9.9803524,11.275648],[9.9771709,11.2772102],[9.9694536,11.2788358],[9.9688913,11.2803855],[9.9684154,11.281461],[9.9682746,11.2829958],[9.9677225,11.283091],[9.9671245,11.2830949],[9.9660737,11.2827828],[9.9655484,11.2824097],[9.9650077,11.2820289],[9.9646118,11.2818462],[9.9640027,11.2823131],[9.9636429,11.2828385],[9.9632431,11.2832097],[9.9622977,11.2834059],[9.961384,11.283958],[9.9603465,11.2847955],[9.9593595,11.2851997],[9.9584601,11.2860563],[9.9582269,11.286556],[9.9576553,11.2862938],[9.9484054,11.2963008],[9.9414708,11.313945],[9.913985,11.3164622],[9.9136,11.3161],[9.9134,11.3166],[9.913,11.3164],[9.9127,11.3168],[9.9121366,11.3170692],[9.9119173,11.3183066],[9.9136974,11.3199387],[9.918283,11.3473739],[9.916708,11.3478699],[9.9120235,11.3478098],[9.909106,11.3478671],[9.9035205,11.3474593],[9.8990046,11.3499062],[9.89476,11.3516199],[9.8850295,11.3566842],[9.8826332,11.3589697],[9.882172,11.3612232],[9.8827424,11.3625095],[9.8831417,11.3633484],[9.8840544,11.3645787],[9.8841114,11.3659768],[9.883484,11.3675987],[9.8845678,11.3684375],[9.8846819,11.3695001],[9.8856516,11.3703389],[9.8873629,11.3705626],[9.8894735,11.3714015],[9.8891883,11.3735265],[9.8889031,11.376099],[9.888789,11.3794543],[9.8883897,11.3810201],[9.8873629,11.3816353],[9.8860509,11.3816353],[9.8844537,11.3812997],[9.8837121,11.3821945],[9.8823431,11.3840958],[9.88086,11.3863885],[9.8799763,11.3888798],[9.8841465,11.3945967],[9.8851447,11.3963442],[9.8848595,11.3987207],[9.8856148,11.4017323],[9.8855583,11.4064175],[9.8842805,11.4081415],[9.8820868,11.41078],[9.8791691,11.4131619],[9.8761648,11.415382],[9.8761285,11.4188324],[9.8761037,11.4211422],[9.8760799,11.4234425],[9.8768402,11.4258536],[9.8786941,11.4306993],[9.8795033,11.4337797],[9.880075,11.4355242],[9.8790268,11.4374553],[9.8782663,11.4393655],[9.8777434,11.4417883],[9.8772205,11.4439781],[9.8768877,11.4458883],[9.8771729,11.4474258],[9.8780011,11.4484996],[9.8748452,11.4526972],[9.8688708,11.4582679],[9.8681934,11.4584077],[9.8675636,11.4583983],[9.8670502,11.4584636],[9.8663847,11.4584077],[9.8657464,11.4584976],[9.8645593,11.4584077],[9.8634617,11.4605263],[9.8557127,11.4659701],[9.8194147,11.4508459],[9.8014382,11.4433557],[9.7880038,11.4633257],[9.7847035,11.4682315],[9.7864876,11.4821596],[9.785615,11.4846463],[9.7852802,11.4856005],[9.785243,11.4890604],[9.784049,11.4913397],[9.784523,11.4928837],[9.785183,11.4948101],[9.7851467,11.49827],[9.7878695,11.5047161],[9.7921385,11.5065216],[9.7977853,11.5127796],[9.7986173,11.5137018],[9.8055768,11.5214147],[9.8153764,11.5292543],[9.8158797,11.5295563],[9.8199947,11.5320253],[9.8296988,11.5378478],[9.8307836,11.5403427],[9.819568,11.5798758],[9.8294665,11.5880611],[9.8349086,11.5988795],[9.8171968,11.6041367],[9.8179722,11.6057396],[9.8202772,11.60923],[9.8205165,11.6095913],[9.8225822,11.61271],[9.8228178,11.6134303],[9.8224707,11.6142834],[9.8215823,11.6150273],[9.8215526,11.6153167],[9.8216135,11.615568],[9.8214917,11.6157393],[9.8211491,11.6158802],[9.8208414,11.615883],[9.8206274,11.6159494],[9.8203498,11.6159897],[9.82015,11.6159826],[9.8199311,11.6158945],[9.8196598,11.6159017],[9.8195028,11.6161539],[9.8195075,11.6164799],[9.8194069,11.6169823],[9.8193073,11.6172834],[9.8191243,11.6179103],[9.8187731,11.6192913],[9.8186512,11.6196263],[9.8182705,11.6198319],[9.8175395,11.6199766],[9.8169621,11.619995],[9.8165005,11.6200997],[9.815287,11.6198903],[9.8145779,11.6197523],[9.8140211,11.6192764],[9.8135976,11.6192098],[9.8115077,11.6208265],[9.8108541,11.6224561],[9.8106758,11.6248133],[9.8109729,11.6262683],[9.8125475,11.6276069],[9.8259164,11.6267645],[9.8270712,11.6311798],[9.8282061,11.6346502],[9.8270102,11.63694],[9.8269625,11.6415501],[9.8257189,11.6484404],[9.824523,11.6507301],[9.8233042,11.6553202],[9.8221092,11.6576099],[9.822073,11.6610603],[9.8211889,11.6635791],[9.8208656,11.6645002],[9.8208046,11.6702604],[9.8207908,11.6715782],[9.8278244,11.6824296],[9.8306461,11.6845984],[9.8277776,11.6922765],[9.8019821,11.6914725],[9.7982803,11.6982438],[9.7842543,11.7239009],[9.7848249,11.7272395],[9.7795675,11.7365051],[9.7597446,11.732023],[9.7512413,11.7302709],[9.7443678,11.7288545],[9.7348687,11.7268971],[9.7125559,11.7208666],[9.7037252,11.7207272],[9.6923917,11.7221629],[9.6849044,11.7253407],[9.6808498,11.7256023],[9.6715628,11.7262014],[9.6644313,11.7268067],[9.6612454,11.7270771],[9.6582521,11.7278983],[9.6438632,11.7318456],[9.6437564,11.7318749],[9.6403895,11.7327986],[9.6397351,11.7329781],[9.6371166,11.7348541],[9.6320098,11.7385127],[9.6321148,11.7397244],[9.6320768,11.7404691],[9.632305,11.7407669],[9.6328184,11.7405994],[9.6339212,11.7406366],[9.6346247,11.741102],[9.6342444,11.7415116],[9.633655,11.7418281],[9.6328184,11.7418653],[9.6320388,11.7419584],[9.6315634,11.7422749],[9.6306507,11.7423866],[9.6300233,11.7420887],[9.6298141,11.7417164],[9.6301564,11.7413254],[9.6309169,11.7411579],[9.6311641,11.7407669],[9.6308789,11.7400967],[9.6306699,11.7394726],[9.6299662,11.7391287],[9.6291296,11.7390356],[9.6285257,11.7391756],[9.6280267,11.7394265],[9.6277225,11.7398919],[9.6279697,11.740376],[9.6276723,11.7407216],[9.627,11.7411393],[9.6262964,11.7411579],[9.625745,11.74086],[9.6253267,11.7410462],[9.6246232,11.7414185],[9.6240718,11.741102],[9.6233872,11.7411765],[9.6228929,11.7416419],[9.623045,11.7420328],[9.6236154,11.7422562],[9.6236534,11.7426844],[9.6235774,11.7434105],[9.6233492,11.743969],[9.6228738,11.744304],[9.62179,11.7448812],[9.6208773,11.7452721],[9.6197044,11.7453481],[9.619147,11.7454769],[9.6189569,11.7459237],[9.6193182,11.7463518],[9.6196034,11.7469103],[9.6194893,11.7473571],[9.6193591,11.7479094],[9.6192611,11.7483251],[9.619128,11.7493118],[9.6196557,11.7508604],[9.6197317,11.7516888],[9.6199504,11.7523124],[9.6199694,11.7527871],[9.6200455,11.7532805],[9.620055,11.7536807],[9.6203402,11.7539413],[9.6205969,11.7542671],[9.6208916,11.7544533],[9.6211388,11.7543695],[9.621462,11.7542392],[9.6216664,11.7538948],[9.6218471,11.7533596],[9.6221798,11.7530664],[9.6224698,11.7529407],[9.6228073,11.7528849],[9.6230497,11.7529175],[9.6231543,11.7529826],[9.6232399,11.7531387],[9.6231068,11.7534179],[9.6230687,11.7538089],[9.6232114,11.754023],[9.6235821,11.7542557],[9.6242001,11.7546373],[9.6245043,11.7550189],[9.624685,11.7553633],[9.6247515,11.7556891],[9.6247515,11.7560427],[9.624742,11.7564244],[9.6248656,11.7566757],[9.6251508,11.7569456],[9.6254741,11.7571318],[9.6257403,11.7573645],[9.6259684,11.757411],[9.6261206,11.7572807],[9.6261491,11.757048],[9.6260849,11.7567455],[9.6261414,11.7565863],[9.6263464,11.756008],[9.6265555,11.755774],[9.6269206,11.755778],[9.6273969,11.7565593],[9.6278913,11.7576204],[9.6281194,11.7584023],[9.6278152,11.758607],[9.6272067,11.758365],[9.6266686,11.7583078],[9.626199,11.7585326],[9.6260279,11.7589607],[9.6255715,11.7592958],[9.6254004,11.7598915],[9.6254955,11.7608222],[9.6257807,11.7613807],[9.6260469,11.7613621],[9.6262941,11.7607106],[9.6266508,11.7600203],[9.6271877,11.7597426],[9.6279103,11.7594075],[9.6287557,11.7592742],[9.6289554,11.7594975],[9.6288555,11.7599722],[9.6288128,11.7606284],[9.6288698,11.7609356],[9.6291122,11.7612567],[9.6296399,11.7614801],[9.6300962,11.7619129],[9.6302959,11.7626389],[9.6303529,11.763295],[9.6303814,11.7638256],[9.6306524,11.7640629],[9.6309233,11.7641187],[9.6316506,11.7638814],[9.6320214,11.7639652],[9.6322211,11.7642025],[9.6333477,11.7653334],[9.6341605,11.7661222],[9.634731,11.7667155],[9.6351231,11.7673438],[9.6352016,11.7678534],[9.6349877,11.768335],[9.634624,11.7690051],[9.6343745,11.7698777],[9.6344529,11.7701779],[9.6346169,11.7702826],[9.6348451,11.7702965],[9.6350977,11.7701828],[9.6353656,11.7700243],[9.6356793,11.7699196],[9.6360002,11.7699824],[9.6363211,11.770129],[9.636699,11.7704501],[9.6369913,11.7707991],[9.6379468,11.7717205],[9.6384673,11.7720486],[9.6388381,11.7722301],[9.6393515,11.7723488],[9.6398292,11.7724116],[9.6400574,11.7725233],[9.6401394,11.7727341],[9.6399683,11.7729994],[9.6397401,11.7734601],[9.6397116,11.7739068],[9.6399255,11.7742139],[9.6403248,11.7744932],[9.6407526,11.7747165],[9.6413088,11.7748003],[9.6419362,11.7746328],[9.642578,11.7747444],[9.6430771,11.7750097],[9.6433623,11.7754983],[9.6434194,11.7760428],[9.6431627,11.7765314],[9.6427491,11.7767827],[9.6422357,11.7772574],[9.6416368,11.7775086],[9.6410093,11.7775645],[9.6406955,11.7778716],[9.6407383,11.7782067],[9.6413515,11.7787372],[9.641979,11.7788349],[9.6427919,11.7790583],[9.6436047,11.7792677],[9.6443178,11.7793375],[9.6446743,11.7795329],[9.6449595,11.7797423],[9.6454016,11.7797004],[9.6456726,11.7795329],[9.6464426,11.7792258],[9.6467706,11.7789885],[9.6467849,11.7786674],[9.6468562,11.7781089],[9.6472127,11.7777041],[9.6475835,11.7774947],[9.6480399,11.7775086],[9.6484819,11.7778297],[9.6490096,11.7782486],[9.6494491,11.7784138],[9.650047,11.7783234],[9.6504499,11.7782625],[9.6508492,11.7782765],[9.6509918,11.7786953],[9.6511487,11.7789605],[9.651491,11.7790303],[9.6515908,11.7787791],[9.6517477,11.778458],[9.6521184,11.7782346],[9.6524464,11.7781648],[9.6528883,11.7783444],[9.6550562,11.7780671],[9.655541,11.778095],[9.6557407,11.7784719],[9.6559403,11.7790583],[9.6559546,11.7797144],[9.656197,11.7799517],[9.6565108,11.7800774],[9.6572095,11.7800076],[9.65778,11.7800076],[9.6580652,11.7801891],[9.658108,11.7807475],[9.6583361,11.7810686],[9.6587212,11.7812082],[9.659092,11.7810406],[9.6597907,11.7808871],[9.6607177,11.7807196],[9.6611598,11.7808731],[9.6614022,11.7812221],[9.6616732,11.7823529],[9.66183,11.7832045],[9.6622579,11.7834697],[9.6629424,11.7834139],[9.6636824,11.7828578],[9.6647223,11.7830323],[9.6655905,11.7839578],[9.669523,11.7843405],[9.6730882,11.7921581],[9.6733684,11.7941175],[9.6754534,11.8086951],[9.6760829,11.813097],[9.6757977,11.8204951],[9.6758404,11.8212013],[9.6764365,11.8310703],[9.6773956,11.8396712],[9.6776092,11.8415871],[9.6777942,11.8432463],[9.6758246,11.8451331],[9.6750924,11.8457334],[9.6734568,11.8470746],[9.6736832,11.8527002],[9.6737683,11.8593073],[9.6791521,11.8649049],[9.6825525,11.8667537],[9.6861599,11.8679267],[9.6873008,11.8671592],[9.6881564,11.8656938],[9.6877983,11.8642227],[9.6889408,11.8636004],[9.6905808,11.864019],[9.6916503,11.8631119],[9.6917929,11.8617163],[9.6934329,11.8614371],[9.6937848,11.8606275],[9.693932,11.8594833],[9.6952868,11.858925],[9.6967129,11.8600415],[9.6980677,11.8592041],[9.6992085,11.8602509],[9.7004207,11.8601811],[9.7009911,11.8591343],[9.7022527,11.8588874],[9.7031302,11.8587156],[9.7023459,11.85732],[9.7020473,11.8562577],[9.7019032,11.8558211],[9.7017547,11.8549779],[9.7021112,11.8544836],[9.7029163,11.8541798],[9.7033381,11.8531588],[9.7036561,11.8522738],[9.7038592,11.8511665],[9.7038641,11.8511398],[9.7046365,11.8505583],[9.7053588,11.8507929],[9.7055759,11.8513793],[9.7056635,11.8516158],[9.7060718,11.8518118],[9.7065275,11.8516931],[9.7067471,11.8515859],[9.7068562,11.8515327],[9.7070986,11.8512256],[9.7070558,11.8507092],[9.707341,11.8501788],[9.7079257,11.8498718],[9.7087101,11.8502626],[9.7094374,11.8504719],[9.7102075,11.8508767],[9.7107641,11.8510912],[9.7114054,11.851407],[9.7119758,11.8515187],[9.7124749,11.851421],[9.7130881,11.8514908],[9.7137441,11.8516443],[9.7147139,11.852077],[9.7154554,11.8523561],[9.7161399,11.8526631],[9.7166961,11.8529981],[9.7173093,11.8533191],[9.7181507,11.8535006],[9.718821,11.8535145],[9.7198335,11.8538634],[9.7220466,11.8545106],[9.7226143,11.8545054],[9.7234272,11.8545613],[9.7241545,11.8548683],[9.7247782,11.8554164],[9.7248533,11.8554824],[9.725167,11.8559011],[9.7255948,11.8560825],[9.7262651,11.8559569],[9.7272412,11.8560441],[9.7279193,11.8561802],[9.7280852,11.8563014],[9.7282965,11.8564559],[9.728596,11.856742],[9.7291807,11.8568885],[9.729687,11.8569653],[9.7299041,11.856925],[9.7303644,11.8568397],[9.730671,11.8570211],[9.7309001,11.8572665],[9.7310489,11.8574258],[9.7312842,11.857691],[9.7316478,11.8579283],[9.7319666,11.8579937],[9.7323609,11.8579283],[9.7326897,11.8578801],[9.7330953,11.8579841],[9.7333377,11.8578655],[9.7336158,11.8576631],[9.7339652,11.8577957],[9.7341007,11.8580539],[9.7344572,11.8582144],[9.7348351,11.858347],[9.7351631,11.8584516],[9.7355054,11.8585563],[9.735976,11.8587029],[9.7373094,11.8589401],[9.7383147,11.8591425],[9.7391134,11.8594984],[9.7398335,11.8598682],[9.7406963,11.8600148],[9.7413523,11.8600217],[9.7418657,11.8601055],[9.7425645,11.860259],[9.7433345,11.8604195],[9.7439264,11.860573],[9.7442187,11.8605032],[9.7445253,11.8603497],[9.7448533,11.8603009],[9.7453382,11.8606288],[9.7458159,11.8609149],[9.7462366,11.8611731],[9.746479,11.8612499],[9.7468926,11.8611243],[9.7472919,11.8610894],[9.7475985,11.8611243],[9.747791,11.8613755],[9.7480263,11.8621082],[9.747898,11.8624432],[9.7479194,11.8627851],[9.7480976,11.8630712],[9.7483615,11.8632456],[9.7486895,11.8633154],[9.749046,11.8632038],[9.749267,11.8630293],[9.749538,11.8630851],[9.7496521,11.8633712],[9.7496307,11.8637201],[9.7497162,11.8639225],[9.7498731,11.8639783],[9.7500086,11.8639086],[9.7502653,11.8638039],[9.7510244,11.8638649],[9.7513535,11.8640108],[9.7517841,11.8640551],[9.7520122,11.8639155],[9.7522547,11.8637271],[9.7525042,11.8637411],[9.7527467,11.8636364],[9.7532173,11.8633712],[9.753424,11.8631898],[9.7534954,11.8629805],[9.7533242,11.8627921],[9.7533527,11.8625897],[9.7536094,11.8624571],[9.7540016,11.8626595],[9.7544722,11.8629735],[9.7547432,11.8633363],[9.755036,11.8635941],[9.7553493,11.8637481],[9.7555865,11.8639634],[9.7558056,11.8643203],[9.755991,11.8645436],[9.756376,11.8646971],[9.7566684,11.8646761],[9.756975,11.8645924],[9.7573529,11.8645854],[9.7576322,11.8646874],[9.7579732,11.8649134],[9.758508,11.8651576],[9.7590856,11.8654298],[9.7595633,11.8656391],[9.7601195,11.8660438],[9.7602478,11.8662253],[9.7605117,11.8663718],[9.760861,11.8663439],[9.7612176,11.8664834],[9.7616882,11.8667975],[9.7622443,11.8668184],[9.7624939,11.866958],[9.7626508,11.8673487],[9.7627292,11.8676697],[9.7629502,11.8677883],[9.7631998,11.8677604],[9.7634636,11.8676697],[9.7638986,11.8677814],[9.7643122,11.8679418],[9.764904,11.8681233],[9.7654245,11.8683466],[9.7655742,11.8685489],[9.7657525,11.8685768],[9.7659379,11.868521],[9.7660876,11.8684443],[9.7664299,11.868542],[9.7669647,11.8687094],[9.7674424,11.8687932],[9.7677936,11.8690137],[9.7680271,11.8690793],[9.7682767,11.8690234],[9.768626,11.8691769],[9.7689041,11.8691839],[9.7692535,11.8690862],[9.7695744,11.869163],[9.7699095,11.8694142],[9.7702304,11.8695328],[9.7706439,11.8697352],[9.7708079,11.8696863],[9.7709862,11.8696096],[9.7712643,11.8697352],[9.7715709,11.8698538],[9.7717135,11.8699166],[9.7718846,11.8699724],[9.7720058,11.870105],[9.7719916,11.870412],[9.7720351,11.8705795],[9.7721778,11.8706127],[9.772341,11.8704539],[9.7724907,11.870412],[9.7726761,11.8705656],[9.7728544,11.8706981],[9.7730597,11.8708486],[9.7733036,11.8708307],[9.773382,11.87074],[9.7735389,11.8706842],[9.7737248,11.8706702],[9.7739382,11.8706842],[9.7742163,11.8707819],[9.774473,11.8708237],[9.7746156,11.8710052],[9.7747225,11.8711377],[9.7748833,11.8712604],[9.7750772,11.8714083],[9.7753429,11.8714727],[9.7756184,11.8717047],[9.7759982,11.8718853],[9.7769472,11.8721007],[9.777211,11.8721426],[9.7773822,11.8722263],[9.7776032,11.8724496],[9.7778149,11.8725517],[9.7780382,11.8724426],[9.7782093,11.8722961],[9.7784303,11.8723379],[9.7785943,11.8723728],[9.7787655,11.872303],[9.7789274,11.8725139],[9.7793644,11.872645],[9.7795498,11.8727008],[9.7797172,11.872811],[9.7800347,11.8727915],[9.780327,11.8727706],[9.7803841,11.8725961],[9.7802486,11.8724077],[9.7802771,11.8722402],[9.7805267,11.8722123],[9.7807121,11.8723938],[9.7808538,11.8726628],[9.7811256,11.8727566],[9.7811256,11.8729939],[9.7811969,11.8731404],[9.7813823,11.8731543],[9.7815321,11.8729799],[9.7817531,11.8729799],[9.7820433,11.8731851],[9.7821809,11.8734544],[9.7821453,11.8736637],[9.7822594,11.8739638],[9.7821953,11.8742289],[9.7821667,11.8743476],[9.7823021,11.8746197],[9.7825018,11.8746197],[9.7826515,11.8745569],[9.782592,11.8743531],[9.782566,11.8742638],[9.7826373,11.8741103],[9.7828013,11.8741312],[9.7829938,11.8743824],[9.7831304,11.8745215],[9.783172,11.8745639],[9.7833301,11.874584],[9.7838851,11.8746546],[9.7843343,11.87485],[9.7845126,11.87485],[9.7846409,11.8747732],[9.7847122,11.8746127],[9.7850259,11.8745569],[9.7852541,11.8744034],[9.7853397,11.8741661],[9.7855037,11.8740336],[9.7857176,11.8740824],[9.7858745,11.8743057],[9.7859529,11.874522],[9.7861739,11.8746476],[9.7865091,11.8746964],[9.7867729,11.874522],[9.7870581,11.8744941],[9.7872578,11.8746267],[9.7873005,11.8749058],[9.7872435,11.875464],[9.7872254,11.8758027],[9.7872104,11.8760842],[9.7873647,11.8762734],[9.7876149,11.8763036],[9.7877987,11.8764347],[9.7880136,11.8765804],[9.7883701,11.8764828],[9.7888835,11.8763432],[9.7889437,11.8763403],[9.789461,11.8763153],[9.7895486,11.8765295],[9.7895751,11.8765944],[9.7896037,11.8769642],[9.7895038,11.8775713],[9.7896108,11.8779202],[9.7899031,11.87829],[9.7902597,11.8784575],[9.7909299,11.8785133],[9.7915805,11.8786446],[9.7922704,11.8788691],[9.7929621,11.8790854],[9.7938748,11.8793366],[9.7945236,11.879546],[9.7955148,11.8796158],[9.796021,11.8796716],[9.7965629,11.8798321],[9.7970335,11.8800205],[9.797932,11.880174],[9.7986379,11.8803205],[9.7991299,11.8802647],[9.7996535,11.8801366],[9.7997859,11.8801042],[9.8001994,11.8801391],[9.8007057,11.8804112],[9.8008573,11.8805433],[9.801162,11.8808089],[9.8019392,11.8813951],[9.8026024,11.8819672],[9.8033154,11.8822673],[9.8039999,11.8824068],[9.8047985,11.8824487],[9.8055829,11.8816462],[9.806249,11.8815386],[9.8086619,11.8820158],[9.8122227,11.8845931],[9.8141583,11.8856413],[9.816191,11.8867421],[9.8205519,11.8876612],[9.8281026,11.8892525],[9.8335083,11.8903918],[9.8343269,11.8910788],[9.8417641,11.8973204],[9.8474903,11.9021263],[9.8558955,11.9091803],[9.860047,11.9126645],[9.8698542,11.9205636],[9.8704896,11.9210754],[9.8730142,11.9231088],[9.8801948,11.9305846],[9.8827171,11.9332107],[9.8887639,11.9366307],[9.8909442,11.9356955],[9.8915523,11.9354346],[9.8933943,11.9361322],[9.8948798,11.9365392],[9.8962465,11.9371205],[9.8972566,11.9372949],[9.8987421,11.9380507],[9.9005247,11.9381088],[9.9020696,11.9388646],[9.9021596,11.9399849],[9.902169,11.9401027],[9.9023182,11.9400747],[9.9034957,11.9398529],[9.9049812,11.9406667],[9.9055072,11.9418796],[9.9055827,11.9420537],[9.9058671,11.9420833],[9.9078928,11.9422945],[9.9087247,11.9431665],[9.9097348,11.9429921],[9.9118145,11.9436316],[9.9134783,11.9435734],[9.9152015,11.9441548],[9.9165681,11.9435734],[9.9172811,11.944271],[9.9188855,11.9439222],[9.9212623,11.9437478],[9.9234014,11.943806],[9.9236391,11.9449105],[9.9235797,11.9466545],[9.926313,11.9479334],[9.9266695,11.9496774],[9.9279735,11.9501599],[9.9303535,11.9500843],[9.9306506,11.9514795],[9.9314825,11.9518283],[9.9326709,11.9513632],[9.9326769,11.9499256],[9.933681,11.9495611],[9.9343347,11.950375],[9.9345129,11.9520027],[9.9363549,11.9520027],[9.9385528,11.9518822],[9.9396825,11.95084],[9.940752,11.9514214],[9.9414056,11.9536304],[9.9429409,11.9537482],[9.9450897,11.9533978],[9.9450303,11.9546767],[9.946694,11.9547349],[9.9488926,11.9553743],[9.9503186,11.9551999],[9.9516853,11.9559556],[9.951507,11.9577577],[9.9526954,11.9579902],[9.9543592,11.9585715],[9.95632,11.9594434],[9.959707,11.9603735],[9.9604794,11.9595597],[9.9605389,11.9585715],[9.9595287,11.9576414],[9.9594693,11.9560719],[9.9605389,11.9551418],[9.9626567,11.9539207],[9.9649529,11.9541186],[9.9678081,11.9543647],[9.96912,11.9556482],[9.9696334,11.9575456],[9.9698046,11.9598894],[9.970432,11.961731],[9.9712306,11.962568],[9.9727708,11.9633493],[9.9733412,11.9641306],[9.9741398,11.9640748],[9.9746532,11.9630145],[9.9763075,11.9627355],[9.9776765,11.9640748],[9.978304,11.964856],[9.9802435,11.9673114],[9.9816125,11.9685948],[9.983552,11.9691529],[9.9839618,11.9701649],[9.986263,11.9711051],[9.9889633,11.9722083],[9.992724,11.9727316],[9.9965806,11.9751338],[10.0039734,11.9766304],[10.0104906,11.978428],[10.0122138,11.9790093],[10.0138899,11.9799769],[10.0154259,11.9808636],[10.0166648,11.982665],[10.0200796,11.9835501],[10.0215427,11.9832524],[10.0228499,11.9813343],[10.0236818,11.9804624],[10.024989,11.9801718],[10.0289702,11.9787187],[10.0312281,11.9787187],[10.0372112,11.9745989],[10.0378625,11.976182],[10.0405571,11.9760448],[10.0412701,11.9763355],[10.0410324,11.9771492],[10.0426368,11.9795324],[10.0438846,11.9808693],[10.0445976,11.9811018],[10.045073,11.9802299],[10.045786,11.9801137],[10.0461425,11.9812762],[10.0481034,11.9811599],[10.0474498,11.9796487],[10.047628,11.977498],[10.0485193,11.9774399],[10.0486976,11.9786024],[10.051015,11.9790093],[10.052197,11.9786748],[10.0529164,11.9779049],[10.0540454,11.9780793],[10.0541048,11.9789512],[10.0543425,11.9800555],[10.0537483,11.9809274],[10.0541642,11.9817412],[10.0561845,11.9823224],[10.0557091,11.9832524],[10.0560657,11.9840081],[10.057373,11.9844146],[10.05767,11.9853449],[10.0590961,11.9858681],[10.0598685,11.9855774],[10.0605222,11.9863331],[10.0612946,11.9863331],[10.0617106,11.9855774],[10.062899,11.9853449],[10.0634337,11.9845893],[10.0633743,11.9836012],[10.0642062,11.9834268],[10.0652163,11.9840081],[10.0664047,11.9836012],[10.0669989,11.9849962],[10.0653352,11.9851706],[10.0636315,11.9862821],[10.0652758,11.9883674],[10.0645627,11.9892974],[10.0656323,11.9898205],[10.0671198,11.9899008],[10.0682468,11.9890068],[10.0681873,11.9877862],[10.0701482,11.9885999],[10.0697525,11.9901828],[10.0694946,11.9919129],[10.0705641,11.9916805],[10.0715148,11.9919711],[10.0726438,11.9927267],[10.0739511,11.9930173],[10.0747829,11.9937729],[10.0754366,11.9932498],[10.0759119,11.9921454],[10.0772786,11.9921454],[10.0777539,11.9935404],[10.0783481,11.9948772],[10.0776945,11.9962721],[10.0789423,11.9984227],[10.0798336,11.9984808],[10.0801902,11.9973183],[10.0795254,11.9961669],[10.07934,11.9955671],[10.0797148,11.9952841],[10.0803525,11.9954973],[10.0813191,11.9965628],[10.0821494,11.9975339],[10.0830423,11.997609],[10.0847728,11.996938],[10.0848412,11.9961024],[10.0848843,11.9955747],[10.0857756,11.9943541],[10.086251,11.9923198],[10.0866075,11.9917386],[10.0879742,11.9920292],[10.0891032,11.9922036],[10.0896974,11.9939472],[10.0904104,11.9953422],[10.0914799,11.9954003],[10.0927278,11.9941797],[10.0938887,11.9957088],[10.0942133,11.9975508],[10.0941538,11.9988295],[10.0954017,11.9997013],[10.0948075,12.0006313],[10.0935002,12.0006894],[10.0920147,12.0027236],[10.0920147,12.0059784],[10.0923118,12.0070246],[10.0932031,12.0073733],[10.0949263,12.0085938],[10.0970602,12.0121098],[10.09587,12.0143995],[10.09583,12.0178499],[10.0965901,12.0187064],[10.098055,12.0185024],[10.0987886,12.0168466],[10.1003929,12.0163817],[10.1025321,12.017021],[10.1047306,12.0171372],[10.1055031,12.0155099],[10.1071074,12.0148706],[10.1086523,12.0155099],[10.1098407,12.0138826],[10.1110885,12.0138826],[10.1119204,12.0148706],[10.1126929,12.0148125],[10.1133465,12.0134758],[10.1156044,12.0131852],[10.1181595,12.0133014],[10.1199421,12.0142313],[10.1210117,12.0152193],[10.1226754,12.0145219],[10.1246363,12.0144057],[10.1265377,12.0149288],[10.1271913,12.0161492],[10.1249334,12.0171372],[10.1253493,12.0183577],[10.1273102,12.0188808],[10.1291522,12.0190551],[10.1303406,12.0185902],[10.1313507,12.0198688],[10.1321232,12.0213798],[10.1310536,12.0232395],[10.1294493,12.0244019],[10.1300435,12.0259129],[10.130327,12.0271815],[10.1319579,12.0282484],[10.1343811,12.0282956],[10.1354608,12.0272373],[10.1351536,12.0261453],[10.1358666,12.0253898],[10.1371739,12.0255061],[10.1391347,12.0232976],[10.1406202,12.0239369],[10.1427593,12.0245762],[10.1437695,12.026959],[10.1446608,12.0275401],[10.1454927,12.0269008],[10.1453144,12.0251574],[10.14781,12.024983],[10.1504839,12.0242856],[10.1529796,12.0235301],[10.1549999,12.0232976],[10.1554111,12.0249561],[10.1571984,12.025971],[10.1576705,12.027465],[10.1579709,12.0290511],[10.1563071,12.0294579],[10.1567825,12.0302134],[10.1590998,12.031027],[10.1617399,12.0361871],[10.1622873,12.0367402],[10.1641055,12.0367053],[10.1649255,12.0368796],[10.1647473,12.0378908],[10.1635783,12.038758],[10.162109,12.0397388],[10.1619422,12.0404975],[10.1624273,12.0416618],[10.1645665,12.0424173],[10.1667056,12.0418943],[10.1672404,12.0406739],[10.1703896,12.0402671],[10.1713403,12.040209],[10.1718751,12.0393373],[10.1744896,12.0394535],[10.1759157,12.0411969],[10.1762722,12.0427078],[10.1753215,12.0436376],[10.1753215,12.045381],[10.1749055,12.0461945],[10.1731229,12.0474149],[10.1707461,12.0484609],[10.1695616,12.050931],[10.1689041,12.0515408],[10.1677751,12.0510178],[10.1662896,12.0502623],[10.1657549,12.0524124],[10.1656954,12.0539814],[10.1672998,12.0550273],[10.1681911,12.0570031],[10.1683099,12.0579328],[10.167478,12.0592112],[10.1663454,12.0609227],[10.1642538,12.0626427],[10.1625901,12.0657108],[10.161782,12.0675702],[10.152493,12.0898723],[10.1527406,12.0974773],[10.1527977,12.1023856],[10.1538353,12.1080828],[10.1553646,12.1128154],[10.1568477,12.1197312],[10.1573041,12.1293795],[10.1624899,12.1372499],[10.1639993,12.1389524],[10.1658497,12.1511097],[10.1669998,12.15343],[10.1681204,12.1580496],[10.1681421,12.1581157],[10.1692156,12.1613846],[10.16926,12.16152],[10.1699265,12.1637636],[10.1703901,12.1649799],[10.1622191,12.1832364],[10.1515115,12.2022721],[10.1490528,12.2245057],[10.1475361,12.2382204],[10.1521629,12.2441499],[10.1750189,12.2734414],[10.1798494,12.287963],[10.1962409,12.3110249],[10.1970015,12.3112803],[10.1978096,12.3119537],[10.1984276,12.3129058],[10.1993783,12.3134863],[10.200234,12.3134863],[10.2008044,12.313347],[10.2013035,12.3130683],[10.2016125,12.3126968],[10.201969,12.3120698],[10.2023493,12.311559],[10.2030861,12.3113964],[10.2042745,12.3112339],[10.2051777,12.31135],[10.2060571,12.3114429],[10.2066275,12.3118608],[10.2069128,12.3125575],[10.2065325,12.3132077],[10.2059145,12.3136257],[10.2055342,12.3142294],[10.2058432,12.3147867],[10.2060809,12.3155762],[10.2061522,12.316389],[10.2060096,12.3172481],[10.2063186,12.3179448],[10.2064612,12.3187575],[10.2061522,12.3192916],[10.2054154,12.3191522],[10.2048212,12.3184556],[10.204322,12.3172714],[10.2035615,12.3168302],[10.2026821,12.3167837],[10.2019928,12.3171785],[10.2018739,12.3180144],[10.2027771,12.3194309],[10.2033,12.3204526],[10.2041319,12.3211492],[10.204227,12.3226818],[10.2045122,12.3242607],[10.2037516,12.3244697],[10.2032525,12.3241214],[10.2030623,12.3235177],[10.2026583,12.3227979],[10.201969,12.3231694],[10.2011371,12.3233551],[10.199925,12.3231694],[10.1988792,12.3227282],[10.1983801,12.3221245],[10.197976,12.3214279],[10.1971441,12.3210563],[10.1963835,12.3213118],[10.1962486,12.322304],[10.1967448,12.3226307],[10.1972202,12.3232623],[10.1974864,12.324061],[10.1975054,12.3247298],[10.1971061,12.3251756],[10.1966307,12.3255471],[10.1960793,12.325993],[10.195623,12.3261601],[10.1955089,12.3271261],[10.1949955,12.3281292],[10.1960495,12.3285893],[10.1965,12.329],[10.1971754,12.3295065],[10.1979077,12.3301205],[10.1982,12.3304],[10.1989,12.3306],[10.1987,12.3315],[10.2001,12.3332],[10.2004,12.334],[10.201,12.3349],[10.2011521,12.3353901],[10.2017,12.3361],[10.2020218,12.3373783],[10.2011749,12.3419187],[10.2076829,12.3542483],[10.2084294,12.3551842],[10.2096191,12.3556839],[10.2163054,12.3553032],[10.2205408,12.3563025],[10.223182,12.3599907],[10.2258232,12.3639882],[10.2265568,12.3686338],[10.2361597,12.3754642],[10.2428979,12.3799216],[10.2540569,12.3910299],[10.225001,12.4338529],[10.2404653,12.4340423],[10.2580734,12.4596215],[10.2870406,12.4550785],[10.288055,12.4554576],[10.3027063,12.4485568],[10.3062851,12.4476614],[10.307883,12.4472617],[10.3228787,12.4435101],[10.3257137,12.4428008],[10.3341482,12.4418728],[10.3392139,12.4413154],[10.3442587,12.4446649],[10.3477327,12.4449029],[10.3497728,12.4433677],[10.3522,12.4452169],[10.3577619,12.4459158],[10.3621464,12.4509151],[10.3631721,12.4520845],[10.372136,12.4585365],[10.3811502,12.4637317],[10.3888748,12.4648225],[10.393866,12.4651706],[10.399808,12.463546],[10.4077703,12.460413],[10.410979,12.4594846],[10.4145442,12.4592525],[10.4181094,12.4587884],[10.4208427,12.4589044],[10.4239325,12.45786],[10.4259528,12.45786],[10.4296198,12.4559698],[10.4311344,12.4509648],[10.4320498,12.4479399],[10.4320698,12.4456396],[10.4332705,12.4433498],[10.4378368,12.4409174],[10.4425904,12.439989],[10.447344,12.4392927],[10.4519787,12.4392927],[10.4588714,12.4406853],[10.4623178,12.4418458],[10.4658126,12.4435746],[10.47478,12.4488307],[10.4847127,12.4538708],[10.4867161,12.4548873],[10.4908176,12.4569685],[10.5125475,12.4684056],[10.5156867,12.4681947],[10.5195846,12.4704226],[10.5339405,12.4747855],[10.5335602,12.4760851],[10.5367926,12.4770134],[10.5389976,12.4778492],[10.5545711,12.4808193],[10.5543244,12.4792766],[10.5543244,12.4767007],[10.5548236,12.4748906],[10.5549662,12.4726627],[10.5547414,12.4724591],[10.5552896,12.4716596],[10.5558455,12.4704337],[10.5565003,12.4690555],[10.5566373,12.4685834],[10.5570771,12.4677516],[10.5577148,12.4671424],[10.5587535,12.4675723],[10.5595826,12.4676151],[10.5619838,12.4697925],[10.562593,12.4709778],[10.564387,12.4707073],[10.5657331,12.4705044],[10.5686565,12.4695993],[10.5700826,12.4699475],[10.5710095,12.4712006],[10.5715087,12.47315],[10.5716513,12.4749602],[10.5718652,12.4762133],[10.5726495,12.4771184],[10.5737191,12.477188],[10.5745034,12.4766311],[10.5749313,12.4755171],[10.5757869,12.4748209],[10.5771417,12.4747513],[10.5786391,12.4752387],[10.5798512,12.4757956],[10.581206,12.4769095],[10.5817764,12.4784412],[10.582133,12.480112],[10.5826697,12.4808531],[10.5837729,12.4817133],[10.585199,12.4817829],[10.5872668,12.4816437],[10.5891207,12.4819221],[10.5907607,12.4822702],[10.5922581,12.4831753],[10.5936842,12.4843588],[10.5947538,12.4855423],[10.5949467,12.485627],[10.5951964,12.4854723],[10.5953773,12.4852058],[10.5964147,12.4852915],[10.5971744,12.4853893],[10.5984991,12.4848727],[10.5992225,12.4846823],[10.5998126,12.4846538],[10.6006692,12.4848156],[10.6016781,12.4851106],[10.6024585,12.4859482],[10.6032295,12.4870713],[10.6028392,12.4875567],[10.6025442,12.4879565],[10.60244,12.4881281],[10.60243,12.4882325],[10.6025108,12.4883448],[10.6033102,12.488675],[10.6055919,12.4889535],[10.5965034,12.4978482],[10.595933,12.4997278],[10.5945782,12.5013289],[10.5922965,12.50293],[10.5905139,12.5049487],[10.5928527,12.5101],[10.5949062,12.5113252],[10.5970168,12.511715],[10.5992415,12.5115479],[10.6010098,12.5113809],[10.60255,12.5106569],[10.6046606,12.5106569],[10.605231,12.511715],[10.6052881,12.5129401],[10.6056303,12.5145551],[10.6043754,12.5150006],[10.6023789,12.5150006],[10.6008387,12.5141096],[10.5987281,12.5141653],[10.5967887,12.5144994],[10.5945069,12.5147221],[10.5924889,12.5156016],[10.5917829,12.5161299],[10.5916548,12.5162257],[10.5911559,12.5175615],[10.5911984,12.5183975],[10.5925104,12.5198454],[10.5939365,12.5206807],[10.59522,12.5210287],[10.5970497,12.5201502],[10.5982147,12.5220032],[10.605502,12.5280637],[10.6142465,12.5324657],[10.6423836,12.531157],[10.6512846,12.5293524],[10.6912596,12.5143618],[10.7151732,12.5007989],[10.7397555,12.4836657],[10.7505082,12.4761714],[10.760716,12.3970967],[10.7642615,12.3696319],[10.766092,12.3602418],[10.7679236,12.3508479],[10.7720705,12.3295754],[10.7759387,12.3097315],[10.7816637,12.2908568],[10.7850188,12.2872162],[10.7879455,12.2821479],[10.7890163,12.2783646],[10.7894446,12.2750095],[10.7893916,12.2749783],[10.7895081,12.253186],[10.7895081,12.2410793],[10.7921168,12.2303491],[10.7949017,12.1847422],[10.8031515,12.1447638],[10.7994953,12.1280418],[10.8044189,12.117057],[10.8192051,12.1121382],[10.8232204,12.1094316],[10.8237558,12.10845],[10.8244101,12.1032747],[10.8266863,12.0958846],[10.8217918,12.0656049],[10.8223629,12.0607508],[10.8256531,12.0496423],[10.8259107,12.0480039],[10.8258917,12.0451105],[10.8230925,12.0264925],[10.822862,12.0200559],[10.8226753,12.014842],[10.8245768,12.01447],[10.826193,12.0133541],[10.8257177,12.0116803],[10.8243866,12.0087976],[10.8227907,12.0070851],[10.8222915,12.0067782],[10.8205041,12.0074123],[10.8194461,12.0089085],[10.8193253,12.0096516],[10.8189688,12.0100283],[10.8183841,12.0099027],[10.8176191,12.0097365],[10.8157601,12.0088705],[10.8151999,12.0079869],[10.8156277,12.0069869],[10.815589,12.0060808],[10.8170578,12.0039047],[10.818207,12.0029158],[10.818207,11.9994983],[10.82056,11.9999168],[10.8216565,11.9991862],[10.8225494,11.9985912],[10.8228335,11.9976974],[10.8225565,11.9971967],[10.8204376,11.9950749],[10.8200811,11.9943077],[10.8201952,11.992829],[10.8207739,11.9914077],[10.8217069,11.9897601],[10.8219335,11.9882753],[10.8215928,11.9877932],[10.8216213,11.9871655],[10.8219493,11.9865238],[10.8225197,11.9859518],[10.8228049,11.9855333],[10.8223486,11.9851985],[10.821607,11.9850172],[10.8208512,11.9849614],[10.8200954,11.9846405],[10.8194251,11.9843057],[10.8187977,11.983971],[10.8185267,11.9835804],[10.8183698,11.983134],[10.8184554,11.9827294],[10.8189117,11.982562],[10.8196105,11.9824922],[10.8203236,11.9822132],[10.8212362,11.9816134],[10.8217211,11.9812228],[10.821935,11.9809298],[10.8221775,11.9806927],[10.8226338,11.9806648],[10.8230331,11.9808182],[10.8234182,11.9805811],[10.8238032,11.9801347],[10.8240456,11.979758],[10.8239743,11.9791721],[10.8235754,11.9784667],[10.8234752,11.9780142],[10.8237176,11.9776515],[10.8236606,11.9772051],[10.8232613,11.9767866],[10.8227764,11.9766192],[10.8221347,11.9767587],[10.8217496,11.9770656],[10.8215642,11.9777073],[10.8215072,11.9782095],[10.8210794,11.9787955],[10.8207942,11.979479],[10.8206658,11.9798278],[10.8199813,11.9798696],[10.819311,11.9799115],[10.8188404,11.9797441],[10.818698,11.9794151],[10.8185552,11.9786002],[10.8183271,11.9776515],[10.8182985,11.9770796],[10.8176711,11.9768145],[10.8172004,11.9766332],[10.8169758,11.9761051],[10.8169865,11.9750428],[10.8171434,11.9739826],[10.8173145,11.9731316],[10.8177566,11.972727],[10.8181274,11.9722109],[10.8182843,11.9717644],[10.8187121,11.9713738],[10.8188547,11.971039],[10.8186978,11.970481],[10.8182447,11.9699287],[10.8170008,11.9696296],[10.8156609,11.9689441],[10.8146864,11.9684791],[10.8140684,11.9684558],[10.8138045,11.9688609],[10.8128325,11.9690371],[10.8109114,11.9681652],[10.8107296,11.967622],[10.8110737,11.966898],[10.8103179,11.9663925],[10.809814,11.9658749],[10.8096739,11.9654409],[10.8102418,11.9647356],[10.8110261,11.964224],[10.8115728,11.9636427],[10.811122,11.9625728],[10.8115253,11.9615733],[10.812167,11.9606898],[10.8128087,11.9596667],[10.8132841,11.9588528],[10.8139258,11.9579228],[10.8137357,11.9565974],[10.8140447,11.9558068],[10.8140447,11.9550627],[10.8136639,11.9545801],[10.8126661,11.9543651],[10.8118342,11.9550395],[10.811145,11.9558998],[10.8105745,11.9566904],[10.8097189,11.9571787],[10.8088148,11.957097],[10.8081027,11.9574577],[10.807247,11.9573182],[10.8069489,11.9564231],[10.807247,11.955458],[10.8069812,11.9547387],[10.8056308,11.9526445],[10.804894,11.9508307],[10.8049178,11.9500634],[10.8055928,11.9491435],[10.8064864,11.9481799],[10.8067717,11.9472963],[10.8055543,11.9454476],[10.8044899,11.9457383],[10.8036785,11.9458028],[10.8033966,11.9463894],[10.8034679,11.94718],[10.8027311,11.9475288],[10.8018279,11.9474823],[10.8014001,11.9475753],[10.8007346,11.946901],[10.7998314,11.9463429],[10.799665,11.9456686],[10.7997839,11.9445292],[10.7999046,11.9439204],[10.8003543,11.9433897],[10.8015427,11.9431572],[10.8026996,11.9431876],[10.8032065,11.9425294],[10.803754,11.9415517],[10.8037056,11.9405993],[10.8030639,11.9392041],[10.8031827,11.9382042],[10.8032778,11.9372275],[10.8019578,11.9363869],[10.8027201,11.9347401],[10.8046598,11.9321098],[10.8064003,11.92836],[10.8127899,11.9169102],[10.8145885,11.9059712],[10.8148899,11.9015198],[10.8162403,11.8955202],[10.816298,11.8948072],[10.8163502,11.894162],[10.8166199,11.89083],[10.8170004,11.8861303],[10.840747,11.8729302],[10.8604965,11.8555601],[10.8657539,11.8473529],[10.8740481,11.8344047],[10.8775171,11.8289891],[10.9053568,11.8273235],[10.9080122,11.8213065],[10.9242297,11.7845582],[10.9277237,11.776641],[10.926534,11.7392834],[10.9208841,11.7183927],[10.9286881,11.6664866],[10.928611,11.663209],[10.9281926,11.6602854],[10.9289311,11.6574967],[10.9287109,11.65271],[10.927879,11.6403994],[10.9273495,11.6317954],[10.9271028,11.6156223],[10.9275599,11.6135902],[10.9269695,11.6102104],[10.9271498,11.6043997],[10.92733,11.5985804],[10.9279003,11.5950098],[10.9282528,11.5906494],[10.9286284,11.586003],[10.9286604,11.5856304],[10.9300537,11.5812132],[10.9301996,11.5807505],[10.9307804,11.5771904],[10.9321299,11.5711803],[10.9324562,11.5670438],[10.9394949,11.5540355],[10.9293306,11.5346757],[10.9277401,11.5256004],[10.9278905,11.5247412],[10.9283199,11.5220299],[10.9288902,11.5184698],[10.9296598,11.5160303],[10.9292698,11.5137701],[10.9295422,11.5104125],[10.9296503,11.5090799],[10.9300299,11.5043898],[10.9306002,11.5008297],[10.9346733,11.4956131],[10.9336758,11.4863577],[10.9356098,11.4814997],[10.9350204,11.4781199],[10.9355898,11.4745598],[10.9346497,11.469172],[10.9344092,11.4677939],[10.9334297,11.4621801],[10.9325619,11.4611157],[10.9311619,11.4593983],[10.9305134,11.4516307],[10.9300747,11.4463768],[10.9298172,11.4432859],[10.925561,11.4351568],[10.9238729,11.4319334],[10.922183,11.4287062],[10.9207244,11.4259205],[10.9207244,11.3939518],[10.9207244,11.3864471],[10.9102792,11.3309085],[10.9330956,11.3148929],[10.9317869,11.3066837],[10.9280398,11.2844202],[10.9170399,11.2708963],[10.917944,11.2687667],[10.9189918,11.2681275],[10.9206333,11.2678682],[10.944269,11.2757696],[10.9478363,11.2657659],[10.9260397,11.2512144],[10.94558,11.2189703],[10.9663395,11.1959042],[10.981716,11.17882],[11.0085317,11.1490932],[10.9893331,11.1363348],[10.9589047,11.1128004],[10.9373806,11.0961528],[10.9292672,11.09448],[10.9295657,11.0907351],[10.9219127,11.0920617],[10.9103009,11.0882545],[10.8821281,11.0859702],[10.8642345,11.0884449],[10.8533842,11.0850185],[10.8204525,11.0840667],[10.7991325,11.084257],[10.7890436,11.0728356],[10.7871063,11.0640792],[10.786754,11.0638194],[10.7724045,11.0603407],[10.7669227,11.0681421],[10.7383692,11.1009787],[10.7079121,11.0847983],[10.6898719,11.047219],[10.6790123,11.0457755],[10.6694507,11.0398203],[10.6646714,11.028261],[10.6624553,11.0106962],[10.6647396,10.9944017],[10.6596952,10.9848838],[10.6426709,10.9770346],[10.6410887,10.9608162],[10.6571121,10.9517017],[10.6627038,10.9463479],[10.6746011,10.9386146],[10.6772225,10.9308715],[10.6634995,10.913358],[10.6466594,10.893217],[10.6520051,10.881438],[10.6426599,10.8759927],[10.6364623,10.8675161],[10.6247137,10.8587418],[10.6199548,10.851306],[10.6098121,10.8487956],[10.5955353,10.8269236],[10.586874,10.8181672],[10.5764996,10.8071265],[10.5687404,10.8107894],[10.5358624,10.7547782],[10.5325949,10.7487031],[10.5267155,10.737043],[10.5266768,10.7369667],[10.522981,10.7336746],[10.5214123,10.7325537],[10.5211271,10.7296113],[10.5202715,10.7269491],[10.5185602,10.7254779],[10.5164923,10.7252677],[10.5142819,10.7255479],[10.5122141,10.7234462],[10.5119541,10.7213061],[10.5109306,10.7198732],[10.5089341,10.7192426],[10.506491,10.7177714],[10.5069376,10.7165103],[10.5053689,10.7144785],[10.5026287,10.7132466],[10.4996646,10.7120264],[10.5001033,10.7068243],[10.4999548,10.6976285],[10.4968352,10.6909138],[10.4942811,10.688328],[10.4972257,10.6870153],[10.5253033,10.6627448],[10.5285718,10.6496711],[10.5379504,10.6493984],[10.5625778,10.64226],[10.5694783,10.6278642],[10.566147,10.6181085],[10.5581912,10.6006147],[10.569973,10.5867537],[10.5933559,10.5713735],[10.6123916,10.5566208],[10.661893,10.4913927],[10.6655237,10.49089],[10.6696183,10.4930553],[10.6748321,10.4933028],[10.681792,10.4932314],[10.6894301,10.4930529],[10.701444,10.4874064],[10.7054472,10.4803828],[10.7215617,10.4900903],[10.7301849,10.4874063],[10.7424915,10.4735961],[10.7907392,10.4351458],[10.7926048,10.4406563],[10.800434,10.4506633],[10.8102564,10.4477737],[10.8135115,10.4377343],[10.8041358,10.4244696],[10.8354034,10.3995514],[10.8350725,10.3951025],[10.8348421,10.3920043],[10.834034,10.3811359],[10.8340298,10.3807373],[10.8338642,10.3650084],[10.8282581,10.3509828],[10.8221905,10.3430116],[10.8234397,10.3311143],[10.82225,10.3207636],[10.8191896,10.3129517],[10.8220889,10.3097807],[10.8301195,10.3034157],[10.8473092,10.2864015],[10.8558752,10.2765506],[10.8628708,10.26827],[10.855281,10.2408248],[10.8569492,10.2362577],[10.8571596,10.2356815],[10.8511667,10.2242355],[10.8393269,10.2151699],[10.8356875,10.2042678],[10.8356295,10.2040939],[10.8302908,10.1969223],[10.8237963,10.188199],[10.8198833,10.1811476],[10.8180076,10.1729142],[10.8172264,10.1694851],[10.8186407,10.1573362],[10.8074427,10.1379638],[10.8003043,10.1347515],[10.7867414,10.1347515],[10.7746061,10.1376069],[10.7492146,10.119913],[10.7383888,10.1209559],[10.7334711,10.114576],[10.7264771,10.1055024],[10.7260569,10.1046783],[10.7250922,10.102786],[10.7211979,10.0951475],[10.7159028,10.0945439],[10.7134044,10.0888332],[10.7127728,10.0786206],[10.7115442,10.0762105],[10.7156077,10.0648562],[10.7157292,10.0646508],[10.7169402,10.063492],[10.7174759,10.0498533],[10.7244273,10.0441835],[10.7276716,10.0415373],[10.7400036,10.0342827],[10.7511644,10.0275812],[10.7629173,10.0201231],[10.7635088,10.0197477],[10.7752619,10.0124798],[10.787178,10.0067364],[10.7884455,10.0061254],[10.7947769,10.0002966],[10.8028994,9.9909773],[10.8121719,9.9793386],[10.8249903,9.9699602],[10.8413572,9.9628401],[10.8577232,9.9557199],[10.8635125,9.9515595],[10.8658819,9.9498568],[10.8751783,9.9405222],[10.8774072,9.9391081],[10.8835479,9.935212],[10.89062,9.930725],[10.8944637,9.9264842],[10.9053688,9.9144525],[10.9184558,9.8996999],[10.9439239,9.8817771],[10.9454198,9.880443],[10.9452509,9.8791403],[10.9451693,9.8785112],[10.9454548,9.8759414],[10.9455262,9.8726577],[10.9448838,9.8704448],[10.9525932,9.8608794],[10.9550203,9.8561681],[10.957947,9.8540979],[10.9590892,9.8521706],[10.9583039,9.84853],[10.9578756,9.8453177],[10.9586609,9.8426052],[10.9580898,9.839036],[10.9577329,9.8344674],[10.9592319,9.8281142],[10.9612307,9.8234029],[10.9657279,9.8140516],[10.9702402,9.8117111],[10.9773173,9.8126734],[10.9776008,9.8101824],[10.9816294,9.7747791],[10.9786741,9.7721875],[10.9785218,9.769751],[10.9746766,9.7669337],[10.9726208,9.762822],[10.971669,9.7608803],[10.9655321,9.7523446],[10.9646755,9.7454917],[10.9662459,9.7382106],[10.9663887,9.7310722],[10.96439,9.723791],[10.9618201,9.7167954],[10.9567045,9.711389],[10.957805,9.7032781],[10.9607793,9.6957828],[10.9603035,9.6847183],[10.9600655,9.6792456],[10.9605414,9.6754384],[10.9563183,9.6718692],[10.9564899,9.6709254],[10.9569131,9.6685974],[10.9640515,9.6625001],[10.9850205,9.6418285],[10.9898945,9.6405537],[10.98817,9.6302251],[10.9822213,9.6257636],[10.9780078,9.622412],[10.9693164,9.6154984],[10.9691343,9.6153535],[10.9563447,9.6056869],[10.9172323,9.5545285],[10.7776726,9.4504027],[10.7735429,9.4473215],[10.7213135,9.4525176],[10.6178399,9.4628118],[10.6042274,9.4664816],[10.5409638,9.483537],[10.5270708,9.4872825]]]}},{"type":"Feature","properties":{"kind":"administrative","id":"administrative:bauchi","localUnitId":"bauchi","name":"Bauchi"},"geometry":{"type":"Polygon","coordinates":[[[10.2789249,10.2797713],[10.2771565,10.2798274],[10.2755593,10.2799397],[10.2750528,10.2797528],[10.2741903,10.2794345],[10.2723649,10.2795468],[10.2716233,10.278312],[10.2703684,10.2774701],[10.2682008,10.2771333],[10.2668888,10.2760107],[10.2655768,10.2755617],[10.2642648,10.275674],[10.2627817,10.2757862],[10.2615838,10.2741585],[10.2601577,10.2729798],[10.2587886,10.2712959],[10.2574196,10.269163],[10.2567921,10.2667495],[10.2567351,10.2642797],[10.2568113,10.2601889],[10.2557537,10.2596627],[10.2549218,10.2593352],[10.2541255,10.2591832],[10.2529134,10.2590546],[10.2533059,10.2541283],[10.2486315,10.2386351],[10.24685,10.2282542],[10.2419381,10.2269783],[10.2346559,10.2298372],[10.2191168,10.2297299],[10.2149542,10.2317871],[10.2038956,10.2241748],[10.2047702,10.2199552],[10.2024511,10.2132581],[10.2093942,10.207299],[10.2070341,10.2001381],[10.2016426,10.200184],[10.1945084,10.1908451],[10.1889321,10.1925552],[10.1831641,10.1915741],[10.1802913,10.1913323],[10.1798891,10.1839426],[10.1780899,10.1786527],[10.1779267,10.1783264],[10.1779657,10.1781524],[10.1785433,10.1721595],[10.1858379,10.1611209],[10.1898066,10.1601968],[10.1911748,10.1597045],[10.1894933,10.1578189],[10.1785103,10.1454962],[10.1762349,10.1412972],[10.170494,10.1314723],[10.1622744,10.1185388],[10.158334,10.1129423],[10.153297,10.1099482],[10.1495179,10.1093866],[10.1448118,10.1081933],[10.1398919,10.1060172],[10.1349365,10.105312],[10.1063466,10.1032854],[10.0946228,10.0898971],[10.0944836,10.0859329],[10.0938566,10.0831356],[10.0960632,10.0717349],[10.0967947,10.0710318],[10.0987622,10.0690623],[10.0930513,10.0592325],[10.0882986,10.0529833],[10.082832,10.04684],[10.0803957,10.0428028],[10.0823566,10.038122],[10.078316,10.0343774],[10.0762958,10.0314518],[10.0765372,10.0266935],[10.0787868,10.025219],[10.0818172,10.0231125],[10.0818172,10.0205379],[10.0860954,10.0181974],[10.0876403,10.0148035],[10.0903142,10.0118193],[10.0838969,10.0063188],[10.0792621,10.0062018],[10.0763268,10.00537],[10.073685,10.0019418],[10.0695256,10.0020588],[10.0616458,10.0038249],[10.0569652,10.0097469],[10.0551232,10.015101],[10.0525373,10.0186789],[10.0501913,10.0230589],[10.043982,10.0267159],[10.039696,10.0283911],[10.0330008,10.0266661],[10.026227,10.022383],[10.0238858,10.0203116],[10.0233387,10.0208933],[10.0204271,10.0229998],[10.0198329,10.0241115],[10.0191793,10.023936],[10.0181097,10.0235264],[10.0169807,10.0245796],[10.0131999,10.0218715],[10.0129504,10.0127082],[10.0114141,9.9984658],[10.0061189,9.9924163],[10.0023996,9.9868869],[9.9993573,9.9827671],[9.9928924,9.9779918],[9.9873782,9.9752764],[9.9786971,9.9699585],[9.9745648,9.9682262],[9.9727056,9.9654489],[9.9787699,9.9566302],[9.9860667,9.9540083],[9.9874324,9.9514487],[9.9864945,9.9491623],[9.9836424,9.9471256],[9.9758965,9.9416893],[9.9685675,9.9324044],[9.9651959,9.9275107],[9.9609736,9.9248892],[9.9569861,9.9201767],[9.9401974,9.9085923],[9.931775,9.9014475],[9.9231472,9.8971627],[9.9177223,9.8966533],[9.9168725,9.8987783],[9.9158742,9.9018689],[9.9145194,9.9028523],[9.912386,9.9029935],[9.910971,9.9133242],[9.9099222,9.9148006],[9.9057701,9.9205416],[9.9028969,9.9277871],[9.8999171,9.9317662],[9.8935561,9.9341083],[9.8843771,9.93436],[9.876871,9.9286299],[9.8706856,9.9283679],[9.8639247,9.9289097],[9.859079,9.9294522],[9.8536259,9.9304561],[9.8432868,9.9299644],[9.8405773,9.9281383],[9.8367484,9.9228245],[9.8340886,9.9223086],[9.8303095,9.9189372],[9.8260268,9.9149485],[9.820928,9.9114832],[9.8180007,9.9170918],[9.81446,9.925201],[9.8090783,9.9279241],[9.8050918,9.9310513],[9.8008448,9.9327447],[9.7988645,9.9348106],[9.7962262,9.9346702],[9.7941659,9.9349733],[9.7916628,9.9336869],[9.7918986,9.9371177],[9.7919621,9.9512949],[9.7928247,9.9528002],[9.7905444,9.9560823],[9.7757142,9.9607949],[9.7703472,9.9651368],[9.7661831,9.9683392],[9.7643866,9.9709734],[9.7584823,9.9708112],[9.7519793,9.9711483],[9.7479418,9.969572],[9.7456476,9.9686763],[9.743537,9.9661481],[9.7338142,9.9662993],[9.7319696,9.9685754],[9.7308763,9.9731816],[9.7304329,9.9742577],[9.7245131,9.9813029],[9.7182537,9.9811976],[9.714502,9.9821035],[9.7112791,9.9842804],[9.7082842,9.9853641],[9.7122494,9.9921315],[9.712214,9.9958102],[9.7071258,10.0018318],[9.7049866,10.0052023],[9.7022058,10.0084324],[9.7012788,10.0111709],[9.7002806,10.0150329],[9.7012788,10.0198077],[9.7021998,10.0276764],[9.6937876,10.0359241],[9.69021,10.0395163],[9.6876432,10.0420937],[9.6846081,10.0451413],[9.6790077,10.0508033],[9.6745357,10.0555734],[9.6702185,10.0601786],[9.6655348,10.0651746],[9.6610451,10.0699635],[9.6593489,10.0721315],[9.6584516,10.0732783],[9.6551153,10.0775425],[9.6537609,10.0792736],[9.6532071,10.0799812],[9.6516108,10.0820216],[9.6482992,10.0862541],[9.6465013,10.0879208],[9.6443699,10.0898967],[9.6414491,10.0926044],[9.6389079,10.0949601],[9.6331797,10.1002703],[9.632982,10.1045662],[9.6326989,10.1107213],[9.6322562,10.120343],[9.632225,10.1210203],[9.6326568,10.1215375],[9.6365372,10.1261865],[9.6231431,10.1375521],[9.6219146,10.1391395],[9.6171225,10.1625666],[9.6268457,10.1715108],[9.622002,10.1773723],[9.6533506,10.2042903],[9.6406388,10.2057038],[9.6307627,10.206802],[9.6294834,10.2103307],[9.6176226,10.2158173],[9.6089559,10.2317468],[9.6064883,10.2311834],[9.6057078,10.2330716],[9.6067131,10.2349707],[9.6097754,10.2364265],[9.6131773,10.2397453],[9.6177365,10.2405544],[9.6211637,10.2413339],[9.6239669,10.2414567],[9.6248449,10.2414263],[9.630287,10.2410512],[9.6313511,10.239213],[9.6329253,10.2391917],[9.6346722,10.239297],[9.63838,10.2399987],[9.6429078,10.2411214],[9.6462591,10.2421037],[9.64776,10.242262],[9.6499896,10.2430379],[9.6495819,10.2441837],[9.6478278,10.2494712],[9.6490878,10.2553632],[9.650086,10.2579826],[9.6510368,10.2593859],[9.6519582,10.2634647],[9.6527956,10.2686007],[9.6530109,10.2750787],[9.6534611,10.2770667],[9.6563925,10.281282],[9.6574066,10.2831472],[9.6598903,10.2910799],[9.6655352,10.2975109],[9.6729627,10.3049648],[9.6790533,10.3089109],[9.6886963,10.3195598],[9.6934856,10.325277],[9.6939609,10.3266216],[9.694674,10.3279661],[9.6952087,10.3306551],[9.6961595,10.3329349],[9.6956247,10.3349809],[9.6961595,10.3363254],[9.6941986,10.3382544],[9.6950305,10.3391897],[9.6947334,10.3405341],[9.6944957,10.3425801],[9.6951493,10.3437491],[9.694258,10.3444506],[9.693983,10.3455859],[9.6930088,10.3464284],[9.6921189,10.3471979],[9.6915247,10.3481332],[9.6908117,10.3492438],[9.6896233,10.3506467],[9.689445,10.3519911],[9.6900392,10.3531017],[9.6908711,10.3539785],[9.6912363,10.3562259],[9.691058,10.3591484],[9.6895131,10.359616],[9.6892754,10.3613111],[9.6874334,10.3620125],[9.6871363,10.3630647],[9.6864233,10.3647597],[9.6868986,10.3668055],[9.6845218,10.367916],[9.6813758,10.3695732],[9.6802436,10.3722997],[9.6816102,10.3739363],[9.6810697,10.3793642],[9.6799465,10.379898],[9.6792929,10.38434],[9.6793523,10.3873207],[9.6785204,10.389191],[9.6798276,10.3905937],[9.6794711,10.3917042],[9.6781639,10.3919379],[9.6777479,10.3926393],[9.679174,10.3947433],[9.6808972,10.3986591],[9.6822044,10.3988344],[9.6847595,10.3990682],[9.6860684,10.4009073],[9.6876711,10.4031592],[9.6888001,10.4060814],[9.691058,10.407484],[9.6911769,10.4108736],[9.6922035,10.4121906],[9.6920682,10.415023],[9.6915928,10.4172437],[9.6901667,10.4177697],[9.691058,10.4191722],[9.6929594,10.4227371],[9.6945044,10.4287563],[9.6942073,10.4327301],[9.6923124,10.4345873],[9.6894537,10.4358857],[9.6871363,10.436996],[9.6864827,10.4388075],[9.6860667,10.4412034],[9.6853537,10.4433655],[9.6837494,10.4448264],[9.6834929,10.4470105],[9.6773736,10.4503193],[9.6744858,10.4509504],[9.6725951,10.4507668],[9.6693163,10.451897],[9.6666424,10.4532994],[9.6641111,10.453615],[9.6616194,10.4542926],[9.6595476,10.4549823],[9.6564816,10.4555783],[9.6545036,10.4570675],[9.6520251,10.4579273],[9.6492086,10.4592947],[9.6470694,10.4610126],[9.6457841,10.4629259],[9.641686,10.4625552],[9.6408778,10.4640803],[9.6403669,10.4650444],[9.64095,10.4695639],[9.6416266,10.4739633],[9.6411987,10.4776093],[9.6421495,10.480928],[9.6437657,10.4852751],[9.6427199,10.488734],[9.6406283,10.4923798],[9.6372057,10.4974278],[9.6361824,10.498065],[9.6329275,10.500092],[9.632262,10.5026159],[9.6314539,10.5079909],[9.6309231,10.5118702],[9.6297941,10.5144992],[9.6279521,10.5168361],[9.6260955,10.5191943],[9.6257889,10.5242019],[9.6260506,10.5286955],[9.6280864,10.5320575],[9.6287245,10.53518],[9.6278926,10.536991],[9.6259318,10.5385098],[9.6238521,10.5429495],[9.6237927,10.5473892],[9.6265854,10.5493753],[9.6269419,10.5515367],[9.6255753,10.5518288],[9.6226043,10.5530555],[9.6226043,10.5554505],[9.621297,10.5577286],[9.617613,10.5619928],[9.6157696,10.5651597],[9.6204879,10.5677097],[9.6273252,10.5714135],[9.6354265,10.5758019],[9.6371035,10.5866015],[9.6456849,10.5971437],[9.647751,10.5996875],[9.6498473,10.6012086],[9.6612413,10.6115281],[9.6739948,10.6008629],[9.6845473,10.600179],[9.7049834,10.6077494],[9.7147849,10.6078142],[9.7167572,10.6071666],[9.7224867,10.6079971],[9.730494,10.6005445],[9.7298694,10.5966208],[9.7333688,10.5866692],[9.7339957,10.586538],[9.7347675,10.5859634],[9.7403328,10.577295],[9.7486729,10.5762203],[9.7513657,10.574158],[9.7530274,10.5702974],[9.7561256,10.5696311],[9.7618187,10.5681457],[9.7646801,10.5654486],[9.7664044,10.5607484],[9.7663454,10.5600102],[9.7697784,10.5565229],[9.7711022,10.5536641],[9.7720847,10.5530925],[9.7789212,10.5466343],[9.7865333,10.5543752],[9.7910657,10.5521292],[9.8045799,10.5454322],[9.8017697,10.539777],[9.7981615,10.5337127],[9.7967728,10.5238434],[9.798043,10.5207988],[9.8009486,10.5163226],[9.8061441,10.4979873],[9.8123135,10.4902885],[9.8169815,10.4868434],[9.8111142,10.4631073],[9.8149294,10.4585993],[9.8187908,10.4551915],[9.8396244,10.4500968],[9.8434058,10.4521774],[9.848281,10.452193],[9.8540361,10.4394708],[9.8574178,10.4246854],[9.8573992,10.4246694],[9.8553347,10.4195313],[9.8553433,10.4179775],[9.8507756,10.3884415],[9.8624138,10.3832695],[9.8697041,10.3814229],[9.8830879,10.3853455],[9.8922148,10.3868184],[9.9003435,10.3891328],[9.9135347,10.3864677],[9.9156025,10.3767888],[9.9166989,10.3687006],[9.9282964,10.3698186],[9.9419154,10.3708006],[9.9512562,10.3724839],[9.9571745,10.3740269],[9.9687257,10.3773234],[9.9789222,10.3788665],[9.9871099,10.3790782],[10.0028803,10.3772533],[10.0108358,10.3769047],[10.0171411,10.3801991],[10.0095115,10.3970315],[10.006802,10.4032031],[10.0033081,10.4104968],[10.0055185,10.4109877],[10.0080142,10.4121799],[10.010795,10.4151253],[10.0136627,10.4251473],[10.0151016,10.4275149],[10.0255292,10.4302967],[10.0411301,10.4299986],[10.0580193,10.4265548],[10.0647983,10.4286564],[10.068376,10.4281001],[10.083156,10.4420798],[10.0849901,10.4629296],[10.0851363,10.4645918],[10.0894025,10.4711977],[10.104983,10.4756595],[10.1077062,10.4723075],[10.1123723,10.4665642],[10.1148154,10.4668035],[10.1171684,10.4658919],[10.1184519,10.4642792],[10.1200919,10.4621055],[10.1228015,10.4599319],[10.1275788,10.4541821],[10.1334257,10.4503254],[10.1376327,10.4468193],[10.1416257,10.448923],[10.1518935,10.4503254],[10.1573126,10.4553741],[10.1687791,10.4558333],[10.1729994,10.4553741],[10.1823402,10.458249],[10.1863356,10.4593892],[10.1875209,10.4595679],[10.1877064,10.4591745],[10.1880629,10.4586696],[10.1883767,10.4583471],[10.1890042,10.4581087],[10.1896102,10.4579825],[10.1903233,10.4577441],[10.19058,10.4578633],[10.191728,10.4581367],[10.1943353,10.4586054],[10.1974679,10.459587],[10.1986801,10.4600078],[10.2007405,10.4611308],[10.2055096,10.4578821],[10.2155894,10.4609195],[10.2403994,10.4447654],[10.2421032,10.4418531],[10.2419552,10.4417333],[10.2378147,10.4323739],[10.2271586,10.4286542],[10.2260063,10.4216401],[10.22826,10.418629],[10.226192,10.4111383],[10.2266913,10.39766],[10.2286878,10.3828615],[10.2331086,10.3798457],[10.2367451,10.3765492],[10.2303461,10.3699125],[10.2202274,10.3647556],[10.2134718,10.3585793],[10.2146737,10.3522403],[10.214418,10.3456146],[10.2155679,10.3349548],[10.2107955,10.3253903],[10.2113609,10.3235206],[10.2114322,10.3205743],[10.2109331,10.319031],[10.2110044,10.3166458],[10.2122166,10.3148921],[10.2131619,10.3135578],[10.2146409,10.3146114],[10.2154965,10.3150324],[10.2172791,10.3140502],[10.217707,10.3123666],[10.2187183,10.3114827],[10.2215901,10.3131308],[10.2344248,10.3142533],[10.2456433,10.3121019],[10.2550554,10.3063026],[10.26114,10.3077057],[10.2653232,10.3082669],[10.2703459,10.3037565],[10.2705951,10.2930523],[10.277318,10.2828104],[10.2786887,10.2814637],[10.2799516,10.2801081],[10.2789249,10.2797713]]]}},{"type":"Feature","properties":{"kind":"land","id":"bauchi","localUnitId":"bauchi","name":"Bauchi"},"geometry":{"type":"MultiPolygon","coordinates":[[[[9.7928247,9.9528002],[9.7905444,9.9560823],[9.7757142,9.9607949],[9.7703472,9.9651368],[9.7661831,9.9683392],[9.7643866,9.9709734],[9.7584823,9.9708112],[9.7575823,9.9708579],[9.7576886,9.9711129],[9.7580147,9.9717652],[9.7586225,9.9724027],[9.7596751,9.9728474],[9.7608907,9.9726695],[9.7619285,9.9730401],[9.7629662,9.9733959],[9.7637371,9.9743596],[9.7638557,9.9752639],[9.7645893,9.9764639],[9.7652052,9.9773473],[9.7658583,9.9778014],[9.7664618,9.9779942],[9.7673389,9.9778449],[9.7680605,9.9774903],[9.7700138,9.9766692],[9.7708971,9.9766319],[9.7719111,9.9764515],[9.7727509,9.976495],[9.773049,9.9765475],[9.7734476,9.9766443],[9.7740883,9.9767501],[9.7745611,9.9770487],[9.7762283,9.9777329],[9.7770121,9.9782244],[9.7778332,9.9786536],[9.7786295,9.9791202],[9.7793511,9.9794872],[9.7801535,9.9800781],[9.7810531,9.981199],[9.7818091,9.9823405],[9.7825949,9.9827408],[9.7837808,9.9837637],[9.7855895,9.9851128],[9.7866272,9.9857502],[9.7874871,9.9861208],[9.7890881,9.9864173],[9.7902593,9.9867435],[9.7917863,9.9869214],[9.7931798,9.9869214],[9.7949143,9.9871734],[9.7958483,9.9868769],[9.7962189,9.9865804],[9.7965863,9.9857235],[9.7972863,9.9845494],[9.7974346,9.9833782],[9.7973011,9.9824443],[9.7969157,9.9802947],[9.7974494,9.9787677],[9.7980572,9.9775817],[9.799006,9.9768257],[9.8004588,9.9765292],[9.8017931,9.9763661],[9.8034535,9.9764402],[9.8043728,9.9760589],[9.8059737,9.9753876],[9.8073969,9.9749577],[9.8083457,9.9746167],[9.80925,9.9750911],[9.8100653,9.9755359],[9.8107028,9.9757138],[9.8114292,9.9760399],[9.8125263,9.9769591],[9.812808,9.9784416],[9.8127635,9.9793162],[9.8128228,9.9803836],[9.8127931,9.9814955],[9.8128376,9.9822367],[9.8129562,9.9825925],[9.8138753,9.982637],[9.8145869,9.982385],[9.8151948,9.9815993],[9.8157729,9.9807839],[9.8165142,9.9802798],[9.8172554,9.9803984],[9.8182783,9.9805615],[9.8189899,9.9804726],[9.8197015,9.9793904],[9.8204279,9.9783526],[9.8210802,9.9776558],[9.822281,9.9766181],[9.8232891,9.9761585],[9.8243121,9.9761585],[9.8251126,9.9758176],[9.8256018,9.9747502],[9.8261207,9.9734752],[9.8270991,9.9717407],[9.8285162,9.9705363],[9.8291746,9.9702731],[9.830242,9.9702731],[9.8308053,9.9706585],[9.831176,9.9712218],[9.831932,9.9717704],[9.8326881,9.9717407],[9.8332218,9.971296],[9.8344819,9.9692057],[9.8350304,9.968583],[9.8361571,9.968242],[9.8369428,9.9680197],[9.8381881,9.9676787],[9.839641,9.9674267],[9.8413458,9.9673377],[9.8422057,9.9665668],[9.8429469,9.9651437],[9.8437178,9.9641949],[9.8442219,9.9635676],[9.8449321,9.9630488],[9.8456381,9.9627645],[9.8470972,9.9617712],[9.848065,9.9617807],[9.8491572,9.9621516],[9.851584,9.9627529],[9.8544143,9.9628702],[9.8558541,9.9632813],[9.8570557,9.9631967],[9.8575922,9.9633658],[9.8582123,9.9631661],[9.8584483,9.9629125],[9.8585127,9.9621516],[9.8585315,9.9614225],[9.8585148,9.9605338],[9.8582552,9.9598269],[9.8581694,9.9591717],[9.8583432,9.9583992],[9.858856,9.95765],[9.8590727,9.9570678],[9.8595663,9.9566874],[9.860401,9.9562974],[9.8613626,9.9559509],[9.8613237,9.9556],[9.860873,9.9553464],[9.8601571,9.9553446],[9.8596092,9.9555672],[9.8580835,9.9564031],[9.855897,9.9573848],[9.854116,9.9582724],[9.8523565,9.9586951],[9.8510669,9.9585377],[9.8492644,9.9580305],[9.8479341,9.9569949],[9.8458956,9.9557902],[9.8442648,9.9549025],[9.8432992,9.9542262],[9.8419045,9.953085],[9.8405312,9.95262],[9.8394583,9.9527891],[9.8388596,9.9536017],[9.837849,9.9540994],[9.8361753,9.9540149],[9.8345445,9.9535288],[9.8316048,9.9526623],[9.8302529,9.9524721],[9.8287294,9.9526834],[9.8275729,9.9525872],[9.8267553,9.952937],[9.8257897,9.9534654],[9.824395,9.9531484],[9.8236011,9.9524298],[9.8235796,9.9510349],[9.8235796,9.9502318],[9.8234723,9.9493652],[9.8228071,9.9480126],[9.8220402,9.9466357],[9.8216076,9.9462468],[9.8196121,9.9455916],[9.8162625,9.9451382],[9.8129173,9.9441755],[9.810984,9.9433417],[9.8078318,9.9426115],[9.8060937,9.942379],[9.8038815,9.9406998],[9.8029159,9.9384805],[9.8018941,9.9369477],[9.8010868,9.9361921],[9.800714,9.9358936],[9.8005101,9.9357469],[9.8001909,9.9355528],[9.7999375,9.9354854],[9.7996706,9.9354735],[9.799464,9.9354801],[9.7991905,9.9354048],[9.7987586,9.9353546],[9.7972081,9.9354581],[9.7959743,9.9354159],[9.794129,9.9350143],[9.7926291,9.9348441],[9.791727,9.9346211],[9.7918986,9.9371177],[9.7919621,9.9512949],[9.7928247,9.9528002]]],[[[9.743537,9.9661481],[9.7338142,9.9662993],[9.7319696,9.9685754],[9.7308763,9.9731816],[9.7304329,9.9742577],[9.7245953,9.9812051],[9.7246438,9.9812136],[9.7250301,9.9811977],[9.7253787,9.981174],[9.7260226,9.9811642],[9.7281574,9.9807491],[9.7293582,9.980082],[9.7302329,9.978807],[9.7311224,9.9772652],[9.7318785,9.9753528],[9.7325308,9.9737666],[9.7332424,9.9727881],[9.7340874,9.97221],[9.7344232,9.9720788],[9.7347665,9.9720259],[9.7350186,9.972055],[9.7352761,9.9721263],[9.7357267,9.9724565],[9.736349,9.9728924],[9.7372451,9.9734849],[9.7382087,9.9742113],[9.7401359,9.9754714],[9.7408327,9.9763313],[9.741989,9.9770577],[9.7432491,9.9776062],[9.7446427,9.9782437],[9.7457545,9.9782585],[9.7474446,9.978214],[9.748512,9.9777693],[9.7491346,9.9765981],[9.7500834,9.9751898],[9.7504244,9.9739593],[9.7510322,9.9720321],[9.7516595,9.9710235],[9.7479418,9.969572],[9.7456476,9.9686763],[9.743537,9.9661481]]],[[[9.7211304,9.9812531],[9.7212778,9.9812485],[9.7192117,9.9812137],[9.7192328,9.9812235],[9.7211304,9.9812531]]],[[[10.2741903,10.2794345],[10.2723649,10.2795468],[10.2716233,10.278312],[10.2703684,10.2774701],[10.2682008,10.2771333],[10.2668888,10.2760107],[10.2655768,10.2755617],[10.2642648,10.275674],[10.2627817,10.2757862],[10.2615838,10.2741585],[10.2601577,10.2729798],[10.2587886,10.2712959],[10.2574196,10.269163],[10.2567921,10.2667495],[10.2567351,10.2642797],[10.2568113,10.2601889],[10.2557537,10.2596627],[10.2549218,10.2593352],[10.2541255,10.2591832],[10.2529134,10.2590546],[10.2533059,10.2541283],[10.2486315,10.2386351],[10.24685,10.2282542],[10.2419381,10.2269783],[10.2346559,10.2298372],[10.2191168,10.2297299],[10.2149542,10.2317871],[10.2038956,10.2241748],[10.2047702,10.2199552],[10.2024511,10.2132581],[10.2093942,10.207299],[10.2070341,10.2001381],[10.2016426,10.200184],[10.1945084,10.1908451],[10.1889321,10.1925552],[10.1831641,10.1915741],[10.1802913,10.1913323],[10.1798891,10.1839426],[10.1780899,10.1786527],[10.1779267,10.1783264],[10.1779657,10.1781524],[10.1785433,10.1721595],[10.1858379,10.1611209],[10.1898066,10.1601968],[10.1911748,10.1597045],[10.1894933,10.1578189],[10.1785103,10.1454962],[10.1762349,10.1412972],[10.170494,10.1314723],[10.1622744,10.1185388],[10.158334,10.1129423],[10.153297,10.1099482],[10.1495179,10.1093866],[10.1448118,10.1081933],[10.1398919,10.1060172],[10.1349365,10.105312],[10.1063466,10.1032854],[10.0946228,10.0898971],[10.0944836,10.0859329],[10.0938566,10.0831356],[10.0960632,10.0717349],[10.0967947,10.0710318],[10.0987622,10.0690623],[10.0930513,10.0592325],[10.0882986,10.0529833],[10.082832,10.04684],[10.0803957,10.0428028],[10.0823566,10.038122],[10.078316,10.0343774],[10.0762958,10.0314518],[10.0765372,10.0266935],[10.0787868,10.025219],[10.0818172,10.0231125],[10.0818172,10.0205379],[10.0860954,10.0181974],[10.0876403,10.0148035],[10.0903142,10.0118193],[10.0838969,10.0063188],[10.0792621,10.0062018],[10.0763268,10.00537],[10.073685,10.0019418],[10.0695256,10.0020588],[10.0616458,10.0038249],[10.0569652,10.0097469],[10.0551232,10.015101],[10.0525373,10.0186789],[10.0501913,10.0230589],[10.043982,10.0267159],[10.039696,10.0283911],[10.0330008,10.0266661],[10.026227,10.022383],[10.0238858,10.0203116],[10.0233387,10.0208933],[10.0204271,10.0229998],[10.0198329,10.0241115],[10.0191793,10.023936],[10.0181097,10.0235264],[10.0169807,10.0245796],[10.0131999,10.0218715],[10.0129504,10.0127082],[10.0114141,9.9984658],[10.0061189,9.9924163],[10.0023996,9.9868869],[9.9993573,9.9827671],[9.9928924,9.9779918],[9.9873782,9.9752764],[9.9786971,9.9699585],[9.9745648,9.9682262],[9.9727056,9.9654489],[9.9787699,9.9566302],[9.9860667,9.9540083],[9.9874324,9.9514487],[9.9864945,9.9491623],[9.9836424,9.9471256],[9.9758965,9.9416893],[9.9685675,9.9324044],[9.9651959,9.9275107],[9.9609736,9.9248892],[9.9569861,9.9201767],[9.9401974,9.9085923],[9.931775,9.9014475],[9.9231472,9.8971627],[9.9177223,9.8966533],[9.9168725,9.8987783],[9.9158742,9.9018689],[9.9145194,9.9028523],[9.912386,9.9029935],[9.910971,9.9133242],[9.9099222,9.9148006],[9.9057701,9.9205416],[9.9028969,9.9277871],[9.8999171,9.9317662],[9.8935561,9.9341083],[9.8843771,9.93436],[9.876871,9.9286299],[9.8706856,9.9283679],[9.8639247,9.9289097],[9.859079,9.9294522],[9.8536259,9.9304561],[9.8432868,9.9299644],[9.8405773,9.9281383],[9.8367484,9.9228245],[9.8340886,9.9223086],[9.8303095,9.9189372],[9.8260268,9.9149485],[9.820928,9.9114832],[9.8180007,9.9170918],[9.81446,9.925201],[9.8090783,9.9279241],[9.8050918,9.9310513],[9.8008448,9.9327447],[9.7995041,9.9341433],[9.8002551,9.9343591],[9.8018269,9.9353155],[9.8021658,9.9355753],[9.8023441,9.9356978],[9.8027442,9.9360499],[9.8034309,9.9372969],[9.8040553,9.9385746],[9.8047183,9.9397064],[9.8055981,9.9407421],[9.8072718,9.9416297],[9.8089026,9.9416297],[9.809718,9.9418622],[9.8127006,9.9422427],[9.8173354,9.9442505],[9.8211978,9.944483],[9.8229966,9.9455547],[9.8246546,9.9465426],[9.8252318,9.9481817],[9.8253842,9.9500511],[9.8248907,9.9507908],[9.824483,9.9513614],[9.8246739,9.9521973],[9.826176,9.9522184],[9.8264549,9.9520705],[9.8280857,9.951373],[9.8289655,9.9515421],[9.8293732,9.9514576],[9.8312185,9.9515844],[9.8330875,9.9519532],[9.8358534,9.9526623],[9.8376365,9.9527352],[9.8391793,9.952155],[9.8406599,9.951986],[9.8417543,9.9522396],[9.8432992,9.9531906],[9.8441382,9.9542992],[9.8467753,9.955135],[9.848065,9.9559477],[9.851539,9.9572696],[9.8548649,9.9569103],[9.8558734,9.9560015],[9.8572682,9.9551773],[9.8582123,9.9544376],[9.8591779,9.954353],[9.8600014,9.9540652],[9.8612829,9.9536017],[9.8625467,9.9536556],[9.8633192,9.9544376],[9.8638771,9.9547757],[9.8650306,9.9547277],[9.8658427,9.954702],[9.8666239,9.9546907],[9.8675914,9.9548909],[9.8686407,9.9545855],[9.8695012,9.9539399],[9.8705151,9.9531262],[9.871486,9.952582],[9.8727391,9.9518169],[9.87287,9.9516573],[9.8735974,9.9505699],[9.8752089,9.9491634],[9.8765157,9.9481605],[9.8778246,9.9475688],[9.8785349,9.9476628],[9.8797579,9.9483603],[9.8809789,9.9492173],[9.8824165,9.9498091],[9.8841117,9.9499993],[9.8857639,9.949957],[9.8870729,9.9494075],[9.8881908,9.948318],[9.8894332,9.9478858],[9.8916433,9.9472095],[9.8929093,9.9463641],[9.8943921,9.9452534],[9.8976536,9.9432878],[9.899411,9.9425386],[9.9012135,9.9421159],[9.9025009,9.9420102],[9.9039171,9.9420102],[9.9050329,9.9423061],[9.9054621,9.9426231],[9.9063869,9.9427806],[9.9065779,9.9431092],[9.9071358,9.9433417],[9.9093674,9.943849],[9.9109552,9.9442717],[9.9117706,9.9442505],[9.9122449,9.9445982],[9.912586,9.9452228],[9.9134229,9.9453707],[9.9144958,9.9467022],[9.9155472,9.9472729],[9.9158905,9.9476744],[9.9170063,9.9483296],[9.9187251,9.9490789],[9.9203537,9.9499147],[9.9211906,9.9506122],[9.9229501,9.9510772],[9.9250529,9.9514999],[9.9264262,9.9521339],[9.9273489,9.9535288],[9.9282737,9.9548698],[9.9290655,9.9554098],[9.9303766,9.9569198],[9.9316619,9.9585588],[9.9327584,9.9599632],[9.9329923,9.9596155],[9.9331425,9.9575444],[9.9319409,9.9555789],[9.9296878,9.9533809],[9.9274798,9.9508331],[9.9249478,9.9475783],[9.9212764,9.946047],[9.9230145,9.9440814],[9.9254177,9.9455398],[9.9274347,9.9480971],[9.9280377,9.9499665],[9.9315975,9.9530638],[9.932885,9.9546067],[9.934239,9.9561801],[9.9357174,9.9592562],[9.9359534,9.960482],[9.9358195,9.9617153],[9.9358309,9.9620159],[9.9358007,9.9622278],[9.9356505,9.9626848],[9.9353333,9.9642323],[9.9358477,9.9660739],[9.9361702,9.9672122],[9.9371787,9.970657],[9.9377559,9.9721902],[9.9384661,9.9736156],[9.939024,9.9753063],[9.9395605,9.9764052],[9.9399467,9.977483],[9.9405239,9.9791008],[9.9413608,9.9799672],[9.9429272,9.9806857],[9.9440001,9.9815311],[9.9449249,9.982724],[9.9466179,9.9840459],[9.9470063,9.9853445],[9.947414,9.9866547],[9.9421783,9.9871619],[9.9411676,9.9857365],[9.9397321,9.9842456],[9.9383996,9.9814465],[9.9369212,9.9795963],[9.9360178,9.9789317],[9.9335523,9.9773774],[9.93293,9.9756656],[9.9323056,9.9737752],[9.932488,9.972243],[9.9327348,9.9714822],[9.9327026,9.9705206],[9.9330481,9.9683534],[9.9329193,9.9668635],[9.9325309,9.9659346],[9.9319087,9.9652372],[9.9317713,9.9647289],[9.9314929,9.9636178],[9.9313107,9.9632713],[9.9312034,9.9630969],[9.9310691,9.9629574],[9.9310504,9.962717],[9.9310237,9.9624735],[9.9309431,9.9622362],[9.930707,9.9615493],[9.9304839,9.9607452],[9.9302264,9.9603436],[9.929411,9.9590967],[9.9280999,9.9579882],[9.9268125,9.9572907],[9.9260185,9.9566567],[9.9241303,9.9552407],[9.9232076,9.9542262],[9.9220918,9.9529793],[9.9194975,9.9515094],[9.9175642,9.950739],[9.9162553,9.9501472],[9.9147747,9.9490271],[9.9125667,9.9477262],[9.9116226,9.9474937],[9.9096249,9.9464486],[9.908125,9.945655],[9.9068354,9.9453496],[9.9054857,9.9451477],[9.9051402,9.9451593],[9.904003,9.9445464],[9.9013658,9.9447884],[9.89866,9.9454552],[9.8964949,9.945824],[9.8938964,9.946977],[9.8912807,9.9485716],[9.890549,9.948541],[9.8900791,9.948635],[9.8894139,9.9489098],[9.8884461,9.9494709],[9.8878239,9.9500627],[9.8876522,9.9506122],[9.8863454,9.9513826],[9.8857017,9.9521857],[9.8853155,9.9528831],[9.8844765,9.9531695],[9.8831676,9.9527891],[9.8823093,9.9521339],[9.8811935,9.9505699],[9.8796721,9.9496495],[9.8779126,9.9490789],[9.8769899,9.9495438],[9.8761294,9.9505277],[9.8759814,9.9512769],[9.8757432,9.9524721],[9.8746296,9.9541512],[9.8743936,9.9545052],[9.8732219,9.9555102],[9.87128,9.9565299],[9.8693274,9.9568681],[9.8676322,9.9567624],[9.8664844,9.9568887],[9.8658983,9.9570855],[9.8654772,9.9570921],[9.8644994,9.9572485],[9.8629544,9.9572485],[9.8614524,9.9567624],[9.8604868,9.9575232],[9.8597358,9.9580939],[9.8593495,9.9588336],[9.8590062,9.9596789],[9.8590921,9.9605454],[9.8594139,9.9615097],[9.8595856,9.9624052],[9.8592423,9.9632506],[9.8585771,9.9637367],[9.8564957,9.9639058],[9.8552082,9.9637156],[9.8540924,9.9635676],[9.8518823,9.9632929],[9.8492859,9.9631238],[9.8479555,9.9632929],[9.8463677,9.9635254],[9.8452325,9.963873],[9.8437475,9.9648768],[9.8429321,9.9663296],[9.8420871,9.9673674],[9.84142,9.9679307],[9.8402784,9.9680197],[9.8389146,9.9681531],[9.8374765,9.9685089],[9.8359496,9.9689685],[9.8348525,9.969769],[9.834052,9.9709402],[9.833207,9.9719186],[9.8325695,9.9722892],[9.8319172,9.9723485],[9.8312353,9.9720076],[9.8306996,9.9717181],[9.8299252,9.9715154],[9.8290223,9.9712929],[9.8280902,9.9715449],[9.8272622,9.972734],[9.8268175,9.9734901],[9.8255722,9.9761289],[9.8251422,9.9766626],[9.8244751,9.9767664],[9.8234522,9.9766478],[9.822874,9.9768405],[9.8217474,9.9778189],[9.8204576,9.9794645],[9.8194791,9.9809173],[9.818812,9.9811842],[9.8182487,9.9810507],[9.8175519,9.9809025],[9.8166476,9.9810507],[9.8156247,9.9818068],[9.8149724,9.9828742],[9.8144535,9.9834079],[9.8137864,9.9836599],[9.8132823,9.9835117],[9.8127487,9.9831707],[9.8121853,9.9825481],[9.8116961,9.9818809],[9.8113699,9.9813769],[9.8114589,9.9796572],[9.8113699,9.9787974],[9.8108955,9.9780561],[9.809754,9.9771666],[9.8088497,9.9766626],[9.8078268,9.976796],[9.8071893,9.9772111],[9.8059995,9.9774677],[9.8050397,9.9775965],[9.8041799,9.9775669],[9.8032607,9.9780561],[9.801882,9.9783081],[9.800696,9.9786491],[9.7998955,9.9791087],[9.7993025,9.9796276],[9.7988429,9.9804874],[9.7988726,9.9809025],[9.7992728,9.9823998],[9.7995842,9.9834079],[9.7996693,9.9848421],[9.7994656,9.9852462],[9.7984426,9.9863432],[9.7974642,9.9874847],[9.7966637,9.9879591],[9.7954332,9.9884187],[9.7941731,9.9887597],[9.7933429,9.9886263],[9.7924237,9.9890265],[9.791638,9.9889228],[9.7906003,9.9886559],[9.7900666,9.9887449],[9.7894884,9.988478],[9.7884359,9.9880333],[9.7871757,9.9879147],[9.7861973,9.9874403],[9.7843294,9.9868769],[9.7833657,9.9861653],[9.7826245,9.9849497],[9.7819574,9.9838823],[9.7798819,9.9819847],[9.7789529,9.9810983],[9.7786295,9.980526],[9.7779576,9.980159],[9.7768877,9.9795121],[9.7757742,9.9789087],[9.774642,9.9784359],[9.7736591,9.9780689],[9.7716187,9.9777578],[9.7705674,9.9776458],[9.769852,9.9776458],[9.7689998,9.9778262],[9.7678428,9.9782368],[9.7675628,9.9785354],[9.7671896,9.9788464],[9.7666857,9.9789398],[9.7661507,9.9789398],[9.7656717,9.9787656],[9.7651243,9.9784359],[9.7647573,9.9780689],[9.7641539,9.9776147],[9.7636438,9.9768807],[9.763322,9.9755011],[9.7630404,9.9746116],[9.7622843,9.973811],[9.7610835,9.9731439],[9.7598382,9.9731587],[9.7585039,9.9727437],[9.7575551,9.9717356],[9.7571611,9.9708797],[9.7525049,9.9711211],[9.7522775,9.9715577],[9.7515363,9.9732477],[9.7509729,9.9759458],[9.7501427,9.9776062],[9.7487492,9.9787625],[9.7474742,9.9794741],[9.7454877,9.9795334],[9.7432047,9.978644],[9.7407734,9.977369],[9.739113,9.9760051],[9.7365662,9.9739781],[9.736172,9.9737298],[9.7357991,9.9736109],[9.7354236,9.9735317],[9.7349837,9.9734577],[9.7346324,9.973434],[9.7342649,9.9734472],[9.7340342,9.9734894],[9.7337928,9.9736083],[9.7335863,9.9737853],[9.7334576,9.9739808],[9.7332886,9.9742449],[9.7326197,9.9757383],[9.7320564,9.9778138],[9.7312262,9.9793555],[9.7297437,9.9806601],[9.7277868,9.9819054],[9.7253787,9.9818978],[9.7248182,9.9819268],[9.7242683,9.9819136],[9.7239143,9.9819163],[9.7237077,9.9819559],[9.7235817,9.9820193],[9.7234583,9.9820563],[9.7232035,9.9820827],[9.7222126,9.982024],[9.7190994,9.9819647],[9.7167274,9.982024],[9.7138593,9.9830996],[9.7134067,9.9832693],[9.7097598,9.9851076],[9.7085721,9.9858554],[9.7122494,9.9921315],[9.712214,9.9958102],[9.7071258,10.0018318],[9.7049866,10.0052023],[9.7022058,10.0084324],[9.7012788,10.0111709],[9.7002806,10.0150329],[9.7012788,10.0198077],[9.7021998,10.0276764],[9.6937876,10.0359241],[9.69021,10.0395163],[9.6876432,10.0420937],[9.6846081,10.0451413],[9.6790077,10.0508033],[9.6745357,10.0555734],[9.6702185,10.0601786],[9.6655348,10.0651746],[9.6610451,10.0699635],[9.6593489,10.0721315],[9.6584516,10.0732783],[9.6551153,10.0775425],[9.6537609,10.0792736],[9.6532071,10.0799812],[9.6516108,10.0820216],[9.6482992,10.0862541],[9.6465013,10.0879208],[9.6443699,10.0898967],[9.6414491,10.0926044],[9.6389079,10.0949601],[9.6331797,10.1002703],[9.632982,10.1045662],[9.6326989,10.1107213],[9.6322562,10.120343],[9.632225,10.1210203],[9.6326568,10.1215375],[9.6365372,10.1261865],[9.6231431,10.1375521],[9.6219146,10.1391395],[9.6171225,10.1625666],[9.6268457,10.1715108],[9.622002,10.1773723],[9.6533506,10.2042903],[9.6406388,10.2057038],[9.6307627,10.206802],[9.6294834,10.2103307],[9.6176226,10.2158173],[9.6089559,10.2317468],[9.6064883,10.2311834],[9.6057078,10.2330716],[9.6067131,10.2349707],[9.6097754,10.2364265],[9.6131773,10.2397453],[9.6177365,10.2405544],[9.6211637,10.2413339],[9.6239669,10.2414567],[9.6248449,10.2414263],[9.630287,10.2410512],[9.6313511,10.239213],[9.6329253,10.2391917],[9.6346722,10.239297],[9.63838,10.2399987],[9.6429078,10.2411214],[9.6462591,10.2421037],[9.64776,10.242262],[9.6499896,10.2430379],[9.6495819,10.2441837],[9.6478278,10.2494712],[9.6490878,10.2553632],[9.650086,10.2579826],[9.6510368,10.2593859],[9.6519582,10.2634647],[9.6527956,10.2686007],[9.6530109,10.2750787],[9.6534611,10.2770667],[9.6563925,10.281282],[9.6574066,10.2831472],[9.6598903,10.2910799],[9.6655352,10.2975109],[9.6729627,10.3049648],[9.6790533,10.3089109],[9.6886963,10.3195598],[9.6934856,10.325277],[9.6939609,10.3266216],[9.694674,10.3279661],[9.6952087,10.3306551],[9.6961595,10.3329349],[9.6956247,10.3349809],[9.6961595,10.3363254],[9.6941986,10.3382544],[9.6950305,10.3391897],[9.6947334,10.3405341],[9.6944957,10.3425801],[9.6951493,10.3437491],[9.694258,10.3444506],[9.693983,10.3455859],[9.6930088,10.3464284],[9.6921189,10.3471979],[9.6915247,10.3481332],[9.6908117,10.3492438],[9.6896233,10.3506467],[9.689445,10.3519911],[9.6900392,10.3531017],[9.6908711,10.3539785],[9.6912363,10.3562259],[9.691058,10.3591484],[9.6895131,10.359616],[9.6892754,10.3613111],[9.6874334,10.3620125],[9.6871363,10.3630647],[9.6864233,10.3647597],[9.6868986,10.3668055],[9.6845218,10.367916],[9.6813758,10.3695732],[9.6802436,10.3722997],[9.6816102,10.3739363],[9.6810697,10.3793642],[9.6799465,10.379898],[9.6792929,10.38434],[9.6793523,10.3873207],[9.6785204,10.389191],[9.6798276,10.3905937],[9.6794711,10.3917042],[9.6781639,10.3919379],[9.6777479,10.3926393],[9.679174,10.3947433],[9.6808972,10.3986591],[9.6822044,10.3988344],[9.6847595,10.3990682],[9.6860684,10.4009073],[9.6876711,10.4031592],[9.6888001,10.4060814],[9.691058,10.407484],[9.6911769,10.4108736],[9.6922035,10.4121906],[9.6920682,10.415023],[9.6915928,10.4172437],[9.6901667,10.4177697],[9.691058,10.4191722],[9.6929594,10.4227371],[9.6945044,10.4287563],[9.6942073,10.4327301],[9.6923124,10.4345873],[9.6894537,10.4358857],[9.6871363,10.436996],[9.6864827,10.4388075],[9.6860667,10.4412034],[9.6853537,10.4433655],[9.6837494,10.4448264],[9.6834929,10.4470105],[9.6773736,10.4503193],[9.6744858,10.4509504],[9.6725951,10.4507668],[9.6693163,10.451897],[9.6666424,10.4532994],[9.6641111,10.453615],[9.6616194,10.4542926],[9.6595476,10.4549823],[9.6564816,10.4555783],[9.6545036,10.4570675],[9.6520251,10.4579273],[9.6492086,10.4592947],[9.6470694,10.4610126],[9.6457841,10.4629259],[9.641686,10.4625552],[9.6408778,10.4640803],[9.6403669,10.4650444],[9.64095,10.4695639],[9.6416266,10.4739633],[9.6411987,10.4776093],[9.6421495,10.480928],[9.6437657,10.4852751],[9.6427199,10.488734],[9.6406283,10.4923798],[9.6372057,10.4974278],[9.6361824,10.498065],[9.6329275,10.500092],[9.632262,10.5026159],[9.6314539,10.5079909],[9.6309231,10.5118702],[9.6297941,10.5144992],[9.6279521,10.5168361],[9.6260955,10.5191943],[9.6257889,10.5242019],[9.6260506,10.5286955],[9.6280864,10.5320575],[9.6287245,10.53518],[9.6278926,10.536991],[9.6259318,10.5385098],[9.6238521,10.5429495],[9.6237927,10.5473892],[9.6265854,10.5493753],[9.6269419,10.5515367],[9.6255753,10.5518288],[9.6226043,10.5530555],[9.6226043,10.5554505],[9.621297,10.5577286],[9.617613,10.5619928],[9.6157696,10.5651597],[9.6204879,10.5677097],[9.6273252,10.5714135],[9.6354265,10.5758019],[9.6371035,10.5866015],[9.6456849,10.5971437],[9.647751,10.5996875],[9.6498473,10.6012086],[9.6612413,10.6115281],[9.6739948,10.6008629],[9.6845473,10.600179],[9.7049834,10.6077494],[9.7147849,10.6078142],[9.7167572,10.6071666],[9.7224867,10.6079971],[9.730494,10.6005445],[9.7298694,10.5966208],[9.7333688,10.5866692],[9.7339957,10.586538],[9.7347675,10.5859634],[9.7403328,10.577295],[9.7486729,10.5762203],[9.7513657,10.574158],[9.7530274,10.5702974],[9.7561256,10.5696311],[9.7618187,10.5681457],[9.7646801,10.5654486],[9.7664044,10.5607484],[9.7663454,10.5600102],[9.7697784,10.5565229],[9.7711022,10.5536641],[9.7720847,10.5530925],[9.7789212,10.5466343],[9.7865333,10.5543752],[9.7910657,10.5521292],[9.8045799,10.5454322],[9.8017697,10.539777],[9.7981615,10.5337127],[9.7967728,10.5238434],[9.798043,10.5207988],[9.8009486,10.5163226],[9.8061441,10.4979873],[9.8123135,10.4902885],[9.8169815,10.4868434],[9.8111142,10.4631073],[9.8149294,10.4585993],[9.8187908,10.4551915],[9.8396244,10.4500968],[9.8434058,10.4521774],[9.848281,10.452193],[9.8540361,10.4394708],[9.8553592,10.4336862],[9.8543764,10.4352129],[9.8536903,10.4366724],[9.8533392,10.4347107],[9.8538179,10.4322468],[9.8552062,10.4307873],[9.8556317,10.4302237],[9.8556154,10.4297192],[9.8558271,10.429503],[9.8558638,10.4289345],[9.8562424,10.42845],[9.8559941,10.4279818],[9.8565479,10.4269914],[9.8569572,10.426699],[9.8572568,10.4253892],[9.8567581,10.4248896],[9.8563795,10.4245492],[9.8558014,10.4245332],[9.8553495,10.424277],[9.855378,10.4239687],[9.8550157,10.4237204],[9.8545475,10.4239046],[9.8541567,10.4237084],[9.8542177,10.4234722],[9.8539816,10.4233401],[9.8536356,10.4235282],[9.8534402,10.423256],[9.8532977,10.4227835],[9.8526618,10.4228033],[9.8522832,10.4228416],[9.8513428,10.42223],[9.8506059,10.4223659],[9.849915,10.4221904],[9.8502316,10.421743],[9.8506289,10.4212844],[9.851124,10.4210862],[9.8513889,10.4207918],[9.8507556,10.420486],[9.851055,10.42005],[9.8508419,10.4198914],[9.8502029,10.4199311],[9.8495292,10.4198461],[9.8493796,10.4203161],[9.8488326,10.4203104],[9.8481935,10.4198518],[9.8478769,10.4207408],[9.8479863,10.421358],[9.8475257,10.4217827],[9.8473069,10.4208371],[9.8465009,10.4210013],[9.8462936,10.4213467],[9.8453379,10.4212051],[9.8452515,10.4207861],[9.8451018,10.4207578],[9.8448427,10.4210522],[9.8442958,10.4206955],[9.8437143,10.4210862],[9.8433861,10.4212731],[9.8437604,10.4206842],[9.8434092,10.420486],[9.8435243,10.4201123],[9.8439907,10.4199141],[9.8443131,10.4194951],[9.8443994,10.4191893],[9.8441,10.4188948],[9.8435761,10.4188835],[9.8428968,10.4192063],[9.8425743,10.4187646],[9.8418892,10.4190251],[9.8416532,10.4188382],[9.8416301,10.4182663],[9.840968,10.4185381],[9.8407608,10.418742],[9.8395344,10.4188552],[9.8386363,10.4188439],[9.8380318,10.4186967],[9.8377266,10.4180115],[9.8375654,10.4173094],[9.8377209,10.416862],[9.8378815,10.4173468],[9.8383139,10.4175415],[9.8385499,10.4179039],[9.8394538,10.4174962],[9.8401505,10.4174453],[9.8410026,10.4170036],[9.8414277,10.4167],[9.8416637,10.4172323],[9.8418422,10.4170624],[9.8418768,10.4165811],[9.8420437,10.4165868],[9.8421589,10.4167963],[9.8425331,10.4170794],[9.8427289,10.4168019],[9.842631,10.4165075],[9.8429879,10.4164848],[9.8431204,10.4170454],[9.8433679,10.4166774],[9.8435464,10.4170624],[9.8441452,10.4173002],[9.8445827,10.4170624],[9.8448591,10.4172776],[9.8451297,10.4171077],[9.8454291,10.4165528],[9.8452103,10.4160375],[9.8449512,10.4156185],[9.8449742,10.4151655],[9.8446403,10.4150296],[9.8443294,10.4146389],[9.8445433,10.4140766],[9.8459166,10.4137389],[9.8478819,10.4144313],[9.8489988,10.4146748],[9.8494997,10.414437],[9.8487858,10.4136556],[9.8503691,10.4136612],[9.8508066,10.413967],[9.8515671,10.4134984],[9.8520996,10.4134192],[9.8521946,10.4131927],[9.8519499,10.412884],[9.8522061,10.4127028],[9.8526581,10.412431],[9.8527732,10.4121932],[9.8525919,10.4121111],[9.8525257,10.4118138],[9.8523501,10.4116779],[9.8525199,10.4115307],[9.852269,10.4112886],[9.8527416,10.4110947],[9.8527905,10.4110041],[9.8521716,10.4107662],[9.8522983,10.4105681],[9.852304,10.410401],[9.8520449,10.4102085],[9.8520564,10.4100867],[9.8523299,10.4100867],[9.8522695,10.4098404],[9.8519643,10.4098404],[9.8519298,10.40973],[9.8522263,10.4096309],[9.8518549,10.40926],[9.8514745,10.4087234],[9.8523499,10.4093736],[9.8527298,10.4097473],[9.8530015,10.4104529],[9.85406,10.4109014],[9.8543362,10.411465],[9.8539234,10.4087962],[9.853789,10.4088227],[9.8537564,10.4087566],[9.8537482,10.4086205],[9.8534185,10.4083782],[9.8525371,10.408148],[9.8520201,10.4083822],[9.8519671,10.4083021],[9.8519203,10.4080078],[9.8518755,10.4077956],[9.8516089,10.4076034],[9.8512608,10.4071469],[9.8511265,10.4071069],[9.851041,10.4069808],[9.8510695,10.4068106],[9.8512079,10.4065103],[9.8513606,10.4063802],[9.8514908,10.4064702],[9.8515702,10.4066284],[9.8517921,10.4066985],[9.8518572,10.4067866],[9.8521951,10.4066524],[9.8522664,10.4063942],[9.8521381,10.4063161],[9.8519285,10.4063782],[9.8518857,10.40625],[9.8521198,10.4060879],[9.8519366,10.4059858],[9.851843,10.4058616],[9.8516313,10.4059017],[9.8514745,10.4057855],[9.85156,10.4057475],[9.851727,10.4057615],[9.8518857,10.4056434],[9.8519631,10.4055093],[9.8521157,10.4054732],[9.8521544,10.405279],[9.852305,10.4051229],[9.8524903,10.405241],[9.8526287,10.4051709],[9.8527407,10.4050368],[9.8528607,10.4050608],[9.8530236,10.4049847],[9.853219,10.4050688],[9.8531681,10.405299],[9.8533147,10.4053491],[9.8534063,10.4058176],[9.8534625,10.4058158],[9.8532292,10.4043073],[9.8531714,10.4043607],[9.8524609,10.4041189],[9.8527517,10.4038329],[9.8524699,10.4034909],[9.852308,10.4029188],[9.8519363,10.4025709],[9.8517834,10.4021699],[9.8519153,10.4018515],[9.8514417,10.4017129],[9.8508121,10.4016834],[9.8503564,10.4016274],[9.8507881,10.4014799],[9.8513967,10.4013974],[9.8517624,10.4013885],[9.8521162,10.401592],[9.8524459,10.4017365],[9.8528097,10.4015947],[9.8526979,10.4008716],[9.85244,10.4007074],[9.8520083,10.4008814],[9.8520502,10.4005423],[9.8519633,10.4004273],[9.8522301,10.4001766],[9.8521192,10.4000823],[9.8518764,10.4003211],[9.8518254,10.400271],[9.8518913,10.3998523],[9.8518344,10.3995722],[9.8511778,10.3990385],[9.850896,10.398894],[9.8506742,10.3994867],[9.8504703,10.3996341],[9.8503564,10.3996606],[9.8501766,10.3995987],[9.8500986,10.39941],[9.8501316,10.399121],[9.8501646,10.3986375],[9.8502635,10.3983927],[9.8503085,10.3980772],[9.8500926,10.397803],[9.8497874,10.3976772],[9.8496475,10.3974645],[9.8493465,10.397281],[9.8489903,10.3971684],[9.8485791,10.3968015],[9.8481975,10.3963386],[9.8476506,10.3960384],[9.8471037,10.3956631],[9.8467136,10.3952961],[9.8462515,10.3949208],[9.8457216,10.3947957],[9.8453697,10.3945163],[9.8450771,10.3939408],[9.8449754,10.3932861],[9.8447465,10.3930609],[9.8443861,10.3929525],[9.8441826,10.3927857],[9.8441656,10.392498],[9.8442631,10.3921602],[9.8443625,10.3921692],[9.8444666,10.3921852],[9.8443946,10.3924146],[9.8443861,10.3927023],[9.8445981,10.3928608],[9.8449627,10.3930192],[9.8452086,10.3932236],[9.8451535,10.3936281],[9.8453485,10.3938574],[9.8455562,10.3943078],[9.8460395,10.3945622],[9.8465737,10.394779],[9.8469723,10.3951793],[9.8475785,10.3956422],[9.848223,10.3958799],[9.8485197,10.3962385],[9.8490115,10.3968182],[9.8495542,10.3971017],[9.8499018,10.3973436],[9.8502665,10.3976647],[9.8507074,10.3977648],[9.8508134,10.3980942],[9.8511885,10.3983834],[9.8515003,10.3983392],[9.851935,10.3985072],[9.8522108,10.3987166],[9.8523789,10.3988089],[9.8507756,10.3884415],[9.8624138,10.3832695],[9.8697041,10.3814229],[9.8830879,10.3853455],[9.8922148,10.3868184],[9.9003435,10.3891328],[9.9135347,10.3864677],[9.9156025,10.3767888],[9.9166989,10.3687006],[9.9282964,10.3698186],[9.9419154,10.3708006],[9.9512562,10.3724839],[9.9571745,10.3740269],[9.9687257,10.3773234],[9.9789222,10.3788665],[9.9871099,10.3790782],[10.0028803,10.3772533],[10.0108358,10.3769047],[10.0171411,10.3801991],[10.0095115,10.3970315],[10.006802,10.4032031],[10.0033081,10.4104968],[10.0055185,10.4109877],[10.0080142,10.4121799],[10.010795,10.4151253],[10.0136627,10.4251473],[10.0151016,10.4275149],[10.0255292,10.4302967],[10.0411301,10.4299986],[10.0580193,10.4265548],[10.0647983,10.4286564],[10.068376,10.4281001],[10.083156,10.4420798],[10.0849901,10.4629296],[10.0851363,10.4645918],[10.0894025,10.4711977],[10.104983,10.4756595],[10.1077062,10.4723075],[10.1123723,10.4665642],[10.1148154,10.4668035],[10.1171684,10.4658919],[10.1184519,10.4642792],[10.1200919,10.4621055],[10.1228015,10.4599319],[10.1275788,10.4541821],[10.1334257,10.4503254],[10.1376327,10.4468193],[10.1416257,10.448923],[10.1518935,10.4503254],[10.1573126,10.4553741],[10.1687791,10.4558333],[10.1729994,10.4553741],[10.1823402,10.458249],[10.1863356,10.4593892],[10.1875209,10.4595679],[10.1877064,10.4591745],[10.1880629,10.4586696],[10.1883767,10.4583471],[10.1890042,10.4581087],[10.1896102,10.4579825],[10.1903233,10.4577441],[10.19058,10.4578633],[10.191728,10.4581367],[10.1943353,10.4586054],[10.1974679,10.459587],[10.1986801,10.4600078],[10.2007405,10.4611308],[10.2055096,10.4578821],[10.2155894,10.4609195],[10.2403994,10.4447654],[10.2421032,10.4418531],[10.2419552,10.4417333],[10.2378147,10.4323739],[10.2271586,10.4286542],[10.2260063,10.4216401],[10.22826,10.418629],[10.226192,10.4111383],[10.2266913,10.39766],[10.2286878,10.3828615],[10.2331086,10.3798457],[10.2367451,10.3765492],[10.2303461,10.3699125],[10.2202274,10.3647556],[10.2134718,10.3585793],[10.2146737,10.3522403],[10.214418,10.3456146],[10.2155679,10.3349548],[10.2107955,10.3253903],[10.2113609,10.3235206],[10.2114322,10.3205743],[10.2109331,10.319031],[10.2110044,10.3166458],[10.2122166,10.3148921],[10.2131619,10.3135578],[10.2146409,10.3146114],[10.2154965,10.3150324],[10.2172791,10.3140502],[10.217707,10.3123666],[10.2180081,10.3121035],[10.2153523,10.3087546],[10.2125199,10.3087968],[10.2110178,10.3083324],[10.2102883,10.3094301],[10.2081854,10.3105279],[10.2061276,10.3102324],[10.2036814,10.3085857],[10.2026944,10.3068123],[10.2022223,10.3049968],[10.2004306,10.3022734],[10.1989715,10.2999933],[10.1976304,10.2992987],[10.1970787,10.2983759],[10.1952368,10.2975175],[10.1924372,10.2962356],[10.191825,10.2939707],[10.190602,10.2905927],[10.1868254,10.2890726],[10.184648,10.2893108],[10.1827383,10.288614],[10.1810861,10.2875478],[10.1803666,10.2856629],[10.1792622,10.2830719],[10.1788646,10.2808174],[10.1767725,10.2764365],[10.1753998,10.273212],[10.1736075,10.270324],[10.172809,10.2675354],[10.1715832,10.2666464],[10.1692422,10.2655047],[10.1669193,10.2639544],[10.1643849,10.2627935],[10.1619563,10.2626438],[10.1579916,10.2622584],[10.1565884,10.2628891],[10.1549965,10.2628128],[10.1535982,10.2621212],[10.1517956,10.260443],[10.1512629,10.260366],[10.1505888,10.2606062],[10.1493679,10.2580167],[10.148549,10.2550276],[10.1482016,10.2542032],[10.1467597,10.2523171],[10.1461443,10.2507753],[10.1454244,10.2481004],[10.1450086,10.2464523],[10.1451416,10.2449052],[10.1446298,10.2399597],[10.1442173,10.2380589],[10.1439682,10.2374159],[10.1439519,10.2366564],[10.1442566,10.2350899],[10.1432788,10.2329463],[10.1430991,10.231604],[10.1423896,10.2307561],[10.1420492,10.2302481],[10.1419148,10.2300769],[10.1416871,10.2299049],[10.1414377,10.2298086],[10.1406786,10.2295195],[10.1399142,10.2291447],[10.1390554,10.2286243],[10.1357508,10.2259375],[10.1290023,10.2266047],[10.123654,10.226911],[10.1220238,10.2275715],[10.1193625,10.2277556],[10.1152426,10.2277556],[10.1104254,10.2278612],[10.1073677,10.228273],[10.1004368,10.2244825],[10.0973689,10.2212364],[10.0948906,10.2199483],[10.0940049,10.218348],[10.0925732,10.2153763],[10.09121,10.2120444],[10.0896651,10.210355],[10.0882918,10.210355],[10.0867581,10.2093789],[10.0863284,10.207578],[10.0846011,10.2033016],[10.0842047,10.2004142],[10.083614,10.1977474],[10.0801808,10.1937771],[10.0794298,10.1877792],[10.0790092,10.183482],[10.0789046,10.1825263],[10.0780243,10.1789195],[10.0757605,10.1686234],[10.0733358,10.1644626],[10.0728106,10.1601387],[10.0733572,10.1559507],[10.071072,10.1512724],[10.0678265,10.1484473],[10.0650799,10.1469107],[10.06495,10.146913],[10.0648089,10.1469179],[10.0645266,10.1469284],[10.0639594,10.1469528],[10.0628328,10.147001],[10.0616628,10.1463403],[10.0591201,10.1444921],[10.0579941,10.1411079],[10.0573927,10.1377013],[10.0544745,10.1317869],[10.050183,10.1231686],[10.0474364,10.1177609],[10.0440031,10.113705],[10.0424022,10.1131376],[10.0397116,10.1121841],[10.0371367,10.1103251],[10.0333601,10.1067762],[10.0309569,10.1033962],[10.0300986,10.0995091],[10.0288969,10.0947771],[10.0313002,10.0944391],[10.0326735,10.0979881],[10.0326735,10.1005231],[10.0352484,10.1042412],[10.037995,10.1072832],[10.0409132,10.1099872],[10.0429276,10.111344],[10.0441748,10.1121841],[10.0477797,10.114043],[10.0493246,10.1164089],[10.0506979,10.1201267],[10.0532729,10.1224926],[10.0549895,10.1248584],[10.0555045,10.129928],[10.0584227,10.1343216],[10.0619203,10.1415879],[10.0652892,10.1441225],[10.0690657,10.1454743],[10.0723273,10.1464882],[10.0745589,10.1485159],[10.0765545,10.1515152],[10.076871,10.1550795],[10.0762755,10.1579784],[10.0761038,10.1615268],[10.0761038,10.165413],[10.0791937,10.1714958],[10.0809103,10.1775784],[10.0823694,10.1800705],[10.0827986,10.1834919],[10.082112,10.1885606],[10.0848586,10.194305],[10.0864035,10.1983598],[10.0879485,10.2020767],[10.0886351,10.2059624],[10.0900084,10.2078208],[10.0925833,10.2111997],[10.0960165,10.2157611],[10.1021963,10.2204914],[10.1090628,10.2255595],[10.1142126,10.2247148],[10.1179039,10.2257132],[10.1215941,10.2245459],[10.1252082,10.2241453],[10.1276994,10.2237071],[10.130091,10.2236041],[10.1340252,10.2244265],[10.1356587,10.2242979],[10.1371288,10.2246998],[10.1383418,10.2256387],[10.1395643,10.2264871],[10.1412264,10.2272987],[10.1419002,10.227491],[10.143973,10.2282845],[10.1452634,10.2292089],[10.1460148,10.2302296],[10.1459909,10.2315094],[10.1460147,10.2322098],[10.1460551,10.2334014],[10.1463133,10.2375536],[10.145843,10.2384927],[10.1456312,10.2397527],[10.1457274,10.2404633],[10.146768,10.2435131],[10.1470325,10.2466033],[10.1473046,10.2498822],[10.1477939,10.2511362],[10.1485407,10.2521794],[10.1504332,10.2551217],[10.1518709,10.2577663],[10.1524562,10.2587327],[10.1542234,10.2595085],[10.1570636,10.2597194],[10.1592402,10.2598807],[10.1600911,10.2597908],[10.1619077,10.2600784],[10.1638651,10.2598691],[10.1658234,10.2599748],[10.1672921,10.2603391],[10.1681732,10.2611386],[10.1696256,10.2619603],[10.1711605,10.2630286],[10.172923,10.2641683],[10.1738124,10.2645871],[10.1750394,10.2663642],[10.1757706,10.2674512],[10.176052,10.2681094],[10.1772124,10.2709997],[10.1797873,10.2772493],[10.1833922,10.2821476],[10.1851088,10.2865391],[10.1883704,10.2873836],[10.1907736,10.2873836],[10.1938635,10.2892415],[10.1955801,10.293464],[10.1981883,10.2974599],[10.2001195,10.2986231],[10.2012782,10.2990454],[10.2030377,10.2989609],[10.2041535,10.3004387],[10.2048938,10.3016822],[10.2067692,10.3025077],[10.2098162,10.3037322],[10.2122624,10.3048279],[10.2141506,10.3062634],[10.2169831,10.306559],[10.2182834,10.3077624],[10.2205579,10.3115624],[10.2242357,10.3123013],[10.2280552,10.3125546],[10.2319176,10.3120479],[10.2381832,10.3117946],[10.2440197,10.3107813],[10.2472384,10.3101479],[10.249942,10.308079],[10.2522166,10.3063479],[10.2548902,10.3054823],[10.2583534,10.3052923],[10.2598555,10.3056723],[10.2617867,10.3063901],[10.2624131,10.3078765],[10.2653232,10.3082669],[10.2703459,10.3037565],[10.2705951,10.2930523],[10.277318,10.2828104],[10.2786887,10.2814637],[10.2799516,10.2801081],[10.2789249,10.2797713],[10.2771565,10.2798274],[10.2755593,10.2799397],[10.2750528,10.2797528],[10.2741903,10.2794345]],[[9.7350444,10.1482045],[9.7343051,10.1486472],[9.7338881,10.1488703],[9.7336802,10.1489759],[9.7335072,10.1490591],[9.7331008,10.1492307],[9.7327682,10.1493363],[9.732586,10.1493918],[9.732458,10.149306],[9.7318992,10.1495145],[9.7298066,10.1501785],[9.7283181,10.1505978],[9.7268715,10.1501575],[9.7260538,10.1494447],[9.7250474,10.14804],[9.7239363,10.1469288],[9.7226574,10.146216],[9.7206028,10.1453145],[9.719261,10.1452516],[9.7185901,10.1459225],[9.7171015,10.1470966],[9.7157807,10.1477046],[9.7141663,10.148061],[9.7128874,10.1479981],[9.7119859,10.1476836],[9.7110425,10.1476626],[9.7103925,10.1483964],[9.7095539,10.1507655],[9.7091346,10.1519815],[9.7085685,10.1531137],[9.7062414,10.155357],[9.7047528,10.1574116],[9.7035787,10.1589211],[9.703432,10.1598856],[9.7035787,10.161416],[9.7042916,10.1635336],[9.7045641,10.1646447],[9.7044174,10.1655043],[9.7045851,10.1665945],[9.705214,10.1671816],[9.7068152,10.167436],[9.7072148,10.1674967],[9.7076212,10.1675785],[9.7079323,10.1677712],[9.7081362,10.1679521],[9.708296,10.168104],[9.708623,10.1685025],[9.708792,10.1688009],[9.7090927,10.1692991],[9.7089099,10.1693334],[9.7084218,10.1694249],[9.7081161,10.1690992],[9.7076386,10.1687692],[9.7073919,10.1686676],[9.7072041,10.1686049],[9.7070794,10.1684761],[9.7068407,10.1683402],[9.7065738,10.1682544],[9.7055076,10.1679154],[9.7044593,10.1671396],[9.70404,10.1660914],[9.7037674,10.1640787],[9.7035578,10.1625901],[9.7029917,10.1602839],[9.7030546,10.1590679],[9.7035413,10.1580656],[9.7042496,10.1574745],[9.7051302,10.1558811],[9.7055285,10.1551473],[9.7073106,10.1533862],[9.7084637,10.1519815],[9.7091136,10.1505349],[9.7096168,10.1487109],[9.7104554,10.1469917],[9.7116924,10.1466563],[9.711965,10.1471595],[9.7130552,10.1474111],[9.7157381,10.1472762],[9.7166403,10.146845],[9.7178143,10.1459015],[9.7190094,10.1447904],[9.7202044,10.1447065],[9.7218188,10.1453774],[9.7237266,10.1462579],[9.7251732,10.1472853],[9.7261167,10.1481658],[9.7269553,10.149277],[9.7275633,10.1497802],[9.7285487,10.1500108],[9.7301421,10.1496544],[9.7322614,10.1488574],[9.7325858,10.1487607],[9.7328594,10.1486644],[9.7332168,10.1485456],[9.7336695,10.1483766],[9.7341147,10.1481839],[9.7350295,10.1476856],[9.7355632,10.1468406],[9.7360525,10.1453877],[9.7361266,10.1446613],[9.7361711,10.1432826],[9.7363193,10.1425858],[9.7367048,10.1423338],[9.737357,10.1422152],[9.73795,10.1423486],[9.7390619,10.1428082],[9.7397353,10.1431951],[9.7400552,10.1433271],[9.7408557,10.1436532],[9.7419824,10.1438311],[9.7427681,10.1438459],[9.7434204,10.1435198],[9.7443247,10.1427044],[9.745066,10.141637],[9.7460741,10.1403621],[9.7475714,10.1386128],[9.7485498,10.137827],[9.7493652,10.1372785],[9.7503702,10.1363144],[9.7506994,10.1360481],[9.7508799,10.1359355],[9.7510877,10.1358484],[9.7513466,10.1357546],[9.7515665,10.1356675],[9.7519085,10.1355078],[9.7522397,10.1353546],[9.7526903,10.1352279],[9.7544205,10.1349362],[9.7561846,10.1345211],[9.7572372,10.1340022],[9.7582156,10.1329348],[9.7592682,10.1313337],[9.7600836,10.1305629],[9.7614475,10.1300143],[9.7636267,10.1291693],[9.7643087,10.129199],[9.7646793,10.1294213],[9.7653612,10.1297623],[9.766399,10.1297771],[9.7671847,10.1296141],[9.7683707,10.1291248],[9.7690675,10.1286801],[9.7695122,10.127761],[9.7703127,10.1260264],[9.7711578,10.1243216],[9.7719138,10.1238027],[9.7729071,10.1230615],[9.7738114,10.1223647],[9.7747454,10.1216531],[9.7761686,10.120897],[9.7782292,10.1198889],[9.7797414,10.118703],[9.7813721,10.1176356],[9.7825433,10.1169981],[9.7838923,10.1166868],[9.7852414,10.116494],[9.787895,10.1162568],[9.7901188,10.1159307],[9.791201,10.115738],[9.7919867,10.1152339],[9.7924018,10.1147002],[9.7923425,10.1137218],[9.7919719,10.1126692],[9.7919274,10.1120762],[9.7923425,10.1108458],[9.7929948,10.1100749],[9.7944625,10.1090668],[9.7964194,10.1080439],[9.7980797,10.1074953],[9.8004072,10.1066503],[9.8024531,10.1059239],[9.8036687,10.1057905],[9.804914,10.1056571],[9.8062779,10.1057905],[9.807627,10.1057312],[9.8086351,10.1054495],[9.8094652,10.1044266],[9.8103844,10.103122],[9.8109181,10.1020694],[9.8114963,10.1006907],[9.8120521,10.100007],[9.8124942,10.0997333],[9.81313,10.099607],[9.8136395,10.0995312],[9.8142163,10.0993333],[9.8144647,10.099287],[9.814959,10.0990693],[9.8151871,10.0989734],[9.8159855,10.0988168],[9.8168605,10.0985291],[9.8179809,10.0983044],[9.8186779,10.0978016],[9.8185211,10.0973234],[9.8177733,10.0970591],[9.8172396,10.0958731],[9.8171803,10.0940051],[9.8172645,10.0926051],[9.8173582,10.0912625],[9.817803,10.0902989],[9.8189445,10.089276],[9.8199526,10.0883717],[9.8207976,10.0875415],[9.8218205,10.0875415],[9.8224135,10.0878528],[9.822621,10.0885496],[9.8226062,10.0896615],[9.8227693,10.0904324],[9.8235254,10.0907288],[9.8247855,10.0908326],[9.8263569,10.0907881],[9.8271575,10.0899135],[9.8280914,10.0882976],[9.8290402,10.0874822],[9.8293653,10.0867315],[9.8295772,10.0861505],[9.8296911,10.0857599],[9.8298669,10.0852316],[9.830009,10.0847958],[9.8303003,10.0843097],[9.831175,10.0836277],[9.8322276,10.0830051],[9.8342289,10.0822638],[9.836082,10.0813447],[9.8369419,10.0807814],[9.8381723,10.0801587],[9.8394176,10.0790617],[9.8409594,10.078276],[9.8424419,10.0777719],[9.8431331,10.0774676],[9.843468,10.0773457],[9.8437124,10.0772299],[9.8439848,10.0770689],[9.8444393,10.0768893],[9.8448738,10.0767467],[9.8453003,10.0765354],[9.8455735,10.0762233],[9.8467859,10.0754417],[9.8482772,10.0747234],[9.8495003,10.0747339],[9.8503264,10.0749557],[9.8517319,10.0752093],[9.8527833,10.0757374],[9.8543819,10.0759593],[9.8555513,10.0756001],[9.8562916,10.0754945],[9.8566457,10.0753466],[9.8568924,10.0746705],[9.857858,10.0734029],[9.8586412,10.0724733],[9.860436,10.0707862],[9.861246,10.0701445],[9.8613963,10.0700151],[9.8622569,10.0692726],[9.8631366,10.0681845],[9.8646601,10.0660929],[9.8655613,10.0643182],[9.8666664,10.0625013],[9.8674925,10.0615822],[9.8686405,10.060135],[9.8697885,10.0588356],[9.8718592,10.057832],[9.8728462,10.0578743],[9.8736584,10.0584495],[9.873962,10.0595223],[9.8743607,10.0608366],[9.8745216,10.0611522],[9.8746625,10.061407],[9.8747778,10.0615496],[9.8749267,10.0617015],[9.8751453,10.0618296],[9.8753782,10.0618991],[9.8763545,10.0619203],[9.8769768,10.0616984],[9.8778137,10.0612547],[9.8786183,10.0605364],[9.879541,10.0592582],[9.8800742,10.0584389],[9.8808714,10.0577686],[9.8818692,10.0574095],[9.8841619,10.0574354],[9.8882174,10.0573825],[9.8902377,10.0573461],[9.8911357,10.0570128],[9.8919006,10.0561524],[9.8921045,10.0551276],[9.8920154,10.0543612],[9.8919972,10.0539867],[9.8926592,10.0532942],[9.8936784,10.0529034],[9.8954948,10.0526134],[9.8964389,10.0526451],[9.896999,10.0529889],[9.8971572,10.0533444],[9.8974075,10.0537494],[9.8976695,10.0538198],[9.8980592,10.0536596],[9.8985984,10.0530733],[9.8988278,10.0526983],[9.8988886,10.0526786],[9.8989471,10.0524976],[9.8990679,10.052252],[9.8992788,10.0517519],[9.8997509,10.050294],[9.9000977,10.0488845],[9.9005878,10.0473889],[9.9008166,10.0465551],[9.9011009,10.0456888],[9.9014442,10.0449599],[9.9016026,10.0432433],[9.9017581,10.0427283],[9.9019217,10.0424193],[9.9020666,10.042142],[9.9022047,10.0419518],[9.9025132,10.0418356],[9.9028914,10.0416573],[9.9033612,10.0414992],[9.9044751,10.0414577],[9.9054085,10.0420124],[9.9056338,10.0424402],[9.9059825,10.0424297],[9.9063331,10.0421384],[9.9070446,10.0414313],[9.9075596,10.040882],[9.907683,10.040655],[9.9085949,10.0392393],[9.9092837,10.0382035],[9.9102064,10.0371153],[9.9106012,10.0367249],[9.9108286,10.0363018],[9.9113308,10.0357741],[9.9118586,10.0350869],[9.9126633,10.0340832],[9.9143048,10.0327098],[9.9163647,10.0322133],[9.9187337,10.0316433],[9.9202679,10.0314214],[9.9215897,10.0317062],[9.92339,10.0321082],[9.9247311,10.0322349],[9.9262546,10.0322032],[9.9264584,10.0322455],[9.9279626,10.0317801],[9.929559,10.0312418],[9.9312134,10.0303539],[9.9323164,10.0301854],[9.9332519,10.0301426],[9.9348076,10.0301954],[9.9361358,10.0303016],[9.9367066,10.0305546],[9.9378524,10.0303333],[9.9388395,10.030122],[9.9399145,10.0298256],[9.9410174,10.0294669],[9.9413071,10.0295092],[9.9415753,10.0292662],[9.9425645,10.0283571],[9.9430688,10.0280824],[9.9444721,10.0275547],[9.9452682,10.0275542],[9.9463411,10.0272267],[9.9466501,10.0272483],[9.9472938,10.0270159],[9.9477358,10.0265399],[9.9490319,10.0258643],[9.9501498,10.0253567],[9.9507485,10.0252515],[9.9524437,10.0244486],[9.9529071,10.0247439],[9.956909,10.026709],[9.9570484,10.0268357],[9.9573575,10.0270581],[9.9576471,10.0273328],[9.9580141,10.0273746],[9.9586771,10.027597],[9.9590848,10.0281041],[9.9595569,10.0284527],[9.960104,10.0285267],[9.9605246,10.0284522],[9.9606259,10.0283907],[9.9607939,10.0282844],[9.96126,10.0280328],[9.9614722,10.0278823],[9.9617262,10.0275436],[9.9617134,10.0271004],[9.9615524,10.025896],[9.9615224,10.0251876],[9.9617348,10.0245331],[9.9621533,10.0240788],[9.9629257,10.0237196],[9.9638913,10.0236139],[9.9647818,10.0235611],[9.9655243,10.0237719],[9.9659083,10.0240788],[9.9660478,10.0249134],[9.9662216,10.0258215],[9.9664662,10.0261284],[9.9671958,10.026625],[9.9676142,10.0270476],[9.9682708,10.0272161],[9.969097,10.0270999],[9.969687,10.0267512],[9.9701462,10.0264137],[9.9705968,10.0260016],[9.9708973,10.0257481],[9.9716054,10.0252093],[9.97238,10.0246382],[9.9739013,10.0238886],[9.9745343,10.0237936],[9.9755772,10.0242368],[9.9763582,10.0250614],[9.9771758,10.0258955],[9.9775084,10.0262969],[9.9779568,10.0264559],[9.9783431,10.0265299],[9.9786671,10.026709],[9.9795125,10.0266672],[9.9802957,10.0263186],[9.9808021,10.0258955],[9.9817355,10.0251876],[9.9822698,10.0245965],[9.9827419,10.0240049],[9.9832697,10.0233599],[9.983892,10.0229478],[9.9845121,10.0227899],[9.9852739,10.0228955],[9.9860786,10.0228955],[9.9867867,10.0230434],[9.9877844,10.023297],[9.9885784,10.0231596],[9.9893208,10.022821],[9.9902199,10.0221877],[9.9909301,10.0216166],[9.9915073,10.0213055],[9.9920062,10.0210572],[9.99159,10.0206129],[9.990751,10.0198158],[9.9904527,10.0196673],[9.9901255,10.0191127],[9.9923335,10.0169843],[9.9926071,10.0173594],[9.9927111,10.0178079],[9.9929364,10.0181512],[9.9935802,10.0186108],[9.9943237,10.0192875],[9.9947979,10.0198628],[9.9950908,10.0202727],[9.9956326,10.0208881],[9.9960993,10.021427],[9.9937089,10.0229108],[9.9934493,10.0226208],[9.9931328,10.0222775],[9.9929905,10.0221616],[9.9927734,10.0219922],[9.9922852,10.0217228],[9.991531,10.0218279],[9.9912091,10.0220498],[9.9904366,10.0226097],[9.9897392,10.0231274],[9.988911,10.0234449],[9.9882372,10.0236134],[9.9874111,10.0236557],[9.9864884,10.0233916],[9.9855979,10.0232014],[9.9849735,10.0230857],[9.9842032,10.0232542],[9.9835916,10.0237296],[9.9830316,10.0242373],[9.9822376,10.0251776],[9.9816583,10.0257164],[9.9808558,10.0263075],[9.9801133,10.0268046],[9.9795039,10.0270682],[9.9789997,10.027195],[9.9781306,10.0270787],[9.9772058,10.0266461],[9.9767788,10.0264237],[9.9762939,10.025896],[9.9759613,10.0253572],[9.9756823,10.0248923],[9.975309,10.0245431],[9.9744399,10.0242685],[9.9734829,10.0246388],[9.9719594,10.0255685],[9.9712648,10.0261177],[9.9707921,10.0265928],[9.9699102,10.0272061],[9.9689339,10.0274913],[9.9680112,10.0276498],[9.9674318,10.0275441],[9.9667581,10.027195],[9.9660585,10.026308],[9.9657045,10.0253255],[9.9654492,10.0243107],[9.964814,10.0240154],[9.9639664,10.0239098],[9.9625931,10.0240788],[9.9619923,10.0245965],[9.961885,10.0253572],[9.9619494,10.0262235],[9.9620138,10.0272377],[9.9618367,10.027972],[9.9616733,10.0281807],[9.9614371,10.0284289],[9.9611717,10.028606],[9.9610036,10.0287131],[9.9604233,10.0288806],[9.9601981,10.028915],[9.9599916,10.0289203],[9.9594925,10.0287802],[9.9586557,10.0287485],[9.9575506,10.0280196],[9.9569069,10.0276392],[9.9566408,10.0272161],[9.954892,10.0262124],[9.9527011,10.0251987],[9.9515746,10.0253677],[9.9508021,10.0257481],[9.9500619,10.026065],[9.9488087,10.0268041],[9.9476607,10.0275013],[9.9466823,10.0281358],[9.9450944,10.0284527],[9.9438627,10.0284733],[9.9434422,10.0287908],[9.9430237,10.0292134],[9.9421354,10.0294875],[9.9416633,10.0301637],[9.9408565,10.0307664],[9.9399016,10.0311679],[9.939215,10.0312524],[9.9384318,10.0311045],[9.9370392,10.0310934],[9.9364255,10.0308721],[9.9358998,10.0308087],[9.9339042,10.0306396],[9.9328957,10.0306502],[9.9327584,10.0308715],[9.9322949,10.0310411],[9.9293445,10.0319391],[9.9271772,10.0325941],[9.9264906,10.0327949],[9.9256216,10.0331541],[9.9250551,10.0331535],[9.9243341,10.0329322],[9.9229844,10.0326781],[9.9213193,10.0321821],[9.9199696,10.0321604],[9.9190255,10.0322133],[9.9163948,10.032816],[9.9150665,10.0331641],[9.9139722,10.033798],[9.9131117,10.0347176],[9.9126826,10.0353515],[9.9119208,10.0361967],[9.9103222,10.0379293],[9.9098523,10.0387528],[9.9084361,10.0408446],[9.9081906,10.0411294],[9.9077922,10.041589],[9.9070607,10.042192],[9.906299,10.0428153],[9.9059181,10.0430002],[9.9053782,10.0427881],[9.9049096,10.0422078],[9.9045019,10.0419437],[9.903944,10.0420018],[9.9036545,10.0422027],[9.9033675,10.0424457],[9.9030241,10.0427494],[9.9026675,10.0431303],[9.9025145,10.0433093],[9.902367,10.0434995],[9.9022275,10.0436897],[9.9021283,10.043893],[9.9020156,10.0441835],[9.9018806,10.0450172],[9.9014514,10.0461792],[9.9009721,10.0474425],[9.9007272,10.0482763],[9.9005341,10.0490369],[9.9001675,10.0502314],[9.8998617,10.0512879],[9.8994881,10.0523197],[9.8994085,10.0524871],[9.8992892,10.0526665],[9.8990992,10.0530038],[9.8988551,10.0535425],[9.8984635,10.0540866],[9.8982757,10.0543507],[9.8979646,10.054451],[9.8975193,10.0543348],[9.8972833,10.0540813],[9.8968144,10.0535113],[9.8963531,10.0529726],[9.8955377,10.0529726],[9.8938211,10.0535008],[9.8927267,10.0539339],[9.8926409,10.0549586],[9.8924982,10.057298],[9.8921152,10.0576947],[9.8905703,10.0579271],[9.8895939,10.0585398],[9.8884889,10.0586349],[9.8861929,10.0586666],[9.8832854,10.0581912],[9.8821052,10.0582757],[9.8811181,10.0590997],[9.8798704,10.0602876],[9.8789724,10.0611913],[9.8781538,10.0620518],[9.877156,10.0626433],[9.8760187,10.0626011],[9.8756683,10.0626047],[9.8752499,10.0625836],[9.8749012,10.0624172],[9.8745525,10.0621452],[9.874362,10.061889],[9.8742199,10.0617279],[9.8740938,10.06158],[9.8739168,10.061345],[9.8738363,10.0612023],[9.8737773,10.0609884],[9.8736723,10.0603251],[9.8730715,10.0591314],[9.8726177,10.0587664],[9.871076,10.0593215],[9.8706897,10.0590152],[9.8697778,10.059649],[9.8691126,10.0605364],[9.8683723,10.0613815],[9.8674711,10.0623111],[9.8669668,10.0636527],[9.8663628,10.0647138],[9.8653468,10.0664838],[9.8632868,10.0690824],[9.8624772,10.0697484],[9.8616779,10.0704456],[9.8613536,10.0707772],[9.8609765,10.0711071],[9.8598965,10.0720931],[9.8596068,10.0727902],[9.8593998,10.0736401],[9.859006,10.0740156],[9.8572787,10.0757691],[9.8555588,10.0768936],[9.8541029,10.0767515],[9.8520752,10.0764135],[9.8496151,10.0758584],[9.8475659,10.0761013],[9.8456132,10.077126],[9.844558,10.0776031],[9.8441523,10.0777766],[9.8438209,10.0778997],[9.8434372,10.0780474],[9.8424123,10.0783649],[9.8412559,10.0788245],[9.8399069,10.0796102],[9.8386912,10.0804552],[9.8368529,10.0816857],[9.8357411,10.0821897],[9.8334729,10.0830199],[9.8317976,10.0837612],[9.8310268,10.0844283],[9.8304717,10.0854613],[9.8304167,10.0856303],[9.8303765,10.0858416],[9.8302263,10.0862284],[9.8299742,10.0869782],[9.8291588,10.0883717],[9.828299,10.0897208],[9.8269203,10.0909364],[9.8261345,10.0915294],[9.8252747,10.0916332],[9.8239998,10.0912625],[9.8226803,10.090803],[9.8222208,10.0901952],[9.8219984,10.089365],[9.8219539,10.0885051],[9.8219984,10.0880752],[9.8213609,10.0878973],[9.8205604,10.0882827],[9.8195523,10.0890981],[9.8186332,10.0899283],[9.8179809,10.0907585],[9.8177288,10.0916332],[9.8178771,10.0925671],[9.8182181,10.09359],[9.8184849,10.0947316],[9.8185146,10.0957248],[9.8187221,10.0965698],[9.8191076,10.0970442],[9.8197005,10.0970442],[9.8198784,10.0974593],[9.8196857,10.0984526],[9.8190334,10.0988529],[9.8179957,10.0992383],[9.8170669,10.0994638],[9.8166879,10.0995396],[9.81625,10.0996449],[9.8158374,10.0997038],[9.8150746,10.0997684],[9.8143511,10.099847],[9.8137784,10.0998975],[9.8130416,10.100167],[9.8124521,10.1004365],[9.8120892,10.1009428],[9.8116742,10.1018174],[9.8104585,10.1038929],[9.8098803,10.1048565],[9.8090946,10.1055829],[9.8079976,10.1061611],[9.8062038,10.1063687],[9.8047361,10.1062945],[9.8034167,10.1063687],[9.8010002,10.1070654],[9.7989692,10.107777],[9.7965824,10.1086813],[9.7945959,10.1096598],[9.7936916,10.1102379],[9.7928021,10.1114981],[9.7925945,10.1126396],[9.792728,10.1134401],[9.7930689,10.1143],[9.792891,10.1149523],[9.7923425,10.1155304],[9.7917199,10.1160048],[9.7902077,10.1164199],[9.7885622,10.1167164],[9.7865015,10.1167905],[9.7844705,10.1170129],[9.7828694,10.1173094],[9.7816241,10.1179172],[9.7800675,10.1188809],[9.7785257,10.120304],[9.7773546,10.120897],[9.7759462,10.1215049],[9.7746564,10.122424],[9.7732332,10.1232394],[9.7720176,10.1240103],[9.7715284,10.1246626],[9.7710243,10.125552],[9.7705351,10.1266194],[9.7697198,10.1284725],[9.7690526,10.1291545],[9.7678666,10.1296882],[9.766651,10.1299847],[9.7651685,10.1300292],[9.7645607,10.1297178],[9.7640122,10.1294955],[9.7611658,10.1303701],[9.760217,10.1308297],[9.7597278,10.1317637],[9.75912,10.1326087],[9.7581712,10.1336761],[9.7571186,10.1345804],[9.7562736,10.1350251],[9.7551469,10.1353365],[9.7533234,10.1355144],[9.7524181,10.1356636],[9.7521552,10.1357507],[9.7518924,10.1358893],[9.7516121,10.1360424],[9.7513077,10.1362339],[9.7511052,10.1363434],[9.7508705,10.1364992],[9.7506183,10.1367276],[9.7498099,10.1375454],[9.748194,10.139102],[9.746845,10.1402138],[9.745911,10.1413405],[9.7445768,10.1428378],[9.7436724,10.1436829],[9.7428274,10.1441573],[9.7418935,10.1442759],[9.7404258,10.1439052],[9.739451,10.1435621],[9.7390615,10.1433185],[9.7385782,10.1430023],[9.7377277,10.1425414],[9.7370309,10.14266],[9.7366158,10.1432678],[9.7368382,10.1441276],[9.7367789,10.1453433],[9.7365565,10.1464848],[9.7357708,10.1475818],[9.7350444,10.1482045]],[[9.7409999,10.2573975],[9.7409356,10.2572754],[9.7409422,10.2572035],[9.7411931,10.2571929],[9.7412594,10.2572245],[9.7412762,10.2573572],[9.7412099,10.2573974],[9.7409999,10.2573975]],[[9.8029762,10.2618706],[9.802907,10.2618758],[9.8027434,10.261848],[9.8026052,10.2618283],[9.802443,10.2618969],[9.8023909,10.2618731],[9.8023129,10.2618019],[9.8022673,10.2618111],[9.802227,10.261757],[9.8022539,10.2617174],[9.8022736,10.2616984],[9.8023062,10.261695],[9.8023424,10.2617425],[9.8023974,10.2617728],[9.8024202,10.2617438],[9.8023665,10.2616725],[9.8023451,10.2615947],[9.8024027,10.2615802],[9.8024228,10.2615287],[9.8024872,10.2615168],[9.8026093,10.2616356],[9.8026884,10.2617491],[9.8028668,10.2618058],[9.8029762,10.2618706]],[[9.9485276,10.2170342],[9.9479407,10.2168911],[9.9475438,10.2170601],[9.9468893,10.2175775],[9.9458561,10.2181218],[9.9451909,10.2183752],[9.9443434,10.2186814],[9.9437136,10.2188973],[9.9434207,10.2184385],[9.9441288,10.2181746],[9.9453626,10.2176149],[9.9464709,10.2169545],[9.9471575,10.216416],[9.9477825,10.2162655],[9.9482701,10.216464],[9.9491284,10.2165168],[9.9501584,10.2162951],[9.9505908,10.2160148],[9.9513064,10.2161578],[9.9519179,10.2161262],[9.9528331,10.2162365],[9.9535058,10.216369],[9.9540744,10.2166752],[9.954407,10.2166752],[9.9547611,10.2163901],[9.9549542,10.2159783],[9.9549435,10.2153448],[9.9550647,10.2148005],[9.9555014,10.2142995],[9.9562019,10.2137974],[9.956703,10.2132331],[9.9571965,10.2125573],[9.9576686,10.2127051],[9.9571536,10.2135181],[9.9563951,10.214167],[9.955555,10.2150703],[9.9554584,10.21582],[9.9550829,10.2166119],[9.9544714,10.2169286],[9.9541313,10.2169862],[9.9534307,10.2166963],[9.9531303,10.2165168],[9.9524683,10.2167222],[9.9515102,10.2166647],[9.9506734,10.2163479],[9.949976,10.2167491],[9.9492464,10.2169603],[9.9485276,10.2170342]],[[9.9906726,10.3452008],[9.9901662,10.3452325],[9.9899839,10.3450425],[9.9894045,10.3450003],[9.9884818,10.3453802],[9.9874325,10.3457074],[9.9864004,10.3454858],[9.985585,10.3460768],[9.9854348,10.3455702],[9.9864648,10.3450847],[9.9873252,10.3446098],[9.9873875,10.3435015],[9.9885033,10.3436493],[9.9900482,10.3434171],[9.9906275,10.3434223],[9.9913357,10.3436282],[9.992945,10.3434382],[9.992797,10.34252],[9.9927304,10.3409685],[9.9934385,10.3407152],[9.9944041,10.3425728],[9.9949406,10.3449581],[9.9959062,10.3463301],[9.9977301,10.3459713],[9.9989961,10.3451058],[9.9991677,10.3444514],[10.0004123,10.3451058],[10.0020216,10.3451269],[10.0032876,10.3447259],[10.0042317,10.3459502],[10.0070642,10.3453591],[10.0085501,10.343468],[10.0093301,10.3434659],[10.0096037,10.3438701],[10.0100543,10.3437223],[10.010419,10.3439967],[10.0120327,10.3435725],[10.0123921,10.3437213],[10.0125004,10.3439957],[10.012435,10.34444],[10.0128223,10.3447957],[10.0133362,10.3443567],[10.013179,10.3437619],[10.0139901,10.3434448],[10.0140226,10.3436047],[10.0140514,10.3437676],[10.0138796,10.3439463],[10.0140089,10.3443762],[10.0139843,10.3448173],[10.014245,10.3468528],[10.0134993,10.3470026],[10.0131919,10.3473251],[10.0128577,10.3472438],[10.0123009,10.3473968],[10.0122118,10.3476644],[10.0121721,10.3481056],[10.0118009,10.3481182],[10.0116089,10.3484644],[10.0114737,10.3489964],[10.0100822,10.349333],[10.0093183,10.349714],[10.0091073,10.349296],[10.0087561,10.3494924],[10.0086027,10.3497109],[10.0083312,10.3495241],[10.0078431,10.3496317],[10.0079654,10.3499608],[10.0081585,10.3502986],[10.0089739,10.350383],[10.0089739,10.3506574],[10.0085233,10.3508052],[10.0088881,10.3511218],[10.0088666,10.3515017],[10.0093408,10.3523144],[10.0089117,10.35185],[10.0085254,10.351449],[10.0080941,10.3512484],[10.0078366,10.3509107],[10.0073431,10.3512062],[10.0072358,10.3518395],[10.0072358,10.3523039],[10.0074933,10.3525149],[10.0069783,10.3525149],[10.0063346,10.3530004],[10.0057767,10.3531904],[10.0051115,10.3531482],[10.0047896,10.3535915],[10.0045107,10.3543725],[10.0038884,10.3544358],[10.0038906,10.3539186],[10.0037811,10.353296],[10.003073,10.3534859],[10.00211,10.3535896],[10.001739,10.3536475],[10.0012956,10.3535496],[10.0010377,10.3536653],[10.0007912,10.3539301],[10.0005816,10.3544035],[10.0004363,10.3546225],[10.0004563,10.3543946],[10.0005898,10.3539279],[10.0007618,10.3536542],[10.0010174,10.3534606],[10.001488,10.3533334],[10.0022956,10.3528216],[10.0032039,10.3524411],[10.0041481,10.3521878],[10.0039549,10.35185],[10.0035022,10.3521561],[10.003073,10.3521561],[10.0028155,10.351755],[10.0025366,10.3510585],[10.0019572,10.3509107],[10.0018929,10.3512484],[10.002131,10.3515756],[10.0023006,10.3520717],[10.0020881,10.3525255],[10.0016375,10.3525677],[10.0009487,10.3526205],[10.0004552,10.3526627],[10.0005839,10.3520295],[10.0010989,10.3517128],[10.0017019,10.3514701],[10.0016139,10.3511007],[10.001056,10.3509318],[10.0004981,10.3510162],[9.9999402,10.3508685],[9.9993394,10.3504252],[9.9989768,10.3499714],[9.9985669,10.3502986],[9.9982901,10.3497181],[9.9976035,10.3499292],[9.9967452,10.3507735],[9.9970649,10.3499608],[9.9967645,10.3495598],[9.9962946,10.3496336],[9.9962302,10.3500769],[9.9957152,10.3502458],[9.9954577,10.3498658],[9.9950049,10.3492009],[9.9948333,10.348251],[9.9945543,10.34728],[9.9940823,10.3468367],[9.9934192,10.3464251],[9.9939321,10.3462246],[9.9932669,10.3458446],[9.9920867,10.345908],[9.9914644,10.3456758],[9.9919794,10.3452536],[9.9914451,10.3448209],[9.9906726,10.3452008]]],[[[9.8524254,10.3991098],[9.8524236,10.3991117],[9.8524259,10.3991129],[9.8524254,10.3991098]]]]}},{"type":"Feature","properties":{"kind":"water","id":"water:bauchi","localUnitId":"bauchi","name":"Mapped water in Bauchi"},"geometry":{"type":"MultiPolygon","coordinates":[[[[9.7504244,9.9739593],[9.7500834,9.9751898],[9.7491346,9.9765981],[9.748512,9.9777693],[9.7474446,9.978214],[9.7457545,9.9782585],[9.7446427,9.9782437],[9.7432491,9.9776062],[9.741989,9.9770577],[9.7408327,9.9763313],[9.7401359,9.9754714],[9.7382087,9.9742113],[9.7372451,9.9734849],[9.736349,9.9728924],[9.7357267,9.9724565],[9.7352761,9.9721263],[9.7350186,9.972055],[9.7347665,9.9720259],[9.7344232,9.9720788],[9.7340874,9.97221],[9.7332424,9.9727881],[9.7325308,9.9737666],[9.7318785,9.9753528],[9.7311224,9.9772652],[9.7302329,9.978807],[9.7293582,9.980082],[9.7281574,9.9807491],[9.7260226,9.9811642],[9.7253787,9.981174],[9.7250301,9.9811977],[9.7246438,9.9812136],[9.7245953,9.9812051],[9.7245131,9.9813029],[9.7212778,9.9812485],[9.7211304,9.9812531],[9.7192328,9.9812235],[9.7192117,9.9812137],[9.7182537,9.9811976],[9.714502,9.9821035],[9.7112791,9.9842804],[9.7082842,9.9853641],[9.7085721,9.9858554],[9.7097598,9.9851076],[9.7134067,9.9832693],[9.7138593,9.9830996],[9.7167274,9.982024],[9.7190994,9.9819647],[9.7222126,9.982024],[9.7232035,9.9820827],[9.7234583,9.9820563],[9.7235817,9.9820193],[9.7237077,9.9819559],[9.7239143,9.9819163],[9.7242683,9.9819136],[9.7248182,9.9819268],[9.7253787,9.9818978],[9.7277868,9.9819054],[9.7297437,9.9806601],[9.7312262,9.9793555],[9.7320564,9.9778138],[9.7326197,9.9757383],[9.7332886,9.9742449],[9.7334576,9.9739808],[9.7335863,9.9737853],[9.7337928,9.9736083],[9.7340342,9.9734894],[9.7342649,9.9734472],[9.7346324,9.973434],[9.7349837,9.9734577],[9.7354236,9.9735317],[9.7357991,9.9736109],[9.736172,9.9737298],[9.7365662,9.9739781],[9.739113,9.9760051],[9.7407734,9.977369],[9.7432047,9.978644],[9.7454877,9.9795334],[9.7474742,9.9794741],[9.7487492,9.9787625],[9.7501427,9.9776062],[9.7509729,9.9759458],[9.7515363,9.9732477],[9.7522775,9.9715577],[9.7525049,9.9711211],[9.7519793,9.9711483],[9.7516595,9.9710235],[9.7510322,9.9720321],[9.7504244,9.9739593]]],[[[9.7390615,10.1433185],[9.739451,10.1435621],[9.7404258,10.1439052],[9.7418935,10.1442759],[9.7428274,10.1441573],[9.7436724,10.1436829],[9.7445768,10.1428378],[9.745911,10.1413405],[9.746845,10.1402138],[9.748194,10.139102],[9.7498099,10.1375454],[9.7506183,10.1367276],[9.7508705,10.1364992],[9.7511052,10.1363434],[9.7513077,10.1362339],[9.7516121,10.1360424],[9.7518924,10.1358893],[9.7521552,10.1357507],[9.7524181,10.1356636],[9.7533234,10.1355144],[9.7551469,10.1353365],[9.7562736,10.1350251],[9.7571186,10.1345804],[9.7581712,10.1336761],[9.75912,10.1326087],[9.7597278,10.1317637],[9.760217,10.1308297],[9.7611658,10.1303701],[9.7640122,10.1294955],[9.7645607,10.1297178],[9.7651685,10.1300292],[9.766651,10.1299847],[9.7678666,10.1296882],[9.7690526,10.1291545],[9.7697198,10.1284725],[9.7705351,10.1266194],[9.7710243,10.125552],[9.7715284,10.1246626],[9.7720176,10.1240103],[9.7732332,10.1232394],[9.7746564,10.122424],[9.7759462,10.1215049],[9.7773546,10.120897],[9.7785257,10.120304],[9.7800675,10.1188809],[9.7816241,10.1179172],[9.7828694,10.1173094],[9.7844705,10.1170129],[9.7865015,10.1167905],[9.7885622,10.1167164],[9.7902077,10.1164199],[9.7917199,10.1160048],[9.7923425,10.1155304],[9.792891,10.1149523],[9.7930689,10.1143],[9.792728,10.1134401],[9.7925945,10.1126396],[9.7928021,10.1114981],[9.7936916,10.1102379],[9.7945959,10.1096598],[9.7965824,10.1086813],[9.7989692,10.107777],[9.8010002,10.1070654],[9.8034167,10.1063687],[9.8047361,10.1062945],[9.8062038,10.1063687],[9.8079976,10.1061611],[9.8090946,10.1055829],[9.8098803,10.1048565],[9.8104585,10.1038929],[9.8116742,10.1018174],[9.8120892,10.1009428],[9.8124521,10.1004365],[9.8130416,10.100167],[9.8137784,10.0998975],[9.8143511,10.099847],[9.8150746,10.0997684],[9.8158374,10.0997038],[9.81625,10.0996449],[9.8166879,10.0995396],[9.8170669,10.0994638],[9.8179957,10.0992383],[9.8190334,10.0988529],[9.8196857,10.0984526],[9.8198784,10.0974593],[9.8197005,10.0970442],[9.8191076,10.0970442],[9.8187221,10.0965698],[9.8185146,10.0957248],[9.8184849,10.0947316],[9.8182181,10.09359],[9.8178771,10.0925671],[9.8177288,10.0916332],[9.8179809,10.0907585],[9.8186332,10.0899283],[9.8195523,10.0890981],[9.8205604,10.0882827],[9.8213609,10.0878973],[9.8219984,10.0880752],[9.8219539,10.0885051],[9.8219984,10.089365],[9.8222208,10.0901952],[9.8226803,10.090803],[9.8239998,10.0912625],[9.8252747,10.0916332],[9.8261345,10.0915294],[9.8269203,10.0909364],[9.828299,10.0897208],[9.8291588,10.0883717],[9.8299742,10.0869782],[9.8302263,10.0862284],[9.8303765,10.0858416],[9.8304167,10.0856303],[9.8304717,10.0854613],[9.8310268,10.0844283],[9.8317976,10.0837612],[9.8334729,10.0830199],[9.8357411,10.0821897],[9.8368529,10.0816857],[9.8386912,10.0804552],[9.8399069,10.0796102],[9.8412559,10.0788245],[9.8424123,10.0783649],[9.8434372,10.0780474],[9.8438209,10.0778997],[9.8441523,10.0777766],[9.844558,10.0776031],[9.8456132,10.077126],[9.8475659,10.0761013],[9.8496151,10.0758584],[9.8520752,10.0764135],[9.8541029,10.0767515],[9.8555588,10.0768936],[9.8572787,10.0757691],[9.859006,10.0740156],[9.8593998,10.0736401],[9.8596068,10.0727902],[9.8598965,10.0720931],[9.8609765,10.0711071],[9.8613536,10.0707772],[9.8616779,10.0704456],[9.8624772,10.0697484],[9.8632868,10.0690824],[9.8653468,10.0664838],[9.8663628,10.0647138],[9.8669668,10.0636527],[9.8674711,10.0623111],[9.8683723,10.0613815],[9.8691126,10.0605364],[9.8697778,10.059649],[9.8706897,10.0590152],[9.871076,10.0593215],[9.8726177,10.0587664],[9.8730715,10.0591314],[9.8736723,10.0603251],[9.8737773,10.0609884],[9.8738363,10.0612023],[9.8739168,10.061345],[9.8740938,10.06158],[9.8742199,10.0617279],[9.874362,10.061889],[9.8745525,10.0621452],[9.8749012,10.0624172],[9.8752499,10.0625836],[9.8756683,10.0626047],[9.8760187,10.0626011],[9.877156,10.0626433],[9.8781538,10.0620518],[9.8789724,10.0611913],[9.8798704,10.0602876],[9.8811181,10.0590997],[9.8821052,10.0582757],[9.8832854,10.0581912],[9.8861929,10.0586666],[9.8884889,10.0586349],[9.8895939,10.0585398],[9.8905703,10.0579271],[9.8921152,10.0576947],[9.8924982,10.057298],[9.8926409,10.0549586],[9.8927267,10.0539339],[9.8938211,10.0535008],[9.8955377,10.0529726],[9.8963531,10.0529726],[9.8968144,10.0535113],[9.8972833,10.0540813],[9.8975193,10.0543348],[9.8979646,10.054451],[9.8982757,10.0543507],[9.8984635,10.0540866],[9.8988551,10.0535425],[9.8990992,10.0530038],[9.8992892,10.0526665],[9.8994085,10.0524871],[9.8994881,10.0523197],[9.8998617,10.0512879],[9.9001675,10.0502314],[9.9005341,10.0490369],[9.9007272,10.0482763],[9.9009721,10.0474425],[9.9014514,10.0461792],[9.9018806,10.0450172],[9.9020156,10.0441835],[9.9021283,10.043893],[9.9022275,10.0436897],[9.902367,10.0434995],[9.9025145,10.0433093],[9.9026675,10.0431303],[9.9030241,10.0427494],[9.9033675,10.0424457],[9.9036545,10.0422027],[9.903944,10.0420018],[9.9045019,10.0419437],[9.9049096,10.0422078],[9.9053782,10.0427881],[9.9059181,10.0430002],[9.906299,10.0428153],[9.9070607,10.042192],[9.9077922,10.041589],[9.9081906,10.0411294],[9.9084361,10.0408446],[9.9098523,10.0387528],[9.9103222,10.0379293],[9.9119208,10.0361967],[9.9126826,10.0353515],[9.9131117,10.0347176],[9.9139722,10.033798],[9.9150665,10.0331641],[9.9163948,10.032816],[9.9190255,10.0322133],[9.9199696,10.0321604],[9.9213193,10.0321821],[9.9229844,10.0326781],[9.9243341,10.0329322],[9.9250551,10.0331535],[9.9256216,10.0331541],[9.9264906,10.0327949],[9.9271772,10.0325941],[9.9293445,10.0319391],[9.9322949,10.0310411],[9.9327584,10.0308715],[9.9328957,10.0306502],[9.9339042,10.0306396],[9.9358998,10.0308087],[9.9364255,10.0308721],[9.9370392,10.0310934],[9.9384318,10.0311045],[9.939215,10.0312524],[9.9399016,10.0311679],[9.9408565,10.0307664],[9.9416633,10.0301637],[9.9421354,10.0294875],[9.9430237,10.0292134],[9.9434422,10.0287908],[9.9438627,10.0284733],[9.9450944,10.0284527],[9.9466823,10.0281358],[9.9476607,10.0275013],[9.9488087,10.0268041],[9.9500619,10.026065],[9.9508021,10.0257481],[9.9515746,10.0253677],[9.9527011,10.0251987],[9.954892,10.0262124],[9.9566408,10.0272161],[9.9569069,10.0276392],[9.9575506,10.0280196],[9.9586557,10.0287485],[9.9594925,10.0287802],[9.9599916,10.0289203],[9.9601981,10.028915],[9.9604233,10.0288806],[9.9610036,10.0287131],[9.9611717,10.028606],[9.9614371,10.0284289],[9.9616733,10.0281807],[9.9618367,10.027972],[9.9620138,10.0272377],[9.9619494,10.0262235],[9.961885,10.0253572],[9.9619923,10.0245965],[9.9625931,10.0240788],[9.9639664,10.0239098],[9.964814,10.0240154],[9.9654492,10.0243107],[9.9657045,10.0253255],[9.9660585,10.026308],[9.9667581,10.027195],[9.9674318,10.0275441],[9.9680112,10.0276498],[9.9689339,10.0274913],[9.9699102,10.0272061],[9.9707921,10.0265928],[9.9712648,10.0261177],[9.9719594,10.0255685],[9.9734829,10.0246388],[9.9744399,10.0242685],[9.975309,10.0245431],[9.9756823,10.0248923],[9.9759613,10.0253572],[9.9762939,10.025896],[9.9767788,10.0264237],[9.9772058,10.0266461],[9.9781306,10.0270787],[9.9789997,10.027195],[9.9795039,10.0270682],[9.9801133,10.0268046],[9.9808558,10.0263075],[9.9816583,10.0257164],[9.9822376,10.0251776],[9.9830316,10.0242373],[9.9835916,10.0237296],[9.9842032,10.0232542],[9.9849735,10.0230857],[9.9855979,10.0232014],[9.9864884,10.0233916],[9.9874111,10.0236557],[9.9882372,10.0236134],[9.988911,10.0234449],[9.9897392,10.0231274],[9.9904366,10.0226097],[9.9912091,10.0220498],[9.991531,10.0218279],[9.9922852,10.0217228],[9.9927734,10.0219922],[9.9929905,10.0221616],[9.9931328,10.0222775],[9.9934493,10.0226208],[9.9937089,10.0229108],[9.9960993,10.021427],[9.9956326,10.0208881],[9.9950908,10.0202727],[9.9947979,10.0198628],[9.9943237,10.0192875],[9.9935802,10.0186108],[9.9929364,10.0181512],[9.9927111,10.0178079],[9.9926071,10.0173594],[9.9923335,10.0169843],[9.9901255,10.0191127],[9.9904527,10.0196673],[9.990751,10.0198158],[9.99159,10.0206129],[9.9920062,10.0210572],[9.9915073,10.0213055],[9.9909301,10.0216166],[9.9902199,10.0221877],[9.9893208,10.022821],[9.9885784,10.0231596],[9.9877844,10.023297],[9.9867867,10.0230434],[9.9860786,10.0228955],[9.9852739,10.0228955],[9.9845121,10.0227899],[9.983892,10.0229478],[9.9832697,10.0233599],[9.9827419,10.0240049],[9.9822698,10.0245965],[9.9817355,10.0251876],[9.9808021,10.0258955],[9.9802957,10.0263186],[9.9795125,10.0266672],[9.9786671,10.026709],[9.9783431,10.0265299],[9.9779568,10.0264559],[9.9775084,10.0262969],[9.9771758,10.0258955],[9.9763582,10.0250614],[9.9755772,10.0242368],[9.9745343,10.0237936],[9.9739013,10.0238886],[9.97238,10.0246382],[9.9716054,10.0252093],[9.9708973,10.0257481],[9.9705968,10.0260016],[9.9701462,10.0264137],[9.969687,10.0267512],[9.969097,10.0270999],[9.9682708,10.0272161],[9.9676142,10.0270476],[9.9671958,10.026625],[9.9664662,10.0261284],[9.9662216,10.0258215],[9.9660478,10.0249134],[9.9659083,10.0240788],[9.9655243,10.0237719],[9.9647818,10.0235611],[9.9638913,10.0236139],[9.9629257,10.0237196],[9.9621533,10.0240788],[9.9617348,10.0245331],[9.9615224,10.0251876],[9.9615524,10.025896],[9.9617134,10.0271004],[9.9617262,10.0275436],[9.9614722,10.0278823],[9.96126,10.0280328],[9.9607939,10.0282844],[9.9606259,10.0283907],[9.9605246,10.0284522],[9.960104,10.0285267],[9.9595569,10.0284527],[9.9590848,10.0281041],[9.9586771,10.027597],[9.9580141,10.0273746],[9.9576471,10.0273328],[9.9573575,10.0270581],[9.9570484,10.0268357],[9.956909,10.026709],[9.9529071,10.0247439],[9.9524437,10.0244486],[9.9507485,10.0252515],[9.9501498,10.0253567],[9.9490319,10.0258643],[9.9477358,10.0265399],[9.9472938,10.0270159],[9.9466501,10.0272483],[9.9463411,10.0272267],[9.9452682,10.0275542],[9.9444721,10.0275547],[9.9430688,10.0280824],[9.9425645,10.0283571],[9.9415753,10.0292662],[9.9413071,10.0295092],[9.9410174,10.0294669],[9.9399145,10.0298256],[9.9388395,10.030122],[9.9378524,10.0303333],[9.9367066,10.0305546],[9.9361358,10.0303016],[9.9348076,10.0301954],[9.9332519,10.0301426],[9.9323164,10.0301854],[9.9312134,10.0303539],[9.929559,10.0312418],[9.9279626,10.0317801],[9.9264584,10.0322455],[9.9262546,10.0322032],[9.9247311,10.0322349],[9.92339,10.0321082],[9.9215897,10.0317062],[9.9202679,10.0314214],[9.9187337,10.0316433],[9.9163647,10.0322133],[9.9143048,10.0327098],[9.9126633,10.0340832],[9.9118586,10.0350869],[9.9113308,10.0357741],[9.9108286,10.0363018],[9.9106012,10.0367249],[9.9102064,10.0371153],[9.9092837,10.0382035],[9.9085949,10.0392393],[9.907683,10.040655],[9.9075596,10.040882],[9.9070446,10.0414313],[9.9063331,10.0421384],[9.9059825,10.0424297],[9.9056338,10.0424402],[9.9054085,10.0420124],[9.9044751,10.0414577],[9.9033612,10.0414992],[9.9028914,10.0416573],[9.9025132,10.0418356],[9.9022047,10.0419518],[9.9020666,10.042142],[9.9019217,10.0424193],[9.9017581,10.0427283],[9.9016026,10.0432433],[9.9014442,10.0449599],[9.9011009,10.0456888],[9.9008166,10.0465551],[9.9005878,10.0473889],[9.9000977,10.0488845],[9.8997509,10.050294],[9.8992788,10.0517519],[9.8990679,10.052252],[9.8989471,10.0524976],[9.8988886,10.0526786],[9.8988278,10.0526983],[9.8985984,10.0530733],[9.8980592,10.0536596],[9.8976695,10.0538198],[9.8974075,10.0537494],[9.8971572,10.0533444],[9.896999,10.0529889],[9.8964389,10.0526451],[9.8954948,10.0526134],[9.8936784,10.0529034],[9.8926592,10.0532942],[9.8919972,10.0539867],[9.8920154,10.0543612],[9.8921045,10.0551276],[9.8919006,10.0561524],[9.8911357,10.0570128],[9.8902377,10.0573461],[9.8882174,10.0573825],[9.8841619,10.0574354],[9.8818692,10.0574095],[9.8808714,10.0577686],[9.8800742,10.0584389],[9.879541,10.0592582],[9.8786183,10.0605364],[9.8778137,10.0612547],[9.8769768,10.0616984],[9.8763545,10.0619203],[9.8753782,10.0618991],[9.8751453,10.0618296],[9.8749267,10.0617015],[9.8747778,10.0615496],[9.8746625,10.061407],[9.8745216,10.0611522],[9.8743607,10.0608366],[9.873962,10.0595223],[9.8736584,10.0584495],[9.8728462,10.0578743],[9.8718592,10.057832],[9.8697885,10.0588356],[9.8686405,10.060135],[9.8674925,10.0615822],[9.8666664,10.0625013],[9.8655613,10.0643182],[9.8646601,10.0660929],[9.8631366,10.0681845],[9.8622569,10.0692726],[9.8613963,10.0700151],[9.861246,10.0701445],[9.860436,10.0707862],[9.8586412,10.0724733],[9.857858,10.0734029],[9.8568924,10.0746705],[9.8566457,10.0753466],[9.8562916,10.0754945],[9.8555513,10.0756001],[9.8543819,10.0759593],[9.8527833,10.0757374],[9.8517319,10.0752093],[9.8503264,10.0749557],[9.8495003,10.0747339],[9.8482772,10.0747234],[9.8467859,10.0754417],[9.8455735,10.0762233],[9.8453003,10.0765354],[9.8448738,10.0767467],[9.8444393,10.0768893],[9.8439848,10.0770689],[9.8437124,10.0772299],[9.843468,10.0773457],[9.8431331,10.0774676],[9.8424419,10.0777719],[9.8409594,10.078276],[9.8394176,10.0790617],[9.8381723,10.0801587],[9.8369419,10.0807814],[9.836082,10.0813447],[9.8342289,10.0822638],[9.8322276,10.0830051],[9.831175,10.0836277],[9.8303003,10.0843097],[9.830009,10.0847958],[9.8298669,10.0852316],[9.8296911,10.0857599],[9.8295772,10.0861505],[9.8293653,10.0867315],[9.8290402,10.0874822],[9.8280914,10.0882976],[9.8271575,10.0899135],[9.8263569,10.0907881],[9.8247855,10.0908326],[9.8235254,10.0907288],[9.8227693,10.0904324],[9.8226062,10.0896615],[9.822621,10.0885496],[9.8224135,10.0878528],[9.8218205,10.0875415],[9.8207976,10.0875415],[9.8199526,10.0883717],[9.8189445,10.089276],[9.817803,10.0902989],[9.8173582,10.0912625],[9.8172645,10.0926051],[9.8171803,10.0940051],[9.8172396,10.0958731],[9.8177733,10.0970591],[9.8185211,10.0973234],[9.8186779,10.0978016],[9.8179809,10.0983044],[9.8168605,10.0985291],[9.8159855,10.0988168],[9.8151871,10.0989734],[9.814959,10.0990693],[9.8144647,10.099287],[9.8142163,10.0993333],[9.8136395,10.0995312],[9.81313,10.099607],[9.8124942,10.0997333],[9.8120521,10.100007],[9.8114963,10.1006907],[9.8109181,10.1020694],[9.8103844,10.103122],[9.8094652,10.1044266],[9.8086351,10.1054495],[9.807627,10.1057312],[9.8062779,10.1057905],[9.804914,10.1056571],[9.8036687,10.1057905],[9.8024531,10.1059239],[9.8004072,10.1066503],[9.7980797,10.1074953],[9.7964194,10.1080439],[9.7944625,10.1090668],[9.7929948,10.1100749],[9.7923425,10.1108458],[9.7919274,10.1120762],[9.7919719,10.1126692],[9.7923425,10.1137218],[9.7924018,10.1147002],[9.7919867,10.1152339],[9.791201,10.115738],[9.7901188,10.1159307],[9.787895,10.1162568],[9.7852414,10.116494],[9.7838923,10.1166868],[9.7825433,10.1169981],[9.7813721,10.1176356],[9.7797414,10.118703],[9.7782292,10.1198889],[9.7761686,10.120897],[9.7747454,10.1216531],[9.7738114,10.1223647],[9.7729071,10.1230615],[9.7719138,10.1238027],[9.7711578,10.1243216],[9.7703127,10.1260264],[9.7695122,10.127761],[9.7690675,10.1286801],[9.7683707,10.1291248],[9.7671847,10.1296141],[9.766399,10.1297771],[9.7653612,10.1297623],[9.7646793,10.1294213],[9.7643087,10.129199],[9.7636267,10.1291693],[9.7614475,10.1300143],[9.7600836,10.1305629],[9.7592682,10.1313337],[9.7582156,10.1329348],[9.7572372,10.1340022],[9.7561846,10.1345211],[9.7544205,10.1349362],[9.7526903,10.1352279],[9.7522397,10.1353546],[9.7519085,10.1355078],[9.7515665,10.1356675],[9.7513466,10.1357546],[9.7510877,10.1358484],[9.7508799,10.1359355],[9.7506994,10.1360481],[9.7503702,10.1363144],[9.7493652,10.1372785],[9.7485498,10.137827],[9.7475714,10.1386128],[9.7460741,10.1403621],[9.745066,10.141637],[9.7443247,10.1427044],[9.7434204,10.1435198],[9.7427681,10.1438459],[9.7419824,10.1438311],[9.7408557,10.1436532],[9.7400552,10.1433271],[9.7397353,10.1431951],[9.7390619,10.1428082],[9.73795,10.1423486],[9.737357,10.1422152],[9.7367048,10.1423338],[9.7363193,10.1425858],[9.7361711,10.1432826],[9.7361266,10.1446613],[9.7360525,10.1453877],[9.7355632,10.1468406],[9.7350295,10.1476856],[9.7341147,10.1481839],[9.7336695,10.1483766],[9.7332168,10.1485456],[9.7328594,10.1486644],[9.7325858,10.1487607],[9.7322614,10.1488574],[9.7301421,10.1496544],[9.7285487,10.1500108],[9.7275633,10.1497802],[9.7269553,10.149277],[9.7261167,10.1481658],[9.7251732,10.1472853],[9.7237266,10.1462579],[9.7218188,10.1453774],[9.7202044,10.1447065],[9.7190094,10.1447904],[9.7178143,10.1459015],[9.7166403,10.146845],[9.7157381,10.1472762],[9.7130552,10.1474111],[9.711965,10.1471595],[9.7116924,10.1466563],[9.7104554,10.1469917],[9.7096168,10.1487109],[9.7091136,10.1505349],[9.7084637,10.1519815],[9.7073106,10.1533862],[9.7055285,10.1551473],[9.7051302,10.1558811],[9.7042496,10.1574745],[9.7035413,10.1580656],[9.7030546,10.1590679],[9.7029917,10.1602839],[9.7035578,10.1625901],[9.7037674,10.1640787],[9.70404,10.1660914],[9.7044593,10.1671396],[9.7055076,10.1679154],[9.7065738,10.1682544],[9.7068407,10.1683402],[9.7070794,10.1684761],[9.7072041,10.1686049],[9.7073919,10.1686676],[9.7076386,10.1687692],[9.7081161,10.1690992],[9.7084218,10.1694249],[9.7089099,10.1693334],[9.7090927,10.1692991],[9.708792,10.1688009],[9.708623,10.1685025],[9.708296,10.168104],[9.7081362,10.1679521],[9.7079323,10.1677712],[9.7076212,10.1675785],[9.7072148,10.1674967],[9.7068152,10.167436],[9.705214,10.1671816],[9.7045851,10.1665945],[9.7044174,10.1655043],[9.7045641,10.1646447],[9.7042916,10.1635336],[9.7035787,10.161416],[9.703432,10.1598856],[9.7035787,10.1589211],[9.7047528,10.1574116],[9.7062414,10.155357],[9.7085685,10.1531137],[9.7091346,10.1519815],[9.7095539,10.1507655],[9.7103925,10.1483964],[9.7110425,10.1476626],[9.7119859,10.1476836],[9.7128874,10.1479981],[9.7141663,10.148061],[9.7157807,10.1477046],[9.7171015,10.1470966],[9.7185901,10.1459225],[9.719261,10.1452516],[9.7206028,10.1453145],[9.7226574,10.146216],[9.7239363,10.1469288],[9.7250474,10.14804],[9.7260538,10.1494447],[9.7268715,10.1501575],[9.7283181,10.1505978],[9.7298066,10.1501785],[9.7318992,10.1495145],[9.732458,10.149306],[9.732586,10.1493918],[9.7327682,10.1493363],[9.7331008,10.1492307],[9.7335072,10.1490591],[9.7336802,10.1489759],[9.7338881,10.1488703],[9.7343051,10.1486472],[9.7350444,10.1482045],[9.7357708,10.1475818],[9.7365565,10.1464848],[9.7367789,10.1453433],[9.7368382,10.1441276],[9.7366158,10.1432678],[9.7370309,10.14266],[9.7377277,10.1425414],[9.7385782,10.1430023],[9.7390615,10.1433185]]],[[[9.7412762,10.2573572],[9.7412594,10.2572245],[9.7411931,10.2571929],[9.7409422,10.2572035],[9.7409356,10.2572754],[9.7409999,10.2573975],[9.7412099,10.2573974],[9.7412762,10.2573572]]],[[[9.8023665,10.2616725],[9.8024202,10.2617438],[9.8023974,10.2617728],[9.8023424,10.2617425],[9.8023062,10.261695],[9.8022736,10.2616984],[9.8022539,10.2617174],[9.802227,10.261757],[9.8022673,10.2618111],[9.8023129,10.2618019],[9.8023909,10.2618731],[9.802443,10.2618969],[9.8026052,10.2618283],[9.8027434,10.261848],[9.802907,10.2618758],[9.8029762,10.2618706],[9.8028668,10.2618058],[9.8026884,10.2617491],[9.8026093,10.2616356],[9.8024872,10.2615168],[9.8024228,10.2615287],[9.8024027,10.2615802],[9.8023451,10.2615947],[9.8023665,10.2616725]]],[[[9.8523789,10.3988089],[9.8522108,10.3987166],[9.851935,10.3985072],[9.8515003,10.3983392],[9.8511885,10.3983834],[9.8508134,10.3980942],[9.8507074,10.3977648],[9.8502665,10.3976647],[9.8499018,10.3973436],[9.8495542,10.3971017],[9.8490115,10.3968182],[9.8485197,10.3962385],[9.848223,10.3958799],[9.8475785,10.3956422],[9.8469723,10.3951793],[9.8465737,10.394779],[9.8460395,10.3945622],[9.8455562,10.3943078],[9.8453485,10.3938574],[9.8451535,10.3936281],[9.8452086,10.3932236],[9.8449627,10.3930192],[9.8445981,10.3928608],[9.8443861,10.3927023],[9.8443946,10.3924146],[9.8444666,10.3921852],[9.8443625,10.3921692],[9.8442631,10.3921602],[9.8441656,10.392498],[9.8441826,10.3927857],[9.8443861,10.3929525],[9.8447465,10.3930609],[9.8449754,10.3932861],[9.8450771,10.3939408],[9.8453697,10.3945163],[9.8457216,10.3947957],[9.8462515,10.3949208],[9.8467136,10.3952961],[9.8471037,10.3956631],[9.8476506,10.3960384],[9.8481975,10.3963386],[9.8485791,10.3968015],[9.8489903,10.3971684],[9.8493465,10.397281],[9.8496475,10.3974645],[9.8497874,10.3976772],[9.8500926,10.397803],[9.8503085,10.3980772],[9.8502635,10.3983927],[9.8501646,10.3986375],[9.8501316,10.399121],[9.8500986,10.39941],[9.8501766,10.3995987],[9.8503564,10.3996606],[9.8504703,10.3996341],[9.8506742,10.3994867],[9.850896,10.398894],[9.8511778,10.3990385],[9.8518344,10.3995722],[9.8518913,10.3998523],[9.8518254,10.400271],[9.8518764,10.4003211],[9.8521192,10.4000823],[9.8522301,10.4001766],[9.8519633,10.4004273],[9.8520502,10.4005423],[9.8520083,10.4008814],[9.85244,10.4007074],[9.8526979,10.4008716],[9.8526579,10.4006129],[9.8524259,10.3991129],[9.8524236,10.3991117],[9.8524254,10.3991098],[9.8523789,10.3988089]]],[[[9.8513967,10.4013974],[9.8507881,10.4014799],[9.8503564,10.4016274],[9.8508121,10.4016834],[9.8514417,10.4017129],[9.8519153,10.4018515],[9.8517834,10.4021699],[9.8519363,10.4025709],[9.852308,10.4029188],[9.8524699,10.4034909],[9.8527517,10.4038329],[9.8524609,10.4041189],[9.8531714,10.4043607],[9.8532292,10.4043073],[9.8528097,10.4015947],[9.8524459,10.4017365],[9.8521162,10.401592],[9.8517624,10.4013885],[9.8513967,10.4013974]]],[[[9.8553433,10.4179775],[9.8543362,10.4114651],[9.8543362,10.411465],[9.85406,10.4109014],[9.8530015,10.4104529],[9.8527298,10.4097473],[9.8523499,10.4093736],[9.8514745,10.4087234],[9.8518549,10.40926],[9.8522263,10.4096309],[9.8519298,10.40973],[9.8519643,10.4098404],[9.8522695,10.4098404],[9.8523299,10.4100867],[9.8520564,10.4100867],[9.8520449,10.4102085],[9.852304,10.410401],[9.8522983,10.4105681],[9.8521716,10.4107662],[9.8527905,10.4110041],[9.8527416,10.4110947],[9.852269,10.4112886],[9.8525199,10.4115307],[9.8523501,10.4116779],[9.8525257,10.4118138],[9.8525919,10.4121111],[9.8527732,10.4121932],[9.8526581,10.412431],[9.8522061,10.4127028],[9.8519499,10.412884],[9.8521946,10.4131927],[9.8520996,10.4134192],[9.8515671,10.4134984],[9.8508066,10.413967],[9.8503691,10.4136612],[9.8487858,10.4136556],[9.8494997,10.414437],[9.8489988,10.4146748],[9.8478819,10.4144313],[9.8459166,10.4137389],[9.8445433,10.4140766],[9.8443294,10.4146389],[9.8446403,10.4150296],[9.8449742,10.4151655],[9.8449512,10.4156185],[9.8452103,10.4160375],[9.8454291,10.4165528],[9.8451297,10.4171077],[9.8448591,10.4172776],[9.8445827,10.4170624],[9.8441452,10.4173002],[9.8435464,10.4170624],[9.8433679,10.4166774],[9.8431204,10.4170454],[9.8429879,10.4164848],[9.842631,10.4165075],[9.8427289,10.4168019],[9.8425331,10.4170794],[9.8421589,10.4167963],[9.8420437,10.4165868],[9.8418768,10.4165811],[9.8418422,10.4170624],[9.8416637,10.4172323],[9.8414277,10.4167],[9.8410026,10.4170036],[9.8401505,10.4174453],[9.8394538,10.4174962],[9.8385499,10.4179039],[9.8383139,10.4175415],[9.8378815,10.4173468],[9.8377209,10.416862],[9.8375654,10.4173094],[9.8377266,10.4180115],[9.8380318,10.4186967],[9.8386363,10.4188439],[9.8395344,10.4188552],[9.8407608,10.418742],[9.840968,10.4185381],[9.8416301,10.4182663],[9.8416532,10.4188382],[9.8418892,10.4190251],[9.8425743,10.4187646],[9.8428968,10.4192063],[9.8435761,10.4188835],[9.8441,10.4188948],[9.8443994,10.4191893],[9.8443131,10.4194951],[9.8439907,10.4199141],[9.8435243,10.4201123],[9.8434092,10.420486],[9.8437604,10.4206842],[9.8433861,10.4212731],[9.8437143,10.4210862],[9.8442958,10.4206955],[9.8448427,10.4210522],[9.8451018,10.4207578],[9.8452515,10.4207861],[9.8453379,10.4212051],[9.8462936,10.4213467],[9.8465009,10.4210013],[9.8473069,10.4208371],[9.8475257,10.4217827],[9.8479863,10.421358],[9.8478769,10.4207408],[9.8481935,10.4198518],[9.8488326,10.4203104],[9.8493796,10.4203161],[9.8495292,10.4198461],[9.8502029,10.4199311],[9.8508419,10.4198914],[9.851055,10.42005],[9.8507556,10.420486],[9.8513889,10.4207918],[9.851124,10.4210862],[9.8506289,10.4212844],[9.8502316,10.421743],[9.849915,10.4221904],[9.8506059,10.4223659],[9.8513428,10.42223],[9.8522832,10.4228416],[9.8526618,10.4228033],[9.8532977,10.4227835],[9.8534402,10.423256],[9.8536356,10.4235282],[9.8539816,10.4233401],[9.8542177,10.4234722],[9.8541567,10.4237084],[9.8545475,10.4239046],[9.8550157,10.4237204],[9.855378,10.4239687],[9.8553495,10.424277],[9.8558014,10.4245332],[9.8563795,10.4245492],[9.8567581,10.4248896],[9.8572568,10.4253892],[9.8574178,10.4246854],[9.8573992,10.4246694],[9.8553347,10.4195313],[9.8553433,10.4179775]]],[[[9.791727,9.9346211],[9.7926291,9.9348441],[9.794129,9.9350143],[9.7959743,9.9354159],[9.7972081,9.9354581],[9.7987586,9.9353546],[9.7991905,9.9354048],[9.799464,9.9354801],[9.7996706,9.9354735],[9.7999375,9.9354854],[9.8001909,9.9355528],[9.8005101,9.9357469],[9.800714,9.9358936],[9.8010868,9.9361921],[9.8018941,9.9369477],[9.8029159,9.9384805],[9.8038815,9.9406998],[9.8060937,9.942379],[9.8078318,9.9426115],[9.810984,9.9433417],[9.8129173,9.9441755],[9.8162625,9.9451382],[9.8196121,9.9455916],[9.8216076,9.9462468],[9.8220402,9.9466357],[9.8228071,9.9480126],[9.8234723,9.9493652],[9.8235796,9.9502318],[9.8235796,9.9510349],[9.8236011,9.9524298],[9.824395,9.9531484],[9.8257897,9.9534654],[9.8267553,9.952937],[9.8275729,9.9525872],[9.8287294,9.9526834],[9.8302529,9.9524721],[9.8316048,9.9526623],[9.8345445,9.9535288],[9.8361753,9.9540149],[9.837849,9.9540994],[9.8388596,9.9536017],[9.8394583,9.9527891],[9.8405312,9.95262],[9.8419045,9.953085],[9.8432992,9.9542262],[9.8442648,9.9549025],[9.8458956,9.9557902],[9.8479341,9.9569949],[9.8492644,9.9580305],[9.8510669,9.9585377],[9.8523565,9.9586951],[9.854116,9.9582724],[9.855897,9.9573848],[9.8580835,9.9564031],[9.8596092,9.9555672],[9.8601571,9.9553446],[9.860873,9.9553464],[9.8613237,9.9556],[9.8613626,9.9559509],[9.860401,9.9562974],[9.8595663,9.9566874],[9.8590727,9.9570678],[9.858856,9.95765],[9.8583432,9.9583992],[9.8581694,9.9591717],[9.8582552,9.9598269],[9.8585148,9.9605338],[9.8585315,9.9614225],[9.8585127,9.9621516],[9.8584483,9.9629125],[9.8582123,9.9631661],[9.8575922,9.9633658],[9.8570557,9.9631967],[9.8558541,9.9632813],[9.8544143,9.9628702],[9.851584,9.9627529],[9.8491572,9.9621516],[9.848065,9.9617807],[9.8470972,9.9617712],[9.8456381,9.9627645],[9.8449321,9.9630488],[9.8442219,9.9635676],[9.8437178,9.9641949],[9.8429469,9.9651437],[9.8422057,9.9665668],[9.8413458,9.9673377],[9.839641,9.9674267],[9.8381881,9.9676787],[9.8369428,9.9680197],[9.8361571,9.968242],[9.8350304,9.968583],[9.8344819,9.9692057],[9.8332218,9.971296],[9.8326881,9.9717407],[9.831932,9.9717704],[9.831176,9.9712218],[9.8308053,9.9706585],[9.830242,9.9702731],[9.8291746,9.9702731],[9.8285162,9.9705363],[9.8270991,9.9717407],[9.8261207,9.9734752],[9.8256018,9.9747502],[9.8251126,9.9758176],[9.8243121,9.9761585],[9.8232891,9.9761585],[9.822281,9.9766181],[9.8210802,9.9776558],[9.8204279,9.9783526],[9.8197015,9.9793904],[9.8189899,9.9804726],[9.8182783,9.9805615],[9.8172554,9.9803984],[9.8165142,9.9802798],[9.8157729,9.9807839],[9.8151948,9.9815993],[9.8145869,9.982385],[9.8138753,9.982637],[9.8129562,9.9825925],[9.8128376,9.9822367],[9.8127931,9.9814955],[9.8128228,9.9803836],[9.8127635,9.9793162],[9.812808,9.9784416],[9.8125263,9.9769591],[9.8114292,9.9760399],[9.8107028,9.9757138],[9.8100653,9.9755359],[9.80925,9.9750911],[9.8083457,9.9746167],[9.8073969,9.9749577],[9.8059737,9.9753876],[9.8043728,9.9760589],[9.8034535,9.9764402],[9.8017931,9.9763661],[9.8004588,9.9765292],[9.799006,9.9768257],[9.7980572,9.9775817],[9.7974494,9.9787677],[9.7969157,9.9802947],[9.7973011,9.9824443],[9.7974346,9.9833782],[9.7972863,9.9845494],[9.7965863,9.9857235],[9.7962189,9.9865804],[9.7958483,9.9868769],[9.7949143,9.9871734],[9.7931798,9.9869214],[9.7917863,9.9869214],[9.7902593,9.9867435],[9.7890881,9.9864173],[9.7874871,9.9861208],[9.7866272,9.9857502],[9.7855895,9.9851128],[9.7837808,9.9837637],[9.7825949,9.9827408],[9.7818091,9.9823405],[9.7810531,9.981199],[9.7801535,9.9800781],[9.7793511,9.9794872],[9.7786295,9.9791202],[9.7778332,9.9786536],[9.7770121,9.9782244],[9.7762283,9.9777329],[9.7745611,9.9770487],[9.7740883,9.9767501],[9.7734476,9.9766443],[9.773049,9.9765475],[9.7727509,9.976495],[9.7719111,9.9764515],[9.7708971,9.9766319],[9.7700138,9.9766692],[9.7680605,9.9774903],[9.7673389,9.9778449],[9.7664618,9.9779942],[9.7658583,9.9778014],[9.7652052,9.9773473],[9.7645893,9.9764639],[9.7638557,9.9752639],[9.7637371,9.9743596],[9.7629662,9.9733959],[9.7619285,9.9730401],[9.7608907,9.9726695],[9.7596751,9.9728474],[9.7586225,9.9724027],[9.7580147,9.9717652],[9.7576886,9.9711129],[9.7575823,9.9708579],[9.7571611,9.9708797],[9.7575551,9.9717356],[9.7585039,9.9727437],[9.7598382,9.9731587],[9.7610835,9.9731439],[9.7622843,9.973811],[9.7630404,9.9746116],[9.763322,9.9755011],[9.7636438,9.9768807],[9.7641539,9.9776147],[9.7647573,9.9780689],[9.7651243,9.9784359],[9.7656717,9.9787656],[9.7661507,9.9789398],[9.7666857,9.9789398],[9.7671896,9.9788464],[9.7675628,9.9785354],[9.7678428,9.9782368],[9.7689998,9.9778262],[9.769852,9.9776458],[9.7705674,9.9776458],[9.7716187,9.9777578],[9.7736591,9.9780689],[9.774642,9.9784359],[9.7757742,9.9789087],[9.7768877,9.9795121],[9.7779576,9.980159],[9.7786295,9.980526],[9.7789529,9.9810983],[9.7798819,9.9819847],[9.7819574,9.9838823],[9.7826245,9.9849497],[9.7833657,9.9861653],[9.7843294,9.9868769],[9.7861973,9.9874403],[9.7871757,9.9879147],[9.7884359,9.9880333],[9.7894884,9.988478],[9.7900666,9.9887449],[9.7906003,9.9886559],[9.791638,9.9889228],[9.7924237,9.9890265],[9.7933429,9.9886263],[9.7941731,9.9887597],[9.7954332,9.9884187],[9.7966637,9.9879591],[9.7974642,9.9874847],[9.7984426,9.9863432],[9.7994656,9.9852462],[9.7996693,9.9848421],[9.7995842,9.9834079],[9.7992728,9.9823998],[9.7988726,9.9809025],[9.7988429,9.9804874],[9.7993025,9.9796276],[9.7998955,9.9791087],[9.800696,9.9786491],[9.801882,9.9783081],[9.8032607,9.9780561],[9.8041799,9.9775669],[9.8050397,9.9775965],[9.8059995,9.9774677],[9.8071893,9.9772111],[9.8078268,9.976796],[9.8088497,9.9766626],[9.809754,9.9771666],[9.8108955,9.9780561],[9.8113699,9.9787974],[9.8114589,9.9796572],[9.8113699,9.9813769],[9.8116961,9.9818809],[9.8121853,9.9825481],[9.8127487,9.9831707],[9.8132823,9.9835117],[9.8137864,9.9836599],[9.8144535,9.9834079],[9.8149724,9.9828742],[9.8156247,9.9818068],[9.8166476,9.9810507],[9.8175519,9.9809025],[9.8182487,9.9810507],[9.818812,9.9811842],[9.8194791,9.9809173],[9.8204576,9.9794645],[9.8217474,9.9778189],[9.822874,9.9768405],[9.8234522,9.9766478],[9.8244751,9.9767664],[9.8251422,9.9766626],[9.8255722,9.9761289],[9.8268175,9.9734901],[9.8272622,9.972734],[9.8280902,9.9715449],[9.8290223,9.9712929],[9.8299252,9.9715154],[9.8306996,9.9717181],[9.8312353,9.9720076],[9.8319172,9.9723485],[9.8325695,9.9722892],[9.833207,9.9719186],[9.834052,9.9709402],[9.8348525,9.969769],[9.8359496,9.9689685],[9.8374765,9.9685089],[9.8389146,9.9681531],[9.8402784,9.9680197],[9.84142,9.9679307],[9.8420871,9.9673674],[9.8429321,9.9663296],[9.8437475,9.9648768],[9.8452325,9.963873],[9.8463677,9.9635254],[9.8479555,9.9632929],[9.8492859,9.9631238],[9.8518823,9.9632929],[9.8540924,9.9635676],[9.8552082,9.9637156],[9.8564957,9.9639058],[9.8585771,9.9637367],[9.8592423,9.9632506],[9.8595856,9.9624052],[9.8594139,9.9615097],[9.8590921,9.9605454],[9.8590062,9.9596789],[9.8593495,9.9588336],[9.8597358,9.9580939],[9.8604868,9.9575232],[9.8614524,9.9567624],[9.8629544,9.9572485],[9.8644994,9.9572485],[9.8654772,9.9570921],[9.8658983,9.9570855],[9.8664844,9.9568887],[9.8676322,9.9567624],[9.8693274,9.9568681],[9.87128,9.9565299],[9.8732219,9.9555102],[9.8743936,9.9545052],[9.8746296,9.9541512],[9.8757432,9.9524721],[9.8759814,9.9512769],[9.8761294,9.9505277],[9.8769899,9.9495438],[9.8779126,9.9490789],[9.8796721,9.9496495],[9.8811935,9.9505699],[9.8823093,9.9521339],[9.8831676,9.9527891],[9.8844765,9.9531695],[9.8853155,9.9528831],[9.8857017,9.9521857],[9.8863454,9.9513826],[9.8876522,9.9506122],[9.8878239,9.9500627],[9.8884461,9.9494709],[9.8894139,9.9489098],[9.8900791,9.948635],[9.890549,9.948541],[9.8912807,9.9485716],[9.8938964,9.946977],[9.8964949,9.945824],[9.89866,9.9454552],[9.9013658,9.9447884],[9.904003,9.9445464],[9.9051402,9.9451593],[9.9054857,9.9451477],[9.9068354,9.9453496],[9.908125,9.945655],[9.9096249,9.9464486],[9.9116226,9.9474937],[9.9125667,9.9477262],[9.9147747,9.9490271],[9.9162553,9.9501472],[9.9175642,9.950739],[9.9194975,9.9515094],[9.9220918,9.9529793],[9.9232076,9.9542262],[9.9241303,9.9552407],[9.9260185,9.9566567],[9.9268125,9.9572907],[9.9280999,9.9579882],[9.929411,9.9590967],[9.9302264,9.9603436],[9.9304839,9.9607452],[9.930707,9.9615493],[9.9309431,9.9622362],[9.9310237,9.9624735],[9.9310504,9.962717],[9.9310691,9.9629574],[9.9312034,9.9630969],[9.9313107,9.9632713],[9.9314929,9.9636178],[9.9317713,9.9647289],[9.9319087,9.9652372],[9.9325309,9.9659346],[9.9329193,9.9668635],[9.9330481,9.9683534],[9.9327026,9.9705206],[9.9327348,9.9714822],[9.932488,9.972243],[9.9323056,9.9737752],[9.93293,9.9756656],[9.9335523,9.9773774],[9.9360178,9.9789317],[9.9369212,9.9795963],[9.9383996,9.9814465],[9.9397321,9.9842456],[9.9411676,9.9857365],[9.9421783,9.9871619],[9.947414,9.9866547],[9.9470063,9.9853445],[9.9466179,9.9840459],[9.9449249,9.982724],[9.9440001,9.9815311],[9.9429272,9.9806857],[9.9413608,9.9799672],[9.9405239,9.9791008],[9.9399467,9.977483],[9.9395605,9.9764052],[9.939024,9.9753063],[9.9384661,9.9736156],[9.9377559,9.9721902],[9.9371787,9.970657],[9.9361702,9.9672122],[9.9358477,9.9660739],[9.9353333,9.9642323],[9.9356505,9.9626848],[9.9358007,9.9622278],[9.9358309,9.9620159],[9.9358195,9.9617153],[9.9359534,9.960482],[9.9357174,9.9592562],[9.934239,9.9561801],[9.932885,9.9546067],[9.9315975,9.9530638],[9.9280377,9.9499665],[9.9274347,9.9480971],[9.9254177,9.9455398],[9.9230145,9.9440814],[9.9212764,9.946047],[9.9249478,9.9475783],[9.9274798,9.9508331],[9.9296878,9.9533809],[9.9319409,9.9555789],[9.9331425,9.9575444],[9.9329923,9.9596155],[9.9327584,9.9599632],[9.9316619,9.9585588],[9.9303766,9.9569198],[9.9290655,9.9554098],[9.9282737,9.9548698],[9.9273489,9.9535288],[9.9264262,9.9521339],[9.9250529,9.9514999],[9.9229501,9.9510772],[9.9211906,9.9506122],[9.9203537,9.9499147],[9.9187251,9.9490789],[9.9170063,9.9483296],[9.9158905,9.9476744],[9.9155472,9.9472729],[9.9144958,9.9467022],[9.9134229,9.9453707],[9.912586,9.9452228],[9.9122449,9.9445982],[9.9117706,9.9442505],[9.9109552,9.9442717],[9.9093674,9.943849],[9.9071358,9.9433417],[9.9065779,9.9431092],[9.9063869,9.9427806],[9.9054621,9.9426231],[9.9050329,9.9423061],[9.9039171,9.9420102],[9.9025009,9.9420102],[9.9012135,9.9421159],[9.899411,9.9425386],[9.8976536,9.9432878],[9.8943921,9.9452534],[9.8929093,9.9463641],[9.8916433,9.9472095],[9.8894332,9.9478858],[9.8881908,9.948318],[9.8870729,9.9494075],[9.8857639,9.949957],[9.8841117,9.9499993],[9.8824165,9.9498091],[9.8809789,9.9492173],[9.8797579,9.9483603],[9.8785349,9.9476628],[9.8778246,9.9475688],[9.8765157,9.9481605],[9.8752089,9.9491634],[9.8735974,9.9505699],[9.87287,9.9516573],[9.8727391,9.9518169],[9.871486,9.952582],[9.8705151,9.9531262],[9.8695012,9.9539399],[9.8686407,9.9545855],[9.8675914,9.9548909],[9.8666239,9.9546907],[9.8658427,9.954702],[9.8650306,9.9547277],[9.8638771,9.9547757],[9.8633192,9.9544376],[9.8625467,9.9536556],[9.8612829,9.9536017],[9.8600014,9.9540652],[9.8591779,9.954353],[9.8582123,9.9544376],[9.8572682,9.9551773],[9.8558734,9.9560015],[9.8548649,9.9569103],[9.851539,9.9572696],[9.848065,9.9559477],[9.8467753,9.955135],[9.8441382,9.9542992],[9.8432992,9.9531906],[9.8417543,9.9522396],[9.8406599,9.951986],[9.8391793,9.952155],[9.8376365,9.9527352],[9.8358534,9.9526623],[9.8330875,9.9519532],[9.8312185,9.9515844],[9.8293732,9.9514576],[9.8289655,9.9515421],[9.8280857,9.951373],[9.8264549,9.9520705],[9.826176,9.9522184],[9.8246739,9.9521973],[9.824483,9.9513614],[9.8248907,9.9507908],[9.8253842,9.9500511],[9.8252318,9.9481817],[9.8246546,9.9465426],[9.8229966,9.9455547],[9.8211978,9.944483],[9.8173354,9.9442505],[9.8127006,9.9422427],[9.809718,9.9418622],[9.8089026,9.9416297],[9.8072718,9.9416297],[9.8055981,9.9407421],[9.8047183,9.9397064],[9.8040553,9.9385746],[9.8034309,9.9372969],[9.8027442,9.9360499],[9.8023441,9.9356978],[9.8021658,9.9355753],[9.8018269,9.9353155],[9.8002551,9.9343591],[9.7995041,9.9341433],[9.7988645,9.9348106],[9.7962262,9.9346702],[9.7941659,9.9349733],[9.7916628,9.9336869],[9.791727,9.9346211]]],[[[10.2550554,10.3063026],[10.26114,10.3077057],[10.2624131,10.3078765],[10.2617867,10.3063901],[10.2598555,10.3056723],[10.2583534,10.3052923],[10.2548902,10.3054823],[10.2522166,10.3063479],[10.249942,10.308079],[10.2472384,10.3101479],[10.2440197,10.3107813],[10.2381832,10.3117946],[10.2319176,10.3120479],[10.2280552,10.3125546],[10.2242357,10.3123013],[10.2205579,10.3115624],[10.2182834,10.3077624],[10.2169831,10.306559],[10.2141506,10.3062634],[10.2122624,10.3048279],[10.2098162,10.3037322],[10.2067692,10.3025077],[10.2048938,10.3016822],[10.2041535,10.3004387],[10.2030377,10.2989609],[10.2012782,10.2990454],[10.2001195,10.2986231],[10.1981883,10.2974599],[10.1955801,10.293464],[10.1938635,10.2892415],[10.1907736,10.2873836],[10.1883704,10.2873836],[10.1851088,10.2865391],[10.1833922,10.2821476],[10.1797873,10.2772493],[10.1772124,10.2709997],[10.176052,10.2681094],[10.1757706,10.2674512],[10.1750394,10.2663642],[10.1738124,10.2645871],[10.172923,10.2641683],[10.1711605,10.2630286],[10.1696256,10.2619603],[10.1681732,10.2611386],[10.1672921,10.2603391],[10.1658234,10.2599748],[10.1638651,10.2598691],[10.1619077,10.2600784],[10.1600911,10.2597908],[10.1592402,10.2598807],[10.1570636,10.2597194],[10.1542234,10.2595085],[10.1524562,10.2587327],[10.1518709,10.2577663],[10.1504332,10.2551217],[10.1485407,10.2521794],[10.1477939,10.2511362],[10.1473046,10.2498822],[10.1470325,10.2466033],[10.146768,10.2435131],[10.1457274,10.2404633],[10.1456312,10.2397527],[10.145843,10.2384927],[10.1463133,10.2375536],[10.1460551,10.2334014],[10.1460147,10.2322098],[10.1459909,10.2315094],[10.1460148,10.2302296],[10.1452634,10.2292089],[10.143973,10.2282845],[10.1419002,10.227491],[10.1412264,10.2272987],[10.1395643,10.2264871],[10.1383418,10.2256387],[10.1371288,10.2246998],[10.1356587,10.2242979],[10.1340252,10.2244265],[10.130091,10.2236041],[10.1276994,10.2237071],[10.1252082,10.2241453],[10.1215941,10.2245459],[10.1179039,10.2257132],[10.1142126,10.2247148],[10.1090628,10.2255595],[10.1021963,10.2204914],[10.0960165,10.2157611],[10.0925833,10.2111997],[10.0900084,10.2078208],[10.0886351,10.2059624],[10.0879485,10.2020767],[10.0864035,10.1983598],[10.0848586,10.194305],[10.082112,10.1885606],[10.0827986,10.1834919],[10.0823694,10.1800705],[10.0809103,10.1775784],[10.0791937,10.1714958],[10.0761038,10.165413],[10.0761038,10.1615268],[10.0762755,10.1579784],[10.076871,10.1550795],[10.0765545,10.1515152],[10.0745589,10.1485159],[10.0723273,10.1464882],[10.0690657,10.1454743],[10.0652892,10.1441225],[10.0619203,10.1415879],[10.0584227,10.1343216],[10.0555045,10.129928],[10.0549895,10.1248584],[10.0532729,10.1224926],[10.0506979,10.1201267],[10.0493246,10.1164089],[10.0477797,10.114043],[10.0441748,10.1121841],[10.0429276,10.111344],[10.0409132,10.1099872],[10.037995,10.1072832],[10.0352484,10.1042412],[10.0326735,10.1005231],[10.0326735,10.0979881],[10.0313002,10.0944391],[10.0288969,10.0947771],[10.0300986,10.0995091],[10.0309569,10.1033962],[10.0333601,10.1067762],[10.0371367,10.1103251],[10.0397116,10.1121841],[10.0424022,10.1131376],[10.0440031,10.113705],[10.0474364,10.1177609],[10.050183,10.1231686],[10.0544745,10.1317869],[10.0573927,10.1377013],[10.0579941,10.1411079],[10.0591201,10.1444921],[10.0616628,10.1463403],[10.0628328,10.147001],[10.0639594,10.1469528],[10.0645266,10.1469284],[10.0648089,10.1469179],[10.06495,10.146913],[10.0650799,10.1469107],[10.0678265,10.1484473],[10.071072,10.1512724],[10.0733572,10.1559507],[10.0728106,10.1601387],[10.0733358,10.1644626],[10.0757605,10.1686234],[10.0780243,10.1789195],[10.0789046,10.1825263],[10.0790092,10.183482],[10.0794298,10.1877792],[10.0801808,10.1937771],[10.083614,10.1977474],[10.0842047,10.2004142],[10.0846011,10.2033016],[10.0863284,10.207578],[10.0867581,10.2093789],[10.0882918,10.210355],[10.0896651,10.210355],[10.09121,10.2120444],[10.0925732,10.2153763],[10.0940049,10.218348],[10.0948906,10.2199483],[10.0973689,10.2212364],[10.1004368,10.2244825],[10.1073677,10.228273],[10.1104254,10.2278612],[10.1152426,10.2277556],[10.1193625,10.2277556],[10.1220238,10.2275715],[10.123654,10.226911],[10.1290023,10.2266047],[10.1357508,10.2259375],[10.1390554,10.2286243],[10.1399142,10.2291447],[10.1406786,10.2295195],[10.1414377,10.2298086],[10.1416871,10.2299049],[10.1419148,10.2300769],[10.1420492,10.2302481],[10.1423896,10.2307561],[10.1430991,10.231604],[10.1432788,10.2329463],[10.1442566,10.2350899],[10.1439519,10.2366564],[10.1439682,10.2374159],[10.1442173,10.2380589],[10.1446298,10.2399597],[10.1451416,10.2449052],[10.1450086,10.2464523],[10.1454244,10.2481004],[10.1461443,10.2507753],[10.1467597,10.2523171],[10.1482016,10.2542032],[10.148549,10.2550276],[10.1493679,10.2580167],[10.1505888,10.2606062],[10.1512629,10.260366],[10.1517956,10.260443],[10.1535982,10.2621212],[10.1549965,10.2628128],[10.1565884,10.2628891],[10.1579916,10.2622584],[10.1619563,10.2626438],[10.1643849,10.2627935],[10.1669193,10.2639544],[10.1692422,10.2655047],[10.1715832,10.2666464],[10.172809,10.2675354],[10.1736075,10.270324],[10.1753998,10.273212],[10.1767725,10.2764365],[10.1788646,10.2808174],[10.1792622,10.2830719],[10.1803666,10.2856629],[10.1810861,10.2875478],[10.1827383,10.288614],[10.184648,10.2893108],[10.1868254,10.2890726],[10.190602,10.2905927],[10.191825,10.2939707],[10.1924372,10.2962356],[10.1952368,10.2975175],[10.1970787,10.2983759],[10.1976304,10.2992987],[10.1989715,10.2999933],[10.2004306,10.3022734],[10.2022223,10.3049968],[10.2026944,10.3068123],[10.2036814,10.3085857],[10.2061276,10.3102324],[10.2081854,10.3105279],[10.2102883,10.3094301],[10.2110178,10.3083324],[10.2125199,10.3087968],[10.2153523,10.3087546],[10.2180081,10.3121035],[10.2187183,10.3114827],[10.2215901,10.3131308],[10.2344248,10.3142533],[10.2456433,10.3121019],[10.2550554,10.3063026]]],[[[9.9544714,10.2169286],[9.9550829,10.2166119],[9.9554584,10.21582],[9.955555,10.2150703],[9.9563951,10.214167],[9.9571536,10.2135181],[9.9576686,10.2127051],[9.9571965,10.2125573],[9.956703,10.2132331],[9.9562019,10.2137974],[9.9555014,10.2142995],[9.9550647,10.2148005],[9.9549435,10.2153448],[9.9549542,10.2159783],[9.9547611,10.2163901],[9.954407,10.2166752],[9.9540744,10.2166752],[9.9535058,10.216369],[9.9528331,10.2162365],[9.9519179,10.2161262],[9.9513064,10.2161578],[9.9505908,10.2160148],[9.9501584,10.2162951],[9.9491284,10.2165168],[9.9482701,10.216464],[9.9477825,10.2162655],[9.9471575,10.216416],[9.9464709,10.2169545],[9.9453626,10.2176149],[9.9441288,10.2181746],[9.9434207,10.2184385],[9.9437136,10.2188973],[9.9443434,10.2186814],[9.9451909,10.2183752],[9.9458561,10.2181218],[9.9468893,10.2175775],[9.9475438,10.2170601],[9.9479407,10.2168911],[9.9485276,10.2170342],[9.9492464,10.2169603],[9.949976,10.2167491],[9.9506734,10.2163479],[9.9515102,10.2166647],[9.9524683,10.2167222],[9.9531303,10.2165168],[9.9534307,10.2166963],[9.9541313,10.2169862],[9.9544714,10.2169286]]],[[[9.9945543,10.34728],[9.9948333,10.348251],[9.9950049,10.3492009],[9.9954577,10.3498658],[9.9957152,10.3502458],[9.9962302,10.3500769],[9.9962946,10.3496336],[9.9967645,10.3495598],[9.9970649,10.3499608],[9.9967452,10.3507735],[9.9976035,10.3499292],[9.9982901,10.3497181],[9.9985669,10.3502986],[9.9989768,10.3499714],[9.9993394,10.3504252],[9.9999402,10.3508685],[10.0004981,10.3510162],[10.001056,10.3509318],[10.0016139,10.3511007],[10.0017019,10.3514701],[10.0010989,10.3517128],[10.0005839,10.3520295],[10.0004552,10.3526627],[10.0009487,10.3526205],[10.0016375,10.3525677],[10.0020881,10.3525255],[10.0023006,10.3520717],[10.002131,10.3515756],[10.0018929,10.3512484],[10.0019572,10.3509107],[10.0025366,10.3510585],[10.0028155,10.351755],[10.003073,10.3521561],[10.0035022,10.3521561],[10.0039549,10.35185],[10.0041481,10.3521878],[10.0032039,10.3524411],[10.0022956,10.3528216],[10.001488,10.3533334],[10.0010174,10.3534606],[10.0007618,10.3536542],[10.0005898,10.3539279],[10.0004563,10.3543946],[10.0004363,10.3546225],[10.0005816,10.3544035],[10.0007912,10.3539301],[10.0010377,10.3536653],[10.0012956,10.3535496],[10.001739,10.3536475],[10.00211,10.3535896],[10.003073,10.3534859],[10.0037811,10.353296],[10.0038906,10.3539186],[10.0038884,10.3544358],[10.0045107,10.3543725],[10.0047896,10.3535915],[10.0051115,10.3531482],[10.0057767,10.3531904],[10.0063346,10.3530004],[10.0069783,10.3525149],[10.0074933,10.3525149],[10.0072358,10.3523039],[10.0072358,10.3518395],[10.0073431,10.3512062],[10.0078366,10.3509107],[10.0080941,10.3512484],[10.0085254,10.351449],[10.0089117,10.35185],[10.0093408,10.3523144],[10.0088666,10.3515017],[10.0088881,10.3511218],[10.0085233,10.3508052],[10.0089739,10.3506574],[10.0089739,10.350383],[10.0081585,10.3502986],[10.0079654,10.3499608],[10.0078431,10.3496317],[10.0083312,10.3495241],[10.0086027,10.3497109],[10.0087561,10.3494924],[10.0091073,10.349296],[10.0093183,10.349714],[10.0100822,10.349333],[10.0114737,10.3489964],[10.0116089,10.3484644],[10.0118009,10.3481182],[10.0121721,10.3481056],[10.0122118,10.3476644],[10.0123009,10.3473968],[10.0128577,10.3472438],[10.0131919,10.3473251],[10.0134993,10.3470026],[10.014245,10.3468528],[10.0139843,10.3448173],[10.0140089,10.3443762],[10.0138796,10.3439463],[10.0140514,10.3437676],[10.0140226,10.3436047],[10.0139901,10.3434448],[10.013179,10.3437619],[10.0133362,10.3443567],[10.0128223,10.3447957],[10.012435,10.34444],[10.0125004,10.3439957],[10.0123921,10.3437213],[10.0120327,10.3435725],[10.010419,10.3439967],[10.0100543,10.3437223],[10.0096037,10.3438701],[10.0093301,10.3434659],[10.0085501,10.343468],[10.0070642,10.3453591],[10.0042317,10.3459502],[10.0032876,10.3447259],[10.0020216,10.3451269],[10.0004123,10.3451058],[9.9991677,10.3444514],[9.9989961,10.3451058],[9.9977301,10.3459713],[9.9959062,10.3463301],[9.9949406,10.3449581],[9.9944041,10.3425728],[9.9934385,10.3407152],[9.9927304,10.3409685],[9.992797,10.34252],[9.992945,10.3434382],[9.9913357,10.3436282],[9.9906275,10.3434223],[9.9900482,10.3434171],[9.9885033,10.3436493],[9.9873875,10.3435015],[9.9873252,10.3446098],[9.9864648,10.3450847],[9.9854348,10.3455702],[9.985585,10.3460768],[9.9864004,10.3454858],[9.9874325,10.3457074],[9.9884818,10.3453802],[9.9894045,10.3450003],[9.9899839,10.3450425],[9.9901662,10.3452325],[9.9906726,10.3452008],[9.9914451,10.3448209],[9.9919794,10.3452536],[9.9914644,10.3456758],[9.9920867,10.345908],[9.9932669,10.3458446],[9.9939321,10.3462246],[9.9934192,10.3464251],[9.9940823,10.3468367],[9.9945543,10.34728]]],[[[9.853219,10.4050688],[9.8530236,10.4049847],[9.8528607,10.4050608],[9.8527407,10.4050368],[9.8526287,10.4051709],[9.8524903,10.405241],[9.852305,10.4051229],[9.8521544,10.405279],[9.8521157,10.4054732],[9.8519631,10.4055093],[9.8518857,10.4056434],[9.851727,10.4057615],[9.85156,10.4057475],[9.8514745,10.4057855],[9.8516313,10.4059017],[9.851843,10.4058616],[9.8519366,10.4059858],[9.8521198,10.4060879],[9.8518857,10.40625],[9.8519285,10.4063782],[9.8521381,10.4063161],[9.8522664,10.4063942],[9.8521951,10.4066524],[9.8518572,10.4067866],[9.8517921,10.4066985],[9.8515702,10.4066284],[9.8514908,10.4064702],[9.8513606,10.4063802],[9.8512079,10.4065103],[9.8510695,10.4068106],[9.851041,10.4069808],[9.8511265,10.4071069],[9.8512608,10.4071469],[9.8516089,10.4076034],[9.8518755,10.4077956],[9.8519203,10.4080078],[9.8519671,10.4083021],[9.8520201,10.4083822],[9.8525371,10.408148],[9.8534185,10.4083782],[9.8537482,10.4086205],[9.8537564,10.4087566],[9.853789,10.4088227],[9.8539234,10.4087962],[9.8534625,10.4058158],[9.8534063,10.4058176],[9.8533147,10.4053491],[9.8531681,10.405299],[9.853219,10.4050688]]],[[[9.8559941,10.4279818],[9.8562424,10.42845],[9.8558638,10.4289345],[9.8558271,10.429503],[9.8556154,10.4297192],[9.8556317,10.4302237],[9.8552062,10.4307873],[9.8538179,10.4322468],[9.8533392,10.4347107],[9.8536903,10.4366724],[9.8543764,10.4352129],[9.8553592,10.4336862],[9.8553592,10.4336861],[9.8559454,10.4311228],[9.8569572,10.426699],[9.8565479,10.4269914],[9.8559941,10.4279818]]]]}},{"type":"Feature","properties":{"kind":"road","id":"road-23577399-0","name":"Maiduguri Bypass","osmWay":23577399,"major":true,"bridge":false},"geometry":{"type":"LineString","coordinates":[[9.8229167,10.3211283],[9.8264921,10.3250219],[9.8288812,10.3281052],[9.83178,10.3307468],[9.8328517,10.332003],[9.8340854,10.3341518],[9.8372167,10.3433052],[9.8378182,10.3441725],[9.8383929,10.3447322],[9.8393449,10.3453009],[9.8405534,10.3456764]]}},{"type":"Feature","properties":{"kind":"road","id":"road-23587791-0","name":"A3","osmWay":23587791,"major":true,"bridge":false},"geometry":{"type":"LineString","coordinates":[[9.8005202,10.3142689],[9.8021207,10.314594],[9.803743,10.3152047],[9.804895,10.3158247],[9.8078904,10.3178442],[9.8105212,10.3189692],[9.8165999,10.3203609],[9.8221528,10.3205927]]}},{"type":"Feature","properties":{"kind":"road","id":"road-28907969-0","name":"A345","osmWay":28907969,"major":true,"bridge":false},"geometry":{"type":"LineString","coordinates":[[9.8226971,10.3205194],[9.8253735,10.3199742],[9.8331449,10.3180108]]}},{"type":"Feature","properties":{"kind":"road","id":"road-28907970-0","name":"Yankari National Park approach road","osmWay":28907970,"major":false,"bridge":false},"geometry":{"type":"LineString","coordinates":[[10.1508938,10.2286287],[10.1517198,10.2267808],[10.1520739,10.2253516],[10.15209,10.2246692],[10.1516379,10.2212518],[10.1516823,10.2205721],[10.1520729,10.2191616],[10.153016,10.2177296],[10.1546369,10.2160489],[10.1560249,10.2141518],[10.1596472,10.2059314],[10.1604626,10.2031042],[10.1609668,10.2017896],[10.1629563,10.1979369],[10.1637352,10.196066],[10.1643416,10.1937834],[10.1650706,10.1880491],[10.1657143,10.185891],[10.1699836,10.1784067],[10.1717878,10.1745885],[10.1736025,10.1719969],[10.1760682,10.1667926],[10.1769959,10.1640862],[10.1781222,10.1587051],[10.178722,10.1572264],[10.1798804,10.1549441],[10.1803149,10.1536782],[10.1805542,10.152653],[10.1810681,10.148366]]}},{"type":"Feature","properties":{"kind":"road","id":"road-28918941-0","name":"Unnamed mapped primary","osmWay":28918941,"major":true,"bridge":false},"geometry":{"type":"LineString","coordinates":[[9.8463738,10.3261651],[9.8463918,10.3218774],[9.8456373,10.3183359],[9.8457325,10.3165711],[9.8460135,10.314734]]}},{"type":"Feature","properties":{"kind":"road","id":"road-42755960-0","name":"A345","osmWay":42755960,"major":true,"bridge":false},"geometry":{"type":"LineString","coordinates":[[10.1459146,10.2400039],[10.1483007,10.2397235],[10.1505999,10.2384486],[10.1514776,10.2381807],[10.1552493,10.2384111],[10.1564037,10.2388849],[10.1630089,10.2434217],[10.1640547,10.2439488],[10.1667179,10.2442544],[10.1709279,10.2450204],[10.1765691,10.2454168]]}},{"type":"Feature","properties":{"kind":"road","id":"road-169131587-0","name":"A345","osmWay":169131587,"major":true,"bridge":false},"geometry":{"type":"LineString","coordinates":[[9.9024905,10.2968535],[9.9222105,10.2879478],[9.9229576,10.2874785],[9.9246716,10.2859387],[9.9254501,10.2855137],[9.9310972,10.2841105],[9.9627311,10.2713804],[9.9657525,10.2697805],[9.9670318,10.2694644],[9.970194,10.2690822],[9.9733637,10.2679796],[9.9741886,10.2676067],[9.9765493,10.2658773],[9.9822965,10.263583],[9.9881013,10.2616555],[9.9900162,10.2614582],[9.9953264,10.2612223],[10.0053201,10.2647798],[10.0099244,10.266665],[10.0126983,10.2669397],[10.0164663,10.2684826],[10.0212332,10.2697643],[10.0255019,10.2703166],[10.026477,10.2702979],[10.0271715,10.2701042],[10.0293584,10.2691291],[10.0360391,10.2673737],[10.0397752,10.2672313],[10.043158,10.2676185],[10.0493459,10.2662398],[10.0697955,10.2578582],[10.0782448,10.2553335],[10.0845198,10.2552846],[10.0954695,10.2538553],[10.0979269,10.2537736],[10.1007217,10.2531679],[10.1109978,10.2528574],[10.1164858,10.2517946],[10.1198298,10.2515446],[10.1229371,10.2514087],[10.1261544,10.2522771],[10.1324522,10.252124],[10.1334876,10.2519999],[10.1343164,10.251641],[10.1350567,10.251022],[10.1378448,10.247381],[10.1387219,10.2460362],[10.14116,10.2413314],[10.1417756,10.2407903],[10.1424877,10.2404115],[10.144499,10.2401116]]}},{"type":"Feature","properties":{"kind":"road","id":"road-169131589-0","name":"Unnamed mapped secondary","osmWay":169131589,"major":false,"bridge":true},"geometry":{"type":"LineString","coordinates":[[9.7740872,9.9896438],[9.7743103,9.9890195]]}},{"type":"Feature","properties":{"kind":"road","id":"road-169131591-0","name":"Unnamed mapped secondary","osmWay":169131591,"major":false,"bridge":true},"geometry":{"type":"LineString","coordinates":[[9.7789842,9.979271],[9.7781665,9.9809118]]}},{"type":"Feature","properties":{"kind":"road","id":"road-169131592-0","name":"Unnamed mapped secondary","osmWay":169131592,"major":false,"bridge":false},"geometry":{"type":"LineString","coordinates":[[9.7802389,9.9765459],[9.7789842,9.979271]]}},{"type":"Feature","properties":{"kind":"road","id":"road-169131593-0","name":"Unnamed mapped secondary","osmWay":169131593,"major":false,"bridge":false},"geometry":{"type":"LineString","coordinates":[[9.7781665,9.9809118],[9.7748127,9.9877483]]}},{"type":"Feature","properties":{"kind":"road","id":"road-169135078-0","name":"Unnamed mapped secondary","osmWay":169135078,"major":false,"bridge":false},"geometry":{"type":"LineString","coordinates":[[9.6621162,10.1070699],[9.6689598,10.1006572],[9.6703519,10.0998412],[9.6781558,10.0960453],[9.6799904,10.0947514],[9.6813154,10.093365],[9.6822408,10.0919945],[9.6951757,10.0691185],[9.6960274,10.0679502],[9.6975164,10.0665479],[9.6984065,10.0658786],[9.6999514,10.065066],[9.7037521,10.0636505],[9.70604,10.0625704],[9.7272717,10.0497714],[9.7294758,10.0480514],[9.7400511,10.0388973],[9.7419199,10.0376335],[9.744527,10.0365031],[9.7537632,10.0330782],[9.7552887,10.032334],[9.7567257,10.031094],[9.7618943,10.0256372],[9.767012,10.0209278],[9.7675538,10.0202965],[9.7686186,10.0186405],[9.7694367,10.0164614],[9.7735016,9.9926252]]}},{"type":"Feature","properties":{"kind":"road","id":"road-169135086-0","name":"Unnamed mapped secondary","osmWay":169135086,"major":false,"bridge":false},"geometry":{"type":"LineString","coordinates":[[9.7715966,9.964126],[9.7785026,9.9706417],[9.7796851,9.9719477],[9.780495,9.9737707],[9.7804966,9.9753282],[9.7802389,9.9765459]]}},{"type":"Feature","properties":{"kind":"road","id":"road-169142633-0","name":"Langtang - Bauchi Federal Road","osmWay":169142633,"major":true,"bridge":false},"geometry":{"type":"LineString","coordinates":[[9.7974925,10.2784329],[9.795713,10.275289],[9.7948627,10.2742452],[9.7817163,10.2632696],[9.7792898,10.2608431],[9.774659,10.2567046]]}},{"type":"Feature","properties":{"kind":"road","id":"road-169142634-0","name":"Langtang - Bauchi Federal Road","osmWay":169142634,"major":true,"bridge":false},"geometry":{"type":"LineString","coordinates":[[9.8151409,10.3139554],[9.8155506,10.3142076],[9.8198462,10.3154194],[9.8250142,10.3162261]]}},{"type":"Feature","properties":{"kind":"road","id":"road-169142635-0","name":"Langtang - Bauchi Federal Road","osmWay":169142635,"major":true,"bridge":false},"geometry":{"type":"LineString","coordinates":[[9.8083913,10.3023853],[9.8083922,10.3027112],[9.8107111,10.3074567],[9.8146212,10.313018],[9.8150336,10.3138598]]}},{"type":"Feature","properties":{"kind":"road","id":"road-169142641-0","name":"Langtang - Bauchi Federal Road","osmWay":169142641,"major":true,"bridge":true},"geometry":{"type":"LineString","coordinates":[[9.7126461,10.1901526],[9.7128836,10.1903266]]}},{"type":"Feature","properties":{"kind":"road","id":"road-169142644-0","name":"A345","osmWay":169142644,"major":true,"bridge":true},"geometry":{"type":"LineString","coordinates":[[10.144499,10.2401116],[10.1459146,10.2400039]]}},{"type":"Feature","properties":{"kind":"road","id":"road-169142645-0","name":"Langtang - Bauchi Federal Road","osmWay":169142645,"major":true,"bridge":false},"geometry":{"type":"LineString","coordinates":[[9.7128836,10.1903266],[9.715118,10.1919284],[9.7160313,10.192756],[9.7165955,10.1937225],[9.7181529,10.1977982],[9.7185712,10.1985894],[9.719063,10.1992044],[9.7215442,10.2015202],[9.7221252,10.2023848],[9.7262713,10.2137981],[9.7267051,10.2149409],[9.7272094,10.2157868],[9.7280077,10.2166],[9.7344158,10.2220389],[9.7394511,10.2267005]]}},{"type":"Feature","properties":{"kind":"road","id":"road-169143887-0","name":"A3","osmWay":169143887,"major":true,"bridge":false},"geometry":{"type":"LineString","coordinates":[[9.6313181,10.2392701],[9.6217541,10.2393977],[9.6199887,10.2392332],[9.6179668,10.2387803],[9.6158104,10.2380278],[9.6136002,10.2369004],[9.6062606,10.2317342]]}},{"type":"Feature","properties":{"kind":"road","id":"road-169143887-1","name":"A3","osmWay":169143887,"major":true,"bridge":false},"geometry":{"type":"LineString","coordinates":[[9.6473377,10.2422175],[9.6371208,10.2396468],[9.6350635,10.239318],[9.6337314,10.2392403]]}},{"type":"Feature","properties":{"kind":"road","id":"road-169143887-2","name":"A3","osmWay":169143887,"major":true,"bridge":false},"geometry":{"type":"LineString","coordinates":[[9.73575,10.2975725],[9.7300671,10.2902302],[9.7282853,10.2885148],[9.726261,10.2870556],[9.7246859,10.2861942],[9.7225986,10.2853521],[9.7128787,10.282575],[9.7115065,10.2819846],[9.7092041,10.2807115],[9.7051035,10.2782285],[9.7015799,10.2758707],[9.6937609,10.2699377],[9.6918043,10.2685867],[9.6888523,10.2669042],[9.6821867,10.263679],[9.6797792,10.2622163],[9.6675668,10.2525872],[9.6561459,10.2451429],[9.6534627,10.2438254],[9.6484068,10.2424871]]}},{"type":"Feature","properties":{"kind":"road","id":"road-169143889-0","name":"A3","osmWay":169143889,"major":true,"bridge":false},"geometry":{"type":"LineString","coordinates":[[9.8592652,10.3489953],[9.872638,10.3483661],[9.8748846,10.3483601],[9.8836579,10.3491761],[9.8860964,10.3497431],[9.8879832,10.3504278],[9.890523,10.3517669],[9.8927999,10.3534603],[9.9138824,10.3724039],[9.9159802,10.3740023]]}},{"type":"Feature","properties":{"kind":"road","id":"road-169154630-0","name":"Unnamed mapped tertiary","osmWay":169154630,"major":false,"bridge":false},"geometry":{"type":"LineString","coordinates":[[9.8110766,10.3082162],[9.811133,10.308013],[9.815795,10.3057876],[9.8162942,10.3056574],[9.8195103,10.3055059],[9.8232447,10.3056492]]}},{"type":"Feature","properties":{"kind":"road","id":"road-169154631-0","name":"Unnamed mapped secondary","osmWay":169154631,"major":false,"bridge":false},"geometry":{"type":"LineString","coordinates":[[9.8435106,10.309832],[9.8417573,10.3108021],[9.8396874,10.3117127],[9.8383163,10.3127105],[9.837505,10.3138805],[9.8355377,10.3174159]]}},{"type":"Feature","properties":{"kind":"road","id":"road-169154652-0","name":"Unnamed mapped tertiary","osmWay":169154652,"major":false,"bridge":false},"geometry":{"type":"LineString","coordinates":[[9.8419323,10.3182572],[9.8442394,10.3189405],[9.8457208,10.319029]]}},{"type":"Feature","properties":{"kind":"road","id":"road-169154668-0","name":"Unnamed mapped tertiary","osmWay":169154668,"major":false,"bridge":false},"geometry":{"type":"LineString","coordinates":[[9.8144522,10.3142312],[9.8040347,10.3145343],[9.8034779,10.3147122],[9.8031967,10.3150583]]}},{"type":"Feature","properties":{"kind":"road","id":"road-169154671-0","name":"Unnamed mapped tertiary","osmWay":169154671,"major":false,"bridge":false},"geometry":{"type":"LineString","coordinates":[[9.8040347,10.3145343],[9.8037194,10.3124836],[9.8024349,10.3117373],[9.8014771,10.3107596],[9.8000202,10.3097656]]}},{"type":"Feature","properties":{"kind":"road","id":"road-169154672-0","name":"Unnamed mapped tertiary","osmWay":169154672,"major":false,"bridge":false},"geometry":{"type":"LineString","coordinates":[[9.8221125,10.3202191],[9.8191774,10.3171294],[9.8178297,10.3153119]]}},{"type":"Feature","properties":{"kind":"road","id":"road-185659915-0","name":"Wunti Roundabout","osmWay":185659915,"major":true,"bridge":false},"geometry":{"type":"LineString","coordinates":[[9.8344993,10.3173607],[9.8347241,10.3174813],[9.8347621,10.3176677],[9.8344661,10.3178824],[9.8342337,10.3176251],[9.8344993,10.3173607]]}},{"type":"Feature","properties":{"kind":"road","id":"road-185659917-0","name":"Langtang - Bauchi Federal Road","osmWay":185659917,"major":true,"bridge":false},"geometry":{"type":"LineString","coordinates":[[9.8147533,10.3138743],[9.8148237,10.3135999],[9.814695,10.3132858],[9.8106205,10.3074939],[9.8083308,10.3027565],[9.8081047,10.3025577]]}},{"type":"Feature","properties":{"kind":"road","id":"road-185659918-0","name":"Yabuku Roundabout","osmWay":185659918,"major":false,"bridge":false},"geometry":{"type":"LineString","coordinates":[[9.8439658,10.3097836],[9.8438979,10.3095952],[9.8440813,10.3093358],[9.8444071,10.3093574],[9.8444624,10.3095613],[9.8442863,10.3097833],[9.8439658,10.3097836]]}},{"type":"Feature","properties":{"kind":"road","id":"road-185659919-0","name":"Unnamed mapped tertiary","osmWay":185659919,"major":false,"bridge":false},"geometry":{"type":"LineString","coordinates":[[9.8232402,10.3057433],[9.8195066,10.3055982],[9.8163478,10.3056974],[9.8158194,10.3058466],[9.8111598,10.3080827],[9.810963,10.308041]]}},{"type":"Feature","properties":{"kind":"road","id":"road-185659920-0","name":"Unnamed mapped tertiary","osmWay":185659920,"major":false,"bridge":false},"geometry":{"type":"LineString","coordinates":[[9.8233071,10.2896007],[9.8292972,10.3058171]]}},{"type":"Feature","properties":{"kind":"road","id":"road-185659926-0","name":"Unnamed mapped tertiary","osmWay":185659926,"major":false,"bridge":false},"geometry":{"type":"LineString","coordinates":[[9.8370219,10.3295551],[9.8414457,10.3299338],[9.845949,10.3313895]]}},{"type":"Feature","properties":{"kind":"road","id":"road-185659930-0","name":"Unnamed mapped tertiary","osmWay":185659930,"major":false,"bridge":false},"geometry":{"type":"LineString","coordinates":[[9.8348762,10.3367384],[9.8364008,10.3358764],[9.8369919,10.334521],[9.8369144,10.3285764],[9.8347592,10.3226062],[9.8335768,10.3196899],[9.8331716,10.318118]]}},{"type":"Feature","properties":{"kind":"road","id":"road-185766166-0","name":"Ilellah Shopping Complex Roundabout","osmWay":185766166,"major":false,"bridge":false},"geometry":{"type":"LineString","coordinates":[[9.8291376,10.3059716],[9.8292972,10.3058171],[9.8294499,10.3059873],[9.8292858,10.3061249],[9.8291376,10.3059716]]}},{"type":"Feature","properties":{"kind":"road","id":"road-185766175-0","name":"Unnamed mapped tertiary","osmWay":185766175,"major":false,"bridge":false},"geometry":{"type":"LineString","coordinates":[[9.8292058,10.3058439],[9.8231674,10.2896334]]}},{"type":"Feature","properties":{"kind":"road","id":"road-185766176-0","name":"Unnamed mapped tertiary","osmWay":185766176,"major":false,"bridge":false},"geometry":{"type":"LineString","coordinates":[[9.8332939,10.3180885],[9.8336706,10.3195851],[9.8369935,10.3285316],[9.8370546,10.3346529],[9.8364434,10.3359721],[9.8349158,10.3368508]]}},{"type":"Feature","properties":{"kind":"road","id":"road-185766177-0","name":"Unnamed mapped tertiary","osmWay":185766177,"major":false,"bridge":false},"geometry":{"type":"LineString","coordinates":[[9.8440463,10.309376],[9.8445872,10.3079611],[9.8450333,10.3040175],[9.8448287,10.3002533],[9.8449314,10.2991635],[9.8467506,10.2930099]]}},{"type":"Feature","properties":{"kind":"road","id":"road-185766178-0","name":"Unnamed mapped tertiary","osmWay":185766178,"major":false,"bridge":false},"geometry":{"type":"LineString","coordinates":[[9.8468498,10.2930441],[9.8449869,10.2992079],[9.8448928,10.3002247],[9.8451323,10.3038783],[9.8447561,10.307374],[9.8443716,10.3093263]]}},{"type":"Feature","properties":{"kind":"road","id":"road-185766181-0","name":"Unnamed mapped tertiary","osmWay":185766181,"major":false,"bridge":false},"geometry":{"type":"LineString","coordinates":[[9.8250154,10.2945441],[9.8289618,10.2944083],[9.830698,10.2946078],[9.8331524,10.2965675],[9.8339434,10.2976489],[9.8360039,10.2998637],[9.8386884,10.3021485],[9.8392782,10.303237],[9.8421156,10.30695],[9.8438678,10.308295],[9.8442949,10.308891]]}},{"type":"Feature","properties":{"kind":"road","id":"road-185788086-0","name":"Bauchi Central Roundabout","osmWay":185788086,"major":true,"bridge":false},"geometry":{"type":"LineString","coordinates":[[9.8460565,10.3147774],[9.8459535,10.3145468],[9.8460291,10.314374],[9.8462399,10.3142805],[9.8464435,10.3143661],[9.8464657,10.3147308],[9.8462877,10.3148377],[9.8460565,10.3147774]]}},{"type":"Feature","properties":{"kind":"road","id":"road-185788087-0","name":"A345","osmWay":185788087,"major":true,"bridge":false},"geometry":{"type":"LineString","coordinates":[[9.8851703,10.3081692],[9.8847286,10.308659],[9.8846624,10.3090914],[9.8844465,10.3093997],[9.8839801,10.310765],[9.88372,10.3110984],[9.8833434,10.3112982]]}},{"type":"Feature","properties":{"kind":"road","id":"road-185788088-0","name":"A345","osmWay":185788088,"major":true,"bridge":false},"geometry":{"type":"LineString","coordinates":[[9.8833434,10.3112982],[9.8838,10.3108565],[9.8846119,10.3086491],[9.8851703,10.3081692]]}},{"type":"Feature","properties":{"kind":"road","id":"road-186012612-0","name":"A3","osmWay":186012612,"major":true,"bridge":false},"geometry":{"type":"LineString","coordinates":[[9.8222116,10.32077],[9.8164257,10.3204361],[9.8105387,10.3190649],[9.8092873,10.3186185],[9.8077966,10.3178923],[9.8039518,10.3154045],[9.802239,10.3147188],[9.8005017,10.3143445]]}},{"type":"Feature","properties":{"kind":"road","id":"road-186012618-0","name":"Unnamed mapped tertiary","osmWay":186012618,"major":false,"bridge":false},"geometry":{"type":"LineString","coordinates":[[9.796689,10.3138602],[9.8039938,10.3045704],[9.8045154,10.3041397],[9.8076042,10.302534]]}},{"type":"Feature","properties":{"kind":"road","id":"road-186012620-0","name":"Unnamed mapped tertiary","osmWay":186012620,"major":false,"bridge":false},"geometry":{"type":"LineString","coordinates":[[9.8031092,10.305732],[9.8022325,10.3038074],[9.8002953,10.3006589],[9.8001208,10.300201],[9.8000126,10.2991299],[9.8015947,10.2987175],[9.8056841,10.2971751]]}},{"type":"Feature","properties":{"kind":"road","id":"road-186012621-0","name":"Unnamed mapped tertiary","osmWay":186012621,"major":false,"bridge":false},"geometry":{"type":"LineString","coordinates":[[9.7997633,10.3099534],[9.7980031,10.3085131],[9.7978695,10.3081305],[9.7979117,10.3076076],[9.7988982,10.305366],[9.7997672,10.3037501],[9.8005467,10.3026566],[9.8013418,10.3022416]]}},{"type":"Feature","properties":{"kind":"road","id":"road-186012632-0","name":"Unnamed mapped tertiary","osmWay":186012632,"major":false,"bridge":false},"geometry":{"type":"LineString","coordinates":[[9.7830598,10.3122432],[9.7831227,10.309532],[9.7845067,10.3079962],[9.7862837,10.3093981],[9.7866558,10.3095056],[9.7913182,10.309561],[9.7966772,10.3094251],[9.7971544,10.3092275],[9.7973541,10.3089029]]}},{"type":"Feature","properties":{"kind":"road","id":"road-186012639-0","name":"Unnamed mapped trunk_link","osmWay":186012639,"major":false,"bridge":false},"geometry":{"type":"LineString","coordinates":[[9.8352053,10.3366955],[9.835087,10.3370777]]}},{"type":"Feature","properties":{"kind":"road","id":"road-186012640-0","name":"Unnamed mapped trunk_link","osmWay":186012640,"major":false,"bridge":false},"geometry":{"type":"LineString","coordinates":[[9.8348517,10.3363876],[9.8351586,10.3365992]]}},{"type":"Feature","properties":{"kind":"road","id":"road-186012648-0","name":"Unnamed mapped tertiary","osmWay":186012648,"major":false,"bridge":false},"geometry":{"type":"LineString","coordinates":[[9.8079877,10.3025108],[9.8076438,10.3026451]]}},{"type":"Feature","properties":{"kind":"road","id":"road-186012657-0","name":"Langtang - Bauchi Federal Road","osmWay":186012657,"major":true,"bridge":false},"geometry":{"type":"LineString","coordinates":[[9.8079499,10.3021248],[9.8078299,10.3017036]]}},{"type":"Feature","properties":{"kind":"road","id":"road-186382977-0","name":"Railway Roundabout","osmWay":186382977,"major":false,"bridge":false},"geometry":{"type":"LineString","coordinates":[[9.8468762,10.2928549],[9.8469135,10.2930033],[9.8467709,10.2930281],[9.8467458,10.2928862],[9.8468762,10.2928549]]}},{"type":"Feature","properties":{"kind":"road","id":"road-186382988-0","name":"Unnamed mapped tertiary","osmWay":186382988,"major":false,"bridge":false},"geometry":{"type":"LineString","coordinates":[[9.8465396,10.2930007],[9.8448634,10.2923478],[9.8429901,10.2914128],[9.8394733,10.2902199],[9.8356308,10.2885865],[9.8345275,10.2882965],[9.831557,10.288343],[9.8288056,10.2885459],[9.8233118,10.2895773]]}},{"type":"Feature","properties":{"kind":"road","id":"road-186541776-0","name":"Unnamed mapped secondary","osmWay":186541776,"major":false,"bridge":false},"geometry":{"type":"LineString","coordinates":[[9.8444386,10.3093984],[9.8447103,10.309561],[9.8457976,10.3097197],[9.8462496,10.3101298],[9.8464625,10.3124424],[9.8463105,10.3141092],[9.8464079,10.3143355]]}},{"type":"Feature","properties":{"kind":"road","id":"road-186631526-0","name":"Langtang - Bauchi Federal Road","osmWay":186631526,"major":true,"bridge":false},"geometry":{"type":"LineString","coordinates":[[9.6419049,10.0921819],[9.6551129,10.099766],[9.6569449,10.1010493],[9.6594027,10.1037425],[9.6678118,10.1140575],[9.6688659,10.1157943],[9.6814388,10.1424465],[9.6826284,10.1444162],[9.6855506,10.1480109],[9.6864076,10.1494366],[9.6870915,10.1509086]]}},{"type":"Feature","properties":{"kind":"road","id":"road-205084243-0","name":"Unnamed mapped tertiary","osmWay":205084243,"major":false,"bridge":false},"geometry":{"type":"LineString","coordinates":[[10.0204896,10.0453614],[10.0214047,10.0465356],[10.0218686,10.0467833],[10.0232781,10.0482075],[10.0244695,10.0501564],[10.0268122,10.0523404],[10.0271568,10.0550779],[10.0266941,10.0562517],[10.0265264,10.0576502],[10.0269433,10.0586256]]}},{"type":"Feature","properties":{"kind":"road","id":"road-206093872-0","name":"A245","osmWay":206093872,"major":false,"bridge":false},"geometry":{"type":"LineString","coordinates":[[9.9960726,10.2614699],[9.9962845,10.2603205],[10.0003883,10.2561965],[10.0014773,10.2554813],[10.0045243,10.2542975],[10.0058573,10.2531283],[10.0055918,10.251055],[10.0060585,10.2498647],[10.0061179,10.249566],[10.0059888,10.2491969]]}},{"type":"Feature","properties":{"kind":"road","id":"road-206093875-0","name":"A245","osmWay":206093875,"major":false,"bridge":false},"geometry":{"type":"LineString","coordinates":[[9.9914529,10.2305665],[9.9892706,10.2353001],[9.9896602,10.2450054],[9.9898755,10.2559729]]}},{"type":"Feature","properties":{"kind":"road","id":"road-206516940-0","name":"Maiduguri Bypass","osmWay":206516940,"major":true,"bridge":false},"geometry":{"type":"LineString","coordinates":[[9.8227492,10.3207984],[9.8229167,10.3211283]]}},{"type":"Feature","properties":{"kind":"road","id":"road-206516941-0","name":"Unnamed mapped tertiary","osmWay":206516941,"major":false,"bridge":false},"geometry":{"type":"LineString","coordinates":[[9.8221875,10.3204982],[9.8221125,10.3202191]]}},{"type":"Feature","properties":{"kind":"road","id":"road-206516942-0","name":"Gidan Mai Roundabout","osmWay":206516942,"major":true,"bridge":false},"geometry":{"type":"LineString","coordinates":[[9.8224854,10.3208803],[9.8221635,10.3206983],[9.822303,10.3204133],[9.8227589,10.3205874],[9.8227492,10.3207984],[9.8224854,10.3208803]]}},{"type":"Feature","properties":{"kind":"road","id":"road-206516943-0","name":"Maiduguri Bypass","osmWay":206516943,"major":true,"bridge":false},"geometry":{"type":"LineString","coordinates":[[9.8228081,10.3211995],[9.8225631,10.3208962]]}},{"type":"Feature","properties":{"kind":"road","id":"road-206516944-0","name":"Unnamed mapped tertiary","osmWay":206516944,"major":false,"bridge":false},"geometry":{"type":"LineString","coordinates":[[9.8221125,10.3202191],[9.8223538,10.3204052]]}},{"type":"Feature","properties":{"kind":"road","id":"road-206651237-0","name":"Maiduguri Bypass","osmWay":206651237,"major":true,"bridge":false},"geometry":{"type":"LineString","coordinates":[[9.8411231,10.3460566],[9.8405393,10.3457569]]}},{"type":"Feature","properties":{"kind":"road","id":"road-206651239-0","name":"A3","osmWay":206651239,"major":true,"bridge":false},"geometry":{"type":"LineString","coordinates":[[9.8416282,10.3458522],[9.8421571,10.3461614]]}},{"type":"Feature","properties":{"kind":"road","id":"road-206651242-0","name":"Unnamed mapped primary","osmWay":206651242,"major":true,"bridge":false},"geometry":{"type":"LineString","coordinates":[[9.8415068,10.3461656],[9.8412535,10.3464711],[9.8407043,10.3488551]]}},{"type":"Feature","properties":{"kind":"road","id":"road-206651243-0","name":"A3","osmWay":206651243,"major":true,"bridge":false},"geometry":{"type":"LineString","coordinates":[[9.8421571,10.3461614],[9.8415451,10.3461386]]}},{"type":"Feature","properties":{"kind":"road","id":"road-206651246-0","name":"Awalah Roundabout","osmWay":206651246,"major":true,"bridge":false},"geometry":{"type":"LineString","coordinates":[[9.8411231,10.3460566],[9.8412481,10.3456909],[9.8416077,10.3458072],[9.8415068,10.3461656],[9.8412673,10.3461848],[9.8411231,10.3460566]]}},{"type":"Feature","properties":{"kind":"road","id":"road-206651247-0","name":"Maiduguri Bypass","osmWay":206651247,"major":true,"bridge":false},"geometry":{"type":"LineString","coordinates":[[9.8405534,10.3456764],[9.8409012,10.345766],[9.8412481,10.3456909]]}},{"type":"Feature","properties":{"kind":"road","id":"road-206651248-0","name":"Unnamed mapped primary","osmWay":206651248,"major":true,"bridge":false},"geometry":{"type":"LineString","coordinates":[[9.8407043,10.3488551],[9.8411983,10.3464601],[9.8411398,10.3460844]]}},{"type":"Feature","properties":{"kind":"road","id":"road-208683962-0","name":"A245","osmWay":208683962,"major":false,"bridge":false},"geometry":{"type":"LineString","coordinates":[[9.9898755,10.2559729],[9.9900013,10.2608392]]}},{"type":"Feature","properties":{"kind":"road","id":"road-287786954-0","name":"A345","osmWay":287786954,"major":true,"bridge":true},"geometry":{"type":"LineString","coordinates":[[9.8644217,10.3133598],[9.8642822,10.3134126]]}},{"type":"Feature","properties":{"kind":"road","id":"road-287786956-0","name":"A345","osmWay":287786956,"major":true,"bridge":false},"geometry":{"type":"LineString","coordinates":[[9.8643926,10.3132793],[9.8721276,10.3104174],[9.8728704,10.310246],[9.873973,10.3102591],[9.8793698,10.3110053]]}},{"type":"Feature","properties":{"kind":"road","id":"road-287786959-0","name":"A345","osmWay":287786959,"major":true,"bridge":false},"geometry":{"type":"LineString","coordinates":[[9.8418981,10.3175509],[9.8426897,10.3170841],[9.84515,10.3147675],[9.8460291,10.314374]]}},{"type":"Feature","properties":{"kind":"road","id":"road-287786962-0","name":"Unnamed mapped trunk_link","osmWay":287786962,"major":false,"bridge":false},"geometry":{"type":"LineString","coordinates":[[9.8327921,10.3181076],[9.8330107,10.3179448],[9.8330742,10.3176946]]}},{"type":"Feature","properties":{"kind":"road","id":"road-287786963-0","name":"Unnamed mapped tertiary","osmWay":287786963,"major":false,"bridge":false},"geometry":{"type":"LineString","coordinates":[[9.8418688,10.3175645],[9.8419323,10.3182572],[9.8409654,10.3215033],[9.841101,10.3222146],[9.8430677,10.3242837],[9.8450821,10.3257364],[9.8463738,10.3261651]]}},{"type":"Feature","properties":{"kind":"road","id":"road-287786965-0","name":"A345","osmWay":287786965,"major":true,"bridge":true},"geometry":{"type":"LineString","coordinates":[[9.8642512,10.3133315],[9.8643926,10.3132793]]}},{"type":"Feature","properties":{"kind":"road","id":"road-287786967-0","name":"Unnamed mapped trunk_link","osmWay":287786967,"major":false,"bridge":false},"geometry":{"type":"LineString","coordinates":[[9.8357301,10.3170878],[9.8357941,10.3173326],[9.8360102,10.3173963]]}},{"type":"Feature","properties":{"kind":"road","id":"road-287786969-0","name":"A345","osmWay":287786969,"major":true,"bridge":false},"geometry":{"type":"LineString","coordinates":[[9.8642822,10.3134126],[9.8555883,10.3166003],[9.8545998,10.3167943],[9.8536261,10.3167279],[9.847301,10.3145883],[9.8467141,10.3145037],[9.8465193,10.3146099]]}},{"type":"Feature","properties":{"kind":"road","id":"road-287786972-0","name":"Unnamed mapped secondary","osmWay":287786972,"major":false,"bridge":false},"geometry":{"type":"LineString","coordinates":[[9.8460713,10.3143337],[9.8462466,10.31385],[9.8463834,10.3124465],[9.8461584,10.3101918],[9.8457373,10.3098087],[9.8446239,10.3096508],[9.8443559,10.3097155]]}},{"type":"Feature","properties":{"kind":"road","id":"road-287786975-0","name":"Unnamed mapped primary_link","osmWay":287786975,"major":false,"bridge":false},"geometry":{"type":"LineString","coordinates":[[9.8330332,10.3175095],[9.8326677,10.3172144]]}},{"type":"Feature","properties":{"kind":"road","id":"road-287786976-0","name":"Unnamed mapped primary_link","osmWay":287786976,"major":false,"bridge":false},"geometry":{"type":"LineString","coordinates":[[9.833358,10.317306],[9.8332199,10.3173537],[9.8331723,10.3175529]]}},{"type":"Feature","properties":{"kind":"road","id":"road-287786978-0","name":"Unnamed mapped primary_link","osmWay":287786978,"major":false,"bridge":false},"geometry":{"type":"LineString","coordinates":[[9.8326041,10.3171193],[9.832827,10.3170639],[9.8328792,10.3168781]]}},{"type":"Feature","properties":{"kind":"road","id":"road-287786979-0","name":"Unnamed mapped trunk_link","osmWay":287786979,"major":false,"bridge":false},"geometry":{"type":"LineString","coordinates":[[9.833508,10.3180335],[9.8333543,10.318386]]}},{"type":"Feature","properties":{"kind":"road","id":"road-287786981-0","name":"Unnamed mapped primary","osmWay":287786981,"major":true,"bridge":false},"geometry":{"type":"LineString","coordinates":[[9.8462877,10.3148377],[9.8460704,10.3150447],[9.8458942,10.3159164],[9.8457499,10.3183103],[9.8464644,10.3218452],[9.8464694,10.326197]]}},{"type":"Feature","properties":{"kind":"road","id":"road-287786986-0","name":"A345","osmWay":287786986,"major":true,"bridge":false},"geometry":{"type":"LineString","coordinates":[[9.8793698,10.3110053],[9.88265,10.3114123],[9.8833434,10.3112982]]}},{"type":"Feature","properties":{"kind":"road","id":"road-287786988-0","name":"Unnamed mapped tertiary","osmWay":287786988,"major":false,"bridge":false},"geometry":{"type":"LineString","coordinates":[[9.8463763,10.3262383],[9.8447612,10.3256296],[9.8429946,10.3243117],[9.8410855,10.3223181],[9.8408973,10.3215741],[9.8418929,10.3182166],[9.8417636,10.3176037]]}},{"type":"Feature","properties":{"kind":"road","id":"road-287786990-0","name":"A345","osmWay":287786990,"major":true,"bridge":false},"geometry":{"type":"LineString","coordinates":[[9.8793698,10.3110053],[9.8739198,10.3103422],[9.8727634,10.3103435],[9.8644217,10.3133598]]}},{"type":"Feature","properties":{"kind":"road","id":"road-287786992-0","name":"Langtang - Bauchi Federal Road","osmWay":287786992,"major":true,"bridge":false},"geometry":{"type":"LineString","coordinates":[[9.8329776,10.3172581],[9.8226195,10.3160168]]}},{"type":"Feature","properties":{"kind":"road","id":"road-287786995-0","name":"Unnamed mapped primary_link","osmWay":287786995,"major":false,"bridge":false},"geometry":{"type":"LineString","coordinates":[[9.8330193,10.3169402],[9.8333048,10.3172133]]}},{"type":"Feature","properties":{"kind":"road","id":"road-287786996-0","name":"A345","osmWay":287786996,"major":true,"bridge":false},"geometry":{"type":"LineString","coordinates":[[9.8459925,10.3147035],[9.8456392,10.3146321],[9.845074,10.3149112],[9.8427442,10.317151],[9.8418949,10.3176403]]}},{"type":"Feature","properties":{"kind":"road","id":"road-287786999-0","name":"Unnamed mapped trunk_link","osmWay":287786999,"major":false,"bridge":false},"geometry":{"type":"LineString","coordinates":[[9.8332421,10.3184289],[9.8330045,10.3181604]]}},{"type":"Feature","properties":{"kind":"road","id":"road-287787000-0","name":"Unnamed mapped trunk_link","osmWay":287787000,"major":false,"bridge":false},"geometry":{"type":"LineString","coordinates":[[9.8418929,10.3182166],[9.8417293,10.3178116],[9.8413709,10.3177411]]}},{"type":"Feature","properties":{"kind":"road","id":"road-287787007-0","name":"Unnamed mapped trunk_link","osmWay":287787007,"major":false,"bridge":false},"geometry":{"type":"LineString","coordinates":[[9.8422107,10.3175016],[9.8419445,10.3179634]]}},{"type":"Feature","properties":{"kind":"road","id":"road-287787009-0","name":"A345","osmWay":287787009,"major":true,"bridge":false},"geometry":{"type":"LineString","coordinates":[[9.8331716,10.318118],[9.8227777,10.3207326]]}},{"type":"Feature","properties":{"kind":"road","id":"road-287787012-0","name":"A345","osmWay":287787012,"major":true,"bridge":false},"geometry":{"type":"LineString","coordinates":[[9.8464435,10.3143661],[9.8473874,10.3145592],[9.8534599,10.3166227],[9.854565,10.3167415],[9.8553669,10.3166082],[9.8642512,10.3133315]]}},{"type":"Feature","properties":{"kind":"road","id":"road-288294935-0","name":"A345","osmWay":288294935,"major":true,"bridge":false},"geometry":{"type":"LineString","coordinates":[[10.1766815,10.2454347],[10.1797386,10.2459553],[10.1860716,10.2465241],[10.1869498,10.2463707],[10.1908631,10.2449842],[10.1921895,10.2449591],[10.205785,10.2506106],[10.2091745,10.2521587]]}},{"type":"Feature","properties":{"kind":"road","id":"road-288294936-0","name":"A345","osmWay":288294936,"major":true,"bridge":false},"geometry":{"type":"LineString","coordinates":[[10.2093565,10.252252],[10.214407,10.2546737],[10.2217635,10.2568955],[10.2263341,10.2585485],[10.2275084,10.2588121],[10.2318507,10.2592292],[10.2331959,10.2591284],[10.2342615,10.2585699],[10.235939,10.2569151],[10.2365358,10.2565812],[10.2373823,10.2563402],[10.2382429,10.2563625],[10.2422717,10.2574152],[10.244994,10.2574241],[10.2529656,10.2583998]]}},{"type":"Feature","properties":{"kind":"road","id":"road-288294937-0","name":"A345","osmWay":288294937,"major":true,"bridge":true},"geometry":{"type":"LineString","coordinates":[[10.1765691,10.2454168],[10.1766815,10.2454347]]}},{"type":"Feature","properties":{"kind":"road","id":"road-288294938-0","name":"A345","osmWay":288294938,"major":true,"bridge":true},"geometry":{"type":"LineString","coordinates":[[10.2091745,10.2521587],[10.2093565,10.252252]]}},{"type":"Feature","properties":{"kind":"road","id":"road-327386711-0","name":"Unnamed mapped tertiary","osmWay":327386711,"major":false,"bridge":true},"geometry":{"type":"LineString","coordinates":[[10.0825481,10.1287047],[10.0826166,10.1287756]]}},{"type":"Feature","properties":{"kind":"road","id":"road-327386712-0","name":"Unnamed mapped tertiary","osmWay":327386712,"major":false,"bridge":true},"geometry":{"type":"LineString","coordinates":[[10.0527013,10.1032039],[10.0527559,10.1031992]]}},{"type":"Feature","properties":{"kind":"road","id":"road-327386713-0","name":"Unnamed mapped tertiary","osmWay":327386713,"major":false,"bridge":true},"geometry":{"type":"LineString","coordinates":[[10.0269433,10.0586256],[10.0271449,10.0591392]]}},{"type":"Feature","properties":{"kind":"road","id":"road-327386714-0","name":"Unnamed mapped tertiary","osmWay":327386714,"major":false,"bridge":false},"geometry":{"type":"LineString","coordinates":[[10.0826166,10.1287756],[10.0839045,10.1295055],[10.0847816,10.1296881],[10.0881633,10.1309002],[10.0908367,10.132876],[10.0923631,10.1345779],[10.094016,10.1353416],[10.0947471,10.1358114],[10.0962509,10.1363793],[10.0971954,10.1363212],[10.1000037,10.135242],[10.1018759,10.1348269],[10.1036637,10.1348767],[10.104895,10.1353582],[10.1055781,10.1354662],[10.1073927,10.136288]]}},{"type":"Feature","properties":{"kind":"road","id":"road-327386722-0","name":"Unnamed mapped tertiary","osmWay":327386722,"major":false,"bridge":false},"geometry":{"type":"LineString","coordinates":[[10.0271449,10.0591392],[10.028919,10.0634023],[10.0310057,10.0662307],[10.0314134,10.0672923],[10.0324354,10.0692387],[10.0333084,10.0716353],[10.034683,10.0735697],[10.0348306,10.0741058],[10.035367,10.0744729],[10.0357741,10.0781391],[10.0360805,10.0796885],[10.0362655,10.0804306],[10.0367886,10.0815952],[10.039967,10.0860924],[10.0432446,10.0887279],[10.0434512,10.0890052],[10.0486547,10.0981499],[10.0493145,10.0989315],[10.0504402,10.1009575],[10.0512161,10.1019894],[10.0527013,10.1032039]]}},{"type":"Feature","properties":{"kind":"road","id":"road-327386726-0","name":"Unnamed mapped tertiary","osmWay":327386726,"major":false,"bridge":false},"geometry":{"type":"LineString","coordinates":[[10.0527559,10.1031992],[10.0550945,10.1049744],[10.055588,10.1054866],[10.0558571,10.1059901],[10.05714,10.1095053],[10.0574181,10.1111657],[10.0574272,10.1124621],[10.0575199,10.1125535],[10.0585572,10.1128274],[10.0594005,10.1134584],[10.0611294,10.1142803],[10.0621461,10.1146054],[10.0650255,10.1162947],[10.066299,10.1164057],[10.067758,10.1169537],[10.0686519,10.1171114],[10.0708783,10.1170533],[10.0724384,10.1177341],[10.0730288,10.1182654],[10.0747239,10.1203077],[10.0757274,10.1223749],[10.0777124,10.1246095],[10.0789827,10.1264415],[10.080754,10.1277279],[10.0825481,10.1287047]]}},{"type":"Feature","properties":{"kind":"road","id":"road-327399171-0","name":"Unnamed mapped tertiary","osmWay":327399171,"major":false,"bridge":true},"geometry":{"type":"LineString","coordinates":[[9.9365774,9.9549678],[9.9359976,9.9542004]]}},{"type":"Feature","properties":{"kind":"road","id":"road-327399172-0","name":"Unnamed mapped tertiary","osmWay":327399172,"major":false,"bridge":false},"geometry":{"type":"LineString","coordinates":[[9.9251856,9.9325583],[9.9266088,9.9346558],[9.926795,9.9355914],[9.9272134,9.9367221],[9.9273451,9.9377786],[9.9272465,9.9390065],[9.9281468,9.9404843],[9.9282863,9.9416784],[9.9281141,9.943177],[9.9281706,9.9441481],[9.9287185,9.9444288],[9.9293515,9.9451916],[9.9300704,9.9463752],[9.9309873,9.9494867],[9.9315436,9.9504125],[9.9323621,9.9508502],[9.9326115,9.9511683],[9.93335,9.9515557],[9.9337529,9.9519587],[9.9346257,9.9523114],[9.9355501,9.953342]]}},{"type":"Feature","properties":{"kind":"road","id":"road-327399173-0","name":"Unnamed mapped tertiary","osmWay":327399173,"major":false,"bridge":false},"geometry":{"type":"LineString","coordinates":[[10.0204896,10.0453614],[10.0203599,10.045279]]}},{"type":"Feature","properties":{"kind":"road","id":"road-327399175-0","name":"Unnamed mapped tertiary","osmWay":327399175,"major":false,"bridge":false},"geometry":{"type":"LineString","coordinates":[[9.9387167,9.9623024],[9.939203,9.9608541],[9.9389712,9.9593914],[9.9384213,9.9583128],[9.937754,9.9576028],[9.9373544,9.9564597],[9.9366734,9.9556252],[9.9365774,9.9549678]]}},{"type":"Feature","properties":{"kind":"road","id":"road-328396205-0","name":"Langtang - Bauchi Federal Road","osmWay":328396205,"major":true,"bridge":false},"geometry":{"type":"LineString","coordinates":[[9.7395382,10.2267752],[9.7406304,10.2277388]]}},{"type":"Feature","properties":{"kind":"road","id":"road-328396213-0","name":"Langtang - Bauchi Federal Road","osmWay":328396213,"major":true,"bridge":true},"geometry":{"type":"LineString","coordinates":[[9.7394511,10.2267005],[9.7395382,10.2267752]]}},{"type":"Feature","properties":{"kind":"road","id":"road-328396216-0","name":"Langtang - Bauchi Federal Road","osmWay":328396216,"major":true,"bridge":true},"geometry":{"type":"LineString","coordinates":[[9.7406304,10.2277388],[9.7407341,10.2278342]]}},{"type":"Feature","properties":{"kind":"road","id":"road-328396230-0","name":"Langtang - Bauchi Federal Road","osmWay":328396230,"major":true,"bridge":false},"geometry":{"type":"LineString","coordinates":[[9.8150336,10.3138598],[9.8151306,10.3142056],[9.8146561,10.3142569],[9.814583,10.3141217],[9.8146755,10.3139324],[9.8150336,10.3138598]]}},{"type":"Feature","properties":{"kind":"road","id":"road-328396242-0","name":"Langtang - Bauchi Federal Road","osmWay":328396242,"major":true,"bridge":false},"geometry":{"type":"LineString","coordinates":[[9.8079218,10.301691],[9.8081633,10.3020433]]}},{"type":"Feature","properties":{"kind":"road","id":"road-328396243-0","name":"Dogon Yaro Roundabout","osmWay":328396243,"major":true,"bridge":false},"geometry":{"type":"LineString","coordinates":[[9.8083093,10.3025016],[9.8081047,10.3025577],[9.8079293,10.3024534],[9.8079499,10.3021248],[9.8081633,10.3020433],[9.8083522,10.3021451],[9.8083093,10.3025016]]}},{"type":"Feature","properties":{"kind":"road","id":"road-362082512-0","name":"Unnamed mapped tertiary","osmWay":362082512,"major":false,"bridge":false},"geometry":{"type":"LineString","coordinates":[[10.0103799,10.0288243],[10.0094703,10.0282732],[10.0087555,10.0272801],[10.0075659,10.0262922],[10.0052713,10.0232535],[10.0036888,10.0220358],[10.0028855,10.0212382],[10.001775,10.0196626],[10.0007531,10.0185982],[9.9987093,10.015405],[9.9975975,10.0140155],[9.9944754,10.0117109],[9.9937686,10.011044],[9.9928138,10.0104695],[9.9918267,10.010171],[9.9908683,10.0094237],[9.9891327,10.0084527],[9.9878248,10.0073628],[9.9865923,10.0061144],[9.9853698,10.0051583],[9.9842531,10.0035928],[9.9829864,10.0012885],[9.9821553,10.0002933],[9.9816925,9.9993322],[9.9806636,9.9982703],[9.9792692,9.9973665],[9.9772986,9.9943432],[9.9744966,9.9927628],[9.9730419,9.991525],[9.9711992,9.9909425],[9.9705375,9.9905482],[9.9695767,9.9897456],[9.968234,9.9889164],[9.9671418,9.9876895],[9.9659446,9.9869216],[9.963555,9.986015],[9.9619452,9.9851975],[9.9605819,9.984058],[9.9583886,9.9825667],[9.9570706,9.9818582],[9.9553862,9.9812638],[9.9546634,9.9800024],[9.9537615,9.9778706],[9.9530312,9.9770425],[9.9525158,9.9762101],[9.9512905,9.9750335],[9.9484929,9.9714448],[9.9439442,9.9674707],[9.9427053,9.9661703],[9.9414302,9.9653776],[9.9405268,9.9636887],[9.9400225,9.9630758],[9.9395488,9.9628623],[9.9393935,9.9623361],[9.9387167,9.9623024]]}},{"type":"Feature","properties":{"kind":"road","id":"road-362082513-0","name":"Unnamed mapped tertiary","osmWay":362082513,"major":false,"bridge":false},"geometry":{"type":"LineString","coordinates":[[10.0105615,10.029021],[10.0103799,10.0288243]]}},{"type":"Feature","properties":{"kind":"road","id":"road-362082514-0","name":"Unnamed mapped tertiary","osmWay":362082514,"major":false,"bridge":false},"geometry":{"type":"LineString","coordinates":[[10.0203599,10.045279],[10.0202412,10.0451885]]}},{"type":"Feature","properties":{"kind":"road","id":"road-362082515-0","name":"Unnamed mapped tertiary","osmWay":362082515,"major":false,"bridge":false},"geometry":{"type":"LineString","coordinates":[[10.0202412,10.0451885],[10.0199296,10.0448161],[10.0191692,10.044305],[10.0190994,10.0429158],[10.0179555,10.0413166],[10.0178115,10.0408023],[10.0177905,10.0394691],[10.0174619,10.038171],[10.0176408,10.0369369],[10.0174992,10.0364006],[10.0170308,10.0355639],[10.0170054,10.034459],[10.0168746,10.0338368],[10.0165458,10.0331903],[10.0157724,10.032704],[10.0144397,10.0321856],[10.0138877,10.0317243],[10.0129327,10.0313095],[10.0105615,10.029021]]}},{"type":"Feature","properties":{"kind":"road","id":"road-432993859-0","name":"Unnamed mapped tertiary","osmWay":432993859,"major":false,"bridge":false},"geometry":{"type":"LineString","coordinates":[[9.7973541,10.3089029],[9.7976536,10.3084501],[9.7979231,10.3083335]]}},{"type":"Feature","properties":{"kind":"road","id":"road-432993860-0","name":"Unnamed mapped tertiary","osmWay":432993860,"major":false,"bridge":false},"geometry":{"type":"LineString","coordinates":[[9.7979231,10.3083335],[9.7973541,10.3089029]]}},{"type":"Feature","properties":{"kind":"road","id":"road-432993861-0","name":"Unnamed mapped tertiary_link","osmWay":432993861,"major":false,"bridge":false},"geometry":{"type":"LineString","coordinates":[[9.7980031,10.3085131],[9.7977716,10.3084899]]}},{"type":"Feature","properties":{"kind":"road","id":"road-432993862-0","name":"Unnamed mapped tertiary_link","osmWay":432993862,"major":false,"bridge":false},"geometry":{"type":"LineString","coordinates":[[9.7976992,10.3084111],[9.7978695,10.3081305]]}},{"type":"Feature","properties":{"kind":"road","id":"road-453253389-0","name":"Unnamed mapped primary_link","osmWay":453253389,"major":false,"bridge":false},"geometry":{"type":"LineString","coordinates":[[9.8461886,10.3261084],[9.8463757,10.3259115]]}},{"type":"Feature","properties":{"kind":"road","id":"road-453253390-0","name":"Unnamed mapped primary_link","osmWay":453253390,"major":false,"bridge":false},"geometry":{"type":"LineString","coordinates":[[9.8463773,10.3263961],[9.8461851,10.3261842]]}},{"type":"Feature","properties":{"kind":"road","id":"road-453524806-0","name":"Unnamed mapped tertiary_link","osmWay":453524806,"major":false,"bridge":false},"geometry":{"type":"LineString","coordinates":[[9.8289646,10.30591],[9.8291313,10.3056623]]}},{"type":"Feature","properties":{"kind":"road","id":"road-453524808-0","name":"Unnamed mapped tertiary_link","osmWay":453524808,"major":false,"bridge":false},"geometry":{"type":"LineString","coordinates":[[9.8297122,10.3060444],[9.829547,10.3061762],[9.8295425,10.3064264]]}},{"type":"Feature","properties":{"kind":"road","id":"road-503812129-0","name":"F247","osmWay":503812129,"major":true,"bridge":true},"geometry":{"type":"LineString","coordinates":[[9.8022012,10.2869844],[9.8021087,10.2868353]]}},{"type":"Feature","properties":{"kind":"road","id":"road-503812130-0","name":"Langtang - Bauchi Federal Road","osmWay":503812130,"major":true,"bridge":false},"geometry":{"type":"LineString","coordinates":[[9.8078299,10.3017036],[9.8040353,10.2936143],[9.8036362,10.292347],[9.8031782,10.2897952]]}},{"type":"Feature","properties":{"kind":"road","id":"road-503965650-0","name":"Unnamed mapped tertiary","osmWay":503965650,"major":false,"bridge":false},"geometry":{"type":"LineString","coordinates":[[10.1235688,10.4017258],[10.1204359,10.4034247],[10.1172372,10.405838],[10.1132959,10.4075718],[10.1129553,10.4080719],[10.111698,10.4111379],[10.1107398,10.4147289],[10.1105332,10.4159608],[10.1098546,10.4171585],[10.1087603,10.418583],[10.1079583,10.4201579],[10.1066065,10.4217512],[10.1060808,10.4233735],[10.1057777,10.426452],[10.1047182,10.4272513],[10.1039913,10.428594],[10.1034629,10.429934],[10.1019233,10.4317199],[10.100947,10.4325376],[10.0996435,10.4341836],[10.0995094,10.4345371],[10.0985572,10.4381088],[10.0984284,10.4405646],[10.0985464,10.4422501],[10.0983936,10.4430467],[10.0986913,10.4440675],[10.0992894,10.4476786],[10.0989434,10.4497967],[10.098989,10.4502531],[10.1000807,10.4539432],[10.1005554,10.4593689],[10.1006359,10.4626949],[10.1008719,10.4643065],[10.1008102,10.4660051],[10.0996703,10.4700037],[10.0991841,10.4739989]]}},{"type":"Feature","properties":{"kind":"road","id":"road-504244283-0","name":"Unnamed mapped tertiary","osmWay":504244283,"major":false,"bridge":false},"geometry":{"type":"LineString","coordinates":[[10.1302961,10.1609732],[10.1320882,10.1611521],[10.1353198,10.1609431],[10.1383738,10.1609647],[10.1403903,10.1612385],[10.1431355,10.1609571],[10.1461047,10.1603736],[10.1468852,10.1604132],[10.1523596,10.1618178],[10.1590034,10.1645384],[10.1621845,10.1664486],[10.1667505,10.1683553],[10.1704565,10.1702292],[10.1740998,10.17105]]}},{"type":"Feature","properties":{"kind":"road","id":"road-504244284-0","name":"Unnamed mapped tertiary","osmWay":504244284,"major":false,"bridge":true},"geometry":{"type":"LineString","coordinates":[[10.1301983,10.1609218],[10.1302961,10.1609732]]}},{"type":"Feature","properties":{"kind":"road","id":"road-505619147-0","name":"Unnamed mapped tertiary","osmWay":505619147,"major":false,"bridge":false},"geometry":{"type":"LineString","coordinates":[[10.1445477,10.3801186],[10.1440555,10.3807863],[10.1425078,10.3815487],[10.1413464,10.3838915],[10.1407993,10.384282],[10.1398873,10.3854639],[10.139426,10.3857911],[10.1387393,10.3866037],[10.1386455,10.3870627],[10.1379944,10.3880809],[10.1379722,10.3891839],[10.1377764,10.3903473]]}},{"type":"Feature","properties":{"kind":"road","id":"road-505619148-0","name":"Unnamed mapped tertiary","osmWay":505619148,"major":false,"bridge":false},"geometry":{"type":"LineString","coordinates":[[10.1235688,10.4017258],[10.1286931,10.3996192],[10.1307785,10.3997841],[10.1321303,10.3997523]]}},{"type":"Feature","properties":{"kind":"road","id":"road-506437023-0","name":"Unnamed mapped tertiary","osmWay":506437023,"major":false,"bridge":false},"geometry":{"type":"LineString","coordinates":[[10.1573136,10.3735598],[10.1570186,10.3732986]]}},{"type":"Feature","properties":{"kind":"road","id":"road-506437025-0","name":"Unnamed mapped tertiary","osmWay":506437025,"major":false,"bridge":false},"geometry":{"type":"LineString","coordinates":[[10.1570186,10.3732986],[10.1559484,10.3724781],[10.1544812,10.3717684],[10.1537141,10.3715573],[10.1518017,10.3714439],[10.1510198,10.3717315],[10.1503775,10.3717631],[10.1495299,10.3722868],[10.1480949,10.3740136]]}},{"type":"Feature","properties":{"kind":"road","id":"road-513658584-0","name":"Unnamed mapped tertiary","osmWay":513658584,"major":false,"bridge":false},"geometry":{"type":"LineString","coordinates":[[10.0019789,10.2332941],[9.9987066,10.2317737],[9.9972367,10.2319321],[9.9956703,10.2316259],[9.9945599,10.2307469],[9.9925724,10.2300606]]}},{"type":"Feature","properties":{"kind":"road","id":"road-514254790-0","name":"Unnamed mapped tertiary","osmWay":514254790,"major":false,"bridge":false},"geometry":{"type":"LineString","coordinates":[[9.9150523,9.902557],[9.9150352,9.9024779]]}},{"type":"Feature","properties":{"kind":"road","id":"road-514254791-0","name":"Unnamed mapped tertiary","osmWay":514254791,"major":false,"bridge":false},"geometry":{"type":"LineString","coordinates":[[9.9251856,9.9325583],[9.9255587,9.9299927],[9.925014,9.9289599],[9.9243702,9.9268093],[9.9234046,9.9250497],[9.9233188,9.9243892],[9.9230828,9.9239294],[9.9218543,9.9226295],[9.9212481,9.9222227],[9.9204703,9.9212979],[9.9199017,9.9201882],[9.919494,9.9190204],[9.9189629,9.918101],[9.9187486,9.9163278],[9.9184455,9.91544],[9.9190541,9.9132923],[9.9187698,9.9124732],[9.9185606,9.9110464],[9.9182119,9.9097465],[9.9181746,9.9081886],[9.9177398,9.9070514],[9.9171765,9.9062588],[9.9163182,9.9055137],[9.9150455,9.9032836],[9.9150523,9.902557]]}},{"type":"Feature","properties":{"kind":"road","id":"road-521832432-0","name":"Unnamed mapped tertiary","osmWay":521832432,"major":false,"bridge":false},"geometry":{"type":"LineString","coordinates":[[9.6514893,10.2384936],[9.6568054,10.239811],[9.6588434,10.2411804]]}},{"type":"Feature","properties":{"kind":"road","id":"road-542532445-0","name":"F247","osmWay":542532445,"major":true,"bridge":false},"geometry":{"type":"LineString","coordinates":[[9.7753857,10.2572939],[9.7789049,10.260372],[9.7820632,10.2634745],[9.7951591,10.2744267],[9.7956794,10.2750753],[9.7984622,10.2799538],[9.800211,10.2838109],[9.8021784,10.2867772]]}},{"type":"Feature","properties":{"kind":"road","id":"road-542542790-0","name":"Langtang - Bauchi Federal Road","osmWay":542542790,"major":true,"bridge":false},"geometry":{"type":"LineString","coordinates":[[9.8021087,10.2868353],[9.7999549,10.2835456],[9.7985997,10.2803906],[9.7974925,10.2784329]]}},{"type":"Feature","properties":{"kind":"road","id":"road-542542827-0","name":"Unnamed mapped primary_link","osmWay":542542827,"major":false,"bridge":false},"geometry":{"type":"LineString","coordinates":[[9.7993755,10.2811579],[9.7991054,10.2812667]]}},{"type":"Feature","properties":{"kind":"road","id":"road-542542831-0","name":"Unnamed mapped tertiary","osmWay":542542831,"major":false,"bridge":false},"geometry":{"type":"LineString","coordinates":[[9.7967568,10.3139031],[9.7964713,10.3142266]]}},{"type":"Feature","properties":{"kind":"road","id":"road-543627435-0","name":"Unnamed mapped tertiary","osmWay":543627435,"major":false,"bridge":false},"geometry":{"type":"LineString","coordinates":[[9.8348157,10.3227615],[9.8349088,10.3227072]]}},{"type":"Feature","properties":{"kind":"road","id":"road-543627445-0","name":"Unnamed mapped tertiary_link","osmWay":543627445,"major":false,"bridge":false},"geometry":{"type":"LineString","coordinates":[[9.8371827,10.3296473],[9.8370219,10.3298035]]}},{"type":"Feature","properties":{"kind":"road","id":"road-543643015-0","name":"Unnamed mapped tertiary_link","osmWay":543643015,"major":false,"bridge":false},"geometry":{"type":"LineString","coordinates":[[9.8370147,10.3293404],[9.8372538,10.3295695]]}},{"type":"Feature","properties":{"kind":"road","id":"road-543647385-0","name":"Unnamed mapped primary_link","osmWay":543647385,"major":false,"bridge":false},"geometry":{"type":"LineString","coordinates":[[9.8226951,10.3161509],[9.8224866,10.3159946]]}},{"type":"Feature","properties":{"kind":"road","id":"road-543647387-0","name":"Unnamed mapped primary_link","osmWay":543647387,"major":false,"bridge":false},"geometry":{"type":"LineString","coordinates":[[9.8250142,10.3162261],[9.8251376,10.3160452]]}},{"type":"Feature","properties":{"kind":"road","id":"road-543802128-0","name":"Unnamed mapped primary_link","osmWay":543802128,"major":false,"bridge":false},"geometry":{"type":"LineString","coordinates":[[9.8178297,10.3153119],[9.8175429,10.3148761]]}},{"type":"Feature","properties":{"kind":"road","id":"road-543802129-0","name":"Unnamed mapped trunk_link","osmWay":543802129,"major":false,"bridge":false},"geometry":{"type":"LineString","coordinates":[[9.8248289,10.3201846],[9.8246773,10.3204722]]}},{"type":"Feature","properties":{"kind":"road","id":"road-543813378-0","name":"Unnamed mapped tertiary_link","osmWay":543813378,"major":false,"bridge":false},"geometry":{"type":"LineString","coordinates":[[9.8320967,10.3138836],[9.8321556,10.3138663]]}},{"type":"Feature","properties":{"kind":"road","id":"road-543813379-0","name":"Unnamed mapped tertiary","osmWay":543813379,"major":false,"bridge":false},"geometry":{"type":"LineString","coordinates":[[9.8331083,10.3172725],[9.8332672,10.3179813]]}},{"type":"Feature","properties":{"kind":"road","id":"road-543813380-0","name":"Unnamed mapped tertiary","osmWay":543813380,"major":false,"bridge":false},"geometry":{"type":"LineString","coordinates":[[9.8330859,10.3171849],[9.8331083,10.3172725]]}},{"type":"Feature","properties":{"kind":"road","id":"road-543813381-0","name":"Langtang - Bauchi Federal Road","osmWay":543813381,"major":true,"bridge":false},"geometry":{"type":"LineString","coordinates":[[9.8330859,10.3171849],[9.8344119,10.3173753]]}},{"type":"Feature","properties":{"kind":"road","id":"road-543813382-0","name":"Langtang - Bauchi Federal Road","osmWay":543813382,"major":true,"bridge":false},"geometry":{"type":"LineString","coordinates":[[9.8329534,10.3171661],[9.8330859,10.3171849]]}},{"type":"Feature","properties":{"kind":"road","id":"road-543813383-0","name":"Unnamed mapped tertiary","osmWay":543813383,"major":false,"bridge":false},"geometry":{"type":"LineString","coordinates":[[9.8329776,10.3172581],[9.8329534,10.3171661]]}},{"type":"Feature","properties":{"kind":"road","id":"road-543813384-0","name":"Unnamed mapped tertiary","osmWay":543813384,"major":false,"bridge":false},"geometry":{"type":"LineString","coordinates":[[9.8331449,10.3180108],[9.8329776,10.3172581]]}},{"type":"Feature","properties":{"kind":"road","id":"road-543813385-0","name":"Langtang - Bauchi Federal Road","osmWay":543813385,"major":true,"bridge":false},"geometry":{"type":"LineString","coordinates":[[9.8331083,10.3172725],[9.8329776,10.3172581]]}},{"type":"Feature","properties":{"kind":"road","id":"road-543813386-0","name":"Langtang - Bauchi Federal Road","osmWay":543813386,"major":true,"bridge":false},"geometry":{"type":"LineString","coordinates":[[9.8342337,10.3176251],[9.8339004,10.3173791],[9.8331083,10.3172725]]}},{"type":"Feature","properties":{"kind":"road","id":"road-543813387-0","name":"A345","osmWay":543813387,"major":true,"bridge":false},"geometry":{"type":"LineString","coordinates":[[9.8332672,10.3179813],[9.8342377,10.3176682]]}},{"type":"Feature","properties":{"kind":"road","id":"road-543813388-0","name":"A345","osmWay":543813388,"major":true,"bridge":false},"geometry":{"type":"LineString","coordinates":[[9.8331449,10.3180108],[9.8332672,10.3179813]]}},{"type":"Feature","properties":{"kind":"road","id":"road-543813389-0","name":"Unnamed mapped tertiary","osmWay":543813389,"major":false,"bridge":false},"geometry":{"type":"LineString","coordinates":[[9.8316968,10.3126979],[9.8292858,10.3061249]]}},{"type":"Feature","properties":{"kind":"road","id":"road-543813390-0","name":"Unnamed mapped tertiary","osmWay":543813390,"major":false,"bridge":false},"geometry":{"type":"LineString","coordinates":[[9.8331716,10.318118],[9.8331449,10.3180108]]}},{"type":"Feature","properties":{"kind":"road","id":"road-543813391-0","name":"A345","osmWay":543813391,"major":true,"bridge":false},"geometry":{"type":"LineString","coordinates":[[9.8332939,10.3180885],[9.8331716,10.318118]]}},{"type":"Feature","properties":{"kind":"road","id":"road-543813392-0","name":"A345","osmWay":543813392,"major":true,"bridge":false},"geometry":{"type":"LineString","coordinates":[[9.8344005,10.3178655],[9.8332939,10.3180885]]}},{"type":"Feature","properties":{"kind":"road","id":"road-543813393-0","name":"Unnamed mapped tertiary","osmWay":543813393,"major":false,"bridge":false},"geometry":{"type":"LineString","coordinates":[[9.8332672,10.3179813],[9.8332939,10.3180885]]}},{"type":"Feature","properties":{"kind":"road","id":"road-543813399-0","name":"Unnamed mapped tertiary_link","osmWay":543813399,"major":false,"bridge":false},"geometry":{"type":"LineString","coordinates":[[9.8362009,10.3361438],[9.836152,10.3360641]]}},{"type":"Feature","properties":{"kind":"road","id":"road-543813404-0","name":"Unnamed mapped primary_link","osmWay":543813404,"major":false,"bridge":false},"geometry":{"type":"LineString","coordinates":[[9.8272449,10.3165871],[9.8272559,10.3164809]]}},{"type":"Feature","properties":{"kind":"road","id":"road-543813405-0","name":"Unnamed mapped primary_link","osmWay":543813405,"major":false,"bridge":false},"geometry":{"type":"LineString","coordinates":[[9.8170814,10.3146384],[9.817252,10.3144876]]}},{"type":"Feature","properties":{"kind":"road","id":"road-543813406-0","name":"Unnamed mapped tertiary","osmWay":543813406,"major":false,"bridge":false},"geometry":{"type":"LineString","coordinates":[[9.8178297,10.3153119],[9.8178886,10.3149694]]}},{"type":"Feature","properties":{"kind":"road","id":"road-543813407-0","name":"Unnamed mapped tertiary","osmWay":543813407,"major":false,"bridge":false},"geometry":{"type":"LineString","coordinates":[[9.8178886,10.3149694],[9.8179216,10.3148671]]}},{"type":"Feature","properties":{"kind":"road","id":"road-543813408-0","name":"Unnamed mapped primary_link","osmWay":543813408,"major":false,"bridge":false},"geometry":{"type":"LineString","coordinates":[[9.8289236,10.3167615],[9.8289331,10.3166632]]}},{"type":"Feature","properties":{"kind":"road","id":"road-543813409-0","name":"Unnamed mapped secondary","osmWay":543813409,"major":false,"bridge":false},"geometry":{"type":"LineString","coordinates":[[9.8355377,10.3174159],[9.8354841,10.3174996]]}},{"type":"Feature","properties":{"kind":"road","id":"road-546233676-0","name":"Unnamed mapped tertiary","osmWay":546233676,"major":false,"bridge":false},"geometry":{"type":"LineString","coordinates":[[9.7748212,10.2580599],[9.7722919,10.2611954],[9.7721317,10.2612363],[9.7687487,10.2601014],[9.7591692,10.2584994],[9.7548743,10.2578435],[9.7482768,10.2572536],[9.7435983,10.2566894],[9.7391006,10.2560177],[9.7386094,10.2558396],[9.7377576,10.2558618],[9.7371543,10.2555598],[9.7068045,10.2504242],[9.7051455,10.2504797],[9.7035661,10.2498201],[9.701041,10.249199],[9.7002277,10.2487601],[9.6984105,10.2487733],[9.6969688,10.2483285],[9.6916812,10.2471859],[9.6898623,10.2465562],[9.6882248,10.246415],[9.679521,10.2445753],[9.6771768,10.2444908],[9.6742666,10.2436673],[9.6699268,10.2430879],[9.6688834,10.2426273],[9.6679085,10.2423656],[9.6642193,10.2414667],[9.6629939,10.2413691],[9.6606007,10.2407005],[9.6588434,10.2411804]]}},{"type":"Feature","properties":{"kind":"road","id":"road-546233677-0","name":"Unnamed mapped tertiary","osmWay":546233677,"major":false,"bridge":false},"geometry":{"type":"LineString","coordinates":[[9.7753282,10.2573631],[9.7753857,10.2572939]]}},{"type":"Feature","properties":{"kind":"road","id":"road-546233680-0","name":"Langtang - Bauchi Federal Road","osmWay":546233680,"major":true,"bridge":false},"geometry":{"type":"LineString","coordinates":[[9.774659,10.2567046],[9.7614319,10.2452744],[9.7508202,10.2379904],[9.7407341,10.2278342]]}},{"type":"Feature","properties":{"kind":"road","id":"road-546233681-0","name":"F247","osmWay":546233681,"major":true,"bridge":false},"geometry":{"type":"LineString","coordinates":[[9.774659,10.2567046],[9.7753857,10.2572939]]}},{"type":"Feature","properties":{"kind":"road","id":"road-546959123-0","name":"Unnamed mapped tertiary","osmWay":546959123,"major":false,"bridge":false},"geometry":{"type":"LineString","coordinates":[[9.8369438,10.3295519],[9.8370219,10.3295551]]}},{"type":"Feature","properties":{"kind":"road","id":"road-546959125-0","name":"Unnamed mapped tertiary","osmWay":546959125,"major":false,"bridge":false},"geometry":{"type":"LineString","coordinates":[[9.8369419,10.3296363],[9.8370229,10.329641]]}},{"type":"Feature","properties":{"kind":"road","id":"road-546959127-0","name":"Unnamed mapped tertiary","osmWay":546959127,"major":false,"bridge":false},"geometry":{"type":"LineString","coordinates":[[9.8459288,10.3314872],[9.8410919,10.3299248],[9.8370229,10.329641]]}},{"type":"Feature","properties":{"kind":"road","id":"road-547782121-0","name":"Unnamed mapped tertiary","osmWay":547782121,"major":false,"bridge":false},"geometry":{"type":"LineString","coordinates":[[9.845949,10.3313895],[9.8460443,10.3314081]]}},{"type":"Feature","properties":{"kind":"road","id":"road-547782122-0","name":"Unnamed mapped tertiary","osmWay":547782122,"major":false,"bridge":false},"geometry":{"type":"LineString","coordinates":[[9.8460318,10.3315108],[9.8459288,10.3314872]]}},{"type":"Feature","properties":{"kind":"road","id":"road-547782754-0","name":"A3","osmWay":547782754,"major":true,"bridge":false},"geometry":{"type":"LineString","coordinates":[[9.8485431,10.3480273],[9.8486222,10.3480498]]}},{"type":"Feature","properties":{"kind":"road","id":"road-547782755-0","name":"A3","osmWay":547782755,"major":true,"bridge":false},"geometry":{"type":"LineString","coordinates":[[9.8421571,10.3461614],[9.8485431,10.3480273]]}},{"type":"Feature","properties":{"kind":"road","id":"road-552009190-0","name":"Unnamed mapped primary","osmWay":552009190,"major":true,"bridge":false},"geometry":{"type":"LineString","coordinates":[[9.8273464,10.3854198],[9.8265986,10.3876563],[9.8262784,10.3892368],[9.8256022,10.3976828],[9.8251569,10.3995348],[9.8236991,10.4040783],[9.8232289,10.406428],[9.82304,10.4101202],[9.8229951,10.4151958],[9.82281,10.4163486],[9.8223916,10.4172033],[9.8215561,10.4180224],[9.8177808,10.4200523],[9.8163445,10.4210759],[9.8154272,10.4222353],[9.8148639,10.4237085],[9.814758,10.4246846],[9.8148787,10.4260247],[9.8169655,10.4338354],[9.8169313,10.4349737],[9.8165806,10.4360024],[9.8160072,10.4367694],[9.8107481,10.4421156],[9.8081611,10.4453449],[9.7887768,10.4761478],[9.78796,10.4779558],[9.7851431,10.4873279],[9.7803935,10.4958242],[9.7792429,10.4971798],[9.7643459,10.5117875],[9.7638926,10.5123994],[9.7634903,10.5133567],[9.7633749,10.5147992],[9.7636217,10.5165397],[9.7691028,10.5517833],[9.7692168,10.5528723],[9.7691098,10.5572021]]}},{"type":"Feature","properties":{"kind":"road","id":"road-552037040-0","name":"Unnamed mapped tertiary","osmWay":552037040,"major":false,"bridge":false},"geometry":{"type":"LineString","coordinates":[[9.6112326,10.2275621],[9.6140245,10.2284555],[9.6141522,10.2285917],[9.6135065,10.2301306],[9.6131068,10.2319769],[9.6131484,10.2324494],[9.6118428,10.2357056]]}},{"type":"Feature","properties":{"kind":"road","id":"road-556781101-0","name":"Unnamed mapped tertiary","osmWay":556781101,"major":false,"bridge":false},"geometry":{"type":"LineString","coordinates":[[9.8467406,10.2929959],[9.8465396,10.2930007]]}},{"type":"Feature","properties":{"kind":"road","id":"road-556781103-0","name":"Unnamed mapped tertiary","osmWay":556781103,"major":false,"bridge":false},"geometry":{"type":"LineString","coordinates":[[9.846505,10.2928935],[9.8467283,10.2929269]]}},{"type":"Feature","properties":{"kind":"road","id":"road-557612380-0","name":"A345","osmWay":557612380,"major":true,"bridge":false},"geometry":{"type":"LineString","coordinates":[[9.8851703,10.3081692],[9.9024905,10.2968535]]}},{"type":"Feature","properties":{"kind":"road","id":"road-558702888-0","name":"Unnamed mapped tertiary","osmWay":558702888,"major":false,"bridge":false},"geometry":{"type":"LineString","coordinates":[[9.8463738,10.3261651],[9.8464694,10.326197]]}},{"type":"Feature","properties":{"kind":"road","id":"road-558702891-0","name":"Unnamed mapped tertiary","osmWay":558702891,"major":false,"bridge":false},"geometry":{"type":"LineString","coordinates":[[9.8464698,10.3262633],[9.8463763,10.3262383]]}},{"type":"Feature","properties":{"kind":"road","id":"road-558703103-0","name":"Langtang - Bauchi Federal Road","osmWay":558703103,"major":true,"bridge":false},"geometry":{"type":"LineString","coordinates":[[9.8251512,10.3162437],[9.8272559,10.3164809]]}},{"type":"Feature","properties":{"kind":"road","id":"road-558703104-0","name":"Langtang - Bauchi Federal Road","osmWay":558703104,"major":true,"bridge":false},"geometry":{"type":"LineString","coordinates":[[9.8250142,10.3162261],[9.8251512,10.3162437]]}},{"type":"Feature","properties":{"kind":"road","id":"road-558703105-0","name":"Langtang - Bauchi Federal Road","osmWay":558703105,"major":true,"bridge":false},"geometry":{"type":"LineString","coordinates":[[9.8272559,10.3164809],[9.8279256,10.3165524]]}},{"type":"Feature","properties":{"kind":"road","id":"road-558703106-0","name":"Langtang - Bauchi Federal Road","osmWay":558703106,"major":true,"bridge":false},"geometry":{"type":"LineString","coordinates":[[9.8281727,10.3165831],[9.8289331,10.3166632]]}},{"type":"Feature","properties":{"kind":"road","id":"road-558703107-0","name":"Langtang - Bauchi Federal Road","osmWay":558703107,"major":true,"bridge":false},"geometry":{"type":"LineString","coordinates":[[9.8289331,10.3166632],[9.8329534,10.3171661]]}},{"type":"Feature","properties":{"kind":"road","id":"road-558703108-0","name":"Langtang - Bauchi Federal Road","osmWay":558703108,"major":true,"bridge":false},"geometry":{"type":"LineString","coordinates":[[9.8279256,10.3165524],[9.8281727,10.3165831]]}},{"type":"Feature","properties":{"kind":"road","id":"road-558703112-0","name":"Langtang - Bauchi Federal Road","osmWay":558703112,"major":true,"bridge":false},"geometry":{"type":"LineString","coordinates":[[9.8224866,10.3159946],[9.8200952,10.3155777],[9.8151306,10.3142056]]}},{"type":"Feature","properties":{"kind":"road","id":"road-558703113-0","name":"Langtang - Bauchi Federal Road","osmWay":558703113,"major":true,"bridge":false},"geometry":{"type":"LineString","coordinates":[[9.8226195,10.3160168],[9.8224866,10.3159946]]}},{"type":"Feature","properties":{"kind":"road","id":"road-558963358-0","name":"Unnamed mapped tertiary_link","osmWay":558963358,"major":false,"bridge":false},"geometry":{"type":"LineString","coordinates":[[9.8317866,10.3129976],[9.8314968,10.3128315]]}},{"type":"Feature","properties":{"kind":"road","id":"road-558963359-0","name":"Unnamed mapped tertiary_link","osmWay":558963359,"major":false,"bridge":false},"geometry":{"type":"LineString","coordinates":[[9.8314216,10.312732],[9.8316134,10.3124461]]}},{"type":"Feature","properties":{"kind":"road","id":"road-558963360-0","name":"Unnamed mapped tertiary","osmWay":558963360,"major":false,"bridge":false},"geometry":{"type":"LineString","coordinates":[[9.8317307,10.3128107],[9.8316968,10.3126979]]}},{"type":"Feature","properties":{"kind":"road","id":"road-558963361-0","name":"Unnamed mapped tertiary","osmWay":558963361,"major":false,"bridge":false},"geometry":{"type":"LineString","coordinates":[[9.8329534,10.3171661],[9.8317307,10.3128107]]}},{"type":"Feature","properties":{"kind":"road","id":"road-558963362-0","name":"Unnamed mapped tertiary","osmWay":558963362,"major":false,"bridge":false},"geometry":{"type":"LineString","coordinates":[[9.8318443,10.3127888],[9.8330859,10.3171849]]}},{"type":"Feature","properties":{"kind":"road","id":"road-558963370-0","name":"Unnamed mapped primary","osmWay":558963370,"major":true,"bridge":false},"geometry":{"type":"LineString","coordinates":[[9.8463763,10.3262383],[9.8463738,10.3261651]]}},{"type":"Feature","properties":{"kind":"road","id":"road-558963371-0","name":"Unnamed mapped primary","osmWay":558963371,"major":true,"bridge":false},"geometry":{"type":"LineString","coordinates":[[9.845949,10.3313895],[9.8463133,10.3285616],[9.8463763,10.3262383]]}},{"type":"Feature","properties":{"kind":"road","id":"road-558963372-0","name":"Unnamed mapped primary","osmWay":558963372,"major":true,"bridge":false},"geometry":{"type":"LineString","coordinates":[[9.8464698,10.3262633],[9.8464028,10.3286557],[9.8460443,10.3314081]]}},{"type":"Feature","properties":{"kind":"road","id":"road-558963373-0","name":"Unnamed mapped primary","osmWay":558963373,"major":true,"bridge":false},"geometry":{"type":"LineString","coordinates":[[9.8464694,10.326197],[9.8464698,10.3262633]]}},{"type":"Feature","properties":{"kind":"road","id":"road-558963374-0","name":"Unnamed mapped primary","osmWay":558963374,"major":true,"bridge":false},"geometry":{"type":"LineString","coordinates":[[9.8459288,10.3314872],[9.845949,10.3313895]]}},{"type":"Feature","properties":{"kind":"road","id":"road-558963375-0","name":"Unnamed mapped primary","osmWay":558963375,"major":true,"bridge":false},"geometry":{"type":"LineString","coordinates":[[9.8412736,10.3456803],[9.8415286,10.3455443],[9.8422287,10.3439782],[9.843781,10.3412009],[9.8442325,10.3398731],[9.8452107,10.3361359],[9.8459288,10.3314872]]}},{"type":"Feature","properties":{"kind":"road","id":"road-558963376-0","name":"Unnamed mapped primary","osmWay":558963376,"major":true,"bridge":false},"geometry":{"type":"LineString","coordinates":[[9.8460318,10.3315108],[9.8453302,10.3361642],[9.8442913,10.3399705],[9.8438527,10.3412433],[9.8425022,10.3436595],[9.8416077,10.3458072]]}},{"type":"Feature","properties":{"kind":"road","id":"road-558963377-0","name":"Unnamed mapped primary","osmWay":558963377,"major":true,"bridge":false},"geometry":{"type":"LineString","coordinates":[[9.8460443,10.3314081],[9.8460318,10.3315108]]}},{"type":"Feature","properties":{"kind":"road","id":"road-558963394-0","name":"A345","osmWay":558963394,"major":true,"bridge":false},"geometry":{"type":"LineString","coordinates":[[9.8418034,10.3175948],[9.8418981,10.3175509]]}},{"type":"Feature","properties":{"kind":"road","id":"road-558963395-0","name":"A345","osmWay":558963395,"major":true,"bridge":false},"geometry":{"type":"LineString","coordinates":[[9.8347241,10.3174813],[9.8383108,10.3173051],[9.841039,10.3176657],[9.8418034,10.3175948]]}},{"type":"Feature","properties":{"kind":"road","id":"road-558963396-0","name":"A345","osmWay":558963396,"major":true,"bridge":false},"geometry":{"type":"LineString","coordinates":[[9.8418949,10.3176403],[9.8410291,10.3177395],[9.8380367,10.3173817],[9.8354841,10.3174996],[9.8347429,10.3177297]]}},{"type":"Feature","properties":{"kind":"road","id":"road-558963402-0","name":"Unnamed mapped tertiary","osmWay":558963402,"major":false,"bridge":false},"geometry":{"type":"LineString","coordinates":[[9.8291625,10.3060545],[9.8233673,10.3057495]]}},{"type":"Feature","properties":{"kind":"road","id":"road-558963403-0","name":"Unnamed mapped tertiary","osmWay":558963403,"major":false,"bridge":false},"geometry":{"type":"LineString","coordinates":[[9.8233677,10.3056565],[9.8291437,10.3059284]]}},{"type":"Feature","properties":{"kind":"road","id":"road-558963404-0","name":"Unnamed mapped tertiary","osmWay":558963404,"major":false,"bridge":false},"geometry":{"type":"LineString","coordinates":[[9.8232447,10.3056492],[9.8233677,10.3056565]]}},{"type":"Feature","properties":{"kind":"road","id":"road-558963406-0","name":"Unnamed mapped secondary","osmWay":558963406,"major":false,"bridge":false},"geometry":{"type":"LineString","coordinates":[[9.8439404,10.3097592],[9.8435106,10.309832]]}},{"type":"Feature","properties":{"kind":"road","id":"road-558966499-0","name":"Unnamed mapped tertiary","osmWay":558966499,"major":false,"bridge":false},"geometry":{"type":"LineString","coordinates":[[9.8233673,10.3057495],[9.8232402,10.3057433]]}},{"type":"Feature","properties":{"kind":"road","id":"road-558970783-0","name":"Unnamed mapped tertiary_link","osmWay":558970783,"major":false,"bridge":false},"geometry":{"type":"LineString","coordinates":[[9.8326334,10.3157879],[9.8327234,10.3157628]]}},{"type":"Feature","properties":{"kind":"road","id":"road-591529771-0","name":"Unnamed mapped trunk_link","osmWay":591529771,"major":false,"bridge":false},"geometry":{"type":"LineString","coordinates":[[9.8010378,10.3143406],[9.8010171,10.3144169]]}},{"type":"Feature","properties":{"kind":"road","id":"road-591529772-0","name":"Unnamed mapped trunk_link","osmWay":591529772,"major":false,"bridge":false},"geometry":{"type":"LineString","coordinates":[[9.8048066,10.3158744],[9.8048477,10.3157971]]}},{"type":"Feature","properties":{"kind":"road","id":"road-591529773-0","name":"Unnamed mapped trunk_link","osmWay":591529773,"major":false,"bridge":false},"geometry":{"type":"LineString","coordinates":[[9.8050382,10.316019],[9.8050875,10.3159474]]}},{"type":"Feature","properties":{"kind":"road","id":"road-591529774-0","name":"Unnamed mapped trunk_link","osmWay":591529774,"major":false,"bridge":false},"geometry":{"type":"LineString","coordinates":[[9.8063371,10.3169342],[9.8063853,10.31686]]}},{"type":"Feature","properties":{"kind":"road","id":"road-591529775-0","name":"Unnamed mapped trunk_link","osmWay":591529775,"major":false,"bridge":false},"geometry":{"type":"LineString","coordinates":[[9.8085748,10.3183008],[9.8086071,10.3182161]]}},{"type":"Feature","properties":{"kind":"road","id":"road-591529777-0","name":"Unnamed mapped trunk_link","osmWay":591529777,"major":false,"bridge":false},"geometry":{"type":"LineString","coordinates":[[9.811449,10.3193084],[9.8114693,10.319227]]}},{"type":"Feature","properties":{"kind":"road","id":"road-591529779-0","name":"Unnamed mapped trunk_link","osmWay":591529779,"major":false,"bridge":false},"geometry":{"type":"LineString","coordinates":[[9.8136212,10.3198074],[9.8136413,10.3197192]]}},{"type":"Feature","properties":{"kind":"road","id":"road-591529780-0","name":"Unnamed mapped trunk_link","osmWay":591529780,"major":false,"bridge":false},"geometry":{"type":"LineString","coordinates":[[9.8144508,10.3200008],[9.8144731,10.3199132]]}},{"type":"Feature","properties":{"kind":"road","id":"road-591529781-0","name":"Unnamed mapped trunk_link","osmWay":591529781,"major":false,"bridge":false},"geometry":{"type":"LineString","coordinates":[[9.8148852,10.3201021],[9.8149094,10.320015]]}},{"type":"Feature","properties":{"kind":"road","id":"road-591529782-0","name":"Unnamed mapped trunk_link","osmWay":591529782,"major":false,"bridge":false},"geometry":{"type":"LineString","coordinates":[[9.8181258,10.3204872],[9.8181229,10.3205889]]}},{"type":"Feature","properties":{"kind":"road","id":"road-591531992-0","name":"Unnamed mapped tertiary","osmWay":591531992,"major":false,"bridge":false},"geometry":{"type":"LineString","coordinates":[[9.7963594,10.3142245],[9.796689,10.3138602]]}},{"type":"Feature","properties":{"kind":"road","id":"road-591698786-0","name":"Unnamed mapped tertiary","osmWay":591698786,"major":false,"bridge":false},"geometry":{"type":"LineString","coordinates":[[9.6514893,10.2384936],[9.6518768,10.2397279],[9.6527298,10.2410252],[9.653179,10.2430589],[9.6563052,10.245117],[9.6563438,10.2452686]]}},{"type":"Feature","properties":{"kind":"road","id":"road-591753298-0","name":"Langtang - Bauchi Federal Road","osmWay":591753298,"major":true,"bridge":true},"geometry":{"type":"LineString","coordinates":[[9.6870915,10.1509086],[9.6873866,10.1515567]]}},{"type":"Feature","properties":{"kind":"road","id":"road-591753299-0","name":"Langtang - Bauchi Federal Road","osmWay":591753299,"major":true,"bridge":false},"geometry":{"type":"LineString","coordinates":[[9.6873866,10.1515567],[9.69292,10.1638665],[9.6935476,10.1658928],[9.6954332,10.1739925],[9.6960984,10.1753944],[9.7013086,10.1817687],[9.7023842,10.1827745],[9.7126461,10.1901526]]}},{"type":"Feature","properties":{"kind":"road","id":"road-591757366-0","name":"Unnamed mapped tertiary_link","osmWay":591757366,"major":false,"bridge":false},"geometry":{"type":"LineString","coordinates":[[9.7751599,10.2575742],[9.7752179,10.2576236]]}},{"type":"Feature","properties":{"kind":"road","id":"road-591757370-0","name":"Unnamed mapped tertiary","osmWay":591757370,"major":false,"bridge":false},"geometry":{"type":"LineString","coordinates":[[9.7748212,10.2580599],[9.7753282,10.2573631]]}},{"type":"Feature","properties":{"kind":"road","id":"road-591943757-0","name":"Yelwa Roundabout","osmWay":591943757,"major":true,"bridge":false},"geometry":{"type":"LineString","coordinates":[[9.8030607,10.2894776],[9.8033835,10.289362],[9.803501,10.2896796],[9.8031782,10.2897952],[9.8030607,10.2894776]]}},{"type":"Feature","properties":{"kind":"road","id":"road-591943758-0","name":"Langtang - Bauchi Federal Road","osmWay":591943758,"major":true,"bridge":false},"geometry":{"type":"LineString","coordinates":[[9.8022826,10.2869225],[9.8027931,10.2877324],[9.8034299,10.2893899]]}},{"type":"Feature","properties":{"kind":"road","id":"road-591943759-0","name":"Langtang - Bauchi Federal Road","osmWay":591943759,"major":true,"bridge":false},"geometry":{"type":"LineString","coordinates":[[9.803089,10.289432],[9.8031306,10.2891207],[9.8029321,10.2883198],[9.8022012,10.2869844]]}},{"type":"Feature","properties":{"kind":"road","id":"road-591943760-0","name":"Langtang - Bauchi Federal Road","osmWay":591943760,"major":true,"bridge":false},"geometry":{"type":"LineString","coordinates":[[9.8034347,10.2897636],[9.8036067,10.2917347],[9.8040587,10.2933643],[9.8079218,10.301691]]}},{"type":"Feature","properties":{"kind":"road","id":"road-591943761-0","name":"F247","osmWay":591943761,"major":true,"bridge":true},"geometry":{"type":"LineString","coordinates":[[9.8021784,10.2867772],[9.8022826,10.2869225]]}},{"type":"Feature","properties":{"kind":"road","id":"road-592010175-0","name":"Unnamed mapped primary_link","osmWay":592010175,"major":false,"bridge":false},"geometry":{"type":"LineString","coordinates":[[9.8209005,10.3156295],[9.8210892,10.3154473]]}},{"type":"Feature","properties":{"kind":"road","id":"road-592010180-0","name":"Unnamed mapped tertiary","osmWay":592010180,"major":false,"bridge":false},"geometry":{"type":"LineString","coordinates":[[9.8146561,10.3142569],[9.8144522,10.3142312]]}},{"type":"Feature","properties":{"kind":"road","id":"road-592010181-0","name":"Unnamed mapped tertiary","osmWay":592010181,"major":false,"bridge":false},"geometry":{"type":"LineString","coordinates":[[9.8144522,10.3142312],[9.814583,10.3141217]]}},{"type":"Feature","properties":{"kind":"road","id":"road-592028778-0","name":"Yankari National Park approach road","osmWay":592028778,"major":false,"bridge":false},"geometry":{"type":"LineString","coordinates":[[10.1472653,10.2398758],[10.1472804,10.2394401]]}},{"type":"Feature","properties":{"kind":"road","id":"road-592028779-0","name":"Yankari National Park approach road","osmWay":592028779,"major":false,"bridge":false},"geometry":{"type":"LineString","coordinates":[[10.1472804,10.2394401],[10.1474129,10.2398586]]}},{"type":"Feature","properties":{"kind":"road","id":"road-592088600-0","name":"Yankari National Park approach road","osmWay":592088600,"major":false,"bridge":true},"geometry":{"type":"LineString","coordinates":[[10.1507918,10.2288517],[10.1508938,10.2286287]]}},{"type":"Feature","properties":{"kind":"road","id":"road-592088601-0","name":"Yankari National Park approach road","osmWay":592088601,"major":false,"bridge":false},"geometry":{"type":"LineString","coordinates":[[10.1472804,10.2394401],[10.1468546,10.2372353],[10.1471191,10.2354417],[10.1475639,10.2343967],[10.1497486,10.2310282],[10.1507918,10.2288517]]}},{"type":"Feature","properties":{"kind":"road","id":"road-592231313-0","name":"Unnamed mapped primary","osmWay":592231313,"major":true,"bridge":true},"geometry":{"type":"LineString","coordinates":[[9.8340619,10.3737999],[9.8340337,10.3739675]]}},{"type":"Feature","properties":{"kind":"road","id":"road-592231315-0","name":"Unnamed mapped primary","osmWay":592231315,"major":true,"bridge":false},"geometry":{"type":"LineString","coordinates":[[9.8407043,10.3488551],[9.8384345,10.3586844],[9.8349872,10.3692904],[9.8340619,10.3737999]]}},{"type":"Feature","properties":{"kind":"road","id":"road-592231316-0","name":"Unnamed mapped primary_link","osmWay":592231316,"major":false,"bridge":false},"geometry":{"type":"LineString","coordinates":[[9.8424208,10.3436182],[9.8425022,10.3436595]]}},{"type":"Feature","properties":{"kind":"road","id":"road-592231317-0","name":"Unnamed mapped primary_link","osmWay":592231317,"major":false,"bridge":false},"geometry":{"type":"LineString","coordinates":[[9.8456323,10.3335914],[9.845728,10.3336075]]}},{"type":"Feature","properties":{"kind":"road","id":"road-593962625-0","name":"Unnamed mapped trunk_link","osmWay":593962625,"major":false,"bridge":false},"geometry":{"type":"LineString","coordinates":[[9.8303374,10.3186997],[9.8303672,10.3188045]]}},{"type":"Feature","properties":{"kind":"road","id":"road-593962626-0","name":"Unnamed mapped trunk_link","osmWay":593962626,"major":false,"bridge":false},"geometry":{"type":"LineString","coordinates":[[9.8298149,10.3188309],[9.8298458,10.3189363]]}},{"type":"Feature","properties":{"kind":"road","id":"road-593962627-0","name":"Unnamed mapped trunk_link","osmWay":593962627,"major":false,"bridge":false},"geometry":{"type":"LineString","coordinates":[[9.8289089,10.3190554],[9.8289361,10.3191662]]}},{"type":"Feature","properties":{"kind":"road","id":"road-593962628-0","name":"Unnamed mapped trunk_link","osmWay":593962628,"major":false,"bridge":false},"geometry":{"type":"LineString","coordinates":[[9.8279083,10.3194236],[9.8277912,10.3196869]]}},{"type":"Feature","properties":{"kind":"road","id":"road-594380918-0","name":"Unnamed mapped tertiary","osmWay":594380918,"major":false,"bridge":false},"geometry":{"type":"LineString","coordinates":[[10.0024431,10.2333734],[10.0019789,10.2332941]]}},{"type":"Feature","properties":{"kind":"road","id":"road-594380919-0","name":"Unnamed mapped tertiary","osmWay":594380919,"major":false,"bridge":false},"geometry":{"type":"LineString","coordinates":[[10.0059888,10.2491969],[10.0059687,10.2481603],[10.0049388,10.2431559],[10.0027823,10.2342133],[10.0024431,10.2333734]]}},{"type":"Feature","properties":{"kind":"road","id":"road-594380920-0","name":"Unnamed mapped tertiary","osmWay":594380920,"major":false,"bridge":false},"geometry":{"type":"LineString","coordinates":[[9.9925724,10.2300606],[9.9914529,10.2305665]]}},{"type":"Feature","properties":{"kind":"road","id":"road-594380922-0","name":"Unnamed mapped trunk_link","osmWay":594380922,"major":false,"bridge":false},"geometry":{"type":"LineString","coordinates":[[9.8606562,10.3146591],[9.8606862,10.314732]]}},{"type":"Feature","properties":{"kind":"road","id":"road-594384312-0","name":"Unnamed mapped tertiary","osmWay":594384312,"major":false,"bridge":false},"geometry":{"type":"LineString","coordinates":[[9.9355501,9.953342],[9.9359976,9.9542004]]}},{"type":"Feature","properties":{"kind":"road","id":"road-594857549-0","name":"A245","osmWay":594857549,"major":false,"bridge":false},"geometry":{"type":"LineString","coordinates":[[9.9900013,10.2608392],[9.990321,10.2614418]]}},{"type":"Feature","properties":{"kind":"road","id":"road-594857550-0","name":"A245","osmWay":594857550,"major":false,"bridge":false},"geometry":{"type":"LineString","coordinates":[[9.9900162,10.2614582],[9.9900013,10.2608392]]}},{"type":"Feature","properties":{"kind":"road","id":"road-594907753-0","name":"Unnamed mapped primary_link","osmWay":594907753,"major":false,"bridge":false},"geometry":{"type":"LineString","coordinates":[[9.8109825,10.3079073],[9.8112276,10.3079672]]}},{"type":"Feature","properties":{"kind":"road","id":"road-594907756-0","name":"Unnamed mapped primary_link","osmWay":594907756,"major":false,"bridge":false},"geometry":{"type":"LineString","coordinates":[[9.8112589,10.308034],[9.8111911,10.3082184]]}},{"type":"Feature","properties":{"kind":"road","id":"road-594909372-0","name":"Unnamed mapped primary_link","osmWay":594909372,"major":false,"bridge":false},"geometry":{"type":"LineString","coordinates":[[9.8095117,10.3052724],[9.8092933,10.3052194]]}},{"type":"Feature","properties":{"kind":"road","id":"road-594946142-0","name":"Unnamed mapped secondary","osmWay":594946142,"major":false,"bridge":true},"geometry":{"type":"LineString","coordinates":[[9.7743532,9.9890327],[9.774138,9.9896561]]}},{"type":"Feature","properties":{"kind":"road","id":"road-594946147-0","name":"Unnamed mapped secondary","osmWay":594946147,"major":false,"bridge":false},"geometry":{"type":"LineString","coordinates":[[9.774138,9.9896561],[9.7735016,9.9926252]]}},{"type":"Feature","properties":{"kind":"road","id":"road-594946150-0","name":"Unnamed mapped secondary","osmWay":594946150,"major":false,"bridge":false},"geometry":{"type":"LineString","coordinates":[[9.7748127,9.9877483],[9.7746637,9.9886629],[9.7743532,9.9890327]]}},{"type":"Feature","properties":{"kind":"road","id":"road-594946156-0","name":"Unnamed mapped secondary","osmWay":594946156,"major":false,"bridge":false},"geometry":{"type":"LineString","coordinates":[[9.7743103,9.9890195],[9.7748127,9.9877483]]}},{"type":"Feature","properties":{"kind":"road","id":"road-594946159-0","name":"Unnamed mapped secondary","osmWay":594946159,"major":false,"bridge":false},"geometry":{"type":"LineString","coordinates":[[9.7735016,9.9926252],[9.7738603,9.9904611],[9.7737846,9.9901131],[9.7740872,9.9896438]]}},{"type":"Feature","properties":{"kind":"road","id":"road-599135946-0","name":"Unnamed mapped tertiary","osmWay":599135946,"major":false,"bridge":false},"geometry":{"type":"LineString","coordinates":[[10.2125072,10.3945018],[10.2135073,10.3944827],[10.2154586,10.3948059],[10.216911,10.395323],[10.2194792,10.3959469],[10.2228481,10.3962793],[10.2243756,10.3960617],[10.2248678,10.3961909],[10.2267511,10.3972171]]}},{"type":"Feature","properties":{"kind":"road","id":"road-599135947-0","name":"Unnamed mapped tertiary","osmWay":599135947,"major":false,"bridge":false},"geometry":{"type":"LineString","coordinates":[[10.2125072,10.3945018],[10.2118578,10.3946282]]}},{"type":"Feature","properties":{"kind":"road","id":"road-599135949-0","name":"Unnamed mapped tertiary","osmWay":599135949,"major":false,"bridge":false},"geometry":{"type":"LineString","coordinates":[[10.2118578,10.3946282],[10.2086323,10.3948587],[10.2056403,10.3945223],[10.2044027,10.3945402],[10.2035219,10.3941241],[10.2010069,10.3934116],[10.1993205,10.3926478],[10.195798,10.3893224],[10.1949511,10.3878371],[10.1940311,10.3866116],[10.1938306,10.3860549],[10.1935664,10.3858927],[10.1927698,10.3846513],[10.1917666,10.3844535],[10.1911953,10.3841897],[10.1898368,10.3840973],[10.1888081,10.3841725],[10.1879069,10.3839205],[10.1872793,10.3834931],[10.1863459,10.3832874],[10.1857088,10.3833942],[10.1833552,10.3824062],[10.1822716,10.3821503],[10.1811263,10.382546],[10.180732,10.3825539],[10.1798335,10.3824246],[10.1774785,10.3815223],[10.1758611,10.3819445],[10.1743403,10.3817255],[10.1723729,10.3817875],[10.1718445,10.3814696],[10.1703385,10.3811253],[10.1698717,10.3811411],[10.1688337,10.3807414],[10.1665539,10.3806214],[10.164819,10.3796402],[10.1616561,10.3771955],[10.1606047,10.3765201],[10.1594031,10.3753698],[10.1582015,10.3749081],[10.1573136,10.3735598]]}},{"type":"Feature","properties":{"kind":"road","id":"road-599135950-0","name":"Unnamed mapped tertiary","osmWay":599135950,"major":false,"bridge":false},"geometry":{"type":"LineString","coordinates":[[10.1480949,10.3740136],[10.1466492,10.3763196],[10.1454475,10.3774541],[10.1451485,10.3779171],[10.1449688,10.3785358],[10.1444337,10.3793431],[10.1445477,10.3801186]]}},{"type":"Feature","properties":{"kind":"road","id":"road-599135951-0","name":"Unnamed mapped tertiary","osmWay":599135951,"major":false,"bridge":false},"geometry":{"type":"LineString","coordinates":[[10.1377764,10.3903473],[10.1373929,10.3925028],[10.1369744,10.394054],[10.1360732,10.3951832],[10.1351774,10.3956264],[10.1342386,10.397262],[10.132463,10.3995018],[10.1321303,10.3997523]]}},{"type":"Feature","properties":{"kind":"road","id":"road-599161722-0","name":"Unnamed mapped primary_link","osmWay":599161722,"major":false,"bridge":false},"geometry":{"type":"LineString","coordinates":[[9.7989932,10.2812953],[9.7991054,10.2812667]]}},{"type":"Feature","properties":{"kind":"road","id":"road-599171819-0","name":"Unnamed mapped primary","osmWay":599171819,"major":true,"bridge":true},"geometry":{"type":"LineString","coordinates":[[9.8274333,10.3851752],[9.8273464,10.3854198]]}},{"type":"Feature","properties":{"kind":"road","id":"road-599171820-0","name":"Unnamed mapped primary","osmWay":599171820,"major":true,"bridge":false},"geometry":{"type":"LineString","coordinates":[[9.8340337,10.3739675],[9.8336802,10.3759728],[9.8332274,10.3771288],[9.8324236,10.378173],[9.8297462,10.3804129],[9.8291025,10.3811846],[9.8283635,10.3825091],[9.8274333,10.3851752]]}},{"type":"Feature","properties":{"kind":"road","id":"road-926324135-0","name":"Goodluck Ebele Jonathan Road","osmWay":926324135,"major":false,"bridge":false},"geometry":{"type":"LineString","coordinates":[[9.750777,10.307635],[9.7528633,10.3038887],[9.7532684,10.3035298],[9.7548654,10.3028344],[9.7601402,10.301474],[9.7704077,10.2966948],[9.7745544,10.2950375],[9.7815898,10.2934593],[9.7858036,10.2905089],[9.7872917,10.2890189],[9.7893874,10.2876762],[9.7907415,10.2848111],[9.7910205,10.2844706],[9.7986685,10.2805385]]}},{"type":"Feature","properties":{"kind":"road","id":"road-1016601694-0","name":"Unnamed mapped tertiary","osmWay":1016601694,"major":false,"bridge":false},"geometry":{"type":"LineString","coordinates":[[10.1073927,10.136288],[10.1141554,10.1387195],[10.1236159,10.1417145],[10.1247898,10.1421398],[10.1254132,10.1426055]]}},{"type":"Feature","properties":{"kind":"road","id":"road-1016601695-0","name":"Unnamed mapped tertiary","osmWay":1016601695,"major":false,"bridge":false},"geometry":{"type":"LineString","coordinates":[[10.1254132,10.1426055],[10.1265876,10.1446196],[10.1280915,10.1457616],[10.128192,10.1460355],[10.1292546,10.1471894],[10.1294739,10.1478535],[10.1293221,10.1511077],[10.12901,10.1519046],[10.1287482,10.1538753],[10.127492,10.156022],[10.1258475,10.1571842],[10.1256451,10.1580724],[10.1261933,10.1595168],[10.1265475,10.1598571],[10.1283632,10.1605703],[10.1301983,10.1609218]]}},{"type":"Feature","properties":{"kind":"road","id":"road-1058757198-0","name":"Unnamed mapped tertiary","osmWay":1058757198,"major":false,"bridge":false},"geometry":{"type":"LineString","coordinates":[[9.7755119,10.2574146],[9.7748212,10.2580599]]}},{"type":"Feature","properties":{"kind":"road","id":"road-1061596775-0","name":"Unnamed mapped tertiary","osmWay":1061596775,"major":false,"bridge":false},"geometry":{"type":"LineString","coordinates":[[9.82943,10.3058945],[9.8320282,10.3061157],[9.8355558,10.3072494],[9.8403194,10.30826],[9.8420199,10.3091547],[9.8435998,10.3096996]]}},{"type":"Feature","properties":{"kind":"road","id":"road-1069131947-0","name":"Unnamed mapped tertiary","osmWay":1069131947,"major":false,"bridge":false},"geometry":{"type":"LineString","coordinates":[[9.8076042,10.302534],[9.8078924,10.3022205]]}},{"type":"Feature","properties":{"kind":"road","id":"road-1069131948-0","name":"Unnamed mapped tertiary","osmWay":1069131948,"major":false,"bridge":false},"geometry":{"type":"LineString","coordinates":[[9.8076438,10.3026451],[9.8042036,10.3044782],[9.7967568,10.3139031]]}},{"type":"Feature","properties":{"kind":"road","id":"road-1069172832-0","name":"Unnamed mapped tertiary","osmWay":1069172832,"major":false,"bridge":false},"geometry":{"type":"LineString","coordinates":[[9.843362,10.3098223],[9.8431911,10.309628],[9.8420124,10.3092043],[9.8402994,10.3083135],[9.8366886,10.3075899],[9.8320165,10.3061868],[9.8294107,10.306074]]}},{"type":"Feature","properties":{"kind":"road","id":"road-1069223049-0","name":"Unnamed mapped secondary","osmWay":1069223049,"major":false,"bridge":false},"geometry":{"type":"LineString","coordinates":[[9.8354047,10.3174321],[9.8373008,10.3140545],[9.83852,10.3123826],[9.8396278,10.3116249],[9.841721,10.3107294],[9.8438979,10.3095952]]}},{"type":"Feature","properties":{"kind":"road","id":"road-1069496054-0","name":"Jos Road","osmWay":1069496054,"major":true,"bridge":false},"geometry":{"type":"LineString","coordinates":[[9.8005017,10.3143445],[9.7914258,10.3140786],[9.7878321,10.3134739],[9.7818021,10.3120856],[9.7796573,10.3118904],[9.7776804,10.3119424],[9.7760452,10.312148],[9.7722157,10.3131258],[9.7698245,10.3134835],[9.7675543,10.3134312],[9.765789,10.3131148],[9.7459708,10.306032],[9.743845,10.3050409],[9.7414603,10.3035875],[9.7390026,10.3015494],[9.7372402,10.299609],[9.73575,10.2975725]]}},{"type":"Feature","properties":{"kind":"road","id":"road-1069496055-0","name":"Jos Road","osmWay":1069496055,"major":true,"bridge":false},"geometry":{"type":"LineString","coordinates":[[9.73575,10.2975725],[9.7378581,10.3002118],[9.7397751,10.3021403],[9.7418192,10.3037351],[9.7439239,10.3049949],[9.7460049,10.305955],[9.7658158,10.3130354],[9.7676349,10.3133515],[9.7698298,10.3134023],[9.7717856,10.3131308],[9.7760433,10.3120678],[9.7776853,10.3118613],[9.77967,10.3118091],[9.7818235,10.3120051],[9.7878566,10.313394],[9.7914425,10.3139975],[9.8005202,10.3142689]]}},{"type":"Feature","properties":{"kind":"road","id":"road-1069598483-0","name":"Unnamed mapped tertiary","osmWay":1069598483,"major":false,"bridge":false},"geometry":{"type":"LineString","coordinates":[[9.8293822,10.3060985],[9.8318443,10.3127888]]}},{"type":"Feature","properties":{"kind":"road","id":"road-1080534638-0","name":"Unnamed mapped trunk_link","osmWay":1080534638,"major":false,"bridge":false},"geometry":{"type":"LineString","coordinates":[[9.7961918,10.3141484],[9.7966316,10.313937]]}},{"type":"Feature","properties":{"kind":"road","id":"road-1080534639-0","name":"Unnamed mapped trunk_link","osmWay":1080534639,"major":false,"bridge":false},"geometry":{"type":"LineString","coordinates":[[9.7967138,10.3139568],[9.7968187,10.3141448]]}},{"type":"Feature","properties":{"kind":"road","id":"road-1085531816-0","name":"Unnamed mapped tertiary_link","osmWay":1085531816,"major":false,"bridge":false},"geometry":{"type":"LineString","coordinates":[[9.7968583,10.3136527],[9.7969336,10.3136958]]}},{"type":"Feature","properties":{"kind":"road","id":"road-1085531817-0","name":"Unnamed mapped tertiary_link","osmWay":1085531817,"major":false,"bridge":false},"geometry":{"type":"LineString","coordinates":[[9.8054198,10.303654],[9.8054654,10.3037418]]}},{"type":"Feature","properties":{"kind":"road","id":"road-1085531818-0","name":"Unnamed mapped tertiary_link","osmWay":1085531818,"major":false,"bridge":false},"geometry":{"type":"LineString","coordinates":[[9.803177,10.3057841],[9.8031092,10.305732]]}},{"type":"Feature","properties":{"kind":"road","id":"road-1085531819-0","name":"Unnamed mapped tertiary_link","osmWay":1085531819,"major":false,"bridge":false},"geometry":{"type":"LineString","coordinates":[[9.8005369,10.3089726],[9.8006151,10.3090243]]}},{"type":"Feature","properties":{"kind":"road","id":"road-1085531820-0","name":"Unnamed mapped tertiary_link","osmWay":1085531820,"major":false,"bridge":false},"geometry":{"type":"LineString","coordinates":[[9.7991194,10.3109088],[9.7990458,10.3108474]]}},{"type":"Feature","properties":{"kind":"road","id":"road-1229223129-0","name":"Unnamed mapped trunk_link","osmWay":1229223129,"major":false,"bridge":false},"geometry":{"type":"LineString","coordinates":[[9.8335102,10.3331897],[9.8335838,10.3331408]]}},{"type":"Feature","properties":{"kind":"road","id":"road-1229223130-0","name":"Unnamed mapped trunk_link","osmWay":1229223130,"major":false,"bridge":false},"geometry":{"type":"LineString","coordinates":[[9.8366656,10.3418391],[9.8365816,10.3418774]]}},{"type":"Feature","properties":{"kind":"road","id":"road-1229223131-0","name":"Unnamed mapped trunk_link","osmWay":1229223131,"major":false,"bridge":false},"geometry":{"type":"LineString","coordinates":[[9.838531,10.344826],[9.8384769,10.3448976]]}},{"type":"Feature","properties":{"kind":"road","id":"road-1229223133-0","name":"Unnamed mapped trunk_link","osmWay":1229223133,"major":false,"bridge":false},"geometry":{"type":"LineString","coordinates":[[9.8398526,10.3454928],[9.8398346,10.3455626]]}},{"type":"Feature","properties":{"kind":"road","id":"road-1229223134-0","name":"Maiduguri Bypass","osmWay":1229223134,"major":true,"bridge":false},"geometry":{"type":"LineString","coordinates":[[9.8405393,10.3457569],[9.839321,10.3453814],[9.8384769,10.3448976],[9.8377639,10.3442448],[9.8371454,10.3433849],[9.8341976,10.3346582],[9.8335102,10.3331897],[9.8327921,10.3320661],[9.8316944,10.3307932],[9.8290072,10.328397],[9.8264364,10.3251041],[9.8228081,10.3211995]]}},{"type":"Feature","properties":{"kind":"road","id":"road-1244170552-0","name":"Unnamed mapped tertiary","osmWay":1244170552,"major":false,"bridge":false},"geometry":{"type":"LineString","coordinates":[[9.823266,10.2894984],[9.8287953,10.2884792],[9.8311497,10.2882975],[9.8347128,10.2882396],[9.835313,10.2883539],[9.8409965,10.2906798]]}},{"type":"Feature","properties":{"kind":"road","id":"road-1426376402-0","name":"Unnamed mapped trunk_link","osmWay":1426376402,"major":false,"bridge":false},"geometry":{"type":"LineString","coordinates":[[9.81561,10.3202664],[9.8156306,10.3201821]]}},{"type":"Feature","properties":{"kind":"road","id":"road-1485389747-0","name":"Unnamed mapped tertiary","osmWay":1485389747,"major":false,"bridge":false},"geometry":{"type":"LineString","coordinates":[[9.8141204,10.439039],[9.8139735,10.4407154],[9.8140778,10.4415917],[9.816642,10.446767],[9.8220118,10.4514068],[9.8239715,10.4539246]]}},{"type":"Feature","properties":{"kind":"road","id":"road-1492232732-0","name":"A3","osmWay":1492232732,"major":true,"bridge":false},"geometry":{"type":"LineString","coordinates":[[9.8592652,10.3489953],[9.856117,10.3491365]]}},{"type":"Feature","properties":{"kind":"road","id":"road-1492232733-0","name":"A3","osmWay":1492232733,"major":true,"bridge":false},"geometry":{"type":"LineString","coordinates":[[9.856117,10.3491365],[9.8592652,10.3489953]]}},{"type":"Feature","properties":{"kind":"road","id":"road-1492232734-0","name":"A3","osmWay":1492232734,"major":true,"bridge":false},"geometry":{"type":"LineString","coordinates":[[9.8486222,10.3480498],[9.8521666,10.3489426],[9.8542019,10.3491339],[9.856117,10.3491365]]}},{"type":"Feature","properties":{"kind":"road","id":"road-1504284902-0","name":"Unnamed mapped tertiary","osmWay":1504284902,"major":false,"bridge":false},"geometry":{"type":"LineString","coordinates":[[9.8141204,10.439039],[9.8139885,10.4388242]]}},{"type":"Feature","properties":{"kind":"road","id":"road-1504900588-0","name":"Unnamed mapped tertiary","osmWay":1504900588,"major":false,"bridge":false},"geometry":{"type":"LineString","coordinates":[[9.8141646,10.4386415],[9.8141204,10.439039]]}},{"type":"Feature","properties":{"kind":"road","id":"road-1512144933-0","name":"Unnamed mapped tertiary","osmWay":1512144933,"major":false,"bridge":false},"geometry":{"type":"LineString","coordinates":[[9.823266,10.2894984],[9.8232959,10.2896219],[9.8231674,10.2896334]]}},{"type":"Feature","properties":{"kind":"road","id":"road-1512144934-0","name":"Unnamed mapped tertiary","osmWay":1512144934,"major":false,"bridge":false},"geometry":{"type":"LineString","coordinates":[[9.8444438,10.2920243],[9.846505,10.2928935]]}},{"type":"Feature","properties":{"kind":"road","id":"road-1512144935-0","name":"Unnamed mapped tertiary","osmWay":1512144935,"major":false,"bridge":false},"geometry":{"type":"LineString","coordinates":[[9.8409965,10.2906798],[9.8431852,10.2914135],[9.8444438,10.2920243]]}},{"type":"Feature","properties":{"kind":"road","id":"road-1512580624-0","name":"Unnamed mapped tertiary","osmWay":1512580624,"major":false,"bridge":false},"geometry":{"type":"LineString","coordinates":[[9.8231674,10.2896334],[9.823266,10.2894984]]}},{"type":"Feature","properties":{"kind":"road","id":"road-1512580625-0","name":"Unnamed mapped tertiary_link","osmWay":1512580625,"major":false,"bridge":false},"geometry":{"type":"LineString","coordinates":[[9.8402586,10.2904977],[9.840277,10.2904378]]}},{"type":"Feature","properties":{"kind":"road","id":"road-1512580626-0","name":"Unnamed mapped tertiary_link","osmWay":1512580626,"major":false,"bridge":false},"geometry":{"type":"LineString","coordinates":[[9.8429029,10.2913787],[9.8429283,10.2913179]]}},{"type":"Feature","properties":{"kind":"road","id":"road-1517163169-0","name":"Unnamed mapped tertiary","osmWay":1517163169,"major":false,"bridge":false},"geometry":{"type":"LineString","coordinates":[[9.8057981,10.2971276],[9.8056841,10.2971751]]}},{"type":"Feature","properties":{"kind":"road","id":"road-1529691986-0","name":"Unnamed mapped primary_link","osmWay":1529691986,"major":false,"bridge":false},"geometry":{"type":"LineString","coordinates":[[9.8456597,10.3312969],[9.845987,10.3311312]]}},{"type":"Feature","properties":{"kind":"road","id":"road-1529691987-0","name":"Unnamed mapped primary_link","osmWay":1529691987,"major":false,"bridge":false},"geometry":{"type":"LineString","coordinates":[[9.845897,10.3317112],[9.8456343,10.331392]]}},{"type":"Feature","properties":{"kind":"road","id":"road-1561078746-0","name":"Unnamed mapped tertiary","osmWay":1561078746,"major":false,"bridge":false},"geometry":{"type":"LineString","coordinates":[[9.8434122,10.3098878],[9.843362,10.3098223]]}},{"type":"Feature","properties":{"kind":"rail","id":"rail-169125419-0","name":"Unnamed mapped rail","osmWay":169125419,"major":false,"bridge":true},"geometry":{"type":"LineString","coordinates":[[9.8430623,10.2500387],[9.8430799,10.2501618]]}},{"type":"Feature","properties":{"kind":"rail","id":"rail-169125421-0","name":"Unnamed mapped rail","osmWay":169125421,"major":false,"bridge":true},"geometry":{"type":"LineString","coordinates":[[9.8441211,10.2591228],[9.8441784,10.259543]]}},{"type":"Feature","properties":{"kind":"rail","id":"rail-169125423-0","name":"Unnamed mapped rail","osmWay":169125423,"major":false,"bridge":false},"geometry":{"type":"LineString","coordinates":[[9.8048329,10.1109846],[9.800014,10.115693],[9.7993487,10.1170446],[9.799211,10.1184575],[9.7993301,10.1191482],[9.7996934,10.1200295],[9.8134267,10.1480499],[9.8135832,10.1490139],[9.8134267,10.1502827],[9.8120095,10.1533888],[9.8117789,10.1545999],[9.81182,10.1555721],[9.8121414,10.1568574],[9.8134514,10.1598152],[9.8137809,10.1610593],[9.8149019,10.1923117],[9.8153009,10.1951653],[9.8170178,10.2033713],[9.8176466,10.2049915],[9.8185252,10.2063538],[9.8270698,10.2156722],[9.8282108,10.2181512],[9.8326462,10.2293805],[9.8334158,10.2304066],[9.8343081,10.2312096],[9.8400297,10.2351691],[9.8406989,10.2358717],[9.8413759,10.2369642],[9.8416756,10.2380368],[9.8430623,10.2500387]]}},{"type":"Feature","properties":{"kind":"rail","id":"rail-169125433-0","name":"Unnamed mapped rail","osmWay":169125433,"major":false,"bridge":false},"geometry":{"type":"LineString","coordinates":[[9.8430799,10.2501618],[9.8441211,10.2591228]]}},{"type":"Feature","properties":{"kind":"rail","id":"rail-169131595-0","name":"Unnamed mapped rail","osmWay":169131595,"major":false,"bridge":false},"geometry":{"type":"LineString","coordinates":[[9.8131294,10.0890086],[9.8134121,10.0926891],[9.8145784,10.0991438]]}},{"type":"Feature","properties":{"kind":"rail","id":"rail-169131597-0","name":"Unnamed mapped rail","osmWay":169131597,"major":false,"bridge":false},"geometry":{"type":"LineString","coordinates":[[9.9750822,10.2809419],[9.9641032,10.2829574],[9.9632713,10.2834188],[9.9611792,10.285225]]}},{"type":"Feature","properties":{"kind":"rail","id":"rail-169131598-0","name":"Unnamed mapped rail","osmWay":169131598,"major":false,"bridge":false},"geometry":{"type":"LineString","coordinates":[[9.765356,9.969552],[9.768272,9.9772166]]}},{"type":"Feature","properties":{"kind":"rail","id":"rail-169131600-0","name":"Unnamed mapped rail","osmWay":169131600,"major":false,"bridge":false},"geometry":{"type":"LineString","coordinates":[[9.961023,10.2853651],[9.9475037,10.2971957],[9.9469523,10.2976001],[9.9463273,10.2978574],[9.9450315,10.2981331],[9.9353079,10.29692],[9.9335616,10.2968464],[9.8993351,10.3028262],[9.8975929,10.3035129],[9.8967092,10.304066],[9.8900331,10.3093942],[9.8883927,10.3101572],[9.8875279,10.3103161],[9.8861927,10.3103225],[9.8696106,10.305503],[9.8684661,10.3048227],[9.8580771,10.2974732],[9.8420649,10.2898318],[9.8416515,10.2896118],[9.8409993,10.288968],[9.8404507,10.2880807],[9.8401904,10.2872353],[9.8401176,10.2862109],[9.8402687,10.2853571],[9.8448987,10.2742236],[9.845241,10.2731852],[9.8454986,10.2716795],[9.8453465,10.269459],[9.8441784,10.259543]]}},{"type":"Feature","properties":{"kind":"rail","id":"rail-169131602-0","name":"Unnamed mapped rail","osmWay":169131602,"major":false,"bridge":true},"geometry":{"type":"LineString","coordinates":[[9.9753487,10.2808798],[9.9750822,10.2809419]]}},{"type":"Feature","properties":{"kind":"rail","id":"rail-169131603-0","name":"Unnamed mapped rail","osmWay":169131603,"major":false,"bridge":true},"geometry":{"type":"LineString","coordinates":[[9.8048908,10.110933],[9.8048329,10.1109846]]}},{"type":"Feature","properties":{"kind":"rail","id":"rail-169131604-0","name":"Unnamed mapped rail","osmWay":169131604,"major":false,"bridge":true},"geometry":{"type":"LineString","coordinates":[[10.1479803,10.2508319],[10.1462774,10.2515721]]}},{"type":"Feature","properties":{"kind":"rail","id":"rail-169131605-0","name":"Unnamed mapped rail","osmWay":169131605,"major":false,"bridge":true},"geometry":{"type":"LineString","coordinates":[[9.9611792,10.285225],[9.961023,10.2853651]]}},{"type":"Feature","properties":{"kind":"rail","id":"rail-169131606-0","name":"Unnamed mapped rail","osmWay":169131606,"major":false,"bridge":true},"geometry":{"type":"LineString","coordinates":[[9.8130999,10.0887728],[9.8131294,10.0890086]]}},{"type":"Feature","properties":{"kind":"rail","id":"rail-169131609-0","name":"Unnamed mapped rail","osmWay":169131609,"major":false,"bridge":true},"geometry":{"type":"LineString","coordinates":[[9.768272,9.9772166],[9.7686328,9.9782057]]}},{"type":"Feature","properties":{"kind":"rail","id":"rail-169131611-0","name":"Unnamed mapped rail","osmWay":169131611,"major":false,"bridge":true},"geometry":{"type":"LineString","coordinates":[[9.8145784,10.0991438],[9.8147258,10.099847]]}},{"type":"Feature","properties":{"kind":"rail","id":"rail-169131613-0","name":"Unnamed mapped rail","osmWay":169131613,"major":false,"bridge":false},"geometry":{"type":"LineString","coordinates":[[10.1915525,10.245517],[10.1908091,10.2455858],[10.1858805,10.2472379],[10.175927,10.2475683],[10.1733938,10.2478987],[10.1712778,10.2487321],[10.165892,10.2514147],[10.1646539,10.251621],[10.1634364,10.251456],[10.158422,10.2499289],[10.1548521,10.2490829],[10.153614,10.2489178],[10.1517361,10.2492067],[10.1479803,10.2508319]]}},{"type":"Feature","properties":{"kind":"rail","id":"rail-169131614-0","name":"Unnamed mapped rail","osmWay":169131614,"major":false,"bridge":false},"geometry":{"type":"LineString","coordinates":[[9.8147258,10.099847],[9.8149658,10.101047],[9.8149911,10.1020533],[9.81481,10.1029038],[9.814309,10.1038807],[9.8131721,10.1050049],[9.8084959,10.1083489]]}},{"type":"Feature","properties":{"kind":"rail","id":"rail-169131616-0","name":"Unnamed mapped rail","osmWay":169131616,"major":false,"bridge":false},"geometry":{"type":"LineString","coordinates":[[10.1462774,10.2515721],[10.1407061,10.2537875],[10.0855831,10.2561436],[10.0835152,10.2563734],[10.0725234,10.2588365],[10.0520652,10.2677421],[10.0328661,10.2693229],[10.0194388,10.2730542],[9.9753487,10.2808798]]}},{"type":"Feature","properties":{"kind":"rail","id":"rail-169131617-0","name":"Unnamed mapped rail","osmWay":169131617,"major":false,"bridge":false},"geometry":{"type":"LineString","coordinates":[[9.7686328,9.9782057],[9.7713502,9.9854124],[9.7717608,9.9861776],[9.7764591,9.9921073],[9.7776225,9.9937674],[9.7780975,9.9947527],[9.7829604,10.0086792],[9.7861711,10.0182938],[9.7903463,10.032852],[9.7916183,10.0368749],[9.7924643,10.0385669],[9.7985261,10.0477875],[9.7988901,10.0491464],[9.799708,10.0614645],[9.8012274,10.0672115],[9.8017955,10.0683132],[9.8061124,10.0750079],[9.8122469,10.0842888],[9.8126489,10.0851373],[9.8128722,10.0859888],[9.8130999,10.0887728]]}},{"type":"Feature","properties":{"kind":"rail","id":"rail-169131621-0","name":"Unnamed mapped rail","osmWay":169131621,"major":false,"bridge":false},"geometry":{"type":"LineString","coordinates":[[10.2554436,10.2595406],[10.2542998,10.2592204],[10.2408494,10.2575546],[10.2388532,10.257114],[10.2379583,10.2570727],[10.2369258,10.2573756],[10.2362099,10.2577473],[10.2341861,10.2597573],[10.2334427,10.2602667],[10.2326855,10.2605007],[10.231653,10.2604869],[10.2172252,10.2563844],[10.2152703,10.255696],[10.2008975,10.2492943],[10.1937029,10.2462096],[10.1922243,10.2456461],[10.1915525,10.245517]]}},{"type":"Feature","properties":{"kind":"rail","id":"rail-169131623-0","name":"Unnamed mapped rail","osmWay":169131623,"major":false,"bridge":false},"geometry":{"type":"LineString","coordinates":[[9.9089455,10.3011285],[9.9053551,10.3017292]]}},{"type":"Feature","properties":{"kind":"rail","id":"rail-1043668796-0","name":"Unnamed mapped rail","osmWay":1043668796,"major":false,"bridge":false},"geometry":{"type":"LineString","coordinates":[[9.8084359,10.108391],[9.8048908,10.110933]]}},{"type":"Feature","properties":{"kind":"rail","id":"rail-1043668797-0","name":"Unnamed mapped rail","osmWay":1043668797,"major":false,"bridge":false},"geometry":{"type":"LineString","coordinates":[[9.8084959,10.1083489],[9.8084359,10.108391]]}}]}
