{"type":"FeatureCollection","metadata":{"source":"Geofabrik Nigeria OSM extract, OpenStreetMap contributors, ODbL 1.0; geoBoundaries gbOpen GRID3 2022, CC BY 4.0","surfaceFormatVersion":1,"pbfUrl":"https://download.geofabrik.de/africa/nigeria-261003.osm.pbf","pbfDate":"2026-10-03","pbfSha256":"6dfa568106792fb8a9bba0b12a91e1edfb789d38c452087b2c48bc58326880b5","pbfBytes":709273731,"boundaryRelease":"9469f09","adm1Sha256":"64fa218ac3d453cc1e66412ff461c5dfa1a4a1ade0da93b239a9891b587d28f9","adm2Sha256":"bef7f2cfa45e012f4772eaa61c7b99e5188aeba4d5c6badae7e9f9aae8c02fcd","cityId":"benin-city","stateId":"edo","stateSourceName":"Edo","localUnits":[["oredo","Oredo"],["egor","Egor"],["ikpoba-okha","Ikpoba-Okha"]],"coordinatePrecisionDegrees":1e-07,"transportSimplificationDegrees":8e-05,"locationIndex":"sparse_file_array","waterObjects":[["relation",1982847],["relation",14325789],["relation",14330922],["relation",14414856],["relation",14939290],["relation",14969540],["relation",15099691],["relation",15258753],["relation",15268824],["way",44462916],["way",44462917],["way",44523754],["way",44523756],["way",44523762],["way",44523770],["way",44523776],["way",44523778],["way",44523779],["way",44523780],["way",44523781],["way",44606201],["way",44694733],["way",380910187],["way",1076561187],["way",1087321426],["way",1117469544],["way",1124102407],["way",1288625081],["way",1456557830],["way",1479926108],["way",1483321363]]},"features":[{"type":"Feature","properties":{"kind":"state","id":"state:edo","localUnitId":"edo","name":"Edo"},"geometry":{"type":"Polygon","coordinates":[[[5.1334462,6.1722107],[5.1376758,6.1730919],[5.137147,6.1762643],[5.1320362,6.1808462],[5.1357374,6.1822562],[5.1359134,6.1866622],[5.133265,6.1882176],[5.131331,6.1889534],[5.1286874,6.1896586],[5.1286874,6.1938882],[5.1271119,6.1970253],[5.122395,6.2012763],[5.122468,6.2058721],[5.1199236,6.2070088],[5.1176252,6.2069464],[5.11549,6.2061086],[5.1138597,6.1998172],[5.1128259,6.1954741],[5.1099396,6.1954279],[5.1048255,6.2000294],[5.1031561,6.2021761],[5.0998168,6.2021761],[5.0982256,6.1981435],[5.0958414,6.1970878],[5.092423,6.1982803],[5.0892019,6.2010574],[5.0884724,6.20434],[5.0861378,6.2078419],[5.0872359,6.2145257],[5.0851827,6.2160883],[5.0818076,6.2180333],[5.0756226,6.2134342],[5.0745459,6.2176862],[5.07793,6.2201481],[5.0788112,6.2226157],[5.0758514,6.2267365],[5.0737362,6.2288518],[5.0729337,6.2311864],[5.0733476,6.234776],[5.0733476,6.2395349],[5.0694704,6.2425308],[5.066298,6.2455268],[5.0634785,6.2483468],[5.0605731,6.2480049],[5.0574861,6.2476416],[5.0534482,6.2468333],[5.0497141,6.2514296],[5.0490303,6.2602692],[5.0482611,6.2636349],[5.0479689,6.2649136],[5.0410419,6.2742753],[5.0377469,6.2774267],[5.0350614,6.2780104],[5.0296402,6.2791891],[5.021533,6.2853575],[5.0156631,6.2923008],[5.0156188,6.2923532],[5.0130734,6.2985754],[5.012897,6.3021002],[5.0153646,6.3089738],[5.0196843,6.3158984],[5.0215235,6.3186789],[5.0301361,6.323133],[5.0353012,6.328476],[5.034945,6.3329287],[5.0317388,6.3375597],[5.0287113,6.3418341],[5.0278206,6.3452182],[5.0281768,6.3509173],[5.0283551,6.3580418],[5.0287099,6.3602695],[5.0292454,6.3635631],[5.032393,6.3649068],[5.0392194,6.3640971],[5.0438499,6.366591],[5.0472341,6.3721123],[5.0481248,6.375318],[5.0480828,6.3779211],[5.0490571,6.3818871],[5.0491934,6.382442],[5.052825,6.384151],[5.0573864,6.3813734],[5.062551,6.3778114],[5.0651521,6.376901],[5.0661135,6.3765645],[5.0712786,6.3765645],[5.0757313,6.3772769],[5.0765906,6.3782223],[5.0792933,6.3811955],[5.0832748,6.3855028],[5.0860362,6.3892117],[5.0915823,6.3922381],[5.0988851,6.3974032],[5.1036935,6.4022121],[5.1066874,6.4086125],[5.1093586,6.4116399],[5.109537,6.4137776],[5.10829,6.416271],[5.1070436,6.4182303],[5.1036595,6.4212577],[5.1034811,6.4239294],[5.104194,6.4269574],[5.1043719,6.4308755],[5.1073998,6.4324787],[5.1075776,6.434972],[5.1049064,6.4363968],[5.1025909,6.4378216],[5.1027687,6.4413836],[5.1048568,6.443963],[5.106009,6.4460258],[5.1104617,6.4490538],[5.1140237,6.4533281],[5.1174078,6.4590278],[5.1234636,6.4627681],[5.1288066,6.4684672],[5.1336155,6.4725637],[5.1357527,6.4770164],[5.139493,6.4800444],[5.1435895,6.4864559],[5.1453705,6.4887714],[5.1473298,6.4893055],[5.1485763,6.4921556],[5.1510696,6.4939365],[5.1533852,6.498033],[5.1537414,6.5010605],[5.1521387,6.5035543],[5.151412,6.5039507],[5.1501794,6.5046229],[5.1501794,6.5088973],[5.1503572,6.5117469],[5.153029,6.5154872],[5.15481,6.5188713],[5.15481,6.5290232],[5.1551661,6.5331197],[5.1571255,6.5361476],[5.1603313,6.5391755],[5.161222,6.5438061],[5.1622906,6.5464778],[5.1606874,6.5498619],[5.1622906,6.552177],[5.1642499,6.5544925],[5.1624972,6.5581325],[5.1619344,6.5593014],[5.1621122,6.5619731],[5.1545835,6.5678],[5.1471558,6.5696053],[5.1406398,6.5741863],[5.1387749,6.5760226],[5.1369104,6.5778589],[5.1331711,6.5833783],[5.1322284,6.5861435],[5.1280541,6.588161],[5.1275511,6.5935044],[5.1256714,6.5981107],[5.1238012,6.6008706],[5.1209841,6.6073184],[5.1191087,6.6110015],[5.117229,6.6156077],[5.1147966,6.6203859],[5.1144166,6.6211324],[5.1125312,6.6266623],[5.1115837,6.6303501],[5.1115427,6.6377368],[5.1124339,6.6442056],[5.1124135,6.647847],[5.1123977,6.6506686],[5.1123672,6.6562085],[5.1132631,6.6617537],[5.1141496,6.6691456],[5.1158958,6.6769423],[5.1159577,6.6774659],[5.1177759,6.6839395],[5.1195993,6.6894898],[5.1223502,6.6950455],[5.1223297,6.6987386],[5.1260228,6.701529],[5.1315246,6.7126398],[5.1351919,6.720047],[5.1379375,6.7265258],[5.1406937,6.7311583],[5.1452937,6.7376471],[5.1508107,6.7459879],[5.156353,6.749712],[5.1665058,6.7580786],[5.1729703,6.7627311],[5.1803675,6.7664652],[5.185915,6.7692661],[5.1905355,6.7720618],[5.1970158,6.7739449],[5.2016158,6.7804337],[5.2025275,6.7832088],[5.2024965,6.7887487],[5.2043252,6.7933755],[5.2052321,6.7970743],[5.2061386,6.8007727],[5.2070451,6.8052343],[5.2088685,6.8107846],[5.2116246,6.8154166],[5.2134585,6.8191202],[5.2152972,6.8219007],[5.2189703,6.827621],[5.2235651,6.8350334],[5.226326,6.8387423],[5.2364478,6.8526487],[5.2374913,6.8544909],[5.2437935,6.8656168],[5.2548223,6.8827086],[5.272408,6.8883457],[5.4365758,6.8858257],[5.4597487,6.8854699],[5.5370598,6.8847966],[5.5474415,6.8837929],[5.5552402,6.883039],[5.5617514,6.8793817],[5.5655189,6.8760233],[5.5678535,6.8726211],[5.5701523,6.8692713],[5.5720892,6.8545084],[5.5712132,6.8452697],[5.566608,6.839704],[5.5638366,6.837842],[5.559206,6.8368931],[5.553648,6.8359389],[5.5490274,6.8331432],[5.546614,6.8299012],[5.5462666,6.8294344],[5.5435109,6.8248024],[5.5435567,6.8164926],[5.5435777,6.812799],[5.5445199,6.8100343],[5.545835,6.8042922],[5.5474238,6.8028102],[5.5498638,6.7972059],[5.5510974,6.7943735],[5.5557747,6.7870126],[5.559535,6.7777996],[5.56142,6.7722697],[5.5618777,6.7671428],[5.5632162,6.7623801],[5.561533,6.7519565],[5.5625219,6.7408819],[5.561656,6.7297964],[5.562763,6.7261949],[5.5644894,6.7205787],[5.5710258,6.7123046],[5.5738382,6.70678],[5.5766349,6.7040257],[5.5821981,6.7040563],[5.585876,6.7096171],[5.5895591,6.7142539],[5.5960135,6.7207532],[5.6052389,6.729115],[5.6076466,6.7312364],[5.6126208,6.7356191],[5.6200023,6.7421236],[5.6292534,6.7458682],[5.6366658,6.7468328],[5.6403747,6.7468534],[5.6496873,6.7395182],[5.6529317,6.7363229],[5.6543489,6.7349272],[5.6599326,6.7312646],[5.6647885,6.7288801],[5.6673708,6.727612],[5.6704206,6.7283492],[5.6716352,6.7286428],[5.7025576,6.7361174],[5.711442,6.7519751],[5.7144928,6.757421],[5.7191029,6.7620635],[5.7236595,6.7666512],[5.7264795,6.7694907],[5.7431226,6.7778935],[5.7515926,6.7816401],[5.7579212,6.7844391],[5.7671523,6.7918768],[5.7708354,6.796514],[5.7781348,6.8177919],[5.7771769,6.8233266],[5.7753015,6.8270097],[5.7734218,6.8316164],[5.7715521,6.8343759],[5.7696667,6.8399057],[5.7714801,6.8473024],[5.7740419,6.8533475],[5.7742257,6.8537812],[5.774572,6.8541299],[5.7754041,6.8549679],[5.7788358,6.8584237],[5.7825036,6.8658309],[5.7856345,6.8696151],[5.7871084,6.8713965],[5.7870622,6.8797064],[5.7879434,6.8880219],[5.7879382,6.8889519],[5.7879076,6.894485],[5.7897258,6.9009585],[5.7934036,6.9065194],[5.7979937,6.914855],[5.7991033,6.9188051],[5.7994106,6.9198998],[5.7997113,6.9209703],[5.7998118,6.9213285],[5.7988486,6.9277868],[5.7978959,6.9323983],[5.7960057,6.9388514],[5.7950525,6.9434628],[5.7931724,6.9480691],[5.7922044,6.9554505],[5.7884645,6.9609704],[5.7856421,6.9683414],[5.7883568,6.98036],[5.7892427,6.987752],[5.7892175,6.9923687],[5.7910409,6.9979191],[5.7937813,7.005321],[5.7937555,7.0099654],[5.793735,7.0136309],[5.7940092,7.0156198],[5.7925811,7.0216551],[5.7961779,7.0242906],[5.7973666,7.0275016],[5.7983599,7.0300145],[5.7988094,7.0311521],[5.7993121,7.0324245],[5.801024,7.0367556],[5.8028321,7.0450754],[5.8042579,7.0485373],[5.8095932,7.0512452],[5.8102241,7.055903],[5.8119888,7.0593858],[5.8131871,7.063457],[5.8143921,7.06811],[5.8155832,7.0715981],[5.82199,7.079123],[5.8226176,7.0799538],[5.823741,7.0814409],[5.8294878,7.0819769],[5.8352642,7.0848451],[5.8381548,7.0865698],[5.8410468,7.088295],[5.8462491,7.091167],[5.8497071,7.0923052],[5.8525782,7.0939989],[5.8549228,7.096343],[5.8532372,7.0992708],[5.8509769,7.1022038],[5.8481431,7.1051421],[5.8458681,7.1069088],[5.8430338,7.1098471],[5.841958,7.115685],[5.8425598,7.118011],[5.8443112,7.1203289],[5.846622,7.1214762],[5.8506541,7.1226091],[5.8546929,7.1243238],[5.8575768,7.1254668],[5.860455,7.1260262],[5.8627791,7.1283388],[5.865139,7.1335659],[5.8663311,7.137053],[5.8675289,7.1411238],[5.8675718,7.1446209],[5.868175,7.1469479],[5.8716969,7.1533308],[5.87291,7.1585679],[5.8729601,7.1626482],[5.8747182,7.1655478],[5.8770642,7.16961],[5.8788218,7.1725101],[5.882309,7.1759791],[5.8869438,7.1794381],[5.8898349,7.1811628],[5.8938751,7.182879],[5.8939099,7.1857929],[5.8904653,7.189055],[5.8836651,7.192872],[5.884325,7.199862],[5.885986,7.2015143],[5.8889742,7.2044868],[5.8936162,7.208529],[5.8959408,7.2108421],[5.8994141,7.2131462],[5.9005873,7.2143136],[5.903481,7.2171931],[5.9039674,7.2199413],[5.904099,7.220685],[5.9012709,7.224206],[5.8973398,7.2312331],[5.8985448,7.2358871],[5.8986394,7.2435331],[5.8986602,7.2452121],[5.898129,7.248714],[5.8958902,7.253396],[5.896522,7.2580538],[5.900001,7.2609401],[5.9029002,7.263248],[5.9046502,7.2655649],[5.9052892,7.2708058],[5.9070611,7.2748718],[5.9093928,7.2777681],[5.9122992,7.2806592],[5.9140711,7.2847252],[5.9169912,7.2887812],[5.9198398,7.2912622],[5.9216328,7.2928238],[5.9239612,7.2962799],[5.924582,7.299212],[5.9240441,7.3021312],[5.922925,7.304471],[5.9212241,7.3062339],[5.9195452,7.3097458],[5.9178662,7.3132572],[5.9167471,7.315598],[5.9162092,7.3185172],[5.9173851,7.320838],[5.9185691,7.3237429],[5.9180241,7.3260798],[5.9175429,7.333662],[5.9193082,7.3371449],[5.9233398,7.3382769],[5.927372,7.3394098],[5.9331198,7.3399458],[5.9371519,7.3410792],[5.9406099,7.342217],[5.94521,7.342762],[5.950448,7.3444753],[5.9549961,7.3450141],[5.957695,7.3443222],[5.9647608,7.3455181],[5.9687858,7.346067],[5.971663,7.3466272],[5.9751139,7.3471818],[5.9785662,7.3477359],[5.980876,7.3488841],[5.9866948,7.355248],[5.9867311,7.3581619],[5.98734,7.3610721],[5.9867949,7.3634081],[5.981091,7.3663688],[5.9782419,7.3681412],[5.975996,7.3722401],[5.974885,7.375164],[5.9749198,7.378078],[5.9749708,7.3821578],[5.9758341,7.3836522],[5.9773169,7.386219],[5.9784999,7.3891239],[5.9796772,7.3914461],[5.9785581,7.3937869],[5.975709,7.3955588],[5.974052,7.4008188],[5.9746618,7.403728],[5.971475,7.4070318],[5.9701271,7.4084291],[5.969008,7.410769],[5.9684839,7.4148541],[5.9714112,7.4194942],[5.9726019,7.4229808],[5.973794,7.4264688],[5.9744029,7.429379],[5.9755869,7.4322839],[5.9773369,7.4346008],[5.9796619,7.436914],[5.9814062,7.4386482],[5.9848709,7.4403691],[5.9871821,7.4415159],[5.9872169,7.4444299],[5.9872599,7.447927],[5.9867148,7.450264],[5.9844909,7.45611],[5.9787722,7.4579058],[5.9753432,7.4590998],[5.9713392,7.460299],[5.9679125,7.4603262],[5.9661732,7.46034],[5.9633031,7.4603639],[5.9577141,7.472651],[5.9566088,7.4761572],[5.9549298,7.4796691],[5.953258,7.4837632],[5.9481349,7.4873018],[5.9488158,7.4960399],[5.9511719,7.5012217],[5.952971,7.507082],[5.9530282,7.511744],[5.9542189,7.515233],[5.9599452,7.51402],[5.9628,7.5128312],[5.9651098,7.513978],[5.9674282,7.515707],[5.9691858,7.5186081],[5.9698514,7.520347],[5.9709649,7.5232558],[5.9732971,7.5261521],[5.9756432,7.5302129],[5.9790869,7.5301852],[5.9825311,7.5301571],[5.9871159,7.5295372],[5.9894052,7.528935],[5.9945488,7.527144],[6.0020261,7.5282488],[6.0041256,7.5292358],[6.0105015,7.5322754],[6.0129962,7.5334058],[6.0170779,7.538619],[6.0211682,7.544415],[6.023499,7.5473099],[6.022954,7.5496459],[6.024734,7.554296],[6.0253649,7.5589528],[6.0265489,7.5618591],[6.0288882,7.5653372],[6.0329561,7.5693841],[6.035862,7.5722752],[6.040483,7.5745692],[6.0433879,7.5774598],[6.0485039,7.5801239],[6.0696089,7.5835162],[6.098731,7.5881972],[6.1187611,7.5914168],[6.1226778,7.5832248],[6.123776,7.5791349],[6.1257014,7.5753999],[6.128799,7.5674363],[6.1299109,7.5645118],[6.1304421,7.5610107],[6.1321057,7.556334],[6.1335707,7.5520768],[6.1383491,7.5504532],[6.1428635,7.5509891],[6.1429482,7.5509992],[6.1463919,7.550971],[6.1498361,7.5509429],[6.1532798,7.5509148],[6.1555691,7.550313],[6.1607351,7.550271],[6.1641779,7.5502419],[6.1658788,7.54848],[6.1669841,7.5452465],[6.1665718,7.544235],[6.1658001,7.5423416],[6.1646018,7.5382718],[6.1622558,7.533937],[6.1582842,7.5282979],[6.1558342,7.5252452],[6.1540771,7.5223451],[6.150589,7.5188761],[6.1465359,7.515995],[6.142489,7.5136962],[6.1378608,7.510819],[6.135551,7.5096722],[6.1314969,7.5067911],[6.1286058,7.505065],[6.125721,7.5039229],[6.1222558,7.502203],[6.118217,7.5004869],[6.1147509,7.4987659],[6.112433,7.497036],[6.1101022,7.4941411],[6.108336,7.4906578],[6.1088819,7.4883218],[6.1082578,7.4842458],[6.1087961,7.481328],[6.1087389,7.476665],[6.11028,7.4676683],[6.1096339,7.4618442],[6.1101498,7.4571774],[6.110682,7.4536751],[6.112412,7.4486551],[6.1186981,7.4462709],[6.1206395,7.4462553],[6.1255575,7.4462157],[6.127882,7.446197],[6.1330619,7.44732],[6.1382351,7.4478612],[6.142848,7.4495721],[6.1474328,7.4489522],[6.1506131,7.4486569],[6.1545717,7.4481796],[6.1597306,7.4475545],[6.1637336,7.4463552],[6.1648137,7.445795],[6.1655909,7.4453918],[6.1668992,7.4447131],[6.1709099,7.444097],[6.1731701,7.441164],[6.1742749,7.4376569],[6.1759539,7.4341459],[6.1799221,7.4300332],[6.182785,7.4294271],[6.1862721,7.4328961],[6.186307,7.435811],[6.1869168,7.4387202],[6.1880605,7.4394023],[6.1898088,7.4404449],[6.193274,7.4421659],[6.2007861,7.4461851],[6.2045696,7.4477918],[6.2088652,7.449616],[6.2195534,7.4577868],[6.2210479,7.4600091],[6.2233939,7.4640708],[6.2253232,7.4683957],[6.2269239,7.4710369],[6.233274,7.4738989],[6.2378869,7.4756112],[6.2447901,7.4767199],[6.25284,7.4778199],[6.2557168,7.4783802],[6.2591681,7.4789338],[6.2637739,7.480063],[6.2678142,7.4817791],[6.2701392,7.4840908],[6.2718892,7.4864092],[6.2730732,7.4893141],[6.274838,7.4927959],[6.2765961,7.495697],[6.2811529,7.501042],[6.2880408,7.5009857],[6.292052,7.5003696],[6.2954809,7.4991756],[6.3569128,7.4148773],[6.3614699,7.4119266],[6.3665916,7.4083876],[6.3769307,7.4005888],[6.3797717,7.3982337],[6.423873,7.4175408],[6.4282031,7.4153255],[6.4276719,7.4105239],[6.4321642,7.4023271],[6.432106,7.3976641],[6.4222412,7.3889999],[6.4233532,7.386076],[6.4267468,7.381968],[6.4324579,7.379591],[6.434144,7.3766618],[6.4346762,7.3731599],[6.4346042,7.367332],[6.435658,7.359745],[6.4385071,7.3579731],[6.4425111,7.3567739],[6.450532,7.3555431],[6.455153,7.3578372],[6.4597812,7.360714],[6.4632611,7.3635998],[6.4668698,7.3653188],[6.4703722,7.3637009],[6.4729819,7.3606062],[6.4757948,7.3559198],[6.4774809,7.3529921],[6.4808679,7.3483],[6.4857631,7.3419962],[6.4887891,7.3389091],[6.4922051,7.3365502],[6.494472,7.334199],[6.4973269,7.3330102],[6.4995518,7.3271632],[6.4995089,7.3236661],[6.498899,7.320756],[6.4982958,7.318429],[6.4991334,7.3145269],[6.4999251,7.3108382],[6.499846,7.3044271],[6.499229,7.3009338],[6.4997602,7.2974319],[6.4996958,7.2921872],[6.5013599,7.2875099],[6.5036211,7.2845769],[6.5059007,7.2810037],[6.508112,7.2763801],[6.5080328,7.269968],[6.5114412,7.267025],[6.5148849,7.2669969],[6.5258479,7.2715712],[6.529881,7.2727041],[6.5373569,7.273809],[6.54426,7.274919],[6.5473525,7.2748936],[6.556313,7.2748199],[6.5695219,7.2752948],[6.601943,7.283839],[6.6323099,7.2923308],[6.63767,7.294243],[6.6452011,7.2812674],[6.6691551,7.2399961],[6.6747222,7.232915],[6.6781139,7.2311131],[6.6832328,7.2298671],[6.6853364,7.2230102],[6.6901574,7.219051],[6.693305,7.2164761],[6.6999583,7.1858595],[6.7007928,7.1784883],[6.7034302,7.1705756],[6.707211,7.1592331],[6.7114902,7.1485357],[6.7157688,7.1356993],[6.7157688,7.1228213],[6.7157688,7.1207232],[6.7149487,7.1176476],[6.7114902,7.1046772],[6.7105952,7.1031558],[6.6900954,7.0683069],[6.6838355,7.0516138],[6.677259,7.0340757],[6.677259,7.0084023],[6.6783285,6.9934263],[6.6784542,6.9905367],[6.6792603,6.9720025],[6.6793985,6.9688225],[6.6729803,6.9356613],[6.6618959,6.9204931],[6.6526556,6.9078484],[6.6462369,6.8853846],[6.63447,6.8661294],[6.6280123,6.853752],[6.6216335,6.8415256],[6.6142611,6.8309942],[6.6141453,6.8308287],[6.6107903,6.8221049],[6.61377,6.8148012],[6.6159439,6.8095212],[6.6175971,6.806581],[6.6203179,6.800128],[6.623661,6.7959962],[6.62361,6.7935982],[6.623549,6.7907529],[6.6273642,6.781951],[6.6295142,6.775507],[6.6316891,6.7690582],[6.6280217,6.7488875],[6.6261878,6.7314677],[6.6216035,6.7222991],[6.6179361,6.7048793],[6.6280217,6.6746235],[6.6349673,6.6633049],[6.651162,6.6369128],[6.6527762,6.6342821],[6.6591964,6.6077533],[6.6619449,6.5728536],[6.6616958,6.5579284],[6.6654854,6.5281924],[6.668921,6.5012341],[6.6598139,6.4985561],[6.6563654,6.4960575],[6.6493545,6.4909778],[6.6462569,6.4887338],[6.6326542,6.489315],[6.622426,6.495471],[6.6212717,6.4958139],[6.6188998,6.4965186],[6.6088071,6.4995179],[6.59725,6.4987278],[6.5943209,6.4985279],[6.5856929,6.4979391],[6.5783596,6.4958811],[6.5765022,6.4953599],[6.5755048,6.49508],[6.5653081,6.4943018],[6.5517111,6.493495],[6.5401559,6.492012],[6.5378593,6.4912112],[6.5361881,6.4906284],[6.5358561,6.4905127],[6.5354285,6.4903636],[6.5296311,6.4886069],[6.5261889,6.4880781],[6.5233188,6.4875412],[6.5200291,6.4830356],[6.51012,6.4761514],[6.5096259,6.4758081],[6.5021982,6.4639568],[6.4961444,6.4591692],[6.4924479,6.4562459],[6.4904466,6.4557114],[6.4805079,6.4478259],[6.4772176,6.4462374],[6.4733418,6.4443662],[6.4661827,6.4409099],[6.4660358,6.4408012],[6.4620819,6.4378767],[6.4488678,6.4281039],[6.4453759,6.4252448],[6.4433418,6.4232461],[6.4418731,6.421803],[6.4415675,6.421503],[6.4401212,6.420083],[6.436604,6.416059],[6.4336472,6.4114432],[6.431262,6.4068179],[6.4289498,6.4056888],[6.4237318,6.4022751],[6.4191098,6.4000158],[6.4150591,6.3977489],[6.4127359,6.3960371],[6.4104371,6.3954911],[6.4095963,6.3951403],[6.407257,6.3941641],[6.4063988,6.393806],[6.4012299,6.3927221],[6.3977761,6.3916111],[6.391427,6.3887968],[6.3856859,6.387722],[6.379921,6.3854809],[6.3701539,6.3833041],[6.3656068,6.384541],[6.3622894,6.384439],[6.3575602,6.3842936],[6.349566,6.3787761],[6.3415861,6.3784137],[6.3362947,6.3781734],[6.3316555,6.3764477],[6.3246589,6.3738456],[6.3223753,6.373045],[6.319387,6.371263],[6.3127813,6.3673248],[6.3077655,6.3659658],[6.3046026,6.3650475],[6.2988534,6.363378],[6.290318,6.3618684],[6.2816558,6.3574061],[6.2708368,6.3434458],[6.2613659,6.3322721],[6.2539439,6.3190341],[6.246644,6.3126502],[6.236331,6.3036308],[6.2234721,6.2896538],[6.2126379,6.279161],[6.1975989,6.2827463],[6.193511,6.29842],[6.1887031,6.3094759],[6.18049,6.321197],[6.1800002,6.3215859],[6.1675239,6.331491],[6.158659,6.3369651],[6.150475,6.3424439],[6.1409268,6.3486071],[6.1266131,6.3561158],[6.1224623,6.3539601],[6.1177721,6.3515244],[6.1130428,6.3490682],[6.1069541,6.342083],[6.1008639,6.3350968],[6.0947781,6.3274178],[6.088017,6.318347],[6.0860419,6.3037672],[6.0861058,6.2892051],[6.076632,6.2787228],[6.0848589,6.263535],[6.0950971,6.2552991],[6.1034882,6.2482077],[6.1121612,6.2408781],[6.1143031,6.2180099],[6.1150222,6.2090011],[6.1157422,6.1999922],[6.1191912,6.1889248],[6.1212711,6.1799269],[6.1254158,6.1653991],[6.1302462,6.149488],[6.134387,6.135653],[6.1412401,6.1239209],[6.1480832,6.1142702],[6.1569691,6.103941],[6.1638122,6.0942888],[6.1693039,6.0825462],[6.1768179,6.0749798],[6.185699,6.0660391],[6.193222,6.0563931],[6.1955231,6.0544639],[6.2026294,6.0537459],[6.2109575,6.0529368],[6.2204849,6.0531367],[6.2277946,6.0541266],[6.233886,6.0554971],[6.2409292,6.0558207],[6.2443632,6.0540314],[6.244852,6.0536823],[6.2432744,6.0530208],[6.2327628,6.0338368],[6.2409568,6.0262771],[6.25664,6.0166979],[6.2506251,5.9930701],[6.2479439,5.9840331],[6.2459602,5.9715328],[6.2437696,5.9673848],[6.23382,5.9485469],[6.229115,5.9360261],[6.2267005,5.931828],[6.2237148,5.9269652],[6.2176409,5.916512],[6.2096743,5.9082938],[6.2074871,5.9060259],[6.2038302,5.9005742],[6.201406,5.8969598],[6.1989355,5.8951335],[6.1919169,5.889946],[6.1797099,5.882216],[6.16887,5.8731108],[6.1607442,5.8654151],[6.151937,5.8577132],[6.1424422,5.852087],[6.1328101,5.8467937],[6.1309447,5.8456883],[6.1208792,5.839725],[6.1119671,5.8234],[6.1079292,5.8136582],[6.1018548,5.803205],[6.1004961,5.8016852],[6.0937352,5.7941222],[6.0806837,5.7882352],[6.0759373,5.7860942],[6.0736256,5.7864733],[6.0618572,5.7751331],[6.048964,5.768785],[6.0443645,5.7668667],[6.0397801,5.7646108],[6.0312247,5.7644959],[6.0272222,5.7644496],[6.0249696,5.7644234],[6.0198026,5.7643809],[6.0156622,5.7643471],[6.0078249,5.7617536],[6.0044646,5.7606421],[5.9919038,5.7544398],[5.9817309,5.7481141],[5.9696202,5.748805],[5.9585991,5.7506952],[5.940937,5.746387],[5.9246068,5.748332],[5.9170809,5.7586722],[5.9061489,5.77037],[5.9067798,5.7814708],[5.9026408,5.7946119],[5.8941851,5.7985917],[5.8976707,5.8037825],[5.902401,5.81106],[5.906404,5.8259792],[5.9065042,5.8438821],[5.9105468,5.8522372],[5.9213171,5.8772922],[5.8333101,5.9410529],[5.8353038,5.9514718],[5.8305068,5.959754],[5.8229961,5.9666271],[5.8120389,5.9838719],[5.7950568,5.9795699],[5.7850033,5.9855098],[5.7641773,5.9978142],[5.7569346,6.0020933],[5.745285,6.008976],[5.6989331,6.033556],[5.6739779,6.0489221],[5.6689301,6.0520301],[5.6676073,6.0498614],[5.6574521,6.0332098],[5.6370668,6.029573],[5.6261902,6.028789],[5.6160078,6.0245428],[5.605134,6.023066],[5.593595,6.018116],[5.583426,6.011096],[5.5780191,6.0034232],[5.5712738,5.9908838],[5.56108,5.9894118],[5.5463276,5.9853616],[5.5365968,5.989902],[5.5323067,6.0041776],[5.5345984,6.0097432],[5.5326338,6.0117078],[5.528378,6.0120349],[5.5234671,6.0126901],[5.5192108,6.0162911],[5.5152822,6.0218568],[5.5188832,6.0274224],[5.5165915,6.0303693],[5.51299,6.0352802],[5.5057874,6.0359349],[5.5008764,6.0365896],[5.4972754,6.0424829],[5.4943285,6.0418282],[5.4913821,6.0385542],[5.4902735,6.0335951],[5.4897451,6.0300417],[5.4841795,6.02775],[5.478941,6.0270953],[5.4736776,6.0273519],[5.465518,6.02775],[5.4584632,6.023046],[5.4561911,6.0223966],[5.4534039,6.0251307],[5.4530602,6.0275369],[5.4520946,6.0342979],[5.4446321,6.0392256],[5.4427785,6.0413524],[5.4392209,6.0388047],[5.4356513,6.0362197],[5.4297266,6.0319292],[5.429399,6.0247265],[5.4333281,6.0191609],[5.4336552,6.0142499],[5.4333281,6.0099937],[5.4280896,6.0070473],[5.417561,6.0093705],[5.4180312,6.0115844],[5.4133568,6.0214526],[5.4018979,6.0230896],[5.39434,6.0204164],[5.3904118,6.0190269],[5.3800225,6.0204517],[5.367845,6.0208866],[5.3587117,6.0187122],[5.3443594,6.0174071],[5.3404364,6.0200225],[5.3343439,6.0213933],[5.3273854,6.0183492],[5.3230362,6.0053015],[5.3269505,5.9944286],[5.3260808,5.9900794],[5.3269505,5.9826856],[5.3365188,5.9844255],[5.3399982,5.9826856],[5.3452172,5.9752922],[5.3586993,5.9696383],[5.3500013,5.9609399],[5.3413029,5.9561558],[5.3347788,5.9491973],[5.3260808,5.9418035],[5.3159373,5.9322927],[5.305124,5.9172542],[5.2920768,5.9098609],[5.2759845,5.9068163],[5.2725529,5.9128825],[5.2704861,5.9165433],[5.269026,5.936826],[5.2642419,5.9407399],[5.2568481,5.9476989],[5.2542388,5.9546573],[5.2498896,5.967705],[5.248585,5.9842317],[5.2524044,5.9976447],[5.2557466,6.0108488],[5.2597744,6.022672],[5.2631376,6.0310219],[5.2658112,6.041446],[5.2682691,6.052536],[5.2701697,6.054296],[5.2576028,6.0643577],[5.249888,6.0633468],[5.2463137,6.0628786],[5.2400313,6.0615625],[5.2340408,6.0647573],[5.2340847,6.070631],[5.2348395,6.0727444],[5.2340408,6.0803318],[5.2336417,6.0883188],[5.2336417,6.0939097],[5.2324434,6.1002993],[5.2337389,6.1123624],[5.2305441,6.118752],[5.225178,6.1251829],[5.2215836,6.1307738],[5.217191,6.135566],[5.2183888,6.1407578],[5.2227819,6.1439526],[5.2223823,6.1479461],[5.2175901,6.1491444],[5.2104046,6.1530561],[5.2061999,6.1516316],[5.2059747,6.1478197],[5.202594,6.1454405],[5.1988316,6.1470079],[5.1958356,6.1508851],[5.1937208,6.1517663],[5.1896682,6.1519418],[5.1840272,6.1473603],[5.1806459,6.1493585],[5.1824412,6.1544104],[5.1819124,6.1568775],[5.1800117,6.1585068],[5.1766315,6.1594863],[5.1736279,6.1612239],[5.1686945,6.1635747],[5.1642518,6.1590867],[5.1646509,6.1550932],[5.162909,6.1479306],[5.1639809,6.1459656],[5.1614561,6.1427135],[5.1578622,6.1467071],[5.1545949,6.1441879],[5.1455421,6.1416416],[5.1429629,6.1433067],[5.1434917,6.151238],[5.1417754,6.1549553],[5.1386945,6.1590174],[5.1331024,6.1646776],[5.1344383,6.1693728],[5.1334462,6.1722107]]]}},{"type":"Feature","properties":{"kind":"administrative","id":"administrative:oredo","localUnitId":"oredo","name":"Oredo"},"geometry":{"type":"Polygon","coordinates":[[[5.64639,6.3668251],[5.6482158,6.3631468],[5.6491342,6.3594599],[5.6487501,6.3578709],[5.6482391,6.3557572],[5.641912,6.3492298],[5.6416904,6.3490012],[5.637393,6.3445678],[5.6365008,6.339941],[5.6349658,6.3351885],[5.6347051,6.3343811],[5.6346048,6.3337561],[5.6344008,6.3324839],[5.6338148,6.3288298],[5.6322905,6.3251646],[5.631115,6.3223381],[5.6293139,6.3186259],[5.6290847,6.3171945],[5.6285535,6.3138765],[5.6284251,6.3130751],[5.6284389,6.3084559],[5.6293688,6.301075],[5.6284828,6.2946],[5.6275911,6.2899718],[5.6285272,6.2807431],[5.6312799,6.270607],[5.6313,6.2641411],[5.632225,6.2586069],[5.6312523,6.2550895],[5.6304321,6.2521238],[5.6295538,6.242877],[5.627759,6.237318],[5.6241488,6.231741],[5.6214461,6.226172],[5.6178298,6.2224431],[5.6151099,6.2224169],[5.606957,6.2195692],[5.6006098,6.2195091],[5.593359,6.2185159],[5.5906382,6.2184911],[5.5833902,6.2165742],[5.5788622,6.214684],[5.5761471,6.212811],[5.570724,6.2072172],[5.568018,6.2025719],[5.5644202,6.1932998],[5.5596517,6.1804862],[5.5569499,6.1749172],[5.552439,6.1674843],[5.5461176,6.1591101],[5.5407151,6.1470504],[5.5380147,6.1405582],[5.5362218,6.1340742],[5.5335248,6.1266584],[5.5316551,6.121398],[5.5265841,6.1144199],[5.5256858,6.11164],[5.5241399,6.1092508],[5.5220771,6.1060629],[5.5202842,6.0995798],[5.5162688,6.0925784],[5.5126496,6.0897722],[5.5090227,6.0897383],[5.5062986,6.0906353],[5.4990297,6.0951862],[5.4935866,6.0960583],[5.4863348,6.0950665],[5.4808998,6.0931663],[5.4781766,6.0940642],[5.4718237,6.0958523],[5.4681907,6.0976653],[5.4636526,6.0985465],[5.4640331,6.108285],[5.4658232,6.1156921],[5.4685168,6.124032],[5.470304,6.1323628],[5.4720912,6.1406941],[5.4765639,6.1601362],[5.4783511,6.168467],[5.4801288,6.1795688],[5.485518,6.1962481],[5.488214,6.2036638],[5.490911,6.2110801],[5.4954162,6.2203598],[5.4990201,6.2277851],[5.5035329,6.2342939],[5.507143,6.239871],[5.5152631,6.252881],[5.5197792,6.2584658],[5.5269961,6.2705441],[5.5287971,6.2742562],[5.5287881,6.277204],[5.5360308,6.2807908],[5.5423732,6.2826991],[5.5459909,6.2855039],[5.5514202,6.2892509],[5.5586371,6.3013291],[5.560441,6.3041172],[5.5694742,6.3152881],[5.5702192,6.3160565],[5.572186,6.3180852],[5.5767112,6.320899],[5.5812392,6.3227901],[5.5866652,6.3274598],[5.5884671,6.331172],[5.5902719,6.333961],[5.5909363,6.3367098],[5.5912644,6.3380674],[5.5916323,6.3395899],[5.5927489,6.3466401],[5.5963647,6.3503699],[5.5986839,6.3520426],[5.6006792,6.3527854],[5.6061113,6.3556082],[5.6110611,6.3554039],[5.6174111,6.3545408],[5.6185181,6.3545512],[5.6190003,6.3545557],[5.6224513,6.3545881],[5.6228518,6.3545918],[5.6257766,6.3546198],[5.628293,6.3546438],[5.6328239,6.3556099],[5.6373549,6.3565769],[5.6391602,6.359365],[5.6418648,6.3640099],[5.6447068,6.3702166],[5.64639,6.3668251]]]}},{"type":"Feature","properties":{"kind":"administrative","id":"administrative:egor","localUnitId":"egor","name":"Egor"},"geometry":{"type":"Polygon","coordinates":[[[5.639905,6.410181],[5.6408272,6.405571],[5.6417508,6.4000368],[5.6426749,6.3945031],[5.6445106,6.3875288],[5.6445181,6.3852511],[5.6447068,6.3702166],[5.6418648,6.3640099],[5.6391602,6.359365],[5.6373549,6.3565769],[5.6328239,6.3556099],[5.628293,6.3546438],[5.6257766,6.3546198],[5.6228518,6.3545918],[5.6224513,6.3545881],[5.6190003,6.3545557],[5.6185181,6.3545512],[5.6174111,6.3545408],[5.6110611,6.3554039],[5.6061113,6.3556082],[5.6006792,6.3527854],[5.5986839,6.3520426],[5.5963647,6.3503699],[5.5927489,6.3466401],[5.5916323,6.3395899],[5.5912644,6.3380674],[5.5909363,6.3367098],[5.5902719,6.333961],[5.5884671,6.331172],[5.5866652,6.3274598],[5.5812392,6.3227901],[5.5767112,6.320899],[5.572186,6.3180852],[5.5702192,6.3160565],[5.5694742,6.3152881],[5.560441,6.3041172],[5.5586371,6.3013291],[5.5514202,6.2892509],[5.5459909,6.2855039],[5.5423732,6.2826991],[5.5360308,6.2807908],[5.5287881,6.277204],[5.5287738,6.2816458],[5.5296602,6.2881212],[5.529634,6.2964349],[5.5287151,6.3001208],[5.528697,6.3056641],[5.528677,6.31213],[5.5277381,6.3222828],[5.5259042,6.328732],[5.524982,6.333343],[5.5258722,6.3388929],[5.5276771,6.341682],[5.5336442,6.3460916],[5.534009,6.3463612],[5.5394349,6.3510308],[5.5448608,6.355701],[5.5477358,6.3601137],[5.5466056,6.360887],[5.5502944,6.3653604],[5.5530784,6.369001],[5.5575756,6.3739265],[5.559146,6.3753542],[5.5620079,6.3817301],[5.5638051,6.38729],[5.5683179,6.3937988],[5.574645,6.4003248],[5.5746606,6.4003302],[5.58008,6.4022241],[5.5864248,6.4032078],[5.5927658,6.4051161],[5.6000152,6.407032],[5.607264,6.4089479],[5.6126981,6.4108472],[5.6190462,6.4109068],[5.6244841,6.4118819],[5.6290121,6.4137731],[5.6326418,6.4128842],[5.636932,6.4120479],[5.6415869,6.4141541],[5.639905,6.410181]]]}},{"type":"Feature","properties":{"kind":"administrative","id":"administrative:ikpoba-okha","localUnitId":"ikpoba-okha","name":"Ikpoba-Okha"},"geometry":{"type":"Polygon","coordinates":[[[5.465518,6.02775],[5.4584632,6.023046],[5.4561911,6.0223966],[5.4534039,6.0251307],[5.4530602,6.0275369],[5.4520946,6.0342979],[5.4446321,6.0392256],[5.4427785,6.0413524],[5.4437213,6.0436192],[5.4451842,6.0471358],[5.4465804,6.0514593],[5.4479783,6.0553731],[5.4497716,6.0618562],[5.454164,6.074935],[5.4559598,6.0804949],[5.4586682,6.0842161],[5.4604549,6.092546],[5.4636526,6.0985465],[5.4681907,6.0976653],[5.4718237,6.0958523],[5.4781766,6.0940642],[5.4808998,6.0931663],[5.4863348,6.0950665],[5.4935866,6.0960583],[5.4990297,6.0951862],[5.5062986,6.0906353],[5.5090227,6.0897383],[5.5126496,6.0897722],[5.5162688,6.0925784],[5.5202842,6.0995798],[5.5220771,6.1060629],[5.5241399,6.1092508],[5.5256858,6.11164],[5.5265841,6.1144199],[5.5316551,6.121398],[5.5335248,6.1266584],[5.5362218,6.1340742],[5.5380147,6.1405582],[5.5407151,6.1470504],[5.5461176,6.1591101],[5.552439,6.1674843],[5.5569499,6.1749172],[5.5596517,6.1804862],[5.5644202,6.1932998],[5.568018,6.2025719],[5.570724,6.2072172],[5.5761471,6.212811],[5.5788622,6.214684],[5.5833902,6.2165742],[5.5906382,6.2184911],[5.593359,6.2185159],[5.6006098,6.2195091],[5.606957,6.2195692],[5.6151099,6.2224169],[5.6178298,6.2224431],[5.6214461,6.226172],[5.6241488,6.231741],[5.627759,6.237318],[5.6295538,6.242877],[5.6304321,6.2521238],[5.6312523,6.2550895],[5.632225,6.2586069],[5.6313,6.2641411],[5.6312799,6.270607],[5.6285272,6.2807431],[5.6275911,6.2899718],[5.6284828,6.2946],[5.6293688,6.301075],[5.6284389,6.3084559],[5.6284251,6.3130751],[5.6285535,6.3138765],[5.6290847,6.3171945],[5.6293139,6.3186259],[5.631115,6.3223381],[5.6322905,6.3251646],[5.6338148,6.3288298],[5.6344008,6.3324839],[5.6346048,6.3337561],[5.6347051,6.3343811],[5.6349658,6.3351885],[5.6365008,6.339941],[5.637393,6.3445678],[5.6416904,6.3490012],[5.641912,6.3492298],[5.6482391,6.3557572],[5.6487501,6.3578709],[5.6491342,6.3594599],[5.6482158,6.3631468],[5.64639,6.3668251],[5.6447068,6.3702166],[5.6503108,6.3777469],[5.6717854,6.377271],[5.6740106,6.3756013],[5.6800032,6.3711048],[5.68513,6.3693173],[5.697635,6.3768274],[5.6994196,6.3745907],[5.7009425,6.374781],[5.7017991,6.3744479],[5.7036313,6.3720922],[5.7049953,6.3709912],[5.7059475,6.3702081],[5.7054741,6.362321],[5.7053033,6.3608281],[5.7036467,6.346331],[5.7026773,6.3415408],[5.7051794,6.3410139],[5.6915103,6.3250392],[5.6899392,6.3232031],[5.7153794,6.3079828],[5.7562786,6.2835137],[5.7645591,6.2822764],[5.7637025,6.2976953],[5.7632266,6.3021687],[5.7620845,6.3083553],[5.7632041,6.3151479],[5.7676311,6.3113489],[5.780139,6.3045959],[5.7916059,6.293241],[5.7960329,6.289443],[5.802247,6.2846789],[5.8067269,6.2827301],[5.8101668,6.2761779],[5.8127532,6.2714949],[5.8171,6.2649231],[5.8214989,6.2602],[5.8241129,6.2564421],[5.8275461,6.2527571],[5.8254051,6.2502751],[5.8236351,6.2364011],[5.8191161,6.23174],[5.8163981,6.2307901],[5.8019009,6.2269568],[5.7937431,6.225956],[5.7846751,6.2258711],[5.7683821,6.2164779],[5.7557478,6.196959],[5.7539411,6.1950951],[5.7548981,6.179399],[5.7549119,6.1747799],[5.7558341,6.1701698],[5.7540488,6.1609149],[5.7477341,6.1506939],[5.745028,6.146049],[5.7441421,6.139575],[5.7441568,6.1349559],[5.7432728,6.1275568],[5.733357,6.1089869],[5.7306719,6.097877],[5.7270541,6.0950708],[5.7343578,6.0794358],[5.7362817,6.0729921],[5.7371082,6.0702238],[5.738945,6.062851],[5.7425981,6.0545721],[5.7471528,6.0481482],[5.749897,6.0407839],[5.7526398,6.0334201],[5.7544718,6.027894],[5.7562971,6.0242162],[5.7590408,6.0168519],[5.7617869,6.008564],[5.7641773,5.9978142],[5.7569346,6.0020933],[5.745285,6.008976],[5.6989331,6.033556],[5.6739779,6.0489221],[5.6689301,6.0520301],[5.6676073,6.0498614],[5.6574521,6.0332098],[5.6370668,6.029573],[5.6261902,6.028789],[5.6160078,6.0245428],[5.605134,6.023066],[5.593595,6.018116],[5.583426,6.011096],[5.5780191,6.0034232],[5.5712738,5.9908838],[5.56108,5.9894118],[5.5463276,5.9853616],[5.5365968,5.989902],[5.5323067,6.0041776],[5.5345984,6.0097432],[5.5326338,6.0117078],[5.528378,6.0120349],[5.5234671,6.0126901],[5.5192108,6.0162911],[5.5152822,6.0218568],[5.5188832,6.0274224],[5.5165915,6.0303693],[5.51299,6.0352802],[5.5057874,6.0359349],[5.5008764,6.0365896],[5.4972754,6.0424829],[5.4943285,6.0418282],[5.4913821,6.0385542],[5.4902735,6.0335951],[5.4897451,6.0300417],[5.4841795,6.02775],[5.478941,6.0270953],[5.4736776,6.0273519],[5.465518,6.02775]]]}},{"type":"Feature","properties":{"kind":"land","id":"oredo","localUnitId":"oredo","name":"Oredo"},"geometry":{"type":"MultiPolygon","coordinates":[[[[5.5078076,6.0902329],[5.5078288,6.0904226],[5.5078995,6.0905737],[5.5079631,6.0906194],[5.5080727,6.0906299],[5.5082635,6.0905843],[5.5084402,6.090521],[5.5085886,6.090507],[5.5086981,6.0904718],[5.5091151,6.0901978],[5.5093554,6.0901064],[5.5096991,6.0900233],[5.5097335,6.090015],[5.5102035,6.0897937],[5.5102578,6.0897498],[5.5090227,6.0897383],[5.5077876,6.090145],[5.5078076,6.0902329]]],[[[5.510124,6.0901705],[5.5098435,6.0902958],[5.5094979,6.0903969],[5.5091483,6.0904495],[5.508819,6.0905505],[5.5085872,6.0906799],[5.5084327,6.090878],[5.5084043,6.0909669],[5.5084246,6.0910922],[5.5085303,6.091262],[5.5087278,6.0914287],[5.5090267,6.0915322],[5.5101263,6.0918858],[5.5117327,6.0923919],[5.5120129,6.0924848],[5.5123305,6.0925173],[5.5125873,6.0924709],[5.5128909,6.0923223],[5.513498,6.091974],[5.5137922,6.0918672],[5.5140257,6.0918254],[5.5146702,6.0917697],[5.5152312,6.0917739],[5.5126496,6.0897722],[5.5107058,6.089754],[5.5105874,6.0898471],[5.510124,6.0901705]]],[[[5.5164327,6.0941272],[5.5165955,6.0945495],[5.5172042,6.0955912],[5.5173812,6.0958305],[5.5184642,6.0969144],[5.5190799,6.09748],[5.516643,6.0932309],[5.5164468,6.0936908],[5.5164043,6.0938738],[5.5164327,6.0941272]]],[[[5.5245335,6.1100968],[5.5245489,6.1104461],[5.5245304,6.1110098],[5.5244935,6.1115244],[5.5243887,6.1118492],[5.5241792,6.1121739],[5.5239882,6.1124558],[5.5239019,6.1126763],[5.5238588,6.1128846],[5.5238896,6.1130991],[5.5240621,6.1133442],[5.5242223,6.1135157],[5.524438,6.1136015],[5.525085,6.1136812],[5.525541,6.1137179],[5.5257259,6.1137915],[5.5259108,6.1139508],[5.5261203,6.1141529],[5.5263236,6.114251],[5.5265444,6.1142971],[5.5256858,6.11164],[5.5244726,6.109765],[5.5245335,6.1100968]]],[[[5.5273426,6.1162846],[5.5273263,6.1165585],[5.5272308,6.1172999],[5.5272246,6.1174132],[5.5272524,6.1175266],[5.5274187,6.118029],[5.5275358,6.1183506],[5.527619,6.1184793],[5.5277176,6.1185559],[5.5284386,6.1189603],[5.5285279,6.1189848],[5.528682,6.1190154],[5.5288299,6.1189909],[5.5289439,6.1189419],[5.5290609,6.1188531],[5.529138,6.1187244],[5.5291996,6.1184946],[5.5292643,6.1183629],[5.529329,6.1182832],[5.5293691,6.1182522],[5.5274245,6.1155763],[5.527375,6.115722],[5.5273387,6.1159141],[5.5273426,6.1162846]]],[[[5.6482391,6.3557572],[5.641912,6.3492298],[5.6416904,6.3490012],[5.637393,6.3445678],[5.6365008,6.339941],[5.6349658,6.3351885],[5.6347051,6.3343811],[5.6346048,6.3337561],[5.6344008,6.3324839],[5.6338148,6.3288298],[5.6322905,6.3251646],[5.631115,6.3223381],[5.6293139,6.3186259],[5.6290847,6.3171945],[5.6285535,6.3138765],[5.6284251,6.3130751],[5.6284389,6.3084559],[5.6293688,6.301075],[5.6284828,6.2946],[5.6275911,6.2899718],[5.6285272,6.2807431],[5.6312799,6.270607],[5.6313,6.2641411],[5.632225,6.2586069],[5.6312523,6.2550895],[5.6304321,6.2521238],[5.6295538,6.242877],[5.627759,6.237318],[5.6241488,6.231741],[5.6214461,6.226172],[5.6178298,6.2224431],[5.6151099,6.2224169],[5.606957,6.2195692],[5.6006098,6.2195091],[5.593359,6.2185159],[5.5906382,6.2184911],[5.5833902,6.2165742],[5.5788622,6.214684],[5.5761471,6.212811],[5.570724,6.2072172],[5.568018,6.2025719],[5.5644202,6.1932998],[5.5596517,6.1804862],[5.5569499,6.1749172],[5.552439,6.1674843],[5.5461176,6.1591101],[5.5407151,6.1470504],[5.5380147,6.1405582],[5.5362218,6.1340742],[5.5335248,6.1266584],[5.5316551,6.121398],[5.5305694,6.119904],[5.5305579,6.1202187],[5.5305795,6.1204117],[5.5306411,6.1207732],[5.5306473,6.1209233],[5.5306041,6.1210305],[5.5305302,6.1210734],[5.5304193,6.1210856],[5.5302991,6.1210673],[5.5300773,6.1209723],[5.5299633,6.1209263],[5.5298,6.1209141],[5.5296213,6.1209447],[5.5295196,6.1210091],[5.5290883,6.1216034],[5.5290174,6.1217443],[5.5290051,6.1218454],[5.5290236,6.1219649],[5.5290852,6.1221119],[5.52923,6.1223141],[5.5292824,6.1224336],[5.5293462,6.1227075],[5.5293837,6.1229715],[5.5294347,6.1231155],[5.5295447,6.1232729],[5.5296412,6.1233929],[5.5298506,6.1235855],[5.529927,6.1236463],[5.5299616,6.1236867],[5.5300038,6.1237582],[5.529993,6.1237992],[5.5299628,6.1238857],[5.52989,6.1239227],[5.5295958,6.1241224],[5.5294557,6.1242942],[5.5292175,6.1246007],[5.5290587,6.12474],[5.5286898,6.1249721],[5.5285824,6.1251346],[5.5285404,6.1253111],[5.5285824,6.12552],[5.5287365,6.1258544],[5.528886,6.125989],[5.5291521,6.1261469],[5.5292876,6.126263],[5.529367,6.1263883],[5.5294557,6.1266437],[5.5295538,6.1267691],[5.5296285,6.1268109],[5.5301142,6.1270338],[5.530287,6.1271498],[5.530371,6.1272845],[5.5303663,6.1273959],[5.530371,6.1274702],[5.5304271,6.1275306],[5.5304971,6.1275352],[5.5307073,6.1275817],[5.5308474,6.1276792],[5.5310949,6.1279996],[5.5311883,6.1280553],[5.5312723,6.1280832],[5.5313657,6.1281342],[5.5314638,6.1282085],[5.5315012,6.1283478],[5.5314965,6.1284778],[5.5314918,6.1285568],[5.5315292,6.1286171],[5.5315852,6.1286357],[5.5317253,6.1286821],[5.5318561,6.1287936],[5.5318934,6.1289793],[5.5319884,6.1295152],[5.5320313,6.1296378],[5.532101,6.1296752],[5.532203,6.1296805],[5.53238,6.1297125],[5.532557,6.1297819],[5.532734,6.1298832],[5.5327716,6.1300752],[5.532793,6.1303632],[5.5327448,6.1306139],[5.5327394,6.1307846],[5.5326804,6.1308859],[5.5325892,6.1309553],[5.5323585,6.1310299],[5.5321815,6.1311206],[5.5321118,6.1312326],[5.5320206,6.1315313],[5.531806,6.132006],[5.5316665,6.132246],[5.5310925,6.1327154],[5.5306097,6.1331101],[5.5305829,6.1332541],[5.5306151,6.1333981],[5.5307492,6.1335635],[5.5309691,6.1337181],[5.5311515,6.1337555],[5.5313936,6.1337701],[5.531232,6.1338622],[5.5310764,6.1338728],[5.5307975,6.1337715],[5.5305883,6.1335901],[5.5304112,6.1333448],[5.5304112,6.1331314],[5.5304756,6.1329394],[5.5306956,6.1327954],[5.5315163,6.1321394],[5.5316933,6.131878],[5.5319401,6.1311153],[5.5320903,6.1309393],[5.5324551,6.1307526],[5.5325356,6.1306406],[5.532616,6.1301659],[5.532557,6.1299579],[5.5323585,6.1298832],[5.5320367,6.1298512],[5.5319401,6.1297872],[5.5318489,6.1296805],[5.5317684,6.1292058],[5.5317094,6.1289231],[5.5315979,6.1288363],[5.5313581,6.1287514],[5.531293,6.1286504],[5.5312849,6.1285129],[5.5312971,6.1283755],[5.5312686,6.1283027],[5.5310491,6.1281896],[5.5309475,6.1281128],[5.5308296,6.1279268],[5.5306548,6.127749],[5.5304433,6.1276964],[5.5302726,6.1276721],[5.5302197,6.1277166],[5.5299311,6.1280238],[5.529736,6.1281572],[5.5299108,6.1279915],[5.5301669,6.1276883],[5.5302116,6.1275226],[5.5301994,6.1274094],[5.5301344,6.1273124],[5.5300043,6.1272235],[5.5295489,6.1270213],[5.5292847,6.1268192],[5.5291831,6.1264756],[5.5291465,6.1263584],[5.5288416,6.1261846],[5.528496,6.1258612],[5.5283862,6.1255459],[5.5283374,6.1252872],[5.5283537,6.125077],[5.5284797,6.1249396],[5.52887,6.1246485],[5.5292684,6.1242362],[5.5296587,6.123925],[5.529736,6.123828],[5.5297319,6.1236986],[5.5296343,6.1235895],[5.5293579,6.1233833],[5.5292232,6.1231014],[5.5291159,6.1225147],[5.5290086,6.122296],[5.5288584,6.1220506],[5.5288155,6.1218586],[5.5288745,6.1216293],[5.5292232,6.1210479],[5.5294914,6.1208132],[5.5296416,6.1207599],[5.5297971,6.1207599],[5.5298937,6.1207705],[5.5302156,6.1208879],[5.5304194,6.1208985],[5.5304784,6.1208345],[5.5304838,6.1206745],[5.5304516,6.1203118],[5.5303976,6.1196676],[5.5294775,6.1184015],[5.5294485,6.118413],[5.5293519,6.1185676],[5.5292339,6.1189304],[5.5291159,6.1190744],[5.5288476,6.1191757],[5.5285848,6.1191704],[5.5283863,6.1191117],[5.527528,6.118637],[5.5273724,6.1183916],[5.5270559,6.1175169],[5.5270613,6.1173409],[5.5271686,6.1165995],[5.5271579,6.1159541],[5.5271739,6.1158047],[5.5272866,6.115538],[5.527297,6.1154008],[5.526653,6.1145147],[5.526144,6.1144126],[5.5259991,6.1143219],[5.5255485,6.1139272],[5.5253983,6.1138952],[5.5245347,6.1137885],[5.5242718,6.1137138],[5.5240572,6.1135911],[5.5237729,6.1133404],[5.5236549,6.1130151],[5.5236549,6.1128657],[5.5236924,6.1126257],[5.523789,6.112423],[5.5241377,6.1118789],[5.5243093,6.1114362],[5.5243469,6.1108548],[5.5243308,6.1101721],[5.5242503,6.1096654],[5.52424,6.1094055],[5.5241399,6.1092508],[5.5220771,6.1060629],[5.5202842,6.0995798],[5.5194701,6.0981604],[5.5192613,6.0980306],[5.5176402,6.0964302],[5.5169536,6.0956349],[5.5163307,6.0945298],[5.5161891,6.0940723],[5.5162316,6.0937204],[5.5163802,6.0933896],[5.5164864,6.0930236],[5.516466,6.0929223],[5.5162688,6.0925784],[5.5155018,6.0919837],[5.5153751,6.0919608],[5.5147663,6.091989],[5.513832,6.0921016],[5.5135418,6.0922212],[5.5126428,6.0926928],[5.5123739,6.0927139],[5.5119704,6.0926717],[5.5105547,6.0922916],[5.5088984,6.0917285],[5.5083675,6.0914329],[5.5082259,6.0912429],[5.5081905,6.0909754],[5.5082613,6.0908417],[5.5083845,6.0907443],[5.5083415,6.0907016],[5.5081055,6.0907389],[5.5079446,6.0907443],[5.5078158,6.0906696],[5.5077032,6.0904936],[5.5076817,6.0901895],[5.5076778,6.0901812],[5.506769,6.0904804],[5.5067537,6.0904936],[5.5063514,6.0909683],[5.5061529,6.0912457],[5.506126,6.0915124],[5.5060241,6.0923018],[5.5058149,6.0927072],[5.5050585,6.093326],[5.5045757,6.093678],[5.5044792,6.0938381],[5.5044738,6.0939394],[5.5048225,6.0945955],[5.5050156,6.0947449],[5.5051712,6.0947929],[5.5070273,6.0952303],[5.5073438,6.0953476],[5.5074886,6.095513],[5.5075476,6.0957103],[5.5075744,6.0960677],[5.5073652,6.0967025],[5.5068689,6.0972825],[5.5068282,6.0973876],[5.5068038,6.0976989],[5.5068555,6.0978393],[5.5069358,6.0979313],[5.5067847,6.0978546],[5.5067201,6.0977261],[5.5067201,6.0974936],[5.5067078,6.0974325],[5.5066753,6.0974472],[5.5063978,6.0976946],[5.5067212,6.0972875],[5.507047,6.0968482],[5.5072136,6.0967259],[5.5072761,6.0966371],[5.5074272,6.0960738],[5.5074179,6.0957101],[5.5072993,6.0955179],[5.5071405,6.0954017],[5.5061088,6.0951989],[5.5049921,6.0949448],[5.5046465,6.0947219],[5.5042542,6.0939882],[5.5042542,6.0938024],[5.5043756,6.0935981],[5.50488,6.0932452],[5.5056178,6.092688],[5.505898,6.0922422],[5.5060154,6.0912535],[5.5061616,6.0909369],[5.5062913,6.090742],[5.5064582,6.0905828],[5.5062986,6.0906353],[5.4990297,6.0951862],[5.4935866,6.0960583],[5.4863348,6.0950665],[5.4808998,6.0931663],[5.4781766,6.0940642],[5.4718237,6.0958523],[5.4681907,6.0976653],[5.4636526,6.0985465],[5.4640331,6.108285],[5.4658232,6.1156921],[5.4685168,6.124032],[5.470304,6.1323628],[5.4720912,6.1406941],[5.4765639,6.1601362],[5.4783511,6.168467],[5.4801288,6.1795688],[5.485518,6.1962481],[5.488214,6.2036638],[5.490911,6.2110801],[5.4954162,6.2203598],[5.4990201,6.2277851],[5.5035329,6.2342939],[5.507143,6.239871],[5.5152631,6.252881],[5.5197792,6.2584658],[5.5269961,6.2705441],[5.5287971,6.2742562],[5.5287881,6.277204],[5.5360308,6.2807908],[5.5423732,6.2826991],[5.5459909,6.2855039],[5.5514202,6.2892509],[5.5586371,6.3013291],[5.560441,6.3041172],[5.5694742,6.3152881],[5.5702192,6.3160565],[5.572186,6.3180852],[5.5767112,6.320899],[5.5812392,6.3227901],[5.5866652,6.3274598],[5.5884671,6.331172],[5.5902719,6.333961],[5.5909363,6.3367098],[5.5912644,6.3380674],[5.5916323,6.3395899],[5.5927489,6.3466401],[5.5963647,6.3503699],[5.5986839,6.3520426],[5.6006792,6.3527854],[5.6061113,6.3556082],[5.6110611,6.3554039],[5.6174111,6.3545408],[5.6185181,6.3545512],[5.6190003,6.3545557],[5.6224513,6.3545881],[5.6228518,6.3545918],[5.6257766,6.3546198],[5.628293,6.3546438],[5.6328239,6.3556099],[5.6373549,6.3565769],[5.6391602,6.359365],[5.6418648,6.3640099],[5.6447068,6.3702166],[5.64639,6.3668251],[5.6482158,6.3631468],[5.6491342,6.3594599],[5.6487501,6.3578709],[5.6482391,6.3557572]],[[5.6011759,6.2886139],[5.6012367,6.2886371],[5.6012647,6.2886928],[5.6012693,6.2887532],[5.6012273,6.288911],[5.6011993,6.2889528],[5.6011199,6.2889713],[5.5975894,6.2880882],[5.5975093,6.2880392],[5.5975093,6.2879412],[5.5975524,6.2877636],[5.5976202,6.2877452],[5.5976988,6.2877452],[5.6011759,6.2886139]]]]}},{"type":"Feature","properties":{"kind":"water","id":"water:oredo","localUnitId":"oredo","name":"Mapped water in Oredo"},"geometry":{"type":"MultiPolygon","coordinates":[[[[5.5140257,6.0918254],[5.5137922,6.0918672],[5.513498,6.091974],[5.5128909,6.0923223],[5.5125873,6.0924709],[5.5123305,6.0925173],[5.5120129,6.0924848],[5.5117327,6.0923919],[5.5101263,6.0918858],[5.5090267,6.0915322],[5.5087278,6.0914287],[5.5085303,6.091262],[5.5084246,6.0910922],[5.5084043,6.0909669],[5.5084327,6.090878],[5.5085872,6.0906799],[5.508819,6.0905505],[5.5091483,6.0904495],[5.5094979,6.0903969],[5.5098435,6.0902958],[5.510124,6.0901705],[5.5105874,6.0898471],[5.5107058,6.089754],[5.5102578,6.0897498],[5.5102035,6.0897937],[5.5097335,6.090015],[5.5096991,6.0900233],[5.5093554,6.0901064],[5.5091151,6.0901978],[5.5086981,6.0904718],[5.5085886,6.090507],[5.5084402,6.090521],[5.5082635,6.0905843],[5.5080727,6.0906299],[5.5079631,6.0906194],[5.5078995,6.0905737],[5.5078288,6.0904226],[5.5078076,6.0902329],[5.5077876,6.090145],[5.5076778,6.0901812],[5.5076817,6.0901895],[5.5077032,6.0904936],[5.5078158,6.0906696],[5.5079446,6.0907443],[5.5081055,6.0907389],[5.5083415,6.0907016],[5.5083845,6.0907443],[5.5082613,6.0908417],[5.5081905,6.0909754],[5.5082259,6.0912429],[5.5083675,6.0914329],[5.5088984,6.0917285],[5.5105547,6.0922916],[5.5119704,6.0926717],[5.5123739,6.0927139],[5.5126428,6.0926928],[5.5135418,6.0922212],[5.513832,6.0921016],[5.5147663,6.091989],[5.5153751,6.0919608],[5.5155018,6.0919837],[5.5152312,6.0917739],[5.5146702,6.0917697],[5.5140257,6.0918254]]],[[[5.5060154,6.0912535],[5.505898,6.0922422],[5.5056178,6.092688],[5.50488,6.0932452],[5.5043756,6.0935981],[5.5042542,6.0938024],[5.5042542,6.0939882],[5.5046465,6.0947219],[5.5049921,6.0949448],[5.5061088,6.0951989],[5.5071405,6.0954017],[5.5072993,6.0955179],[5.5074179,6.0957101],[5.5074272,6.0960738],[5.5072761,6.0966371],[5.5072136,6.0967259],[5.507047,6.0968482],[5.5067212,6.0972875],[5.5063978,6.0976946],[5.5066753,6.0974472],[5.5067078,6.0974325],[5.5067201,6.0974936],[5.5067201,6.0977261],[5.5067847,6.0978546],[5.5069358,6.0979313],[5.5068555,6.0978393],[5.5068038,6.0976989],[5.5068282,6.0973876],[5.5068689,6.0972825],[5.5073652,6.0967025],[5.5075744,6.0960677],[5.5075476,6.0957103],[5.5074886,6.095513],[5.5073438,6.0953476],[5.5070273,6.0952303],[5.5051712,6.0947929],[5.5050156,6.0947449],[5.5048225,6.0945955],[5.5044738,6.0939394],[5.5044792,6.0938381],[5.5045757,6.093678],[5.5050585,6.093326],[5.5058149,6.0927072],[5.5060241,6.0923018],[5.506126,6.0915124],[5.5061529,6.0912457],[5.5063514,6.0909683],[5.5067537,6.0904936],[5.506769,6.0904804],[5.5064582,6.0905828],[5.5062913,6.090742],[5.5061616,6.0909369],[5.5060154,6.0912535]]],[[[5.5172042,6.0955912],[5.5165955,6.0945495],[5.5164327,6.0941272],[5.5164043,6.0938738],[5.5164468,6.0936908],[5.516643,6.0932309],[5.516466,6.0929223],[5.5164864,6.0930236],[5.5163802,6.0933896],[5.5162316,6.0937204],[5.5161891,6.0940723],[5.5163307,6.0945298],[5.5169536,6.0956349],[5.5176402,6.0964302],[5.5192613,6.0980306],[5.5194701,6.0981604],[5.5190799,6.09748],[5.5184642,6.0969144],[5.5173812,6.0958305],[5.5172042,6.0955912]]],[[[5.5261203,6.1141529],[5.5259108,6.1139508],[5.5257259,6.1137915],[5.525541,6.1137179],[5.525085,6.1136812],[5.524438,6.1136015],[5.5242223,6.1135157],[5.5240621,6.1133442],[5.5238896,6.1130991],[5.5238588,6.1128846],[5.5239019,6.1126763],[5.5239882,6.1124558],[5.5241792,6.1121739],[5.5243887,6.1118492],[5.5244935,6.1115244],[5.5245304,6.1110098],[5.5245489,6.1104461],[5.5245335,6.1100968],[5.5244726,6.109765],[5.52424,6.1094055],[5.5242503,6.1096654],[5.5243308,6.1101721],[5.5243469,6.1108548],[5.5243093,6.1114362],[5.5241377,6.1118789],[5.523789,6.112423],[5.5236924,6.1126257],[5.5236549,6.1128657],[5.5236549,6.1130151],[5.5237729,6.1133404],[5.5240572,6.1135911],[5.5242718,6.1137138],[5.5245347,6.1137885],[5.5253983,6.1138952],[5.5255485,6.1139272],[5.5259991,6.1143219],[5.526144,6.1144126],[5.526653,6.1145147],[5.5265841,6.1144199],[5.5265444,6.1142971],[5.5263236,6.114251],[5.5261203,6.1141529]]],[[[5.5291996,6.1184946],[5.529138,6.1187244],[5.5290609,6.1188531],[5.5289439,6.1189419],[5.5288299,6.1189909],[5.528682,6.1190154],[5.5285279,6.1189848],[5.5284386,6.1189603],[5.5277176,6.1185559],[5.527619,6.1184793],[5.5275358,6.1183506],[5.5274187,6.118029],[5.5272524,6.1175266],[5.5272246,6.1174132],[5.5272308,6.1172999],[5.5273263,6.1165585],[5.5273426,6.1162846],[5.5273387,6.1159141],[5.527375,6.115722],[5.5274245,6.1155763],[5.527297,6.1154008],[5.5272866,6.115538],[5.5271739,6.1158047],[5.5271579,6.1159541],[5.5271686,6.1165995],[5.5270613,6.1173409],[5.5270559,6.1175169],[5.5273724,6.1183916],[5.527528,6.118637],[5.5283863,6.1191117],[5.5285848,6.1191704],[5.5288476,6.1191757],[5.5291159,6.1190744],[5.5292339,6.1189304],[5.5293519,6.1185676],[5.5294485,6.118413],[5.5294775,6.1184015],[5.5293691,6.1182522],[5.529329,6.1182832],[5.5292643,6.1183629],[5.5291996,6.1184946]]],[[[5.5304784,6.1208345],[5.5304194,6.1208985],[5.5302156,6.1208879],[5.5298937,6.1207705],[5.5297971,6.1207599],[5.5296416,6.1207599],[5.5294914,6.1208132],[5.5292232,6.1210479],[5.5288745,6.1216293],[5.5288155,6.1218586],[5.5288584,6.1220506],[5.5290086,6.122296],[5.5291159,6.1225147],[5.5292232,6.1231014],[5.5293579,6.1233833],[5.5296343,6.1235895],[5.5297319,6.1236986],[5.529736,6.123828],[5.5296587,6.123925],[5.5292684,6.1242362],[5.52887,6.1246485],[5.5284797,6.1249396],[5.5283537,6.125077],[5.5283374,6.1252872],[5.5283862,6.1255459],[5.528496,6.1258612],[5.5288416,6.1261846],[5.5291465,6.1263584],[5.5291831,6.1264756],[5.5292847,6.1268192],[5.5295489,6.1270213],[5.5300043,6.1272235],[5.5301344,6.1273124],[5.5301994,6.1274094],[5.5302116,6.1275226],[5.5301669,6.1276883],[5.5299108,6.1279915],[5.529736,6.1281572],[5.5299311,6.1280238],[5.5302197,6.1277166],[5.5302726,6.1276721],[5.5304433,6.1276964],[5.5306548,6.127749],[5.5308296,6.1279268],[5.5309475,6.1281128],[5.5310491,6.1281896],[5.5312686,6.1283027],[5.5312971,6.1283755],[5.5312849,6.1285129],[5.531293,6.1286504],[5.5313581,6.1287514],[5.5315979,6.1288363],[5.5317094,6.1289231],[5.5317684,6.1292058],[5.5318489,6.1296805],[5.5319401,6.1297872],[5.5320367,6.1298512],[5.5323585,6.1298832],[5.532557,6.1299579],[5.532616,6.1301659],[5.5325356,6.1306406],[5.5324551,6.1307526],[5.5320903,6.1309393],[5.5319401,6.1311153],[5.5316933,6.131878],[5.5315163,6.1321394],[5.5306956,6.1327954],[5.5304756,6.1329394],[5.5304112,6.1331314],[5.5304112,6.1333448],[5.5305883,6.1335901],[5.5307975,6.1337715],[5.5310764,6.1338728],[5.531232,6.1338622],[5.5313936,6.1337701],[5.5311515,6.1337555],[5.5309691,6.1337181],[5.5307492,6.1335635],[5.5306151,6.1333981],[5.5305829,6.1332541],[5.5306097,6.1331101],[5.5310925,6.1327154],[5.5316665,6.132246],[5.531806,6.132006],[5.5320206,6.1315313],[5.5321118,6.1312326],[5.5321815,6.1311206],[5.5323585,6.1310299],[5.5325892,6.1309553],[5.5326804,6.1308859],[5.5327394,6.1307846],[5.5327448,6.1306139],[5.532793,6.1303632],[5.5327716,6.1300752],[5.532734,6.1298832],[5.532557,6.1297819],[5.53238,6.1297125],[5.532203,6.1296805],[5.532101,6.1296752],[5.5320313,6.1296378],[5.5319884,6.1295152],[5.5318934,6.1289793],[5.5318561,6.1287936],[5.5317253,6.1286821],[5.5315852,6.1286357],[5.5315292,6.1286171],[5.5314918,6.1285568],[5.5314965,6.1284778],[5.5315012,6.1283478],[5.5314638,6.1282085],[5.5313657,6.1281342],[5.5312723,6.1280832],[5.5311883,6.1280553],[5.5310949,6.1279996],[5.5308474,6.1276792],[5.5307073,6.1275817],[5.5304971,6.1275352],[5.5304271,6.1275306],[5.530371,6.1274702],[5.5303663,6.1273959],[5.530371,6.1272845],[5.530287,6.1271498],[5.5301142,6.1270338],[5.5296285,6.1268109],[5.5295538,6.1267691],[5.5294557,6.1266437],[5.529367,6.1263883],[5.5292876,6.126263],[5.5291521,6.1261469],[5.528886,6.125989],[5.5287365,6.1258544],[5.5285824,6.12552],[5.5285404,6.1253111],[5.5285824,6.1251346],[5.5286898,6.1249721],[5.5290587,6.12474],[5.5292175,6.1246007],[5.5294557,6.1242942],[5.5295958,6.1241224],[5.52989,6.1239227],[5.5299628,6.1238857],[5.529993,6.1237992],[5.5300038,6.1237582],[5.5299616,6.1236867],[5.529927,6.1236463],[5.5298506,6.1235855],[5.5296412,6.1233929],[5.5295447,6.1232729],[5.5294347,6.1231155],[5.5293837,6.1229715],[5.5293462,6.1227075],[5.5292824,6.1224336],[5.52923,6.1223141],[5.5290852,6.1221119],[5.5290236,6.1219649],[5.5290051,6.1218454],[5.5290174,6.1217443],[5.5290883,6.1216034],[5.5295196,6.1210091],[5.5296213,6.1209447],[5.5298,6.1209141],[5.5299633,6.1209263],[5.5300773,6.1209723],[5.5302991,6.1210673],[5.5304193,6.1210856],[5.5305302,6.1210734],[5.5306041,6.1210305],[5.5306473,6.1209233],[5.5306411,6.1207732],[5.5305795,6.1204117],[5.5305579,6.1202187],[5.5305694,6.119904],[5.5303976,6.1196676],[5.5304516,6.1203118],[5.5304838,6.1206745],[5.5304784,6.1208345]]],[[[5.6011993,6.2889528],[5.6012273,6.288911],[5.6012693,6.2887532],[5.6012647,6.2886928],[5.6012367,6.2886371],[5.6011759,6.2886139],[5.5976988,6.2877452],[5.5976202,6.2877452],[5.5975524,6.2877636],[5.5975093,6.2879412],[5.5975093,6.2880392],[5.5975894,6.2880882],[5.6011199,6.2889713],[5.6011993,6.2889528]]]]}},{"type":"Feature","properties":{"kind":"land","id":"egor","localUnitId":"egor","name":"Egor"},"geometry":{"type":"Polygon","coordinates":[[[5.6408272,6.405571],[5.6417508,6.4000368],[5.6426749,6.3945031],[5.6445106,6.3875288],[5.6445178,6.3853451],[5.6443913,6.3853958],[5.6442387,6.385514],[5.6440495,6.3857655],[5.643956,6.3858222],[5.6437491,6.3860533],[5.6436341,6.3862659],[5.6435461,6.3863327],[5.6432449,6.3861866],[5.6431644,6.3861227],[5.6431269,6.386016],[5.6431376,6.3858934],[5.6431376,6.3857548],[5.6431,6.3856109],[5.6429928,6.3854083],[5.6429606,6.385179],[5.6430035,6.3850084],[5.6431644,6.3846299],[5.6431912,6.3843847],[5.6431322,6.3841768],[5.6428962,6.3837929],[5.6428962,6.3835904],[5.6429498,6.3833611],[5.6431376,6.3831052],[5.6433683,6.3828173],[5.6434273,6.3827001],[5.643438,6.3821723],[5.643443,6.3819035],[5.6433447,6.3817041],[5.6432857,6.3815495],[5.6431784,6.3814855],[5.6427688,6.3813412],[5.6427241,6.3812766],[5.6427119,6.3811554],[5.6428135,6.3810382],[5.6431835,6.3808483],[5.6434762,6.3807069],[5.6436917,6.3806059],[5.6437811,6.3804645],[5.6438136,6.3800281],[5.6437567,6.3794706],[5.6436835,6.3793494],[5.6435412,6.3793292],[5.6434233,6.379414],[5.6432729,6.379511],[5.6430574,6.3794989],[5.6429965,6.3794342],[5.6429517,6.3792766],[5.6430005,6.3791312],[5.6431997,6.3790625],[5.6434965,6.378808],[5.6439193,6.3786464],[5.6446021,6.3785566],[5.6447068,6.3702166],[5.6418648,6.3640099],[5.6391602,6.359365],[5.6373549,6.3565769],[5.6328239,6.3556099],[5.628293,6.3546438],[5.6257766,6.3546198],[5.6228518,6.3545918],[5.6224513,6.3545881],[5.6190003,6.3545557],[5.6185181,6.3545512],[5.6174111,6.3545408],[5.6110611,6.3554039],[5.6061113,6.3556082],[5.6006792,6.3527854],[5.5986839,6.3520426],[5.5963647,6.3503699],[5.5927489,6.3466401],[5.5916323,6.3395899],[5.5912644,6.3380674],[5.5909363,6.3367098],[5.5902719,6.333961],[5.5884671,6.331172],[5.5866652,6.3274598],[5.5812392,6.3227901],[5.5767112,6.320899],[5.572186,6.3180852],[5.5702192,6.3160565],[5.5694742,6.3152881],[5.560441,6.3041172],[5.5586371,6.3013291],[5.5514202,6.2892509],[5.5459909,6.2855039],[5.5423732,6.2826991],[5.5360308,6.2807908],[5.5287881,6.277204],[5.5287738,6.2816458],[5.5296602,6.2881212],[5.529634,6.2964349],[5.5287151,6.3001208],[5.528697,6.3056641],[5.528677,6.31213],[5.5277381,6.3222828],[5.5259042,6.328732],[5.524982,6.333343],[5.5258722,6.3388929],[5.5276771,6.341682],[5.5336442,6.3460916],[5.534009,6.3463612],[5.5394349,6.3510308],[5.5448608,6.355701],[5.5477358,6.3601137],[5.5466056,6.360887],[5.5502944,6.3653604],[5.5530784,6.369001],[5.5575756,6.3739265],[5.559146,6.3753542],[5.5620079,6.3817301],[5.5638051,6.38729],[5.5683179,6.3937988],[5.574645,6.4003248],[5.5746606,6.4003302],[5.58008,6.4022241],[5.5864248,6.4032078],[5.5927658,6.4051161],[5.6000152,6.407032],[5.607264,6.4089479],[5.6126981,6.4108472],[5.6190462,6.4109068],[5.6244841,6.4118819],[5.6290121,6.4137731],[5.6326418,6.4128842],[5.636932,6.4120479],[5.6415869,6.4141541],[5.639905,6.410181],[5.6408272,6.405571]],[[5.6060354,6.3561643],[5.6060033,6.3561643],[5.6058973,6.3561164],[5.6057887,6.356147],[5.6057203,6.3561963],[5.6055848,6.3563509],[5.6054977,6.3563336],[5.6053877,6.3562403],[5.6052402,6.3562443],[5.6051852,6.3561817],[5.6051597,6.3561044],[5.6051248,6.3560604],[5.6051248,6.3559284],[5.6051704,6.3559071],[5.6052308,6.3559617],[5.6052804,6.3559564],[5.6053086,6.3559098],[5.605326,6.3558271],[5.6054869,6.3556672],[5.6058088,6.3559737],[5.6059241,6.356051],[5.6060301,6.356063],[5.6060703,6.3561004],[5.6060649,6.3561537],[5.6060354,6.3561643]],[[5.5767269,6.3695661],[5.5765633,6.3696207],[5.5764641,6.369702],[5.576397,6.3697967],[5.576342,6.369858],[5.5762683,6.3698966],[5.5761959,6.3698913],[5.5760765,6.3697873],[5.5760685,6.369638],[5.5760792,6.3694941],[5.5760336,6.3693422],[5.5760846,6.3692409],[5.5760899,6.3691316],[5.576039,6.3690329],[5.5760282,6.368929],[5.5761355,6.3687637],[5.5762187,6.3686358],[5.5762911,6.3685878],[5.5764386,6.3685051],[5.5765513,6.3684598],[5.5767015,6.3684198],[5.5767792,6.3684065],[5.5770609,6.3683932],[5.5771387,6.3684438],[5.5773291,6.3685398],[5.5774069,6.3686358],[5.5774364,6.368769],[5.577482,6.3688677],[5.5775464,6.3689663],[5.5775759,6.3690756],[5.5775651,6.3691582],[5.5775048,6.3691742],[5.5774793,6.3692235],[5.5774645,6.3693701],[5.5775236,6.3694341],[5.5775665,6.3694834],[5.5775423,6.3695807],[5.5775128,6.3696114],[5.5774645,6.3696141],[5.5773693,6.3696434],[5.5773211,6.369678],[5.5772352,6.36975],[5.5771816,6.3699406],[5.5770984,6.3700566],[5.5770448,6.3700632],[5.5769294,6.3700885],[5.5768463,6.3700632],[5.5767471,6.3700112],[5.5767699,6.3698473],[5.5767819,6.3696807],[5.5767873,6.3695794],[5.5767269,6.3695661]],[[5.5986203,6.3782421],[5.5987061,6.3781653],[5.5988434,6.3782506],[5.5989379,6.3783188],[5.5989722,6.3784468],[5.5989379,6.3785577],[5.5988864,6.3786515],[5.5988778,6.3787453],[5.5988349,6.3788392],[5.5987576,6.3788221],[5.5987061,6.3787368],[5.5986804,6.37866],[5.5986203,6.3787112],[5.598483,6.3786771],[5.5984143,6.3785918],[5.5984486,6.3785406],[5.5985344,6.378498],[5.5986804,6.3785577],[5.5987662,6.3785918],[5.5987834,6.3785236],[5.5986804,6.3784383],[5.5985859,6.3783871],[5.5986203,6.3782421]]]}},{"type":"Feature","properties":{"kind":"water","id":"water:egor","localUnitId":"egor","name":"Mapped water in Egor"},"geometry":{"type":"MultiPolygon","coordinates":[[[[5.6059241,6.356051],[5.6058088,6.3559737],[5.6054869,6.3556672],[5.605326,6.3558271],[5.6053086,6.3559098],[5.6052804,6.3559564],[5.6052308,6.3559617],[5.6051704,6.3559071],[5.6051248,6.3559284],[5.6051248,6.3560604],[5.6051597,6.3561044],[5.6051852,6.3561817],[5.6052402,6.3562443],[5.6053877,6.3562403],[5.6054977,6.3563336],[5.6055848,6.3563509],[5.6057203,6.3561963],[5.6057887,6.356147],[5.6058973,6.3561164],[5.6060033,6.3561643],[5.6060354,6.3561643],[5.6060649,6.3561537],[5.6060703,6.3561004],[5.6060301,6.356063],[5.6059241,6.356051]]],[[[5.5767471,6.3700112],[5.5768463,6.3700632],[5.5769294,6.3700885],[5.5770448,6.3700632],[5.5770984,6.3700566],[5.5771816,6.3699406],[5.5772352,6.36975],[5.5773211,6.369678],[5.5773693,6.3696434],[5.5774645,6.3696141],[5.5775128,6.3696114],[5.5775423,6.3695807],[5.5775665,6.3694834],[5.5775236,6.3694341],[5.5774645,6.3693701],[5.5774793,6.3692235],[5.5775048,6.3691742],[5.5775651,6.3691582],[5.5775759,6.3690756],[5.5775464,6.3689663],[5.577482,6.3688677],[5.5774364,6.368769],[5.5774069,6.3686358],[5.5773291,6.3685398],[5.5771387,6.3684438],[5.5770609,6.3683932],[5.5767792,6.3684065],[5.5767015,6.3684198],[5.5765513,6.3684598],[5.5764386,6.3685051],[5.5762911,6.3685878],[5.5762187,6.3686358],[5.5761355,6.3687637],[5.5760282,6.368929],[5.576039,6.3690329],[5.5760899,6.3691316],[5.5760846,6.3692409],[5.5760336,6.3693422],[5.5760792,6.3694941],[5.5760685,6.369638],[5.5760765,6.3697873],[5.5761959,6.3698913],[5.5762683,6.3698966],[5.576342,6.369858],[5.576397,6.3697967],[5.5764641,6.369702],[5.5765633,6.3696207],[5.5767269,6.3695661],[5.5767873,6.3695794],[5.5767819,6.3696807],[5.5767699,6.3698473],[5.5767471,6.3700112]]],[[[5.5987662,6.3785918],[5.5986804,6.3785577],[5.5985344,6.378498],[5.5984486,6.3785406],[5.5984143,6.3785918],[5.598483,6.3786771],[5.5986203,6.3787112],[5.5986804,6.37866],[5.5987061,6.3787368],[5.5987576,6.3788221],[5.5988349,6.3788392],[5.5988778,6.3787453],[5.5988864,6.3786515],[5.5989379,6.3785577],[5.5989722,6.3784468],[5.5989379,6.3783188],[5.5988434,6.3782506],[5.5987061,6.3781653],[5.5986203,6.3782421],[5.5985859,6.3783871],[5.5986804,6.3784383],[5.5987834,6.3785236],[5.5987662,6.3785918]]],[[[5.6439193,6.3786464],[5.6434965,6.378808],[5.6431997,6.3790625],[5.6430005,6.3791312],[5.6429517,6.3792766],[5.6429965,6.3794342],[5.6430574,6.3794989],[5.6432729,6.379511],[5.6434233,6.379414],[5.6435412,6.3793292],[5.6436835,6.3793494],[5.6437567,6.3794706],[5.6438136,6.3800281],[5.6437811,6.3804645],[5.6436917,6.3806059],[5.6434762,6.3807069],[5.6431835,6.3808483],[5.6428135,6.3810382],[5.6427119,6.3811554],[5.6427241,6.3812766],[5.6427688,6.3813412],[5.6431784,6.3814855],[5.6432857,6.3815495],[5.6433447,6.3817041],[5.643443,6.3819035],[5.643438,6.3821723],[5.6434273,6.3827001],[5.6433683,6.3828173],[5.6431376,6.3831052],[5.6429498,6.3833611],[5.6428962,6.3835904],[5.6428962,6.3837929],[5.6431322,6.3841768],[5.6431912,6.3843847],[5.6431644,6.3846299],[5.6430035,6.3850084],[5.6429606,6.385179],[5.6429928,6.3854083],[5.6431,6.3856109],[5.6431376,6.3857548],[5.6431376,6.3858934],[5.6431269,6.386016],[5.6431644,6.3861227],[5.6432449,6.3861866],[5.6435461,6.3863327],[5.6436341,6.3862659],[5.6437491,6.3860533],[5.643956,6.3858222],[5.6440495,6.3857655],[5.6442387,6.385514],[5.6443913,6.3853958],[5.6445178,6.3853451],[5.6445181,6.3852511],[5.6446021,6.3785566],[5.6439193,6.3786464]]]]}},{"type":"Feature","properties":{"kind":"land","id":"ikpoba-okha","localUnitId":"ikpoba-okha","name":"Ikpoba-Okha"},"geometry":{"type":"MultiPolygon","coordinates":[[[[5.5350274,5.9985289],[5.5352681,5.9982543],[5.5354972,5.9978219],[5.535653,5.997484],[5.5361697,5.9961324],[5.5362971,5.9957875],[5.5362829,5.99552],[5.5361414,5.995175],[5.5358158,5.9947456],[5.5352766,5.9942952],[5.5339563,5.9986883],[5.5341099,5.998723],[5.5344611,5.9987401],[5.5347514,5.9986837],[5.5350274,5.9985289]]],[[[5.568846,5.9905332],[5.569032,5.9907078],[5.5703486,5.9925311],[5.5710989,5.9936504],[5.5715378,5.9944811],[5.5717218,5.994995],[5.5718492,5.9956708],[5.5717855,5.9962058],[5.5715024,5.9975504],[5.5712971,5.9982614],[5.5709007,5.9988738],[5.5706034,5.9993596],[5.5704548,5.9997679],[5.5704194,5.999972],[5.5704194,6.0009505],[5.5703627,6.0013799],[5.5701929,6.0020557],[5.5701362,6.002633],[5.5701362,6.0029005],[5.5701999,6.003351],[5.5703486,6.0039071],[5.570384,6.0042239],[5.5703557,6.0047237],[5.570207,6.0054488],[5.5701787,6.005843],[5.5701929,6.006195],[5.5702424,6.0064343],[5.5703911,6.0068145],[5.5705609,6.0072298],[5.5706034,6.007624],[5.5706246,6.0082012],[5.5706317,6.0084336],[5.570745,6.0088348],[5.5709998,6.0092361],[5.571559,6.0098978],[5.5717147,6.0101301],[5.5718138,6.010475],[5.5719483,6.0108481],[5.5722102,6.0112212],[5.5729676,6.0119885],[5.5733215,6.0123757],[5.5739727,6.0134386],[5.5741143,6.0137132],[5.5742912,6.0145368],[5.5743833,6.0148113],[5.5745602,6.0150577],[5.5747655,6.0151985],[5.5753176,6.0153885],[5.576252,6.0155575],[5.5768182,6.0157687],[5.5775615,6.0159728],[5.5783401,6.0160362],[5.5795717,6.0158954],[5.5801309,6.0158531],[5.5804919,6.0158883],[5.5808317,6.0159869],[5.5814617,6.0162192],[5.5818722,6.0163107],[5.5831817,6.0164374],[5.5840028,6.0165148],[5.5843001,6.0166204],[5.5844346,6.0167542],[5.5846045,6.0170358],[5.5847885,6.0174018],[5.5849938,6.0175708],[5.5852698,6.0177115],[5.585553,6.0177538],[5.5863104,6.017796],[5.5866997,6.0178805],[5.5871952,6.0180565],[5.5880941,6.0184014],[5.589623,6.0188871],[5.5901115,6.0190279],[5.5905857,6.0193165],[5.591605,6.0202105],[5.5921642,6.0206962],[5.5926809,6.0210412],[5.5930065,6.021196],[5.5937285,6.0213087],[5.5941815,6.0213791],[5.594585,6.0214494],[5.5952999,6.0217803],[5.5956326,6.0218929],[5.5961989,6.0219844],[5.5969067,6.0220478],[5.597296,6.0221604],[5.5977278,6.0223575],[5.5991081,6.0230755],[5.5995045,6.0232726],[5.5999009,6.023336],[5.600368,6.0233078],[5.6010051,6.0231318],[5.601812,6.0228221],[5.6020881,6.0227728],[5.6029021,6.0226743],[5.6031711,6.0226039],[5.6036668,6.0224366],[5.593595,6.018116],[5.583426,6.011096],[5.5780191,6.0034232],[5.5712738,5.9908838],[5.568846,5.9905332]]],[[[5.5196466,6.0162996],[5.5197442,6.0160085],[5.5197478,6.0158368],[5.5192108,6.0162911],[5.5184845,6.01732],[5.5189474,6.0170516],[5.5192807,6.0168009],[5.5196466,6.0162996]]],[[[5.6056202,6.0234838],[5.6061015,6.0237583],[5.606689,6.0239766],[5.6071208,6.0242018],[5.6074181,6.0244412],[5.6079348,6.0248846],[5.6087913,6.0259264],[5.6090815,6.026208],[5.6094284,6.0264051],[5.6096832,6.0265741],[5.6099168,6.026919],[5.6102566,6.0275244],[5.610476,6.0277285],[5.6107733,6.02782],[5.6114245,6.0278411],[5.6117218,6.0279538],[5.6119766,6.0281368],[5.6121323,6.0283198],[5.6123659,6.0293546],[5.6124579,6.0294742],[5.6126137,6.0295657],[5.612826,6.029608],[5.61364,6.0296924],[5.6139161,6.029784],[5.6142488,6.0300514],[5.614631,6.0305231],[5.6148292,6.0308821],[5.615176,6.0311636],[5.6156715,6.0314523],[5.6161033,6.0316212],[5.6163723,6.0317831],[5.6168395,6.032121],[5.6170377,6.0321914],[5.6172925,6.0321703],[5.6178588,6.0319661],[5.6183613,6.0318535],[5.6188214,6.0318464],[5.6192957,6.0319168],[5.6198124,6.0321139],[5.6202725,6.0323392],[5.6207397,6.0324659],[5.6215678,6.0325433],[5.6218793,6.0325926],[5.6223111,6.0328319],[5.622665,6.0332402],[5.6228419,6.0334021],[5.6231605,6.0335499],[5.623656,6.0335429],[5.6248805,6.0332824],[5.6252344,6.0332261],[5.625553,6.0332754],[5.6258644,6.0334091],[5.6263811,6.0335851],[5.626636,6.0335992],[5.6271456,6.0334443],[5.6277402,6.0331205],[5.6281649,6.0328742],[5.6285117,6.0327756],[5.6297717,6.0325715],[5.630883,6.0323533],[5.6314139,6.0321421],[5.6322491,6.0316845],[5.6325747,6.0315015],[5.6328791,6.0314311],[5.6331198,6.0314663],[5.6337285,6.0318042],[5.6339409,6.0318816],[5.6342098,6.0319098],[5.6345921,6.0318324],[5.6350734,6.0314804],[5.6354344,6.0313326],[5.6358379,6.0312692],[5.6361918,6.0313255],[5.6365457,6.0313396],[5.6370058,6.031234],[5.6375508,6.0309947],[5.6379968,6.0309102],[5.6385701,6.0309947],[5.6388108,6.0309595],[5.6390019,6.0307483],[5.6391152,6.0303964],[5.6390731,6.0299309],[5.6370668,6.029573],[5.6261902,6.028789],[5.6160078,6.0245428],[5.6051884,6.0230734],[5.6053866,6.0232797],[5.6056202,6.0234838]]],[[[5.6425128,6.0315156],[5.6426614,6.0314804],[5.6428596,6.03122],[5.6430934,6.0306482],[5.6421204,6.0304746],[5.6420102,6.0307061],[5.641989,6.0309736],[5.6420739,6.0312481],[5.6422226,6.0314663],[5.6425128,6.0315156]]],[[[5.4636003,6.0277581],[5.4633762,6.0281435],[5.46318,6.028334],[5.4628158,6.0284872],[5.4631567,6.0283061],[5.4633014,6.0281528],[5.4635349,6.0277534],[5.463661,6.0274005],[5.4637124,6.0272472],[5.4637591,6.0271497],[5.4638618,6.0270243],[5.4639786,6.0268896],[5.4640454,6.0267681],[5.4584632,6.023046],[5.4561911,6.0223966],[5.4534039,6.0251307],[5.4530602,6.0275369],[5.4520946,6.0342979],[5.4446321,6.0392256],[5.4427785,6.0413524],[5.4437213,6.0436192],[5.4451842,6.0471358],[5.4465804,6.0514593],[5.4479783,6.0553731],[5.4497716,6.0618562],[5.454164,6.074935],[5.4559598,6.0804949],[5.4586682,6.0842161],[5.4604549,6.092546],[5.4636526,6.0985465],[5.4681907,6.0976653],[5.4718237,6.0958523],[5.4781766,6.0940642],[5.4808998,6.0931663],[5.4863348,6.0950665],[5.4935866,6.0960583],[5.4990297,6.0951862],[5.5062986,6.0906353],[5.5064582,6.0905828],[5.5067856,6.0902703],[5.5070464,6.0900376],[5.507267,6.0898745],[5.5074401,6.0898534],[5.5075709,6.0898675],[5.5077476,6.0899694],[5.5077876,6.090145],[5.5090227,6.0897383],[5.5102578,6.0897498],[5.5104296,6.089611],[5.5106314,6.0894127],[5.5107157,6.0893057],[5.5109445,6.088953],[5.5112346,6.0884702],[5.5114469,6.0877945],[5.5116734,6.087161],[5.5117796,6.0868654],[5.5119353,6.0866753],[5.512353,6.0863938],[5.5133864,6.0859645],[5.5136766,6.0857533],[5.5137899,6.0855281],[5.5137899,6.0852606],[5.5137049,6.0841556],[5.5135421,6.0828745],[5.5134218,6.0825789],[5.513167,6.082234],[5.5126361,6.081495],[5.5124733,6.0810304],[5.5124237,6.0805307],[5.512452,6.0799395],[5.5126432,6.0790948],[5.512806,6.0781305],[5.5127635,6.0774056],[5.5126573,6.0769692],[5.512452,6.0766806],[5.5121264,6.0764483],[5.5116451,6.0762794],[5.511185,6.076202],[5.5105904,6.0761457],[5.510187,6.0760823],[5.5096986,6.0759204],[5.5092243,6.0758078],[5.5088916,6.0758008],[5.5086651,6.0758852],[5.5084244,6.0760682],[5.5078865,6.0768706],[5.507568,6.0771592],[5.5072424,6.0773563],[5.5068672,6.0774337],[5.506577,6.0774196],[5.5062585,6.0772578],[5.5060107,6.0769903],[5.5057913,6.0765117],[5.5056993,6.0759627],[5.5057063,6.0754207],[5.5057842,6.0749772],[5.5059328,6.0744916],[5.5062443,6.0738792],[5.5067539,6.0728375],[5.5068672,6.0724574],[5.5068955,6.0720632],[5.5068955,6.0706062],[5.5069592,6.0700854],[5.5070654,6.0696912],[5.507207,6.069473],[5.5075043,6.0692126],[5.5078936,6.0690929],[5.5084174,6.0690718],[5.5097269,6.0691563],[5.5100525,6.069114],[5.510371,6.0689521],[5.5105904,6.0686072],[5.5105904,6.0683257],[5.5104772,6.0679526],[5.5102719,6.0676218],[5.5099534,6.0673262],[5.509649,6.067108],[5.5092101,6.0668546],[5.5086439,6.0665378],[5.5084174,6.0663267],[5.5081767,6.0660381],[5.507929,6.0656228],[5.507752,6.0650949],[5.5074689,6.0641236],[5.5073485,6.0635675],[5.507122,6.0619908],[5.5070017,6.0615262],[5.5067893,6.0610194],[5.5064,6.0602804],[5.5061381,6.0596821],[5.5060744,6.0593583],[5.5060957,6.05895],[5.5062231,6.0585981],[5.5064425,6.0582954],[5.5067823,6.0580068],[5.507299,6.0577816],[5.5077308,6.0577112],[5.5080988,6.0577182],[5.5085306,6.0578027],[5.5090686,6.0579716],[5.5108665,6.0586896],[5.5113761,6.058767],[5.5118999,6.0587389],[5.5127281,6.0586051],[5.5133935,6.0584925],[5.5138819,6.0584714],[5.5143207,6.0585136],[5.5146039,6.058577],[5.5155665,6.0588585],[5.515878,6.0589007],[5.5161328,6.0588585],[5.5162885,6.05876],[5.5164089,6.0585629],[5.5164655,6.0582532],[5.5164584,6.0578801],[5.5162602,6.057317],[5.5157081,6.0559022],[5.5153117,6.0550857],[5.5147525,6.0541917],[5.5144906,6.0537061],[5.5143844,6.0532908],[5.5144057,6.0526784],[5.5145473,6.0519815],[5.5147525,6.0514677],[5.5150144,6.0511228],[5.5154037,6.0508694],[5.5161328,6.0504893],[5.5172229,6.0498698],[5.5174706,6.0495953],[5.5175839,6.0493067],[5.5175839,6.0488914],[5.5174777,6.0486169],[5.5172866,6.0483916],[5.5170459,6.0482368],[5.5166495,6.0480327],[5.5159417,6.0478285],[5.5155665,6.0476525],[5.5151631,6.0473921],[5.5144411,6.0468431],[5.5139456,6.046653],[5.5135138,6.046653],[5.5130537,6.0467164],[5.5123883,6.0469486],[5.5119424,6.047195],[5.5115035,6.0475329],[5.5112416,6.0478215],[5.5110505,6.0481805],[5.510909,6.048821],[5.5108948,6.0495038],[5.5109444,6.0497713],[5.5110505,6.0500458],[5.5113124,6.0504541],[5.5118716,6.0511861],[5.5122892,6.0518407],[5.5124167,6.0523123],[5.5124237,6.0527206],[5.5122822,6.0531781],[5.5120698,6.0534667],[5.5118008,6.0536709],[5.5114469,6.0537764],[5.5108877,6.0537976],[5.5102861,6.0536497],[5.5096915,6.0533823],[5.50938,6.0530866],[5.5089836,6.0525939],[5.5086934,6.0521082],[5.5081767,6.0508905],[5.5079502,6.050447],[5.5077237,6.0502147],[5.5074052,6.0500458],[5.5062514,6.0496727],[5.5051259,6.049356],[5.5047366,6.0491519],[5.5044535,6.0488914],[5.5042623,6.0485747],[5.504142,6.0481523],[5.5041986,6.0477792],[5.5043119,6.0474273],[5.5045313,6.0469838],[5.5048428,6.0465404],[5.5052109,6.0462659],[5.505678,6.0460125],[5.5061523,6.0458013],[5.5069097,6.0454705],[5.507122,6.0452522],[5.5072848,6.0449214],[5.5073273,6.0445765],[5.5073202,6.0441893],[5.50703,6.0432532],[5.5066973,6.0425352],[5.5062089,6.0418735],[5.5056072,6.04143],[5.5049277,6.0412189],[5.5044322,6.041247],[5.5038164,6.0414652],[5.5033068,6.041782],[5.5029953,6.042141],[5.5026697,6.042676],[5.5025211,6.0430561],[5.5024644,6.0434151],[5.5024078,6.0451396],[5.5023229,6.0455268],[5.5021671,6.0458224],[5.5018345,6.0461251],[5.5015018,6.0462729],[5.5011195,6.046287],[5.5006382,6.0462307],[5.5002772,6.0460195],[5.4998525,6.0456746],[5.4995057,6.0451889],[5.498963,6.0444088],[5.498843,6.0442362],[5.4987908,6.0441612],[5.4979909,6.0429082],[5.4975254,6.0420738],[5.4972754,6.0424829],[5.4943285,6.0418282],[5.4913821,6.0385542],[5.4902735,6.0335951],[5.4897451,6.0300417],[5.4841795,6.02775],[5.478941,6.0270953],[5.4736776,6.0273519],[5.465518,6.02775],[5.4640909,6.0267984],[5.4639879,6.0269593],[5.4638198,6.027145],[5.4637731,6.0272937],[5.4636003,6.0277581]]],[[[5.506769,6.0904804],[5.5076778,6.0901812],[5.5076066,6.0900295],[5.5074403,6.0899975],[5.5072848,6.0900348],[5.506769,6.0904804]]],[[[5.5157644,6.0920312],[5.5155018,6.0919837],[5.5162688,6.0925784],[5.516466,6.0929223],[5.5164298,6.0927421],[5.5160829,6.0922424],[5.5157644,6.0920312]]],[[[5.5242718,6.1089773],[5.5243844,6.1087426],[5.5246902,6.1083479],[5.5248082,6.1081025],[5.5248833,6.1077185],[5.5249692,6.1074358],[5.5250765,6.1072704],[5.5255432,6.1066517],[5.5256397,6.106417],[5.5256558,6.1062036],[5.5255861,6.1059369],[5.5254091,6.1057822],[5.5252106,6.1057022],[5.5249209,6.1057289],[5.5241484,6.1058782],[5.5238802,6.1058836],[5.5236871,6.1057929],[5.5235154,6.1056275],[5.523274,6.1053342],[5.5229682,6.1051902],[5.5224211,6.1048915],[5.5221528,6.1046248],[5.5219865,6.1043087],[5.5218662,6.1037316],[5.5219015,6.1034008],[5.5222555,6.1022747],[5.5223262,6.1016483],[5.522574,6.0997268],[5.522666,6.0994101],[5.5228288,6.0991497],[5.5229491,6.0988611],[5.5229562,6.0982769],[5.5229067,6.0977701],[5.522751,6.0975731],[5.5225032,6.0975308],[5.5222059,6.097566],[5.521314,6.097932],[5.5204434,6.0984388],[5.5202027,6.098474],[5.5198276,6.0983825],[5.5194701,6.0981604],[5.5202842,6.0995798],[5.5220771,6.1060629],[5.5241399,6.1092508],[5.52424,6.1094055],[5.5242342,6.10926],[5.5242718,6.1089773]]],[[[5.526653,6.1145147],[5.527297,6.1154008],[5.5273027,6.1153247],[5.5272383,6.1151593],[5.5269165,6.1146526],[5.5267823,6.1145406],[5.526653,6.1145147]]],[[[5.5298722,6.1184823],[5.5296899,6.1183863],[5.5295289,6.118381],[5.5294775,6.1184015],[5.5303976,6.1196676],[5.5303872,6.1195437],[5.5303121,6.1192504],[5.5301727,6.118909],[5.5298722,6.1184823]]],[[[5.6456556,6.0312481],[5.6461936,6.0314874],[5.6463847,6.0316071],[5.6466395,6.0318957],[5.6468731,6.0323603],[5.6470359,6.0327193],[5.6471987,6.0329164],[5.6474818,6.0331135],[5.6477579,6.0332402],[5.6482675,6.0332965],[5.6487205,6.0333669],[5.649032,6.0334795],[5.6493788,6.0337189],[5.6495204,6.033923],[5.6496832,6.0344298],[5.6498602,6.0347888],[5.6501079,6.0350282],[5.6504547,6.0352464],[5.6530454,6.0362811],[5.6537037,6.036612],[5.654001,6.0368302],[5.6541992,6.0370695],[5.65427,6.0374426],[5.654362,6.0380902],[5.654454,6.0382802],[5.6545956,6.0384562],[5.6549283,6.0386744],[5.6552043,6.0388363],[5.6554238,6.0391531],[5.6555512,6.0394699],[5.6557777,6.0406876],[5.6559263,6.0410677],[5.6561175,6.0413493],[5.656351,6.041476],[5.6570306,6.0417294],[5.6572005,6.0418139],[5.6573703,6.0420462],[5.6575968,6.0424403],[5.6579508,6.0433765],[5.6580923,6.0436651],[5.6585312,6.0443339],[5.6589984,6.0452278],[5.6593877,6.0458332],[5.6595434,6.0460936],[5.6596071,6.0463681],[5.6596779,6.0473677],[5.6597558,6.0476281],[5.6599044,6.0478111],[5.6600743,6.0478956],[5.6601875,6.0478956],[5.6603149,6.0478604],[5.6603999,6.0477055],[5.6604494,6.0473536],[5.6605415,6.0471002],[5.6606972,6.0469172],[5.6608883,6.0468186],[5.6611077,6.0468327],[5.661405,6.0469805],[5.661582,6.0472199],[5.6617023,6.0475366],[5.6617448,6.0479871],[5.6617023,6.0482827],[5.6616032,6.048508],[5.6612493,6.0488881],[5.6611856,6.0490641],[5.6612068,6.0494794],[5.6614829,6.0502818],[5.6616882,6.0508308],[5.6617589,6.0511054],[5.6617802,6.0516403],[5.6618864,6.0521119],[5.6620067,6.0523442],[5.6623394,6.052668],[5.6625588,6.0527173],[5.6626721,6.0527032],[5.6627782,6.0525624],[5.6628632,6.0522527],[5.6631251,6.0519712],[5.6632666,6.0518515],[5.6635002,6.0518233],[5.6637409,6.0518656],[5.6641019,6.0520415],[5.6643284,6.0521964],[5.6644345,6.0523535],[5.6645217,6.0525521],[5.6645866,6.052799],[5.6646471,6.0529426],[5.6647793,6.0530843],[5.6649503,6.0532185],[5.6651882,6.0533111],[5.6654778,6.0533111],[5.6656996,6.0532682],[5.6659892,6.0531028],[5.6663775,6.0527841],[5.6666239,6.0526309],[5.6668889,6.0525267],[5.6672586,6.0524042],[5.667727,6.0522632],[5.6679149,6.0521837],[5.6680977,6.0520972],[5.6683872,6.0519393],[5.6686955,6.0517419],[5.6687386,6.0517161],[5.6676073,6.0498614],[5.6574521,6.0332098],[5.6454137,6.0310621],[5.6454786,6.0311496],[5.6456556,6.0312481]]],[[[5.7425981,6.0545721],[5.7471528,6.0481482],[5.749897,6.0407839],[5.7526398,6.0334201],[5.7544718,6.027894],[5.7562971,6.0242162],[5.7590408,6.0168519],[5.7617869,6.008564],[5.7641773,5.9978142],[5.7569346,6.0020933],[5.745285,6.008976],[5.6989331,6.033556],[5.6739779,6.0489221],[5.6698115,6.0514874],[5.6700333,6.0515247],[5.6703337,6.0515674],[5.6705644,6.0515727],[5.6707843,6.0515354],[5.6717875,6.05121],[5.6725921,6.0510073],[5.6733324,6.0508259],[5.6741102,6.0505699],[5.6746413,6.0504258],[5.6749471,6.0503831],[5.675108,6.0503991],[5.675387,6.0504632],[5.6756981,6.0505432],[5.6759234,6.0505699],[5.6762024,6.0505325],[5.6767656,6.0504045],[5.6770285,6.0503991],[5.6772592,6.0504738],[5.6775059,6.0506125],[5.6779297,6.0509113],[5.6780799,6.0509859],[5.6782623,6.0510233],[5.6784983,6.0509913],[5.6788524,6.0509166],[5.6792494,6.0507032],[5.6796839,6.0504472],[5.6798609,6.0503458],[5.6800218,6.0503138],[5.6801983,6.0503496],[5.6803807,6.0505256],[5.6804611,6.050707],[5.6805201,6.0509951],[5.6805738,6.0511871],[5.6806864,6.0513578],[5.6808205,6.0514592],[5.6812121,6.0515925],[5.6813838,6.0516885],[5.6814643,6.0517952],[5.6814857,6.0519553],[5.6814535,6.0521153],[5.6813302,6.0522327],[5.6811102,6.0523927],[5.6810298,6.0524727],[5.6810458,6.0525367],[5.6812282,6.0527234],[5.6813463,6.0528355],[5.6815072,6.0528941],[5.6817164,6.0529101],[5.6819042,6.0530328],[5.6821594,6.0532619],[5.6822727,6.0533463],[5.6824001,6.0533675],[5.6827115,6.0532971],[5.6829168,6.05329],[5.6830867,6.0533393],[5.6833274,6.0534801],[5.6836317,6.0537335],[5.6839573,6.0541136],[5.6840706,6.0542403],[5.6841838,6.0542755],[5.6842546,6.0542262],[5.684382,6.054001],[5.6844599,6.0538039],[5.6845307,6.0534449],[5.6846298,6.0532689],[5.6847997,6.0531844],[5.6850686,6.0531704],[5.6852668,6.0532408],[5.6854438,6.0534449],[5.6855854,6.0537264],[5.6856066,6.0540573],[5.6855619,6.054663],[5.6856102,6.0550098],[5.6856531,6.0552125],[5.6857765,6.0553778],[5.685932,6.0554632],[5.6861144,6.0554739],[5.6863988,6.0555112],[5.6866294,6.0556339],[5.6868869,6.055906],[5.6869245,6.056034],[5.6869406,6.0563327],[5.6869996,6.0564981],[5.6870961,6.0565994],[5.6872356,6.0566154],[5.6873643,6.0565674],[5.6877667,6.0563914],[5.6885338,6.056194],[5.6889898,6.056098],[5.6892151,6.056098],[5.6893385,6.0560767],[5.6893385,6.0560073],[5.6892419,6.05589],[5.6890595,6.0557299],[5.6889308,6.0555966],[5.6889093,6.0554952],[5.6889147,6.0553245],[5.689038,6.0550311],[5.6892526,6.0547644],[5.6894833,6.054631],[5.6905347,6.0542789],[5.6908351,6.0542043],[5.6911463,6.0541936],[5.6913769,6.0542416],[5.6915754,6.0543803],[5.6916934,6.0545883],[5.6917363,6.0546897],[5.6917203,6.0549884],[5.6915754,6.0557993],[5.6915647,6.0560286],[5.6916291,6.0562154],[5.6917363,6.0563327],[5.6918812,6.0563914],[5.6921065,6.0563701],[5.6923157,6.0562954],[5.6928521,6.056066],[5.6930453,6.0560393],[5.6933349,6.056098],[5.6935817,6.056242],[5.6939572,6.0565248],[5.6940967,6.0567197],[5.694178,6.0571644],[5.6941454,6.057504],[5.6941861,6.0576496],[5.6943812,6.0578921],[5.6947878,6.058159],[5.6953651,6.0583934],[5.6955846,6.0585066],[5.6956741,6.0585875],[5.6956903,6.0586764],[5.6956659,6.058822],[5.6956171,6.0589513],[5.6956659,6.0590484],[5.6957391,6.0590726],[5.6958448,6.0590564],[5.6960481,6.0589271],[5.6962188,6.0588786],[5.6964302,6.058919],[5.6966091,6.059016],[5.696666,6.0591696],[5.6966335,6.0593718],[5.6965197,6.0597437],[5.6965359,6.059865],[5.6966579,6.0599701],[5.696975,6.060051],[5.6976905,6.0600429],[5.6979751,6.0601156],[5.6981784,6.060245],[5.6983329,6.0604472],[5.6984223,6.0608029],[5.6984142,6.0611263],[5.6982922,6.0614255],[5.6977962,6.0619753],[5.6974954,6.0623634],[5.6973653,6.0625817],[5.6973328,6.0627273],[5.6974059,6.0629051],[5.6977231,6.06318],[5.6981784,6.0634549],[5.6983085,6.0636005],[5.6983817,6.0637703],[5.6983735,6.0638754],[5.6983085,6.0641018],[5.6982841,6.0642958],[5.6983329,6.064498],[5.6983979,6.0645707],[5.6985849,6.0646678],[5.6991378,6.0646516],[5.6994306,6.0647001],[5.6996745,6.0648133],[5.6998696,6.0649831],[5.7001949,6.0652499],[5.7004048,6.065398],[5.7006171,6.0655106],[5.7008578,6.0655317],[5.7011126,6.0654824],[5.7013108,6.0654684],[5.7014241,6.0654895],[5.7015869,6.0656303],[5.701693,6.065771],[5.7017709,6.0659752],[5.7018134,6.0662356],[5.7018204,6.0664749],[5.7018983,6.0666368],[5.702047,6.0667635],[5.7024717,6.0669606],[5.702592,6.0670591],[5.7026699,6.0671929],[5.7028185,6.0677137],[5.7029247,6.0680234],[5.7029884,6.068129],[5.7031512,6.0681994],[5.7034272,6.0682276],[5.7037457,6.0681924],[5.7044395,6.0681044],[5.7047721,6.0681079],[5.7049278,6.0681502],[5.7051203,6.0682424],[5.7052123,6.0684043],[5.7052265,6.0685063],[5.7051592,6.0686541],[5.7051592,6.0687351],[5.7051911,6.0687914],[5.7052583,6.0688371],[5.7054211,6.068904],[5.705821,6.0690166],[5.7059305,6.0690285],[5.7066007,6.0689713],[5.706898,6.0689924],[5.7071315,6.0690769],[5.707358,6.0692599],[5.7075279,6.0693514],[5.7077544,6.0693796],[5.7081579,6.0693162],[5.7084906,6.0691332],[5.7086463,6.0689713],[5.7088162,6.068725],[5.7089153,6.0685912],[5.7090993,6.0684857],[5.7093329,6.0685209],[5.709524,6.0687461],[5.7096727,6.0689854],[5.7099204,6.0693585],[5.7104442,6.0698371],[5.7108335,6.070182],[5.7111945,6.0704143],[5.7119307,6.0707944],[5.7121926,6.0709492],[5.7123696,6.0711744],[5.712504,6.0714138],[5.7125819,6.0716812],[5.7125961,6.0718431],[5.7126527,6.0719487],[5.7127659,6.0719698],[5.7129571,6.071822],[5.7131199,6.0717164],[5.713311,6.0717094],[5.7136153,6.0718502],[5.7137711,6.0719698],[5.7138914,6.0720824],[5.7140188,6.0724766],[5.7142312,6.0728356],[5.7145922,6.073089],[5.7148116,6.0732016],[5.7148753,6.0733142],[5.714847,6.0735042],[5.7147691,6.0736521],[5.7146417,6.0737928],[5.7143798,6.0739336],[5.7142312,6.0740814],[5.7141816,6.0742011],[5.7142241,6.0742996],[5.7145922,6.0744193],[5.7149744,6.0746234],[5.7152009,6.0748205],[5.7153708,6.0750316],[5.7154557,6.0752498],[5.7154416,6.0755525],[5.7153849,6.0757918],[5.7152151,6.0761719],[5.7150947,6.0765238],[5.715031,6.0769673],[5.7149956,6.0773192],[5.7150027,6.0774388],[5.7151584,6.0775233],[5.7157106,6.07746],[5.7159583,6.0774388],[5.7161848,6.0775022],[5.7164042,6.0776359],[5.7166732,6.0777697],[5.7170696,6.0778752],[5.7172607,6.0779597],[5.7173103,6.0781286],[5.7172253,6.0782342],[5.7170059,6.0782483],[5.7167228,6.0782412],[5.7166166,6.0783468],[5.7166095,6.0784313],[5.7167086,6.0786073],[5.716928,6.0788395],[5.717466,6.0792478],[5.7176642,6.0794378],[5.7178695,6.0795363],[5.7180535,6.0795363],[5.718188,6.0794448],[5.7184003,6.0790155],[5.7186056,6.0788606],[5.7188392,6.0788043],[5.7191153,6.0788395],[5.7194055,6.0789521],[5.7195824,6.079114],[5.7196391,6.079297],[5.7196178,6.0795012],[5.7195187,6.0798038],[5.7194833,6.0799657],[5.7195046,6.0801276],[5.719632,6.0803176],[5.7200001,6.0805851],[5.7205593,6.0809511],[5.7212812,6.0814368],[5.7218334,6.0819013],[5.7220103,6.0820491],[5.7222227,6.0821336],[5.7224421,6.0823588],[5.722612,6.0826052],[5.7226615,6.0828867],[5.7226474,6.0832457],[5.7225624,6.0835342],[5.7223359,6.0839073],[5.7221307,6.0843718],[5.7218829,6.0849138],[5.721641,6.0854641],[5.7212762,6.0859496],[5.7211099,6.0861896],[5.7210509,6.0862963],[5.7210456,6.086403],[5.7211099,6.086483],[5.7214908,6.0865043],[5.72192,6.0863923],[5.7221989,6.086387],[5.7223277,6.0864616],[5.7224081,6.0865683],[5.7224457,6.086691],[5.7224296,6.086931],[5.7223759,6.0870751],[5.7217268,6.0879285],[5.7216517,6.0880352],[5.7216517,6.0881259],[5.7216947,6.0882166],[5.7218288,6.0884566],[5.7219146,6.0888193],[5.7219897,6.0892887],[5.7219682,6.0894754],[5.72192,6.0896248],[5.7218288,6.0897688],[5.7217644,6.0898702],[5.7217751,6.0899929],[5.7219146,6.0901795],[5.7222794,6.0905529],[5.7223598,6.0907183],[5.7223813,6.090841],[5.7224135,6.091001],[5.7224081,6.091145],[5.7224296,6.091257],[5.7225261,6.0913744],[5.7230411,6.0918225],[5.7232933,6.0920198],[5.7234649,6.0920945],[5.7237761,6.0921372],[5.7242374,6.0921692],[5.7244037,6.0922385],[5.7246129,6.0924359],[5.7246826,6.0925319],[5.7247577,6.0925586],[5.724924,6.0925426],[5.7251869,6.0924412],[5.7252835,6.0924519],[5.7254229,6.0925532],[5.7254498,6.0926439],[5.7254605,6.0928146],[5.7254873,6.092932],[5.725557,6.0930173],[5.7257341,6.0931187],[5.7258521,6.0932627],[5.725954,6.093428],[5.7259862,6.0935347],[5.7259272,6.0936254],[5.7258521,6.0936894],[5.7257394,6.0937481],[5.7256536,6.0938708],[5.7255517,6.0940521],[5.7254605,6.0941375],[5.72538,6.0942068],[5.7253747,6.0942922],[5.7253532,6.0944788],[5.7253478,6.0946655],[5.7253156,6.0947669],[5.7252352,6.0948949],[5.7251976,6.0950016],[5.7252244,6.0950709],[5.7253156,6.0951403],[5.7254873,6.0951563],[5.7257019,6.0951456],[5.7259004,6.0950283],[5.72619,6.0947509],[5.7263188,6.0945642],[5.7264422,6.0944735],[5.7267372,6.0944202],[5.7269089,6.0944308],[5.7271503,6.0945589],[5.727217,6.094722],[5.7343578,6.0794358],[5.7362817,6.0729921],[5.7371082,6.0702238],[5.738945,6.062851],[5.7425981,6.0545721]],[[5.7208286,6.035917],[5.7203565,6.0359277],[5.7200347,6.035869],[5.719627,6.035709],[5.719466,6.0355809],[5.7193909,6.0354529],[5.7192461,6.0351541],[5.719112,6.0348394],[5.7190583,6.034642],[5.7190637,6.0345407],[5.7191281,6.0344713],[5.7191871,6.034466],[5.719348,6.0345033],[5.7194553,6.0345033],[5.7195089,6.0344713],[5.7195894,6.0343646],[5.7196377,6.0341032],[5.7196001,6.0339058],[5.7196323,6.0338098],[5.7196967,6.0337725],[5.7198147,6.0337565],[5.7200507,6.0337618],[5.7204477,6.0337244],[5.720673,6.0337084],[5.7208286,6.0337298],[5.7210324,6.0338365],[5.7215099,6.0341512],[5.7217513,6.0343059],[5.7218639,6.03445],[5.7219712,6.0347007],[5.7219712,6.0350101],[5.7219122,6.0352342],[5.7218103,6.0354582],[5.7216279,6.0356183],[5.7211612,6.0358477],[5.7208286,6.035917]]],[[[5.6811702,6.0528219],[5.6809288,6.0525819],[5.6808376,6.0524805],[5.6807518,6.0524645],[5.6806499,6.0524965],[5.6805051,6.0526299],[5.6804246,6.0527366],[5.6804192,6.0528486],[5.6804997,6.0529713],[5.6807196,6.0531047],[5.6810308,6.0532807],[5.681181,6.0534887],[5.6813419,6.0538408],[5.6814116,6.0540755],[5.6813848,6.0543903],[5.6812936,6.054705],[5.6812829,6.0548544],[5.6813204,6.0549504],[5.6814063,6.0550251],[5.6816209,6.0550518],[5.68205,6.0550624],[5.6823719,6.0550571],[5.6826079,6.0550197],[5.6827581,6.0549077],[5.6828064,6.054785],[5.6828064,6.0546783],[5.6827152,6.0545663],[5.6824148,6.0543263],[5.6822431,6.0541075],[5.6821788,6.0538782],[5.6821788,6.0536915],[5.6822324,6.0535154],[5.6821841,6.0534247],[5.6818247,6.0531153],[5.6816423,6.0530246],[5.6814438,6.0529713],[5.6813365,6.052934],[5.6811702,6.0528219]]],[[[5.7213738,6.0900874],[5.7212128,6.0903061],[5.7211216,6.0904874],[5.7211055,6.0906688],[5.7211324,6.0909835],[5.7211109,6.0912022],[5.7210626,6.0914902],[5.7210143,6.0917356],[5.7210412,6.0918743],[5.7211324,6.0920983],[5.7213148,6.0923224],[5.7214811,6.0924664],[5.7215347,6.0927171],[5.7215615,6.0929465],[5.7215293,6.0931705],[5.721406,6.0934425],[5.7213148,6.0935706],[5.721304,6.0936506],[5.7213469,6.0937252],[5.7214328,6.0937999],[5.7218887,6.0939599],[5.72235,6.0941426],[5.7224845,6.0942271],[5.722796,6.0944242],[5.7231428,6.094579],[5.723364,6.0946427],[5.7234713,6.094664],[5.7235839,6.094616],[5.7236536,6.0945467],[5.723777,6.0942106],[5.7238521,6.0940826],[5.723954,6.094024],[5.7242169,6.0940293],[5.7244422,6.0940773],[5.7245656,6.0941466],[5.7246675,6.0942747],[5.7246943,6.0943813],[5.724689,6.094552],[5.7246836,6.0946907],[5.7247051,6.0948561],[5.7247909,6.0950268],[5.7248714,6.0950641],[5.724925,6.0950641],[5.7249947,6.0949628],[5.7250859,6.0947547],[5.7251074,6.094584],[5.725145,6.0941893],[5.725145,6.0940613],[5.7251986,6.0939759],[5.725322,6.0939119],[5.7254078,6.0938906],[5.725499,6.0937626],[5.7256277,6.0934425],[5.7256385,6.0933305],[5.7255795,6.0932345],[5.7254561,6.0931598],[5.7253703,6.0930745],[5.7253273,6.0929625],[5.7253005,6.0928451],[5.7252576,6.0927384],[5.725204,6.0926798],[5.7251342,6.0926798],[5.7249518,6.0928131],[5.724866,6.0928558],[5.7247051,6.0928238],[5.7245871,6.0927438],[5.7244315,6.0926051],[5.7243081,6.0924771],[5.7241954,6.0924184],[5.7240238,6.0923704],[5.7238629,6.0923437],[5.7236375,6.0923277],[5.7235088,6.092317],[5.7233425,6.0922744],[5.7231977,6.092205],[5.722688,6.091821],[5.7222696,6.0914476],[5.7222106,6.0913302],[5.7221462,6.0911542],[5.7221194,6.0909302],[5.7220604,6.0907968],[5.7219746,6.0906688],[5.7218673,6.0905194],[5.7217225,6.0903007],[5.7215401,6.090082],[5.7214596,6.0900554],[5.7213738,6.0900874]]],[[[5.7269035,6.0965965],[5.7267801,6.0967938],[5.7267533,6.0969379],[5.7268123,6.0971566],[5.7269357,6.0973913],[5.7272576,6.0976526],[5.7275472,6.0977593],[5.7277725,6.097786],[5.7281212,6.0977486],[5.7282822,6.0977433],[5.7284377,6.0977646],[5.7285826,6.0977753],[5.7286952,6.0977326],[5.7287435,6.0976633],[5.7287489,6.0975726],[5.728706,6.0972899],[5.7288347,6.0969379],[5.7290454,6.0966154],[5.727304,6.0952646],[5.7272897,6.0954657],[5.7271932,6.0959777],[5.7270805,6.0963031],[5.7269035,6.0965965]]],[[[5.7494577,6.1553869],[5.7493879,6.1554296],[5.749404,6.1555416],[5.7495972,6.1559629],[5.7496723,6.1561923],[5.7496723,6.1563736],[5.7496508,6.1566083],[5.749624,6.1568749],[5.749624,6.1570296],[5.7496615,6.1571309],[5.749801,6.1572376],[5.7499673,6.1572909],[5.7502892,6.1572749],[5.7505896,6.1572803],[5.7507881,6.157371],[5.7509222,6.1575043],[5.7510402,6.1576323],[5.7511904,6.157851],[5.7514318,6.1582083],[5.7515874,6.1583736],[5.7517322,6.158475],[5.7519629,6.158571],[5.7527015,6.1587342],[5.7505502,6.1552521],[5.7503428,6.1553976],[5.7500639,6.1554882],[5.7498922,6.1554882],[5.7496133,6.1554189],[5.7494577,6.1553869]]],[[[5.5160877,6.0919877],[5.5163475,6.0922487],[5.5164397,6.0923958],[5.5166308,6.0927547],[5.5166662,6.092994],[5.516645,6.0932263],[5.516643,6.0932309],[5.5190799,6.09748],[5.5193914,6.0977661],[5.5197737,6.0980335],[5.5200072,6.098132],[5.520255,6.0981461],[5.5205381,6.0980828],[5.5216424,6.0975479],[5.5219609,6.0974282],[5.522329,6.0973226],[5.5225838,6.0973015],[5.522874,6.0973649],[5.5230439,6.0974986],[5.5231359,6.0977801],[5.5231642,6.0989063],[5.5231005,6.0991174],[5.5228315,6.0996734],[5.522782,6.0998564],[5.5225201,6.1018764],[5.5224564,6.1023269],[5.5221591,6.1032067],[5.5221024,6.1035375],[5.5220954,6.1038471],[5.5221945,6.1042413],[5.5223502,6.1045158],[5.5225555,6.1047058],[5.5231288,6.1050155],[5.5233553,6.1051352],[5.5235748,6.1053463],[5.5237305,6.1055434],[5.5238296,6.1056278],[5.5240065,6.1056841],[5.524233,6.105663],[5.5248701,6.1055082],[5.5252099,6.1055011],[5.525493,6.1055715],[5.5256755,6.1056637],[5.5257881,6.105845],[5.5258525,6.1060904],[5.5258739,6.1063464],[5.5257613,6.1067145],[5.5253429,6.1072799],[5.5251927,6.1075572],[5.52508,6.107968],[5.5250317,6.1081707],[5.5248332,6.1085014],[5.5245597,6.1088161],[5.5244846,6.1089547],[5.5244095,6.1091948],[5.524405,6.1094327],[5.5244503,6.1096434],[5.5244726,6.109765],[5.5256858,6.11164],[5.5265444,6.1142971],[5.5268227,6.1143551],[5.5269953,6.1144532],[5.5273958,6.1150352],[5.5274434,6.1152289],[5.5274526,6.1153698],[5.5274441,6.1155184],[5.5274245,6.1155763],[5.5293691,6.1182522],[5.5294122,6.1182189],[5.5294923,6.1181913],[5.5295909,6.1181821],[5.529711,6.1181903],[5.5297911,6.118225],[5.5299976,6.1183843],[5.5301054,6.1185253],[5.5302441,6.1187116],[5.5303915,6.1189933],[5.5305025,6.1192598],[5.5305425,6.1194375],[5.5305672,6.1196918],[5.5305702,6.1198817],[5.5305694,6.119904],[5.5316551,6.121398],[5.5335248,6.1266584],[5.5362218,6.1340742],[5.5380147,6.1405582],[5.5407151,6.1470504],[5.5461176,6.1591101],[5.552439,6.1674843],[5.5569499,6.1749172],[5.5596517,6.1804862],[5.5644202,6.1932998],[5.568018,6.2025719],[5.570724,6.2072172],[5.5761471,6.212811],[5.5788622,6.214684],[5.5833902,6.2165742],[5.5906382,6.2184911],[5.593359,6.2185159],[5.6006098,6.2195091],[5.606957,6.2195692],[5.6151099,6.2224169],[5.6178298,6.2224431],[5.6214461,6.226172],[5.6241488,6.231741],[5.627759,6.237318],[5.6295538,6.242877],[5.6304321,6.2521238],[5.6312523,6.2550895],[5.632225,6.2586069],[5.6313,6.2641411],[5.6312799,6.270607],[5.6285272,6.2807431],[5.6275911,6.2899718],[5.6284828,6.2946],[5.6293688,6.301075],[5.6284389,6.3084559],[5.6284251,6.3130751],[5.6285535,6.3138765],[5.6290847,6.3171945],[5.6293139,6.3186259],[5.631115,6.3223381],[5.6322905,6.3251646],[5.6338148,6.3288298],[5.6344008,6.3324839],[5.6346048,6.3337561],[5.6347051,6.3343811],[5.6349658,6.3351885],[5.6365008,6.339941],[5.637393,6.3445678],[5.6416904,6.3490012],[5.641912,6.3492298],[5.6482391,6.3557572],[5.6487501,6.3578709],[5.6491342,6.3594599],[5.6482158,6.3631468],[5.64639,6.3668251],[5.6447068,6.3702166],[5.6474397,6.3738889],[5.6474765,6.3738546],[5.6475048,6.3737597],[5.6475048,6.3736049],[5.6475367,6.3735029],[5.6477136,6.3732672],[5.6477667,6.3733341],[5.6476358,6.3735345],[5.6476287,6.3736506],[5.6476287,6.3737878],[5.6476004,6.3739109],[5.6475437,6.3739848],[5.6475231,6.3740009],[5.6503108,6.3777469],[5.6717854,6.377271],[5.6740106,6.3756013],[5.6800032,6.3711048],[5.68513,6.3693173],[5.697635,6.3768274],[5.6994196,6.3745907],[5.7009425,6.374781],[5.7017991,6.3744479],[5.7036313,6.3720922],[5.7049953,6.3709912],[5.7059475,6.3702081],[5.7054741,6.362321],[5.7053033,6.3608281],[5.7036467,6.346331],[5.7026773,6.3415408],[5.7051794,6.3410139],[5.6915103,6.3250392],[5.6899392,6.3232031],[5.7153794,6.3079828],[5.7562786,6.2835137],[5.7645591,6.2822764],[5.7637025,6.2976953],[5.7632266,6.3021687],[5.7620845,6.3083553],[5.7632041,6.3151479],[5.7676311,6.3113489],[5.780139,6.3045959],[5.7916059,6.293241],[5.7960329,6.289443],[5.802247,6.2846789],[5.8067269,6.2827301],[5.8101668,6.2761779],[5.8127532,6.2714949],[5.8171,6.2649231],[5.8214989,6.2602],[5.8241129,6.2564421],[5.8275461,6.2527571],[5.8254051,6.2502751],[5.8236351,6.2364011],[5.8191161,6.23174],[5.8163981,6.2307901],[5.8019009,6.2269568],[5.7937431,6.225956],[5.7846751,6.2258711],[5.7683821,6.2164779],[5.7592473,6.2023654],[5.7592195,6.2023711],[5.7592045,6.2022993],[5.7586406,6.2014282],[5.75851,6.20139],[5.758262,6.2013698],[5.7580669,6.2014061],[5.7579165,6.2015072],[5.7576359,6.2017052],[5.7574489,6.2017739],[5.7572294,6.2018022],[5.7568066,6.2017982],[5.7563228,6.2017578],[5.7560951,6.2017861],[5.7559528,6.2018669],[5.7557862,6.2020447],[5.7556601,6.2023115],[5.7555747,6.2024691],[5.7554284,6.202651],[5.755217,6.2028409],[5.7550015,6.202942],[5.7548104,6.202946],[5.7546925,6.2029056],[5.7545015,6.2027601],[5.7543185,6.2025338],[5.7542657,6.2023196],[5.7542779,6.2021943],[5.7543592,6.2020932],[5.7543958,6.2020205],[5.7543998,6.2018628],[5.7543673,6.2012162],[5.7543754,6.2007069],[5.7544138,6.2003402],[5.7544745,6.2001591],[5.7546846,6.1998945],[5.7549415,6.1995973],[5.7549975,6.1994441],[5.7549882,6.1992213],[5.7549321,6.1991145],[5.7547967,6.1990402],[5.754694,6.1990356],[5.7545585,6.1990959],[5.754283,6.1991284],[5.7539888,6.1991238],[5.753774,6.1990356],[5.7533817,6.1988452],[5.7530455,6.1985852],[5.7528618,6.1982563],[5.7527735,6.1980153],[5.7527574,6.197706],[5.7527896,6.1974287],[5.7528861,6.1970447],[5.752881,6.1969298],[5.752812,6.1967622],[5.7527681,6.1966821],[5.7525964,6.1965487],[5.7523926,6.1964634],[5.7521458,6.1964527],[5.7518025,6.1965167],[5.7514699,6.1966287],[5.7513713,6.1966415],[5.7512339,6.1966447],[5.7511051,6.1965914],[5.7509657,6.1965007],[5.7507404,6.1962501],[5.7506009,6.1959514],[5.7505365,6.1956208],[5.7505526,6.1954981],[5.7505762,6.1954073],[5.7506739,6.1952868],[5.7508402,6.1952494],[5.7510404,6.1952191],[5.7511943,6.1951641],[5.7513874,6.1950628],[5.7515257,6.1949812],[5.7514011,6.1948552],[5.7511409,6.1946693],[5.7509458,6.1943944],[5.7509051,6.1941358],[5.7509783,6.1939094],[5.7510857,6.1936805],[5.751149,6.1935457],[5.7513767,6.1932062],[5.7516775,6.1930041],[5.7519215,6.1929556],[5.7528159,6.1928828],[5.7531411,6.1928667],[5.7535558,6.1927535],[5.753881,6.1925272],[5.7540111,6.1923574],[5.7540355,6.1921796],[5.7539786,6.1920098],[5.753816,6.1919209],[5.7536371,6.1919694],[5.7533932,6.1920826],[5.7532062,6.1920987],[5.7528565,6.1920179],[5.7527264,6.1918562],[5.7526776,6.1917188],[5.7527346,6.1915248],[5.7531086,6.1910317],[5.7533444,6.1908135],[5.7537265,6.1906033],[5.7541495,6.1903818],[5.7542311,6.1903391],[5.7542642,6.1897961],[5.7537859,6.1895792],[5.7534593,6.1892117],[5.7533484,6.1889666],[5.7533299,6.1887338],[5.7533854,6.18855],[5.7537182,6.187968],[5.754168,6.1872819],[5.754322,6.1870185],[5.7544418,6.1868836],[5.7548981,6.179399],[5.7549119,6.1747799],[5.7558341,6.1701698],[5.7540488,6.1609149],[5.7540412,6.1609027],[5.7537945,6.160692],[5.7536312,6.1604408],[5.7535398,6.1600911],[5.7529667,6.1591634],[5.7522946,6.1590298],[5.7515168,6.1587364],[5.7512593,6.1585444],[5.7510286,6.1582618],[5.7507782,6.1579119],[5.7505017,6.1577744],[5.7501277,6.1576774],[5.7498106,6.1576612],[5.749526,6.1575723],[5.7492984,6.1574187],[5.7491926,6.1572409],[5.7491683,6.156966],[5.749217,6.1566103],[5.7492414,6.1563678],[5.7491601,6.156101],[5.7490788,6.1560444],[5.7488511,6.1559879],[5.7486804,6.1558666],[5.748534,6.1556322],[5.7484527,6.1553896],[5.748469,6.1551875],[5.7486479,6.1549046],[5.7489894,6.1547187],[5.749217,6.1546621],[5.7494203,6.1547267],[5.7497862,6.1549208],[5.7499407,6.1549288],[5.750022,6.1548318],[5.7500301,6.1547106],[5.7499651,6.1545731],[5.7495585,6.1541123],[5.7494366,6.1538617],[5.7493959,6.1536273],[5.7494363,6.1534491],[5.7494363,6.153449],[5.7477341,6.1506939],[5.745028,6.146049],[5.7444977,6.1421734],[5.744306,6.1420912],[5.7440132,6.1417274],[5.7439319,6.14159],[5.7439482,6.1413474],[5.7441108,6.1411777],[5.7442897,6.1410968],[5.7443476,6.1410766],[5.7441421,6.139575],[5.7441568,6.1349559],[5.7432728,6.1275568],[5.733357,6.1089869],[5.7306719,6.097877],[5.7292685,6.0967884],[5.729163,6.0969495],[5.7290285,6.0973648],[5.7290497,6.0975407],[5.7291346,6.0976745],[5.729255,6.0976956],[5.7293399,6.0976322],[5.7294886,6.0975548],[5.7296726,6.097597],[5.7296938,6.0977519],[5.7296089,6.097956],[5.7293258,6.0982023],[5.7290143,6.0982798],[5.7287878,6.0982516],[5.7284976,6.0981531],[5.7281932,6.0981179],[5.7276765,6.0980827],[5.7272872,6.0979701],[5.7269899,6.0977589],[5.7266289,6.097414],[5.7265227,6.0971536],[5.7264661,6.0969214],[5.7265935,6.0965835],[5.72682,6.0960134],[5.726997,6.0954644],[5.727004,6.0951125],[5.7269403,6.0948732],[5.7267775,6.0948028],[5.7265793,6.0947817],[5.7263387,6.0949506],[5.7259777,6.0952955],[5.725645,6.0954996],[5.7254185,6.0955348],[5.7252698,6.0956263],[5.7252911,6.0957178],[5.7253973,6.0958375],[5.7254964,6.0959993],[5.7254468,6.0961119],[5.7252911,6.0961823],[5.7250079,6.0962316],[5.7247106,6.0961542],[5.724378,6.0959501],[5.7242081,6.0956193],[5.7240878,6.0952744],[5.7240719,6.0948143],[5.7241202,6.0945636],[5.7241363,6.0944302],[5.724088,6.0943556],[5.7240129,6.0943822],[5.7239646,6.0944569],[5.7238305,6.0948143],[5.7237715,6.094905],[5.7236964,6.0949476],[5.7235944,6.0949423],[5.723514,6.0949156],[5.7229614,6.0947663],[5.7226503,6.0946009],[5.7222748,6.0943929],[5.7216364,6.0940995],[5.721218,6.0940035],[5.7211375,6.0939075],[5.7210785,6.0937368],[5.7210785,6.0935661],[5.721159,6.0934168],[5.7212395,6.0931341],[5.7212448,6.0929154],[5.721218,6.0927713],[5.7211536,6.0926113],[5.7208371,6.0923073],[5.7207352,6.0920779],[5.7207406,6.0919392],[5.7208479,6.0914111],[5.7208103,6.0909364],[5.7208479,6.0905737],[5.7209391,6.0903123],[5.7210839,6.0900349],[5.7214165,6.0896775],[5.7216793,6.0893682],[5.7217223,6.0891708],[5.7217008,6.0889681],[5.7215023,6.0886267],[5.7213789,6.0885414],[5.7212395,6.0885307],[5.7210517,6.0884347],[5.7210249,6.08836],[5.7210624,6.0882693],[5.7211429,6.0882],[5.7213146,6.08804],[5.7214433,6.0878373],[5.7216042,6.0875385],[5.7217545,6.0873518],[5.7219905,6.0870638],[5.7220549,6.0868931],[5.7220441,6.0867971],[5.7218993,6.0867064],[5.7215613,6.0868238],[5.7212663,6.0868504],[5.7209444,6.0868131],[5.7207728,6.0867491],[5.7206547,6.0866531],[5.7206333,6.086525],[5.7206655,6.0863704],[5.7208103,6.0860823],[5.720982,6.0858423],[5.7214433,6.0851222],[5.7216418,6.0847434],[5.7217759,6.084274],[5.7219154,6.0838953],[5.7220817,6.0836553],[5.7222909,6.0833352],[5.7223606,6.0831432],[5.722366,6.0829191],[5.7223231,6.0827218],[5.7221675,6.0825404],[5.7219154,6.0823324],[5.7214272,6.082023],[5.7207942,6.0815696],[5.7200003,6.0809615],[5.7197052,6.0807961],[5.7194692,6.0806894],[5.7192868,6.0805134],[5.7190883,6.0802253],[5.7190454,6.0800813],[5.7190454,6.079948],[5.7191098,6.0797666],[5.71926,6.0794946],[5.7192922,6.0793665],[5.7192385,6.0792759],[5.7190615,6.0792492],[5.7188738,6.0792812],[5.7187128,6.0794039],[5.7186002,6.0796866],[5.7184339,6.0798786],[5.7182354,6.0799853],[5.7179779,6.0800333],[5.717699,6.0799906],[5.7175273,6.0798946],[5.717361,6.0797293],[5.7171571,6.0794412],[5.7169479,6.0792972],[5.7165563,6.0790518],[5.7164383,6.0789078],[5.7163471,6.0787318],[5.716272,6.0785077],[5.7162237,6.0781663],[5.7161111,6.0779103],[5.7159341,6.0777716],[5.715816,6.0777609],[5.7154083,6.0778303],[5.7149095,6.0778729],[5.7147485,6.0778783],[5.714609,6.0778143],[5.714491,6.0776756],[5.7144213,6.0775315],[5.714432,6.0774249],[5.7144749,6.0773288],[5.7145608,6.0772382],[5.7146305,6.0771368],[5.7146681,6.0770301],[5.7146841,6.0767954],[5.7147271,6.0766301],[5.7149255,6.076054],[5.7150972,6.0755845],[5.7151133,6.0752858],[5.7150489,6.0751151],[5.7148344,6.0748217],[5.7146466,6.0747417],[5.7140404,6.074555],[5.7139117,6.0744643],[5.7138258,6.0743043],[5.7138312,6.0741016],[5.7139063,6.0739682],[5.7140726,6.0737975],[5.7143194,6.0735202],[5.7143462,6.0734028],[5.7143301,6.0732855],[5.714196,6.0732108],[5.713976,6.0730988],[5.7138473,6.0729974],[5.7135362,6.072496],[5.7134128,6.0722026],[5.7133323,6.0721172],[5.713225,6.0721546],[5.7131553,6.0723253],[5.7130641,6.072432],[5.7128656,6.0725547],[5.7123721,6.0726133],[5.712179,6.0725333],[5.7120609,6.0724053],[5.7120609,6.0722773],[5.712077,6.0720586],[5.7121414,6.0718825],[5.7121843,6.0717812],[5.7121897,6.0716638],[5.7121468,6.0715838],[5.7119698,6.0714078],[5.7115406,6.0710184],[5.7111007,6.0707303],[5.7106126,6.0703836],[5.7102049,6.0700582],[5.7099205,6.0697861],[5.7095933,6.0693754],[5.7094431,6.0691193],[5.7092983,6.0689967],[5.7091749,6.068954],[5.7090461,6.0690073],[5.7089979,6.069098],[5.708853,6.0693434],[5.7086116,6.0695088],[5.708043,6.0698075],[5.7079035,6.0698501],[5.7077587,6.0698395],[5.7075978,6.0697861],[5.70741,6.0696634],[5.7071686,6.0695301],[5.7068414,6.0693861],[5.7065356,6.0693114],[5.7059241,6.0693733],[5.7058069,6.0693791],[5.7056547,6.069358],[5.7054096,6.0692943],[5.7052783,6.0692242],[5.7051841,6.0691947],[5.7050522,6.0691632],[5.7049475,6.0691142],[5.7048982,6.0690407],[5.7048859,6.0689488],[5.7048674,6.0686669],[5.7047996,6.068575],[5.7046702,6.0685015],[5.7044175,6.0684647],[5.7041033,6.0684831],[5.7037089,6.0685811],[5.703407,6.0685995],[5.7032098,6.0685872],[5.7030003,6.0685076],[5.7028462,6.0683728],[5.702686,6.0681706],[5.7026182,6.068048],[5.7025381,6.0677907],[5.702421,6.0674108],[5.7023532,6.0672453],[5.7022546,6.0671411],[5.7021067,6.0670676],[5.7018603,6.0670186],[5.7016692,6.0669022],[5.7015706,6.0667428],[5.701546,6.0666203],[5.7015522,6.0663446],[5.7014597,6.0659769],[5.7013673,6.0658421],[5.7012872,6.0657624],[5.7011455,6.0657318],[5.7008682,6.0657992],[5.7006895,6.0657992],[5.7004676,6.0657563],[5.7002704,6.0656521],[5.7000843,6.0655581],[5.699702,6.0652202],[5.6993835,6.065002],[5.6991004,6.0649316],[5.6988455,6.0649527],[5.6984707,6.0650103],[5.6981451,6.064947],[5.6979965,6.0648203],[5.6978761,6.0646725],[5.697862,6.0645458],[5.6979115,6.0643276],[5.697954,6.064046],[5.6979469,6.0638841],[5.6978832,6.0637997],[5.6975081,6.0636237],[5.6972108,6.0633985],[5.6970267,6.063124],[5.6970055,6.0627931],[5.6970409,6.0625468],[5.6971895,6.0621878],[5.6973594,6.0619274],[5.6976921,6.0615965],[5.6979894,6.0612868],[5.6980814,6.0611601],[5.6981239,6.0609912],[5.698131,6.060766],[5.6980036,6.0604985],[5.6978337,6.0603859],[5.6976284,6.0603507],[5.6968215,6.0603859],[5.6965666,6.0603366],[5.696326,6.0601888],[5.6962127,6.0599143],[5.696241,6.0596257],[5.6962764,6.0594356],[5.6962127,6.0593441],[5.696057,6.059323],[5.6957243,6.059499],[5.6955898,6.059499],[5.6953209,6.0594075],[5.695151,6.0592596],[5.6951085,6.0591118],[5.6951297,6.0589851],[5.6952501,6.0588443],[5.6952713,6.0587458],[5.6951864,6.0586261],[5.6948961,6.0585417],[5.694429,6.0583375],[5.6940467,6.0580208],[5.6938485,6.0577956],[5.6937778,6.0575774],[5.6937707,6.0573028],[5.6937707,6.0570565],[5.6936362,6.0567186],[5.6933153,6.0564601],[5.6931114,6.0563427],[5.6929612,6.0563374],[5.6927842,6.05638],[5.6923551,6.0566148],[5.6920171,6.0566948],[5.6918401,6.0566948],[5.6916148,6.0565988],[5.6914163,6.056412],[5.6913197,6.0561293],[5.6913304,6.0557986],[5.6914431,6.0549931],[5.6914216,6.0547264],[5.6913304,6.054561],[5.6911856,6.054513],[5.6907833,6.054529],[5.6901395,6.054753],[5.6895441,6.0549504],[5.6893081,6.0551264],[5.6891632,6.0553185],[5.6891632,6.0554305],[5.6892276,6.0555265],[5.6893885,6.0556492],[5.689587,6.0558679],[5.6897748,6.0561347],[5.6898016,6.056268],[5.6897265,6.0563854],[5.6895548,6.0564654],[5.6892866,6.0564921],[5.6887072,6.0565081],[5.6880582,6.0566254],[5.687629,6.0567748],[5.687291,6.0569082],[5.6871355,6.0569988],[5.6869906,6.0570095],[5.6869048,6.0569775],[5.6867761,6.0568548],[5.6867278,6.0566414],[5.6866044,6.0561987],[5.6864864,6.0559319],[5.6862664,6.0557346],[5.6861377,6.0557239],[5.6859124,6.0558146],[5.6857944,6.0558146],[5.6856978,6.0557506],[5.6855154,6.0555425],[5.6854081,6.0553078],[5.6853384,6.0549717],[5.6852526,6.0539155],[5.6851882,6.0537341],[5.6850702,6.0536595],[5.6849146,6.0536648],[5.6848341,6.0537661],[5.6846357,6.0543049],[5.6845069,6.0544863],[5.6843889,6.054609],[5.6842548,6.0546517],[5.6840617,6.0546197],[5.6838739,6.0545236],[5.6837398,6.0544009],[5.6832785,6.0538568],[5.683021,6.0536755],[5.6827635,6.0535901],[5.6826025,6.0536168],[5.6825006,6.0537448],[5.6824899,6.0539155],[5.6825435,6.0540382],[5.682742,6.0542196],[5.6830371,6.0544916],[5.6831014,6.0546197],[5.6831122,6.054753],[5.6830424,6.0549504],[5.6829029,6.0551211],[5.6826776,6.0552491],[5.6820983,6.0553398],[5.6815672,6.0553345],[5.6812614,6.0552705],[5.6810737,6.0551691],[5.6809986,6.0550571],[5.6809557,6.0549024],[5.6810254,6.054609],[5.6810844,6.0541716],[5.6810683,6.0539155],[5.6809449,6.0536221],[5.6807947,6.0534781],[5.6805802,6.0533661],[5.6802315,6.0532327],[5.6800866,6.0531313],[5.6800115,6.0530033],[5.680033,6.0528379],[5.6801295,6.0525339],[5.6802744,6.0523792],[5.6804675,6.0522671],[5.6808481,6.0521811],[5.6810148,6.0521245],[5.6811286,6.0520234],[5.6811489,6.0519183],[5.6811083,6.0518657],[5.6807952,6.0517929],[5.6805838,6.0516959],[5.6803968,6.0515423],[5.6802911,6.0513523],[5.680222,6.0510329],[5.6801814,6.0507499],[5.6800878,6.050665],[5.6799821,6.0506205],[5.6798683,6.0506327],[5.6795512,6.0509278],[5.6792016,6.0510935],[5.67873,6.0512512],[5.6783275,6.0512997],[5.6779941,6.0512472],[5.677677,6.0511138],[5.6772745,6.0508186],[5.6769981,6.0507216],[5.676685,6.0507054],[5.6765102,6.0507378],[5.6761484,6.0508752],[5.6759329,6.0508995],[5.6757297,6.0508954],[5.6755305,6.050855],[5.6752012,6.0507297],[5.6749206,6.0506933],[5.6746442,6.0507135],[5.6742539,6.050855],[5.6735302,6.0511299],[5.6729733,6.0512836],[5.6723878,6.0513968],[5.6716235,6.0516151],[5.6709527,6.0518576],[5.6706844,6.0519344],[5.6703185,6.0519547],[5.6700868,6.0519021],[5.6697372,6.0517768],[5.6695339,6.0517525],[5.669356,6.0517679],[5.6693559,6.0517679],[5.6689301,6.0520301],[5.6688839,6.0519543],[5.668759,6.0520301],[5.6684778,6.0522347],[5.6680702,6.052446],[5.6677466,6.0525797],[5.667547,6.0526469],[5.6671874,6.0527537],[5.6669446,6.0528559],[5.6666551,6.0530231],[5.66609,6.0533899],[5.6662815,6.0537196],[5.6662721,6.0538868],[5.6661974,6.0540261],[5.666104,6.0541283],[5.6660713,6.0542073],[5.666076,6.0543094],[5.666048,6.0548156],[5.6659125,6.055345],[5.6658051,6.0554983],[5.6657162,6.0555755],[5.6656262,6.055596],[5.6655155,6.0555022],[5.6654553,6.0553684],[5.6653775,6.0550693],[5.665335,6.0549919],[5.6652571,6.0549179],[5.6651793,6.0548792],[5.6650872,6.0548863],[5.6649598,6.0548968],[5.6648961,6.0548828],[5.6648289,6.0548546],[5.6647106,6.0547658],[5.6646685,6.0547055],[5.6646498,6.0546219],[5.6646498,6.0545615],[5.6647199,6.0544361],[5.6648553,6.0541946],[5.66493,6.05406],[5.6649674,6.0539299],[5.6649674,6.0537395],[5.6648974,6.0535863],[5.6647887,6.0534831],[5.6646644,6.0534197],[5.6644521,6.0532437],[5.6643787,6.0531679],[5.6642826,6.0529202],[5.6641896,6.0528002],[5.6636652,6.0522521],[5.6635674,6.052181],[5.6634276,6.0521517],[5.663302,6.0522034],[5.6631392,6.0523935],[5.6629977,6.0527314],[5.6629764,6.0529988],[5.6630684,6.0533156],[5.6631844,6.0534512],[5.6631817,6.053562],[5.6630968,6.0536042],[5.6629056,6.053562],[5.6624951,6.0532452],[5.6622969,6.0531115],[5.661766,6.0526187],[5.6616386,6.0526399],[5.6606193,6.0536605],[5.660499,6.0537239],[5.6603787,6.0537239],[5.6595222,6.053027],[5.6593806,6.0529707],[5.6592957,6.0530059],[5.658425,6.0543362],[5.6582693,6.0544277],[5.6581065,6.0544418],[5.6577455,6.0542307],[5.6577101,6.054111],[5.6580499,6.0535056],[5.6588773,6.0523269],[5.6590479,6.0520838],[5.6592815,6.0518937],[5.6593948,6.0518585],[5.6595151,6.0519008],[5.6607609,6.0528369],[5.6608741,6.0528651],[5.6609874,6.052851],[5.661405,6.0524287],[5.6614758,6.0522949],[5.6614829,6.0518585],[5.6614333,6.0511758],[5.6613413,6.0507534],[5.6608246,6.0493597],[5.6608104,6.0491063],[5.6608529,6.0488951],[5.6610157,6.0486136],[5.6613342,6.0482616],[5.6613838,6.0480505],[5.6613838,6.0478393],[5.6613272,6.0476211],[5.6611502,6.0473325],[5.6609874,6.0472128],[5.6608812,6.0472128],[5.660775,6.0473325],[5.6606901,6.0477407],[5.6604848,6.048156],[5.6603645,6.0483602],[5.6602866,6.0485009],[5.6598973,6.0488811],[5.659685,6.0491767],[5.6594797,6.0495216],[5.659232,6.0496905],[5.6594514,6.0494723],[5.659593,6.0492189],[5.6597558,6.0489022],[5.6599539,6.048691],[5.660138,6.0485291],[5.6601592,6.0484376],[5.6601168,6.0483461],[5.6600247,6.0483109],[5.6598832,6.0482616],[5.6595717,6.0478956],[5.6593735,6.0475366],[5.6593235,6.0472125],[5.6593235,6.0465994],[5.6592208,6.0462651],[5.6586448,6.0451894],[5.6583978,6.0447181],[5.657874,6.0438786],[5.6577138,6.0435784],[5.657455,6.0428614],[5.657227,6.0424324],[5.657036,6.042169],[5.656734,6.0419729],[5.6562904,6.0417645],[5.6559391,6.0416052],[5.6558097,6.0414765],[5.6556064,6.0411579],[5.65544,6.0407534],[5.6552736,6.0398404],[5.6551072,6.0393869],[5.655021,6.0391969],[5.6548238,6.0389886],[5.6542754,6.0386454],[5.6541706,6.0385412],[5.6541151,6.0384126],[5.6539549,6.0374443],[5.6538872,6.0372176],[5.6537762,6.0370399],[5.6534989,6.0368377],[5.6523405,6.0363536],[5.6503501,6.0355569],[5.6500297,6.035367],[5.6497401,6.0351035],[5.6495429,6.0348155],[5.6492409,6.0340862],[5.6490684,6.0338779],[5.6488527,6.0337308],[5.6485323,6.0336144],[5.6477374,6.0335531],[5.6474724,6.0335041],[5.6470657,6.0333019],[5.6469117,6.0331425],[5.6468131,6.0329342],[5.6466837,6.0325665],[5.646468,6.0321804],[5.646277,6.0319598],[5.6460058,6.031776],[5.6454725,6.0315114],[5.6452017,6.0313024],[5.6450102,6.0310702],[5.6449716,6.0309832],[5.6433945,6.0307019],[5.6432683,6.0311166],[5.6431515,6.0314138],[5.6429227,6.0316646],[5.6426285,6.0318225],[5.642339,6.0318411],[5.6420027,6.0316832],[5.6418159,6.0314231],[5.6417365,6.0311212],[5.6417132,6.0308426],[5.6417926,6.0305454],[5.6418492,6.0304262],[5.6393675,6.0299835],[5.6393764,6.030056],[5.6394401,6.0303587],[5.6394613,6.0307388],[5.6393905,6.0309852],[5.6392136,6.0312034],[5.6389871,6.0313301],[5.6386685,6.0313653],[5.6382721,6.031302],[5.6379041,6.031302],[5.6376988,6.0313442],[5.6373449,6.031478],[5.636906,6.0316328],[5.6365238,6.0316962],[5.6361699,6.0316962],[5.6358584,6.0316187],[5.6355894,6.0316258],[5.6353063,6.0317384],[5.6348462,6.0320481],[5.6345914,6.032203],[5.6343861,6.0322523],[5.6340463,6.0322804],[5.6337774,6.0322452],[5.6335933,6.0321537],[5.6333597,6.0319989],[5.6331191,6.0318158],[5.6328784,6.0317877],[5.6326307,6.031851],[5.6323051,6.0320059],[5.6316892,6.032386],[5.6312079,6.0326042],[5.6306983,6.0327521],[5.6298276,6.032914],[5.6288296,6.0330477],[5.6285323,6.0331392],[5.6281925,6.0333011],[5.6275342,6.0336531],[5.6269042,6.0339698],[5.6265149,6.0341951],[5.6263663,6.0343922],[5.6262884,6.0346386],[5.6261398,6.0396786],[5.6260548,6.0426983],[5.6260902,6.0428954],[5.6261893,6.0432755],[5.6262389,6.0441554],[5.6262318,6.0447256],[5.6260478,6.0455914],[5.6260761,6.0457251],[5.6261893,6.0459222],[5.6262035,6.0459996],[5.6261681,6.0463798],[5.626246,6.046429],[5.6263875,6.0464361],[5.62643,6.0465135],[5.6263804,6.0466754],[5.6262389,6.0467317],[5.6254886,6.0466824],[5.625439,6.046598],[5.6254249,6.0464501],[5.6254673,6.0460208],[5.6255661,6.0435583],[5.6259416,6.0341951],[5.6259274,6.0339628],[5.6258354,6.0337587],[5.6256514,6.0336179],[5.6252762,6.0335404],[5.6248374,6.0335686],[5.6240587,6.033822],[5.6236623,6.0338994],[5.6233155,6.0338994],[5.6228412,6.0337657],[5.6224307,6.03347],[5.6220697,6.0330618],[5.6217866,6.0329069],[5.6214751,6.0328717],[5.6209655,6.0328858],[5.6204346,6.0327872],[5.6195781,6.0324001],[5.6191676,6.0322452],[5.6186367,6.0321819],[5.6183182,6.03221],[5.6179359,6.0323438],[5.6174334,6.0324986],[5.6171077,6.0325057],[5.6167963,6.0324564],[5.6164919,6.0322804],[5.6161946,6.0320552],[5.615508,6.0317595],[5.6150055,6.0315202],[5.6146091,6.0311471],[5.6142056,6.0305981],[5.613972,6.0302813],[5.6137243,6.0301123],[5.613427,6.0300138],[5.6128395,6.0299575],[5.6125209,6.0299223],[5.6122874,6.0298026],[5.6120821,6.0295633],[5.6119759,6.0292958],[5.611891,6.0287397],[5.6117211,6.0284089],[5.6115441,6.028261],[5.6112114,6.0281625],[5.6106593,6.0281766],[5.6104541,6.0281202],[5.6102134,6.0279795],[5.6100081,6.0277683],[5.6097108,6.0272896],[5.609548,6.027008],[5.6092083,6.0267054],[5.6088119,6.0264238],[5.6085641,6.0261915],[5.6080403,6.0255439],[5.6076015,6.0250722],[5.6071128,6.0246572],[5.6067518,6.0244284],[5.6062139,6.0241434],[5.6055733,6.0238266],[5.6051557,6.0235415],[5.6048668,6.0232286],[5.604526,6.0228433],[5.6044263,6.0227624],[5.6041627,6.0226493],[5.6041626,6.0226493],[5.6040996,6.0226486],[5.6039487,6.0226903],[5.6034178,6.0228945],[5.6030922,6.0229719],[5.6027525,6.0230071],[5.6023419,6.0230493],[5.6019738,6.0231479],[5.601089,6.0234576],[5.600544,6.0236336],[5.5999423,6.0236758],[5.5995884,6.0236406],[5.5991708,6.0234928],[5.5976914,6.0227537],[5.5971605,6.0225003],[5.5968632,6.0224017],[5.5960988,6.0223524],[5.5955608,6.0222891],[5.595214,6.0221553],[5.5944849,6.0217823],[5.5941735,6.0216837],[5.5932391,6.0215922],[5.5927436,6.0214584],[5.5922552,6.021198],[5.5906909,6.0199239],[5.5902166,6.0195297],[5.5897919,6.0193255],[5.5888717,6.019058],[5.5879162,6.0187483],[5.5869676,6.018347],[5.5865217,6.0182063],[5.5859059,6.0181359],[5.5854458,6.0181007],[5.5851273,6.0180021],[5.584738,6.0177769],[5.5845044,6.0175375],[5.5842,6.0170096],[5.584023,6.0168758],[5.5836676,6.0168361],[5.5817809,6.0166782],[5.5812299,6.0165482],[5.5806881,6.0163253],[5.5803332,6.0161859],[5.5799876,6.0161859],[5.579063,6.0162974],[5.5782037,6.016381],[5.5775873,6.016381],[5.5771296,6.0162788],[5.5762983,6.015963],[5.5758967,6.0158422],[5.5753083,6.0157679],[5.5749067,6.0156843],[5.5745518,6.0155079],[5.5742062,6.0150992],[5.57401,6.0146998],[5.573898,6.0142632],[5.5737205,6.0137709],[5.5733684,6.0131002],[5.5729456,6.0124776],[5.5723521,6.0118711],[5.5718967,6.0114102],[5.5716447,6.0109897],[5.5713763,6.0102781],[5.5711568,6.0099385],[5.5707259,6.0094533],[5.5705145,6.0091299],[5.5703681,6.0087094],[5.5702705,6.0081433],[5.5702543,6.0075692],[5.5701404,6.0071002],[5.5698884,6.0063401],[5.5698233,6.0060247],[5.5698396,6.00558],[5.5700185,6.0045935],[5.5700673,6.0042862],[5.5700429,6.003987],[5.5697583,6.0029358],[5.5697258,6.0026932],[5.5697664,6.0024425],[5.5699778,6.0016015],[5.5700347,6.0010921],[5.5700754,5.9997659],[5.5701404,5.9994586],[5.5703518,5.9990866],[5.5706446,5.9986015],[5.570799,5.9983508],[5.5709617,5.9979869],[5.5714333,5.9961674],[5.5714983,5.995755],[5.5714495,5.9953184],[5.571295,5.994817],[5.5703274,5.993135],[5.569246,5.9915905],[5.5688151,5.9910002],[5.5684899,5.9907333],[5.5680894,5.990424],[5.5680893,5.9904239],[5.56108,5.9894118],[5.5463276,5.9853616],[5.5365968,5.989902],[5.5353898,5.9939183],[5.5357866,5.9942209],[5.536282,5.9946925],[5.5365652,5.9952064],[5.536643,5.9955232],[5.5366218,5.9959667],[5.5363953,5.99672],[5.535921,5.9978463],[5.5356804,5.9983461],[5.5353618,5.9987052],[5.534923,5.9989727],[5.5345124,5.9991134],[5.5342435,5.9991475],[5.534109,5.9991275],[5.5338397,5.9990764],[5.5323067,6.0041776],[5.5345984,6.0097432],[5.5326338,6.0117078],[5.528378,6.0120349],[5.5234671,6.0126901],[5.5201433,6.0155021],[5.5201433,6.0155022],[5.5201761,6.0156782],[5.52017,6.0159662],[5.5200221,6.0163768],[5.5196524,6.0169222],[5.519221,6.0172899],[5.5188205,6.0175473],[5.5182659,6.0178476],[5.5179957,6.0180126],[5.5152822,6.0218568],[5.5188832,6.0274224],[5.5165915,6.0303693],[5.51299,6.0352802],[5.5057874,6.0359349],[5.5008764,6.0365896],[5.497832,6.041572],[5.4982283,6.0422954],[5.4991981,6.0437314],[5.4998917,6.0450406],[5.5002315,6.0454418],[5.5005642,6.045646],[5.5009393,6.0457445],[5.501272,6.0457445],[5.5015552,6.0456741],[5.5017038,6.0454982],[5.5018171,6.0450547],[5.5018666,6.0433864],[5.5019303,6.0430345],[5.502079,6.0427107],[5.5027726,6.0417604],[5.5030629,6.0414296],[5.5037353,6.0410495],[5.5042803,6.0408031],[5.5046909,6.0406905],[5.5050802,6.0407398],[5.5056889,6.0409439],[5.5062835,6.0413099],[5.5067153,6.0417393],[5.5070055,6.0422884],[5.5074585,6.0432457],[5.5076709,6.0440763],[5.5077346,6.0444986],[5.5077063,6.0450195],[5.5076001,6.0453855],[5.5073028,6.0457868],[5.5068498,6.0460894],[5.5061632,6.046364],[5.5055545,6.0465892],[5.5052996,6.0466948],[5.5049528,6.0469975],[5.5046909,6.0474339],[5.5045918,6.0477788],[5.5046201,6.0481167],[5.50479,6.0484686],[5.5050165,6.0487009],[5.5060216,6.049081],[5.5071542,6.0494963],[5.5078974,6.0497849],[5.5081876,6.049989],[5.5084212,6.0502776],[5.508768,6.0509041],[5.509122,6.0519036],[5.5093272,6.0523752],[5.5096599,6.0528257],[5.5100846,6.0531143],[5.510658,6.0533396],[5.5110331,6.0533888],[5.5114083,6.0533466],[5.5118401,6.0531003],[5.5120241,6.0527553],[5.5120524,6.0524245],[5.5119816,6.0521922],[5.5115357,6.051608],[5.5110119,6.0509534],[5.5106792,6.0503339],[5.510481,6.0497427],[5.5104385,6.0491866],[5.5105376,6.0485109],[5.5107004,6.047997],[5.510927,6.0476028],[5.5112809,6.0471523],[5.5115923,6.0468637],[5.5119522,6.0466563],[5.5123931,6.046445],[5.5126553,6.0463631],[5.5138816,6.0462405],[5.5141589,6.0462222],[5.5145902,6.0463447],[5.5150647,6.0466695],[5.5155207,6.0470678],[5.5158473,6.0473007],[5.5161739,6.0474416],[5.5165436,6.0475335],[5.5170366,6.0477235],[5.5176405,6.0480544],[5.5178808,6.0483546],[5.5179794,6.0486304],[5.5180472,6.0490103],[5.5180163,6.0494147],[5.5179178,6.0497089],[5.5176035,6.050052],[5.5166977,6.0506158],[5.5161677,6.0508732],[5.5154468,6.0512163],[5.5151818,6.0514553],[5.5150401,6.0516881],[5.5149353,6.0520007],[5.5147874,6.0529321],[5.5147751,6.0531159],[5.5148614,6.0534407],[5.5150401,6.05379],[5.5155453,6.0545069],[5.5159212,6.0551748],[5.5163526,6.0563575],[5.5166977,6.0573624],[5.5168271,6.0577975],[5.5168887,6.058159],[5.5168791,6.0584818],[5.5168308,6.0587805],[5.5166914,6.0590846],[5.5163212,6.0593033],[5.515935,6.0593833],[5.5155112,6.0593833],[5.5150391,6.0592126],[5.5144115,6.0589352],[5.5140467,6.0588658],[5.5134566,6.0588819],[5.5129631,6.0589299],[5.5117722,6.0591646],[5.5113216,6.0591806],[5.5108227,6.0590846],[5.5100878,6.0588125],[5.5088486,6.058231],[5.5083443,6.0580657],[5.5079742,6.0580017],[5.507486,6.0580497],[5.5070622,6.0582364],[5.5066921,6.0586151],[5.5065043,6.0589725],[5.5064936,6.0594153],[5.5065741,6.059794],[5.5067833,6.0603115],[5.5071534,6.0609303],[5.5074056,6.0615651],[5.507486,6.0619011],[5.5075611,6.0622425],[5.507647,6.0631601],[5.5077382,6.0639389],[5.507824,6.0643283],[5.5081083,6.0652351],[5.5082961,6.0656566],[5.5086018,6.0660726],[5.508913,6.0663127],[5.5094226,6.0665581],[5.5099215,6.0668568],[5.5102326,6.0670968],[5.5105384,6.0674756],[5.510753,6.067769],[5.5108924,6.068105],[5.51093,6.0684571],[5.5108924,6.0687825],[5.5107744,6.0690812],[5.5104204,6.06938],[5.5100288,6.069524],[5.5096908,6.0695293],[5.5090793,6.0694706],[5.5082961,6.0693586],[5.5079474,6.0693906],[5.507706,6.069476],[5.5075611,6.0695827],[5.5074324,6.0697587],[5.5073197,6.0700681],[5.5072554,6.0706709],[5.5072554,6.0716897],[5.5072017,6.0722338],[5.5071481,6.0726179],[5.5069818,6.0730926],[5.5066277,6.0738021],[5.5062898,6.0744102],[5.5061074,6.074917],[5.5060323,6.075301],[5.5060215,6.0756798],[5.5060537,6.0760692],[5.5062308,6.0765759],[5.5064346,6.076896],[5.5066438,6.07704],[5.5068477,6.0770987],[5.5070086,6.077104],[5.5072232,6.077008],[5.5075021,6.076768],[5.5081619,6.0759732],[5.5083873,6.0757011],[5.5086662,6.0755304],[5.5090203,6.0754184],[5.5093207,6.0754291],[5.5095084,6.0754717],[5.5100288,6.0756851],[5.5103614,6.0757705],[5.5107959,6.0758185],[5.5115844,6.0759145],[5.5123128,6.0761554],[5.5126332,6.0763209],[5.5128982,6.0766211],[5.5130646,6.0770684],[5.5131632,6.0775035],[5.5131632,6.0781714],[5.5131385,6.0785206],[5.5129845,6.0792192],[5.5128427,6.0799545],[5.5128058,6.080365],[5.5128427,6.0808736],[5.5129845,6.0813331],[5.5132618,6.0817375],[5.5134836,6.0819336],[5.5135539,6.0820105],[5.5136003,6.0820832],[5.5138221,6.0825918],[5.5140132,6.0831249],[5.5140748,6.083419],[5.5140748,6.0837621],[5.5140748,6.0841727],[5.5141549,6.0847609],[5.5141426,6.0854472],[5.5140501,6.0857842],[5.5139146,6.0860293],[5.5134894,6.0863172],[5.5130149,6.0865133],[5.512676,6.086642],[5.5124172,6.0867462],[5.5122077,6.0869606],[5.5120228,6.0872547],[5.5119057,6.0876346],[5.5117825,6.0881922],[5.5116469,6.0885415],[5.5113388,6.08905],[5.5109198,6.0895402],[5.5108395,6.089649],[5.5107058,6.089754],[5.5126496,6.0897722],[5.5152312,6.0917739],[5.5152913,6.0917743],[5.5157209,6.0918254],[5.5159324,6.0918892],[5.5160877,6.0919877]],[[5.6340454,6.2371119],[5.6344745,6.2370693],[5.6344745,6.2371717],[5.6340883,6.2372314],[5.6340454,6.2371119]],[[5.6333673,6.2373508],[5.6336334,6.2373252],[5.6336506,6.2374874],[5.6334017,6.2375129],[5.6333673,6.2373508]],[[5.6337364,6.2375215],[5.6340111,6.2375044],[5.6340282,6.2376324],[5.6337879,6.2376836],[5.6337364,6.2375215]],[[5.6334017,6.2376239],[5.6336677,6.2375727],[5.6336849,6.2377263],[5.6334188,6.2377519],[5.6334017,6.2376239]],[[5.634054,6.2376751],[5.6340969,6.2378286],[5.633848,6.2378969],[5.6337965,6.2377689],[5.634054,6.2376751]],[[5.6337107,6.2377945],[5.6337364,6.2379396],[5.6334532,6.2379993],[5.6334274,6.2378628],[5.6337107,6.2377945]],[[5.6309518,6.3124869],[5.6311448,6.3125083],[5.6311319,6.3126234],[5.6309389,6.312602],[5.6309518,6.3124869]],[[5.6309453,6.3128504],[5.6310947,6.3128689],[5.6310705,6.3130615],[5.6309211,6.3130429],[5.6309453,6.3128504]],[[5.6608872,6.1071034],[5.6609362,6.1070839],[5.6611485,6.1071391],[5.6611485,6.1071976],[5.6610913,6.1075125],[5.6610603,6.1075466],[5.6608105,6.1074898],[5.660804,6.107446],[5.6608872,6.1071034]],[[5.6379309,6.2225665],[5.6379175,6.2225265],[5.6379014,6.2224545],[5.6378961,6.2223905],[5.6378746,6.2223478],[5.6378505,6.2223052],[5.6378531,6.2222065],[5.6378478,6.2221319],[5.6378853,6.2220785],[5.6379041,6.2220465],[5.6379215,6.2220585],[5.6379417,6.2220799],[5.6379591,6.2220759],[5.6379805,6.2220732],[5.637998,6.2220865],[5.6380208,6.2221079],[5.6380476,6.2221105],[5.6380664,6.2220905],[5.6380784,6.2220652],[5.6381053,6.2220719],[5.6381281,6.2220892],[5.6381442,6.2221279],[5.6381723,6.2221559],[5.6382112,6.2221865],[5.6382246,6.2222305],[5.6381817,6.2222358],[5.6381334,6.2222585],[5.638116,6.2222332],[5.6381415,6.2222212],[5.6381683,6.2221932],[5.6381442,6.2221745],[5.6381187,6.2221719],[5.6380919,6.2221625],[5.638061,6.2221559],[5.6380664,6.2222079],[5.6380704,6.2222412],[5.6380597,6.2222678],[5.6380449,6.2223198],[5.6380597,6.2223772],[5.6381093,6.2224358],[5.6381375,6.2224825],[5.6381214,6.2225225],[5.6380865,6.2225372],[5.6380932,6.2224812],[5.6380449,6.2224745],[5.6380409,6.2225238],[5.6380342,6.2225878],[5.6380463,6.2226331],[5.638065,6.2226598],[5.6380932,6.2226785],[5.6381106,6.2227078],[5.6381133,6.2227371],[5.6380865,6.2227531],[5.6380597,6.2227798],[5.6380624,6.2228171],[5.6380516,6.2228305],[5.6380342,6.2228251],[5.6380074,6.2228118],[5.6379846,6.2228305],[5.6379631,6.2228598],[5.637939,6.2228465],[5.6379443,6.2227905],[5.6379792,6.2227558],[5.6380087,6.2227051],[5.6379899,6.2226625],[5.6379604,6.2226438],[5.637939,6.2226171],[5.6379309,6.2225665]],[[5.6340626,6.2372911],[5.6344917,6.2372655],[5.6345089,6.2374106],[5.6340883,6.2374191],[5.6340626,6.2372911]],[[5.634526,6.2374874],[5.634526,6.2375727],[5.6341141,6.2375897],[5.6340969,6.2374703],[5.634526,6.2374874]],[[5.6345432,6.2376324],[5.634569,6.2377689],[5.6341741,6.2378116],[5.6341398,6.237658],[5.6345432,6.2376324]],[[5.6899644,6.3286174],[5.689252,6.3291634],[5.6889344,6.328771],[5.6904021,6.3278582],[5.6905995,6.3281653],[5.6899644,6.3286174]]],[[[5.7539807,6.1886803],[5.7540727,6.1888562],[5.7541505,6.1889547],[5.7543086,6.189067],[5.7543994,6.1875779],[5.7542709,6.1877655],[5.7540868,6.1880962],[5.7539736,6.1884481],[5.7539807,6.1886803]]],[[[5.7531029,6.1917344],[5.753195,6.1917977],[5.7533578,6.1918048],[5.7535135,6.1917063],[5.7538462,6.1915514],[5.7539807,6.1915444],[5.7541536,6.1916101],[5.7542057,6.1907549],[5.7539877,6.1908548],[5.7535984,6.191094],[5.7532303,6.1914459],[5.7530959,6.1916429],[5.7531029,6.1917344]]],[[[5.7533931,6.1930855],[5.7529543,6.1931207],[5.7522748,6.193177],[5.7518005,6.1932755],[5.7516023,6.1934022],[5.7515032,6.193557],[5.7515315,6.1936415],[5.7516165,6.1937259],[5.7517439,6.1937752],[5.7519775,6.1938174],[5.7521544,6.1938878],[5.7522818,6.1940003],[5.7523243,6.1941903],[5.7523526,6.1944648],[5.7522818,6.1946548],[5.7521332,6.1949644],[5.7519279,6.1951826],[5.7517085,6.1953444],[5.7511139,6.1955485],[5.750944,6.195647],[5.7509016,6.1957666],[5.7509511,6.1958863],[5.7510927,6.1960974],[5.7512059,6.1961959],[5.7513475,6.1962241],[5.7514961,6.1961748],[5.7517722,6.19602],[5.7519562,6.1959285],[5.7520978,6.1959004],[5.7523031,6.1959074],[5.752565,6.1959707],[5.7528693,6.1960763],[5.7530888,6.1963155],[5.7531879,6.1965829],[5.7531949,6.1969857],[5.7531359,6.1975296],[5.7531413,6.1978496],[5.7531949,6.1981163],[5.7532861,6.1982923],[5.75349,6.1984843],[5.7537743,6.1986336],[5.7540908,6.1987456],[5.7543376,6.1987829],[5.7544931,6.1987616],[5.7546433,6.1986976],[5.7548043,6.1986069],[5.7549277,6.1986069],[5.7550671,6.1986602],[5.7552334,6.1987616],[5.7553085,6.1988896],[5.75533,6.1990976],[5.7552924,6.1994655],[5.7552334,6.1997109],[5.7550993,6.1999455],[5.7548955,6.2002495],[5.7547989,6.2004521],[5.7547506,6.2006655],[5.7546916,6.2013588],[5.7546916,6.2017267],[5.7546594,6.2019721],[5.7546058,6.2022014],[5.7546058,6.2023507],[5.7546433,6.2024627],[5.7547292,6.2025214],[5.7548955,6.2025107],[5.7550189,6.202436],[5.7552602,6.2021694],[5.7553514,6.2019667],[5.7553568,6.2018814],[5.755271,6.2018227],[5.7551583,6.2018601],[5.7550242,6.2018227],[5.7550189,6.2017214],[5.7551261,6.2016201],[5.7552602,6.2015668],[5.75533,6.2015668],[5.7554534,6.2016414],[5.7555607,6.2016841],[5.7556572,6.2016894],[5.7558396,6.2015988],[5.7560327,6.2014334],[5.7561829,6.2013801],[5.7563492,6.2013961],[5.7569715,6.2015134],[5.7571217,6.2015134],[5.7572773,6.2014761],[5.7577815,6.2012201],[5.7581839,6.2010814],[5.7584139,6.201078],[5.7557478,6.196959],[5.7539411,6.1950951],[5.7540842,6.1927479],[5.7539736,6.1928603],[5.7537117,6.1930152],[5.7533931,6.1930855]]]]}},{"type":"Feature","properties":{"kind":"water","id":"water:ikpoba-okha","localUnitId":"ikpoba-okha","name":"Mapped water in Ikpoba-Okha"},"geometry":{"type":"MultiPolygon","coordinates":[[[[5.5362971,5.9957875],[5.5361697,5.9961324],[5.535653,5.997484],[5.5354972,5.9978219],[5.5352681,5.9982543],[5.5350274,5.9985289],[5.5347514,5.9986837],[5.5344611,5.9987401],[5.5341099,5.998723],[5.5339563,5.9986883],[5.5338397,5.9990764],[5.534109,5.9991275],[5.5342435,5.9991475],[5.5345124,5.9991134],[5.534923,5.9989727],[5.5353618,5.9987052],[5.5356804,5.9983461],[5.535921,5.9978463],[5.5363953,5.99672],[5.5366218,5.9959667],[5.536643,5.9955232],[5.5365652,5.9952064],[5.536282,5.9946925],[5.5357866,5.9942209],[5.5353898,5.9939183],[5.5353512,5.9940467],[5.5352766,5.9942952],[5.5358158,5.9947456],[5.5361414,5.995175],[5.5362829,5.99552],[5.5362971,5.9957875]]],[[[5.601812,6.0228221],[5.6010051,6.0231318],[5.600368,6.0233078],[5.5999009,6.023336],[5.5995045,6.0232726],[5.5991081,6.0230755],[5.5977278,6.0223575],[5.597296,6.0221604],[5.5969067,6.0220478],[5.5961989,6.0219844],[5.5956326,6.0218929],[5.5952999,6.0217803],[5.594585,6.0214494],[5.5941815,6.0213791],[5.5937285,6.0213087],[5.5930065,6.021196],[5.5926809,6.0210412],[5.5921642,6.0206962],[5.591605,6.0202105],[5.5905857,6.0193165],[5.5901115,6.0190279],[5.589623,6.0188871],[5.5880941,6.0184014],[5.5871952,6.0180565],[5.5866997,6.0178805],[5.5863104,6.017796],[5.585553,6.0177538],[5.5852698,6.0177115],[5.5849938,6.0175708],[5.5847885,6.0174018],[5.5846045,6.0170358],[5.5844346,6.0167542],[5.5843001,6.0166204],[5.5840028,6.0165148],[5.5831817,6.0164374],[5.5818722,6.0163107],[5.5814617,6.0162192],[5.5808317,6.0159869],[5.5804919,6.0158883],[5.5801309,6.0158531],[5.5795717,6.0158954],[5.5783401,6.0160362],[5.5775615,6.0159728],[5.5768182,6.0157687],[5.576252,6.0155575],[5.5753176,6.0153885],[5.5747655,6.0151985],[5.5745602,6.0150577],[5.5743833,6.0148113],[5.5742912,6.0145368],[5.5741143,6.0137132],[5.5739727,6.0134386],[5.5733215,6.0123757],[5.5729676,6.0119885],[5.5722102,6.0112212],[5.5719483,6.0108481],[5.5718138,6.010475],[5.5717147,6.0101301],[5.571559,6.0098978],[5.5709998,6.0092361],[5.570745,6.0088348],[5.5706317,6.0084336],[5.5706246,6.0082012],[5.5706034,6.007624],[5.5705609,6.0072298],[5.5703911,6.0068145],[5.5702424,6.0064343],[5.5701929,6.006195],[5.5701787,6.005843],[5.570207,6.0054488],[5.5703557,6.0047237],[5.570384,6.0042239],[5.5703486,6.0039071],[5.5701999,6.003351],[5.5701362,6.0029005],[5.5701362,6.002633],[5.5701929,6.0020557],[5.5703627,6.0013799],[5.5704194,6.0009505],[5.5704194,5.999972],[5.5704548,5.9997679],[5.5706034,5.9993596],[5.5709007,5.9988738],[5.5712971,5.9982614],[5.5715024,5.9975504],[5.5717855,5.9962058],[5.5718492,5.9956708],[5.5717218,5.994995],[5.5715378,5.9944811],[5.5710989,5.9936504],[5.5703486,5.9925311],[5.569032,5.9907078],[5.568846,5.9905332],[5.5680894,5.990424],[5.5684899,5.9907333],[5.5688151,5.9910002],[5.569246,5.9915905],[5.5703274,5.993135],[5.571295,5.994817],[5.5714495,5.9953184],[5.5714983,5.995755],[5.5714333,5.9961674],[5.5709617,5.9979869],[5.570799,5.9983508],[5.5706446,5.9986015],[5.5703518,5.9990866],[5.5701404,5.9994586],[5.5700754,5.9997659],[5.5700347,6.0010921],[5.5699778,6.0016015],[5.5697664,6.0024425],[5.5697258,6.0026932],[5.5697583,6.0029358],[5.5700429,6.003987],[5.5700673,6.0042862],[5.5700185,6.0045935],[5.5698396,6.00558],[5.5698233,6.0060247],[5.5698884,6.0063401],[5.5701404,6.0071002],[5.5702543,6.0075692],[5.5702705,6.0081433],[5.5703681,6.0087094],[5.5705145,6.0091299],[5.5707259,6.0094533],[5.5711568,6.0099385],[5.5713763,6.0102781],[5.5716447,6.0109897],[5.5718967,6.0114102],[5.5723521,6.0118711],[5.5729456,6.0124776],[5.5733684,6.0131002],[5.5737205,6.0137709],[5.573898,6.0142632],[5.57401,6.0146998],[5.5742062,6.0150992],[5.5745518,6.0155079],[5.5749067,6.0156843],[5.5753083,6.0157679],[5.5758967,6.0158422],[5.5762983,6.015963],[5.5771296,6.0162788],[5.5775873,6.016381],[5.5782037,6.016381],[5.579063,6.0162974],[5.5799876,6.0161859],[5.5803332,6.0161859],[5.5806881,6.0163253],[5.5812299,6.0165482],[5.5817809,6.0166782],[5.5836676,6.0168361],[5.584023,6.0168758],[5.5842,6.0170096],[5.5845044,6.0175375],[5.584738,6.0177769],[5.5851273,6.0180021],[5.5854458,6.0181007],[5.5859059,6.0181359],[5.5865217,6.0182063],[5.5869676,6.018347],[5.5879162,6.0187483],[5.5888717,6.019058],[5.5897919,6.0193255],[5.5902166,6.0195297],[5.5906909,6.0199239],[5.5922552,6.021198],[5.5927436,6.0214584],[5.5932391,6.0215922],[5.5941735,6.0216837],[5.5944849,6.0217823],[5.595214,6.0221553],[5.5955608,6.0222891],[5.5960988,6.0223524],[5.5968632,6.0224017],[5.5971605,6.0225003],[5.5976914,6.0227537],[5.5991708,6.0234928],[5.5995884,6.0236406],[5.5999423,6.0236758],[5.600544,6.0236336],[5.601089,6.0234576],[5.6019738,6.0231479],[5.6023419,6.0230493],[5.6027525,6.0230071],[5.6030922,6.0229719],[5.6034178,6.0228945],[5.6039487,6.0226903],[5.6040996,6.0226486],[5.6041626,6.0226493],[5.6036669,6.0224366],[5.6036668,6.0224366],[5.6031711,6.0226039],[5.6029021,6.0226743],[5.6020881,6.0227728],[5.601812,6.0228221]]],[[[5.5189474,6.0170516],[5.5184845,6.01732],[5.5184844,6.0173201],[5.5181615,6.0177777],[5.5179957,6.0180126],[5.5182659,6.0178476],[5.5188205,6.0175473],[5.519221,6.0172899],[5.5196524,6.0169222],[5.5200221,6.0163768],[5.52017,6.0159662],[5.5201761,6.0156782],[5.5201433,6.0155022],[5.5198496,6.0157506],[5.5197478,6.0158368],[5.5197442,6.0160085],[5.5196466,6.0162996],[5.5192807,6.0168009],[5.5189474,6.0170516]]],[[[5.4637124,6.0272472],[5.463661,6.0274005],[5.4635349,6.0277534],[5.4633014,6.0281528],[5.4631567,6.0283061],[5.4628158,6.0284872],[5.46318,6.028334],[5.4633762,6.0281435],[5.4636003,6.0277581],[5.4637731,6.0272937],[5.4638198,6.027145],[5.4639879,6.0269593],[5.4640909,6.0267984],[5.4640458,6.0267684],[5.4640454,6.0267681],[5.4639786,6.0268896],[5.4638618,6.0270243],[5.4637591,6.0271497],[5.4637124,6.0272472]]],[[[5.6385701,6.0309947],[5.6379968,6.0309102],[5.6375508,6.0309947],[5.6370058,6.031234],[5.6365457,6.0313396],[5.6361918,6.0313255],[5.6358379,6.0312692],[5.6354344,6.0313326],[5.6350734,6.0314804],[5.6345921,6.0318324],[5.6342098,6.0319098],[5.6339409,6.0318816],[5.6337285,6.0318042],[5.6331198,6.0314663],[5.6328791,6.0314311],[5.6325747,6.0315015],[5.6322491,6.0316845],[5.6314139,6.0321421],[5.630883,6.0323533],[5.6297717,6.0325715],[5.6285117,6.0327756],[5.6281649,6.0328742],[5.6277402,6.0331205],[5.6271456,6.0334443],[5.626636,6.0335992],[5.6263811,6.0335851],[5.6258644,6.0334091],[5.625553,6.0332754],[5.6252344,6.0332261],[5.6248805,6.0332824],[5.623656,6.0335429],[5.6231605,6.0335499],[5.6228419,6.0334021],[5.622665,6.0332402],[5.6223111,6.0328319],[5.6218793,6.0325926],[5.6215678,6.0325433],[5.6207397,6.0324659],[5.6202725,6.0323392],[5.6198124,6.0321139],[5.6192957,6.0319168],[5.6188214,6.0318464],[5.6183613,6.0318535],[5.6178588,6.0319661],[5.6172925,6.0321703],[5.6170377,6.0321914],[5.6168395,6.032121],[5.6163723,6.0317831],[5.6161033,6.0316212],[5.6156715,6.0314523],[5.615176,6.0311636],[5.6148292,6.0308821],[5.614631,6.0305231],[5.6142488,6.0300514],[5.6139161,6.029784],[5.61364,6.0296924],[5.612826,6.029608],[5.6126137,6.0295657],[5.6124579,6.0294742],[5.6123659,6.0293546],[5.6121323,6.0283198],[5.6119766,6.0281368],[5.6117218,6.0279538],[5.6114245,6.0278411],[5.6107733,6.02782],[5.610476,6.0277285],[5.6102566,6.0275244],[5.6099168,6.026919],[5.6096832,6.0265741],[5.6094284,6.0264051],[5.6090815,6.026208],[5.6087913,6.0259264],[5.6079348,6.0248846],[5.6074181,6.0244412],[5.6071208,6.0242018],[5.606689,6.0239766],[5.6061015,6.0237583],[5.6056202,6.0234838],[5.6053866,6.0232797],[5.6051884,6.0230734],[5.605134,6.023066],[5.6044263,6.0227624],[5.604526,6.0228433],[5.6048668,6.0232286],[5.6051557,6.0235415],[5.6055733,6.0238266],[5.6062139,6.0241434],[5.6067518,6.0244284],[5.6071128,6.0246572],[5.6076015,6.0250722],[5.6080403,6.0255439],[5.6085641,6.0261915],[5.6088119,6.0264238],[5.6092083,6.0267054],[5.609548,6.027008],[5.6097108,6.0272896],[5.6100081,6.0277683],[5.6102134,6.0279795],[5.6104541,6.0281202],[5.6106593,6.0281766],[5.6112114,6.0281625],[5.6115441,6.028261],[5.6117211,6.0284089],[5.611891,6.0287397],[5.6119759,6.0292958],[5.6120821,6.0295633],[5.6122874,6.0298026],[5.6125209,6.0299223],[5.6128395,6.0299575],[5.613427,6.0300138],[5.6137243,6.0301123],[5.613972,6.0302813],[5.6142056,6.0305981],[5.6146091,6.0311471],[5.6150055,6.0315202],[5.615508,6.0317595],[5.6161946,6.0320552],[5.6164919,6.0322804],[5.6167963,6.0324564],[5.6171077,6.0325057],[5.6174334,6.0324986],[5.6179359,6.0323438],[5.6183182,6.03221],[5.6186367,6.0321819],[5.6191676,6.0322452],[5.6195781,6.0324001],[5.6204346,6.0327872],[5.6209655,6.0328858],[5.6214751,6.0328717],[5.6217866,6.0329069],[5.6220697,6.0330618],[5.6224307,6.03347],[5.6228412,6.0337657],[5.6233155,6.0338994],[5.6236623,6.0338994],[5.6240587,6.033822],[5.6248374,6.0335686],[5.6252762,6.0335404],[5.6256514,6.0336179],[5.6258354,6.0337587],[5.6259274,6.0339628],[5.6259416,6.0341951],[5.6255661,6.0435583],[5.6254673,6.0460208],[5.6254249,6.0464501],[5.625439,6.046598],[5.6254886,6.0466824],[5.6262389,6.0467317],[5.6263804,6.0466754],[5.62643,6.0465135],[5.6263875,6.0464361],[5.626246,6.046429],[5.6261681,6.0463798],[5.6262035,6.0459996],[5.6261893,6.0459222],[5.6260761,6.0457251],[5.6260478,6.0455914],[5.6262318,6.0447256],[5.6262389,6.0441554],[5.6261893,6.0432755],[5.6260902,6.0428954],[5.6260548,6.0426983],[5.6261398,6.0396786],[5.6262884,6.0346386],[5.6263663,6.0343922],[5.6265149,6.0341951],[5.6269042,6.0339698],[5.6275342,6.0336531],[5.6281925,6.0333011],[5.6285323,6.0331392],[5.6288296,6.0330477],[5.6298276,6.032914],[5.6306983,6.0327521],[5.6312079,6.0326042],[5.6316892,6.032386],[5.6323051,6.0320059],[5.6326307,6.031851],[5.6328784,6.0317877],[5.6331191,6.0318158],[5.6333597,6.0319989],[5.6335933,6.0321537],[5.6337774,6.0322452],[5.6340463,6.0322804],[5.6343861,6.0322523],[5.6345914,6.032203],[5.6348462,6.0320481],[5.6353063,6.0317384],[5.6355894,6.0316258],[5.6358584,6.0316187],[5.6361699,6.0316962],[5.6365238,6.0316962],[5.636906,6.0316328],[5.6373449,6.031478],[5.6376988,6.0313442],[5.6379041,6.031302],[5.6382721,6.031302],[5.6386685,6.0313653],[5.6389871,6.0313301],[5.6392136,6.0312034],[5.6393905,6.0309852],[5.6394613,6.0307388],[5.6394401,6.0303587],[5.6393764,6.030056],[5.6393675,6.0299835],[5.6391864,6.0299511],[5.6390731,6.0299309],[5.6391152,6.0303964],[5.6390019,6.0307483],[5.6388108,6.0309595],[5.6385701,6.0309947]]],[[[5.5117825,6.0881922],[5.5119057,6.0876346],[5.5120228,6.0872547],[5.5122077,6.0869606],[5.5124172,6.0867462],[5.512676,6.086642],[5.5130149,6.0865133],[5.5134894,6.0863172],[5.5139146,6.0860293],[5.5140501,6.0857842],[5.5141426,6.0854472],[5.5141549,6.0847609],[5.5140748,6.0841727],[5.5140748,6.0837621],[5.5140748,6.083419],[5.5140132,6.0831249],[5.5138221,6.0825918],[5.5136003,6.0820832],[5.5135539,6.0820105],[5.5134836,6.0819336],[5.5132618,6.0817375],[5.5129845,6.0813331],[5.5128427,6.0808736],[5.5128058,6.080365],[5.5128427,6.0799545],[5.5129845,6.0792192],[5.5131385,6.0785206],[5.5131632,6.0781714],[5.5131632,6.0775035],[5.5130646,6.0770684],[5.5128982,6.0766211],[5.5126332,6.0763209],[5.5123128,6.0761554],[5.5115844,6.0759145],[5.5107959,6.0758185],[5.5103614,6.0757705],[5.5100288,6.0756851],[5.5095084,6.0754717],[5.5093207,6.0754291],[5.5090203,6.0754184],[5.5086662,6.0755304],[5.5083873,6.0757011],[5.5081619,6.0759732],[5.5075021,6.076768],[5.5072232,6.077008],[5.5070086,6.077104],[5.5068477,6.0770987],[5.5066438,6.07704],[5.5064346,6.076896],[5.5062308,6.0765759],[5.5060537,6.0760692],[5.5060215,6.0756798],[5.5060323,6.075301],[5.5061074,6.074917],[5.5062898,6.0744102],[5.5066277,6.0738021],[5.5069818,6.0730926],[5.5071481,6.0726179],[5.5072017,6.0722338],[5.5072554,6.0716897],[5.5072554,6.0706709],[5.5073197,6.0700681],[5.5074324,6.0697587],[5.5075611,6.0695827],[5.507706,6.069476],[5.5079474,6.0693906],[5.5082961,6.0693586],[5.5090793,6.0694706],[5.5096908,6.0695293],[5.5100288,6.069524],[5.5104204,6.06938],[5.5107744,6.0690812],[5.5108924,6.0687825],[5.51093,6.0684571],[5.5108924,6.068105],[5.510753,6.067769],[5.5105384,6.0674756],[5.5102326,6.0670968],[5.5099215,6.0668568],[5.5094226,6.0665581],[5.508913,6.0663127],[5.5086018,6.0660726],[5.5082961,6.0656566],[5.5081083,6.0652351],[5.507824,6.0643283],[5.5077382,6.0639389],[5.507647,6.0631601],[5.5075611,6.0622425],[5.507486,6.0619011],[5.5074056,6.0615651],[5.5071534,6.0609303],[5.5067833,6.0603115],[5.5065741,6.059794],[5.5064936,6.0594153],[5.5065043,6.0589725],[5.5066921,6.0586151],[5.5070622,6.0582364],[5.507486,6.0580497],[5.5079742,6.0580017],[5.5083443,6.0580657],[5.5088486,6.058231],[5.5100878,6.0588125],[5.5108227,6.0590846],[5.5113216,6.0591806],[5.5117722,6.0591646],[5.5129631,6.0589299],[5.5134566,6.0588819],[5.5140467,6.0588658],[5.5144115,6.0589352],[5.5150391,6.0592126],[5.5155112,6.0593833],[5.515935,6.0593833],[5.5163212,6.0593033],[5.5166914,6.0590846],[5.5168308,6.0587805],[5.5168791,6.0584818],[5.5168887,6.058159],[5.5168271,6.0577975],[5.5166977,6.0573624],[5.5163526,6.0563575],[5.5159212,6.0551748],[5.5155453,6.0545069],[5.5150401,6.05379],[5.5148614,6.0534407],[5.5147751,6.0531159],[5.5147874,6.0529321],[5.5149353,6.0520007],[5.5150401,6.0516881],[5.5151818,6.0514553],[5.5154468,6.0512163],[5.5161677,6.0508732],[5.5166977,6.0506158],[5.5176035,6.050052],[5.5179178,6.0497089],[5.5180163,6.0494147],[5.5180472,6.0490103],[5.5179794,6.0486304],[5.5178808,6.0483546],[5.5176405,6.0480544],[5.5170366,6.0477235],[5.5165436,6.0475335],[5.5161739,6.0474416],[5.5158473,6.0473007],[5.5155207,6.0470678],[5.5150647,6.0466695],[5.5145902,6.0463447],[5.5141589,6.0462222],[5.5138816,6.0462405],[5.5126553,6.0463631],[5.5123931,6.046445],[5.5119522,6.0466563],[5.5115923,6.0468637],[5.5112809,6.0471523],[5.510927,6.0476028],[5.5107004,6.047997],[5.5105376,6.0485109],[5.5104385,6.0491866],[5.510481,6.0497427],[5.5106792,6.0503339],[5.5110119,6.0509534],[5.5115357,6.051608],[5.5119816,6.0521922],[5.5120524,6.0524245],[5.5120241,6.0527553],[5.5118401,6.0531003],[5.5114083,6.0533466],[5.5110331,6.0533888],[5.510658,6.0533396],[5.5100846,6.0531143],[5.5096599,6.0528257],[5.5093272,6.0523752],[5.509122,6.0519036],[5.508768,6.0509041],[5.5084212,6.0502776],[5.5081876,6.049989],[5.5078974,6.0497849],[5.5071542,6.0494963],[5.5060216,6.049081],[5.5050165,6.0487009],[5.50479,6.0484686],[5.5046201,6.0481167],[5.5045918,6.0477788],[5.5046909,6.0474339],[5.5049528,6.0469975],[5.5052996,6.0466948],[5.5055545,6.0465892],[5.5061632,6.046364],[5.5068498,6.0460894],[5.5073028,6.0457868],[5.5076001,6.0453855],[5.5077063,6.0450195],[5.5077346,6.0444986],[5.5076709,6.0440763],[5.5074585,6.0432457],[5.5070055,6.0422884],[5.5067153,6.0417393],[5.5062835,6.0413099],[5.5056889,6.0409439],[5.5050802,6.0407398],[5.5046909,6.0406905],[5.5042803,6.0408031],[5.5037353,6.0410495],[5.5030629,6.0414296],[5.5027726,6.0417604],[5.502079,6.0427107],[5.5019303,6.0430345],[5.5018666,6.0433864],[5.5018171,6.0450547],[5.5017038,6.0454982],[5.5015552,6.0456741],[5.501272,6.0457445],[5.5009393,6.0457445],[5.5005642,6.045646],[5.5002315,6.0454418],[5.4998917,6.0450406],[5.4991981,6.0437314],[5.4982283,6.0422954],[5.497832,6.041572],[5.4975254,6.0420738],[5.4979909,6.0429082],[5.4987908,6.0441612],[5.498843,6.0442362],[5.498963,6.0444088],[5.4995057,6.0451889],[5.4998525,6.0456746],[5.5002772,6.0460195],[5.5006382,6.0462307],[5.5011195,6.046287],[5.5015018,6.0462729],[5.5018345,6.0461251],[5.5021671,6.0458224],[5.5023229,6.0455268],[5.5024078,6.0451396],[5.5024644,6.0434151],[5.5025211,6.0430561],[5.5026697,6.042676],[5.5029953,6.042141],[5.5033068,6.041782],[5.5038164,6.0414652],[5.5044322,6.041247],[5.5049277,6.0412189],[5.5056072,6.04143],[5.5062089,6.0418735],[5.5066973,6.0425352],[5.50703,6.0432532],[5.5073202,6.0441893],[5.5073273,6.0445765],[5.5072848,6.0449214],[5.507122,6.0452522],[5.5069097,6.0454705],[5.5061523,6.0458013],[5.505678,6.0460125],[5.5052109,6.0462659],[5.5048428,6.0465404],[5.5045313,6.0469838],[5.5043119,6.0474273],[5.5041986,6.0477792],[5.504142,6.0481523],[5.5042623,6.0485747],[5.5044535,6.0488914],[5.5047366,6.0491519],[5.5051259,6.049356],[5.5062514,6.0496727],[5.5074052,6.0500458],[5.5077237,6.0502147],[5.5079502,6.050447],[5.5081767,6.0508905],[5.5086934,6.0521082],[5.5089836,6.0525939],[5.50938,6.0530866],[5.5096915,6.0533823],[5.5102861,6.0536497],[5.5108877,6.0537976],[5.5114469,6.0537764],[5.5118008,6.0536709],[5.5120698,6.0534667],[5.5122822,6.0531781],[5.5124237,6.0527206],[5.5124167,6.0523123],[5.5122892,6.0518407],[5.5118716,6.0511861],[5.5113124,6.0504541],[5.5110505,6.0500458],[5.5109444,6.0497713],[5.5108948,6.0495038],[5.510909,6.048821],[5.5110505,6.0481805],[5.5112416,6.0478215],[5.5115035,6.0475329],[5.5119424,6.047195],[5.5123883,6.0469486],[5.5130537,6.0467164],[5.5135138,6.046653],[5.5139456,6.046653],[5.5144411,6.0468431],[5.5151631,6.0473921],[5.5155665,6.0476525],[5.5159417,6.0478285],[5.5166495,6.0480327],[5.5170459,6.0482368],[5.5172866,6.0483916],[5.5174777,6.0486169],[5.5175839,6.0488914],[5.5175839,6.0493067],[5.5174706,6.0495953],[5.5172229,6.0498698],[5.5161328,6.0504893],[5.5154037,6.0508694],[5.5150144,6.0511228],[5.5147525,6.0514677],[5.5145473,6.0519815],[5.5144057,6.0526784],[5.5143844,6.0532908],[5.5144906,6.0537061],[5.5147525,6.0541917],[5.5153117,6.0550857],[5.5157081,6.0559022],[5.5162602,6.057317],[5.5164584,6.0578801],[5.5164655,6.0582532],[5.5164089,6.0585629],[5.5162885,6.05876],[5.5161328,6.0588585],[5.515878,6.0589007],[5.5155665,6.0588585],[5.5146039,6.058577],[5.5143207,6.0585136],[5.5138819,6.0584714],[5.5133935,6.0584925],[5.5127281,6.0586051],[5.5118999,6.0587389],[5.5113761,6.058767],[5.5108665,6.0586896],[5.5090686,6.0579716],[5.5085306,6.0578027],[5.5080988,6.0577182],[5.5077308,6.0577112],[5.507299,6.0577816],[5.5067823,6.0580068],[5.5064425,6.0582954],[5.5062231,6.0585981],[5.5060957,6.05895],[5.5060744,6.0593583],[5.5061381,6.0596821],[5.5064,6.0602804],[5.5067893,6.0610194],[5.5070017,6.0615262],[5.507122,6.0619908],[5.5073485,6.0635675],[5.5074689,6.0641236],[5.507752,6.0650949],[5.507929,6.0656228],[5.5081767,6.0660381],[5.5084174,6.0663267],[5.5086439,6.0665378],[5.5092101,6.0668546],[5.509649,6.067108],[5.5099534,6.0673262],[5.5102719,6.0676218],[5.5104772,6.0679526],[5.5105904,6.0683257],[5.5105904,6.0686072],[5.510371,6.0689521],[5.5100525,6.069114],[5.5097269,6.0691563],[5.5084174,6.0690718],[5.5078936,6.0690929],[5.5075043,6.0692126],[5.507207,6.069473],[5.5070654,6.0696912],[5.5069592,6.0700854],[5.5068955,6.0706062],[5.5068955,6.0720632],[5.5068672,6.0724574],[5.5067539,6.0728375],[5.5062443,6.0738792],[5.5059328,6.0744916],[5.5057842,6.0749772],[5.5057063,6.0754207],[5.5056993,6.0759627],[5.5057913,6.0765117],[5.5060107,6.0769903],[5.5062585,6.0772578],[5.506577,6.0774196],[5.5068672,6.0774337],[5.5072424,6.0773563],[5.507568,6.0771592],[5.5078865,6.0768706],[5.5084244,6.0760682],[5.5086651,6.0758852],[5.5088916,6.0758008],[5.5092243,6.0758078],[5.5096986,6.0759204],[5.510187,6.0760823],[5.5105904,6.0761457],[5.511185,6.076202],[5.5116451,6.0762794],[5.5121264,6.0764483],[5.512452,6.0766806],[5.5126573,6.0769692],[5.5127635,6.0774056],[5.512806,6.0781305],[5.5126432,6.0790948],[5.512452,6.0799395],[5.5124237,6.0805307],[5.5124733,6.0810304],[5.5126361,6.081495],[5.513167,6.082234],[5.5134218,6.0825789],[5.5135421,6.0828745],[5.5137049,6.0841556],[5.5137899,6.0852606],[5.5137899,6.0855281],[5.5136766,6.0857533],[5.5133864,6.0859645],[5.512353,6.0863938],[5.5119353,6.0866753],[5.5117796,6.0868654],[5.5116734,6.087161],[5.5114469,6.0877945],[5.5112346,6.0884702],[5.5109445,6.088953],[5.5107157,6.0893057],[5.5106314,6.0894127],[5.5104296,6.089611],[5.5102578,6.0897498],[5.5107058,6.089754],[5.5108395,6.089649],[5.5109198,6.0895402],[5.5113388,6.08905],[5.5116469,6.0885415],[5.5117825,6.0881922]]],[[[5.5077876,6.090145],[5.5077476,6.0899694],[5.5075709,6.0898675],[5.5074401,6.0898534],[5.507267,6.0898745],[5.5070464,6.0900376],[5.5067856,6.0902703],[5.5064582,6.0905828],[5.506769,6.0904804],[5.5072848,6.0900348],[5.5074403,6.0899975],[5.5076066,6.0900295],[5.5076778,6.0901812],[5.5077876,6.090145]]],[[[5.516645,6.0932263],[5.5166662,6.092994],[5.5166308,6.0927547],[5.5164397,6.0923958],[5.5163475,6.0922487],[5.5160877,6.0919877],[5.5159324,6.0918892],[5.5157209,6.0918254],[5.5152913,6.0917743],[5.5152312,6.0917739],[5.5155018,6.0919837],[5.5157644,6.0920312],[5.5160829,6.0922424],[5.5164298,6.0927421],[5.516466,6.0929223],[5.516643,6.0932309],[5.516645,6.0932263]]],[[[5.5225032,6.0975308],[5.522751,6.0975731],[5.5229067,6.0977701],[5.5229562,6.0982769],[5.5229491,6.0988611],[5.5228288,6.0991497],[5.522666,6.0994101],[5.522574,6.0997268],[5.5223262,6.1016483],[5.5222555,6.1022747],[5.5219015,6.1034008],[5.5218662,6.1037316],[5.5219865,6.1043087],[5.5221528,6.1046248],[5.5224211,6.1048915],[5.5229682,6.1051902],[5.523274,6.1053342],[5.5235154,6.1056275],[5.5236871,6.1057929],[5.5238802,6.1058836],[5.5241484,6.1058782],[5.5249209,6.1057289],[5.5252106,6.1057022],[5.5254091,6.1057822],[5.5255861,6.1059369],[5.5256558,6.1062036],[5.5256397,6.106417],[5.5255432,6.1066517],[5.5250765,6.1072704],[5.5249692,6.1074358],[5.5248833,6.1077185],[5.5248082,6.1081025],[5.5246902,6.1083479],[5.5243844,6.1087426],[5.5242718,6.1089773],[5.5242342,6.10926],[5.52424,6.1094055],[5.5244726,6.109765],[5.5244503,6.1096434],[5.524405,6.1094327],[5.5244095,6.1091948],[5.5244846,6.1089547],[5.5245597,6.1088161],[5.5248332,6.1085014],[5.5250317,6.1081707],[5.52508,6.107968],[5.5251927,6.1075572],[5.5253429,6.1072799],[5.5257613,6.1067145],[5.5258739,6.1063464],[5.5258525,6.1060904],[5.5257881,6.105845],[5.5256755,6.1056637],[5.525493,6.1055715],[5.5252099,6.1055011],[5.5248701,6.1055082],[5.524233,6.105663],[5.5240065,6.1056841],[5.5238296,6.1056278],[5.5237305,6.1055434],[5.5235748,6.1053463],[5.5233553,6.1051352],[5.5231288,6.1050155],[5.5225555,6.1047058],[5.5223502,6.1045158],[5.5221945,6.1042413],[5.5220954,6.1038471],[5.5221024,6.1035375],[5.5221591,6.1032067],[5.5224564,6.1023269],[5.5225201,6.1018764],[5.522782,6.0998564],[5.5228315,6.0996734],[5.5231005,6.0991174],[5.5231642,6.0989063],[5.5231359,6.0977801],[5.5230439,6.0974986],[5.522874,6.0973649],[5.5225838,6.0973015],[5.522329,6.0973226],[5.5219609,6.0974282],[5.5216424,6.0975479],[5.5205381,6.0980828],[5.520255,6.0981461],[5.5200072,6.098132],[5.5197737,6.0980335],[5.5193914,6.0977661],[5.5190799,6.09748],[5.5194701,6.0981604],[5.5198276,6.0983825],[5.5202027,6.098474],[5.5204434,6.0984388],[5.521314,6.097932],[5.5222059,6.097566],[5.5225032,6.0975308]]],[[[5.5273027,6.1153247],[5.527297,6.1154008],[5.5274245,6.1155763],[5.5274441,6.1155184],[5.5274526,6.1153698],[5.5274434,6.1152289],[5.5273958,6.1150352],[5.5269953,6.1144532],[5.5268227,6.1143551],[5.5265444,6.1142971],[5.5265841,6.1144199],[5.526653,6.1145147],[5.5267823,6.1145406],[5.5269165,6.1146526],[5.5272383,6.1151593],[5.5273027,6.1153247]]],[[[5.5303121,6.1192504],[5.5303872,6.1195437],[5.5303976,6.1196676],[5.5305694,6.119904],[5.5305702,6.1198817],[5.5305672,6.1196918],[5.5305425,6.1194375],[5.5305025,6.1192598],[5.5303915,6.1189933],[5.5302441,6.1187116],[5.5301054,6.1185253],[5.5299976,6.1183843],[5.5297911,6.118225],[5.529711,6.1181903],[5.5295909,6.1181821],[5.5294923,6.1181913],[5.5294122,6.1182189],[5.5293691,6.1182522],[5.5294775,6.1184015],[5.5295289,6.118381],[5.5296899,6.1183863],[5.5298722,6.1184823],[5.5301727,6.118909],[5.5303121,6.1192504]]],[[[5.6333673,6.2373508],[5.6334017,6.2375129],[5.6336506,6.2374874],[5.6336334,6.2373252],[5.6333673,6.2373508]]],[[[5.6337364,6.2375215],[5.6337879,6.2376836],[5.6340282,6.2376324],[5.6340111,6.2375044],[5.6337364,6.2375215]]],[[[5.6334017,6.2376239],[5.6334188,6.2377519],[5.6336849,6.2377263],[5.6336677,6.2375727],[5.6334017,6.2376239]]],[[[5.634054,6.2376751],[5.6337965,6.2377689],[5.633848,6.2378969],[5.6340969,6.2378286],[5.634054,6.2376751]]],[[[5.6337107,6.2377945],[5.6334274,6.2378628],[5.6334532,6.2379993],[5.6337364,6.2379396],[5.6337107,6.2377945]]],[[[5.6309389,6.312602],[5.6311319,6.3126234],[5.6311448,6.3125083],[5.6309518,6.3124869],[5.6309389,6.312602]]],[[[5.6309211,6.3130429],[5.6310705,6.3130615],[5.6310947,6.3128689],[5.6309453,6.3128504],[5.6309211,6.3130429]]],[[[5.6420739,6.0312481],[5.641989,6.0309736],[5.6420102,6.0307061],[5.6421204,6.0304746],[5.6418492,6.0304262],[5.6417926,6.0305454],[5.6417132,6.0308426],[5.6417365,6.0311212],[5.6418159,6.0314231],[5.6420027,6.0316832],[5.642339,6.0318411],[5.6426285,6.0318225],[5.6429227,6.0316646],[5.6431515,6.0314138],[5.6432683,6.0311166],[5.6433945,6.0307019],[5.6430934,6.0306482],[5.6428596,6.03122],[5.6426614,6.0314804],[5.6425128,6.0315156],[5.6422226,6.0314663],[5.6420739,6.0312481]]],[[[5.7208286,6.0337298],[5.720673,6.0337084],[5.7204477,6.0337244],[5.7200507,6.0337618],[5.7198147,6.0337565],[5.7196967,6.0337725],[5.7196323,6.0338098],[5.7196001,6.0339058],[5.7196377,6.0341032],[5.7195894,6.0343646],[5.7195089,6.0344713],[5.7194553,6.0345033],[5.719348,6.0345033],[5.7191871,6.034466],[5.7191281,6.0344713],[5.7190637,6.0345407],[5.7190583,6.034642],[5.719112,6.0348394],[5.7192461,6.0351541],[5.7193909,6.0354529],[5.719466,6.0355809],[5.719627,6.035709],[5.7200347,6.035869],[5.7203565,6.0359277],[5.7208286,6.035917],[5.7211612,6.0358477],[5.7216279,6.0356183],[5.7218103,6.0354582],[5.7219122,6.0352342],[5.7219712,6.0350101],[5.7219712,6.0347007],[5.7218639,6.03445],[5.7217513,6.0343059],[5.7215099,6.0341512],[5.7210324,6.0338365],[5.7208286,6.0337298]]],[[[5.667727,6.0522632],[5.6672586,6.0524042],[5.6668889,6.0525267],[5.6666239,6.0526309],[5.6663775,6.0527841],[5.6659892,6.0531028],[5.6656996,6.0532682],[5.6654778,6.0533111],[5.6651882,6.0533111],[5.6649503,6.0532185],[5.6647793,6.0530843],[5.6646471,6.0529426],[5.6645866,6.052799],[5.6645217,6.0525521],[5.6644345,6.0523535],[5.6643284,6.0521964],[5.6641019,6.0520415],[5.6637409,6.0518656],[5.6635002,6.0518233],[5.6632666,6.0518515],[5.6631251,6.0519712],[5.6628632,6.0522527],[5.6627782,6.0525624],[5.6626721,6.0527032],[5.6625588,6.0527173],[5.6623394,6.052668],[5.6620067,6.0523442],[5.6618864,6.0521119],[5.6617802,6.0516403],[5.6617589,6.0511054],[5.6616882,6.0508308],[5.6614829,6.0502818],[5.6612068,6.0494794],[5.6611856,6.0490641],[5.6612493,6.0488881],[5.6616032,6.048508],[5.6617023,6.0482827],[5.6617448,6.0479871],[5.6617023,6.0475366],[5.661582,6.0472199],[5.661405,6.0469805],[5.6611077,6.0468327],[5.6608883,6.0468186],[5.6606972,6.0469172],[5.6605415,6.0471002],[5.6604494,6.0473536],[5.6603999,6.0477055],[5.6603149,6.0478604],[5.6601875,6.0478956],[5.6600743,6.0478956],[5.6599044,6.0478111],[5.6597558,6.0476281],[5.6596779,6.0473677],[5.6596071,6.0463681],[5.6595434,6.0460936],[5.6593877,6.0458332],[5.6589984,6.0452278],[5.6585312,6.0443339],[5.6580923,6.0436651],[5.6579508,6.0433765],[5.6575968,6.0424403],[5.6573703,6.0420462],[5.6572005,6.0418139],[5.6570306,6.0417294],[5.656351,6.041476],[5.6561175,6.0413493],[5.6559263,6.0410677],[5.6557777,6.0406876],[5.6555512,6.0394699],[5.6554238,6.0391531],[5.6552043,6.0388363],[5.6549283,6.0386744],[5.6545956,6.0384562],[5.654454,6.0382802],[5.654362,6.0380902],[5.65427,6.0374426],[5.6541992,6.0370695],[5.654001,6.0368302],[5.6537037,6.036612],[5.6530454,6.0362811],[5.6504547,6.0352464],[5.6501079,6.0350282],[5.6498602,6.0347888],[5.6496832,6.0344298],[5.6495204,6.033923],[5.6493788,6.0337189],[5.649032,6.0334795],[5.6487205,6.0333669],[5.6482675,6.0332965],[5.6477579,6.0332402],[5.6474818,6.0331135],[5.6471987,6.0329164],[5.6470359,6.0327193],[5.6468731,6.0323603],[5.6466395,6.0318957],[5.6463847,6.0316071],[5.6461936,6.0314874],[5.6456556,6.0312481],[5.6454786,6.0311496],[5.6454137,6.0310621],[5.6449716,6.0309832],[5.6450102,6.0310702],[5.6452017,6.0313024],[5.6454725,6.0315114],[5.6460058,6.031776],[5.646277,6.0319598],[5.646468,6.0321804],[5.6466837,6.0325665],[5.6468131,6.0329342],[5.6469117,6.0331425],[5.6470657,6.0333019],[5.6474724,6.0335041],[5.6477374,6.0335531],[5.6485323,6.0336144],[5.6488527,6.0337308],[5.6490684,6.0338779],[5.6492409,6.0340862],[5.6495429,6.0348155],[5.6497401,6.0351035],[5.6500297,6.035367],[5.6503501,6.0355569],[5.6523405,6.0363536],[5.6534989,6.0368377],[5.6537762,6.0370399],[5.6538872,6.0372176],[5.6539549,6.0374443],[5.6541151,6.0384126],[5.6541706,6.0385412],[5.6542754,6.0386454],[5.6548238,6.0389886],[5.655021,6.0391969],[5.6551072,6.0393869],[5.6552736,6.0398404],[5.65544,6.0407534],[5.6556064,6.0411579],[5.6558097,6.0414765],[5.6559391,6.0416052],[5.6562904,6.0417645],[5.656734,6.0419729],[5.657036,6.042169],[5.657227,6.0424324],[5.657455,6.0428614],[5.6577138,6.0435784],[5.657874,6.0438786],[5.6583978,6.0447181],[5.6586448,6.0451894],[5.6592208,6.0462651],[5.6593235,6.0465994],[5.6593235,6.0472125],[5.6593735,6.0475366],[5.6595717,6.0478956],[5.6598832,6.0482616],[5.6600247,6.0483109],[5.6601168,6.0483461],[5.6601592,6.0484376],[5.660138,6.0485291],[5.6599539,6.048691],[5.6597558,6.0489022],[5.659593,6.0492189],[5.6594514,6.0494723],[5.659232,6.0496905],[5.6594797,6.0495216],[5.659685,6.0491767],[5.6598973,6.0488811],[5.6602866,6.0485009],[5.6603645,6.0483602],[5.6604848,6.048156],[5.6606901,6.0477407],[5.660775,6.0473325],[5.6608812,6.0472128],[5.6609874,6.0472128],[5.6611502,6.0473325],[5.6613272,6.0476211],[5.6613838,6.0478393],[5.6613838,6.0480505],[5.6613342,6.0482616],[5.6610157,6.0486136],[5.6608529,6.0488951],[5.6608104,6.0491063],[5.6608246,6.0493597],[5.6613413,6.0507534],[5.6614333,6.0511758],[5.6614829,6.0518585],[5.6614758,6.0522949],[5.661405,6.0524287],[5.6609874,6.052851],[5.6608741,6.0528651],[5.6607609,6.0528369],[5.6595151,6.0519008],[5.6593948,6.0518585],[5.6592815,6.0518937],[5.6590479,6.0520838],[5.6588773,6.0523269],[5.6580499,6.0535056],[5.6577101,6.054111],[5.6577455,6.0542307],[5.6581065,6.0544418],[5.6582693,6.0544277],[5.658425,6.0543362],[5.6592957,6.0530059],[5.6593806,6.0529707],[5.6595222,6.053027],[5.6603787,6.0537239],[5.660499,6.0537239],[5.6606193,6.0536605],[5.6616386,6.0526399],[5.661766,6.0526187],[5.6622969,6.0531115],[5.6624951,6.0532452],[5.6629056,6.053562],[5.6630968,6.0536042],[5.6631817,6.053562],[5.6631844,6.0534512],[5.6630684,6.0533156],[5.6629764,6.0529988],[5.6629977,6.0527314],[5.6631392,6.0523935],[5.663302,6.0522034],[5.6634276,6.0521517],[5.6635674,6.052181],[5.6636652,6.0522521],[5.6641896,6.0528002],[5.6642826,6.0529202],[5.6643787,6.0531679],[5.6644521,6.0532437],[5.6646644,6.0534197],[5.6647887,6.0534831],[5.6648974,6.0535863],[5.6649674,6.0537395],[5.6649674,6.0539299],[5.66493,6.05406],[5.6648553,6.0541946],[5.6647199,6.0544361],[5.6646498,6.0545615],[5.6646498,6.0546219],[5.6646685,6.0547055],[5.6647106,6.0547658],[5.6648289,6.0548546],[5.6648961,6.0548828],[5.6649598,6.0548968],[5.6650872,6.0548863],[5.6651793,6.0548792],[5.6652571,6.0549179],[5.665335,6.0549919],[5.6653775,6.0550693],[5.6654553,6.0553684],[5.6655155,6.0555022],[5.6656262,6.055596],[5.6657162,6.0555755],[5.6658051,6.0554983],[5.6659125,6.055345],[5.666048,6.0548156],[5.666076,6.0543094],[5.6660713,6.0542073],[5.666104,6.0541283],[5.6661974,6.0540261],[5.6662721,6.0538868],[5.6662815,6.0537196],[5.66609,6.0533899],[5.6666551,6.0530231],[5.6669446,6.0528559],[5.6671874,6.0527537],[5.667547,6.0526469],[5.6677466,6.0525797],[5.6680702,6.052446],[5.6684778,6.0522347],[5.668759,6.0520301],[5.6688839,6.0519543],[5.6687386,6.0517161],[5.6686955,6.0517419],[5.6683872,6.0519393],[5.6680977,6.0520972],[5.6679149,6.0521837],[5.667727,6.0522632]]],[[[5.7287435,6.0976633],[5.7286952,6.0977326],[5.7285826,6.0977753],[5.7284377,6.0977646],[5.7282822,6.0977433],[5.7281212,6.0977486],[5.7277725,6.097786],[5.7275472,6.0977593],[5.7272576,6.0976526],[5.7269357,6.0973913],[5.7268123,6.0971566],[5.7267533,6.0969379],[5.7267801,6.0967938],[5.7269035,6.0965965],[5.7270805,6.0963031],[5.7271932,6.0959777],[5.7272897,6.0954657],[5.727304,6.0952646],[5.7270541,6.0950708],[5.727217,6.094722],[5.7271503,6.0945589],[5.7269089,6.0944308],[5.7267372,6.0944202],[5.7264422,6.0944735],[5.7263188,6.0945642],[5.72619,6.0947509],[5.7259004,6.0950283],[5.7257019,6.0951456],[5.7254873,6.0951563],[5.7253156,6.0951403],[5.7252244,6.0950709],[5.7251976,6.0950016],[5.7252352,6.0948949],[5.7253156,6.0947669],[5.7253478,6.0946655],[5.7253532,6.0944788],[5.7253747,6.0942922],[5.72538,6.0942068],[5.7254605,6.0941375],[5.7255517,6.0940521],[5.7256536,6.0938708],[5.7257394,6.0937481],[5.7258521,6.0936894],[5.7259272,6.0936254],[5.7259862,6.0935347],[5.725954,6.093428],[5.7258521,6.0932627],[5.7257341,6.0931187],[5.725557,6.0930173],[5.7254873,6.092932],[5.7254605,6.0928146],[5.7254498,6.0926439],[5.7254229,6.0925532],[5.7252835,6.0924519],[5.7251869,6.0924412],[5.724924,6.0925426],[5.7247577,6.0925586],[5.7246826,6.0925319],[5.7246129,6.0924359],[5.7244037,6.0922385],[5.7242374,6.0921692],[5.7237761,6.0921372],[5.7234649,6.0920945],[5.7232933,6.0920198],[5.7230411,6.0918225],[5.7225261,6.0913744],[5.7224296,6.091257],[5.7224081,6.091145],[5.7224135,6.091001],[5.7223813,6.090841],[5.7223598,6.0907183],[5.7222794,6.0905529],[5.7219146,6.0901795],[5.7217751,6.0899929],[5.7217644,6.0898702],[5.7218288,6.0897688],[5.72192,6.0896248],[5.7219682,6.0894754],[5.7219897,6.0892887],[5.7219146,6.0888193],[5.7218288,6.0884566],[5.7216947,6.0882166],[5.7216517,6.0881259],[5.7216517,6.0880352],[5.7217268,6.0879285],[5.7223759,6.0870751],[5.7224296,6.086931],[5.7224457,6.086691],[5.7224081,6.0865683],[5.7223277,6.0864616],[5.7221989,6.086387],[5.72192,6.0863923],[5.7214908,6.0865043],[5.7211099,6.086483],[5.7210456,6.086403],[5.7210509,6.0862963],[5.7211099,6.0861896],[5.7212762,6.0859496],[5.721641,6.0854641],[5.7218829,6.0849138],[5.7221307,6.0843718],[5.7223359,6.0839073],[5.7225624,6.0835342],[5.7226474,6.0832457],[5.7226615,6.0828867],[5.722612,6.0826052],[5.7224421,6.0823588],[5.7222227,6.0821336],[5.7220103,6.0820491],[5.7218334,6.0819013],[5.7212812,6.0814368],[5.7205593,6.0809511],[5.7200001,6.0805851],[5.719632,6.0803176],[5.7195046,6.0801276],[5.7194833,6.0799657],[5.7195187,6.0798038],[5.7196178,6.0795012],[5.7196391,6.079297],[5.7195824,6.079114],[5.7194055,6.0789521],[5.7191153,6.0788395],[5.7188392,6.0788043],[5.7186056,6.0788606],[5.7184003,6.0790155],[5.718188,6.0794448],[5.7180535,6.0795363],[5.7178695,6.0795363],[5.7176642,6.0794378],[5.717466,6.0792478],[5.716928,6.0788395],[5.7167086,6.0786073],[5.7166095,6.0784313],[5.7166166,6.0783468],[5.7167228,6.0782412],[5.7170059,6.0782483],[5.7172253,6.0782342],[5.7173103,6.0781286],[5.7172607,6.0779597],[5.7170696,6.0778752],[5.7166732,6.0777697],[5.7164042,6.0776359],[5.7161848,6.0775022],[5.7159583,6.0774388],[5.7157106,6.07746],[5.7151584,6.0775233],[5.7150027,6.0774388],[5.7149956,6.0773192],[5.715031,6.0769673],[5.7150947,6.0765238],[5.7152151,6.0761719],[5.7153849,6.0757918],[5.7154416,6.0755525],[5.7154557,6.0752498],[5.7153708,6.0750316],[5.7152009,6.0748205],[5.7149744,6.0746234],[5.7145922,6.0744193],[5.7142241,6.0742996],[5.7141816,6.0742011],[5.7142312,6.0740814],[5.7143798,6.0739336],[5.7146417,6.0737928],[5.7147691,6.0736521],[5.714847,6.0735042],[5.7148753,6.0733142],[5.7148116,6.0732016],[5.7145922,6.073089],[5.7142312,6.0728356],[5.7140188,6.0724766],[5.7138914,6.0720824],[5.7137711,6.0719698],[5.7136153,6.0718502],[5.713311,6.0717094],[5.7131199,6.0717164],[5.7129571,6.071822],[5.7127659,6.0719698],[5.7126527,6.0719487],[5.7125961,6.0718431],[5.7125819,6.0716812],[5.712504,6.0714138],[5.7123696,6.0711744],[5.7121926,6.0709492],[5.7119307,6.0707944],[5.7111945,6.0704143],[5.7108335,6.070182],[5.7104442,6.0698371],[5.7099204,6.0693585],[5.7096727,6.0689854],[5.709524,6.0687461],[5.7093329,6.0685209],[5.7090993,6.0684857],[5.7089153,6.0685912],[5.7088162,6.068725],[5.7086463,6.0689713],[5.7084906,6.0691332],[5.7081579,6.0693162],[5.7077544,6.0693796],[5.7075279,6.0693514],[5.707358,6.0692599],[5.7071315,6.0690769],[5.706898,6.0689924],[5.7066007,6.0689713],[5.7059305,6.0690285],[5.705821,6.0690166],[5.7054211,6.068904],[5.7052583,6.0688371],[5.7051911,6.0687914],[5.7051592,6.0687351],[5.7051592,6.0686541],[5.7052265,6.0685063],[5.7052123,6.0684043],[5.7051203,6.0682424],[5.7049278,6.0681502],[5.7047721,6.0681079],[5.7044395,6.0681044],[5.7037457,6.0681924],[5.7034272,6.0682276],[5.7031512,6.0681994],[5.7029884,6.068129],[5.7029247,6.0680234],[5.7028185,6.0677137],[5.7026699,6.0671929],[5.702592,6.0670591],[5.7024717,6.0669606],[5.702047,6.0667635],[5.7018983,6.0666368],[5.7018204,6.0664749],[5.7018134,6.0662356],[5.7017709,6.0659752],[5.701693,6.065771],[5.7015869,6.0656303],[5.7014241,6.0654895],[5.7013108,6.0654684],[5.7011126,6.0654824],[5.7008578,6.0655317],[5.7006171,6.0655106],[5.7004048,6.065398],[5.7001949,6.0652499],[5.6998696,6.0649831],[5.6996745,6.0648133],[5.6994306,6.0647001],[5.6991378,6.0646516],[5.6985849,6.0646678],[5.6983979,6.0645707],[5.6983329,6.064498],[5.6982841,6.0642958],[5.6983085,6.0641018],[5.6983735,6.0638754],[5.6983817,6.0637703],[5.6983085,6.0636005],[5.6981784,6.0634549],[5.6977231,6.06318],[5.6974059,6.0629051],[5.6973328,6.0627273],[5.6973653,6.0625817],[5.6974954,6.0623634],[5.6977962,6.0619753],[5.6982922,6.0614255],[5.6984142,6.0611263],[5.6984223,6.0608029],[5.6983329,6.0604472],[5.6981784,6.060245],[5.6979751,6.0601156],[5.6976905,6.0600429],[5.696975,6.060051],[5.6966579,6.0599701],[5.6965359,6.059865],[5.6965197,6.0597437],[5.6966335,6.0593718],[5.696666,6.0591696],[5.6966091,6.059016],[5.6964302,6.058919],[5.6962188,6.0588786],[5.6960481,6.0589271],[5.6958448,6.0590564],[5.6957391,6.0590726],[5.6956659,6.0590484],[5.6956171,6.0589513],[5.6956659,6.058822],[5.6956903,6.0586764],[5.6956741,6.0585875],[5.6955846,6.0585066],[5.6953651,6.0583934],[5.6947878,6.058159],[5.6943812,6.0578921],[5.6941861,6.0576496],[5.6941454,6.057504],[5.694178,6.0571644],[5.6940967,6.0567197],[5.6939572,6.0565248],[5.6935817,6.056242],[5.6933349,6.056098],[5.6930453,6.0560393],[5.6928521,6.056066],[5.6923157,6.0562954],[5.6921065,6.0563701],[5.6918812,6.0563914],[5.6917363,6.0563327],[5.6916291,6.0562154],[5.6915647,6.0560286],[5.6915754,6.0557993],[5.6917203,6.0549884],[5.6917363,6.0546897],[5.6916934,6.0545883],[5.6915754,6.0543803],[5.6913769,6.0542416],[5.6911463,6.0541936],[5.6908351,6.0542043],[5.6905347,6.0542789],[5.6894833,6.054631],[5.6892526,6.0547644],[5.689038,6.0550311],[5.6889147,6.0553245],[5.6889093,6.0554952],[5.6889308,6.0555966],[5.6890595,6.0557299],[5.6892419,6.05589],[5.6893385,6.0560073],[5.6893385,6.0560767],[5.6892151,6.056098],[5.6889898,6.056098],[5.6885338,6.056194],[5.6877667,6.0563914],[5.6873643,6.0565674],[5.6872356,6.0566154],[5.6870961,6.0565994],[5.6869996,6.0564981],[5.6869406,6.0563327],[5.6869245,6.056034],[5.6868869,6.055906],[5.6866294,6.0556339],[5.6863988,6.0555112],[5.6861144,6.0554739],[5.685932,6.0554632],[5.6857765,6.0553778],[5.6856531,6.0552125],[5.6856102,6.0550098],[5.6855619,6.054663],[5.6856066,6.0540573],[5.6855854,6.0537264],[5.6854438,6.0534449],[5.6852668,6.0532408],[5.6850686,6.0531704],[5.6847997,6.0531844],[5.6846298,6.0532689],[5.6845307,6.0534449],[5.6844599,6.0538039],[5.684382,6.054001],[5.6842546,6.0542262],[5.6841838,6.0542755],[5.6840706,6.0542403],[5.6839573,6.0541136],[5.6836317,6.0537335],[5.6833274,6.0534801],[5.6830867,6.0533393],[5.6829168,6.05329],[5.6827115,6.0532971],[5.6824001,6.0533675],[5.6822727,6.0533463],[5.6821594,6.0532619],[5.6819042,6.0530328],[5.6817164,6.0529101],[5.6815072,6.0528941],[5.6813463,6.0528355],[5.6812282,6.0527234],[5.6810458,6.0525367],[5.6810298,6.0524727],[5.6811102,6.0523927],[5.6813302,6.0522327],[5.6814535,6.0521153],[5.6814857,6.0519553],[5.6814643,6.0517952],[5.6813838,6.0516885],[5.6812121,6.0515925],[5.6808205,6.0514592],[5.6806864,6.0513578],[5.6805738,6.0511871],[5.6805201,6.0509951],[5.6804611,6.050707],[5.6803807,6.0505256],[5.6801983,6.0503496],[5.6800218,6.0503138],[5.6798609,6.0503458],[5.6796839,6.0504472],[5.6792494,6.0507032],[5.6788524,6.0509166],[5.6784983,6.0509913],[5.6782623,6.0510233],[5.6780799,6.0509859],[5.6779297,6.0509113],[5.6775059,6.0506125],[5.6772592,6.0504738],[5.6770285,6.0503991],[5.6767656,6.0504045],[5.6762024,6.0505325],[5.6759234,6.0505699],[5.6756981,6.0505432],[5.675387,6.0504632],[5.675108,6.0503991],[5.6749471,6.0503831],[5.6746413,6.0504258],[5.6741102,6.0505699],[5.6733324,6.0508259],[5.6725921,6.0510073],[5.6717875,6.05121],[5.6707843,6.0515354],[5.6705644,6.0515727],[5.6703337,6.0515674],[5.6700333,6.0515247],[5.6698115,6.0514874],[5.669356,6.0517679],[5.6695339,6.0517525],[5.6697372,6.0517768],[5.6700868,6.0519021],[5.6703185,6.0519547],[5.6706844,6.0519344],[5.6709527,6.0518576],[5.6716235,6.0516151],[5.6723878,6.0513968],[5.6729733,6.0512836],[5.6735302,6.0511299],[5.6742539,6.050855],[5.6746442,6.0507135],[5.6749206,6.0506933],[5.6752012,6.0507297],[5.6755305,6.050855],[5.6757297,6.0508954],[5.6759329,6.0508995],[5.6761484,6.0508752],[5.6765102,6.0507378],[5.676685,6.0507054],[5.6769981,6.0507216],[5.6772745,6.0508186],[5.677677,6.0511138],[5.6779941,6.0512472],[5.6783275,6.0512997],[5.67873,6.0512512],[5.6792016,6.0510935],[5.6795512,6.0509278],[5.6798683,6.0506327],[5.6799821,6.0506205],[5.6800878,6.050665],[5.6801814,6.0507499],[5.680222,6.0510329],[5.6802911,6.0513523],[5.6803968,6.0515423],[5.6805838,6.0516959],[5.6807952,6.0517929],[5.6811083,6.0518657],[5.6811489,6.0519183],[5.6811286,6.0520234],[5.6810148,6.0521245],[5.6808481,6.0521811],[5.6804675,6.0522671],[5.6802744,6.0523792],[5.6801295,6.0525339],[5.680033,6.0528379],[5.6800115,6.0530033],[5.6800866,6.0531313],[5.6802315,6.0532327],[5.6805802,6.0533661],[5.6807947,6.0534781],[5.6809449,6.0536221],[5.6810683,6.0539155],[5.6810844,6.0541716],[5.6810254,6.054609],[5.6809557,6.0549024],[5.6809986,6.0550571],[5.6810737,6.0551691],[5.6812614,6.0552705],[5.6815672,6.0553345],[5.6820983,6.0553398],[5.6826776,6.0552491],[5.6829029,6.0551211],[5.6830424,6.0549504],[5.6831122,6.054753],[5.6831014,6.0546197],[5.6830371,6.0544916],[5.682742,6.0542196],[5.6825435,6.0540382],[5.6824899,6.0539155],[5.6825006,6.0537448],[5.6826025,6.0536168],[5.6827635,6.0535901],[5.683021,6.0536755],[5.6832785,6.0538568],[5.6837398,6.0544009],[5.6838739,6.0545236],[5.6840617,6.0546197],[5.6842548,6.0546517],[5.6843889,6.054609],[5.6845069,6.0544863],[5.6846357,6.0543049],[5.6848341,6.0537661],[5.6849146,6.0536648],[5.6850702,6.0536595],[5.6851882,6.0537341],[5.6852526,6.0539155],[5.6853384,6.0549717],[5.6854081,6.0553078],[5.6855154,6.0555425],[5.6856978,6.0557506],[5.6857944,6.0558146],[5.6859124,6.0558146],[5.6861377,6.0557239],[5.6862664,6.0557346],[5.6864864,6.0559319],[5.6866044,6.0561987],[5.6867278,6.0566414],[5.6867761,6.0568548],[5.6869048,6.0569775],[5.6869906,6.0570095],[5.6871355,6.0569988],[5.687291,6.0569082],[5.687629,6.0567748],[5.6880582,6.0566254],[5.6887072,6.0565081],[5.6892866,6.0564921],[5.6895548,6.0564654],[5.6897265,6.0563854],[5.6898016,6.056268],[5.6897748,6.0561347],[5.689587,6.0558679],[5.6893885,6.0556492],[5.6892276,6.0555265],[5.6891632,6.0554305],[5.6891632,6.0553185],[5.6893081,6.0551264],[5.6895441,6.0549504],[5.6901395,6.054753],[5.6907833,6.054529],[5.6911856,6.054513],[5.6913304,6.054561],[5.6914216,6.0547264],[5.6914431,6.0549931],[5.6913304,6.0557986],[5.6913197,6.0561293],[5.6914163,6.056412],[5.6916148,6.0565988],[5.6918401,6.0566948],[5.6920171,6.0566948],[5.6923551,6.0566148],[5.6927842,6.05638],[5.6929612,6.0563374],[5.6931114,6.0563427],[5.6933153,6.0564601],[5.6936362,6.0567186],[5.6937707,6.0570565],[5.6937707,6.0573028],[5.6937778,6.0575774],[5.6938485,6.0577956],[5.6940467,6.0580208],[5.694429,6.0583375],[5.6948961,6.0585417],[5.6951864,6.0586261],[5.6952713,6.0587458],[5.6952501,6.0588443],[5.6951297,6.0589851],[5.6951085,6.0591118],[5.695151,6.0592596],[5.6953209,6.0594075],[5.6955898,6.059499],[5.6957243,6.059499],[5.696057,6.059323],[5.6962127,6.0593441],[5.6962764,6.0594356],[5.696241,6.0596257],[5.6962127,6.0599143],[5.696326,6.0601888],[5.6965666,6.0603366],[5.6968215,6.0603859],[5.6976284,6.0603507],[5.6978337,6.0603859],[5.6980036,6.0604985],[5.698131,6.060766],[5.6981239,6.0609912],[5.6980814,6.0611601],[5.6979894,6.0612868],[5.6976921,6.0615965],[5.6973594,6.0619274],[5.6971895,6.0621878],[5.6970409,6.0625468],[5.6970055,6.0627931],[5.6970267,6.063124],[5.6972108,6.0633985],[5.6975081,6.0636237],[5.6978832,6.0637997],[5.6979469,6.0638841],[5.697954,6.064046],[5.6979115,6.0643276],[5.697862,6.0645458],[5.6978761,6.0646725],[5.6979965,6.0648203],[5.6981451,6.064947],[5.6984707,6.0650103],[5.6988455,6.0649527],[5.6991004,6.0649316],[5.6993835,6.065002],[5.699702,6.0652202],[5.7000843,6.0655581],[5.7002704,6.0656521],[5.7004676,6.0657563],[5.7006895,6.0657992],[5.7008682,6.0657992],[5.7011455,6.0657318],[5.7012872,6.0657624],[5.7013673,6.0658421],[5.7014597,6.0659769],[5.7015522,6.0663446],[5.701546,6.0666203],[5.7015706,6.0667428],[5.7016692,6.0669022],[5.7018603,6.0670186],[5.7021067,6.0670676],[5.7022546,6.0671411],[5.7023532,6.0672453],[5.702421,6.0674108],[5.7025381,6.0677907],[5.7026182,6.068048],[5.702686,6.0681706],[5.7028462,6.0683728],[5.7030003,6.0685076],[5.7032098,6.0685872],[5.703407,6.0685995],[5.7037089,6.0685811],[5.7041033,6.0684831],[5.7044175,6.0684647],[5.7046702,6.0685015],[5.7047996,6.068575],[5.7048674,6.0686669],[5.7048859,6.0689488],[5.7048982,6.0690407],[5.7049475,6.0691142],[5.7050522,6.0691632],[5.7051841,6.0691947],[5.7052783,6.0692242],[5.7054096,6.0692943],[5.7056547,6.069358],[5.7058069,6.0693791],[5.7059241,6.0693733],[5.7065356,6.0693114],[5.7068414,6.0693861],[5.7071686,6.0695301],[5.70741,6.0696634],[5.7075978,6.0697861],[5.7077587,6.0698395],[5.7079035,6.0698501],[5.708043,6.0698075],[5.7086116,6.0695088],[5.708853,6.0693434],[5.7089979,6.069098],[5.7090461,6.0690073],[5.7091749,6.068954],[5.7092983,6.0689967],[5.7094431,6.0691193],[5.7095933,6.0693754],[5.7099205,6.0697861],[5.7102049,6.0700582],[5.7106126,6.0703836],[5.7111007,6.0707303],[5.7115406,6.0710184],[5.7119698,6.0714078],[5.7121468,6.0715838],[5.7121897,6.0716638],[5.7121843,6.0717812],[5.7121414,6.0718825],[5.712077,6.0720586],[5.7120609,6.0722773],[5.7120609,6.0724053],[5.712179,6.0725333],[5.7123721,6.0726133],[5.7128656,6.0725547],[5.7130641,6.072432],[5.7131553,6.0723253],[5.713225,6.0721546],[5.7133323,6.0721172],[5.7134128,6.0722026],[5.7135362,6.072496],[5.7138473,6.0729974],[5.713976,6.0730988],[5.714196,6.0732108],[5.7143301,6.0732855],[5.7143462,6.0734028],[5.7143194,6.0735202],[5.7140726,6.0737975],[5.7139063,6.0739682],[5.7138312,6.0741016],[5.7138258,6.0743043],[5.7139117,6.0744643],[5.7140404,6.074555],[5.7146466,6.0747417],[5.7148344,6.0748217],[5.7150489,6.0751151],[5.7151133,6.0752858],[5.7150972,6.0755845],[5.7149255,6.076054],[5.7147271,6.0766301],[5.7146841,6.0767954],[5.7146681,6.0770301],[5.7146305,6.0771368],[5.7145608,6.0772382],[5.7144749,6.0773288],[5.714432,6.0774249],[5.7144213,6.0775315],[5.714491,6.0776756],[5.714609,6.0778143],[5.7147485,6.0778783],[5.7149095,6.0778729],[5.7154083,6.0778303],[5.715816,6.0777609],[5.7159341,6.0777716],[5.7161111,6.0779103],[5.7162237,6.0781663],[5.716272,6.0785077],[5.7163471,6.0787318],[5.7164383,6.0789078],[5.7165563,6.0790518],[5.7169479,6.0792972],[5.7171571,6.0794412],[5.717361,6.0797293],[5.7175273,6.0798946],[5.717699,6.0799906],[5.7179779,6.0800333],[5.7182354,6.0799853],[5.7184339,6.0798786],[5.7186002,6.0796866],[5.7187128,6.0794039],[5.7188738,6.0792812],[5.7190615,6.0792492],[5.7192385,6.0792759],[5.7192922,6.0793665],[5.71926,6.0794946],[5.7191098,6.0797666],[5.7190454,6.079948],[5.7190454,6.0800813],[5.7190883,6.0802253],[5.7192868,6.0805134],[5.7194692,6.0806894],[5.7197052,6.0807961],[5.7200003,6.0809615],[5.7207942,6.0815696],[5.7214272,6.082023],[5.7219154,6.0823324],[5.7221675,6.0825404],[5.7223231,6.0827218],[5.722366,6.0829191],[5.7223606,6.0831432],[5.7222909,6.0833352],[5.7220817,6.0836553],[5.7219154,6.0838953],[5.7217759,6.084274],[5.7216418,6.0847434],[5.7214433,6.0851222],[5.720982,6.0858423],[5.7208103,6.0860823],[5.7206655,6.0863704],[5.7206333,6.086525],[5.7206547,6.0866531],[5.7207728,6.0867491],[5.7209444,6.0868131],[5.7212663,6.0868504],[5.7215613,6.0868238],[5.7218993,6.0867064],[5.7220441,6.0867971],[5.7220549,6.0868931],[5.7219905,6.0870638],[5.7217545,6.0873518],[5.7216042,6.0875385],[5.7214433,6.0878373],[5.7213146,6.08804],[5.7211429,6.0882],[5.7210624,6.0882693],[5.7210249,6.08836],[5.7210517,6.0884347],[5.7212395,6.0885307],[5.7213789,6.0885414],[5.7215023,6.0886267],[5.7217008,6.0889681],[5.7217223,6.0891708],[5.7216793,6.0893682],[5.7214165,6.0896775],[5.7210839,6.0900349],[5.7209391,6.0903123],[5.7208479,6.0905737],[5.7208103,6.0909364],[5.7208479,6.0914111],[5.7207406,6.0919392],[5.7207352,6.0920779],[5.7208371,6.0923073],[5.7211536,6.0926113],[5.721218,6.0927713],[5.7212448,6.0929154],[5.7212395,6.0931341],[5.721159,6.0934168],[5.7210785,6.0935661],[5.7210785,6.0937368],[5.7211375,6.0939075],[5.721218,6.0940035],[5.7216364,6.0940995],[5.7222748,6.0943929],[5.7226503,6.0946009],[5.7229614,6.0947663],[5.723514,6.0949156],[5.7235944,6.0949423],[5.7236964,6.0949476],[5.7237715,6.094905],[5.7238305,6.0948143],[5.7239646,6.0944569],[5.7240129,6.0943822],[5.724088,6.0943556],[5.7241363,6.0944302],[5.7241202,6.0945636],[5.7240719,6.0948143],[5.7240878,6.0952744],[5.7242081,6.0956193],[5.724378,6.0959501],[5.7247106,6.0961542],[5.7250079,6.0962316],[5.7252911,6.0961823],[5.7254468,6.0961119],[5.7254964,6.0959993],[5.7253973,6.0958375],[5.7252911,6.0957178],[5.7252698,6.0956263],[5.7254185,6.0955348],[5.725645,6.0954996],[5.7259777,6.0952955],[5.7263387,6.0949506],[5.7265793,6.0947817],[5.7267775,6.0948028],[5.7269403,6.0948732],[5.727004,6.0951125],[5.726997,6.0954644],[5.72682,6.0960134],[5.7265935,6.0965835],[5.7264661,6.0969214],[5.7265227,6.0971536],[5.7266289,6.097414],[5.7269899,6.0977589],[5.7272872,6.0979701],[5.7276765,6.0980827],[5.7281932,6.0981179],[5.7284976,6.0981531],[5.7287878,6.0982516],[5.7290143,6.0982798],[5.7293258,6.0982023],[5.7296089,6.097956],[5.7296938,6.0977519],[5.7296726,6.097597],[5.7294886,6.0975548],[5.7293399,6.0976322],[5.729255,6.0976956],[5.7291346,6.0976745],[5.7290497,6.0975407],[5.7290285,6.0973648],[5.729163,6.0969495],[5.7292685,6.0967884],[5.7291277,6.0966792],[5.7290454,6.0966154],[5.7288347,6.0969379],[5.728706,6.0972899],[5.7287489,6.0975726],[5.7287435,6.0976633]],[[5.6828064,6.0546783],[5.6828064,6.054785],[5.6827581,6.0549077],[5.6826079,6.0550197],[5.6823719,6.0550571],[5.68205,6.0550624],[5.6816209,6.0550518],[5.6814063,6.0550251],[5.6813204,6.0549504],[5.6812829,6.0548544],[5.6812936,6.054705],[5.6813848,6.0543903],[5.6814116,6.0540755],[5.6813419,6.0538408],[5.681181,6.0534887],[5.6810308,6.0532807],[5.6807196,6.0531047],[5.6804997,6.0529713],[5.6804192,6.0528486],[5.6804246,6.0527366],[5.6805051,6.0526299],[5.6806499,6.0524965],[5.6807518,6.0524645],[5.6808376,6.0524805],[5.6809288,6.0525819],[5.6811702,6.0528219],[5.6813365,6.052934],[5.6814438,6.0529713],[5.6816423,6.0530246],[5.6818247,6.0531153],[5.6821841,6.0534247],[5.6822324,6.0535154],[5.6821788,6.0536915],[5.6821788,6.0538782],[5.6822431,6.0541075],[5.6824148,6.0543263],[5.6827152,6.0545663],[5.6828064,6.0546783]],[[5.7231977,6.092205],[5.7233425,6.0922744],[5.7235088,6.092317],[5.7236375,6.0923277],[5.7238629,6.0923437],[5.7240238,6.0923704],[5.7241954,6.0924184],[5.7243081,6.0924771],[5.7244315,6.0926051],[5.7245871,6.0927438],[5.7247051,6.0928238],[5.724866,6.0928558],[5.7249518,6.0928131],[5.7251342,6.0926798],[5.725204,6.0926798],[5.7252576,6.0927384],[5.7253005,6.0928451],[5.7253273,6.0929625],[5.7253703,6.0930745],[5.7254561,6.0931598],[5.7255795,6.0932345],[5.7256385,6.0933305],[5.7256277,6.0934425],[5.725499,6.0937626],[5.7254078,6.0938906],[5.725322,6.0939119],[5.7251986,6.0939759],[5.725145,6.0940613],[5.725145,6.0941893],[5.7251074,6.094584],[5.7250859,6.0947547],[5.7249947,6.0949628],[5.724925,6.0950641],[5.7248714,6.0950641],[5.7247909,6.0950268],[5.7247051,6.0948561],[5.7246836,6.0946907],[5.724689,6.094552],[5.7246943,6.0943813],[5.7246675,6.0942747],[5.7245656,6.0941466],[5.7244422,6.0940773],[5.7242169,6.0940293],[5.723954,6.094024],[5.7238521,6.0940826],[5.723777,6.0942106],[5.7236536,6.0945467],[5.7235839,6.094616],[5.7234713,6.094664],[5.723364,6.0946427],[5.7231428,6.094579],[5.722796,6.0944242],[5.7224845,6.0942271],[5.72235,6.0941426],[5.7218887,6.0939599],[5.7214328,6.0937999],[5.7213469,6.0937252],[5.721304,6.0936506],[5.7213148,6.0935706],[5.721406,6.0934425],[5.7215293,6.0931705],[5.7215615,6.0929465],[5.7215347,6.0927171],[5.7214811,6.0924664],[5.7213148,6.0923224],[5.7211324,6.0920983],[5.7210412,6.0918743],[5.7210143,6.0917356],[5.7210626,6.0914902],[5.7211109,6.0912022],[5.7211324,6.0909835],[5.7211055,6.0906688],[5.7211216,6.0904874],[5.7212128,6.0903061],[5.7213738,6.0900874],[5.7214596,6.0900554],[5.7215401,6.090082],[5.7217225,6.0903007],[5.7218673,6.0905194],[5.7219746,6.0906688],[5.7220604,6.0907968],[5.7221194,6.0909302],[5.7221462,6.0911542],[5.7222106,6.0913302],[5.7222696,6.0914476],[5.722688,6.091821],[5.7231977,6.092205]]],[[[5.6610913,6.1075125],[5.6611485,6.1071976],[5.6611485,6.1071391],[5.6609362,6.1070839],[5.6608872,6.1071034],[5.660804,6.107446],[5.6608105,6.1074898],[5.6610603,6.1075466],[5.6610913,6.1075125]]],[[[5.7440132,6.1417274],[5.744306,6.1420912],[5.7444977,6.1421734],[5.7443476,6.1410766],[5.7442897,6.1410968],[5.7441108,6.1411777],[5.7439482,6.1413474],[5.7439319,6.14159],[5.7440132,6.1417274]]],[[[5.7514318,6.1582083],[5.7511904,6.157851],[5.7510402,6.1576323],[5.7509222,6.1575043],[5.7507881,6.157371],[5.7505896,6.1572803],[5.7502892,6.1572749],[5.7499673,6.1572909],[5.749801,6.1572376],[5.7496615,6.1571309],[5.749624,6.1570296],[5.749624,6.1568749],[5.7496508,6.1566083],[5.7496723,6.1563736],[5.7496723,6.1561923],[5.7495972,6.1559629],[5.749404,6.1555416],[5.7493879,6.1554296],[5.7494577,6.1553869],[5.7496133,6.1554189],[5.7498922,6.1554882],[5.7500639,6.1554882],[5.7503428,6.1553976],[5.7505502,6.1552521],[5.7501537,6.1546103],[5.7494363,6.1534491],[5.7493959,6.1536273],[5.7494366,6.1538617],[5.7495585,6.1541123],[5.7499651,6.1545731],[5.7500301,6.1547106],[5.750022,6.1548318],[5.7499407,6.1549288],[5.7497862,6.1549208],[5.7494203,6.1547267],[5.749217,6.1546621],[5.7489894,6.1547187],[5.7486479,6.1549046],[5.748469,6.1551875],[5.7484527,6.1553896],[5.748534,6.1556322],[5.7486804,6.1558666],[5.7488511,6.1559879],[5.7490788,6.1560444],[5.7491601,6.156101],[5.7492414,6.1563678],[5.749217,6.1566103],[5.7491683,6.156966],[5.7491926,6.1572409],[5.7492984,6.1574187],[5.749526,6.1575723],[5.7498106,6.1576612],[5.7501277,6.1576774],[5.7505017,6.1577744],[5.7507782,6.1579119],[5.7510286,6.1582618],[5.7512593,6.1585444],[5.7515168,6.1587364],[5.7522946,6.1590298],[5.7529667,6.1591634],[5.7529254,6.1590966],[5.7527015,6.1587342],[5.7519629,6.158571],[5.7517322,6.158475],[5.7515874,6.1583736],[5.7514318,6.1582083]]],[[[5.7537945,6.160692],[5.7540412,6.1609027],[5.7535398,6.1600911],[5.7536312,6.1604408],[5.7537945,6.160692]]],[[[5.7540868,6.1880962],[5.7542709,6.1877655],[5.7543994,6.1875779],[5.7544168,6.1872937],[5.7544418,6.1868836],[5.754322,6.1870185],[5.754168,6.1872819],[5.7537182,6.187968],[5.7533854,6.18855],[5.7533299,6.1887338],[5.7533484,6.1889666],[5.7534593,6.1892117],[5.7537859,6.1895792],[5.7542642,6.1897961],[5.7542783,6.1895649],[5.7543086,6.189067],[5.7541505,6.1889547],[5.7540727,6.1888562],[5.7539807,6.1886803],[5.7539736,6.1884481],[5.7540868,6.1880962]]],[[[5.7569715,6.2015134],[5.7563492,6.2013961],[5.7561829,6.2013801],[5.7560327,6.2014334],[5.7558396,6.2015988],[5.7556572,6.2016894],[5.7555607,6.2016841],[5.7554534,6.2016414],[5.75533,6.2015668],[5.7552602,6.2015668],[5.7551261,6.2016201],[5.7550189,6.2017214],[5.7550242,6.2018227],[5.7551583,6.2018601],[5.755271,6.2018227],[5.7553568,6.2018814],[5.7553514,6.2019667],[5.7552602,6.2021694],[5.7550189,6.202436],[5.7548955,6.2025107],[5.7547292,6.2025214],[5.7546433,6.2024627],[5.7546058,6.2023507],[5.7546058,6.2022014],[5.7546594,6.2019721],[5.7546916,6.2017267],[5.7546916,6.2013588],[5.7547506,6.2006655],[5.7547989,6.2004521],[5.7548955,6.2002495],[5.7550993,6.1999455],[5.7552334,6.1997109],[5.7552924,6.1994655],[5.75533,6.1990976],[5.7553085,6.1988896],[5.7552334,6.1987616],[5.7550671,6.1986602],[5.7549277,6.1986069],[5.7548043,6.1986069],[5.7546433,6.1986976],[5.7544931,6.1987616],[5.7543376,6.1987829],[5.7540908,6.1987456],[5.7537743,6.1986336],[5.75349,6.1984843],[5.7532861,6.1982923],[5.7531949,6.1981163],[5.7531413,6.1978496],[5.7531359,6.1975296],[5.7531949,6.1969857],[5.7531879,6.1965829],[5.7530888,6.1963155],[5.7528693,6.1960763],[5.752565,6.1959707],[5.7523031,6.1959074],[5.7520978,6.1959004],[5.7519562,6.1959285],[5.7517722,6.19602],[5.7514961,6.1961748],[5.7513475,6.1962241],[5.7512059,6.1961959],[5.7510927,6.1960974],[5.7509511,6.1958863],[5.7509016,6.1957666],[5.750944,6.195647],[5.7511139,6.1955485],[5.7517085,6.1953444],[5.7519279,6.1951826],[5.7521332,6.1949644],[5.7522818,6.1946548],[5.7523526,6.1944648],[5.7523243,6.1941903],[5.7522818,6.1940003],[5.7521544,6.1938878],[5.7519775,6.1938174],[5.7517439,6.1937752],[5.7516165,6.1937259],[5.7515315,6.1936415],[5.7515032,6.193557],[5.7516023,6.1934022],[5.7518005,6.1932755],[5.7522748,6.193177],[5.7529543,6.1931207],[5.7533931,6.1930855],[5.7537117,6.1930152],[5.7539736,6.1928603],[5.7540842,6.1927479],[5.7541095,6.1923331],[5.7541536,6.1916101],[5.7539807,6.1915444],[5.7538462,6.1915514],[5.7535135,6.1917063],[5.7533578,6.1918048],[5.753195,6.1917977],[5.7531029,6.1917344],[5.7530959,6.1916429],[5.7532303,6.1914459],[5.7535984,6.191094],[5.7539877,6.1908548],[5.7542057,6.1907549],[5.7542185,6.1905453],[5.7542311,6.1903391],[5.7541495,6.1903818],[5.7537265,6.1906033],[5.7533444,6.1908135],[5.7531086,6.1910317],[5.7527346,6.1915248],[5.7526776,6.1917188],[5.7527264,6.1918562],[5.7528565,6.1920179],[5.7532062,6.1920987],[5.7533932,6.1920826],[5.7536371,6.1919694],[5.753816,6.1919209],[5.7539786,6.1920098],[5.7540355,6.1921796],[5.7540111,6.1923574],[5.753881,6.1925272],[5.7535558,6.1927535],[5.7531411,6.1928667],[5.7528159,6.1928828],[5.7519215,6.1929556],[5.7516775,6.1930041],[5.7513767,6.1932062],[5.751149,6.1935457],[5.7510857,6.1936805],[5.7509783,6.1939094],[5.7509051,6.1941358],[5.7509458,6.1943944],[5.7511409,6.1946693],[5.7514011,6.1948552],[5.7515257,6.1949812],[5.7513874,6.1950628],[5.7511943,6.1951641],[5.7510404,6.1952191],[5.7508402,6.1952494],[5.7506739,6.1952868],[5.7505762,6.1954073],[5.7505526,6.1954981],[5.7505365,6.1956208],[5.7506009,6.1959514],[5.7507404,6.1962501],[5.7509657,6.1965007],[5.7511051,6.1965914],[5.7512339,6.1966447],[5.7513713,6.1966415],[5.7514699,6.1966287],[5.7518025,6.1965167],[5.7521458,6.1964527],[5.7523926,6.1964634],[5.7525964,6.1965487],[5.7527681,6.1966821],[5.752812,6.1967622],[5.752881,6.1969298],[5.7528861,6.1970447],[5.7527896,6.1974287],[5.7527574,6.197706],[5.7527735,6.1980153],[5.7528618,6.1982563],[5.7530455,6.1985852],[5.7533817,6.1988452],[5.753774,6.1990356],[5.7539888,6.1991238],[5.754283,6.1991284],[5.7545585,6.1990959],[5.754694,6.1990356],[5.7547967,6.1990402],[5.7549321,6.1991145],[5.7549882,6.1992213],[5.7549975,6.1994441],[5.7549415,6.1995973],[5.7546846,6.1998945],[5.7544745,6.2001591],[5.7544138,6.2003402],[5.7543754,6.2007069],[5.7543673,6.2012162],[5.7543998,6.2018628],[5.7543958,6.2020205],[5.7543592,6.2020932],[5.7542779,6.2021943],[5.7542657,6.2023196],[5.7543185,6.2025338],[5.7545015,6.2027601],[5.7546925,6.2029056],[5.7548104,6.202946],[5.7550015,6.202942],[5.755217,6.2028409],[5.7554284,6.202651],[5.7555747,6.2024691],[5.7556601,6.2023115],[5.7557862,6.2020447],[5.7559528,6.2018669],[5.7560951,6.2017861],[5.7563228,6.2017578],[5.7568066,6.2017982],[5.7572294,6.2018022],[5.7574489,6.2017739],[5.7576359,6.2017052],[5.7579165,6.2015072],[5.7580669,6.2014061],[5.758262,6.2013698],[5.75851,6.20139],[5.7586406,6.2014282],[5.7584139,6.201078],[5.7581839,6.2010814],[5.7577815,6.2012201],[5.7572773,6.2014761],[5.7571217,6.2015134],[5.7569715,6.2015134]]],[[[5.7592473,6.2023654],[5.7592045,6.2022993],[5.7592195,6.2023711],[5.7592473,6.2023654]]],[[[5.6380516,6.2228305],[5.6380624,6.2228171],[5.6380597,6.2227798],[5.6380865,6.2227531],[5.6381133,6.2227371],[5.6381106,6.2227078],[5.6380932,6.2226785],[5.638065,6.2226598],[5.6380463,6.2226331],[5.6380342,6.2225878],[5.6380409,6.2225238],[5.6380449,6.2224745],[5.6380932,6.2224812],[5.6380865,6.2225372],[5.6381214,6.2225225],[5.6381375,6.2224825],[5.6381093,6.2224358],[5.6380597,6.2223772],[5.6380449,6.2223198],[5.6380597,6.2222678],[5.6380704,6.2222412],[5.6380664,6.2222079],[5.638061,6.2221559],[5.6380919,6.2221625],[5.6381187,6.2221719],[5.6381442,6.2221745],[5.6381683,6.2221932],[5.6381415,6.2222212],[5.638116,6.2222332],[5.6381334,6.2222585],[5.6381817,6.2222358],[5.6382246,6.2222305],[5.6382112,6.2221865],[5.6381723,6.2221559],[5.6381442,6.2221279],[5.6381281,6.2220892],[5.6381053,6.2220719],[5.6380784,6.2220652],[5.6380664,6.2220905],[5.6380476,6.2221105],[5.6380208,6.2221079],[5.637998,6.2220865],[5.6379805,6.2220732],[5.6379591,6.2220759],[5.6379417,6.2220799],[5.6379215,6.2220585],[5.6379041,6.2220465],[5.6378853,6.2220785],[5.6378478,6.2221319],[5.6378531,6.2222065],[5.6378505,6.2223052],[5.6378746,6.2223478],[5.6378961,6.2223905],[5.6379014,6.2224545],[5.6379175,6.2225265],[5.6379309,6.2225665],[5.637939,6.2226171],[5.6379604,6.2226438],[5.6379899,6.2226625],[5.6380087,6.2227051],[5.6379792,6.2227558],[5.6379443,6.2227905],[5.637939,6.2228465],[5.6379631,6.2228598],[5.6379846,6.2228305],[5.6380074,6.2228118],[5.6380342,6.2228251],[5.6380516,6.2228305]]],[[[5.6340454,6.2371119],[5.6340883,6.2372314],[5.6344745,6.2371717],[5.6344745,6.2370693],[5.6340454,6.2371119]]],[[[5.6340626,6.2372911],[5.6340883,6.2374191],[5.6345089,6.2374106],[5.6344917,6.2372655],[5.6340626,6.2372911]]],[[[5.634526,6.2374874],[5.6340969,6.2374703],[5.6341141,6.2375897],[5.634526,6.2375727],[5.634526,6.2374874]]],[[[5.6345432,6.2376324],[5.6341398,6.237658],[5.6341741,6.2378116],[5.634569,6.2377689],[5.6345432,6.2376324]]],[[[5.6889344,6.328771],[5.689252,6.3291634],[5.6899644,6.3286174],[5.6905995,6.3281653],[5.6904021,6.3278582],[5.6889344,6.328771]]],[[[5.6476358,6.3735345],[5.6477667,6.3733341],[5.6477136,6.3732672],[5.6475367,6.3735029],[5.6475048,6.3736049],[5.6475048,6.3737597],[5.6474765,6.3738546],[5.6474397,6.3738889],[5.6474424,6.3738925],[5.6475231,6.3740009],[5.6475437,6.3739848],[5.6476004,6.3739109],[5.6476287,6.3737878],[5.6476287,6.3736506],[5.6476358,6.3735345]]]]}},{"type":"Feature","properties":{"kind":"road","id":"road-26237445-0","name":"King's Square","osmWay":26237445,"major":true,"bridge":false},"geometry":{"type":"LineString","coordinates":[[5.6225102,6.333821],[5.6218779,6.3336798],[5.6215963,6.3334586],[5.6214332,6.3330953],[5.6215319,6.3326401],[5.6219503,6.3322749],[5.6225324,6.3320403],[5.623078,6.3320239],[5.6235734,6.3322043],[5.6238198,6.3325575],[5.6237077,6.3331502],[5.6231369,6.3336401],[5.6225102,6.333821]]}},{"type":"Feature","properties":{"kind":"road","id":"road-26237451-0","name":"1st Ibiwe Street","osmWay":26237451,"major":false,"bridge":false},"geometry":{"type":"LineString","coordinates":[[5.6208715,6.3351469],[5.6208668,6.3368283],[5.6206946,6.3373193],[5.6202672,6.3378516]]}},{"type":"Feature","properties":{"kind":"road","id":"road-27555546-0","name":"A2","osmWay":27555546,"major":true,"bridge":false},"geometry":{"type":"LineString","coordinates":[[5.664117,6.0527392],[5.6635873,6.056376],[5.6628566,6.0680805],[5.6630284,6.0710609],[5.6645425,6.0835724],[5.6645617,6.085577],[5.6642745,6.0881123],[5.6480154,6.1635178],[5.6440853,6.1796543],[5.6381858,6.2056692],[5.6376399,6.2127727]]}},{"type":"Feature","properties":{"kind":"road","id":"road-30109968-0","name":"Unnamed mapped trunk_link","osmWay":30109968,"major":false,"bridge":false},"geometry":{"type":"LineString","coordinates":[[5.6376399,6.2127727],[5.6378075,6.213366],[5.6382359,6.2138492],[5.6392135,6.2140537]]}},{"type":"Feature","properties":{"kind":"road","id":"road-30109970-0","name":"Unnamed mapped trunk_link","osmWay":30109970,"major":false,"bridge":false},"geometry":{"type":"LineString","coordinates":[[5.6371641,6.2132761],[5.6369787,6.2127967],[5.6366471,6.2127072],[5.6362084,6.2129334],[5.6359336,6.2132983],[5.6358844,6.2136686],[5.636099,6.2139619],[5.6369369,6.2140426]]}},{"type":"Feature","properties":{"kind":"road","id":"road-30109971-0","name":"Unnamed mapped trunk_link","osmWay":30109971,"major":false,"bridge":false},"geometry":{"type":"LineString","coordinates":[[5.6369329,6.2141843],[5.6363209,6.2141698],[5.6359299,6.2143353],[5.6357863,6.2146323],[5.6358693,6.2151928],[5.6362271,6.215621],[5.6368166,6.2157047],[5.6370367,6.2153993],[5.6371257,6.2146087]]}},{"type":"Feature","properties":{"kind":"road","id":"road-30109972-0","name":"Unnamed mapped trunk_link","osmWay":30109972,"major":false,"bridge":false},"geometry":{"type":"LineString","coordinates":[[5.6386778,6.214182],[5.6378143,6.2146565],[5.6374824,6.215562]]}},{"type":"Feature","properties":{"kind":"road","id":"road-30109973-0","name":"A2","osmWay":30109973,"major":true,"bridge":false},"geometry":{"type":"LineString","coordinates":[[5.6376399,6.2127727],[5.6373835,6.2175694],[5.6371369,6.2356957],[5.6368005,6.2409747],[5.6367279,6.2495347],[5.6362931,6.2562914],[5.6311718,6.2992835],[5.6308296,6.3048262],[5.6306174,6.3058664],[5.6295342,6.3088189],[5.6290855,6.3110533],[5.6278292,6.3137338],[5.6278394,6.3141563]]}},{"type":"Feature","properties":{"kind":"road","id":"road-30109974-0","name":"Unnamed mapped trunk","osmWay":30109974,"major":true,"bridge":false},"geometry":{"type":"LineString","coordinates":[[5.6377566,6.2140446],[5.6507432,6.2142394],[5.6534703,6.2143952],[5.6557603,6.2149399],[5.6577873,6.2157698],[5.6588051,6.2163204],[5.6842097,6.236349],[5.6856259,6.2376608],[5.686412,6.2386755],[5.688839,6.2424655],[5.6899292,6.2438323],[5.6911492,6.2449981],[5.6941903,6.2474515],[5.6966748,6.2491622],[5.6979158,6.2497591],[5.7027683,6.251493],[5.7049355,6.252817],[5.7430118,6.2830647],[5.7444093,6.2844516],[5.7454157,6.2861651],[5.7458928,6.2874646],[5.7461985,6.2895444]]}},{"type":"Feature","properties":{"kind":"road","id":"road-30109991-0","name":"Akpakpava Road","osmWay":30109991,"major":true,"bridge":false},"geometry":{"type":"LineString","coordinates":[[5.6238052,6.3329048],[5.6239262,6.3332788],[5.6330297,6.3414546],[5.6363989,6.3444049],[5.6379428,6.3452946],[5.6389857,6.3465284],[5.6435614,6.3506104],[5.6443524,6.3510323],[5.6467729,6.3515823]]}},{"type":"Feature","properties":{"kind":"road","id":"road-30109992-0","name":"Oba Market Road","osmWay":30109992,"major":true,"bridge":false},"geometry":{"type":"LineString","coordinates":[[5.6158632,6.3375509],[5.6182125,6.3362238],[5.6199509,6.3355779],[5.6208474,6.3350616],[5.6218283,6.3342343],[5.6215963,6.3334586]]}},{"type":"Feature","properties":{"kind":"road","id":"road-30109994-0","name":"Tv Road","osmWay":30109994,"major":false,"bridge":false},"geometry":{"type":"LineString","coordinates":[[5.6183148,6.3545992],[5.6118283,6.3484923],[5.6103916,6.3457549]]}},{"type":"Feature","properties":{"kind":"road","id":"road-30109995-0","name":"Siluko Road","osmWay":30109995,"major":true,"bridge":false},"geometry":{"type":"LineString","coordinates":[[5.6101187,6.3450571],[5.6134638,6.3416426],[5.6141965,6.3400262],[5.6150683,6.3387175]]}},{"type":"Feature","properties":{"kind":"road","id":"road-30109998-0","name":"Sakponba Road","osmWay":30109998,"major":false,"bridge":false},"geometry":{"type":"LineString","coordinates":[[5.6367537,6.3207178],[5.6399552,6.3154901],[5.6426389,6.3119045],[5.6436239,6.3109944],[5.6455975,6.3102795],[5.6461398,6.3099626],[5.6488757,6.3077904],[5.6502022,6.3064593],[5.6512347,6.3049053],[5.6561936,6.2958986],[5.6576706,6.2940386],[5.6598245,6.2921532],[5.6614489,6.2911667],[5.6640282,6.2899853],[5.7160684,6.2672916],[5.7187486,6.2668616],[5.7192636,6.266523],[5.7202271,6.265356]]}},{"type":"Feature","properties":{"kind":"road","id":"road-30110004-0","name":"Zabayor Street","osmWay":30110004,"major":false,"bridge":false},"geometry":{"type":"LineString","coordinates":[[5.6147999,6.3379333],[5.611276,6.3325133]]}},{"type":"Feature","properties":{"kind":"road","id":"road-30110005-0","name":"Stadium Road","osmWay":30110005,"major":false,"bridge":false},"geometry":{"type":"LineString","coordinates":[[5.6076608,6.3350742],[5.6135408,6.3309003]]}},{"type":"Feature","properties":{"kind":"road","id":"road-30110006-0","name":"Akenzua Street","osmWay":30110006,"major":false,"bridge":false},"geometry":{"type":"LineString","coordinates":[[5.6149649,6.3348321],[5.6115779,6.325367],[5.6125252,6.3233949]]}},{"type":"Feature","properties":{"kind":"road","id":"road-30110007-0","name":"Mission Road","osmWay":30110007,"major":false,"bridge":false},"geometry":{"type":"LineString","coordinates":[[5.6292124,6.3459281],[5.6362185,6.3573674],[5.6447067,6.370228]]}},{"type":"Feature","properties":{"kind":"road","id":"road-30110009-0","name":"Edo Textile Mill road","osmWay":30110009,"major":false,"bridge":false},"geometry":{"type":"LineString","coordinates":[[5.6183762,6.3589269],[5.5995394,6.3590088]]}},{"type":"Feature","properties":{"kind":"road","id":"road-30110376-0","name":"Lucky Igbinedion Way","osmWay":30110376,"major":false,"bridge":false},"geometry":{"type":"LineString","coordinates":[[5.6605332,6.3509102],[5.6602907,6.3532141],[5.6603175,6.370062],[5.660505,6.3774421]]}},{"type":"Feature","properties":{"kind":"road","id":"road-30110377-0","name":"SAINT SAVIOUR ROAD","osmWay":30110377,"major":false,"bridge":false},"geometry":{"type":"LineString","coordinates":[[5.6788368,6.3116841],[5.6780092,6.3130191],[5.6777516,6.313243],[5.6740827,6.3144369],[5.6712265,6.3156172],[5.6697931,6.3160364],[5.6680118,6.316149],[5.6663959,6.3165795],[5.6652823,6.3172272],[5.6633422,6.3170434],[5.6594216,6.3177791],[5.6564119,6.319036],[5.6530893,6.320013],[5.6488234,6.3217257],[5.6454741,6.3228551],[5.6437701,6.3228191],[5.6431009,6.3226138],[5.640129,6.3214795],[5.6371544,6.3199386]]}},{"type":"Feature","properties":{"kind":"road","id":"road-30110378-0","name":"Dawson Road","osmWay":30110378,"major":true,"bridge":false},"geometry":{"type":"LineString","coordinates":[[5.6291423,6.3458135],[5.6336788,6.3419992]]}},{"type":"Feature","properties":{"kind":"road","id":"road-30110379-0","name":"Unnamed mapped secondary","osmWay":30110379,"major":false,"bridge":false},"geometry":{"type":"LineString","coordinates":[[5.5573884,6.3048644],[5.5548908,6.30117],[5.5544318,6.3007012],[5.5452996,6.2932365],[5.5411718,6.290128],[5.540311,6.2892779],[5.5386738,6.2868695],[5.5380163,6.2862159],[5.537095,6.2854984],[5.533921,6.2838337],[5.5287835,6.2786313]]}},{"type":"Feature","properties":{"kind":"road","id":"road-30110382-0","name":"Irhirhi Road","osmWay":30110382,"major":false,"bridge":false},"geometry":{"type":"LineString","coordinates":[[5.5900843,6.2951398],[5.5905712,6.2935641],[5.5904813,6.2921631],[5.5901305,6.2906665],[5.5890906,6.2880093],[5.5889583,6.2854346],[5.5887878,6.2845538],[5.5860606,6.2799369],[5.5854092,6.2756061],[5.5844452,6.2735066],[5.5826774,6.2708182],[5.5819073,6.2693314],[5.581113,6.2674557],[5.5805073,6.2648259],[5.5800068,6.263857],[5.579444,6.2631596],[5.5791476,6.2624064],[5.5793431,6.2609739],[5.5802576,6.2575359],[5.5805902,6.2556653],[5.5807725,6.2513331],[5.5813003,6.2489178],[5.5811308,6.2460501],[5.580578,6.2411516],[5.5806609,6.2402926],[5.5811394,6.2387845],[5.5820814,6.2371932],[5.5860253,6.2333473],[5.5863,6.2329975],[5.5864383,6.2325127],[5.585476,6.2292176],[5.5840346,6.2225318],[5.5840372,6.2218625],[5.5842193,6.2211645],[5.5847674,6.2202903]]}},{"type":"Feature","properties":{"kind":"road","id":"road-30110383-0","name":"Stella Obasanjo Way","osmWay":30110383,"major":false,"bridge":false},"geometry":{"type":"LineString","coordinates":[[5.6099331,6.2736697],[5.6285975,6.2736074],[5.6339724,6.2749382]]}},{"type":"Feature","properties":{"kind":"road","id":"road-30110384-0","name":"Ugbor Village Road","osmWay":30110384,"major":false,"bridge":false},"geometry":{"type":"LineString","coordinates":[[5.6091723,6.2821721],[5.6089154,6.284704]]}},{"type":"Feature","properties":{"kind":"road","id":"road-30110391-0","name":"Adesuwa Road","osmWay":30110391,"major":false,"bridge":false},"geometry":{"type":"LineString","coordinates":[[5.6306355,6.3058057],[5.6167118,6.3021072]]}},{"type":"Feature","properties":{"kind":"road","id":"road-30110395-0","name":"Boundary Road","osmWay":30110395,"major":false,"bridge":false},"geometry":{"type":"LineString","coordinates":[[5.6206857,6.3101473],[5.6257175,6.3065428],[5.6264016,6.3046897]]}},{"type":"Feature","properties":{"kind":"road","id":"road-30813710-0","name":"Unnamed mapped tertiary","osmWay":30813710,"major":false,"bridge":false},"geometry":{"type":"LineString","coordinates":[[5.6685226,6.28816],[5.6692109,6.2887211],[5.6722015,6.2918361],[5.6724526,6.2920195],[5.6731521,6.2921331],[5.673436,6.2925564],[5.6770627,6.3006212],[5.6780875,6.301957],[5.6806371,6.3078221]]}},{"type":"Feature","properties":{"kind":"road","id":"road-30814150-0","name":"Unnamed mapped tertiary","osmWay":30814150,"major":false,"bridge":false},"geometry":{"type":"LineString","coordinates":[[5.6494711,6.3766185],[5.6502098,6.3770648],[5.6523903,6.3775],[5.66729,6.3773706]]}},{"type":"Feature","properties":{"kind":"road","id":"road-30814150-1","name":"Unnamed mapped tertiary","osmWay":30814150,"major":false,"bridge":false},"geometry":{"type":"LineString","coordinates":[[5.6713399,6.3772809],[5.6718835,6.3770706],[5.6726229,6.3765588],[5.6800306,6.3710156],[5.6806333,6.370678],[5.6835371,6.3698727]]}},{"type":"Feature","properties":{"kind":"road","id":"road-30814150-2","name":"Unnamed mapped tertiary","osmWay":30814150,"major":false,"bridge":false},"geometry":{"type":"LineString","coordinates":[[5.6850636,6.3693405],[5.6852249,6.3692657]]}},{"type":"Feature","properties":{"kind":"road","id":"road-30814428-0","name":"A121","osmWay":30814428,"major":true,"bridge":false},"geometry":{"type":"LineString","coordinates":[[5.6189246,6.3548486],[5.6184907,6.3578013],[5.6185534,6.3618547],[5.6173124,6.3644],[5.6169396,6.3687389],[5.6166438,6.3702455],[5.6155593,6.3725665],[5.6122395,6.3785013],[5.6105255,6.3821412],[5.6099067,6.3837955],[5.6096662,6.3857227],[5.6089544,6.4001476],[5.6082791,6.4035867],[5.6065356,6.4087554]]}},{"type":"Feature","properties":{"kind":"road","id":"road-30814430-0","name":"Benin - Sagamu Expressway","osmWay":30814430,"major":true,"bridge":false},"geometry":{"type":"LineString","coordinates":[[5.6064324,6.4087281],[5.6082154,6.4033494],[5.6087808,6.400447],[5.6096361,6.3851152],[5.6098236,6.3838595],[5.6103097,6.3824565],[5.6116795,6.3794435],[5.6160546,6.3714762],[5.6165781,6.3701534],[5.616847,6.3688696],[5.6172576,6.3643005],[5.6182592,6.3623906],[5.6185243,6.3614294],[5.6183865,6.358394],[5.6185245,6.3567799],[5.6188206,6.3552631],[5.6187233,6.3548594]]}},{"type":"Feature","properties":{"kind":"road","id":"road-41104480-0","name":"Murtala Mohammed Way","osmWay":41104480,"major":false,"bridge":false},"geometry":{"type":"LineString","coordinates":[[5.6419641,6.3486193],[5.6426763,6.3455517],[5.6440802,6.3418011],[5.6459854,6.3359803],[5.6459431,6.3346517],[5.6449825,6.331947],[5.6435004,6.3284325],[5.6426803,6.3274518],[5.6362365,6.3210565],[5.6346062,6.3199891],[5.6330177,6.3186849],[5.6322357,6.3176771],[5.6315795,6.3165009],[5.6310296,6.3158904],[5.6296107,6.3148613],[5.6282381,6.3143775]]}},{"type":"Feature","properties":{"kind":"road","id":"road-41104482-0","name":"Forestry Road","osmWay":41104482,"major":false,"bridge":false},"geometry":{"type":"LineString","coordinates":[[5.6336761,6.347219],[5.6304394,6.3432948]]}},{"type":"Feature","properties":{"kind":"road","id":"road-41104485-0","name":"Erediauwa Road","osmWay":41104485,"major":false,"bridge":false},"geometry":{"type":"LineString","coordinates":[[5.6320827,6.2922011],[5.635278,6.2939526],[5.6409625,6.2954218],[5.6420588,6.2956422],[5.6432654,6.2951622],[5.6443129,6.2950346],[5.646837,6.297207],[5.6524511,6.3026693]]}},{"type":"Feature","properties":{"kind":"road","id":"road-41104486-0","name":"Godwin Abbe (aka Limit)","osmWay":41104486,"major":false,"bridge":false},"geometry":{"type":"LineString","coordinates":[[5.6203237,6.2822642],[5.633131,6.2821834]]}},{"type":"Feature","properties":{"kind":"road","id":"road-41105205-0","name":"Unnamed mapped tertiary","osmWay":41105205,"major":false,"bridge":false},"geometry":{"type":"LineString","coordinates":[[5.6190532,6.354954],[5.6245569,6.3560256]]}},{"type":"Feature","properties":{"kind":"road","id":"road-41105244-0","name":"Saint Maira Goretti Road","osmWay":41105244,"major":false,"bridge":false},"geometry":{"type":"LineString","coordinates":[[5.6415559,6.3132445],[5.639854,6.3118108],[5.6387871,6.3107838],[5.6383453,6.3101886],[5.6392426,6.3067472]]}},{"type":"Feature","properties":{"kind":"road","id":"road-41105246-0","name":"Unnamed mapped tertiary","osmWay":41105246,"major":false,"bridge":false},"geometry":{"type":"LineString","coordinates":[[5.6089154,6.284704],[5.611228,6.2867652],[5.6119618,6.2879214],[5.6124541,6.2912023],[5.6136715,6.2935018],[5.613952,6.2942759],[5.6148413,6.2984794],[5.6163381,6.300839],[5.6167118,6.3021072]]}},{"type":"Feature","properties":{"kind":"road","id":"road-42434527-0","name":"Uwelu Road","osmWay":42434527,"major":false,"bridge":false},"geometry":{"type":"LineString","coordinates":[[5.5807365,6.3810565],[5.581457,6.3813135],[5.5827439,6.3815362],[5.5843587,6.3821643],[5.584783,6.3822011],[5.5887801,6.3800068],[5.590161,6.3790875],[5.5955425,6.3767097],[5.596455,6.3761723],[5.5969883,6.3756957],[5.5974152,6.3747674],[5.5976265,6.373934],[5.5988386,6.3660763],[5.600679,6.3590091]]}},{"type":"Feature","properties":{"kind":"road","id":"road-42434552-0","name":"Technical Road","osmWay":42434552,"major":false,"bridge":false},"geometry":{"type":"LineString","coordinates":[[5.628037,6.3819174],[5.6142578,6.3793516],[5.6123133,6.3785321]]}},{"type":"Feature","properties":{"kind":"road","id":"road-42434556-0","name":"Unnamed mapped tertiary","osmWay":42434556,"major":false,"bridge":false},"geometry":{"type":"LineString","coordinates":[[5.6356999,6.3564924],[5.6371998,6.3554214],[5.6383767,6.3529194],[5.6403422,6.35127],[5.6411193,6.3511917],[5.6436113,6.351868]]}},{"type":"Feature","properties":{"kind":"road","id":"road-42434563-0","name":"Okhoro Street","osmWay":42434563,"major":false,"bridge":false},"geometry":{"type":"LineString","coordinates":[[5.6299856,6.3659261],[5.6248189,6.3598177],[5.6243616,6.3590406],[5.6226942,6.3579472]]}},{"type":"Feature","properties":{"kind":"road","id":"road-42434564-0","name":"Medical Store Road","osmWay":42434564,"major":false,"bridge":false},"geometry":{"type":"LineString","coordinates":[[5.6329523,6.3743672],[5.621885,6.3619273],[5.6201928,6.3602488]]}},{"type":"Feature","properties":{"kind":"road","id":"road-42434565-0","name":"Universal road","osmWay":42434565,"major":false,"bridge":false},"geometry":{"type":"LineString","coordinates":[[5.6351695,6.3723762],[5.6329523,6.3743672],[5.6308314,6.3767108]]}},{"type":"Feature","properties":{"kind":"road","id":"road-42500158-0","name":"Second West Circular Road","osmWay":42500158,"major":false,"bridge":false},"geometry":{"type":"LineString","coordinates":[[5.6083655,6.346771],[5.6141865,6.3589648]]}},{"type":"Feature","properties":{"kind":"road","id":"road-42500777-0","name":"Unnamed mapped tertiary","osmWay":42500777,"major":false,"bridge":false},"geometry":{"type":"LineString","coordinates":[[5.65017,6.3163334],[5.6479994,6.3135999],[5.6455975,6.3102795]]}},{"type":"Feature","properties":{"kind":"road","id":"road-42568758-0","name":"Reservation Road","osmWay":42568758,"major":false,"bridge":false},"geometry":{"type":"LineString","coordinates":[[5.6234218,6.3287238],[5.6225419,6.3272113],[5.6214053,6.3257921],[5.6186571,6.3233564],[5.614798,6.3207337]]}},{"type":"Feature","properties":{"kind":"road","id":"road-42568785-0","name":"Ikpokpan Road","osmWay":42568785,"major":false,"bridge":false},"geometry":{"type":"LineString","coordinates":[[5.6211708,6.3105799],[5.6218676,6.3107675],[5.6272017,6.314445]]}},{"type":"Feature","properties":{"kind":"road","id":"road-42585705-0","name":"Unnamed mapped tertiary","osmWay":42585705,"major":false,"bridge":false},"geometry":{"type":"LineString","coordinates":[[5.7223144,6.1962436],[5.7191434,6.1981336],[5.7182577,6.1995352],[5.7177615,6.1999601],[5.7129818,6.2026028],[5.7122104,6.2031682],[5.7109327,6.204437],[5.7098808,6.2061618],[5.708829,6.2069777],[5.7061824,6.207865],[5.7049473,6.2084743],[5.7018788,6.2105755],[5.700178,6.2106496],[5.69769,6.211145],[5.6945329,6.2112328],[5.6928585,6.2117541],[5.6920153,6.2122118],[5.69358,6.2132539],[5.6940937,6.2139153],[5.6944737,6.2169375],[5.6944048,6.2185655],[5.6941393,6.2197721],[5.6927981,6.2234784],[5.6912014,6.2258264],[5.690413,6.2275193],[5.6898954,6.2306577],[5.6881244,6.2342612],[5.6877905,6.2352238],[5.6879958,6.2407383]]}},{"type":"Feature","properties":{"kind":"road","id":"road-42623148-0","name":"Unnamed mapped tertiary","osmWay":42623148,"major":false,"bridge":false},"geometry":{"type":"LineString","coordinates":[[5.6373136,6.3494711],[5.6376648,6.3495029],[5.6395565,6.3519374]]}},{"type":"Feature","properties":{"kind":"road","id":"road-42815894-0","name":"Ugbor-Amagba Village Road","osmWay":42815894,"major":false,"bridge":false},"geometry":{"type":"LineString","coordinates":[[5.6029918,6.2490846],[5.6030522,6.2479107],[5.6034109,6.2463143],[5.603649,6.2459429],[5.6050605,6.2448438],[5.6054529,6.2440825],[5.6055942,6.2432214],[5.6055124,6.2416989],[5.6059349,6.2401311],[5.6055687,6.23921],[5.6052737,6.238834],[5.6038883,6.2383527],[5.6036309,6.2364653],[5.6033709,6.2358038],[5.602475,6.2344317],[5.6017288,6.2335834],[5.5994747,6.2297381],[5.5986661,6.2279526],[5.5984088,6.2269007],[5.598618,6.223405]]}},{"type":"Feature","properties":{"kind":"road","id":"road-42824538-0","name":"Unnamed mapped tertiary","osmWay":42824538,"major":false,"bridge":false},"geometry":{"type":"LineString","coordinates":[[5.5884832,6.2840569],[5.5880982,6.2846661],[5.5865774,6.2858765],[5.5854287,6.2871856],[5.5847086,6.2882425]]}},{"type":"Feature","properties":{"kind":"road","id":"road-42833658-0","name":"Unnamed mapped tertiary","osmWay":42833658,"major":false,"bridge":false},"geometry":{"type":"LineString","coordinates":[[5.5807365,6.3810565],[5.5765395,6.3799457],[5.5747918,6.3796255],[5.5745946,6.3794748]]}},{"type":"Feature","properties":{"kind":"road","id":"road-42891548-0","name":"Unnamed mapped tertiary","osmWay":42891548,"major":false,"bridge":false},"geometry":{"type":"LineString","coordinates":[[5.582035,6.2849154],[5.5808264,6.2843089],[5.5802688,6.2837289],[5.579599,6.281923],[5.5777532,6.2778014],[5.5752265,6.2725704],[5.5740088,6.2709649],[5.5718769,6.2691449],[5.5710476,6.2682288],[5.5698621,6.2656182],[5.5686686,6.2621367],[5.5672814,6.2573944],[5.5663696,6.2558235],[5.5659243,6.2547757],[5.5644049,6.2528586],[5.5633454,6.250747],[5.5612842,6.2484194],[5.5600543,6.2465742],[5.5596788,6.2451758],[5.5594441,6.2434867],[5.5594931,6.2396694],[5.5590216,6.23879],[5.5578298,6.2372277],[5.5569832,6.2356584],[5.5560377,6.2329654],[5.5553618,6.2316828],[5.5549847,6.2302729],[5.5547699,6.2300283],[5.5409235,6.2231504],[5.5384345,6.2215193],[5.5374689,6.2204883],[5.537004,6.2186823],[5.5363138,6.2167483],[5.5359061,6.2159697],[5.5346115,6.2145974],[5.5338934,6.2141912],[5.5335125,6.2138033],[5.5329935,6.2129473],[5.5324383,6.2116528],[5.5321728,6.2113341],[5.5302899,6.2097116],[5.5284163,6.2076531],[5.5270256,6.2072611],[5.5255812,6.2065705],[5.5244037,6.2062052],[5.5203764,6.2033547],[5.5183178,6.2009761],[5.5169794,6.1990549],[5.5151206,6.1956378],[5.5146767,6.1951631],[5.5123888,6.1934032],[5.510707,6.1926486],[5.5079631,6.1896593],[5.5071639,6.189534],[5.5054218,6.1889007],[5.5048317,6.1889154],[5.5035295,6.189334],[5.5012871,6.1891487],[5.500512,6.188598],[5.5001526,6.1869448],[5.4999863,6.1866381],[5.4994714,6.1860342],[5.4990636,6.1860021],[5.4982844,6.1865341],[5.4978995,6.1874554],[5.4976594,6.1888154],[5.4963666,6.1904433],[5.4960367,6.1912713],[5.4955955,6.1918273],[5.4950631,6.1921726],[5.4929562,6.1930619],[5.4915252,6.1947845],[5.4898971,6.1958764],[5.4893848,6.1961537],[5.48843,6.1963684],[5.486484,6.1973177],[5.4860438,6.1976943]]}},{"type":"Feature","properties":{"kind":"road","id":"road-42891584-0","name":"Unnamed mapped tertiary","osmWay":42891584,"major":false,"bridge":false},"geometry":{"type":"LineString","coordinates":[[5.5686686,6.2621367],[5.5654033,6.2660958],[5.5637462,6.2680015],[5.5633992,6.2682531],[5.5604017,6.2687813],[5.5555627,6.2694137],[5.5545928,6.2698083],[5.5521177,6.2726752],[5.5479066,6.2762452],[5.544354,6.2815574],[5.5378899,6.2861031]]}},{"type":"Feature","properties":{"kind":"road","id":"road-44457102-0","name":"Unnamed mapped tertiary","osmWay":44457102,"major":false,"bridge":false},"geometry":{"type":"LineString","coordinates":[[5.5802635,6.1940048],[5.5819465,6.1939432],[5.5862396,6.1947198],[5.5888586,6.1947205],[5.5897545,6.1945588],[5.5917537,6.1936379],[5.5954609,6.1932922],[5.5959597,6.1935859],[5.5981136,6.1960391],[5.6000394,6.197991],[5.6014945,6.1992683],[5.6031266,6.2012295],[5.603832,6.2017415],[5.6047332,6.2021388],[5.6053341,6.2023148],[5.6061977,6.2022988],[5.6093587,6.2016738],[5.6117807,6.2003496],[5.6124835,6.2000736],[5.6129207,6.2000429],[5.6139413,6.2003749],[5.6180437,6.2022428],[5.6186182,6.2026447],[5.6201492,6.204528],[5.6215681,6.2050933],[5.6231158,6.2059545],[5.6258452,6.2067642],[5.628553,6.206522],[5.6294122,6.2067612],[5.6304972,6.2075704],[5.6313287,6.208997],[5.6317712,6.209477],[5.6322581,6.2097836],[5.6332787,6.2099303],[5.6359837,6.2098583],[5.6373829,6.2100599]]}},{"type":"Feature","properties":{"kind":"road","id":"road-189363863-0","name":"Aigbokhian street","osmWay":189363863,"major":false,"bridge":false},"geometry":{"type":"LineString","coordinates":[[5.628037,6.3819174],[5.630638,6.3764144]]}},{"type":"Feature","properties":{"kind":"road","id":"road-204441647-0","name":"Ewah road","osmWay":204441647,"major":false,"bridge":false},"geometry":{"type":"LineString","coordinates":[[5.6436253,6.3518219],[5.6432288,6.3535885],[5.6431773,6.3556032],[5.641474,6.362867],[5.6402924,6.3635766]]}},{"type":"Feature","properties":{"kind":"road","id":"road-225786236-0","name":"Ehaekpen Street","osmWay":225786236,"major":false,"bridge":false},"geometry":{"type":"LineString","coordinates":[[5.6101187,6.3450571],[5.6101151,6.3447683]]}},{"type":"Feature","properties":{"kind":"road","id":"road-226063353-0","name":"Plymouth Road","osmWay":226063353,"major":false,"bridge":false},"geometry":{"type":"LineString","coordinates":[[5.6116826,6.3374507],[5.6128216,6.3360224],[5.6133206,6.3355886],[5.6177974,6.3335817],[5.6205259,6.3322534],[5.6209135,6.3319444]]}},{"type":"Feature","properties":{"kind":"road","id":"road-226091666-0","name":"Unnamed mapped tertiary","osmWay":226091666,"major":false,"bridge":false},"geometry":{"type":"LineString","coordinates":[[5.6304394,6.3432948],[5.6227401,6.3337785]]}},{"type":"Feature","properties":{"kind":"road","id":"road-226225136-0","name":"Isekhere Street","osmWay":226225136,"major":false,"bridge":false},"geometry":{"type":"LineString","coordinates":[[5.6202672,6.3378516],[5.6195379,6.3385423],[5.6183096,6.3393744]]}},{"type":"Feature","properties":{"kind":"road","id":"road-226225144-0","name":"Ore-Oghene Road","osmWay":226225144,"major":false,"bridge":false},"geometry":{"type":"LineString","coordinates":[[5.6183096,6.3393744],[5.6165169,6.3404426],[5.612682,6.3438552],[5.6103479,6.3456089]]}},{"type":"Feature","properties":{"kind":"road","id":"road-226230993-0","name":"Urubi","osmWay":226230993,"major":true,"bridge":false},"geometry":{"type":"LineString","coordinates":[[5.6188547,6.3545502],[5.6190926,6.3543806],[5.620113,6.3517406],[5.6212072,6.3496894],[5.6215695,6.3491422],[5.6230394,6.3477531]]}},{"type":"Feature","properties":{"kind":"road","id":"road-226238909-0","name":"Iyaro Street","osmWay":226238909,"major":true,"bridge":false},"geometry":{"type":"LineString","coordinates":[[5.6230394,6.3477531],[5.6253246,6.3456751]]}},{"type":"Feature","properties":{"kind":"road","id":"road-226240893-0","name":"Dawson Road","osmWay":226240893,"major":true,"bridge":false},"geometry":{"type":"LineString","coordinates":[[5.6254549,6.3456406],[5.6291423,6.3458135]]}},{"type":"Feature","properties":{"kind":"road","id":"road-226272892-0","name":"First East Circular","osmWay":226272892,"major":false,"bridge":false},"geometry":{"type":"LineString","coordinates":[[5.6337566,6.3419852],[5.6350129,6.3409584],[5.6353545,6.3405885],[5.6353797,6.3403358],[5.6347729,6.3282425],[5.6273105,6.3191926]]}},{"type":"Feature","properties":{"kind":"road","id":"road-233030536-0","name":"Unnamed mapped trunk_link","osmWay":233030536,"major":false,"bridge":false},"geometry":{"type":"LineString","coordinates":[[5.6517794,6.1444698],[5.6520414,6.1445336]]}},{"type":"Feature","properties":{"kind":"road","id":"road-233030540-0","name":"Benin-Sapele Road","osmWay":233030540,"major":true,"bridge":false},"geometry":{"type":"LineString","coordinates":[[5.623078,6.3320239],[5.6233924,6.3318087],[5.6233769,6.3296307],[5.6236174,6.3287366],[5.6248067,6.3264543],[5.6261056,6.3245583],[5.6264914,6.3237422],[5.6271864,6.3205521],[5.6276041,6.3142883]]}},{"type":"Feature","properties":{"kind":"road","id":"road-233030549-0","name":"Unnamed mapped trunk_link","osmWay":233030549,"major":false,"bridge":false},"geometry":{"type":"LineString","coordinates":[[5.6608721,6.1025832],[5.6611221,6.1026434]]}},{"type":"Feature","properties":{"kind":"road","id":"road-233030562-0","name":"A2","osmWay":233030562,"major":true,"bridge":true},"geometry":{"type":"LineString","coordinates":[[5.6638037,6.0526158],[5.6639902,6.0515008]]}},{"type":"Feature","properties":{"kind":"road","id":"road-233030566-0","name":"Unnamed mapped tertiary","osmWay":233030566,"major":false,"bridge":false},"geometry":{"type":"LineString","coordinates":[[5.6480609,6.1617815],[5.6483402,6.1618406]]}},{"type":"Feature","properties":{"kind":"road","id":"road-233030571-0","name":"A2","osmWay":233030571,"major":true,"bridge":false},"geometry":{"type":"LineString","coordinates":[[5.6660753,6.0473493],[5.6650737,6.0491523],[5.6646333,6.0502451],[5.664304,6.0515795]]}},{"type":"Feature","properties":{"kind":"road","id":"road-233030576-0","name":"A2","osmWay":233030576,"major":true,"bridge":true},"geometry":{"type":"LineString","coordinates":[[5.664304,6.0515795],[5.664117,6.0527392]]}},{"type":"Feature","properties":{"kind":"road","id":"road-233030583-0","name":"Unnamed mapped trunk_link","osmWay":233030583,"major":false,"bridge":false},"geometry":{"type":"LineString","coordinates":[[5.6626423,6.0942513],[5.6629368,6.0943212]]}},{"type":"Feature","properties":{"kind":"road","id":"road-233030585-0","name":"A2","osmWay":233030585,"major":true,"bridge":false},"geometry":{"type":"LineString","coordinates":[[5.6639902,6.0515008],[5.6643536,6.0500965],[5.6659625,6.0471645]]}},{"type":"Feature","properties":{"kind":"road","id":"road-284086316-0","name":"Upper Siluko Road","osmWay":284086316,"major":true,"bridge":false},"geometry":{"type":"LineString","coordinates":[[5.5744608,6.3795977],[5.571797,6.3836424],[5.5709098,6.3852714],[5.5699981,6.3872993],[5.5677804,6.3930235]]}},{"type":"Feature","properties":{"kind":"road","id":"road-380910167-0","name":"Unnamed mapped tertiary","osmWay":380910167,"major":false,"bridge":false},"geometry":{"type":"LineString","coordinates":[[5.5901429,6.1579372],[5.6226124,6.157706],[5.6294372,6.1585611]]}},{"type":"Feature","properties":{"kind":"road","id":"road-380910168-0","name":"Unnamed mapped tertiary","osmWay":380910168,"major":false,"bridge":false},"geometry":{"type":"LineString","coordinates":[[5.6294372,6.1585611],[5.6465869,6.1614388],[5.6480609,6.1617815]]}},{"type":"Feature","properties":{"kind":"road","id":"road-460931682-0","name":"Unnamed mapped trunk","osmWay":460931682,"major":true,"bridge":false},"geometry":{"type":"LineString","coordinates":[[5.7460482,6.2896343],[5.7457185,6.2874835],[5.7452719,6.2862304],[5.7442872,6.2845469],[5.7429209,6.2831936],[5.7334461,6.275735],[5.7196444,6.26459],[5.7043237,6.2525627],[5.7029744,6.2517948],[5.701738,6.2512669],[5.6970683,6.2495578],[5.694083,6.2475635],[5.6910575,6.2451211],[5.6894709,6.2435827],[5.6862777,6.238746],[5.6849608,6.2372448],[5.6673413,6.2231878],[5.6587636,6.2165137],[5.6578546,6.2159859],[5.6557227,6.215078],[5.6527595,6.2144539],[5.6377619,6.2141913]]}},{"type":"Feature","properties":{"kind":"road","id":"road-497218787-0","name":"Unnamed mapped tertiary","osmWay":497218787,"major":false,"bridge":false},"geometry":{"type":"LineString","coordinates":[[5.6392426,6.3067472],[5.6309637,6.3035923]]}},{"type":"Feature","properties":{"kind":"road","id":"road-499710946-0","name":"Ekenhuan Road","osmWay":499710946,"major":false,"bridge":false},"geometry":{"type":"LineString","coordinates":[[5.5652127,6.3160594],[5.5667867,6.316058],[5.5680746,6.316297],[5.5702331,6.3168298],[5.570921,6.317191],[5.576244,6.3214319],[5.5770421,6.3228103],[5.5775957,6.3253246],[5.5778948,6.3259048],[5.5784871,6.326621],[5.5794676,6.3273527],[5.5832316,6.3286716]]}},{"type":"Feature","properties":{"kind":"road","id":"road-499710952-0","name":"Oghobahase Street","osmWay":499710952,"major":false,"bridge":false},"geometry":{"type":"LineString","coordinates":[[5.6308314,6.3767108],[5.630638,6.3764144]]}},{"type":"Feature","properties":{"kind":"road","id":"road-499710956-0","name":"Mission Road","osmWay":499710956,"major":false,"bridge":false},"geometry":{"type":"LineString","coordinates":[[5.6220522,6.3341775],[5.6217232,6.3335801]]}},{"type":"Feature","properties":{"kind":"road","id":"road-499710959-0","name":"Sakponba Rd","osmWay":499710959,"major":false,"bridge":false},"geometry":{"type":"LineString","coordinates":[[5.7227617,6.2594216],[5.7236584,6.2540785]]}},{"type":"Feature","properties":{"kind":"road","id":"road-499710960-0","name":"Sakponba Rd","osmWay":499710960,"major":false,"bridge":false},"geometry":{"type":"LineString","coordinates":[[5.7205725,6.264926],[5.7216628,6.2633289],[5.7221657,6.2622584],[5.7224983,6.2610999],[5.7227617,6.2594216]]}},{"type":"Feature","properties":{"kind":"road","id":"road-499710961-0","name":"Sakponba Rd","osmWay":499710961,"major":false,"bridge":true},"geometry":{"type":"LineString","coordinates":[[5.7202271,6.265356],[5.7205725,6.264926]]}},{"type":"Feature","properties":{"kind":"road","id":"road-499710963-0","name":"Federal Road","osmWay":499710963,"major":false,"bridge":false},"geometry":{"type":"LineString","coordinates":[[5.621885,6.3619273],[5.625955,6.3585312],[5.6289936,6.3556525],[5.633221,6.3524496]]}},{"type":"Feature","properties":{"kind":"road","id":"road-499710969-0","name":"Ekenhuan Road","osmWay":499710969,"major":false,"bridge":false},"geometry":{"type":"LineString","coordinates":[[5.5832316,6.3286716],[5.5853376,6.3293509],[5.5861746,6.3294667],[5.5873701,6.3294059],[5.5904956,6.3287635],[5.5909018,6.3288143],[5.5941752,6.3296364],[5.5957362,6.3306068],[5.5968797,6.3310992],[5.6021132,6.3323283]]}},{"type":"Feature","properties":{"kind":"road","id":"road-499710970-0","name":"Upper Siluko Road","osmWay":499710970,"major":true,"bridge":false},"geometry":{"type":"LineString","coordinates":[[5.5991753,6.3588003],[5.5998641,6.3577005],[5.6001021,6.3559033],[5.6003901,6.3549221],[5.6013984,6.3525636],[5.6021047,6.351462],[5.6028892,6.350677],[5.607193,6.3472528],[5.6088164,6.3463696],[5.6101187,6.3450571]]}},{"type":"Feature","properties":{"kind":"road","id":"road-499710974-0","name":"New Lagos Road","osmWay":499710974,"major":false,"bridge":false},"geometry":{"type":"LineString","coordinates":[[5.6364794,6.3444609],[5.6314537,6.3495118],[5.6185104,6.3620132]]}},{"type":"Feature","properties":{"kind":"road","id":"road-499710975-0","name":"New Lagos Road","osmWay":499710975,"major":false,"bridge":false},"geometry":{"type":"LineString","coordinates":[[5.618407,6.3620035],[5.6314275,6.349466],[5.6363989,6.3444049]]}},{"type":"Feature","properties":{"kind":"road","id":"road-499710981-0","name":"Urubi","osmWay":499710981,"major":true,"bridge":false},"geometry":{"type":"LineString","coordinates":[[5.6230926,6.3478293],[5.6216643,6.3492076],[5.6213039,6.3497359],[5.6199816,6.3522158],[5.6192827,6.3541351]]}},{"type":"Feature","properties":{"kind":"road","id":"road-499710982-0","name":"Iyaro Street","osmWay":499710982,"major":true,"bridge":false},"geometry":{"type":"LineString","coordinates":[[5.6253798,6.345773],[5.6230926,6.3478293]]}},{"type":"Feature","properties":{"kind":"road","id":"road-499710983-0","name":"Dawson Road","osmWay":499710983,"major":true,"bridge":false},"geometry":{"type":"LineString","coordinates":[[5.633758,6.3420666],[5.6292124,6.3459281],[5.6255592,6.3457226]]}},{"type":"Feature","properties":{"kind":"road","id":"road-499710984-0","name":"Tv Road","osmWay":499710984,"major":false,"bridge":false},"geometry":{"type":"LineString","coordinates":[[5.6183148,6.3545992],[5.6186982,6.3545929]]}},{"type":"Feature","properties":{"kind":"road","id":"road-499710986-0","name":"Tv Road","osmWay":499710986,"major":false,"bridge":false},"geometry":{"type":"LineString","coordinates":[[5.6186834,6.3548238],[5.6183148,6.3545992]]}},{"type":"Feature","properties":{"kind":"road","id":"road-499710993-0","name":"A121","osmWay":499710993,"major":true,"bridge":false},"geometry":{"type":"LineString","coordinates":[[5.6186453,6.3547055],[5.6188132,6.3545459],[5.6189879,6.3547199],[5.6188257,6.3548865],[5.6186453,6.3547055]]}},{"type":"Feature","properties":{"kind":"road","id":"road-499728276-0","name":"Unnamed mapped trunk_link","osmWay":499728276,"major":false,"bridge":false},"geometry":{"type":"LineString","coordinates":[[5.6418375,6.18821],[5.6419938,6.1881354],[5.6421065,6.188282]]}},{"type":"Feature","properties":{"kind":"road","id":"road-499728279-0","name":"Unnamed mapped trunk_link","osmWay":499728279,"major":false,"bridge":true},"geometry":{"type":"LineString","coordinates":[[5.6377619,6.2141913],[5.6369329,6.2141843]]}},{"type":"Feature","properties":{"kind":"road","id":"road-499728280-0","name":"Unnamed mapped trunk_link","osmWay":499728280,"major":false,"bridge":true},"geometry":{"type":"LineString","coordinates":[[5.6369369,6.2140426],[5.6377566,6.2140446]]}},{"type":"Feature","properties":{"kind":"road","id":"road-517361199-0","name":"A121","osmWay":517361199,"major":false,"bridge":false},"geometry":{"type":"LineString","coordinates":[[5.6192203,6.3543064],[5.618895,6.3553941]]}},{"type":"Feature","properties":{"kind":"road","id":"road-517361201-0","name":"A121","osmWay":517361201,"major":true,"bridge":false},"geometry":{"type":"LineString","coordinates":[[5.6192203,6.3543064],[5.6189879,6.3547199]]}},{"type":"Feature","properties":{"kind":"road","id":"road-517361203-0","name":"Benin Agbor road","osmWay":517361203,"major":true,"bridge":false},"geometry":{"type":"LineString","coordinates":[[5.7026797,6.3415525],[5.6888024,6.3458584],[5.6870621,6.3462673],[5.6674984,6.3483931],[5.6642412,6.348991]]}},{"type":"Feature","properties":{"kind":"road","id":"road-517361203-1","name":"Benin Agbor road","osmWay":517361203,"major":true,"bridge":false},"geometry":{"type":"LineString","coordinates":[[5.7051383,6.3409659],[5.7031607,6.341439]]}},{"type":"Feature","properties":{"kind":"road","id":"road-518258587-0","name":"A2","osmWay":518258587,"major":true,"bridge":true},"geometry":{"type":"LineString","coordinates":[[5.6470357,6.351686],[5.6467552,6.351635]]}},{"type":"Feature","properties":{"kind":"road","id":"road-518258588-0","name":"Akpakpava Road","osmWay":518258588,"major":true,"bridge":false},"geometry":{"type":"LineString","coordinates":[[5.6467552,6.351635],[5.6447701,6.3512494],[5.643436,6.3506225],[5.638874,6.3465272],[5.6380063,6.3454318],[5.635939,6.3441368],[5.6239458,6.3333766],[5.6235588,6.3333134]]}},{"type":"Feature","properties":{"kind":"road","id":"road-518258589-0","name":"A2","osmWay":518258589,"major":true,"bridge":true},"geometry":{"type":"LineString","coordinates":[[5.6467729,6.3515823],[5.647033,6.3516315]]}},{"type":"Feature","properties":{"kind":"road","id":"road-518258590-0","name":"A2","osmWay":518258590,"major":true,"bridge":false},"geometry":{"type":"LineString","coordinates":[[5.647033,6.3516315],[5.6488273,6.3518714],[5.6499317,6.351801],[5.6508694,6.3515144],[5.6529405,6.3501727],[5.6537023,6.3498341],[5.655122,6.3495892],[5.6566243,6.3498091]]}},{"type":"Feature","properties":{"kind":"road","id":"road-518270430-0","name":"Benin Agbor road","osmWay":518270430,"major":true,"bridge":false},"geometry":{"type":"LineString","coordinates":[[5.6642193,6.3488755],[5.6689744,6.3481426],[5.6870483,6.3461898],[5.6889215,6.345722],[5.7003611,6.3421244],[5.7050456,6.3408575]]}},{"type":"Feature","properties":{"kind":"road","id":"road-518270431-0","name":"A2","osmWay":518270431,"major":true,"bridge":false},"geometry":{"type":"LineString","coordinates":[[5.6565947,6.3499223],[5.6555001,6.3497019],[5.6538002,6.3499108],[5.652997,6.3502519],[5.6510309,6.3515562],[5.6499435,6.3519181],[5.648738,6.3519832],[5.6470357,6.351686]]}},{"type":"Feature","properties":{"kind":"road","id":"road-518282602-0","name":"Unnamed mapped tertiary","osmWay":518282602,"major":false,"bridge":false},"geometry":{"type":"LineString","coordinates":[[5.6282381,6.3143775],[5.6278296,6.3143458]]}},{"type":"Feature","properties":{"kind":"road","id":"road-518282605-0","name":"Unnamed mapped tertiary","osmWay":518282605,"major":false,"bridge":false},"geometry":{"type":"LineString","coordinates":[[5.6278728,6.3142379],[5.6282381,6.3143775]]}},{"type":"Feature","properties":{"kind":"road","id":"road-518282607-0","name":"Benin-Sapele Road","osmWay":518282607,"major":true,"bridge":false},"geometry":{"type":"LineString","coordinates":[[5.6277793,6.3143758],[5.6276543,6.3146733],[5.6273335,6.3200531],[5.6267423,6.3231854],[5.6264099,6.3241952],[5.6250046,6.3262973],[5.6236048,6.3290428],[5.6234597,6.3300295],[5.6235734,6.3322043]]}},{"type":"Feature","properties":{"kind":"road","id":"road-518282613-0","name":"Ikpokpan Road","osmWay":518282613,"major":false,"bridge":false},"geometry":{"type":"LineString","coordinates":[[5.6272017,6.314445],[5.6274401,6.3144334],[5.627598,6.3142329]]}},{"type":"Feature","properties":{"kind":"road","id":"road-518282617-0","name":"A2","osmWay":518282617,"major":true,"bridge":false},"geometry":{"type":"LineString","coordinates":[[5.6276099,6.3141889],[5.6277635,6.3136349],[5.62892,6.311245],[5.6294681,6.3087611],[5.6304278,6.3062082],[5.6307827,6.3047135],[5.6310586,6.2995809],[5.6362723,6.2557181],[5.6366181,6.2507475],[5.637152,6.213655],[5.6373338,6.2105388],[5.6378086,6.2064297],[5.6439981,6.1786836],[5.6480609,6.1617815],[5.6641497,6.0870716],[5.6642946,6.0851513],[5.6642248,6.0833963],[5.6627067,6.0704927],[5.6626367,6.0686513],[5.663539,6.0547184],[5.6638037,6.0526158]]}},{"type":"Feature","properties":{"kind":"road","id":"road-518282631-0","name":"A2","osmWay":518282631,"major":true,"bridge":false},"geometry":{"type":"LineString","coordinates":[[5.6278545,6.3143146],[5.6276547,6.3143572],[5.6276099,6.3141889],[5.6278042,6.3141274],[5.6278545,6.3143146]]}},{"type":"Feature","properties":{"kind":"road","id":"road-518282634-0","name":"Unnamed mapped trunk_link","osmWay":518282634,"major":false,"bridge":false},"geometry":{"type":"LineString","coordinates":[[5.6275674,6.3147667],[5.6272922,6.3144976]]}},{"type":"Feature","properties":{"kind":"road","id":"road-518326590-0","name":"Airport Road","osmWay":518326590,"major":false,"bridge":false},"geometry":{"type":"LineString","coordinates":[[5.6215054,6.3327012],[5.6193348,6.3300984],[5.618315,6.3281064],[5.6174798,6.3271358],[5.6155955,6.3256549],[5.6080606,6.3204015],[5.6074651,6.3194012],[5.6070915,6.3173798],[5.6065755,6.3166511],[5.6056508,6.3161335],[5.6032171,6.3159597],[5.6018705,6.3153885],[5.5973406,6.3110764],[5.5963902,6.310039],[5.5953962,6.3075068],[5.5936551,6.3038162]]}},{"type":"Feature","properties":{"kind":"road","id":"road-518326591-0","name":"Airport Road","osmWay":518326591,"major":false,"bridge":false},"geometry":{"type":"LineString","coordinates":[[5.5936551,6.3038162],[5.5924179,6.2979897],[5.5916053,6.2964394],[5.589996,6.2952525]]}},{"type":"Feature","properties":{"kind":"road","id":"road-518326592-0","name":"Airport Road","osmWay":518326592,"major":false,"bridge":false},"geometry":{"type":"LineString","coordinates":[[5.5937194,6.3037927],[5.5954101,6.3073012],[5.596459,6.309954],[5.5969958,6.3105918],[5.6009562,6.314501],[5.6019684,6.3153478],[5.6034325,6.3159071],[5.6056647,6.3160533],[5.6067809,6.3166846],[5.6072735,6.3176268],[5.6075257,6.31927],[5.6081071,6.3203027],[5.6095128,6.3213842],[5.6146386,6.3248545],[5.6175488,6.3270592],[5.6185117,6.3282268],[5.619311,6.329885],[5.6214219,6.3323749],[5.6216822,6.3324652]]}},{"type":"Feature","properties":{"kind":"road","id":"road-527999852-0","name":"Unnamed mapped tertiary","osmWay":527999852,"major":false,"bridge":false},"geometry":{"type":"LineString","coordinates":[[5.5722306,6.1450014],[5.5715601,6.1447323],[5.5696777,6.1452052],[5.5674865,6.1450071],[5.5671083,6.1451137],[5.5669416,6.1453464],[5.5666266,6.1469913],[5.5663131,6.1478069],[5.5632254,6.1518577],[5.5603831,6.156549],[5.5601364,6.1574511],[5.560716,6.1647772],[5.5604446,6.166673],[5.5608487,6.1675532],[5.5627084,6.169473],[5.5633816,6.1703826],[5.5640132,6.17264],[5.5662976,6.1774014],[5.5668281,6.1781049],[5.5678447,6.1787619],[5.5704953,6.179992],[5.5739569,6.1809015],[5.5749178,6.1816006],[5.5754623,6.1822249],[5.5757739,6.1827813],[5.576355,6.1844905],[5.5788231,6.1883713],[5.5795795,6.1921259],[5.580132,6.1938858],[5.5802635,6.1940048]]}},{"type":"Feature","properties":{"kind":"road","id":"road-529598756-0","name":"Unnamed mapped trunk_link","osmWay":529598756,"major":false,"bridge":false},"geometry":{"type":"LineString","coordinates":[[5.6532094,6.137784],[5.6535206,6.1378061]]}},{"type":"Feature","properties":{"kind":"road","id":"road-529822472-0","name":"Unnamed mapped tertiary","osmWay":529822472,"major":false,"bridge":false},"geometry":{"type":"LineString","coordinates":[[5.7223144,6.1962436],[5.7263539,6.2006501],[5.7315025,6.2065225],[5.7320383,6.2072745],[5.7329308,6.2099393],[5.7339385,6.2177364],[5.7338423,6.2197048]]}},{"type":"Feature","properties":{"kind":"road","id":"road-534724011-0","name":"Ewah road","osmWay":534724011,"major":false,"bridge":true},"geometry":{"type":"LineString","coordinates":[[5.6436829,6.3516299],[5.6436253,6.3518219]]}},{"type":"Feature","properties":{"kind":"road","id":"road-534724012-0","name":"Ewah road","osmWay":534724012,"major":false,"bridge":false},"geometry":{"type":"LineString","coordinates":[[5.6439116,6.3509245],[5.6436829,6.3516299]]}},{"type":"Feature","properties":{"kind":"road","id":"road-534724013-0","name":"Federal Road","osmWay":534724013,"major":false,"bridge":false},"geometry":{"type":"LineString","coordinates":[[5.633221,6.3524496],[5.6373136,6.3494711]]}},{"type":"Feature","properties":{"kind":"road","id":"road-534724015-0","name":"Dawson Road","osmWay":534724015,"major":false,"bridge":false},"geometry":{"type":"LineString","coordinates":[[5.6336788,6.3419992],[5.6337566,6.3419852]]}},{"type":"Feature","properties":{"kind":"road","id":"road-534724016-0","name":"Unnamed mapped tertiary","osmWay":534724016,"major":false,"bridge":false},"geometry":{"type":"LineString","coordinates":[[5.6337566,6.3419852],[5.633758,6.3420666]]}},{"type":"Feature","properties":{"kind":"road","id":"road-534724017-0","name":"A2","osmWay":534724017,"major":true,"bridge":false},"geometry":{"type":"LineString","coordinates":[[5.6620337,6.3518879],[5.662796,6.352396]]}},{"type":"Feature","properties":{"kind":"road","id":"road-534724022-0","name":"Unnamed mapped tertiary","osmWay":534724022,"major":false,"bridge":false},"geometry":{"type":"LineString","coordinates":[[5.6419641,6.3486193],[5.6419372,6.3491505]]}},{"type":"Feature","properties":{"kind":"road","id":"road-534724023-0","name":"Unnamed mapped tertiary","osmWay":534724023,"major":false,"bridge":false},"geometry":{"type":"LineString","coordinates":[[5.6417292,6.3490796],[5.6417892,6.3490092]]}},{"type":"Feature","properties":{"kind":"road","id":"road-534793371-0","name":"Sakponba Road","osmWay":534793371,"major":false,"bridge":true},"geometry":{"type":"LineString","coordinates":[[5.6366722,6.3209468],[5.6367537,6.3207178]]}},{"type":"Feature","properties":{"kind":"road","id":"road-534793372-0","name":"Sakponba Road","osmWay":534793372,"major":false,"bridge":false},"geometry":{"type":"LineString","coordinates":[[5.6239417,6.3322353],[5.6308258,6.3265841],[5.634934,6.3228398],[5.6366722,6.3209468]]}},{"type":"Feature","properties":{"kind":"road","id":"road-534793375-0","name":"Dawson Road","osmWay":534793375,"major":true,"bridge":true},"geometry":{"type":"LineString","coordinates":[[5.6253246,6.3456751],[5.6254549,6.3456406]]}},{"type":"Feature","properties":{"kind":"road","id":"road-534793376-0","name":"Dawson Road","osmWay":534793376,"major":true,"bridge":true},"geometry":{"type":"LineString","coordinates":[[5.6255592,6.3457226],[5.6253798,6.345773]]}},{"type":"Feature","properties":{"kind":"road","id":"road-538635172-0","name":"Unnamed mapped trunk_link","osmWay":538635172,"major":false,"bridge":false},"geometry":{"type":"LineString","coordinates":[[5.722298,6.2617952],[5.7212283,6.2637795],[5.7203674,6.2648021]]}},{"type":"Feature","properties":{"kind":"road","id":"road-543019692-0","name":"Unnamed mapped tertiary","osmWay":543019692,"major":false,"bridge":false},"geometry":{"type":"LineString","coordinates":[[5.6332185,6.2822705],[5.6331201,6.2822722]]}},{"type":"Feature","properties":{"kind":"road","id":"road-543019693-0","name":"Unnamed mapped tertiary","osmWay":543019693,"major":false,"bridge":false},"geometry":{"type":"LineString","coordinates":[[5.633131,6.2821834],[5.6332255,6.2821896]]}},{"type":"Feature","properties":{"kind":"road","id":"road-543019694-0","name":"Godwin Abbe (aka Limit)","osmWay":543019694,"major":false,"bridge":false},"geometry":{"type":"LineString","coordinates":[[5.6331201,6.2822722],[5.6203237,6.2822642]]}},{"type":"Feature","properties":{"kind":"road","id":"road-543019695-0","name":"Godwin Abbe (aka Limit)","osmWay":543019695,"major":false,"bridge":false},"geometry":{"type":"LineString","coordinates":[[5.6176262,6.2822659],[5.6203237,6.2822642]]}},{"type":"Feature","properties":{"kind":"road","id":"road-543019697-0","name":"Unnamed mapped tertiary","osmWay":543019697,"major":false,"bridge":true},"geometry":{"type":"LineString","coordinates":[[5.5821986,6.2849873],[5.582035,6.2849154]]}},{"type":"Feature","properties":{"kind":"road","id":"road-543019698-0","name":"Unnamed mapped secondary","osmWay":543019698,"major":false,"bridge":false},"geometry":{"type":"LineString","coordinates":[[5.589996,6.2952525],[5.5890289,6.2944851],[5.5884388,6.2937525],[5.5837938,6.2868122]]}},{"type":"Feature","properties":{"kind":"road","id":"road-543025332-0","name":"Boundary Road","osmWay":543025332,"major":false,"bridge":false},"geometry":{"type":"LineString","coordinates":[[5.6205552,6.3102827],[5.6206857,6.3101473]]}},{"type":"Feature","properties":{"kind":"road","id":"road-543025334-0","name":"Boundary Road","osmWay":543025334,"major":false,"bridge":false},"geometry":{"type":"LineString","coordinates":[[5.6202407,6.310469],[5.6205118,6.3103254]]}},{"type":"Feature","properties":{"kind":"road","id":"road-543025336-0","name":"Boundary Road","osmWay":543025336,"major":false,"bridge":false},"geometry":{"type":"LineString","coordinates":[[5.6205347,6.3104017],[5.6202407,6.310469]]}},{"type":"Feature","properties":{"kind":"road","id":"road-543025338-0","name":"Boundary Road","osmWay":543025338,"major":false,"bridge":false},"geometry":{"type":"LineString","coordinates":[[5.6206857,6.3101473],[5.6206244,6.3102981]]}},{"type":"Feature","properties":{"kind":"road","id":"road-543025340-0","name":"Ikpokpan Road","osmWay":543025340,"major":false,"bridge":false},"geometry":{"type":"LineString","coordinates":[[5.6211708,6.3105799],[5.6205759,6.3104161]]}},{"type":"Feature","properties":{"kind":"road","id":"road-543025342-0","name":"Unnamed mapped tertiary","osmWay":543025342,"major":false,"bridge":false},"geometry":{"type":"LineString","coordinates":[[5.6206018,6.3104115],[5.6205139,6.3103752],[5.6205552,6.3102827],[5.6206419,6.3103249],[5.6206018,6.3104115]]}},{"type":"Feature","properties":{"kind":"road","id":"road-543025344-0","name":"Boundary Road","osmWay":543025344,"major":false,"bridge":false},"geometry":{"type":"LineString","coordinates":[[5.6076408,6.3195321],[5.6123866,6.3160127],[5.6202407,6.310469]]}},{"type":"Feature","properties":{"kind":"road","id":"road-543025346-0","name":"Ikpokpan Road","osmWay":543025346,"major":false,"bridge":false},"geometry":{"type":"LineString","coordinates":[[5.6206419,6.3103249],[5.6211708,6.3105799]]}},{"type":"Feature","properties":{"kind":"road","id":"road-543612722-0","name":"Reservation Road","osmWay":543612722,"major":false,"bridge":false},"geometry":{"type":"LineString","coordinates":[[5.614798,6.3207337],[5.6146329,6.3206573]]}},{"type":"Feature","properties":{"kind":"road","id":"road-543612723-0","name":"Golf Course Road","osmWay":543612723,"major":false,"bridge":false},"geometry":{"type":"LineString","coordinates":[[5.6146654,6.3205944],[5.614798,6.3207337]]}},{"type":"Feature","properties":{"kind":"road","id":"road-543612724-0","name":"Unnamed mapped tertiary","osmWay":543612724,"major":false,"bridge":false},"geometry":{"type":"LineString","coordinates":[[5.6144128,6.3207531],[5.6145223,6.3205939]]}},{"type":"Feature","properties":{"kind":"road","id":"road-543612726-0","name":"Reservation Road","osmWay":543612726,"major":false,"bridge":false},"geometry":{"type":"LineString","coordinates":[[5.6146052,6.3206679],[5.6144128,6.3207531]]}},{"type":"Feature","properties":{"kind":"road","id":"road-543612728-0","name":"Unnamed mapped tertiary","osmWay":543612728,"major":false,"bridge":false},"geometry":{"type":"LineString","coordinates":[[5.6145798,6.3206675],[5.6145223,6.3205939],[5.6146009,6.3205268],[5.6146654,6.3205944],[5.6145798,6.3206675]]}},{"type":"Feature","properties":{"kind":"road","id":"road-543612729-0","name":"Golf Course Road","osmWay":543612729,"major":false,"bridge":false},"geometry":{"type":"LineString","coordinates":[[5.6106876,6.321806],[5.61391,6.3209919],[5.6144128,6.3207531]]}},{"type":"Feature","properties":{"kind":"road","id":"road-543612747-0","name":"Okhoro Street","osmWay":543612747,"major":false,"bridge":false},"geometry":{"type":"LineString","coordinates":[[5.6226375,6.3578973],[5.6185161,6.3574475]]}},{"type":"Feature","properties":{"kind":"road","id":"road-543612748-0","name":"Okhoro Street","osmWay":543612748,"major":false,"bridge":false},"geometry":{"type":"LineString","coordinates":[[5.6226942,6.3579472],[5.6226375,6.3578973]]}},{"type":"Feature","properties":{"kind":"road","id":"road-543612751-0","name":"A121","osmWay":543612751,"major":true,"bridge":false},"geometry":{"type":"LineString","coordinates":[[5.6192827,6.3541351],[5.6192203,6.3543064]]}},{"type":"Feature","properties":{"kind":"road","id":"road-543612752-0","name":"Edo Textile Mill road","osmWay":543612752,"major":false,"bridge":false},"geometry":{"type":"LineString","coordinates":[[5.6184603,6.3589254],[5.6183762,6.3589269]]}},{"type":"Feature","properties":{"kind":"road","id":"road-543621586-0","name":"Ekenhuan Road","osmWay":543621586,"major":true,"bridge":false},"geometry":{"type":"LineString","coordinates":[[5.6159742,6.3375546],[5.6158632,6.3375509]]}},{"type":"Feature","properties":{"kind":"road","id":"road-543621593-0","name":"Unnamed mapped tertiary","osmWay":543621593,"major":false,"bridge":false},"geometry":{"type":"LineString","coordinates":[[5.6102434,6.345425],[5.6101386,6.3451901]]}},{"type":"Feature","properties":{"kind":"road","id":"road-543621594-0","name":"Upper Siluko Road","osmWay":543621594,"major":true,"bridge":false},"geometry":{"type":"LineString","coordinates":[[5.6101386,6.3451901],[5.609055,6.3462697],[5.6083655,6.346771],[5.6072448,6.3473196],[5.6031335,6.3505929],[5.6021872,6.3515252],[5.6014932,6.3526064],[5.600314,6.3554229],[5.5998818,6.3579483]]}},{"type":"Feature","properties":{"kind":"road","id":"road-543621595-0","name":"Tv Road","osmWay":543621595,"major":false,"bridge":false},"geometry":{"type":"LineString","coordinates":[[5.6102345,6.3450855],[5.6102434,6.345425]]}},{"type":"Feature","properties":{"kind":"road","id":"road-543621596-0","name":"Unnamed mapped primary_link","osmWay":543621596,"major":false,"bridge":false},"geometry":{"type":"LineString","coordinates":[[5.6102434,6.345425],[5.6100205,6.345294]]}},{"type":"Feature","properties":{"kind":"road","id":"road-543621599-0","name":"Zabayor Street","osmWay":543621599,"major":true,"bridge":false},"geometry":{"type":"LineString","coordinates":[[5.6150683,6.3387175],[5.6147999,6.3379333]]}},{"type":"Feature","properties":{"kind":"road","id":"road-543621601-0","name":"Siluko Road","osmWay":543621601,"major":true,"bridge":false},"geometry":{"type":"LineString","coordinates":[[5.6159742,6.3375546],[5.6143212,6.3400589],[5.6134913,6.3417839],[5.6101386,6.3451901]]}},{"type":"Feature","properties":{"kind":"road","id":"road-543621602-0","name":"Unnamed mapped primary_link","osmWay":543621602,"major":false,"bridge":false},"geometry":{"type":"LineString","coordinates":[[5.6221609,6.3343636],[5.6217974,6.3343929]]}},{"type":"Feature","properties":{"kind":"road","id":"road-543621603-0","name":"1st Ibiwe Street","osmWay":543621603,"major":false,"bridge":false},"geometry":{"type":"LineString","coordinates":[[5.6208474,6.3350616],[5.6208715,6.3351469]]}},{"type":"Feature","properties":{"kind":"road","id":"road-543621604-0","name":"Oba Market Road","osmWay":543621604,"major":true,"bridge":false},"geometry":{"type":"LineString","coordinates":[[5.6220522,6.3341775],[5.6204044,6.335419],[5.6183854,6.3362143],[5.6159742,6.3375546]]}},{"type":"Feature","properties":{"kind":"road","id":"road-543621605-0","name":"Oba Market Road","osmWay":543621605,"major":true,"bridge":false},"geometry":{"type":"LineString","coordinates":[[5.6225102,6.333821],[5.6220522,6.3341775]]}},{"type":"Feature","properties":{"kind":"road","id":"road-543621607-0","name":"Unnamed mapped primary_link","osmWay":543621607,"major":false,"bridge":false},"geometry":{"type":"LineString","coordinates":[[5.6156449,6.3376296],[5.6158014,6.3378332]]}},{"type":"Feature","properties":{"kind":"road","id":"road-543630525-0","name":"Upper Siluko Road","osmWay":543630525,"major":true,"bridge":false},"geometry":{"type":"LineString","coordinates":[[5.5991486,6.3590221],[5.5937185,6.3610394],[5.5842368,6.3659063],[5.5832834,6.3668974],[5.5789052,6.3730189],[5.5752336,6.3785086]]}},{"type":"Feature","properties":{"kind":"road","id":"road-543630526-0","name":"Edo Textile Mill road","osmWay":543630526,"major":false,"bridge":false},"geometry":{"type":"LineString","coordinates":[[5.5992988,6.358917],[5.5995394,6.3590088]]}},{"type":"Feature","properties":{"kind":"road","id":"road-543630527-0","name":"Edo Textile Mill road","osmWay":543630527,"major":false,"bridge":false},"geometry":{"type":"LineString","coordinates":[[5.5995394,6.3590088],[5.5992468,6.3590093]]}},{"type":"Feature","properties":{"kind":"road","id":"road-543630528-0","name":"Unnamed mapped primary","osmWay":543630528,"major":true,"bridge":false},"geometry":{"type":"LineString","coordinates":[[5.5991278,6.3588147],[5.5992781,6.3588484],[5.5992468,6.3590093],[5.5990857,6.358972],[5.5991278,6.3588147]]}},{"type":"Feature","properties":{"kind":"road","id":"road-543630529-0","name":"Upper Siluko Road","osmWay":543630529,"major":true,"bridge":false},"geometry":{"type":"LineString","coordinates":[[5.5998818,6.3579483],[5.5992781,6.3588484]]}},{"type":"Feature","properties":{"kind":"road","id":"road-543630530-0","name":"Upper Siluko Road","osmWay":543630530,"major":true,"bridge":false},"geometry":{"type":"LineString","coordinates":[[5.5869306,6.3644091],[5.5941178,6.3607377],[5.597429,6.3596025],[5.5990716,6.3588932]]}},{"type":"Feature","properties":{"kind":"road","id":"road-543630531-0","name":"Sakponba Road","osmWay":543630531,"major":false,"bridge":false},"geometry":{"type":"LineString","coordinates":[[5.6235999,6.3322269],[5.6239417,6.3322353]]}},{"type":"Feature","properties":{"kind":"road","id":"road-543630532-0","name":"Sakponba Road","osmWay":543630532,"major":false,"bridge":false},"geometry":{"type":"LineString","coordinates":[[5.6239417,6.3322353],[5.6238198,6.3325575]]}},{"type":"Feature","properties":{"kind":"road","id":"road-543630533-0","name":"Mission Road","osmWay":543630533,"major":false,"bridge":false},"geometry":{"type":"LineString","coordinates":[[5.6291168,6.3459682],[5.625309,6.3399754],[5.6220522,6.3341775]]}},{"type":"Feature","properties":{"kind":"road","id":"road-543630534-0","name":"Mission Road","osmWay":543630534,"major":false,"bridge":false},"geometry":{"type":"LineString","coordinates":[[5.6224519,6.3338722],[5.6222118,6.3341517],[5.6222594,6.3344035],[5.6246674,6.3387249],[5.6292124,6.3459281]]}},{"type":"Feature","properties":{"kind":"road","id":"road-543828442-0","name":"Reservation Road","osmWay":543828442,"major":false,"bridge":false},"geometry":{"type":"LineString","coordinates":[[5.6235776,6.3288484],[5.623668,6.3289167]]}},{"type":"Feature","properties":{"kind":"road","id":"road-543828443-0","name":"Unnamed mapped trunk_link","osmWay":543828443,"major":false,"bridge":false},"geometry":{"type":"LineString","coordinates":[[5.6234663,6.3291076],[5.6233805,6.3286767]]}},{"type":"Feature","properties":{"kind":"road","id":"road-543828444-0","name":"Unnamed mapped trunk_link","osmWay":543828444,"major":false,"bridge":false},"geometry":{"type":"LineString","coordinates":[[5.6234218,6.3287238],[5.6236174,6.3287366]]}},{"type":"Feature","properties":{"kind":"road","id":"road-544664716-0","name":"Unnamed mapped primary_link","osmWay":544664716,"major":false,"bridge":false},"geometry":{"type":"LineString","coordinates":[[5.6101151,6.3447683],[5.6103078,6.3448691]]}},{"type":"Feature","properties":{"kind":"road","id":"road-544664717-0","name":"Unnamed mapped tertiary","osmWay":544664717,"major":false,"bridge":false},"geometry":{"type":"LineString","coordinates":[[5.6101187,6.3450571],[5.6101386,6.3451901]]}},{"type":"Feature","properties":{"kind":"road","id":"road-544725297-0","name":"Unnamed mapped tertiary","osmWay":544725297,"major":false,"bridge":false},"geometry":{"type":"LineString","coordinates":[[5.6339576,6.2750331],[5.6304009,6.2740457],[5.6285995,6.2736923],[5.6099253,6.2737384]]}},{"type":"Feature","properties":{"kind":"road","id":"road-545144858-0","name":"Ikpokpan Road","osmWay":545144858,"major":false,"bridge":false},"geometry":{"type":"LineString","coordinates":[[5.6277278,6.3144307],[5.6275826,6.3144874]]}},{"type":"Feature","properties":{"kind":"road","id":"road-545144859-0","name":"Ikpokpan Road","osmWay":545144859,"major":false,"bridge":false},"geometry":{"type":"LineString","coordinates":[[5.6275826,6.3144874],[5.6272017,6.314445]]}},{"type":"Feature","properties":{"kind":"road","id":"road-546705464-0","name":"Unnamed mapped tertiary","osmWay":546705464,"major":false,"bridge":false},"geometry":{"type":"LineString","coordinates":[[5.6685226,6.28816],[5.6684357,6.2880896]]}},{"type":"Feature","properties":{"kind":"road","id":"road-549636985-0","name":"2ND UTAGBAN ROAD","osmWay":549636985,"major":false,"bridge":false},"geometry":{"type":"LineString","coordinates":[[5.5756798,6.3209858],[5.5757988,6.318351],[5.5762492,6.3143997],[5.575769,6.304139],[5.575751,6.3014844],[5.574784,6.2920522],[5.5742213,6.2881508],[5.5737756,6.2877986],[5.5713807,6.2867349],[5.5703384,6.2860508],[5.5693718,6.2851673],[5.5675009,6.28297],[5.566531,6.2822852],[5.5652384,6.2816466],[5.5632904,6.2799951],[5.5631402,6.2793339],[5.5619091,6.2779448],[5.5604942,6.2768676],[5.5600524,6.2763786],[5.5577865,6.2733324],[5.5555627,6.2694137]]}},{"type":"Feature","properties":{"kind":"road","id":"road-551772332-0","name":"Unnamed mapped tertiary","osmWay":551772332,"major":false,"bridge":false},"geometry":{"type":"LineString","coordinates":[[5.6852249,6.3692657],[5.6853008,6.3691164]]}},{"type":"Feature","properties":{"kind":"road","id":"road-551788295-0","name":"Unnamed mapped tertiary","osmWay":551788295,"major":false,"bridge":false},"geometry":{"type":"LineString","coordinates":[[5.6855398,6.3692747],[5.6852343,6.3693616]]}},{"type":"Feature","properties":{"kind":"road","id":"road-558769103-0","name":"Unnamed mapped trunk_link","osmWay":558769103,"major":false,"bridge":false},"geometry":{"type":"LineString","coordinates":[[5.6186163,6.3613863],[5.6188208,6.3615956]]}},{"type":"Feature","properties":{"kind":"road","id":"road-600827876-0","name":"Unnamed mapped trunk_link","osmWay":600827876,"major":false,"bridge":false},"geometry":{"type":"LineString","coordinates":[[5.7200336,6.2651221],[5.7190623,6.2658778],[5.7168904,6.2669468],[5.7167455,6.2671439]]}},{"type":"Feature","properties":{"kind":"road","id":"road-600827877-0","name":"Unnamed mapped trunk_link","osmWay":600827877,"major":false,"bridge":false},"geometry":{"type":"LineString","coordinates":[[5.7203674,6.2648021],[5.7204079,6.2649784],[5.7208609,6.265394]]}},{"type":"Feature","properties":{"kind":"road","id":"road-600827878-0","name":"Unnamed mapped trunk_link","osmWay":600827878,"major":false,"bridge":false},"geometry":{"type":"LineString","coordinates":[[5.7207146,6.265471],[5.7202633,6.2651447],[5.7200336,6.2651221]]}},{"type":"Feature","properties":{"kind":"road","id":"road-603195668-0","name":"Second East Circular Road","osmWay":603195668,"major":false,"bridge":false},"geometry":{"type":"LineString","coordinates":[[5.6382098,6.331332],[5.6386637,6.3418243],[5.6383944,6.3424086],[5.6364794,6.3444609]]}},{"type":"Feature","properties":{"kind":"road","id":"road-603195669-0","name":"Second East Circular Road","osmWay":603195669,"major":false,"bridge":false},"geometry":{"type":"LineString","coordinates":[[5.6381354,6.3313382],[5.6379078,6.3266787],[5.6377083,6.3261834],[5.6306984,6.3179038],[5.6301796,6.3176158],[5.6274974,6.3175458]]}},{"type":"Feature","properties":{"kind":"road","id":"road-605465094-0","name":"Unnamed mapped trunk_link","osmWay":605465094,"major":false,"bridge":false},"geometry":{"type":"LineString","coordinates":[[5.665549,6.0479064],[5.6656818,6.048039]]}},{"type":"Feature","properties":{"kind":"road","id":"road-606292679-0","name":"A121","osmWay":606292679,"major":false,"bridge":false},"geometry":{"type":"LineString","coordinates":[[5.6188885,6.3542252],[5.6191303,6.3542963]]}},{"type":"Feature","properties":{"kind":"road","id":"road-606648809-0","name":"Unnamed mapped trunk_link","osmWay":606648809,"major":false,"bridge":false},"geometry":{"type":"LineString","coordinates":[[5.6906137,6.3451535],[5.6906537,6.3452734]]}},{"type":"Feature","properties":{"kind":"road","id":"road-606648810-0","name":"Unnamed mapped trunk_link","osmWay":606648810,"major":false,"bridge":false},"geometry":{"type":"LineString","coordinates":[[5.7335799,6.275546],[5.7334461,6.275735]]}},{"type":"Feature","properties":{"kind":"road","id":"road-606648817-0","name":"Unnamed mapped trunk_link","osmWay":606648817,"major":false,"bridge":false},"geometry":{"type":"LineString","coordinates":[[5.6638116,6.2202254],[5.6637096,6.2203534]]}},{"type":"Feature","properties":{"kind":"road","id":"road-606650036-0","name":"Unnamed mapped tertiary","osmWay":606650036,"major":false,"bridge":false},"geometry":{"type":"LineString","coordinates":[[5.6419372,6.3491505],[5.6418989,6.3492286]]}},{"type":"Feature","properties":{"kind":"road","id":"road-606650044-0","name":"Unnamed mapped tertiary","osmWay":606650044,"major":false,"bridge":false},"geometry":{"type":"LineString","coordinates":[[5.6417892,6.3490092],[5.6419641,6.3486193]]}},{"type":"Feature","properties":{"kind":"road","id":"road-606921389-0","name":"Second West Circular Road","osmWay":606921389,"major":false,"bridge":false},"geometry":{"type":"LineString","coordinates":[[5.6083348,6.3466874],[5.6083655,6.346771]]}},{"type":"Feature","properties":{"kind":"road","id":"road-606921390-0","name":"Unnamed mapped primary_link","osmWay":606921390,"major":false,"bridge":false},"geometry":{"type":"LineString","coordinates":[[5.5993909,6.3587054],[5.5994255,6.3589593]]}},{"type":"Feature","properties":{"kind":"road","id":"road-606921392-0","name":"Upper Siluko Road","osmWay":606921392,"major":true,"bridge":false},"geometry":{"type":"LineString","coordinates":[[5.5751715,6.3784542],[5.5783834,6.3735227],[5.5834934,6.366413],[5.584235,6.365768],[5.5869306,6.3644091]]}},{"type":"Feature","properties":{"kind":"road","id":"road-606921395-0","name":"Unnamed mapped primary_link","osmWay":606921395,"major":false,"bridge":false},"geometry":{"type":"LineString","coordinates":[[5.5941716,6.3608397],[5.5941178,6.3607377]]}},{"type":"Feature","properties":{"kind":"road","id":"road-606926414-0","name":"Second East Circular Road","osmWay":606926414,"major":false,"bridge":false},"geometry":{"type":"LineString","coordinates":[[5.6363989,6.3444049],[5.6383313,6.3423519],[5.6385901,6.3418257],[5.6381354,6.3313382]]}},{"type":"Feature","properties":{"kind":"road","id":"road-606926416-0","name":"Unnamed mapped secondary_link","osmWay":606926416,"major":false,"bridge":false},"geometry":{"type":"LineString","coordinates":[[5.6381344,6.3427096],[5.6380498,6.3426502]]}},{"type":"Feature","properties":{"kind":"road","id":"road-606977412-0","name":"Unnamed mapped trunk_link","osmWay":606977412,"major":false,"bridge":false},"geometry":{"type":"LineString","coordinates":[[5.662796,6.352396],[5.6627409,6.3524563]]}},{"type":"Feature","properties":{"kind":"road","id":"road-606977423-0","name":"A2","osmWay":606977423,"major":true,"bridge":false},"geometry":{"type":"LineString","coordinates":[[5.662796,6.352396],[5.6683394,6.3563821],[5.673153,6.3604114],[5.6770184,6.3629762],[5.6830155,6.3675857],[5.6977079,6.3767361]]}},{"type":"Feature","properties":{"kind":"road","id":"road-606977432-0","name":"A2","osmWay":606977432,"major":true,"bridge":false},"geometry":{"type":"LineString","coordinates":[[5.6976493,6.3768095],[5.6829536,6.3676528],[5.6769578,6.363044],[5.6730877,6.3604755],[5.6682156,6.3564404],[5.6627409,6.3524563]]}},{"type":"Feature","properties":{"kind":"road","id":"road-607298164-0","name":"Unnamed mapped primary_link","osmWay":607298164,"major":false,"bridge":false},"geometry":{"type":"LineString","coordinates":[[5.611283,6.3440721],[5.6111983,6.3439837]]}},{"type":"Feature","properties":{"kind":"road","id":"road-607304313-0","name":"Ekenhuan Road","osmWay":607304313,"major":true,"bridge":false},"geometry":{"type":"LineString","coordinates":[[5.6147999,6.3379333],[5.6158632,6.3375509]]}},{"type":"Feature","properties":{"kind":"road","id":"road-607645545-0","name":"Reservation Road","osmWay":607645545,"major":false,"bridge":false},"geometry":{"type":"LineString","coordinates":[[5.6235339,6.3289674],[5.6234218,6.3287238]]}},{"type":"Feature","properties":{"kind":"road","id":"road-607645548-0","name":"Reservation Road","osmWay":607645548,"major":false,"bridge":false},"geometry":{"type":"LineString","coordinates":[[5.6236048,6.3290428],[5.6235339,6.3289674]]}},{"type":"Feature","properties":{"kind":"road","id":"road-607645551-0","name":"Reservation Road","osmWay":607645551,"major":false,"bridge":false},"geometry":{"type":"LineString","coordinates":[[5.6234218,6.3287238],[5.6235776,6.3288484]]}},{"type":"Feature","properties":{"kind":"road","id":"road-608182851-0","name":"Unnamed mapped secondary","osmWay":608182851,"major":false,"bridge":false},"geometry":{"type":"LineString","coordinates":[[5.7590011,6.2025028],[5.7577533,6.2028546],[5.7569433,6.2032993],[5.754653,6.2066878],[5.7539552,6.207312],[5.7532373,6.207657],[5.7509048,6.2082267],[5.7499239,6.208653],[5.7487062,6.2095343],[5.7469976,6.2114115],[5.7461527,6.2120994],[5.734807,6.2191721],[5.7323755,6.2213573],[5.7302861,6.2239957],[5.7295526,6.2251838],[5.7284702,6.2274486],[5.727573,6.2304003],[5.7236584,6.2540785]]}},{"type":"Feature","properties":{"kind":"road","id":"road-608182852-0","name":"Unnamed mapped secondary","osmWay":608182852,"major":false,"bridge":true},"geometry":{"type":"LineString","coordinates":[[5.7592922,6.2024347],[5.7590011,6.2025028]]}},{"type":"Feature","properties":{"kind":"road","id":"road-608787845-0","name":"Golf Course Road","osmWay":608787845,"major":false,"bridge":false},"geometry":{"type":"LineString","coordinates":[[5.610486,6.3220424],[5.610405,6.3221109]]}},{"type":"Feature","properties":{"kind":"road","id":"road-608787846-0","name":"Golf Course Road","osmWay":608787846,"major":false,"bridge":false},"geometry":{"type":"LineString","coordinates":[[5.6103194,6.3220558],[5.6103905,6.3219783]]}},{"type":"Feature","properties":{"kind":"road","id":"road-608787847-0","name":"Unnamed mapped secondary_link","osmWay":608787847,"major":false,"bridge":false},"geometry":{"type":"LineString","coordinates":[[5.6106628,6.3218494],[5.6106012,6.3221189]]}},{"type":"Feature","properties":{"kind":"road","id":"road-608787848-0","name":"Unnamed mapped secondary_link","osmWay":608787848,"major":false,"bridge":false},"geometry":{"type":"LineString","coordinates":[[5.610224,6.3218507],[5.610618,6.32182]]}},{"type":"Feature","properties":{"kind":"road","id":"road-608787849-0","name":"Golf Course Road","osmWay":608787849,"major":false,"bridge":false},"geometry":{"type":"LineString","coordinates":[[5.6106876,6.321806],[5.610486,6.3220424]]}},{"type":"Feature","properties":{"kind":"road","id":"road-608787850-0","name":"Golf Course Road","osmWay":608787850,"major":false,"bridge":false},"geometry":{"type":"LineString","coordinates":[[5.6103905,6.3219783],[5.6106876,6.321806]]}},{"type":"Feature","properties":{"kind":"road","id":"road-608787851-0","name":"Boundary Road","osmWay":608787851,"major":false,"bridge":false},"geometry":{"type":"LineString","coordinates":[[5.6075229,6.3195548],[5.6076408,6.3195321]]}},{"type":"Feature","properties":{"kind":"road","id":"road-608787852-0","name":"Unnamed mapped secondary_link","osmWay":608787852,"major":false,"bridge":false},"geometry":{"type":"LineString","coordinates":[[5.5978649,6.3114714],[5.5978052,6.3115369]]}},{"type":"Feature","properties":{"kind":"road","id":"road-608787854-0","name":"Unnamed mapped secondary","osmWay":608787854,"major":false,"bridge":false},"geometry":{"type":"LineString","coordinates":[[5.5837938,6.2868122],[5.5844085,6.287563],[5.5888304,6.2941383],[5.5900843,6.2951398]]}},{"type":"Feature","properties":{"kind":"road","id":"road-608787855-0","name":"Unnamed mapped tertiary","osmWay":608787855,"major":false,"bridge":false},"geometry":{"type":"LineString","coordinates":[[5.5837938,6.2868122],[5.5827737,6.2853715],[5.5821986,6.2849873]]}},{"type":"Feature","properties":{"kind":"road","id":"road-608787856-0","name":"Airport Road","osmWay":608787856,"major":false,"bridge":false},"geometry":{"type":"LineString","coordinates":[[5.5900843,6.2951398],[5.5915053,6.2961716],[5.5921407,6.2970794],[5.5927497,6.2988141],[5.5937194,6.3037927]]}},{"type":"Feature","properties":{"kind":"road","id":"road-608841000-0","name":"Upper Siluko Road","osmWay":608841000,"major":true,"bridge":false},"geometry":{"type":"LineString","coordinates":[[5.5752336,6.3785086],[5.5744608,6.3795977]]}},{"type":"Feature","properties":{"kind":"road","id":"road-608841001-0","name":"Upper Siluko Road","osmWay":608841001,"major":true,"bridge":false},"geometry":{"type":"LineString","coordinates":[[5.5744608,6.3795977],[5.5751715,6.3784542]]}},{"type":"Feature","properties":{"kind":"road","id":"road-609253607-0","name":"Unnamed mapped trunk_link","osmWay":609253607,"major":false,"bridge":false},"geometry":{"type":"LineString","coordinates":[[5.6160546,6.3714762],[5.616122,6.3715052]]}},{"type":"Feature","properties":{"kind":"road","id":"road-641082489-0","name":"Unnamed mapped tertiary","osmWay":641082489,"major":false,"bridge":false},"geometry":{"type":"LineString","coordinates":[[5.5722306,6.1450014],[5.5729293,6.1455469],[5.5789569,6.148467],[5.5810202,6.1498897],[5.5811237,6.1503044],[5.5809285,6.1523626],[5.5809526,6.1576186],[5.5811341,6.1580302],[5.5901429,6.1579372]]}},{"type":"Feature","properties":{"kind":"road","id":"road-641093021-0","name":"Unnamed mapped tertiary","osmWay":641093021,"major":false,"bridge":false},"geometry":{"type":"LineString","coordinates":[[5.6806371,6.3078221],[5.6793896,6.3101015],[5.6788368,6.3116841]]}},{"type":"Feature","properties":{"kind":"road","id":"road-835641690-0","name":"Unnamed mapped trunk_link","osmWay":835641690,"major":false,"bridge":false},"geometry":{"type":"LineString","coordinates":[[5.6910575,6.2451211],[5.6911492,6.2449981]]}},{"type":"Feature","properties":{"kind":"road","id":"road-835643796-0","name":"Unnamed mapped trunk_link","osmWay":835643796,"major":false,"bridge":false},"geometry":{"type":"LineString","coordinates":[[5.6860005,6.2384007],[5.6861012,6.2382976]]}},{"type":"Feature","properties":{"kind":"road","id":"road-835649033-0","name":"Unnamed mapped trunk_link","osmWay":835649033,"major":false,"bridge":false},"geometry":{"type":"LineString","coordinates":[[5.6535817,6.1375259],[5.6532729,6.1374816]]}},{"type":"Feature","properties":{"kind":"road","id":"road-835649290-0","name":"Unnamed mapped trunk_link","osmWay":835649290,"major":false,"bridge":false},"geometry":{"type":"LineString","coordinates":[[5.6835727,6.2358703],[5.683483,6.2359824]]}},{"type":"Feature","properties":{"kind":"road","id":"road-835652873-0","name":"Unnamed mapped tertiary","osmWay":835652873,"major":false,"bridge":false},"geometry":{"type":"LineString","coordinates":[[5.7338423,6.2197048],[5.733759,6.2200437]]}},{"type":"Feature","properties":{"kind":"road","id":"road-835656514-0","name":"Unnamed mapped trunk_link","osmWay":835656514,"major":false,"bridge":false},"geometry":{"type":"LineString","coordinates":[[5.6742076,6.2286342],[5.6743321,6.2285083]]}},{"type":"Feature","properties":{"kind":"road","id":"road-835680734-0","name":"Unnamed mapped trunk_link","osmWay":835680734,"major":false,"bridge":false},"geometry":{"type":"LineString","coordinates":[[5.6937048,6.2472448],[5.6937989,6.2471328]]}},{"type":"Feature","properties":{"kind":"road","id":"road-835725195-0","name":"Unnamed mapped trunk_link","osmWay":835725195,"major":false,"bridge":false},"geometry":{"type":"LineString","coordinates":[[5.7156466,6.2614578],[5.715739,6.2613325]]}},{"type":"Feature","properties":{"kind":"road","id":"road-835950738-0","name":"Unnamed mapped trunk_link","osmWay":835950738,"major":false,"bridge":false},"geometry":{"type":"LineString","coordinates":[[5.6869756,6.239801],[5.687092,6.2397266]]}},{"type":"Feature","properties":{"kind":"road","id":"road-835950739-0","name":"Unnamed mapped trunk_link","osmWay":835950739,"major":false,"bridge":false},"geometry":{"type":"LineString","coordinates":[[5.69026,6.2444116],[5.6903793,6.2443006]]}},{"type":"Feature","properties":{"kind":"road","id":"road-959112793-0","name":"Unnamed mapped trunk_link","osmWay":959112793,"major":false,"bridge":false},"geometry":{"type":"LineString","coordinates":[[5.6064445,6.408691],[5.6065437,6.4087323]]}},{"type":"Feature","properties":{"kind":"road","id":"road-1038259314-0","name":"Unnamed mapped tertiary","osmWay":1038259314,"major":false,"bridge":false},"geometry":{"type":"LineString","coordinates":[[5.6498025,6.3165857],[5.65017,6.3163334]]}},{"type":"Feature","properties":{"kind":"road","id":"road-1038259315-0","name":"Unnamed mapped tertiary","osmWay":1038259315,"major":false,"bridge":false},"geometry":{"type":"LineString","coordinates":[[5.6522044,6.3203491],[5.6498025,6.3165857]]}},{"type":"Feature","properties":{"kind":"road","id":"road-1061986272-0","name":"Unnamed mapped tertiary_link","osmWay":1061986272,"major":false,"bridge":false},"geometry":{"type":"LineString","coordinates":[[5.6263804,6.282297],[5.6263814,6.2822099]]}},{"type":"Feature","properties":{"kind":"road","id":"road-1083006743-0","name":"Unnamed mapped trunk_link","osmWay":1083006743,"major":false,"bridge":false},"geometry":{"type":"LineString","coordinates":[[5.6578388,6.116402],[5.6581406,6.1164588]]}},{"type":"Feature","properties":{"kind":"road","id":"road-1083006746-0","name":"Unnamed mapped trunk_link","osmWay":1083006746,"major":false,"bridge":false},"geometry":{"type":"LineString","coordinates":[[5.6593119,6.109553],[5.65963,6.1096059]]}},{"type":"Feature","properties":{"kind":"road","id":"road-1117267329-0","name":"Unnamed mapped tertiary","osmWay":1117267329,"major":false,"bridge":false},"geometry":{"type":"LineString","coordinates":[[5.6879958,6.2407383],[5.6879991,6.2411551]]}},{"type":"Feature","properties":{"kind":"road","id":"road-1117267330-0","name":"Unnamed mapped tertiary","osmWay":1117267330,"major":false,"bridge":false},"geometry":{"type":"LineString","coordinates":[[5.6879958,6.2407383],[5.6875962,6.2408279]]}},{"type":"Feature","properties":{"kind":"road","id":"road-1117267332-0","name":"Unnamed mapped tertiary","osmWay":1117267332,"major":false,"bridge":false},"geometry":{"type":"LineString","coordinates":[[5.7338423,6.2197048],[5.733993,6.2198443]]}},{"type":"Feature","properties":{"kind":"road","id":"road-1117268514-0","name":"Irhirhi Road","osmWay":1117268514,"major":false,"bridge":false},"geometry":{"type":"LineString","coordinates":[[5.5848656,6.2201533],[5.5857599,6.219008],[5.5860596,6.2182682],[5.5860878,6.2177522],[5.5857174,6.2151134],[5.5851995,6.1945618]]}},{"type":"Feature","properties":{"kind":"road","id":"road-1117268515-0","name":"Irhirhi Road","osmWay":1117268515,"major":false,"bridge":true},"geometry":{"type":"LineString","coordinates":[[5.5847674,6.2202903],[5.5848656,6.2201533]]}},{"type":"Feature","properties":{"kind":"road","id":"road-1117463020-0","name":"Unnamed mapped trunk_link","osmWay":1117463020,"major":false,"bridge":false},"geometry":{"type":"LineString","coordinates":[[5.6807065,6.2338046],[5.6808086,6.2336734]]}},{"type":"Feature","properties":{"kind":"road","id":"road-1117463021-0","name":"Unnamed mapped trunk_link","osmWay":1117463021,"major":false,"bridge":false},"geometry":{"type":"LineString","coordinates":[[5.681112,6.2341187],[5.6812081,6.2339909]]}},{"type":"Feature","properties":{"kind":"road","id":"road-1164343102-0","name":"Unnamed mapped tertiary","osmWay":1164343102,"major":false,"bridge":false},"geometry":{"type":"LineString","coordinates":[[5.6373829,6.2100599],[5.6377961,6.2101347]]}},{"type":"Feature","properties":{"kind":"road","id":"road-1177776179-0","name":"Second East Circular Road","osmWay":1177776179,"major":false,"bridge":false},"geometry":{"type":"LineString","coordinates":[[5.6274995,6.3174636],[5.6301687,6.3175351],[5.6307118,6.3177952],[5.6377928,6.3261514],[5.638038,6.3271636],[5.6382098,6.331332]]}},{"type":"Feature","properties":{"kind":"road","id":"road-1190945357-0","name":"Unnamed mapped trunk_link","osmWay":1190945357,"major":false,"bridge":false},"geometry":{"type":"LineString","coordinates":[[5.6371708,6.2131662],[5.6376114,6.2131776]]}},{"type":"Feature","properties":{"kind":"road","id":"road-1191699666-0","name":"Unnamed mapped trunk_link","osmWay":1191699666,"major":false,"bridge":false},"geometry":{"type":"LineString","coordinates":[[5.6375162,6.2087552],[5.6378641,6.2088503]]}},{"type":"Feature","properties":{"kind":"road","id":"road-1232092948-0","name":"Unnamed mapped tertiary","osmWay":1232092948,"major":false,"bridge":false},"geometry":{"type":"LineString","coordinates":[[5.5685312,6.2623732],[5.5687795,6.2624194]]}},{"type":"Feature","properties":{"kind":"road","id":"road-1270788330-0","name":"Unnamed mapped trunk_link","osmWay":1270788330,"major":false,"bridge":false},"geometry":{"type":"LineString","coordinates":[[5.6309714,6.3010175],[5.6310631,6.3010204]]}},{"type":"Feature","properties":{"kind":"road","id":"road-1291968373-0","name":"Unnamed mapped trunk_link","osmWay":1291968373,"major":false,"bridge":false},"geometry":{"type":"LineString","coordinates":[[5.6322473,6.2898665],[5.6323517,6.2898769]]}},{"type":"Feature","properties":{"kind":"road","id":"road-1304035926-0","name":"Unnamed mapped trunk_link","osmWay":1304035926,"major":false,"bridge":false},"geometry":{"type":"LineString","coordinates":[[5.7198441,6.2645734],[5.7203674,6.2648021]]}},{"type":"Feature","properties":{"kind":"road","id":"road-1304035928-0","name":"Unnamed mapped trunk_link","osmWay":1304035928,"major":false,"bridge":false},"geometry":{"type":"LineString","coordinates":[[5.7200336,6.2651221],[5.7197867,6.2647071]]}},{"type":"Feature","properties":{"kind":"road","id":"road-1320338612-0","name":"Unnamed mapped secondary_link","osmWay":1320338612,"major":false,"bridge":false},"geometry":{"type":"LineString","coordinates":[[5.6072362,6.3178816],[5.6073187,6.3178564]]}},{"type":"Feature","properties":{"kind":"road","id":"road-1323077479-0","name":"Unnamed mapped trunk_link","osmWay":1323077479,"major":false,"bridge":false},"geometry":{"type":"LineString","coordinates":[[5.6844683,6.3685704],[5.6845214,6.368498]]}},{"type":"Feature","properties":{"kind":"road","id":"road-1331517806-0","name":"Ugbor Village Road","osmWay":1331517806,"major":false,"bridge":false},"geometry":{"type":"LineString","coordinates":[[5.6099331,6.2736697],[5.6099542,6.2722076],[5.6097268,6.2713991],[5.6074398,6.2663629],[5.6052248,6.2594594],[5.6029501,6.250177],[5.6029918,6.2490846]]}},{"type":"Feature","properties":{"kind":"road","id":"road-1347238120-0","name":"Unnamed mapped tertiary_link","osmWay":1347238120,"major":false,"bridge":false},"geometry":{"type":"LineString","coordinates":[[5.6199056,6.2736164],[5.6199018,6.2736802]]}},{"type":"Feature","properties":{"kind":"road","id":"road-1369692558-0","name":"Unnamed mapped trunk_link","osmWay":1369692558,"major":false,"bridge":false},"geometry":{"type":"LineString","coordinates":[[5.6371069,6.2161864],[5.637435,6.2161997]]}},{"type":"Feature","properties":{"kind":"road","id":"road-1387605446-0","name":"Mission Road","osmWay":1387605446,"major":false,"bridge":false},"geometry":{"type":"LineString","coordinates":[[5.6447052,6.370345],[5.6362921,6.3576372],[5.6291168,6.3459682]]}},{"type":"Feature","properties":{"kind":"road","id":"road-1387605449-0","name":"Unnamed mapped tertiary","osmWay":1387605449,"major":false,"bridge":false},"geometry":{"type":"LineString","coordinates":[[5.6657904,6.3774039],[5.6523875,6.377563],[5.6509085,6.3773365],[5.6501856,6.3771235],[5.6495826,6.3767683]]}},{"type":"Feature","properties":{"kind":"road","id":"road-1387605449-1","name":"Unnamed mapped tertiary","osmWay":1387605449,"major":false,"bridge":false},"geometry":{"type":"LineString","coordinates":[[5.6767064,6.3735786],[5.6726591,6.3766104],[5.6715562,6.3772761]]}},{"type":"Feature","properties":{"kind":"road","id":"road-1387605449-2","name":"Unnamed mapped tertiary","osmWay":1387605449,"major":false,"bridge":false},"geometry":{"type":"LineString","coordinates":[[5.6829525,6.3700765],[5.6806585,6.3707361],[5.6800281,6.3710961]]}},{"type":"Feature","properties":{"kind":"road","id":"road-1387605449-3","name":"Unnamed mapped tertiary","osmWay":1387605449,"major":false,"bridge":false},"geometry":{"type":"LineString","coordinates":[[5.6852343,6.3693616],[5.6852163,6.3693691]]}},{"type":"Feature","properties":{"kind":"road","id":"road-1387608997-0","name":"Ekenhuan Road","osmWay":1387608997,"major":false,"bridge":false},"geometry":{"type":"LineString","coordinates":[[5.6021132,6.3323283],[5.6037962,6.3327964],[5.6050662,6.33342],[5.6116048,6.3374788],[5.6128907,6.3378243],[5.6147999,6.3379333]]}},{"type":"Feature","properties":{"kind":"road","id":"road-1387608998-0","name":"Ekenhuan Road","osmWay":1387608998,"major":false,"bridge":false},"geometry":{"type":"LineString","coordinates":[[5.6021675,6.3324328],[5.6020957,6.3324103]]}},{"type":"Feature","properties":{"kind":"road","id":"road-1387608999-0","name":"Ekenhuan Road","osmWay":1387608999,"major":false,"bridge":false},"geometry":{"type":"LineString","coordinates":[[5.6020957,6.3324103],[5.5995512,6.3317982]]}},{"type":"Feature","properties":{"kind":"road","id":"road-1387609000-0","name":"Ehaekpen Street","osmWay":1387609000,"major":false,"bridge":false},"geometry":{"type":"LineString","coordinates":[[5.6101151,6.3447683],[5.6099763,6.3406176],[5.6110677,6.3380402],[5.6116826,6.3374507]]}},{"type":"Feature","properties":{"kind":"road","id":"road-1387609001-0","name":"Ekenhuan Road","osmWay":1387609001,"major":false,"bridge":false},"geometry":{"type":"LineString","coordinates":[[5.6147999,6.3379333],[5.6133213,6.3379616],[5.6115552,6.3375093],[5.6106677,6.3370791],[5.6076751,6.3350825],[5.6045345,6.3332304],[5.6037723,6.3328776],[5.6021675,6.3324328]]}},{"type":"Feature","properties":{"kind":"road","id":"road-1387609002-0","name":"Ehaekpen Street","osmWay":1387609002,"major":false,"bridge":false},"geometry":{"type":"LineString","coordinates":[[5.6116826,6.3374507],[5.6111107,6.3381031],[5.6100576,6.3406297],[5.6101151,6.3447683]]}},{"type":"Feature","properties":{"kind":"road","id":"road-1387897415-0","name":"Ugbor Village Road","osmWay":1387897415,"major":false,"bridge":false},"geometry":{"type":"LineString","coordinates":[[5.6091723,6.2821721],[5.609419,6.2797684],[5.609468,6.2778075],[5.6099331,6.2736697]]}},{"type":"Feature","properties":{"kind":"road","id":"road-1387897416-0","name":"Godwin Abbe (aka Limit)","osmWay":1387897416,"major":false,"bridge":false},"geometry":{"type":"LineString","coordinates":[[5.6176262,6.2822659],[5.6091594,6.2822875]]}},{"type":"Feature","properties":{"kind":"road","id":"road-1387897417-0","name":"Godwin Abbe (aka Limit)","osmWay":1387897417,"major":false,"bridge":false},"geometry":{"type":"LineString","coordinates":[[5.6091536,6.28235],[5.6176262,6.2822659]]}},{"type":"Feature","properties":{"kind":"road","id":"road-1387897418-0","name":"Ugbor Village Road","osmWay":1387897418,"major":false,"bridge":false},"geometry":{"type":"LineString","coordinates":[[5.6099849,6.2736655],[5.6091723,6.2821721]]}},{"type":"Feature","properties":{"kind":"road","id":"road-1388496140-0","name":"Unnamed mapped secondary_link","osmWay":1388496140,"major":false,"bridge":false},"geometry":{"type":"LineString","coordinates":[[5.5635392,6.3159129],[5.5635682,6.3158547]]}},{"type":"Feature","properties":{"kind":"road","id":"road-1388496141-0","name":"Unnamed mapped secondary","osmWay":1388496141,"major":false,"bridge":false},"geometry":{"type":"LineString","coordinates":[[5.5652188,6.3161263],[5.5642493,6.316116],[5.5631819,6.3157393],[5.5616809,6.3143848],[5.5591305,6.3115611],[5.5584557,6.309988],[5.5584829,6.3085872],[5.5583051,6.3074799],[5.5573884,6.3048644]]}},{"type":"Feature","properties":{"kind":"road","id":"road-1388496142-0","name":"Unnamed mapped secondary","osmWay":1388496142,"major":false,"bridge":false},"geometry":{"type":"LineString","coordinates":[[5.5573884,6.3048644],[5.5583578,6.307466],[5.5585293,6.308579],[5.5585134,6.309972],[5.5591826,6.3115263],[5.561722,6.3143454],[5.5628336,6.315407],[5.5638854,6.3159816],[5.5652127,6.3160594]]}},{"type":"Feature","properties":{"kind":"road","id":"road-1388496143-0","name":"Ekenhuan Road","osmWay":1388496143,"major":false,"bridge":false},"geometry":{"type":"LineString","coordinates":[[5.5831984,6.3287359],[5.5794503,6.3274066],[5.5783818,6.3266079],[5.5775322,6.3253593],[5.5769952,6.3228335],[5.576205,6.3214637],[5.5708898,6.3172321],[5.570207,6.3168809],[5.5678274,6.3163261],[5.5667826,6.3161275],[5.5652188,6.3161263]]}},{"type":"Feature","properties":{"kind":"road","id":"road-1388496144-0","name":"Ekenhuan Road","osmWay":1388496144,"major":false,"bridge":false},"geometry":{"type":"LineString","coordinates":[[5.5995512,6.3317982],[5.5979359,6.3314896],[5.5963823,6.3310289],[5.5941585,6.3297034],[5.5908828,6.3289115],[5.5901077,6.3289268],[5.5873846,6.3295037],[5.5861737,6.3295656],[5.5850905,6.3293725],[5.5831984,6.3287359]]}},{"type":"Feature","properties":{"kind":"road","id":"road-1388723485-0","name":"Unnamed mapped secondary_link","osmWay":1388723485,"major":false,"bridge":false},"geometry":{"type":"LineString","coordinates":[[5.6020957,6.3324103],[5.6021132,6.3323283]]}},{"type":"Feature","properties":{"kind":"road","id":"road-1409198086-0","name":"Unnamed mapped tertiary_link","osmWay":1409198086,"major":false,"bridge":false},"geometry":{"type":"LineString","coordinates":[[5.6244686,6.273678],[5.6244739,6.2736209]]}},{"type":"Feature","properties":{"kind":"road","id":"road-1423603302-0","name":"Unnamed mapped trunk_link","osmWay":1423603302,"major":false,"bridge":false},"geometry":{"type":"LineString","coordinates":[[5.6094867,6.3860543],[5.6095784,6.3860586]]}},{"type":"Feature","properties":{"kind":"road","id":"road-1423639024-0","name":"Unnamed mapped trunk_link","osmWay":1423639024,"major":false,"bridge":false},"geometry":{"type":"LineString","coordinates":[[5.6182019,6.3622858],[5.618286,6.3623139]]}},{"type":"Feature","properties":{"kind":"road","id":"road-1425779935-0","name":"Unnamed mapped trunk_link","osmWay":1425779935,"major":false,"bridge":false},"geometry":{"type":"LineString","coordinates":[[5.6369749,6.2271992],[5.6372577,6.2271993]]}},{"type":"Feature","properties":{"kind":"road","id":"road-1426423053-0","name":"Unnamed mapped trunk_link","osmWay":1426423053,"major":false,"bridge":false},"geometry":{"type":"LineString","coordinates":[[5.6114383,6.3801613],[5.6115029,6.3801911]]}},{"type":"Feature","properties":{"kind":"road","id":"road-1426871057-0","name":"Unnamed mapped trunk_link","osmWay":1426871057,"major":false,"bridge":false},"geometry":{"type":"LineString","coordinates":[[5.6082154,6.4033494],[5.6083227,6.4033847]]}},{"type":"Feature","properties":{"kind":"road","id":"road-1486537391-0","name":"Ramat Park Flyover","osmWay":1486537391,"major":true,"bridge":true},"geometry":{"type":"LineString","coordinates":[[5.6627574,6.3492883],[5.6616429,6.3497839],[5.6596956,6.3502537],[5.6584515,6.3503006]]}},{"type":"Feature","properties":{"kind":"road","id":"road-1486537392-0","name":"Ramat Park Flyover","osmWay":1486537392,"major":true,"bridge":true},"geometry":{"type":"LineString","coordinates":[[5.6584351,6.3502396],[5.6596791,6.3501927],[5.6616265,6.3497229],[5.6627409,6.3492273]]}},{"type":"Feature","properties":{"kind":"road","id":"road-1486537393-0","name":"Ramat Park Flyover","osmWay":1486537393,"major":true,"bridge":false},"geometry":{"type":"LineString","coordinates":[[5.6642412,6.348991],[5.6627574,6.3492883]]}},{"type":"Feature","properties":{"kind":"road","id":"road-1486537394-0","name":"Ramat Park Flyover","osmWay":1486537394,"major":true,"bridge":false},"geometry":{"type":"LineString","coordinates":[[5.6627409,6.3492273],[5.6642193,6.3488755]]}},{"type":"Feature","properties":{"kind":"road","id":"road-1486537395-0","name":"Ramat Park Flyover","osmWay":1486537395,"major":true,"bridge":false},"geometry":{"type":"LineString","coordinates":[[5.6584515,6.3503006],[5.6565947,6.3499223]]}},{"type":"Feature","properties":{"kind":"road","id":"road-1486537396-0","name":"Ramat Park Flyover","osmWay":1486537396,"major":true,"bridge":false},"geometry":{"type":"LineString","coordinates":[[5.6566243,6.3498091],[5.6584351,6.3502396]]}},{"type":"Feature","properties":{"kind":"road","id":"road-1492073569-0","name":"Unnamed mapped tertiary","osmWay":1492073569,"major":false,"bridge":false},"geometry":{"type":"LineString","coordinates":[[5.6150057,6.3515661],[5.615088,6.3515051]]}},{"type":"Feature","properties":{"kind":"road","id":"road-1492073570-0","name":"Tv Road","osmWay":1492073570,"major":false,"bridge":false},"geometry":{"type":"LineString","coordinates":[[5.610384,6.3456593],[5.6102434,6.345425]]}},{"type":"Feature","properties":{"kind":"road","id":"road-1492073571-0","name":"Tv Road","osmWay":1492073571,"major":false,"bridge":false},"geometry":{"type":"LineString","coordinates":[[5.6181913,6.3544794],[5.6118626,6.3484131],[5.610384,6.3456593],[5.6103916,6.3457549]]}},{"type":"Feature","properties":{"kind":"road","id":"road-1532259042-0","name":"Okhoro Street","osmWay":1532259042,"major":false,"bridge":false},"geometry":{"type":"LineString","coordinates":[[5.6351695,6.3723762],[5.6299856,6.3659261]]}},{"type":"Feature","properties":{"kind":"road","id":"road-1533469178-0","name":"Unnamed mapped trunk","osmWay":1533469178,"major":true,"bridge":false},"geometry":{"type":"LineString","coordinates":[[5.6596645,6.3500462],[5.6598593,6.3502853],[5.6596069,6.3504914],[5.6594129,6.3502231],[5.6596645,6.3500462]]}},{"type":"Feature","properties":{"kind":"road","id":"road-1533469179-0","name":"Unnamed mapped trunk","osmWay":1533469179,"major":true,"bridge":false},"geometry":{"type":"LineString","coordinates":[[5.6619687,6.3495817],[5.6621772,6.3493363],[5.6624382,6.3495487],[5.6622366,6.3498003],[5.6619687,6.3495817]]}},{"type":"Feature","properties":{"kind":"road","id":"road-1533469180-0","name":"Unnamed mapped trunk","osmWay":1533469180,"major":true,"bridge":false},"geometry":{"type":"LineString","coordinates":[[5.6598146,6.3504034],[5.6612807,6.3513619],[5.6615558,6.3513595],[5.6617222,6.3513089],[5.6621057,6.3507097],[5.6621527,6.3497971]]}},{"type":"Feature","properties":{"kind":"road","id":"road-1533469181-0","name":"Unnamed mapped trunk","osmWay":1533469181,"major":true,"bridge":false},"geometry":{"type":"LineString","coordinates":[[5.6620753,6.3497647],[5.6598521,6.350327]]}},{"type":"Feature","properties":{"kind":"road","id":"road-1533469182-0","name":"Unnamed mapped trunk","osmWay":1533469182,"major":true,"bridge":false},"geometry":{"type":"LineString","coordinates":[[5.6615196,6.3515918],[5.6617222,6.3513089]]}},{"type":"Feature","properties":{"kind":"road","id":"road-1533469183-0","name":"Unnamed mapped trunk","osmWay":1533469183,"major":true,"bridge":false},"geometry":{"type":"LineString","coordinates":[[5.661796,6.3513576],[5.6616256,6.3516701]]}},{"type":"Feature","properties":{"kind":"road","id":"road-1533469184-0","name":"Unnamed mapped trunk","osmWay":1533469184,"major":true,"bridge":false},"geometry":{"type":"LineString","coordinates":[[5.6601134,6.3502874],[5.6600414,6.350594]]}},{"type":"Feature","properties":{"kind":"road","id":"road-1533469185-0","name":"Unnamed mapped trunk","osmWay":1533469185,"major":true,"bridge":false},"geometry":{"type":"LineString","coordinates":[[5.6621878,6.3500325],[5.6619306,6.3498036]]}},{"type":"Feature","properties":{"kind":"road","id":"road-1533469186-0","name":"A2","osmWay":1533469186,"major":true,"bridge":false},"geometry":{"type":"LineString","coordinates":[[5.6627409,6.3524563],[5.6600587,6.3506837],[5.6595319,6.3504687],[5.6584259,6.3503608],[5.6565947,6.3499223]]}},{"type":"Feature","properties":{"kind":"road","id":"road-1533469187-0","name":"Benin Agbor road","osmWay":1533469187,"major":true,"bridge":false},"geometry":{"type":"LineString","coordinates":[[5.6612914,6.3495844],[5.6642193,6.3488755]]}},{"type":"Feature","properties":{"kind":"road","id":"road-1533469188-0","name":"Benin Agbor road","osmWay":1533469188,"major":true,"bridge":false},"geometry":{"type":"LineString","coordinates":[[5.6642412,6.348991],[5.6628344,6.3493258],[5.6624531,6.3496234],[5.6621663,6.3507123],[5.661796,6.3513576],[5.6618361,6.3516715],[5.6620337,6.3518879]]}},{"type":"Feature","properties":{"kind":"road","id":"road-1533469189-0","name":"Unnamed mapped trunk","osmWay":1533469189,"major":true,"bridge":false},"geometry":{"type":"LineString","coordinates":[[5.6596645,6.3500462],[5.6612914,6.3495844]]}},{"type":"Feature","properties":{"kind":"road","id":"road-1533470009-0","name":"Unnamed mapped trunk","osmWay":1533470009,"major":true,"bridge":false},"geometry":{"type":"LineString","coordinates":[[5.6612807,6.3513619],[5.6620337,6.3518879]]}},{"type":"Feature","properties":{"kind":"road","id":"road-1534511717-0","name":"Unnamed mapped trunk","osmWay":1534511717,"major":true,"bridge":false},"geometry":{"type":"LineString","coordinates":[[5.6566243,6.3498091],[5.6582421,6.3501679],[5.6595027,6.350086]]}},{"type":"Feature","properties":{"kind":"road","id":"road-1560209011-0","name":"Unnamed mapped secondary_link","osmWay":1560209011,"major":false,"bridge":false},"geometry":{"type":"LineString","coordinates":[[5.605017,6.3334948],[5.6050662,6.33342]]}}]}
