{"type":"FeatureCollection","metadata":{"source":"Geofabrik Nigeria OSM extract, OpenStreetMap contributors, ODbL 1.0; geoBoundaries gbOpen GRID3 2022, CC BY 4.0","surfaceFormatVersion":1,"pbfUrl":"https://download.geofabrik.de/africa/nigeria-261003.osm.pbf","pbfDate":"2026-10-03","pbfSha256":"6dfa568106792fb8a9bba0b12a91e1edfb789d38c452087b2c48bc58326880b5","pbfBytes":709273731,"boundaryRelease":"9469f09","adm1Sha256":"64fa218ac3d453cc1e66412ff461c5dfa1a4a1ade0da93b239a9891b587d28f9","adm2Sha256":"bef7f2cfa45e012f4772eaa61c7b99e5188aeba4d5c6badae7e9f9aae8c02fcd","cityId":"enugu","stateId":"enugu","stateSourceName":"Enugu","localUnits":[["enugu-north","Enugu North"],["enugu-south","Enugu South"],["enugu-east","Enugu East"]],"coordinatePrecisionDegrees":1e-07,"transportSimplificationDegrees":8e-05,"locationIndex":"sparse_file_array","waterObjects":[["relation",17316481],["way",439047269],["way",439054354],["way",439054356],["way",439054411],["way",439054543],["way",439066075],["way",439070920],["way",439376884],["way",439573476],["way",1046821942],["way",1063654036],["way",1063654037],["way",1081569682],["way",1486964453],["way",1486964454],["way",1486964455],["way",1547605191],["way",1547605192],["way",1547605193]]},"features":[{"type":"Feature","properties":{"kind":"state","id":"state:enugu","localUnitId":"enugu","name":"Enugu"},"geometry":{"type":"Polygon","coordinates":[[[6.8682609,6.7553487],[6.878284,6.7605782],[6.8830776,6.7684226],[6.8848209,6.7727804],[6.888476,6.7787616],[6.8968048,6.7923908],[6.9120574,6.8006706],[6.923388,6.8019781],[6.9254349,6.7925414],[6.9285359,6.7871414],[6.929928,6.7864873],[6.9351998,6.7909571],[6.9354562,6.791175],[6.9374716,6.792879],[6.9386665,6.7938892],[6.9387514,6.7939592],[6.9402311,6.7951912],[6.9447653,6.7986507],[6.9523992,6.8080941],[6.9521823,6.8279457],[6.9608173,6.840899],[6.9632106,6.8444886],[6.978178,6.8500028],[6.9868431,6.8444886],[6.9899945,6.8334603],[6.9899945,6.8232193],[6.9877294,6.812959],[6.9870008,6.8066764],[6.9853367,6.798799],[6.9860948,6.7885851],[6.9907823,6.7854071],[6.9999816,6.7854071],[7.0049615,6.7854071],[7.0207167,6.7893457],[7.03017,6.7854071],[7.041986,6.7830439],[7.0437786,6.7834656],[7.055378,6.7861948],[7.0601044,6.7948604],[7.0742841,6.798799],[7.0813737,6.8003745],[7.0931902,6.8192806],[7.1010675,6.8287334],[7.112884,6.837399],[7.1199737,6.8484273],[7.1341534,6.8547297],[7.1467576,6.8641825],[7.1522717,6.875999],[7.1562104,6.8830886],[7.1701444,6.8838627],[7.1719975,6.8876522],[7.1731631,6.8906429],[7.1759043,6.8964806],[7.1822953,6.8990369],[7.1877208,6.901207],[7.2028209,6.9023052],[7.2101151,6.9035004],[7.2154213,6.9154566],[7.2177772,6.9253394],[7.2281566,6.929007],[7.2329166,6.9297304],[7.2351745,6.9333517],[7.2389245,6.9413824],[7.2381368,6.9579253],[7.2412882,6.9713173],[7.2438171,6.9728145],[7.2560373,6.979791],[7.2578306,6.9807701],[7.2932796,6.9941621],[7.3101439,7.0039997],[7.3121858,7.0051904],[7.3163904,7.0105014],[7.3271532,7.0240965],[7.3513716,7.0333567],[7.3524848,7.0337824],[7.3539367,7.0343375],[7.366837,7.039866],[7.3704796,7.0414271],[7.3791823,7.0473256],[7.3846593,7.0516682],[7.3859035,7.0551934],[7.3893857,7.0650601],[7.3889207,7.0704074],[7.3884684,7.0756093],[7.3884672,7.0756231],[7.3879452,7.0816262],[7.3867621,7.0861162],[7.3944124,7.092896],[7.3966081,7.0936457],[7.4005899,7.0948822],[7.4042441,7.0952772],[7.4069043,7.0957383],[7.4166723,7.0974316],[7.4245065,7.1003041],[7.4260792,7.1007975],[7.4286047,7.1011028],[7.4297395,7.1010586],[7.4318517,7.1015502],[7.4328115,7.100651],[7.4343421,7.0992169],[7.434791,7.0983009],[7.4355291,7.0978189],[7.4358674,7.0977513],[7.4385729,7.0975002],[7.442401,7.0959247],[7.4501955,7.0967753],[7.4574178,7.0959132],[7.4604068,7.0931527],[7.461025,7.092657],[7.464719,7.0892338],[7.4703914,7.0939086],[7.470174,7.0868459],[7.4765025,7.0850841],[7.4825197,7.0819431],[7.4910064,7.0737252],[7.5020347,7.0689988],[7.5031401,7.0674382],[7.5154266,7.0500927],[7.5204503,7.0431366],[7.5256672,7.035913],[7.5305138,7.0322781],[7.5366187,7.02274],[7.5382714,7.0201578],[7.5422101,7.0083418],[7.545361,7.0012517],[7.5464964,6.9983002],[7.5482555,6.9937269],[7.5493002,6.9910111],[7.5524511,6.9847088],[7.5552151,6.9805628],[7.5571775,6.9776192],[7.5586114,6.972521],[7.5642672,6.9524112],[7.5713573,6.9398069],[7.5776591,6.9327173],[7.5962241,6.9260867],[7.5997162,6.9248395],[7.6201978,6.9193254],[7.635953,6.9035702],[7.6385142,6.8990388],[7.646194,6.8854518],[7.65801,6.8681211],[7.6616789,6.8653259],[7.6745529,6.8555174],[7.6881284,6.8526892],[7.6917484,6.8515783],[7.7119256,6.8609189],[7.7137566,6.871026],[7.7190947,6.8724724],[7.7376233,6.8703585],[7.7501774,6.8783622],[7.7574043,6.8792655],[7.7627816,6.8799376],[7.7760344,6.8758249],[7.7856264,6.872848],[7.791776,6.8893398],[7.8036248,6.8912314],[7.818618,6.8919466],[7.8335137,6.8863974],[7.8395595,6.8807254],[7.8549485,6.8807254],[7.8636141,6.8799376],[7.8746424,6.8689089],[7.8762178,6.8633947],[7.882597,6.8582916],[7.8880343,6.8539419],[7.8903975,6.8437009],[7.8897432,6.8345399],[7.8892257,6.8272944],[7.8888221,6.8216438],[7.8864589,6.8051009],[7.8864589,6.7940726],[7.8876405,6.7893457],[7.8900037,6.7854071],[7.9002447,6.7861948],[7.9033957,6.7814684],[7.8947301,6.7743788],[7.8884282,6.7665009],[7.8781877,6.7601991],[7.8748707,6.7410404],[7.8684904,6.7249164],[7.8626746,6.7141401],[7.8559546,6.7000968],[7.8405011,6.6776701],[7.8308246,6.6619441],[7.8214881,6.6545625],[7.8139793,6.6501452],[7.8110209,6.6457248],[7.8130175,6.642104],[7.8177161,6.6375062],[7.8022509,6.6321116],[7.7992556,6.6322665],[7.7759908,6.6336756],[7.7379926,6.6446852],[7.7362015,6.6447512],[7.7200297,6.646857],[7.7009197,6.6412254],[7.6912213,6.6383672],[7.6882149,6.6292621],[7.7016692,6.6107693],[7.7039237,6.6070561],[7.7043824,6.5781515],[7.7045519,6.5780092],[7.7158359,6.5685405],[7.7261223,6.5600582],[7.7337741,6.5281725],[7.7400426,6.5016074],[7.7418313,6.49402],[7.7463744,6.4616576],[7.7491217,6.4472957],[7.749843,6.4369493],[7.75045,6.4121021],[7.7506045,6.4073366],[7.7509545,6.3976534],[7.7513924,6.3855391],[7.7452128,6.3700905],[7.740667,6.3587262],[7.7386775,6.3537526],[7.7209682,6.331048],[7.7095955,6.3021897],[7.7080264,6.2983532],[7.7080687,6.2974029],[7.7089348,6.2779193],[7.7090749,6.2776243],[7.7163045,6.2613372],[7.7216492,6.2493114],[7.7250047,6.2426009],[7.7263851,6.2398399],[7.7330017,6.2266064],[7.7287253,6.1998578],[7.7275552,6.1704726],[7.727485,6.1676117],[7.7271259,6.1490437],[7.7267153,6.1340558],[7.7262024,6.1148996],[7.7138295,6.0839124],[7.7058696,6.0788112],[7.6980799,6.0739603],[7.6862302,6.0713067],[7.6821177,6.0694172],[7.6694283,6.0635872],[7.6636942,6.0472287],[7.6653724,6.0390943],[7.6671581,6.0304384],[7.675786,6.0100045],[7.6844544,6.001336],[7.6971315,5.9886674],[7.711205,5.9709525],[7.714838,5.9459772],[7.7073587,5.9333987],[7.7048478,5.9291759],[7.6918893,5.9246402],[7.6789646,5.9287219],[7.6644335,5.9300842],[7.6353717,5.9432526],[7.6289961,5.9457528],[7.6165898,5.950618],[7.6131063,5.951984],[7.5993611,5.9573743],[7.5890541,5.9614162],[7.5731606,5.9691358],[7.5712624,5.9713402],[7.5696283,5.9732379],[7.5686428,5.9743824],[7.5635329,5.9803166],[7.5590839,5.9854832],[7.5493342,5.9923987],[7.5333029,6.0037699],[7.5301671,6.0059942],[7.5333848,6.0109768],[7.5200601,6.0200186],[7.5128206,6.0211044],[7.5105419,6.0214462],[7.493886,6.0166874],[7.4758019,6.0124044],[7.4615254,6.0147839],[7.4515314,6.0138321],[7.4495014,6.0130939],[7.4467632,6.0120982],[7.4309744,6.006357],[7.4305921,6.006218],[7.4158397,6.006218],[7.4140556,6.0071411],[7.4106104,6.0089239],[7.4066608,6.0111896],[7.404418,6.0124044],[7.4028143,6.0147209],[7.3958521,6.0247774],[7.3926261,6.0290224],[7.3868103,6.036675],[7.3847933,6.0373168],[7.3763404,6.0400062],[7.361588,6.040482],[7.3454002,6.0416804],[7.3390627,6.0421495],[7.3284512,6.0424023],[7.3101482,6.0450172],[7.3038092,6.0450172],[7.3017638,6.0465177],[7.2995374,6.0481463],[7.2978256,6.0508294],[7.2972118,6.0525912],[7.2973426,6.0562055],[7.2985958,6.0588737],[7.3000505,6.0617699],[7.3005714,6.0655545],[7.3024398,6.0672773],[7.3039176,6.0710137],[7.3058543,6.072707],[7.3072917,6.0747984],[7.3096361,6.0764586],[7.3094811,6.0789607],[7.2848961,6.0777416],[7.2708186,6.0789847],[7.2627548,6.0793527],[7.2613006,6.079419],[7.2595968,6.0877242],[7.2595249,6.0879794],[7.2548032,6.1047196],[7.2497211,6.1064878],[7.2483778,6.108726],[7.2397127,6.1142402],[7.2365375,6.1183923],[7.2294717,6.1276321],[7.2239575,6.1425996],[7.2215943,6.157567],[7.2232785,6.1689353],[7.2240913,6.174422],[7.2247453,6.1788363],[7.2239575,6.1914401],[7.2184429,6.196167],[7.2089901,6.2024689],[7.2042637,6.2087708],[7.2039325,6.2127455],[7.203476,6.218224],[7.202948,6.2204413],[7.1995368,6.234767],[7.1892962,6.2394934],[7.186239,6.2384743],[7.1727533,6.2339792],[7.1635166,6.2316698],[7.1616927,6.2312138],[7.1506124,6.2286443],[7.15074,6.2299589],[7.1484875,6.2311278],[7.1463874,6.2334522],[7.146269,6.2335832],[7.1442216,6.2343907],[7.1434415,6.2355552],[7.1441518,6.2362313],[7.1452794,6.2363254],[7.1453511,6.238049],[7.1454635,6.2403598],[7.1437772,6.2417585],[7.1432825,6.2431065],[7.1423415,6.2438619],[7.143817,6.2456285],[7.1448372,6.2460262],[7.1452464,6.2472728],[7.1461181,6.2485762],[7.1461391,6.2486745],[7.1450179,6.249226],[7.1454819,6.250002],[7.146366,6.2506648],[7.1484469,6.2510207],[7.1488798,6.2525707],[7.1472561,6.2525666],[7.1477761,6.2539146],[7.1477779,6.2540125],[7.1470224,6.2558302],[7.1491251,6.2624745],[7.1452031,6.2746763],[7.1425886,6.2890573],[7.1454316,6.2919004],[7.1504326,6.2969017],[7.1602406,6.3033748],[7.1602208,6.3036839],[7.1610527,6.3119669],[7.1617592,6.3155929],[7.1589415,6.3229891],[7.1523197,6.3289369],[7.1508684,6.3343792],[7.1473823,6.3430948],[7.1445476,6.3517122],[7.1419349,6.3596549],[7.1422554,6.3714309],[7.1418124,6.3798909],[7.1438676,6.3882514],[7.1370907,6.3951353],[7.1306933,6.3993747],[7.1153517,6.4014902],[7.1138654,6.4031493],[7.0999761,6.4186538],[7.0894444,6.4262585],[7.0843238,6.4262139],[7.0811526,6.4267025],[7.0785701,6.427622],[7.0706288,6.4287773],[7.0635397,6.4279178],[7.0638855,6.4311973],[7.0636738,6.4347467],[7.0648007,6.4372249],[7.0441772,6.4396064],[7.0386534,6.4402439],[7.0350077,6.4418974],[7.0322421,6.442439],[7.0317859,6.4459958],[7.0318467,6.4507841],[7.0327702,6.4568353],[7.0330699,6.4637289],[7.033206,6.4668584],[7.0362563,6.4738307],[7.0454082,6.4712162],[7.0496593,6.4743567],[7.0489915,6.4803657],[7.0484586,6.4851664],[7.0462794,6.5008497],[7.0462794,6.5121799],[7.0484586,6.5274324],[7.0554314,6.5453],[7.0632753,6.5548873],[7.0780921,6.5575018],[7.0829116,6.5612884],[7.0829976,6.561356],[7.0841943,6.5622954],[7.088551,6.5688324],[7.0920372,6.5758047],[7.1094685,6.5932364],[7.1155696,6.6032596],[7.1177487,6.6154613],[7.1242998,6.6252884],[7.1247211,6.6259203],[7.128643,6.6355076],[7.1316938,6.6433516],[7.1325655,6.6520677],[7.1290789,6.6594758],[7.1168771,6.6664486],[7.1126678,6.6689742],[7.1016245,6.6756001],[7.0902939,6.6773429],[7.0702476,6.6856232],[7.0606604,6.6843157],[7.0506377,6.6825724],[7.0462794,6.687366],[7.0448032,6.6883054],[7.0318985,6.6965175],[7.0166464,6.7061048],[7.0074945,6.7087197],[6.9971337,6.7114463],[6.9909348,6.7130775],[6.982655,6.7130775],[6.9687095,6.7113342],[6.9565077,6.7100272],[6.9438701,6.7061048],[6.9393232,6.7033443],[6.9376029,6.6988263],[6.9356487,6.6956328],[6.9325847,6.6952212],[6.9305752,6.695743],[6.9289356,6.6974441],[6.9268785,6.6984927],[6.9229224,6.6990647],[6.918728,6.6986357],[6.9131036,6.6954422],[6.9098151,6.6964186],[6.8609656,6.7534291],[6.8682609,6.7553487]]]}},{"type":"Feature","properties":{"kind":"administrative","id":"administrative:enugu-north","localUnitId":"enugu-north","name":"Enugu North"},"geometry":{"type":"Polygon","coordinates":[[[7.5391356,6.448466],[7.5393582,6.4372755],[7.5374404,6.4230019],[7.5356856,6.420295],[7.5308831,6.4150535],[7.5296974,6.4160108],[7.5293695,6.4161029],[7.528568,6.4158657],[7.5279631,6.4158631],[7.5265837,6.4162882],[7.52274,6.4176209],[7.5200307,6.4182358],[7.5189594,6.4183384],[7.517046,6.4183528],[7.5150567,6.4183931],[7.5138823,6.4180223],[7.5118134,6.4180509],[7.5110205,6.4180149],[7.5087993,6.41722],[7.5042417,6.4150225],[7.4977878,6.4247696],[7.4967861,6.4264461],[7.4965447,6.4278517],[7.4973634,6.4304353],[7.4976924,6.4314323],[7.4972302,6.4325015],[7.496662,6.4327903],[7.4942299,6.4329253],[7.4912763,6.4335469],[7.4908087,6.4338493],[7.4906457,6.4332714],[7.4904025,6.4331751],[7.4898384,6.4334271],[7.4885561,6.4324308],[7.4879947,6.4321851],[7.4877388,6.4323919],[7.4874173,6.4326886],[7.4869543,6.4329042],[7.4867584,6.4326276],[7.4862618,6.4322702],[7.4858964,6.4318481],[7.4856281,6.4316401],[7.4847643,6.4311337],[7.4842854,6.4306381],[7.4833148,6.4288367],[7.4828137,6.4273495],[7.4824831,6.4260243],[7.4819323,6.4246805],[7.4813435,6.423405],[7.4809231,6.4226552],[7.4780335,6.4198968],[7.4770441,6.4185454],[7.4767642,6.4181352],[7.4758654,6.4179574],[7.4752694,6.4175439],[7.4751511,6.4173839],[7.4739753,6.4171951],[7.4722699,6.4171778],[7.4717204,6.4169419],[7.4704808,6.4168349],[7.4693377,6.4167878],[7.4688045,6.4168157],[7.4683149,6.4170832],[7.4680231,6.4171447],[7.469227,6.4216358],[7.46653,6.4225022],[7.4649544,6.4232564],[7.4640025,6.424418],[7.4613622,6.4268718],[7.4601792,6.4273914],[7.459604,6.4271696],[7.4588286,6.4272405],[7.4581276,6.4277326],[7.4572445,6.4282111],[7.4562994,6.4287071],[7.4550919,6.4289894],[7.4546074,6.428111],[7.4546553,6.4275143],[7.4538842,6.4273444],[7.4532068,6.428739],[7.4533771,6.4306118],[7.4532351,6.4321714],[7.4531308,6.4337673],[7.4503069,6.4349549],[7.4447857,6.4350607],[7.4332927,6.4415307],[7.4267457,6.4423124],[7.4291785,6.455785],[7.4323729,6.4640312],[7.4346896,6.4673339],[7.4409307,6.4741907],[7.4417515,6.4762431],[7.4433248,6.4746895],[7.4472486,6.4729891],[7.453178,6.4700245],[7.456317,6.4689781],[7.4591945,6.4666238],[7.4616796,6.4655339],[7.4641211,6.4663622],[7.4671729,6.467583],[7.4699806,6.468222],[7.4781596,6.4699373],[7.4828448,6.4704159],[7.4983695,6.4722669],[7.5088435,6.4766892],[7.5105714,6.4767375],[7.5182079,6.4733437],[7.5192065,6.4709598],[7.5206899,6.4693494],[7.5216751,6.4650303],[7.5241256,6.4643311],[7.5295478,6.4616274],[7.5310603,6.4612374],[7.5380031,6.4610771],[7.5404048,6.4583806],[7.5399443,6.4545401],[7.5391356,6.448466]]]}},{"type":"Feature","properties":{"kind":"administrative","id":"administrative:enugu-south","localUnitId":"enugu-south","name":"Enugu South"},"geometry":{"type":"Polygon","coordinates":[[[7.5769448,6.3918137],[7.5746582,6.3890134],[7.5741138,6.3872057],[7.5743075,6.3853032],[7.5727526,6.3835691],[7.5704341,6.3827006],[7.5682185,6.3817651],[7.5672657,6.3818581],[7.5666827,6.378294],[7.5661291,6.3753596],[7.563745,6.3734867],[7.5635936,6.3716279],[7.5614191,6.3671448],[7.5604991,6.36596],[7.5592608,6.3659823],[7.5579261,6.3665993],[7.5573416,6.3660333],[7.5572321,6.3647373],[7.5570046,6.3620804],[7.5562772,6.361064],[7.5525837,6.3599265],[7.550883,6.3588936],[7.549262,6.3585871],[7.5466242,6.3585632],[7.5435367,6.3598646],[7.539564,6.3597291],[7.5378886,6.3594191],[7.5368951,6.3617129],[7.535331,6.3637891],[7.533131,6.3639442],[7.5311857,6.3647931],[7.5288674,6.3649448],[7.5261907,6.3663027],[7.5237042,6.3657662],[7.5227514,6.3657286],[7.5179305,6.3679663],[7.5166667,6.3682123],[7.5152849,6.3673625],[7.5126236,6.3676303],[7.5114929,6.3670817],[7.5099968,6.3653149],[7.5070807,6.3648159],[7.5053482,6.3651433],[7.5032124,6.3649417],[7.5005486,6.3660515],[7.4974572,6.3670356],[7.4942221,6.3669915],[7.4919965,6.3669268],[7.4897973,6.3688339],[7.4880125,6.3692315],[7.4866157,6.3706786],[7.4860439,6.3723953],[7.4838601,6.3739821],[7.4809861,6.3743018],[7.4787805,6.375233],[7.4765674,6.3746066],[7.4753701,6.3746969],[7.4742953,6.3754197],[7.4727621,6.3755158],[7.4711993,6.3759109],[7.4692271,6.3754807],[7.4631942,6.3784419],[7.4609969,6.379309],[7.4593802,6.3862393],[7.4568028,6.3898959],[7.4552133,6.3952539],[7.4517537,6.400154],[7.4596523,6.4132799],[7.4604872,6.4127416],[7.4616243,6.4129487],[7.4626339,6.4126606],[7.4636421,6.411438],[7.4664467,6.4129225],[7.4672133,6.4137287],[7.4680303,6.4148508],[7.469098,6.4160597],[7.4693377,6.4167878],[7.4704808,6.4168349],[7.4717204,6.4169419],[7.4722699,6.4171778],[7.4739753,6.4171951],[7.4751511,6.4173839],[7.4752694,6.4175439],[7.4758654,6.4179574],[7.4767642,6.4181352],[7.4770441,6.4185454],[7.4780335,6.4198968],[7.4809231,6.4226552],[7.4813435,6.423405],[7.4819323,6.4246805],[7.4824831,6.4260243],[7.4828137,6.4273495],[7.4833148,6.4288367],[7.4842854,6.4306381],[7.4847643,6.4311337],[7.4856281,6.4316401],[7.4858964,6.4318481],[7.4862618,6.4322702],[7.4867584,6.4326276],[7.4869543,6.4329042],[7.4874173,6.4326886],[7.4877388,6.4323919],[7.4879947,6.4321851],[7.4885561,6.4324308],[7.4898384,6.4334271],[7.4904025,6.4331751],[7.4906457,6.4332714],[7.4908087,6.4338493],[7.4912763,6.4335469],[7.4942299,6.4329253],[7.496662,6.4327903],[7.4972302,6.4325015],[7.4976924,6.4314323],[7.4973634,6.4304353],[7.4965447,6.4278517],[7.4967861,6.4264461],[7.4977878,6.4247696],[7.5042417,6.4150225],[7.5087993,6.41722],[7.5110205,6.4180149],[7.5118134,6.4180509],[7.5138823,6.4180223],[7.5150567,6.4183931],[7.517046,6.4183528],[7.5189594,6.4183384],[7.5200307,6.4182358],[7.52274,6.4176209],[7.5265837,6.4162882],[7.5279631,6.4158631],[7.528568,6.4158657],[7.5293695,6.4161029],[7.5296974,6.4160108],[7.5308831,6.4150535],[7.5356856,6.420295],[7.5374404,6.4230019],[7.5393582,6.4372755],[7.5391356,6.448466],[7.5399443,6.4545401],[7.543307,6.4553721],[7.5529592,6.4524355],[7.5570303,6.4515774],[7.5584477,6.4475851],[7.562039,6.4448174],[7.5653411,6.443235],[7.5678308,6.4448762],[7.5688703,6.4439912],[7.5696762,6.4408585],[7.5729299,6.4414294],[7.5761364,6.4403004],[7.5773888,6.4403126],[7.5786838,6.4415189],[7.5783934,6.4429774],[7.5791624,6.444089],[7.5805239,6.445196],[7.5832507,6.4457492],[7.5838579,6.4459665],[7.5840157,6.4453852],[7.5844231,6.4438842],[7.5851811,6.4438775],[7.5858923,6.4430453],[7.5871518,6.4429823],[7.5874025,6.4396825],[7.5882412,6.4395445],[7.5913538,6.4389673],[7.5936765,6.4375874],[7.5936712,6.4354718],[7.5933119,6.4331805],[7.5926358,6.431552],[7.5875288,6.4244356],[7.584768,6.4253782],[7.5844827,6.4260901],[7.5835934,6.42588],[7.582094,6.4247084],[7.5764889,6.4196034],[7.5732984,6.4154245],[7.5724713,6.413445],[7.5748223,6.4116321],[7.5750324,6.4073455],[7.5751423,6.4061764],[7.5768644,6.4054383],[7.5771212,6.4000346],[7.5790847,6.3938523],[7.5769448,6.3918137]]]}},{"type":"Feature","properties":{"kind":"administrative","id":"administrative:enugu-east","localUnitId":"enugu-east","name":"Enugu East"},"geometry":{"type":"Polygon","coordinates":[[[7.5933119,6.4331805],[7.5936712,6.4354718],[7.5936765,6.4375874],[7.5913538,6.4389673],[7.5882412,6.4395445],[7.5874025,6.4396825],[7.5871518,6.4429823],[7.5858923,6.4430453],[7.5851811,6.4438775],[7.5844231,6.4438842],[7.5840157,6.4453852],[7.5838579,6.4459665],[7.5832507,6.4457492],[7.5805239,6.445196],[7.5791624,6.444089],[7.5783934,6.4429774],[7.5786838,6.4415189],[7.5773888,6.4403126],[7.5761364,6.4403004],[7.5729299,6.4414294],[7.5696762,6.4408585],[7.5688703,6.4439912],[7.5678308,6.4448762],[7.5653411,6.443235],[7.562039,6.4448174],[7.5584477,6.4475851],[7.5570303,6.4515774],[7.5529592,6.4524355],[7.543307,6.4553721],[7.5399443,6.4545401],[7.5404048,6.4583806],[7.5380031,6.4610771],[7.5310603,6.4612374],[7.5295478,6.4616274],[7.5241256,6.4643311],[7.5216751,6.4650303],[7.5206899,6.4693494],[7.5192065,6.4709598],[7.5182079,6.4733437],[7.5105714,6.4767375],[7.5088435,6.4766892],[7.4983695,6.4722669],[7.4828448,6.4704159],[7.4781596,6.4699373],[7.4699806,6.468222],[7.4671729,6.467583],[7.4641211,6.4663622],[7.4616796,6.4655339],[7.4591945,6.4666238],[7.456317,6.4689781],[7.453178,6.4700245],[7.4472486,6.4729891],[7.4433248,6.4746895],[7.4417515,6.4762431],[7.4417252,6.4785426],[7.4392261,6.4814222],[7.4446011,6.4884862],[7.445879,6.4888513],[7.4471851,6.4900001],[7.4486671,6.4905866],[7.4518578,6.4926907],[7.4513612,6.4937998],[7.4499768,6.4950691],[7.45025,6.4964192],[7.4515109,6.4981738],[7.4505143,6.5000988],[7.4488596,6.5012228],[7.4459348,6.501389],[7.4419179,6.5024423],[7.4371457,6.5040482],[7.4326332,6.503118],[7.4311219,6.5043942],[7.4228568,6.5044108],[7.4199887,6.5052579],[7.4153712,6.508722],[7.4150045,6.5245491],[7.4134408,6.5284149],[7.4143459,6.5389273],[7.4143611,6.5440497],[7.4129326,6.5566717],[7.4138045,6.5701194],[7.4150186,6.5781953],[7.4187353,6.5901636],[7.421554,6.6051323],[7.4263748,6.6127184],[7.4544359,6.6236488],[7.4674014,6.6269297],[7.472635,6.6280211],[7.479182,6.6386104],[7.4953563,6.6396081],[7.5062196,6.6284071],[7.5096265,6.6156664],[7.5207929,6.608129],[7.5286792,6.6079895],[7.5403341,6.6035229],[7.5511516,6.5959158],[7.5537518,6.5936332],[7.5578094,6.5924376],[7.563186,6.586844],[7.5670146,6.5817024],[7.5891942,6.5623084],[7.5955709,6.5646332],[7.6075601,6.5706086],[7.6206572,6.5731802],[7.6341019,6.5793678],[7.6463332,6.5698966],[7.633762,6.5674824],[7.6464563,6.5604707],[7.6501614,6.5535364],[7.6526081,6.5490815],[7.6489779,6.5379917],[7.6506045,6.5272723],[7.6559886,6.5267049],[7.658065,6.5249339],[7.6508562,6.5176611],[7.6481696,6.5090603],[7.6372538,6.4967422],[7.6299316,6.4881197],[7.6261152,6.485844],[7.6238757,6.4844707],[7.6220205,6.4833283],[7.6124442,6.4819803],[7.610566,6.4807411],[7.6056461,6.4777528],[7.6050513,6.4763854],[7.6027786,6.4687151],[7.601365,6.4679896],[7.6010085,6.4654191],[7.6005861,6.4644347],[7.6006247,6.4634182],[7.6013964,6.462597],[7.601239,6.461573],[7.6016025,6.4603022],[7.6040801,6.4590644],[7.6038518,6.4579495],[7.6024624,6.4525583],[7.5993311,6.4397569],[7.5959181,6.425893],[7.5948108,6.4289553],[7.5937144,6.4291051],[7.5926358,6.431552],[7.5933119,6.4331805]]]}},{"type":"Feature","properties":{"kind":"land","id":"enugu-north","localUnitId":"enugu-north","name":"Enugu North"},"geometry":{"type":"Polygon","coordinates":[[[7.5393582,6.4372755],[7.5374404,6.4230019],[7.5356856,6.420295],[7.5308831,6.4150535],[7.5296974,6.4160108],[7.5293695,6.4161029],[7.528568,6.4158657],[7.5279631,6.4158631],[7.5265837,6.4162882],[7.52274,6.4176209],[7.5200307,6.4182358],[7.5189594,6.4183384],[7.517046,6.4183528],[7.5150567,6.4183931],[7.5138823,6.4180223],[7.5118134,6.4180509],[7.5110205,6.4180149],[7.5087993,6.41722],[7.5042417,6.4150225],[7.4977878,6.4247696],[7.4967861,6.4264461],[7.4965447,6.4278517],[7.4973634,6.4304353],[7.4976924,6.4314323],[7.4972302,6.4325015],[7.496662,6.4327903],[7.4942299,6.4329253],[7.4912763,6.4335469],[7.4908087,6.4338493],[7.4906457,6.4332714],[7.4904025,6.4331751],[7.4898384,6.4334271],[7.4885561,6.4324308],[7.4879947,6.4321851],[7.4877388,6.4323919],[7.4874173,6.4326886],[7.4869543,6.4329042],[7.4867584,6.4326276],[7.4862618,6.4322702],[7.4858964,6.4318481],[7.4856281,6.4316401],[7.4847643,6.4311337],[7.4842854,6.4306381],[7.4833148,6.4288367],[7.4828137,6.4273495],[7.4824831,6.4260243],[7.4819323,6.4246805],[7.4813435,6.423405],[7.4809231,6.4226552],[7.4780335,6.4198968],[7.4770441,6.4185454],[7.4767642,6.4181352],[7.4758654,6.4179574],[7.4752694,6.4175439],[7.4751511,6.4173839],[7.4739753,6.4171951],[7.4722699,6.4171778],[7.4717204,6.4169419],[7.4704808,6.4168349],[7.4693377,6.4167878],[7.4688045,6.4168157],[7.4683149,6.4170832],[7.4680231,6.4171447],[7.469227,6.4216358],[7.46653,6.4225022],[7.4649544,6.4232564],[7.4640025,6.424418],[7.4613622,6.4268718],[7.4601792,6.4273914],[7.459604,6.4271696],[7.4588286,6.4272405],[7.4581276,6.4277326],[7.4572445,6.4282111],[7.4562994,6.4287071],[7.4550919,6.4289894],[7.4546074,6.428111],[7.4546553,6.4275143],[7.4538842,6.4273444],[7.4532068,6.428739],[7.4533771,6.4306118],[7.4532351,6.4321714],[7.4531308,6.4337673],[7.4503069,6.4349549],[7.4447857,6.4350607],[7.4332927,6.4415307],[7.4267457,6.4423124],[7.4291785,6.455785],[7.4323729,6.4640312],[7.4346896,6.4673339],[7.4409307,6.4741907],[7.4417515,6.4762431],[7.4433248,6.4746895],[7.4472486,6.4729891],[7.453178,6.4700245],[7.456317,6.4689781],[7.4591945,6.4666238],[7.4616796,6.4655339],[7.4641211,6.4663622],[7.4671729,6.467583],[7.4699806,6.468222],[7.4781596,6.4699373],[7.4828448,6.4704159],[7.4983695,6.4722669],[7.5088435,6.4766892],[7.5105714,6.4767375],[7.5182079,6.4733437],[7.5192065,6.4709598],[7.5206899,6.4693494],[7.5216751,6.4650303],[7.5241256,6.4643311],[7.5295478,6.4616274],[7.5310603,6.4612374],[7.5380031,6.4610771],[7.5404048,6.4583806],[7.5399443,6.4545401],[7.5391356,6.448466],[7.5393582,6.4372755]],[[7.4833511,6.4473016],[7.483434,6.4475245],[7.4830522,6.4476674],[7.4830122,6.4475895],[7.4829529,6.4474402],[7.4833511,6.4473016]],[[7.5188607,6.4261406],[7.5188396,6.4261435],[7.518797,6.4261063],[7.5187795,6.4260838],[7.5187884,6.4260611],[7.5188192,6.4260619],[7.5188579,6.426112],[7.5188607,6.4261406]],[[7.5260248,6.452144],[7.52602,6.4521754],[7.5259501,6.4521773],[7.5259544,6.4521401],[7.5260248,6.452144]],[[7.526563,6.4521614],[7.5265596,6.4522609],[7.5265046,6.4522658],[7.5264996,6.452173],[7.526563,6.4521614]]]}},{"type":"Feature","properties":{"kind":"water","id":"water:enugu-north","localUnitId":"enugu-north","name":"Mapped water in Enugu North"},"geometry":{"type":"MultiPolygon","coordinates":[[[[7.5187795,6.4260838],[7.518797,6.4261063],[7.5188396,6.4261435],[7.5188607,6.4261406],[7.5188579,6.426112],[7.5188192,6.4260619],[7.5187884,6.4260611],[7.5187795,6.4260838]]],[[[7.483434,6.4475245],[7.4833511,6.4473016],[7.4829529,6.4474402],[7.4830122,6.4475895],[7.4830522,6.4476674],[7.483434,6.4475245]]],[[[7.5260248,6.452144],[7.5259544,6.4521401],[7.5259501,6.4521773],[7.52602,6.4521754],[7.5260248,6.452144]]],[[[7.526563,6.4521614],[7.5264996,6.452173],[7.5265046,6.4522658],[7.5265596,6.4522609],[7.526563,6.4521614]]]]}},{"type":"Feature","properties":{"kind":"land","id":"enugu-south","localUnitId":"enugu-south","name":"Enugu South"},"geometry":{"type":"Polygon","coordinates":[[[7.5746582,6.3890134],[7.5741138,6.3872057],[7.5743075,6.3853032],[7.5727526,6.3835691],[7.5704341,6.3827006],[7.5682185,6.3817651],[7.5672657,6.3818581],[7.5666827,6.378294],[7.5661291,6.3753596],[7.563745,6.3734867],[7.5635936,6.3716279],[7.5614191,6.3671448],[7.5604991,6.36596],[7.5592608,6.3659823],[7.5579261,6.3665993],[7.5573416,6.3660333],[7.5572321,6.3647373],[7.5570046,6.3620804],[7.5562772,6.361064],[7.5525837,6.3599265],[7.550883,6.3588936],[7.549262,6.3585871],[7.5466242,6.3585632],[7.5435367,6.3598646],[7.539564,6.3597291],[7.5378886,6.3594191],[7.5368951,6.3617129],[7.535331,6.3637891],[7.533131,6.3639442],[7.5311857,6.3647931],[7.5288674,6.3649448],[7.5261907,6.3663027],[7.5237042,6.3657662],[7.5227514,6.3657286],[7.5179305,6.3679663],[7.5166667,6.3682123],[7.5152849,6.3673625],[7.5126236,6.3676303],[7.5114929,6.3670817],[7.5099968,6.3653149],[7.5070807,6.3648159],[7.5053482,6.3651433],[7.5032124,6.3649417],[7.5005486,6.3660515],[7.4974572,6.3670356],[7.4942221,6.3669915],[7.4919965,6.3669268],[7.4897973,6.3688339],[7.4880125,6.3692315],[7.4866157,6.3706786],[7.4860439,6.3723953],[7.4838601,6.3739821],[7.4809861,6.3743018],[7.4787805,6.375233],[7.4765674,6.3746066],[7.4753701,6.3746969],[7.4742953,6.3754197],[7.4727621,6.3755158],[7.4711993,6.3759109],[7.4692271,6.3754807],[7.4631942,6.3784419],[7.4609969,6.379309],[7.4593802,6.3862393],[7.4568028,6.3898959],[7.4552133,6.3952539],[7.4517537,6.400154],[7.4596523,6.4132799],[7.4604872,6.4127416],[7.4616243,6.4129487],[7.4626339,6.4126606],[7.4636421,6.411438],[7.4664467,6.4129225],[7.4672133,6.4137287],[7.4680303,6.4148508],[7.469098,6.4160597],[7.4693377,6.4167878],[7.4704808,6.4168349],[7.4717204,6.4169419],[7.4722699,6.4171778],[7.4739753,6.4171951],[7.4751511,6.4173839],[7.4752694,6.4175439],[7.4758654,6.4179574],[7.4767642,6.4181352],[7.4770441,6.4185454],[7.4780335,6.4198968],[7.4809231,6.4226552],[7.4813435,6.423405],[7.4819323,6.4246805],[7.4824831,6.4260243],[7.4828137,6.4273495],[7.4833148,6.4288367],[7.4842854,6.4306381],[7.4847643,6.4311337],[7.4856281,6.4316401],[7.4858964,6.4318481],[7.4862618,6.4322702],[7.4867584,6.4326276],[7.4869543,6.4329042],[7.4874173,6.4326886],[7.4877388,6.4323919],[7.4879947,6.4321851],[7.4885561,6.4324308],[7.4898384,6.4334271],[7.4904025,6.4331751],[7.4906457,6.4332714],[7.4908087,6.4338493],[7.4912763,6.4335469],[7.4942299,6.4329253],[7.496662,6.4327903],[7.4972302,6.4325015],[7.4976924,6.4314323],[7.4973634,6.4304353],[7.4965447,6.4278517],[7.4967861,6.4264461],[7.4977878,6.4247696],[7.5042417,6.4150225],[7.5087993,6.41722],[7.5110205,6.4180149],[7.5118134,6.4180509],[7.5138823,6.4180223],[7.5150567,6.4183931],[7.517046,6.4183528],[7.5189594,6.4183384],[7.5200307,6.4182358],[7.52274,6.4176209],[7.5265837,6.4162882],[7.5279631,6.4158631],[7.528568,6.4158657],[7.5293695,6.4161029],[7.5296974,6.4160108],[7.5308831,6.4150535],[7.5356856,6.420295],[7.5374404,6.4230019],[7.5393582,6.4372755],[7.5391356,6.448466],[7.5399443,6.4545401],[7.543307,6.4553721],[7.5529592,6.4524355],[7.5570303,6.4515774],[7.5584477,6.4475851],[7.562039,6.4448174],[7.5653411,6.443235],[7.5678308,6.4448762],[7.5688703,6.4439912],[7.5696762,6.4408585],[7.5729299,6.4414294],[7.5761364,6.4403004],[7.5773888,6.4403126],[7.5786838,6.4415189],[7.5783934,6.4429774],[7.5791624,6.444089],[7.5805239,6.445196],[7.5832507,6.4457492],[7.5838579,6.4459665],[7.5840157,6.4453852],[7.5844231,6.4438842],[7.5851811,6.4438775],[7.5858923,6.4430453],[7.5871518,6.4429823],[7.5874025,6.4396825],[7.5882412,6.4395445],[7.5913538,6.4389673],[7.5936765,6.4375874],[7.5936712,6.4354718],[7.5933119,6.4331805],[7.5926358,6.431552],[7.5875288,6.4244356],[7.584768,6.4253782],[7.5844827,6.4260901],[7.5835934,6.42588],[7.582094,6.4247084],[7.5764889,6.4196034],[7.5732984,6.4154245],[7.5724713,6.413445],[7.5748223,6.4116321],[7.5750324,6.4073455],[7.5751423,6.4061764],[7.5768644,6.4054383],[7.5771212,6.4000346],[7.5790847,6.3938523],[7.5769448,6.3918137],[7.5746582,6.3890134]]]}},{"type":"Feature","properties":{"kind":"land","id":"enugu-east","localUnitId":"enugu-east","name":"Enugu East"},"geometry":{"type":"MultiPolygon","coordinates":[[[[7.5114326,6.5069385],[7.51134,6.5069102],[7.5113298,6.5069508],[7.5112915,6.506961],[7.5112758,6.5070302],[7.511281,6.5071267],[7.5113205,6.5071961],[7.5113152,6.5072832],[7.5112615,6.5073295],[7.5112265,6.507402],[7.5112204,6.5074819],[7.5112681,6.5075128],[7.5112924,6.50752],[7.5113078,6.5075533],[7.5112802,6.5075825],[7.511334,6.5076295],[7.511386,6.5076258],[7.5114275,6.5075833],[7.5114838,6.5076038],[7.5115053,6.5075616],[7.5115728,6.5074668],[7.5116337,6.5073716],[7.5116518,6.5072897],[7.5117638,6.5072083],[7.5118172,6.5071915],[7.5118062,6.507147],[7.5118177,6.5070948],[7.5118727,6.5070436],[7.511849,6.5069608],[7.5118404,6.5068911],[7.5116662,6.5068824],[7.511629,6.5069404],[7.511581,6.5069742],[7.5115494,6.5069534],[7.5114849,6.5069819],[7.5114326,6.5069385]]],[[[7.5936765,6.4375874],[7.5913538,6.4389673],[7.5882412,6.4395445],[7.5874025,6.4396825],[7.5871518,6.4429823],[7.5858923,6.4430453],[7.5851811,6.4438775],[7.5844231,6.4438842],[7.5840157,6.4453852],[7.5838579,6.4459665],[7.5832507,6.4457492],[7.5805239,6.445196],[7.5791624,6.444089],[7.5783934,6.4429774],[7.5786838,6.4415189],[7.5773888,6.4403126],[7.5761364,6.4403004],[7.5729299,6.4414294],[7.5696762,6.4408585],[7.5688703,6.4439912],[7.5678308,6.4448762],[7.5653411,6.443235],[7.562039,6.4448174],[7.5584477,6.4475851],[7.5570303,6.4515774],[7.5529592,6.4524355],[7.543307,6.4553721],[7.5399443,6.4545401],[7.5404048,6.4583806],[7.5380031,6.4610771],[7.5310603,6.4612374],[7.5295478,6.4616274],[7.5241256,6.4643311],[7.5216751,6.4650303],[7.5206899,6.4693494],[7.5192065,6.4709598],[7.5182079,6.4733437],[7.5105714,6.4767375],[7.5088435,6.4766892],[7.4983695,6.4722669],[7.4828448,6.4704159],[7.4781596,6.4699373],[7.4699806,6.468222],[7.4671729,6.467583],[7.4641211,6.4663622],[7.4616796,6.4655339],[7.4591945,6.4666238],[7.456317,6.4689781],[7.453178,6.4700245],[7.4472486,6.4729891],[7.4433248,6.4746895],[7.4417515,6.4762431],[7.4417252,6.4785426],[7.4392261,6.4814222],[7.4446011,6.4884862],[7.445879,6.4888513],[7.4471851,6.4900001],[7.4486671,6.4905866],[7.4518578,6.4926907],[7.4513612,6.4937998],[7.4499768,6.4950691],[7.45025,6.4964192],[7.4515109,6.4981738],[7.4505143,6.5000988],[7.4488596,6.5012228],[7.4459348,6.501389],[7.4419179,6.5024423],[7.4371457,6.5040482],[7.4326332,6.503118],[7.4311219,6.5043942],[7.4228568,6.5044108],[7.4199887,6.5052579],[7.4153712,6.508722],[7.4150045,6.5245491],[7.4134408,6.5284149],[7.4143459,6.5389273],[7.4143611,6.5440497],[7.4129326,6.5566717],[7.4138045,6.5701194],[7.4150186,6.5781953],[7.4187353,6.5901636],[7.421554,6.6051323],[7.4263748,6.6127184],[7.4544359,6.6236488],[7.4674014,6.6269297],[7.472635,6.6280211],[7.479182,6.6386104],[7.4953563,6.6396081],[7.5062196,6.6284071],[7.5096265,6.6156664],[7.5207929,6.608129],[7.5286792,6.6079895],[7.5403341,6.6035229],[7.5511516,6.5959158],[7.5537518,6.5936332],[7.5578094,6.5924376],[7.563186,6.586844],[7.5670146,6.5817024],[7.5891942,6.5623084],[7.5955709,6.5646332],[7.6075601,6.5706086],[7.6206572,6.5731802],[7.6341019,6.5793678],[7.6463332,6.5698966],[7.633762,6.5674824],[7.6464563,6.5604707],[7.6501614,6.5535364],[7.6526081,6.5490815],[7.6489779,6.5379917],[7.6506045,6.5272723],[7.6559886,6.5267049],[7.658065,6.5249339],[7.6508562,6.5176611],[7.6481696,6.5090603],[7.6372538,6.4967422],[7.6299316,6.4881197],[7.6261152,6.485844],[7.6238757,6.4844707],[7.6220205,6.4833283],[7.6124442,6.4819803],[7.610566,6.4807411],[7.6056461,6.4777528],[7.6050513,6.4763854],[7.6027786,6.4687151],[7.601365,6.4679896],[7.6010085,6.4654191],[7.6005861,6.4644347],[7.6006247,6.4634182],[7.6013964,6.462597],[7.601239,6.461573],[7.6016025,6.4603022],[7.6040801,6.4590644],[7.6038518,6.4579495],[7.6024624,6.4525583],[7.5993311,6.4397569],[7.5959181,6.425893],[7.5948108,6.4289553],[7.5937144,6.4291051],[7.5926358,6.431552],[7.5933119,6.4331805],[7.5936712,6.4354718],[7.5936765,6.4375874]],[[7.509161,6.5111493],[7.5091091,6.5111589],[7.5090632,6.5111334],[7.5090161,6.5111161],[7.5089734,6.5111539],[7.5089179,6.5112041],[7.5088538,6.5111784],[7.5087678,6.5111839],[7.5086773,6.511132],[7.5086268,6.5111208],[7.5085699,6.5111278],[7.508697,6.5110711],[7.5087395,6.5110826],[7.5088103,6.5110689],[7.5088711,6.5110554],[7.508952,6.5110653],[7.5090023,6.5110779],[7.5090445,6.511026],[7.5090464,6.5109965],[7.5090462,6.5109611],[7.5090462,6.5109247],[7.5090442,6.5108835],[7.5089916,6.5108727],[7.5089556,6.5108106],[7.5089481,6.5107495],[7.5089815,6.5106853],[7.5090177,6.5105513],[7.5090531,6.5105357],[7.5090618,6.510463],[7.5090987,6.5104719],[7.5091582,6.5104313],[7.5091657,6.5103751],[7.5091562,6.5102949],[7.5091908,6.5102478],[7.5092015,6.5102343],[7.5091885,6.5102144],[7.5091708,6.5101875],[7.5091353,6.5101425],[7.5090991,6.5101106],[7.5090463,6.5101164],[7.508978,6.5100517],[7.5089396,6.5099893],[7.5088493,6.5099544],[7.5087624,6.509972],[7.5087108,6.5099359],[7.5086759,6.5099412],[7.5086759,6.5099114],[7.5086853,6.509877],[7.5088062,6.509848],[7.5088032,6.509815],[7.5087741,6.5097894],[7.5087548,6.5097247],[7.5088219,6.5096363],[7.508892,6.5095869],[7.5089008,6.5095592],[7.5089263,6.5095307],[7.508888,6.5094849],[7.5088889,6.5094534],[7.5089592,6.5094565],[7.5089868,6.5094168],[7.5089912,6.5093825],[7.5090613,6.5093633],[7.5090708,6.5093393],[7.5091216,6.5093132],[7.5091174,6.5092347],[7.5091779,6.5092133],[7.5092322,6.5091649],[7.509203,6.5091049],[7.5091927,6.5090807],[7.5091439,6.5090728],[7.5091632,6.5089146],[7.5091605,6.5088125],[7.5091586,6.5086866],[7.5091607,6.5086688],[7.5092057,6.5086619],[7.5092446,6.5086619],[7.5092819,6.5086543],[7.5092893,6.5086209],[7.5092885,6.5085816],[7.5092571,6.5085655],[7.5092123,6.5085469],[7.5092123,6.5085269],[7.5092336,6.5085044],[7.5092447,6.508478],[7.5092479,6.5084178],[7.5093228,6.5084305],[7.5093529,6.5084094],[7.5094,6.5084033],[7.5094375,6.5084258],[7.5094709,6.5083844],[7.5094993,6.5083371],[7.5095584,6.5083391],[7.5096134,6.50829],[7.5096669,6.5082261],[7.509693,6.5081976],[7.5097776,6.5082043],[7.5098115,6.5081609],[7.5098513,6.5081433],[7.5098506,6.508113],[7.509854,6.5080555],[7.509854,6.5080281],[7.5098354,6.5080162],[7.5098442,6.5079991],[7.5098433,6.5079751],[7.5098353,6.5079404],[7.5098295,6.507861],[7.5098316,6.5077734],[7.5098679,6.5076499],[7.5098685,6.5075581],[7.509917,6.5075532],[7.5099302,6.5074767],[7.5100222,6.5074661],[7.5100598,6.5073776],[7.5101051,6.5074009],[7.5101923,6.507325],[7.5102869,6.5072877],[7.5103576,6.5072619],[7.5103621,6.5070733],[7.5104861,6.5069823],[7.5106238,6.5068663],[7.5106969,6.5068233],[7.5108161,6.5068289],[7.5109818,6.5068746],[7.5111087,6.5069602],[7.5111421,6.5068662],[7.5110838,6.5067325],[7.5112078,6.5067044],[7.5112497,6.506666],[7.5113679,6.5067139],[7.5114096,6.5065803],[7.5114631,6.5064881],[7.5116305,6.5065083],[7.5116968,6.5063906],[7.5116908,6.5063409],[7.5117821,6.5063716],[7.5118525,6.5062931],[7.5118312,6.5062458],[7.5118816,6.5061551],[7.5118105,6.5060734],[7.511798,6.5060451],[7.5117352,6.505902],[7.5115601,6.505837],[7.5114118,6.5058324],[7.5113681,6.505776],[7.5115197,6.5056857],[7.5117697,6.5056378],[7.5118489,6.5055681],[7.5120437,6.5055392],[7.5121016,6.5054254],[7.5121166,6.5052748],[7.5121248,6.5051738],[7.5122813,6.5051129],[7.5124036,6.5052199],[7.5124365,6.5053258],[7.5124972,6.5053803],[7.5125994,6.5054158],[7.5126664,6.5054158],[7.5128664,6.5056364],[7.5129154,6.5057067],[7.513044,6.5056965],[7.5132779,6.5058184],[7.5134615,6.5058104],[7.5136011,6.505805],[7.5137011,6.5057106],[7.5140933,6.5056614],[7.5140291,6.5058234],[7.5140153,6.5059322],[7.5139541,6.5061797],[7.5139322,6.5063149],[7.513694,6.5064188],[7.5135866,6.5063628],[7.5134792,6.5063601],[7.5133983,6.5059895],[7.5131626,6.5058679],[7.5129503,6.5059862],[7.5128672,6.5062252],[7.5127228,6.5064316],[7.5125166,6.5066007],[7.5122872,6.5067442],[7.512287,6.5068579],[7.5121991,6.5069175],[7.5120636,6.5070083],[7.5120319,6.5070806],[7.5118667,6.5073975],[7.5118698,6.5075736],[7.5118254,6.507758],[7.5116822,6.5078415],[7.5116173,6.5079922],[7.5115203,6.5080011],[7.5113422,6.5079111],[7.5110807,6.5077438],[7.510995,6.5075276],[7.5109227,6.5074477],[7.5108471,6.5073789],[7.5106688,6.5074069],[7.5104481,6.5074994],[7.5102556,6.5076017],[7.5100512,6.5077381],[7.5100276,6.507814],[7.5100603,6.5078751],[7.5100233,6.5078983],[7.5100243,6.5080061],[7.5100444,6.5080855],[7.5100284,6.5082201],[7.509986,6.5082709],[7.5099435,6.5083224],[7.5098158,6.508407],[7.5096827,6.5084836],[7.5095521,6.5087176],[7.5095377,6.508771],[7.5094731,6.5088509],[7.5094713,6.5089602],[7.5094963,6.5090341],[7.5094526,6.5091198],[7.5094383,6.5092186],[7.509328,6.5092679],[7.5092897,6.5093347],[7.5092984,6.5093933],[7.5093149,6.5094699],[7.5092716,6.5095962],[7.5092568,6.5096659],[7.5092531,6.5097533],[7.5093921,6.5098542],[7.5093796,6.5098997],[7.5094541,6.5099472],[7.5095865,6.5100044],[7.5095983,6.5100756],[7.5095403,6.5101881],[7.509443,6.5101863],[7.5094108,6.5102194],[7.5093948,6.510372],[7.5093918,6.5104],[7.5094199,6.5104091],[7.5094412,6.5104306],[7.5094699,6.5105007],[7.5094719,6.51054],[7.5094759,6.510572],[7.5094653,6.5106844],[7.5094222,6.5107084],[7.5093584,6.5107481],[7.5093084,6.5107929],[7.5092779,6.5108346],[7.5092408,6.5109023],[7.5092099,6.5109802],[7.5091746,6.5110061],[7.5091717,6.511038],[7.509161,6.5111493]],[[7.5084419,6.5512231],[7.5081653,6.5511997],[7.5080064,6.5510535],[7.5077886,6.5508839],[7.5077356,6.5507261],[7.5075001,6.5505916],[7.5071234,6.5503927],[7.506988,6.5501997],[7.5068644,6.5499483],[7.506676,6.5497378],[7.5067643,6.5497845],[7.5068526,6.5498547],[7.506988,6.5499892],[7.5070763,6.550153],[7.5071881,6.5502933],[7.5073647,6.5504161],[7.5076414,6.5505272],[7.5078651,6.5506559],[7.5081359,6.5507611],[7.5083066,6.5507904],[7.5084655,6.550574],[7.5084007,6.5503518],[7.5081888,6.5499483],[7.5081476,6.5496734],[7.5083007,6.5495623],[7.5083713,6.5497202],[7.5084596,6.5497553],[7.508648,6.5496442],[7.5086715,6.5493342],[7.5087245,6.5492407],[7.5087951,6.5494278],[7.5088363,6.5495974],[7.5088304,6.5498079],[7.5087657,6.5499834],[7.5087657,6.550112],[7.5089541,6.5501354],[7.5089835,6.5499658],[7.509319,6.549919],[7.5095074,6.5500126],[7.5096369,6.5502407],[7.5097016,6.5505448],[7.5097899,6.5507611],[7.5098017,6.5509366],[7.5097546,6.5510535],[7.5095721,6.5510769],[7.5093602,6.5510828],[7.5092955,6.5512758],[7.5090718,6.5514629],[7.5088893,6.5514687],[7.508801,6.5513752],[7.5086303,6.5513225],[7.5084419,6.5512231]],[[7.4914125,6.5528186],[7.4912484,6.5528953],[7.4911069,6.5529177],[7.4909911,6.5529177],[7.4908335,6.552841],[7.4906148,6.552547],[7.4903672,6.5524256],[7.4902128,6.5524767],[7.4901678,6.5524256],[7.4902707,6.5524064],[7.4903897,6.5523713],[7.490573,6.5523905],[7.4907467,6.5525279],[7.4911905,6.5525694],[7.4913674,6.5526045],[7.4914543,6.5527004],[7.4914125,6.5528186]],[[7.489561,6.5558582],[7.4896121,6.5558942],[7.4895823,6.5559492],[7.4894609,6.5559302],[7.489414,6.5559408],[7.4893736,6.5559619],[7.4893054,6.5559577],[7.4892607,6.5559154],[7.4891499,6.5558984],[7.4890775,6.5558604],[7.4890988,6.5558032],[7.4891798,6.5558011],[7.48925,6.5558096],[7.4893033,6.5557673],[7.4893757,6.5557673],[7.4894545,6.5558223],[7.489561,6.5558582]],[[7.5017649,6.561332],[7.5014883,6.5614841],[7.5012234,6.5615893],[7.5010821,6.5616829],[7.5009526,6.5617998],[7.5007525,6.5618992],[7.5005288,6.5619051],[7.5003169,6.5619051],[7.5002816,6.5618525],[7.5001697,6.5618817],[7.5000873,6.5618759],[7.5001756,6.5617121],[7.5002933,6.5615776],[7.5004464,6.5615776],[7.5007231,6.5616244],[7.5009291,6.5615367],[7.501088,6.5613203],[7.5012469,6.5610864],[7.5014353,6.5607765],[7.5015766,6.560449],[7.5017237,6.5602443],[7.5017767,6.5600923],[7.5018297,6.5598174],[7.5018179,6.5596478],[7.5016943,6.559525],[7.501712,6.5592385],[7.5017237,6.5590748],[7.5017649,6.5588818],[7.5019592,6.5587531],[7.5020416,6.5585718],[7.5020416,6.5584198],[7.5019121,6.5583906],[7.5019474,6.5583028],[7.5021358,6.5582736],[7.5022417,6.5581976],[7.5023183,6.5580806],[7.5024066,6.5579578],[7.5024183,6.5580923],[7.5022771,6.5582502],[7.5022829,6.5584139],[7.5023418,6.5585894],[7.5024066,6.5587648],[7.502436,6.558987],[7.5024242,6.5593964],[7.502436,6.5598116],[7.5024007,6.5600864],[7.5022712,6.5601449],[7.5021946,6.5601917],[7.50223,6.5603788],[7.5022241,6.5605309],[7.5021005,6.5605893],[7.5019533,6.5607414],[7.5018944,6.5609519],[7.5018768,6.5612034],[7.5017649,6.561332]],[[7.4858817,6.5670711],[7.4857691,6.5671137],[7.4856243,6.5672203],[7.4855599,6.5673589],[7.4854365,6.5674015],[7.4852756,6.5673642],[7.4852595,6.5674548],[7.48512,6.5675241],[7.4849483,6.5677106],[7.4849054,6.567652],[7.4850503,6.5675134],[7.4851254,6.5673109],[7.4853292,6.5672523],[7.4854901,6.5671404],[7.4855009,6.5669858],[7.4855599,6.5668792],[7.485753,6.5668153],[7.4858335,6.5669485],[7.4859247,6.5668846],[7.4859247,6.5666927],[7.4860051,6.5665328],[7.4861607,6.5664955],[7.4863109,6.5664103],[7.4862626,6.5662877],[7.4862626,6.5661331],[7.4864289,6.5659733],[7.486445,6.5657601],[7.4865523,6.5656535],[7.4867347,6.5654936],[7.4868742,6.5653444],[7.487019,6.5652112],[7.4871068,6.5652273],[7.4872228,6.5652485],[7.4872228,6.5653924],[7.4871102,6.5654297],[7.4870405,6.5656375],[7.48696,6.5655309],[7.486842,6.5655789],[7.4867561,6.5657867],[7.4866489,6.5658507],[7.4864879,6.5660799],[7.4863967,6.5662078],[7.4864021,6.566373],[7.4863645,6.5666021],[7.486268,6.5666021],[7.4860963,6.5666394],[7.486048,6.5667567],[7.4858817,6.5670711]],[[7.5914481,6.5383067],[7.5914098,6.5382673],[7.591448,6.5382306],[7.5914863,6.5382701],[7.5914481,6.5383067]],[[7.5841525,6.5464786],[7.5835571,6.5466171],[7.5833586,6.5464253],[7.5833586,6.54626],[7.5831977,6.5459509],[7.5830582,6.545935],[7.582849,6.5455619],[7.5829133,6.5455033],[7.5828382,6.5452954],[7.5826237,6.5452101],[7.5825164,6.5449863],[7.5826558,6.5449383],[7.5828329,6.5452261],[7.5829294,6.5451835],[7.5829992,6.5453381],[7.5831279,6.5453061],[7.5831816,6.5454766],[7.5833264,6.5455512],[7.5833264,6.5456258],[7.5835463,6.5458177],[7.5837931,6.5457644],[7.5839218,6.5459456],[7.5841954,6.5460149],[7.5842705,6.5461215],[7.5842652,6.5462174],[7.5843725,6.546308],[7.5843671,6.5465105],[7.5841525,6.5464786]],[[7.6075188,6.5673255],[7.6075314,6.5670627],[7.6073424,6.5668499],[7.6071534,6.5669625],[7.6070274,6.5670877],[7.6068761,6.5670501],[7.6062083,6.5670376],[7.6059941,6.5669875],[7.6058555,6.5669625],[7.6056287,6.5668999],[7.6055783,6.5667497],[7.6057169,6.5665995],[7.6057673,6.5664993],[7.6057169,6.566249],[7.6058555,6.5660362],[7.6059689,6.5657733],[7.6059311,6.5654729],[7.6058933,6.5652601],[7.6061327,6.5651474],[7.6063469,6.5650973],[7.6064603,6.5648845],[7.6065989,6.5647969],[7.6066619,6.5647093],[7.6066493,6.5644714],[7.6067627,6.564196],[7.6067879,6.5639457],[7.6067879,6.563833],[7.6068257,6.5636452],[7.6068383,6.563495],[7.6069517,6.563445],[7.6071408,6.563445],[7.6073172,6.563495],[7.6076448,6.5633699],[7.6078086,6.5632697],[7.607859,6.5630819],[7.6079094,6.5629192],[7.6080732,6.5628566],[7.6082622,6.5629067],[7.608363,6.5630319],[7.6085016,6.563107],[7.608552,6.5633448],[7.6083756,6.5635701],[7.6083756,6.5637579],[7.6082748,6.5639081],[7.6080354,6.5640208],[7.6078212,6.5641835],[7.60767,6.5643087],[7.6076196,6.5645465],[7.6077204,6.5647218],[7.6076826,6.5649596],[7.6076196,6.5651599],[7.6076574,6.5653352],[7.607544,6.5654228],[7.6074684,6.5656106],[7.6074684,6.5658109],[7.6073046,6.5657733],[7.607229,6.5660111],[7.6075062,6.5663241],[7.6076574,6.5662865],[7.6078716,6.5664368],[7.6079724,6.5665995],[7.6077456,6.5671002],[7.6077456,6.5673255],[7.6075188,6.5673255]]]]}},{"type":"Feature","properties":{"kind":"water","id":"water:enugu-east","localUnitId":"enugu-east","name":"Mapped water in Enugu East"},"geometry":{"type":"MultiPolygon","coordinates":[[[[7.5093084,6.5107929],[7.5093584,6.5107481],[7.5094222,6.5107084],[7.5094653,6.5106844],[7.5094759,6.510572],[7.5094719,6.51054],[7.5094699,6.5105007],[7.5094412,6.5104306],[7.5094199,6.5104091],[7.5093918,6.5104],[7.5093948,6.510372],[7.5094108,6.5102194],[7.509443,6.5101863],[7.5095403,6.5101881],[7.5095983,6.5100756],[7.5095865,6.5100044],[7.5094541,6.5099472],[7.5093796,6.5098997],[7.5093921,6.5098542],[7.5092531,6.5097533],[7.5092568,6.5096659],[7.5092716,6.5095962],[7.5093149,6.5094699],[7.5092984,6.5093933],[7.5092897,6.5093347],[7.509328,6.5092679],[7.5094383,6.5092186],[7.5094526,6.5091198],[7.5094963,6.5090341],[7.5094713,6.5089602],[7.5094731,6.5088509],[7.5095377,6.508771],[7.5095521,6.5087176],[7.5096827,6.5084836],[7.5098158,6.508407],[7.5099435,6.5083224],[7.509986,6.5082709],[7.5100284,6.5082201],[7.5100444,6.5080855],[7.5100243,6.5080061],[7.5100233,6.5078983],[7.5100603,6.5078751],[7.5100276,6.507814],[7.5100512,6.5077381],[7.5102556,6.5076017],[7.5104481,6.5074994],[7.5106688,6.5074069],[7.5108471,6.5073789],[7.5109227,6.5074477],[7.510995,6.5075276],[7.5110807,6.5077438],[7.5113422,6.5079111],[7.5115203,6.5080011],[7.5116173,6.5079922],[7.5116822,6.5078415],[7.5118254,6.507758],[7.5118698,6.5075736],[7.5118667,6.5073975],[7.5120319,6.5070806],[7.5120636,6.5070083],[7.5121991,6.5069175],[7.512287,6.5068579],[7.5122872,6.5067442],[7.5125166,6.5066007],[7.5127228,6.5064316],[7.5128672,6.5062252],[7.5129503,6.5059862],[7.5131626,6.5058679],[7.5133983,6.5059895],[7.5134792,6.5063601],[7.5135866,6.5063628],[7.513694,6.5064188],[7.5139322,6.5063149],[7.5139541,6.5061797],[7.5140153,6.5059322],[7.5140291,6.5058234],[7.5140933,6.5056614],[7.5137011,6.5057106],[7.5136011,6.505805],[7.5134615,6.5058104],[7.5132779,6.5058184],[7.513044,6.5056965],[7.5129154,6.5057067],[7.5128664,6.5056364],[7.5126664,6.5054158],[7.5125994,6.5054158],[7.5124972,6.5053803],[7.5124365,6.5053258],[7.5124036,6.5052199],[7.5122813,6.5051129],[7.5121248,6.5051738],[7.5121166,6.5052748],[7.5121016,6.5054254],[7.5120437,6.5055392],[7.5118489,6.5055681],[7.5117697,6.5056378],[7.5115197,6.5056857],[7.5113681,6.505776],[7.5114118,6.5058324],[7.5115601,6.505837],[7.5117352,6.505902],[7.511798,6.5060451],[7.5118105,6.5060734],[7.5118816,6.5061551],[7.5118312,6.5062458],[7.5118525,6.5062931],[7.5117821,6.5063716],[7.5116908,6.5063409],[7.5116968,6.5063906],[7.5116305,6.5065083],[7.5114631,6.5064881],[7.5114096,6.5065803],[7.5113679,6.5067139],[7.5112497,6.506666],[7.5112078,6.5067044],[7.5110838,6.5067325],[7.5111421,6.5068662],[7.5111087,6.5069602],[7.5109818,6.5068746],[7.5108161,6.5068289],[7.5106969,6.5068233],[7.5106238,6.5068663],[7.5104861,6.5069823],[7.5103621,6.5070733],[7.5103576,6.5072619],[7.5102869,6.5072877],[7.5101923,6.507325],[7.5101051,6.5074009],[7.5100598,6.5073776],[7.5100222,6.5074661],[7.5099302,6.5074767],[7.509917,6.5075532],[7.5098685,6.5075581],[7.5098679,6.5076499],[7.5098316,6.5077734],[7.5098295,6.507861],[7.5098353,6.5079404],[7.5098433,6.5079751],[7.5098442,6.5079991],[7.5098354,6.5080162],[7.509854,6.5080281],[7.509854,6.5080555],[7.5098506,6.508113],[7.5098513,6.5081433],[7.5098115,6.5081609],[7.5097776,6.5082043],[7.509693,6.5081976],[7.5096669,6.5082261],[7.5096134,6.50829],[7.5095584,6.5083391],[7.5094993,6.5083371],[7.5094709,6.5083844],[7.5094375,6.5084258],[7.5094,6.5084033],[7.5093529,6.5084094],[7.5093228,6.5084305],[7.5092479,6.5084178],[7.5092447,6.508478],[7.5092336,6.5085044],[7.5092123,6.5085269],[7.5092123,6.5085469],[7.5092571,6.5085655],[7.5092885,6.5085816],[7.5092893,6.5086209],[7.5092819,6.5086543],[7.5092446,6.5086619],[7.5092057,6.5086619],[7.5091607,6.5086688],[7.5091586,6.5086866],[7.5091605,6.5088125],[7.5091632,6.5089146],[7.5091439,6.5090728],[7.5091927,6.5090807],[7.509203,6.5091049],[7.5092322,6.5091649],[7.5091779,6.5092133],[7.5091174,6.5092347],[7.5091216,6.5093132],[7.5090708,6.5093393],[7.5090613,6.5093633],[7.5089912,6.5093825],[7.5089868,6.5094168],[7.5089592,6.5094565],[7.5088889,6.5094534],[7.508888,6.5094849],[7.5089263,6.5095307],[7.5089008,6.5095592],[7.508892,6.5095869],[7.5088219,6.5096363],[7.5087548,6.5097247],[7.5087741,6.5097894],[7.5088032,6.509815],[7.5088062,6.509848],[7.5086853,6.509877],[7.5086759,6.5099114],[7.5086759,6.5099412],[7.5087108,6.5099359],[7.5087624,6.509972],[7.5088493,6.5099544],[7.5089396,6.5099893],[7.508978,6.5100517],[7.5090463,6.5101164],[7.5090991,6.5101106],[7.5091353,6.5101425],[7.5091708,6.5101875],[7.5091885,6.5102144],[7.5092015,6.5102343],[7.5091908,6.5102478],[7.5091562,6.5102949],[7.5091657,6.5103751],[7.5091582,6.5104313],[7.5090987,6.5104719],[7.5090618,6.510463],[7.5090531,6.5105357],[7.5090177,6.5105513],[7.5089815,6.5106853],[7.5089481,6.5107495],[7.5089556,6.5108106],[7.5089916,6.5108727],[7.5090442,6.5108835],[7.5090462,6.5109247],[7.5090462,6.5109611],[7.5090464,6.5109965],[7.5090445,6.511026],[7.5090023,6.5110779],[7.508952,6.5110653],[7.5088711,6.5110554],[7.5088103,6.5110689],[7.5087395,6.5110826],[7.508697,6.5110711],[7.5085699,6.5111278],[7.5086268,6.5111208],[7.5086773,6.511132],[7.5087678,6.5111839],[7.5088538,6.5111784],[7.5089179,6.5112041],[7.5089734,6.5111539],[7.5090161,6.5111161],[7.5090632,6.5111334],[7.5091091,6.5111589],[7.509161,6.5111493],[7.5091717,6.511038],[7.5091746,6.5110061],[7.5092099,6.5109802],[7.5092408,6.5109023],[7.5092779,6.5108346],[7.5093084,6.5107929]],[[7.5118404,6.5068911],[7.511849,6.5069608],[7.5118727,6.5070436],[7.5118177,6.5070948],[7.5118062,6.507147],[7.5118172,6.5071915],[7.5117638,6.5072083],[7.5116518,6.5072897],[7.5116337,6.5073716],[7.5115728,6.5074668],[7.5115053,6.5075616],[7.5114838,6.5076038],[7.5114275,6.5075833],[7.511386,6.5076258],[7.511334,6.5076295],[7.5112802,6.5075825],[7.5113078,6.5075533],[7.5112924,6.50752],[7.5112681,6.5075128],[7.5112204,6.5074819],[7.5112265,6.507402],[7.5112615,6.5073295],[7.5113152,6.5072832],[7.5113205,6.5071961],[7.511281,6.5071267],[7.5112758,6.5070302],[7.5112915,6.506961],[7.5113298,6.5069508],[7.51134,6.5069102],[7.5114326,6.5069385],[7.5114849,6.5069819],[7.5115494,6.5069534],[7.511581,6.5069742],[7.511629,6.5069404],[7.5116662,6.5068824],[7.5118404,6.5068911]]],[[[7.591448,6.5382306],[7.5914098,6.5382673],[7.5914481,6.5383067],[7.5914863,6.5382701],[7.591448,6.5382306]]],[[[7.5839218,6.5459456],[7.5837931,6.5457644],[7.5835463,6.5458177],[7.5833264,6.5456258],[7.5833264,6.5455512],[7.5831816,6.5454766],[7.5831279,6.5453061],[7.5829992,6.5453381],[7.5829294,6.5451835],[7.5828329,6.5452261],[7.5826558,6.5449383],[7.5825164,6.5449863],[7.5826237,6.5452101],[7.5828382,6.5452954],[7.5829133,6.5455033],[7.582849,6.5455619],[7.5830582,6.545935],[7.5831977,6.5459509],[7.5833586,6.54626],[7.5833586,6.5464253],[7.5835571,6.5466171],[7.5841525,6.5464786],[7.5843671,6.5465105],[7.5843725,6.546308],[7.5842652,6.5462174],[7.5842705,6.5461215],[7.5841954,6.5460149],[7.5839218,6.5459456]]],[[[7.5093602,6.5510828],[7.5095721,6.5510769],[7.5097546,6.5510535],[7.5098017,6.5509366],[7.5097899,6.5507611],[7.5097016,6.5505448],[7.5096369,6.5502407],[7.5095074,6.5500126],[7.509319,6.549919],[7.5089835,6.5499658],[7.5089541,6.5501354],[7.5087657,6.550112],[7.5087657,6.5499834],[7.5088304,6.5498079],[7.5088363,6.5495974],[7.5087951,6.5494278],[7.5087245,6.5492407],[7.5086715,6.5493342],[7.508648,6.5496442],[7.5084596,6.5497553],[7.5083713,6.5497202],[7.5083007,6.5495623],[7.5081476,6.5496734],[7.5081888,6.5499483],[7.5084007,6.5503518],[7.5084655,6.550574],[7.5083066,6.5507904],[7.5081359,6.5507611],[7.5078651,6.5506559],[7.5076414,6.5505272],[7.5073647,6.5504161],[7.5071881,6.5502933],[7.5070763,6.550153],[7.506988,6.5499892],[7.5068526,6.5498547],[7.5067643,6.5497845],[7.506676,6.5497378],[7.5068644,6.5499483],[7.506988,6.5501997],[7.5071234,6.5503927],[7.5075001,6.5505916],[7.5077356,6.5507261],[7.5077886,6.5508839],[7.5080064,6.5510535],[7.5081653,6.5511997],[7.5084419,6.5512231],[7.5086303,6.5513225],[7.508801,6.5513752],[7.5088893,6.5514687],[7.5090718,6.5514629],[7.5092955,6.5512758],[7.5093602,6.5510828]]],[[[7.4903897,6.5523713],[7.4902707,6.5524064],[7.4901678,6.5524256],[7.4902128,6.5524767],[7.4903672,6.5524256],[7.4906148,6.552547],[7.4908335,6.552841],[7.4909911,6.5529177],[7.4911069,6.5529177],[7.4912484,6.5528953],[7.4914125,6.5528186],[7.4914543,6.5527004],[7.4913674,6.5526045],[7.4911905,6.5525694],[7.4907467,6.5525279],[7.490573,6.5523905],[7.4903897,6.5523713]]],[[[7.4890988,6.5558032],[7.4890775,6.5558604],[7.4891499,6.5558984],[7.4892607,6.5559154],[7.4893054,6.5559577],[7.4893736,6.5559619],[7.489414,6.5559408],[7.4894609,6.5559302],[7.4895823,6.5559492],[7.4896121,6.5558942],[7.489561,6.5558582],[7.4894545,6.5558223],[7.4893757,6.5557673],[7.4893033,6.5557673],[7.48925,6.5558096],[7.4891798,6.5558011],[7.4890988,6.5558032]]],[[[7.50223,6.5603788],[7.5021946,6.5601917],[7.5022712,6.5601449],[7.5024007,6.5600864],[7.502436,6.5598116],[7.5024242,6.5593964],[7.502436,6.558987],[7.5024066,6.5587648],[7.5023418,6.5585894],[7.5022829,6.5584139],[7.5022771,6.5582502],[7.5024183,6.5580923],[7.5024066,6.5579578],[7.5023183,6.5580806],[7.5022417,6.5581976],[7.5021358,6.5582736],[7.5019474,6.5583028],[7.5019121,6.5583906],[7.5020416,6.5584198],[7.5020416,6.5585718],[7.5019592,6.5587531],[7.5017649,6.5588818],[7.5017237,6.5590748],[7.501712,6.5592385],[7.5016943,6.559525],[7.5018179,6.5596478],[7.5018297,6.5598174],[7.5017767,6.5600923],[7.5017237,6.5602443],[7.5015766,6.560449],[7.5014353,6.5607765],[7.5012469,6.5610864],[7.501088,6.5613203],[7.5009291,6.5615367],[7.5007231,6.5616244],[7.5004464,6.5615776],[7.5002933,6.5615776],[7.5001756,6.5617121],[7.5000873,6.5618759],[7.5001697,6.5618817],[7.5002816,6.5618525],[7.5003169,6.5619051],[7.5005288,6.5619051],[7.5007525,6.5618992],[7.5009526,6.5617998],[7.5010821,6.5616829],[7.5012234,6.5615893],[7.5014883,6.5614841],[7.5017649,6.561332],[7.5018768,6.5612034],[7.5018944,6.5609519],[7.5019533,6.5607414],[7.5021005,6.5605893],[7.5022241,6.5605309],[7.50223,6.5603788]]],[[[7.607229,6.5660111],[7.6073046,6.5657733],[7.6074684,6.5658109],[7.6074684,6.5656106],[7.607544,6.5654228],[7.6076574,6.5653352],[7.6076196,6.5651599],[7.6076826,6.5649596],[7.6077204,6.5647218],[7.6076196,6.5645465],[7.60767,6.5643087],[7.6078212,6.5641835],[7.6080354,6.5640208],[7.6082748,6.5639081],[7.6083756,6.5637579],[7.6083756,6.5635701],[7.608552,6.5633448],[7.6085016,6.563107],[7.608363,6.5630319],[7.6082622,6.5629067],[7.6080732,6.5628566],[7.6079094,6.5629192],[7.607859,6.5630819],[7.6078086,6.5632697],[7.6076448,6.5633699],[7.6073172,6.563495],[7.6071408,6.563445],[7.6069517,6.563445],[7.6068383,6.563495],[7.6068257,6.5636452],[7.6067879,6.563833],[7.6067879,6.5639457],[7.6067627,6.564196],[7.6066493,6.5644714],[7.6066619,6.5647093],[7.6065989,6.5647969],[7.6064603,6.5648845],[7.6063469,6.5650973],[7.6061327,6.5651474],[7.6058933,6.5652601],[7.6059311,6.5654729],[7.6059689,6.5657733],[7.6058555,6.5660362],[7.6057169,6.566249],[7.6057673,6.5664993],[7.6057169,6.5665995],[7.6055783,6.5667497],[7.6056287,6.5668999],[7.6058555,6.5669625],[7.6059941,6.5669875],[7.6062083,6.5670376],[7.6068761,6.5670501],[7.6070274,6.5670877],[7.6071534,6.5669625],[7.6073424,6.5668499],[7.6075314,6.5670627],[7.6075188,6.5673255],[7.6077456,6.5673255],[7.6077456,6.5671002],[7.6079724,6.5665995],[7.6078716,6.5664368],[7.6076574,6.5662865],[7.6075062,6.5663241],[7.607229,6.5660111]]],[[[7.4864879,6.5660799],[7.4866489,6.5658507],[7.4867561,6.5657867],[7.486842,6.5655789],[7.48696,6.5655309],[7.4870405,6.5656375],[7.4871102,6.5654297],[7.4872228,6.5653924],[7.4872228,6.5652485],[7.4871068,6.5652273],[7.487019,6.5652112],[7.4868742,6.5653444],[7.4867347,6.5654936],[7.4865523,6.5656535],[7.486445,6.5657601],[7.4864289,6.5659733],[7.4862626,6.5661331],[7.4862626,6.5662877],[7.4863109,6.5664103],[7.4861607,6.5664955],[7.4860051,6.5665328],[7.4859247,6.5666927],[7.4859247,6.5668846],[7.4858335,6.5669485],[7.485753,6.5668153],[7.4855599,6.5668792],[7.4855009,6.5669858],[7.4854901,6.5671404],[7.4853292,6.5672523],[7.4851254,6.5673109],[7.4850503,6.5675134],[7.4849054,6.567652],[7.4849483,6.5677106],[7.48512,6.5675241],[7.4852595,6.5674548],[7.4852756,6.5673642],[7.4854365,6.5674015],[7.4855599,6.5673589],[7.4856243,6.5672203],[7.4857691,6.5671137],[7.4858817,6.5670711],[7.486048,6.5667567],[7.4860963,6.5666394],[7.486268,6.5666021],[7.4863645,6.5666021],[7.4864021,6.566373],[7.4863967,6.5662078],[7.4864879,6.5660799]]]]}},{"type":"Feature","properties":{"kind":"road","id":"road-79965708-0","name":"A343","osmWay":79965708,"major":true,"bridge":false},"geometry":{"type":"LineString","coordinates":[[7.4646908,6.4666845],[7.4629783,6.4657097],[7.4621951,6.4655391],[7.4613636,6.4655924],[7.4600654,6.4662641],[7.4567502,6.4686893],[7.4556246,6.4692317]]}},{"type":"Feature","properties":{"kind":"road","id":"road-237214700-0","name":"Unnamed mapped primary","osmWay":237214700,"major":true,"bridge":false},"geometry":{"type":"LineString","coordinates":[[7.5639282,6.468872],[7.5637963,6.4686594],[7.5640155,6.4685283],[7.5641458,6.4687304],[7.5639282,6.468872]]}},{"type":"Feature","properties":{"kind":"road","id":"road-240552809-0","name":"Rangers Avenue","osmWay":240552809,"major":false,"bridge":false},"geometry":{"type":"LineString","coordinates":[[7.5155142,6.4474025],[7.5150357,6.4435096],[7.5135073,6.4406706]]}},{"type":"Feature","properties":{"kind":"road","id":"road-240552813-0","name":"College Road","osmWay":240552813,"major":false,"bridge":false},"geometry":{"type":"LineString","coordinates":[[7.5167825,6.4825089],[7.5199565,6.4826958],[7.5213191,6.4832068],[7.5235124,6.4829549],[7.5247376,6.4825465],[7.5270993,6.4824293],[7.5293,6.4829183],[7.530562,6.4830609]]}},{"type":"Feature","properties":{"kind":"road","id":"road-240553193-0","name":"Dental Avenue","osmWay":240553193,"major":false,"bridge":false},"geometry":{"type":"LineString","coordinates":[[7.4946509,6.4822146],[7.4965958,6.4828149]]}},{"type":"Feature","properties":{"kind":"road","id":"road-240553826-0","name":"Snaap Drive","osmWay":240553826,"major":false,"bridge":false},"geometry":{"type":"LineString","coordinates":[[7.5315711,6.4431747],[7.5319017,6.4422712],[7.531596,6.440065]]}},{"type":"Feature","properties":{"kind":"road","id":"road-240553926-0","name":"Hospital Road Link Road","osmWay":240553926,"major":false,"bridge":false},"geometry":{"type":"LineString","coordinates":[[7.4934856,6.4601663],[7.493647,6.460056]]}},{"type":"Feature","properties":{"kind":"road","id":"road-240553927-0","name":"Hospital Road Link Road","osmWay":240553927,"major":false,"bridge":false},"geometry":{"type":"LineString","coordinates":[[7.493647,6.460056],[7.4935998,6.4602322]]}},{"type":"Feature","properties":{"kind":"road","id":"road-240554118-0","name":"Savage Crescent","osmWay":240554118,"major":false,"bridge":false},"geometry":{"type":"LineString","coordinates":[[7.4968995,6.4615995],[7.4979573,6.4596986]]}},{"type":"Feature","properties":{"kind":"road","id":"road-240554126-0","name":"Unnamed mapped tertiary","osmWay":240554126,"major":false,"bridge":false},"geometry":{"type":"LineString","coordinates":[[7.4906736,6.4868757],[7.4891325,6.486475]]}},{"type":"Feature","properties":{"kind":"road","id":"road-240554232-0","name":"Mary Emmanuel Street","osmWay":240554232,"major":false,"bridge":false},"geometry":{"type":"LineString","coordinates":[[7.4954376,6.4868662],[7.4927965,6.4869958],[7.4906736,6.4868757]]}},{"type":"Feature","properties":{"kind":"road","id":"road-240554249-0","name":"Imo River Street","osmWay":240554249,"major":false,"bridge":false},"geometry":{"type":"LineString","coordinates":[[7.5194067,6.4795503],[7.5191968,6.4832488]]}},{"type":"Feature","properties":{"kind":"road","id":"road-240554661-0","name":"Aguleri Street","osmWay":240554661,"major":false,"bridge":false},"geometry":{"type":"LineString","coordinates":[[7.520051,6.4361854],[7.5213238,6.4392555],[7.5238654,6.442824]]}},{"type":"Feature","properties":{"kind":"road","id":"road-240554665-0","name":"Aguleri Street","osmWay":240554665,"major":false,"bridge":false},"geometry":{"type":"LineString","coordinates":[[7.5237522,6.4428607],[7.5211964,6.4392041],[7.5199539,6.4362769]]}},{"type":"Feature","properties":{"kind":"road","id":"road-240555087-0","name":"Unnamed mapped tertiary","osmWay":240555087,"major":false,"bridge":false},"geometry":{"type":"LineString","coordinates":[[7.5191968,6.4832488],[7.5191737,6.4837225]]}},{"type":"Feature","properties":{"kind":"road","id":"road-240555470-0","name":"Oguejiofor Road","osmWay":240555470,"major":false,"bridge":false},"geometry":{"type":"LineString","coordinates":[[7.4959883,6.485323],[7.4954376,6.4868662],[7.4951918,6.4886787],[7.4952889,6.4902085],[7.4956906,6.4923182]]}},{"type":"Feature","properties":{"kind":"road","id":"road-240555731-0","name":"Abor Road","osmWay":240555731,"major":false,"bridge":false},"geometry":{"type":"LineString","coordinates":[[7.4797512,6.4910699],[7.4798068,6.4835556],[7.4799986,6.4809653]]}},{"type":"Feature","properties":{"kind":"road","id":"road-240556567-0","name":"Dhamijah Road","osmWay":240556567,"major":false,"bridge":false},"geometry":{"type":"LineString","coordinates":[[7.4957697,6.478974],[7.4925759,6.477799]]}},{"type":"Feature","properties":{"kind":"road","id":"road-240556705-0","name":"Ogbete Main Market Road","osmWay":240556705,"major":false,"bridge":false},"geometry":{"type":"LineString","coordinates":[[7.4879642,6.4376615],[7.486619,6.43751],[7.484805,6.436934]]}},{"type":"Feature","properties":{"kind":"road","id":"road-240556892-0","name":"Fsp Avenue","osmWay":240556892,"major":false,"bridge":false},"geometry":{"type":"LineString","coordinates":[[7.5178912,6.432936],[7.5190439,6.4344386],[7.520051,6.4361854]]}},{"type":"Feature","properties":{"kind":"road","id":"road-240556948-0","name":"Ozubulu Street","osmWay":240556948,"major":false,"bridge":false},"geometry":{"type":"LineString","coordinates":[[7.5281981,6.4265022],[7.527821,6.4261054],[7.5272972,6.4261132],[7.5241951,6.4271929],[7.5235327,6.4277473],[7.5212977,6.4303953],[7.5198888,6.431534]]}},{"type":"Feature","properties":{"kind":"road","id":"road-240556960-0","name":"Achi Street","osmWay":240556960,"major":false,"bridge":false},"geometry":{"type":"LineString","coordinates":[[7.5299868,6.4410569],[7.5289152,6.4414643],[7.5272589,6.441535],[7.5257944,6.4410779],[7.5244359,6.4402443],[7.5240221,6.4398085],[7.5234696,6.4388244],[7.5230016,6.4365722],[7.5225898,6.4355647],[7.5217114,6.4340975],[7.5197514,6.4315074]]}},{"type":"Feature","properties":{"kind":"road","id":"road-240558390-0","name":"One Day Road","osmWay":240558390,"major":false,"bridge":false},"geometry":{"type":"LineString","coordinates":[[7.4942238,6.3987088],[7.4800409,6.399127],[7.47903,6.3988281],[7.478554,6.399182]]}},{"type":"Feature","properties":{"kind":"road","id":"road-240558842-0","name":"Unnamed mapped secondary","osmWay":240558842,"major":false,"bridge":false},"geometry":{"type":"LineString","coordinates":[[7.506347,6.4378102],[7.5057441,6.4384159]]}},{"type":"Feature","properties":{"kind":"road","id":"road-240558940-0","name":"Savage Crescent","osmWay":240558940,"major":false,"bridge":false},"geometry":{"type":"LineString","coordinates":[[7.4980284,6.4597609],[7.4969557,6.4616497]]}},{"type":"Feature","properties":{"kind":"road","id":"road-240558960-0","name":"Salvage Crescent Link Road","osmWay":240558960,"major":false,"bridge":false},"geometry":{"type":"LineString","coordinates":[[7.4968175,6.461931],[7.4968232,6.4617057]]}},{"type":"Feature","properties":{"kind":"road","id":"road-240558965-0","name":"Nwafor Orizu Avenue","osmWay":240558965,"major":false,"bridge":false},"geometry":{"type":"LineString","coordinates":[[7.5136621,6.45076],[7.5134284,6.4505212]]}},{"type":"Feature","properties":{"kind":"road","id":"road-240561216-0","name":"Ekpeluchi Avenue","osmWay":240561216,"major":false,"bridge":false},"geometry":{"type":"LineString","coordinates":[[7.5276035,6.4719821],[7.523316,6.4713838]]}},{"type":"Feature","properties":{"kind":"road","id":"road-240561382-0","name":"Unnamed mapped secondary","osmWay":240561382,"major":false,"bridge":false},"geometry":{"type":"LineString","coordinates":[[7.4925759,6.477799],[7.4875615,6.4760711]]}},{"type":"Feature","properties":{"kind":"road","id":"road-240562536-0","name":"Ugwuaji Road","osmWay":240562536,"major":false,"bridge":false},"geometry":{"type":"LineString","coordinates":[[7.5301003,6.4156637],[7.5293958,6.4160697],[7.5286549,6.4158611],[7.5280139,6.4158557],[7.5222704,6.4177609],[7.5204447,6.4181559],[7.5190807,6.4183299],[7.5165396,6.418306],[7.5152693,6.4184278],[7.5138128,6.41801],[7.5113039,6.4179892],[7.5103757,6.4177589],[7.506411,6.4160847],[7.5049817,6.4152973],[7.504049,6.4150201]]}},{"type":"Feature","properties":{"kind":"road","id":"road-240562591-0","name":"Ebony Paint Road","osmWay":240562591,"major":false,"bridge":false},"geometry":{"type":"LineString","coordinates":[[7.5041979,6.3968529],[7.5028326,6.3958421],[7.5007949,6.3946146],[7.500052,6.3939774],[7.4943599,6.3907665]]}},{"type":"Feature","properties":{"kind":"road","id":"road-240562740-0","name":"Ugwuaji Road","osmWay":240562740,"major":false,"bridge":false},"geometry":{"type":"LineString","coordinates":[[7.5417719,6.4117548],[7.5393655,6.4122055],[7.538099,6.4125706],[7.5358046,6.4125397],[7.5349136,6.4126667],[7.5342686,6.4129787],[7.5331266,6.4138915],[7.531946,6.4142971]]}},{"type":"Feature","properties":{"kind":"road","id":"road-240562974-0","name":"Umuawulu Street","osmWay":240562974,"major":true,"bridge":false},"geometry":{"type":"LineString","coordinates":[[7.5218563,6.4343673],[7.5230988,6.4330526],[7.5240069,6.432298],[7.5273353,6.430324],[7.5276699,6.429633],[7.5282019,6.4265188]]}},{"type":"Feature","properties":{"kind":"road","id":"road-240562976-0","name":"Presidential Road","osmWay":240562976,"major":true,"bridge":false},"geometry":{"type":"LineString","coordinates":[[7.518622,6.4376084],[7.5199539,6.4362769]]}},{"type":"Feature","properties":{"kind":"road","id":"road-240563030-0","name":"Abakaliki Road","osmWay":240563030,"major":true,"bridge":false},"geometry":{"type":"LineString","coordinates":[[7.5097847,6.4614724],[7.5084084,6.4612825],[7.5018341,6.4614115],[7.5002023,6.4610661],[7.4993876,6.4608127],[7.4988072,6.4604694],[7.4955279,6.4575097]]}},{"type":"Feature","properties":{"kind":"road","id":"road-240563043-0","name":"Independence Avenue","osmWay":240563043,"major":true,"bridge":false},"geometry":{"type":"LineString","coordinates":[[7.5156665,6.4475884],[7.5144895,6.4491722],[7.5140146,6.4501417],[7.5126538,6.455169]]}},{"type":"Feature","properties":{"kind":"road","id":"road-240563062-0","name":"Park Avenue","osmWay":240563062,"major":false,"bridge":false},"geometry":{"type":"LineString","coordinates":[[7.4969495,6.4617053],[7.5004001,6.4629184],[7.5027569,6.4642599],[7.5032798,6.464408],[7.5044681,6.4639174],[7.5057529,6.4621498],[7.5058736,6.4618339],[7.505826,6.4613358]]}},{"type":"Feature","properties":{"kind":"road","id":"road-240563063-0","name":"Park Avenue","osmWay":240563063,"major":false,"bridge":false},"geometry":{"type":"LineString","coordinates":[[7.4938268,6.4604744],[7.4950902,6.4610658]]}},{"type":"Feature","properties":{"kind":"road","id":"road-240563067-0","name":"Ziks Avenue","osmWay":240563067,"major":true,"bridge":false},"geometry":{"type":"LineString","coordinates":[[7.4943429,6.4361152],[7.4946342,6.4351912],[7.4936025,6.4312189],[7.4944481,6.4293771],[7.4944015,6.4288211],[7.4870147,6.422143],[7.4864226,6.4210282],[7.4861708,6.419379]]}},{"type":"Feature","properties":{"kind":"road","id":"road-240563074-0","name":"Park Avenue Link Road","osmWay":240563074,"major":false,"bridge":false},"geometry":{"type":"LineString","coordinates":[[7.4933626,6.460292],[7.4932013,6.460203]]}},{"type":"Feature","properties":{"kind":"road","id":"road-240563087-0","name":"Independence Avenue","osmWay":240563087,"major":true,"bridge":false},"geometry":{"type":"LineString","coordinates":[[7.5125402,6.4551923],[7.5137731,6.450447],[7.5143816,6.4491269],[7.515511,6.4474753]]}},{"type":"Feature","properties":{"kind":"road","id":"road-240563125-0","name":"Unnamed mapped secondary","osmWay":240563125,"major":false,"bridge":false},"geometry":{"type":"LineString","coordinates":[[7.4968759,6.4617414],[7.4968141,6.4616636],[7.4968995,6.4615995],[7.4969574,6.4616838],[7.4968759,6.4617414]]}},{"type":"Feature","properties":{"kind":"road","id":"road-240563128-0","name":"Chime Avenue","osmWay":240563128,"major":true,"bridge":false},"geometry":{"type":"LineString","coordinates":[[7.5115419,6.4575551],[7.5163744,6.4583899],[7.5318601,6.4578732],[7.5348453,6.4579317]]}},{"type":"Feature","properties":{"kind":"road","id":"road-240563132-0","name":"Unnamed mapped primary","osmWay":240563132,"major":true,"bridge":false},"geometry":{"type":"LineString","coordinates":[[7.4954804,6.4575093],[7.4953931,6.4573773],[7.4955281,6.4572878],[7.4956149,6.4574291],[7.4954804,6.4575093]]}},{"type":"Feature","properties":{"kind":"road","id":"road-240563150-0","name":"Abakaliki Road","osmWay":240563150,"major":true,"bridge":false},"geometry":{"type":"LineString","coordinates":[[7.4956186,6.4574088],[7.4990083,6.460507],[7.5010633,6.461213],[7.501967,6.4613243],[7.5081621,6.461191],[7.5098025,6.4613249]]}},{"type":"Feature","properties":{"kind":"road","id":"road-240563152-0","name":"Unnamed mapped tertiary","osmWay":240563152,"major":false,"bridge":false},"geometry":{"type":"LineString","coordinates":[[7.4934809,6.4604168],[7.493364,6.460273],[7.4935054,6.4601674],[7.4936139,6.4603072],[7.4934809,6.4604168]]}},{"type":"Feature","properties":{"kind":"road","id":"road-240563241-0","name":"Ziks Avenue","osmWay":240563241,"major":true,"bridge":false},"geometry":{"type":"LineString","coordinates":[[7.4923013,6.4363876],[7.4921888,6.4363715]]}},{"type":"Feature","properties":{"kind":"road","id":"road-240563282-0","name":"Park Avenue Link Road","osmWay":240563282,"major":false,"bridge":false},"geometry":{"type":"LineString","coordinates":[[7.493612,6.4602647],[7.4938268,6.4604744]]}},{"type":"Feature","properties":{"kind":"road","id":"road-240563285-0","name":"Park Avenue Link Road","osmWay":240563285,"major":false,"bridge":false},"geometry":{"type":"LineString","coordinates":[[7.4938268,6.4604744],[7.4935903,6.460366]]}},{"type":"Feature","properties":{"kind":"road","id":"road-240563297-0","name":"Abakaliki Link Road","osmWay":240563297,"major":false,"bridge":false},"geometry":{"type":"LineString","coordinates":[[7.4849473,6.4540277],[7.4853621,6.4540804]]}},{"type":"Feature","properties":{"kind":"road","id":"road-240563310-0","name":"Presidential Road","osmWay":240563310,"major":true,"bridge":false},"geometry":{"type":"LineString","coordinates":[[7.5200095,6.436347],[7.5188108,6.4377779]]}},{"type":"Feature","properties":{"kind":"road","id":"road-240563315-0","name":"Unnamed mapped secondary","osmWay":240563315,"major":false,"bridge":false},"geometry":{"type":"LineString","coordinates":[[7.4980814,6.4596879],[7.4980284,6.4597609]]}},{"type":"Feature","properties":{"kind":"road","id":"road-240563343-0","name":"Ziks Avenue","osmWay":240563343,"major":true,"bridge":false},"geometry":{"type":"LineString","coordinates":[[7.4921616,6.436263],[7.492385,6.4363313]]}},{"type":"Feature","properties":{"kind":"road","id":"road-240563399-0","name":"Oceanic Avenue Street","osmWay":240563399,"major":false,"bridge":false},"geometry":{"type":"LineString","coordinates":[[7.5070404,6.4407185],[7.5066317,6.4396284],[7.5057441,6.4384159]]}},{"type":"Feature","properties":{"kind":"road","id":"road-240563415-0","name":"Abakaliki Link Road","osmWay":240563415,"major":false,"bridge":false},"geometry":{"type":"LineString","coordinates":[[7.4853621,6.4540804],[7.4849656,6.4541505]]}},{"type":"Feature","properties":{"kind":"road","id":"road-241647571-0","name":"Nza Street","osmWay":241647571,"major":false,"bridge":false},"geometry":{"type":"LineString","coordinates":[[7.5372164,6.4513332],[7.5369557,6.4516542],[7.5362767,6.4521084],[7.5356274,6.4522657],[7.534909,6.4522093]]}},{"type":"Feature","properties":{"kind":"road","id":"road-241647572-0","name":"Ebe-Ano Road","osmWay":241647572,"major":false,"bridge":false},"geometry":{"type":"LineString","coordinates":[[7.504389,6.4531654],[7.5035562,6.4548239],[7.5028977,6.4551697],[7.502494,6.4551677],[7.5019636,6.4549758],[7.5003422,6.4540356],[7.4999326,6.4540595]]}},{"type":"Feature","properties":{"kind":"road","id":"road-241647589-0","name":"Ugbene Road","osmWay":241647589,"major":false,"bridge":false},"geometry":{"type":"LineString","coordinates":[[7.5115317,6.486666],[7.5118764,6.4866394],[7.5135154,6.4857587],[7.5142676,6.4855054],[7.5162099,6.4855411]]}},{"type":"Feature","properties":{"kind":"road","id":"road-241647623-0","name":"Amesi Street","osmWay":241647623,"major":false,"bridge":false},"geometry":{"type":"LineString","coordinates":[[7.5143802,6.4854834],[7.5145774,6.4824133]]}},{"type":"Feature","properties":{"kind":"road","id":"road-241647677-0","name":"Chief Edward Nnaji Street","osmWay":241647677,"major":false,"bridge":false},"geometry":{"type":"LineString","coordinates":[[7.5162973,6.4855734],[7.5190513,6.4857513]]}},{"type":"Feature","properties":{"kind":"road","id":"road-241647754-0","name":"Obinagu Road","osmWay":241647754,"major":false,"bridge":false},"geometry":{"type":"LineString","coordinates":[[7.5162099,6.4855411],[7.5179945,6.4877287],[7.5185514,6.4882329],[7.5188515,6.4890412],[7.5185698,6.4899034],[7.518362,6.4901046],[7.5150058,6.4922898]]}},{"type":"Feature","properties":{"kind":"road","id":"road-241647756-0","name":"Uduma Street","osmWay":241647756,"major":false,"bridge":false},"geometry":{"type":"LineString","coordinates":[[7.5214155,6.4581491],[7.5219298,6.4551718],[7.5221452,6.4546693],[7.5243004,6.4542381],[7.5254149,6.4538617]]}},{"type":"Feature","properties":{"kind":"road","id":"road-241647791-0","name":"Mbosi Street","osmWay":241647791,"major":false,"bridge":false},"geometry":{"type":"LineString","coordinates":[[7.5146699,6.4824133],[7.5146223,6.4809029],[7.514916,6.4802559]]}},{"type":"Feature","properties":{"kind":"road","id":"road-241647841-0","name":"Onitsha Road","osmWay":241647841,"major":true,"bridge":false},"geometry":{"type":"LineString","coordinates":[[7.4820292,6.4476483],[7.482102,6.449001],[7.4819197,6.4500218]]}},{"type":"Feature","properties":{"kind":"road","id":"road-241647842-0","name":"Onitsha Road","osmWay":241647842,"major":true,"bridge":false},"geometry":{"type":"LineString","coordinates":[[7.4818937,6.4502087],[7.4819114,6.4541381],[7.4816414,6.4552931],[7.4810934,6.4564691],[7.4804024,6.4574391],[7.4796244,6.4581861],[7.4748364,6.4619861],[7.4723753,6.464805]]}},{"type":"Feature","properties":{"kind":"road","id":"road-241647845-0","name":"Onitsha Road","osmWay":241647845,"major":true,"bridge":false},"geometry":{"type":"LineString","coordinates":[[7.4832704,6.4459494],[7.4833867,6.4462296],[7.4820796,6.4474885]]}},{"type":"Feature","properties":{"kind":"road","id":"road-241647852-0","name":"Government House Road","osmWay":241647852,"major":false,"bridge":false},"geometry":{"type":"LineString","coordinates":[[7.5179062,6.4455164],[7.5194176,6.4474415]]}},{"type":"Feature","properties":{"kind":"road","id":"road-241648194-0","name":"Unnamed mapped tertiary","osmWay":241648194,"major":false,"bridge":false},"geometry":{"type":"LineString","coordinates":[[7.4989693,6.4298877],[7.4990634,6.4298343]]}},{"type":"Feature","properties":{"kind":"road","id":"road-241648209-0","name":"Nkpokiti Road","osmWay":241648209,"major":false,"bridge":false},"geometry":{"type":"LineString","coordinates":[[7.506347,6.4378102],[7.508145,6.436124],[7.511194,6.435637],[7.514474,6.4371117],[7.515207,6.4381094],[7.5164693,6.4392275]]}},{"type":"Feature","properties":{"kind":"road","id":"road-241648218-0","name":"Osadebe Street","osmWay":241648218,"major":false,"bridge":false},"geometry":{"type":"LineString","coordinates":[[7.4969957,6.4268497],[7.4968003,6.4262613],[7.4968211,6.4256403],[7.4963646,6.4251547]]}},{"type":"Feature","properties":{"kind":"road","id":"road-241648250-0","name":"Mgbemene Street","osmWay":241648250,"major":false,"bridge":false},"geometry":{"type":"LineString","coordinates":[[7.4834186,6.4328664],[7.4859032,6.4331606],[7.4866781,6.4330097]]}},{"type":"Feature","properties":{"kind":"road","id":"road-241648354-0","name":"Amawbia Street","osmWay":241648354,"major":false,"bridge":false},"geometry":{"type":"LineString","coordinates":[[7.4962512,6.4193787],[7.492801,6.4170999]]}},{"type":"Feature","properties":{"kind":"road","id":"road-241648412-0","name":"Awkunanaw Street","osmWay":241648412,"major":false,"bridge":false},"geometry":{"type":"LineString","coordinates":[[7.5007353,6.4138167],[7.4995779,6.4155502],[7.4962512,6.4193787]]}},{"type":"Feature","properties":{"kind":"road","id":"road-241648447-0","name":"Lagos Street","osmWay":241648447,"major":false,"bridge":false},"geometry":{"type":"LineString","coordinates":[[7.501188,6.4492453],[7.5061029,6.4458087]]}},{"type":"Feature","properties":{"kind":"road","id":"road-241648454-0","name":"Hospital Road Link Road","osmWay":241648454,"major":false,"bridge":false},"geometry":{"type":"LineString","coordinates":[[7.4953582,6.4577243],[7.495408,6.4574581]]}},{"type":"Feature","properties":{"kind":"road","id":"road-241648455-0","name":"Hospital Road Link Road","osmWay":241648455,"major":false,"bridge":false},"geometry":{"type":"LineString","coordinates":[[7.4955106,6.4575119],[7.4953582,6.4577243]]}},{"type":"Feature","properties":{"kind":"road","id":"road-241648456-0","name":"Hospital Avenue","osmWay":241648456,"major":false,"bridge":false},"geometry":{"type":"LineString","coordinates":[[7.493647,6.460056],[7.4953582,6.4577243]]}},{"type":"Feature","properties":{"kind":"road","id":"road-241648460-0","name":"Rangers Avenue Link Road","osmWay":241648460,"major":false,"bridge":false},"geometry":{"type":"LineString","coordinates":[[7.5135073,6.4406706],[7.5134029,6.4404402]]}},{"type":"Feature","properties":{"kind":"road","id":"road-241648461-0","name":"Rangers Avenue Link Road","osmWay":241648461,"major":false,"bridge":false},"geometry":{"type":"LineString","coordinates":[[7.5137124,6.4404062],[7.5135843,6.4406407]]}},{"type":"Feature","properties":{"kind":"road","id":"road-241648462-0","name":"Rangers Avenue Link Road","osmWay":241648462,"major":false,"bridge":false},"geometry":{"type":"LineString","coordinates":[[7.5135007,6.4404032],[7.5135843,6.4406407]]}},{"type":"Feature","properties":{"kind":"road","id":"road-241648569-0","name":"Unnamed mapped secondary","osmWay":241648569,"major":false,"bridge":false},"geometry":{"type":"LineString","coordinates":[[7.4785261,6.4661397],[7.478303,6.4659319],[7.4785041,6.4657349],[7.4787107,6.4659235],[7.4785261,6.4661397]]}},{"type":"Feature","properties":{"kind":"road","id":"road-241648579-0","name":"Unnamed mapped secondary","osmWay":241648579,"major":false,"bridge":false},"geometry":{"type":"LineString","coordinates":[[7.4810769,6.4671902],[7.4808336,6.4670328],[7.4809724,6.4668182],[7.4812114,6.4669469],[7.4810769,6.4671902]]}},{"type":"Feature","properties":{"kind":"road","id":"road-241648635-0","name":"Unnamed mapped secondary","osmWay":241648635,"major":false,"bridge":false},"geometry":{"type":"LineString","coordinates":[[7.4827105,6.4668249],[7.4824934,6.4665916],[7.4827196,6.4663768],[7.4829443,6.4665993],[7.4827105,6.4668249]]}},{"type":"Feature","properties":{"kind":"road","id":"road-241648655-0","name":"Ogwuagor Road","osmWay":241648655,"major":false,"bridge":false},"geometry":{"type":"LineString","coordinates":[[7.5281735,6.4895396],[7.523493,6.4880752],[7.522354,6.4886189],[7.5219011,6.4884623],[7.5209986,6.4876354],[7.5207411,6.4869812],[7.5197661,6.4859272],[7.5191129,6.4847884]]}},{"type":"Feature","properties":{"kind":"road","id":"road-241648674-0","name":"Unnamed mapped tertiary","osmWay":241648674,"major":false,"bridge":false},"geometry":{"type":"LineString","coordinates":[[7.5191737,6.4837225],[7.5191129,6.4847884]]}},{"type":"Feature","properties":{"kind":"road","id":"road-241648884-0","name":"Bishop Shannahan Road","osmWay":241648884,"major":false,"bridge":false},"geometry":{"type":"LineString","coordinates":[[7.5042913,6.4941199],[7.4961325,6.4948882]]}},{"type":"Feature","properties":{"kind":"road","id":"road-241648893-0","name":"Ugbo-Odogwu","osmWay":241648893,"major":false,"bridge":false},"geometry":{"type":"LineString","coordinates":[[7.4800054,6.4767814],[7.4797536,6.4765968],[7.4786906,6.4746637],[7.4769091,6.4733716]]}},{"type":"Feature","properties":{"kind":"road","id":"road-241649005-0","name":"Unnamed mapped tertiary","osmWay":241649005,"major":false,"bridge":false},"geometry":{"type":"LineString","coordinates":[[7.519409,6.4476042],[7.5193337,6.4475057],[7.5194176,6.4474415],[7.5194898,6.4475535],[7.519409,6.4476042]]}},{"type":"Feature","properties":{"kind":"road","id":"road-241649118-0","name":"Onitsha Road","osmWay":241649118,"major":true,"bridge":false},"geometry":{"type":"LineString","coordinates":[[7.4818071,6.4499754],[7.48201,6.449046],[7.4818534,6.4476872]]}},{"type":"Feature","properties":{"kind":"road","id":"road-241649126-0","name":"Onitsha Road","osmWay":241649126,"major":true,"bridge":false},"geometry":{"type":"LineString","coordinates":[[7.4819594,6.4473575],[7.4832424,6.446276],[7.4832704,6.4459494]]}},{"type":"Feature","properties":{"kind":"road","id":"road-241649148-0","name":"Okpara Square Road","osmWay":241649148,"major":true,"bridge":false},"geometry":{"type":"LineString","coordinates":[[7.5187614,6.437896],[7.5212793,6.4431792]]}},{"type":"Feature","properties":{"kind":"road","id":"road-241649150-0","name":"Okpara Square Road","osmWay":241649150,"major":true,"bridge":false},"geometry":{"type":"LineString","coordinates":[[7.5172109,6.4391143],[7.519407,6.443814]]}},{"type":"Feature","properties":{"kind":"road","id":"road-241649327-0","name":"Opi Avenue","osmWay":241649327,"major":false,"bridge":false},"geometry":{"type":"LineString","coordinates":[[7.4795779,6.4922912],[7.4847429,6.4933099]]}},{"type":"Feature","properties":{"kind":"road","id":"road-241649652-0","name":"Unnamed mapped secondary","osmWay":241649652,"major":false,"bridge":false},"geometry":{"type":"LineString","coordinates":[[7.4981509,6.4288063],[7.4979201,6.4286665],[7.498065,6.4284602],[7.4982719,6.4285934],[7.4981509,6.4288063]]}},{"type":"Feature","properties":{"kind":"road","id":"road-241649742-0","name":"F233","osmWay":241649742,"major":true,"bridge":false},"geometry":{"type":"LineString","coordinates":[[7.4818997,6.447696],[7.4817361,6.4475018],[7.4819269,6.447351],[7.4820815,6.4475465],[7.4818997,6.447696]]}},{"type":"Feature","properties":{"kind":"road","id":"road-241649898-0","name":"Unnamed mapped tertiary","osmWay":241649898,"major":false,"bridge":false},"geometry":{"type":"LineString","coordinates":[[7.5191129,6.4847884],[7.5190513,6.4857513]]}},{"type":"Feature","properties":{"kind":"road","id":"road-241649900-0","name":"Aria Market Road Link","osmWay":241649900,"major":false,"bridge":false},"geometry":{"type":"LineString","coordinates":[[7.4817492,6.447592],[7.481383,6.4476951]]}},{"type":"Feature","properties":{"kind":"road","id":"road-241649944-0","name":"F233","osmWay":241649944,"major":true,"bridge":false},"geometry":{"type":"LineString","coordinates":[[7.4818085,6.4502343],[7.4816884,6.4501079],[7.4818387,6.4499763],[7.4819467,6.4501333],[7.4818085,6.4502343]]}},{"type":"Feature","properties":{"kind":"road","id":"road-241650287-0","name":"Mary Emmanuel Street","osmWay":241650287,"major":false,"bridge":false},"geometry":{"type":"LineString","coordinates":[[7.4797939,6.4851107],[7.4815905,6.4852989],[7.4820988,6.4851661],[7.4824381,6.485283],[7.4849235,6.4853807]]}},{"type":"Feature","properties":{"kind":"road","id":"road-241650348-0","name":"Unnamed mapped tertiary","osmWay":241650348,"major":false,"bridge":false},"geometry":{"type":"LineString","coordinates":[[7.4878614,6.4861445],[7.4891325,6.486475]]}},{"type":"Feature","properties":{"kind":"road","id":"road-241650509-0","name":"Bishop Shannahan Road","osmWay":241650509,"major":false,"bridge":false},"geometry":{"type":"LineString","coordinates":[[7.4847429,6.4933099],[7.4930699,6.4952012],[7.4961325,6.4948882]]}},{"type":"Feature","properties":{"kind":"road","id":"road-241650513-0","name":"Unnamed mapped secondary","osmWay":241650513,"major":false,"bridge":false},"geometry":{"type":"LineString","coordinates":[[7.5055714,6.4939797],[7.5042913,6.4941199]]}},{"type":"Feature","properties":{"kind":"road","id":"road-241650948-0","name":"Lopa Energy Avenue","osmWay":241650948,"major":true,"bridge":false},"geometry":{"type":"LineString","coordinates":[[7.5674813,6.4553042],[7.5682291,6.4524302],[7.5684498,6.4501167],[7.5685089,6.4465577],[7.5683129,6.4455004]]}},{"type":"Feature","properties":{"kind":"road","id":"road-241651293-0","name":"Unnamed mapped secondary","osmWay":241651293,"major":false,"bridge":false},"geometry":{"type":"LineString","coordinates":[[7.4828792,6.4667584],[7.4828694,6.4669137]]}},{"type":"Feature","properties":{"kind":"road","id":"road-241651576-0","name":"Adoration Road","osmWay":241651576,"major":false,"bridge":false},"geometry":{"type":"LineString","coordinates":[[7.5777164,6.4860219],[7.574809,6.488005],[7.572874,6.488669],[7.5711163,6.4888827],[7.5673719,6.4874536],[7.565424,6.487298],[7.564048,6.4874096],[7.5592066,6.486744],[7.5577621,6.4874671],[7.5555843,6.4878486],[7.5555753,6.4883454],[7.5564872,6.4917612]]}},{"type":"Feature","properties":{"kind":"road","id":"road-241651788-0","name":"Edozie Street","osmWay":241651788,"major":false,"bridge":false},"geometry":{"type":"LineString","coordinates":[[7.4960885,6.4249035],[7.4934966,6.4278182]]}},{"type":"Feature","properties":{"kind":"road","id":"road-241651989-0","name":"Ozubulu Street","osmWay":241651989,"major":false,"bridge":false},"geometry":{"type":"LineString","coordinates":[[7.5197815,6.4314813],[7.52133,6.4302017],[7.523528,6.4275787],[7.5240769,6.4271317],[7.5274607,6.4259635],[7.5277994,6.4259815],[7.5282695,6.4263858]]}},{"type":"Feature","properties":{"kind":"road","id":"road-241652006-0","name":"Hon Sunday Ugwu Street","osmWay":241652006,"major":false,"bridge":false},"geometry":{"type":"LineString","coordinates":[[7.5463676,6.4251563],[7.553498,6.429409],[7.5536519,6.4296533],[7.553826,6.43023],[7.5543748,6.4382686]]}},{"type":"Feature","properties":{"kind":"road","id":"road-241652054-0","name":"Vosan Drive","osmWay":241652054,"major":false,"bridge":false},"geometry":{"type":"LineString","coordinates":[[7.5338723,6.4395144],[7.5359634,6.440052],[7.538795,6.4405807],[7.5389224,6.4372684],[7.5388255,6.4364199],[7.5389365,6.4362397],[7.5391651,6.4363133]]}},{"type":"Feature","properties":{"kind":"road","id":"road-241652073-0","name":"Nawfija Street","osmWay":241652073,"major":false,"bridge":false},"geometry":{"type":"LineString","coordinates":[[7.5315162,6.443262],[7.5307095,6.4457821]]}},{"type":"Feature","properties":{"kind":"road","id":"road-241652076-0","name":"Unnamed mapped primary","osmWay":241652076,"major":true,"bridge":false},"geometry":{"type":"LineString","coordinates":[[7.5681934,6.4448867],[7.5680712,6.4439888],[7.5676011,6.4428411],[7.5662857,6.4410524],[7.5645261,6.4396473],[7.5627551,6.4388524],[7.56115,6.438502],[7.5543748,6.4382686],[7.5466731,6.4384548]]}},{"type":"Feature","properties":{"kind":"road","id":"road-241652170-0","name":"Unnamed mapped tertiary","osmWay":241652170,"major":false,"bridge":false},"geometry":{"type":"LineString","coordinates":[[7.5386093,6.4309642],[7.540208,6.4306406],[7.5461764,6.4254866],[7.54823,6.421811],[7.5491441,6.4198985]]}},{"type":"Feature","properties":{"kind":"road","id":"road-241652327-0","name":"Amaigbo Lane","osmWay":241652327,"major":false,"bridge":false},"geometry":{"type":"LineString","coordinates":[[7.4875098,6.4325715],[7.4897039,6.4299682],[7.4911616,6.4288314],[7.4927404,6.4272299]]}},{"type":"Feature","properties":{"kind":"road","id":"road-241652416-0","name":"Amechi Road","osmWay":241652416,"major":false,"bridge":false},"geometry":{"type":"LineString","coordinates":[[7.5103589,6.3910724],[7.5114157,6.3899845],[7.5138176,6.3853438],[7.5148235,6.3837604],[7.5162825,6.3816519],[7.5177045,6.3802119],[7.5187035,6.3784579],[7.5193624,6.3778015],[7.5200745,6.3768279],[7.5224435,6.3745579],[7.5234925,6.3725089],[7.5245315,6.3713299],[7.5252695,6.3707729],[7.5280815,6.3693189],[7.5290145,6.3686629],[7.5299485,6.3673509],[7.5310933,6.3648843]]}},{"type":"Feature","properties":{"kind":"road","id":"road-241652417-0","name":"Amechi Road","osmWay":241652417,"major":false,"bridge":false},"geometry":{"type":"LineString","coordinates":[[7.5085693,6.3926461],[7.5047833,6.3962219],[7.5009389,6.4005738]]}},{"type":"Feature","properties":{"kind":"road","id":"road-241652418-0","name":"Unnamed mapped secondary","osmWay":241652418,"major":false,"bridge":false},"geometry":{"type":"LineString","coordinates":[[7.5088454,6.3924028],[7.5093363,6.391981]]}},{"type":"Feature","properties":{"kind":"road","id":"road-241652700-0","name":"Unnamed mapped tertiary","osmWay":241652700,"major":false,"bridge":false},"geometry":{"type":"LineString","coordinates":[[7.5357721,6.4205909],[7.5358993,6.4204692]]}},{"type":"Feature","properties":{"kind":"road","id":"road-241652855-0","name":"Unnamed mapped secondary","osmWay":241652855,"major":false,"bridge":false},"geometry":{"type":"LineString","coordinates":[[7.563679,6.401777],[7.563055,6.401759],[7.5613179,6.4020993],[7.560665,6.40209],[7.559007,6.401736],[7.55836,6.401848],[7.5526072,6.404453]]}},{"type":"Feature","properties":{"kind":"road","id":"road-241652927-0","name":"Obeagu Ugwuaji Awkunanaw Road","osmWay":241652927,"major":false,"bridge":false},"geometry":{"type":"LineString","coordinates":[[7.563679,6.401777],[7.564792,6.402328],[7.565201,6.402692],[7.566693,6.403515],[7.56991,6.405603],[7.571676,6.406458],[7.573402,6.407057],[7.574034,6.406832],[7.574723,6.406338],[7.574999,6.406299]]}},{"type":"Feature","properties":{"kind":"road","id":"road-241653309-0","name":"Abakpa Junction Link Road","osmWay":241653309,"major":false,"bridge":false},"geometry":{"type":"LineString","coordinates":[[7.4979678,6.3781161],[7.4977867,6.3783706]]}},{"type":"Feature","properties":{"kind":"road","id":"road-241653343-0","name":"Amagu Ugwu Road","osmWay":241653343,"major":false,"bridge":false},"geometry":{"type":"LineString","coordinates":[[7.4989951,6.3853665],[7.4957469,6.3847827],[7.4932904,6.3837608]]}},{"type":"Feature","properties":{"kind":"road","id":"road-241653692-0","name":"Rangers Avenue","osmWay":241653692,"major":false,"bridge":false},"geometry":{"type":"LineString","coordinates":[[7.5135843,6.4406407],[7.515103,6.443475],[7.515519,6.44665],[7.5157059,6.4473109]]}},{"type":"Feature","properties":{"kind":"road","id":"road-241653694-0","name":"Iva Valley Link Road","osmWay":241653694,"major":false,"bridge":false},"geometry":{"type":"LineString","coordinates":[[7.4819417,6.4500596],[7.4822913,6.4502889]]}},{"type":"Feature","properties":{"kind":"road","id":"road-241653695-0","name":"Salvage Crescent Link Road","osmWay":241653695,"major":false,"bridge":false},"geometry":{"type":"LineString","coordinates":[[7.4969085,6.4617387],[7.4968175,6.461931]]}},{"type":"Feature","properties":{"kind":"road","id":"road-241653696-0","name":"Nnamdi Azikiwe Avenue","osmWay":241653696,"major":false,"bridge":false},"geometry":{"type":"LineString","coordinates":[[7.4947756,6.4724366],[7.493958,6.4739627],[7.4926841,6.4772506],[7.4925759,6.477799]]}},{"type":"Feature","properties":{"kind":"road","id":"road-241653698-0","name":"Ekulu Avenue","osmWay":241653698,"major":false,"bridge":false},"geometry":{"type":"LineString","coordinates":[[7.4981635,6.4638908],[7.4976083,6.4654192],[7.4970515,6.4683744],[7.4967202,6.4690759]]}},{"type":"Feature","properties":{"kind":"road","id":"road-241653714-0","name":"Peacock Drive","osmWay":241653714,"major":false,"bridge":false},"geometry":{"type":"LineString","coordinates":[[7.510031,6.461798],[7.5096535,6.4643578],[7.508973,6.46649],[7.5087,6.4705743],[7.5069129,6.4706123]]}},{"type":"Feature","properties":{"kind":"road","id":"road-241653835-0","name":"Government House Road","osmWay":241653835,"major":false,"bridge":false},"geometry":{"type":"LineString","coordinates":[[7.5193337,6.4475057],[7.5178288,6.4455762]]}},{"type":"Feature","properties":{"kind":"road","id":"road-241653847-0","name":"Iva Valley Link Road","osmWay":241653847,"major":false,"bridge":false},"geometry":{"type":"LineString","coordinates":[[7.4822424,6.4502834],[7.4818944,6.4503865]]}},{"type":"Feature","properties":{"kind":"road","id":"road-241653856-0","name":"Ebe-Ano Road","osmWay":241653856,"major":false,"bridge":false},"geometry":{"type":"LineString","coordinates":[[7.4947031,6.4548538],[7.4959903,6.4547852],[7.4967722,6.4550897],[7.4977492,6.4545379],[7.4989289,6.4545884]]}},{"type":"Feature","properties":{"kind":"road","id":"road-241653905-0","name":"Housing Estate Road","osmWay":241653905,"major":false,"bridge":false},"geometry":{"type":"LineString","coordinates":[[7.5193168,6.4813519],[7.5168598,6.4812039]]}},{"type":"Feature","properties":{"kind":"road","id":"road-241654117-0","name":"Unnamed mapped primary","osmWay":241654117,"major":true,"bridge":false},"geometry":{"type":"LineString","coordinates":[[7.519407,6.443814],[7.51949,6.4440327]]}},{"type":"Feature","properties":{"kind":"road","id":"road-241654359-0","name":"Chief Z.C Obi Link Road","osmWay":241654359,"major":false,"bridge":false},"geometry":{"type":"LineString","coordinates":[[7.5255627,6.4529119],[7.5255355,6.4511698]]}},{"type":"Feature","properties":{"kind":"road","id":"road-241654420-0","name":"Okpara Square Road","osmWay":241654420,"major":true,"bridge":false},"geometry":{"type":"LineString","coordinates":[[7.5193597,6.4441228],[7.5170825,6.43917]]}},{"type":"Feature","properties":{"kind":"road","id":"road-241654583-0","name":"Centenary Main Road","osmWay":241654583,"major":false,"bridge":false},"geometry":{"type":"LineString","coordinates":[[7.5226482,6.4022907],[7.5262626,6.397739],[7.5301268,6.3936586]]}},{"type":"Feature","properties":{"kind":"road","id":"road-241654888-0","name":"Ugwuoba Street","osmWay":241654888,"major":false,"bridge":false},"geometry":{"type":"LineString","coordinates":[[7.5307095,6.4457821],[7.5303152,6.4487431],[7.530475,6.4503206]]}},{"type":"Feature","properties":{"kind":"road","id":"road-241654892-0","name":"Works Road","osmWay":241654892,"major":false,"bridge":false},"geometry":{"type":"LineString","coordinates":[[7.4796523,6.4489824],[7.4806997,6.4492735],[7.481546,6.4497772]]}},{"type":"Feature","properties":{"kind":"road","id":"road-241654893-0","name":"Unnamed mapped secondary","osmWay":241654893,"major":false,"bridge":false},"geometry":{"type":"LineString","coordinates":[[7.481383,6.4476951],[7.4817478,6.4474573]]}},{"type":"Feature","properties":{"kind":"road","id":"road-241654899-0","name":"Udeji Amechi Ukononu","osmWay":241654899,"major":false,"bridge":false},"geometry":{"type":"LineString","coordinates":[[7.4798986,6.4617654],[7.4786283,6.4652814],[7.4786268,6.4657735]]}},{"type":"Feature","properties":{"kind":"road","id":"road-241654900-0","name":"National Trade Fair Complex Road","osmWay":241654900,"major":false,"bridge":false},"geometry":{"type":"LineString","coordinates":[[7.4824934,6.4665916],[7.481124,6.464017],[7.480713,6.462297],[7.480432,6.462076],[7.4798435,6.4619165]]}},{"type":"Feature","properties":{"kind":"road","id":"road-241654901-0","name":"National Trade Fair Complex Road","osmWay":241654901,"major":false,"bridge":false},"geometry":{"type":"LineString","coordinates":[[7.4798986,6.4617654],[7.480778,6.462213],[7.481074,6.463564],[7.48158,6.464775],[7.482013,6.465634],[7.4828298,6.4664059]]}},{"type":"Feature","properties":{"kind":"road","id":"road-241654902-0","name":"Unnamed mapped secondary","osmWay":241654902,"major":false,"bridge":false},"geometry":{"type":"LineString","coordinates":[[7.48122,6.4670059],[7.4824968,6.4674388],[7.4826866,6.4671662],[7.4825472,6.4667464]]}},{"type":"Feature","properties":{"kind":"road","id":"road-241654908-0","name":"Unnamed mapped secondary","osmWay":241654908,"major":false,"bridge":false},"geometry":{"type":"LineString","coordinates":[[7.4828694,6.4669137],[7.4827335,6.4674028],[7.4825196,6.4675354],[7.4811834,6.4671168]]}},{"type":"Feature","properties":{"kind":"road","id":"road-241654909-0","name":"Udeji Amechi Ukunonu","osmWay":241654909,"major":false,"bridge":false},"geometry":{"type":"LineString","coordinates":[[7.4786967,6.4658625],[7.479073,6.4662748],[7.4808738,6.4668835]]}},{"type":"Feature","properties":{"kind":"road","id":"road-241654910-0","name":"Udeji Amechi Ukunonu","osmWay":241654910,"major":false,"bridge":false},"geometry":{"type":"LineString","coordinates":[[7.4808323,6.4669853],[7.4784633,6.4661358]]}},{"type":"Feature","properties":{"kind":"road","id":"road-241654915-0","name":"Ugwuorie Road","osmWay":241654915,"major":false,"bridge":false},"geometry":{"type":"LineString","coordinates":[[7.5151929,6.4932533],[7.5149498,6.4927907]]}},{"type":"Feature","properties":{"kind":"road","id":"road-241654916-0","name":"Ugwuorie Road","osmWay":241654916,"major":false,"bridge":false},"geometry":{"type":"LineString","coordinates":[[7.5151929,6.4932533],[7.5172981,6.4966136],[7.5200823,6.5014722]]}},{"type":"Feature","properties":{"kind":"road","id":"road-241654944-0","name":"Azu Ogbunike Crescent","osmWay":241654944,"major":false,"bridge":false},"geometry":{"type":"LineString","coordinates":[[7.523493,6.4474785],[7.5225281,6.448408],[7.5218756,6.4499558]]}},{"type":"Feature","properties":{"kind":"road","id":"road-241655038-0","name":"Unnamed mapped secondary","osmWay":241655038,"major":false,"bridge":false},"geometry":{"type":"LineString","coordinates":[[7.4990689,6.4726813],[7.4990769,6.4730455]]}},{"type":"Feature","properties":{"kind":"road","id":"road-241655305-0","name":"Unnamed mapped secondary","osmWay":241655305,"major":false,"bridge":false},"geometry":{"type":"LineString","coordinates":[[7.4800855,6.4610124],[7.4801898,6.460686]]}},{"type":"Feature","properties":{"kind":"road","id":"road-241655306-0","name":"Unnamed mapped secondary","osmWay":241655306,"major":false,"bridge":false},"geometry":{"type":"LineString","coordinates":[[7.4802548,6.46062],[7.4802727,6.4607203]]}},{"type":"Feature","properties":{"kind":"road","id":"road-241655331-0","name":"Unnamed mapped secondary","osmWay":241655331,"major":false,"bridge":false},"geometry":{"type":"LineString","coordinates":[[7.4802727,6.4607203],[7.4798986,6.4617654]]}},{"type":"Feature","properties":{"kind":"road","id":"road-241655423-0","name":"Udeji Amechi Ukononu","osmWay":241655423,"major":false,"bridge":false},"geometry":{"type":"LineString","coordinates":[[7.4783825,6.4657771],[7.4800855,6.4610124]]}},{"type":"Feature","properties":{"kind":"road","id":"road-241655486-0","name":"Iji Road","osmWay":241655486,"major":false,"bridge":false},"geometry":{"type":"LineString","coordinates":[[7.5304802,6.4666426],[7.5300658,6.4675327]]}},{"type":"Feature","properties":{"kind":"road","id":"road-241655581-0","name":"Iji Road","osmWay":241655581,"major":false,"bridge":false},"geometry":{"type":"LineString","coordinates":[[7.5300658,6.4675327],[7.5291632,6.4695555],[7.528042,6.4709774],[7.5276035,6.4719821]]}},{"type":"Feature","properties":{"kind":"road","id":"road-241655908-0","name":"Umuaga Street","osmWay":241655908,"major":false,"bridge":false},"geometry":{"type":"LineString","coordinates":[[7.519415,6.4794118],[7.5168877,6.4791813]]}},{"type":"Feature","properties":{"kind":"road","id":"road-241655925-0","name":"Unnamed mapped tertiary","osmWay":241655925,"major":false,"bridge":false},"geometry":{"type":"LineString","coordinates":[[7.5194067,6.4795503],[7.5197098,6.4776721]]}},{"type":"Feature","properties":{"kind":"road","id":"road-241655984-0","name":"Nkwubor Road","osmWay":241655984,"major":false,"bridge":false},"geometry":{"type":"LineString","coordinates":[[7.5796318,6.4784844],[7.579831,6.479149],[7.581011,6.481339],[7.582654,6.483098],[7.5850055,6.4846686],[7.5870527,6.4857586],[7.589051,6.487478],[7.5923789,6.4891412],[7.5977205,6.4923352],[7.5986914,6.4931187],[7.5989825,6.4935198],[7.599649,6.4954959],[7.5997093,6.4962088],[7.5996356,6.4986406],[7.5998193,6.5012469],[7.5996141,6.5023262],[7.5990102,6.503652],[7.5975558,6.5054106],[7.5971344,6.5062184],[7.5969621,6.5076174],[7.5953017,6.5099073],[7.5947204,6.5112951],[7.5957178,6.5141055],[7.5959884,6.5155522],[7.5968854,6.5186267],[7.5978039,6.5207265],[7.5980893,6.5218908],[7.5987142,6.5234842],[7.5989556,6.5253123],[7.5988317,6.5266243],[7.5989261,6.5283049],[7.5987008,6.5297892],[7.5989047,6.5310523],[7.5993928,6.5323181]]}},{"type":"Feature","properties":{"kind":"road","id":"road-241656034-0","name":"College Road","osmWay":241656034,"major":false,"bridge":false},"geometry":{"type":"LineString","coordinates":[[7.533145,6.4817917],[7.5347409,6.4814325],[7.5365916,6.4822081],[7.5377315,6.4817011]]}},{"type":"Feature","properties":{"kind":"road","id":"road-241656040-0","name":"Nomeh Drive","osmWay":241656040,"major":false,"bridge":false},"geometry":{"type":"LineString","coordinates":[[7.5008515,6.4823482],[7.4966589,6.4826172]]}},{"type":"Feature","properties":{"kind":"road","id":"road-241656101-0","name":"Rehabilitation Road","osmWay":241656101,"major":false,"bridge":false},"geometry":{"type":"LineString","coordinates":[[7.5777164,6.4860219],[7.577774,6.480766],[7.578504,6.479736],[7.580754,6.477279],[7.5808789,6.4768613]]}},{"type":"Feature","properties":{"kind":"road","id":"road-241656261-0","name":"Nise Street","osmWay":241656261,"major":false,"bridge":false},"geometry":{"type":"LineString","coordinates":[[7.4924831,6.419925],[7.492482,6.4182232],[7.4920357,6.4172974]]}},{"type":"Feature","properties":{"kind":"road","id":"road-241656266-0","name":"Bishop Ayogu Street","osmWay":241656266,"major":false,"bridge":false},"geometry":{"type":"LineString","coordinates":[[7.4927939,6.4202251],[7.4978304,6.4247428]]}},{"type":"Feature","properties":{"kind":"road","id":"road-241656538-0","name":"Akwuke Road","osmWay":241656538,"major":false,"bridge":false},"geometry":{"type":"LineString","coordinates":[[7.4933483,6.3850666],[7.4900106,6.3853916],[7.4891326,6.3852899],[7.4839227,6.3854367],[7.4827691,6.3851617],[7.4811223,6.3856514],[7.4797369,6.3855193],[7.4769135,6.385758],[7.4742991,6.3853907],[7.473792,6.3854656]]}},{"type":"Feature","properties":{"kind":"road","id":"road-241656602-0","name":"Akwuke Road","osmWay":241656602,"major":false,"bridge":false},"geometry":{"type":"LineString","coordinates":[[7.4938177,6.3818932],[7.493516,6.381405],[7.493351,6.380627],[7.4932536,6.3778103]]}},{"type":"Feature","properties":{"kind":"road","id":"road-241657123-0","name":"Unnamed mapped secondary","osmWay":241657123,"major":false,"bridge":false},"geometry":{"type":"LineString","coordinates":[[7.5433407,6.4110186],[7.5417719,6.4117548]]}},{"type":"Feature","properties":{"kind":"road","id":"road-241657229-0","name":"Ascension Road","osmWay":241657229,"major":true,"bridge":false},"geometry":{"type":"LineString","coordinates":[[7.534461,6.4215688],[7.5349858,6.4210028],[7.5350644,6.4202536],[7.5339375,6.4185637]]}},{"type":"Feature","properties":{"kind":"road","id":"road-241657248-0","name":"Unnamed mapped secondary","osmWay":241657248,"major":false,"bridge":false},"geometry":{"type":"LineString","coordinates":[[7.5526072,6.404453],[7.5504736,6.4052548],[7.5483866,6.4065787],[7.5479494,6.407197],[7.5472433,6.4087247],[7.5463681,6.4092543],[7.54539,6.409338],[7.544993,6.409508],[7.5433407,6.4110186]]}},{"type":"Feature","properties":{"kind":"road","id":"road-241657349-0","name":"Unnamed mapped primary","osmWay":241657349,"major":true,"bridge":false},"geometry":{"type":"LineString","coordinates":[[7.5211686,6.4432168],[7.5186793,6.4379416]]}},{"type":"Feature","properties":{"kind":"road","id":"road-241657354-0","name":"O'connor Road","osmWay":241657354,"major":true,"bridge":false},"geometry":{"type":"LineString","coordinates":[[7.4978142,6.4444054],[7.5002695,6.4426916]]}},{"type":"Feature","properties":{"kind":"road","id":"road-241657356-0","name":"Presidential Road","osmWay":241657356,"major":true,"bridge":false},"geometry":{"type":"LineString","coordinates":[[7.5170819,6.4388373],[7.5184872,6.4377027]]}},{"type":"Feature","properties":{"kind":"road","id":"road-241657360-0","name":"Ihiala Avenue","osmWay":241657360,"major":false,"bridge":false},"geometry":{"type":"LineString","coordinates":[[7.5347817,6.4583167],[7.5341444,6.4595264],[7.534061,6.4608868]]}},{"type":"Feature","properties":{"kind":"road","id":"road-241657361-0","name":"Enugu Porthacourt Link Road","osmWay":241657361,"major":false,"bridge":false},"geometry":{"type":"LineString","coordinates":[[7.5398505,6.4541214],[7.5387015,6.4513531]]}},{"type":"Feature","properties":{"kind":"road","id":"road-241657362-0","name":"Enugu Porthacourt Link Road","osmWay":241657362,"major":false,"bridge":false},"geometry":{"type":"LineString","coordinates":[[7.5387245,6.4511511],[7.5390954,6.4498945],[7.5392765,6.448426]]}},{"type":"Feature","properties":{"kind":"road","id":"road-241657364-0","name":"Nza Street","osmWay":241657364,"major":false,"bridge":false},"geometry":{"type":"LineString","coordinates":[[7.5258009,6.4511571],[7.524388,6.451127],[7.5235815,6.450846]]}},{"type":"Feature","properties":{"kind":"road","id":"road-241657365-0","name":"Nza Street","osmWay":241657365,"major":false,"bridge":false},"geometry":{"type":"LineString","coordinates":[[7.528493,6.450922],[7.530475,6.4503206]]}},{"type":"Feature","properties":{"kind":"road","id":"road-241657366-0","name":"Nza Street","osmWay":241657366,"major":false,"bridge":false},"geometry":{"type":"LineString","coordinates":[[7.530475,6.4503206],[7.5319387,6.45034],[7.5335224,6.4511336]]}},{"type":"Feature","properties":{"kind":"road","id":"road-241657367-0","name":"Nza Street","osmWay":241657367,"major":false,"bridge":false},"geometry":{"type":"LineString","coordinates":[[7.5258009,6.4511571],[7.527553,6.4511159]]}},{"type":"Feature","properties":{"kind":"road","id":"road-241657368-0","name":"Nza Street","osmWay":241657368,"major":false,"bridge":false},"geometry":{"type":"LineString","coordinates":[[7.5335224,6.4511336],[7.534258,6.451822],[7.534909,6.4522093]]}},{"type":"Feature","properties":{"kind":"road","id":"road-241657369-0","name":"Nza Street","osmWay":241657369,"major":false,"bridge":false},"geometry":{"type":"LineString","coordinates":[[7.5235815,6.450846],[7.5193778,6.4487076]]}},{"type":"Feature","properties":{"kind":"road","id":"road-241657370-0","name":"Nza Street","osmWay":241657370,"major":false,"bridge":false},"geometry":{"type":"LineString","coordinates":[[7.527553,6.4511159],[7.528493,6.450922]]}},{"type":"Feature","properties":{"kind":"road","id":"road-241657373-0","name":"Old Abakaliki Road","osmWay":241657373,"major":false,"bridge":false},"geometry":{"type":"LineString","coordinates":[[7.5597256,6.4658663],[7.5579755,6.4647609],[7.5573458,6.4645771],[7.5529128,6.4644238],[7.5507563,6.4648369],[7.5428012,6.4639695],[7.5406726,6.4639681],[7.537584,6.4642866],[7.5358191,6.464108],[7.5339067,6.4651101],[7.5328633,6.4662254],[7.5310555,6.4667412],[7.5304802,6.4666426],[7.5298498,6.4662681],[7.5297519,6.4660096],[7.5299786,6.4649435],[7.5299773,6.4640653],[7.5284218,6.4622218]]}},{"type":"Feature","properties":{"kind":"road","id":"road-241657377-0","name":"Independence Avenue","osmWay":241657377,"major":true,"bridge":false},"geometry":{"type":"LineString","coordinates":[[7.5194609,6.4443543],[7.518925,6.444618],[7.5179093,6.4454877]]}},{"type":"Feature","properties":{"kind":"road","id":"road-241657378-0","name":"Independence Avenue","osmWay":241657378,"major":true,"bridge":false},"geometry":{"type":"LineString","coordinates":[[7.5178043,6.4455734],[7.5157972,6.4474584]]}},{"type":"Feature","properties":{"kind":"road","id":"road-241657394-0","name":"Independence Avenue","osmWay":241657394,"major":true,"bridge":false},"geometry":{"type":"LineString","coordinates":[[7.5212582,6.4435101],[7.5196378,6.4442988]]}},{"type":"Feature","properties":{"kind":"road","id":"road-241657396-0","name":"Ezillo Street","osmWay":241657396,"major":true,"bridge":false},"geometry":{"type":"LineString","coordinates":[[7.5386425,6.4513309],[7.5374239,6.4511606]]}},{"type":"Feature","properties":{"kind":"road","id":"road-241657401-0","name":"Chime Avenue","osmWay":241657401,"major":true,"bridge":false},"geometry":{"type":"LineString","coordinates":[[7.5347664,6.4580338],[7.5340172,6.4579704],[7.5164106,6.4585191],[7.5114945,6.4577134]]}},{"type":"Feature","properties":{"kind":"road","id":"road-241657410-0","name":"Park Avenue","osmWay":241657410,"major":false,"bridge":false},"geometry":{"type":"LineString","coordinates":[[7.4848397,6.4544997],[7.4848936,6.4552424],[7.4850393,6.455564],[7.4862329,6.4565518],[7.4873268,6.4578082],[7.489951,6.4594183],[7.4932013,6.460203]]}},{"type":"Feature","properties":{"kind":"road","id":"road-241657424-0","name":"Park Avenue Link Road","osmWay":241657424,"major":false,"bridge":false},"geometry":{"type":"LineString","coordinates":[[7.4968163,6.4616888],[7.4966048,6.4615479]]}},{"type":"Feature","properties":{"kind":"road","id":"road-241657426-0","name":"Independence Avenue","osmWay":241657426,"major":true,"bridge":false},"geometry":{"type":"LineString","coordinates":[[7.5238858,6.442838],[7.5262634,6.4429772],[7.5287451,6.4434756],[7.5308663,6.4431795],[7.5317958,6.4432334],[7.5322846,6.443554],[7.534924,6.4464957],[7.5372614,6.4485599]]}},{"type":"Feature","properties":{"kind":"road","id":"road-241657432-0","name":"Independence Avenue","osmWay":241657432,"major":true,"bridge":false},"geometry":{"type":"LineString","coordinates":[[7.515726,6.4473206],[7.5177434,6.4454809]]}},{"type":"Feature","properties":{"kind":"road","id":"road-241657438-0","name":"Independence Avenue","osmWay":241657438,"major":true,"bridge":false},"geometry":{"type":"LineString","coordinates":[[7.5178217,6.4454104],[7.5193455,6.444164]]}},{"type":"Feature","properties":{"kind":"road","id":"road-241657441-0","name":"Independence Avenue","osmWay":241657441,"major":true,"bridge":false},"geometry":{"type":"LineString","coordinates":[[7.519513,6.4440318],[7.520584,6.44342],[7.5211521,6.4432323]]}},{"type":"Feature","properties":{"kind":"road","id":"road-241657451-0","name":"Nike Lake Road","osmWay":241657451,"major":true,"bridge":false},"geometry":{"type":"LineString","coordinates":[[7.5138752,6.5003128],[7.5098862,6.4990842],[7.5089831,6.4985432],[7.5075352,6.4972541],[7.5006319,6.4855074],[7.5003438,6.4840566],[7.5006807,6.4826869],[7.5011477,6.4818614],[7.5054543,6.4757704]]}},{"type":"Feature","properties":{"kind":"road","id":"road-241657452-0","name":"Amuri Road","osmWay":241657452,"major":false,"bridge":false},"geometry":{"type":"LineString","coordinates":[[7.5013655,6.4820932],[7.5075835,6.4820255],[7.5167825,6.4825089]]}},{"type":"Feature","properties":{"kind":"road","id":"road-241657456-0","name":"Unnamed mapped primary","osmWay":241657456,"major":true,"bridge":false},"geometry":{"type":"LineString","coordinates":[[7.5099066,6.4615943],[7.5097827,6.4613718],[7.5100315,6.4612483],[7.5101355,6.4614822],[7.5099066,6.4615943]]}},{"type":"Feature","properties":{"kind":"road","id":"road-241657460-0","name":"Unnamed mapped primary","osmWay":241657460,"major":true,"bridge":false},"geometry":{"type":"LineString","coordinates":[[7.5386605,6.4513423],[7.5386146,6.4512064],[7.5387521,6.4511602],[7.5388036,6.4512839],[7.5386605,6.4513423]]}},{"type":"Feature","properties":{"kind":"road","id":"road-241657461-0","name":"Unnamed mapped primary","osmWay":241657461,"major":true,"bridge":false},"geometry":{"type":"LineString","coordinates":[[7.5094912,6.457538],[7.5093938,6.457371],[7.5096131,6.4572885],[7.5096543,6.4574628],[7.5094912,6.457538]]}},{"type":"Feature","properties":{"kind":"road","id":"road-241657462-0","name":"Unnamed mapped primary","osmWay":241657462,"major":true,"bridge":false},"geometry":{"type":"LineString","coordinates":[[7.5171184,6.4391669],[7.5169251,6.4390502],[7.5170337,6.4388455],[7.5172489,6.4389659],[7.5171184,6.4391669]]}},{"type":"Feature","properties":{"kind":"road","id":"road-241657463-0","name":"Enugu Onitsha Road Interlink","osmWay":241657463,"major":false,"bridge":false},"geometry":{"type":"LineString","coordinates":[[7.5172158,6.4745446],[7.5166776,6.4744714],[7.5147705,6.4753402],[7.5140946,6.4748658],[7.5140811,6.4745766],[7.5142568,6.4743767],[7.5158407,6.4736358],[7.5162105,6.4737154]]}},{"type":"Feature","properties":{"kind":"road","id":"road-241657464-0","name":"Enugu Onitsha Road Interlink","osmWay":241657464,"major":false,"bridge":false},"geometry":{"type":"LineString","coordinates":[[7.5160646,6.4742248],[7.5162169,6.4740496],[7.5162105,6.4737154]]}},{"type":"Feature","properties":{"kind":"road","id":"road-241657466-0","name":"Park Avenue Link Road","osmWay":241657466,"major":false,"bridge":false},"geometry":{"type":"LineString","coordinates":[[7.4848397,6.4544997],[7.4848066,6.454166]]}},{"type":"Feature","properties":{"kind":"road","id":"road-241657467-0","name":"Unnamed mapped primary","osmWay":241657467,"major":true,"bridge":false},"geometry":{"type":"LineString","coordinates":[[7.5178288,6.4455762],[7.5177433,6.445505],[7.5178217,6.4454104],[7.5179093,6.4454877],[7.5178288,6.4455762]]}},{"type":"Feature","properties":{"kind":"road","id":"road-241657468-0","name":"Unnamed mapped secondary","osmWay":241657468,"major":false,"bridge":false},"geometry":{"type":"LineString","coordinates":[[7.5301507,6.4156831],[7.5300692,6.4156009],[7.5301558,6.415513],[7.5302398,6.415587],[7.5301507,6.4156831]]}},{"type":"Feature","properties":{"kind":"road","id":"road-241657469-0","name":"Unnamed mapped secondary","osmWay":241657469,"major":false,"bridge":false},"geometry":{"type":"LineString","coordinates":[[7.5315567,6.4145776],[7.5314845,6.4144806],[7.5316005,6.4143824],[7.5316859,6.4144913],[7.5315567,6.4145776]]}},{"type":"Feature","properties":{"kind":"road","id":"road-241657470-0","name":"Unnamed mapped secondary","osmWay":241657470,"major":false,"bridge":false},"geometry":{"type":"LineString","coordinates":[[7.5102522,6.3912097],[7.5101692,6.3911149],[7.5102758,6.3910229],[7.5103584,6.3911207],[7.5102522,6.3912097]]}},{"type":"Feature","properties":{"kind":"road","id":"road-241657471-0","name":"Okpara Avenue","osmWay":241657471,"major":true,"bridge":false},"geometry":{"type":"LineString","coordinates":[[7.4947019,6.45495],[7.4955619,6.4573006]]}},{"type":"Feature","properties":{"kind":"road","id":"road-241657472-0","name":"Okpara Avenue","osmWay":241657472,"major":true,"bridge":false},"geometry":{"type":"LineString","coordinates":[[7.4817475,6.4380719],[7.4841041,6.4383003],[7.4858516,6.4381587],[7.4871806,6.4386895]]}},{"type":"Feature","properties":{"kind":"road","id":"road-241657473-0","name":"Okpara Avenue","osmWay":241657473,"major":true,"bridge":false},"geometry":{"type":"LineString","coordinates":[[7.4873442,6.4387917],[7.4882638,6.4399542],[7.4904281,6.443162],[7.4906536,6.4443582],[7.4918557,6.4479715],[7.4942034,6.4535176]]}},{"type":"Feature","properties":{"kind":"road","id":"road-241657474-0","name":"Okpara Avenue","osmWay":241657474,"major":true,"bridge":false},"geometry":{"type":"LineString","coordinates":[[7.4954612,6.4572959],[7.4946079,6.4549662]]}},{"type":"Feature","properties":{"kind":"road","id":"road-241657475-0","name":"Okpara Avenue","osmWay":241657475,"major":true,"bridge":false},"geometry":{"type":"LineString","coordinates":[[7.4871372,6.4387927],[7.4863954,6.4383579],[7.4859086,6.438228],[7.4840485,6.4383652],[7.4817279,6.4382068]]}},{"type":"Feature","properties":{"kind":"road","id":"road-241657476-0","name":"Okpara Avenue","osmWay":241657476,"major":true,"bridge":false},"geometry":{"type":"LineString","coordinates":[[7.4941169,6.4535228],[7.4918604,6.4482674],[7.490589,6.4444299],[7.4903484,6.4431694],[7.4879954,6.4397404],[7.4872458,6.4388792]]}},{"type":"Feature","properties":{"kind":"road","id":"road-241657480-0","name":"Unnamed mapped primary","osmWay":241657480,"major":true,"bridge":false},"geometry":{"type":"LineString","coordinates":[[7.4946476,6.4549759],[7.4945698,6.4549045],[7.4946348,6.4548271],[7.4947198,6.4548934],[7.4946476,6.4549759]]}},{"type":"Feature","properties":{"kind":"road","id":"road-241657482-0","name":"Unnamed mapped secondary","osmWay":241657482,"major":false,"bridge":false},"geometry":{"type":"LineString","coordinates":[[7.5087736,6.3925502],[7.5087091,6.3924377],[7.5088191,6.3923872],[7.5088718,6.3924889],[7.5087736,6.3925502]]}},{"type":"Feature","properties":{"kind":"road","id":"road-241657483-0","name":"Ezillo Street","osmWay":241657483,"major":true,"bridge":false},"geometry":{"type":"LineString","coordinates":[[7.539923,6.451324],[7.5405501,6.4513075]]}},{"type":"Feature","properties":{"kind":"road","id":"road-241657486-0","name":"Unnamed mapped primary","osmWay":241657486,"major":true,"bridge":false},"geometry":{"type":"LineString","coordinates":[[7.5194996,6.4443609],[7.5193431,6.4442125],[7.519513,6.4440318],[7.5196726,6.4442158],[7.5194996,6.4443609]]}},{"type":"Feature","properties":{"kind":"road","id":"road-241657487-0","name":"Unnamed mapped primary_link","osmWay":241657487,"major":false,"bridge":false},"geometry":{"type":"LineString","coordinates":[[7.511713,6.4571969],[7.5117273,6.457598]]}},{"type":"Feature","properties":{"kind":"road","id":"road-241657488-0","name":"Unnamed mapped primary_link","osmWay":241657488,"major":false,"bridge":false},"geometry":{"type":"LineString","coordinates":[[7.5093914,6.456956],[7.5098201,6.4572631]]}},{"type":"Feature","properties":{"kind":"road","id":"road-241657489-0","name":"Unnamed mapped primary","osmWay":241657489,"major":true,"bridge":false},"geometry":{"type":"LineString","coordinates":[[7.5186793,6.4379416],[7.5184748,6.4378164],[7.5185884,6.4376155],[7.5188045,6.4377309],[7.5186793,6.4379416]]}},{"type":"Feature","properties":{"kind":"road","id":"road-241657491-0","name":"Unnamed mapped primary","osmWay":241657491,"major":true,"bridge":false},"geometry":{"type":"LineString","coordinates":[[7.5156913,6.4475839],[7.515511,6.4474753],[7.5156122,6.4473066],[7.5157952,6.4474177],[7.5156913,6.4475839]]}},{"type":"Feature","properties":{"kind":"road","id":"road-241657494-0","name":"Unnamed mapped secondary","osmWay":241657494,"major":false,"bridge":false},"geometry":{"type":"LineString","coordinates":[[7.4848597,6.4541966],[7.4847861,6.4540704],[7.4849131,6.4540074],[7.4849776,6.4541193],[7.4848597,6.4541966]]}},{"type":"Feature","properties":{"kind":"road","id":"road-241657499-0","name":"Enugu Onitsha Express Link Road","osmWay":241657499,"major":false,"bridge":false},"geometry":{"type":"LineString","coordinates":[[7.4702044,6.4673307],[7.470154,6.46769],[7.4702728,6.4678547],[7.4709664,6.4680784],[7.4719146,6.468641]]}},{"type":"Feature","properties":{"kind":"road","id":"road-241657501-0","name":"Enugu Onitsha Express Link Road","osmWay":241657501,"major":false,"bridge":false},"geometry":{"type":"LineString","coordinates":[[7.4954622,6.4713774],[7.4973387,6.4720263]]}},{"type":"Feature","properties":{"kind":"road","id":"road-241657502-0","name":"Enugu Onitsha Express Link Road","osmWay":241657502,"major":false,"bridge":false},"geometry":{"type":"LineString","coordinates":[[7.493269,6.4715798],[7.4953525,6.4713755]]}},{"type":"Feature","properties":{"kind":"road","id":"road-241657506-0","name":"Unnamed mapped primary","osmWay":241657506,"major":true,"bridge":false},"geometry":{"type":"LineString","coordinates":[[7.4920689,6.4364707],[7.491938,6.4363366],[7.4920604,6.4362184],[7.4921912,6.4363331],[7.4920689,6.4364707]]}},{"type":"Feature","properties":{"kind":"road","id":"road-241657507-0","name":"Unnamed mapped primary","osmWay":241657507,"major":true,"bridge":false},"geometry":{"type":"LineString","coordinates":[[7.4871965,6.4388697],[7.4871438,6.4387348],[7.4872977,6.4386876],[7.4873326,6.4388251],[7.4871965,6.4388697]]}},{"type":"Feature","properties":{"kind":"road","id":"road-241657508-0","name":"F233","osmWay":241657508,"major":true,"bridge":false},"geometry":{"type":"LineString","coordinates":[[7.4816526,6.4382354],[7.4815455,6.4381292],[7.4816561,6.4380194],[7.4817618,6.4381428],[7.4816526,6.4382354]]}},{"type":"Feature","properties":{"kind":"road","id":"road-241657512-0","name":"Ogui Road","osmWay":241657512,"major":true,"bridge":false},"geometry":{"type":"LineString","coordinates":[[7.5099546,6.4612349],[7.5098244,6.4599363]]}},{"type":"Feature","properties":{"kind":"road","id":"road-241657513-0","name":"Market Road","osmWay":241657513,"major":true,"bridge":false},"geometry":{"type":"LineString","coordinates":[[7.4919412,6.4363735],[7.4915915,6.4361517],[7.4901471,6.4357912],[7.4896154,6.4358266],[7.489258,6.43601]]}},{"type":"Feature","properties":{"kind":"road","id":"road-241657515-0","name":"Ogui Road","osmWay":241657515,"major":true,"bridge":false},"geometry":{"type":"LineString","coordinates":[[7.5077447,6.4554131],[7.5053935,6.4537031],[7.5037561,6.4526877],[7.5022949,6.4506708],[7.4995191,6.4472936],[7.4920266,6.4364649]]}},{"type":"Feature","properties":{"kind":"road","id":"road-241657517-0","name":"Airport Road","osmWay":241657517,"major":true,"bridge":false},"geometry":{"type":"LineString","coordinates":[[7.5528993,6.4599577],[7.5522439,6.4593818]]}},{"type":"Feature","properties":{"kind":"road","id":"road-241657522-0","name":"Enugu Porthacourt Road","osmWay":241657522,"major":true,"bridge":false},"geometry":{"type":"LineString","coordinates":[[7.5399413,6.4547821],[7.5392405,6.447681],[7.5392255,6.4383478],[7.5390545,6.434645],[7.5384295,6.429728],[7.5374025,6.423638],[7.5368225,6.422232],[7.5361605,6.421116],[7.5300285,6.414099],[7.5290179,6.4127615],[7.5260692,6.4080053]]}},{"type":"Feature","properties":{"kind":"road","id":"road-241657523-0","name":"Enugu Porthacourt Link Road","osmWay":241657523,"major":true,"bridge":false},"geometry":{"type":"LineString","coordinates":[[7.5405501,6.4513075],[7.5405634,6.4514743]]}},{"type":"Feature","properties":{"kind":"road","id":"road-241657525-0","name":"Amuri Road","osmWay":241657525,"major":false,"bridge":false},"geometry":{"type":"LineString","coordinates":[[7.5013655,6.4820932],[7.5010588,6.4821056]]}},{"type":"Feature","properties":{"kind":"road","id":"road-241657526-0","name":"Unnamed mapped secondary_link","osmWay":241657526,"major":false,"bridge":false},"geometry":{"type":"LineString","coordinates":[[7.5011942,6.4818976],[7.5012532,6.4820667]]}},{"type":"Feature","properties":{"kind":"road","id":"road-241657530-0","name":"Enugu Porthacourt Link Road","osmWay":241657530,"major":true,"bridge":false},"geometry":{"type":"LineString","coordinates":[[7.5393591,6.4612163],[7.5390773,6.461149],[7.5389332,6.4609045],[7.5390391,6.4599916]]}},{"type":"Feature","properties":{"kind":"road","id":"road-241657531-0","name":"Amuri Road","osmWay":241657531,"major":false,"bridge":false},"geometry":{"type":"LineString","coordinates":[[7.5010923,6.4820538],[7.5013655,6.4820932]]}},{"type":"Feature","properties":{"kind":"road","id":"road-241657532-0","name":"Agbani Road","osmWay":241657532,"major":true,"bridge":false},"geometry":{"type":"LineString","coordinates":[[7.4974358,6.380114],[7.4979758,6.3799154],[7.4983259,6.3795942],[7.4984989,6.3790437],[7.4982917,6.3785532]]}},{"type":"Feature","properties":{"kind":"road","id":"road-241657533-0","name":"Enugu Porthacourt Link Road","osmWay":241657533,"major":false,"bridge":false},"geometry":{"type":"LineString","coordinates":[[7.4963129,6.3754811],[7.4969968,6.3770072],[7.4982917,6.3785532]]}},{"type":"Feature","properties":{"kind":"road","id":"road-241657534-0","name":"Enugu Porthacourt Link Road","osmWay":241657534,"major":false,"bridge":false},"geometry":{"type":"LineString","coordinates":[[7.5103376,6.3911753],[7.5109711,6.3918771],[7.5125255,6.392874]]}},{"type":"Feature","properties":{"kind":"road","id":"road-241657535-0","name":"Amechi Link Road","osmWay":241657535,"major":false,"bridge":false},"geometry":{"type":"LineString","coordinates":[[7.5124826,6.3930966],[7.508858,6.3925172]]}},{"type":"Feature","properties":{"kind":"road","id":"road-241657537-0","name":"Abakiliki Road","osmWay":241657537,"major":false,"bridge":false},"geometry":{"type":"LineString","coordinates":[[7.4853621,6.4540804],[7.4905307,6.4546467],[7.4910243,6.4549026],[7.4923479,6.4562578],[7.4929407,6.456487],[7.494432,6.4567322],[7.4951252,6.4571168]]}},{"type":"Feature","properties":{"kind":"road","id":"road-241657540-0","name":"Abakpa Junction Link Road","osmWay":241657540,"major":true,"bridge":false},"geometry":{"type":"LineString","coordinates":[[7.5218118,6.4647032],[7.5217509,6.4651537]]}},{"type":"Feature","properties":{"kind":"road","id":"road-241657543-0","name":"Abakpa Junction Link Road","osmWay":241657543,"major":true,"bridge":false},"geometry":{"type":"LineString","coordinates":[[7.5215887,6.4651481],[7.5216946,6.4647078]]}},{"type":"Feature","properties":{"kind":"road","id":"road-241657545-0","name":"Ekulu Avenue Link Road","osmWay":241657545,"major":false,"bridge":false},"geometry":{"type":"LineString","coordinates":[[7.4954442,6.4713329],[7.4954514,6.4714062],[7.4953679,6.4714116],[7.4953669,6.4713366],[7.4954442,6.4713329]]}},{"type":"Feature","properties":{"kind":"road","id":"road-241657548-0","name":"Presidential Road","osmWay":241657548,"major":true,"bridge":false},"geometry":{"type":"LineString","coordinates":[[7.5186479,6.4379459],[7.5179134,6.4386458],[7.5172249,6.4390963]]}},{"type":"Feature","properties":{"kind":"road","id":"road-241657550-0","name":"Presidential Road","osmWay":241657550,"major":true,"bridge":false},"geometry":{"type":"LineString","coordinates":[[7.5219457,6.4343851],[7.520094,6.436263]]}},{"type":"Feature","properties":{"kind":"road","id":"road-241657551-0","name":"Presidential Road","osmWay":241657551,"major":true,"bridge":false},"geometry":{"type":"LineString","coordinates":[[7.5170366,6.4391627],[7.5121004,6.4409379],[7.5103344,6.4412103],[7.5087744,6.4411578]]}},{"type":"Feature","properties":{"kind":"road","id":"road-241657552-0","name":"Abakpa Nike Road","osmWay":241657552,"major":true,"bridge":false},"geometry":{"type":"LineString","coordinates":[[7.5175747,6.4747262],[7.5173322,6.4761081]]}},{"type":"Feature","properties":{"kind":"road","id":"road-241657553-0","name":"Abakpa Nike Link Road","osmWay":241657553,"major":true,"bridge":false},"geometry":{"type":"LineString","coordinates":[[7.5175554,6.4745395],[7.5175439,6.4740972],[7.5171764,6.4740076]]}},{"type":"Feature","properties":{"kind":"road","id":"road-241657555-0","name":"Abakaliki Road","osmWay":241657555,"major":true,"bridge":false},"geometry":{"type":"LineString","coordinates":[[7.5839971,6.4624508],[7.5823823,6.4620012],[7.5712464,6.4563203],[7.5692716,6.4556354],[7.5674813,6.4553042],[7.5659859,6.4551863],[7.5644893,6.4552569],[7.5622187,6.455658],[7.5534238,6.4589622],[7.5439694,6.461152],[7.5342402,6.4613182]]}},{"type":"Feature","properties":{"kind":"road","id":"road-241657556-0","name":"Agbani Road","osmWay":241657556,"major":true,"bridge":false},"geometry":{"type":"LineString","coordinates":[[7.4944721,6.3955021],[7.494328,6.3939415],[7.4943254,6.391202],[7.4935549,6.3868639],[7.4932243,6.3831714],[7.4934462,6.3824297],[7.4938177,6.3818932],[7.4947907,6.3810123],[7.4953659,6.3807052]]}},{"type":"Feature","properties":{"kind":"road","id":"road-241657557-0","name":"Works Road","osmWay":241657557,"major":false,"bridge":false},"geometry":{"type":"LineString","coordinates":[[7.4845699,6.4537001],[7.4835447,6.4525197],[7.4830607,6.4509033],[7.4822913,6.4502889]]}},{"type":"Feature","properties":{"kind":"road","id":"road-241657558-0","name":"Onitsha Link Road","osmWay":241657558,"major":false,"bridge":false},"geometry":{"type":"LineString","coordinates":[[7.4845699,6.4537001],[7.4849131,6.4540074]]}},{"type":"Feature","properties":{"kind":"road","id":"road-241657560-0","name":"Ogui Road","osmWay":241657560,"major":true,"bridge":false},"geometry":{"type":"LineString","coordinates":[[7.5095331,6.4575599],[7.5098715,6.4597685]]}},{"type":"Feature","properties":{"kind":"road","id":"road-241657561-0","name":"Market Road","osmWay":241657561,"major":true,"bridge":false},"geometry":{"type":"LineString","coordinates":[[7.4892337,6.4359417],[7.4895846,6.435744],[7.4900124,6.4357113],[7.4920604,6.4362184]]}},{"type":"Feature","properties":{"kind":"road","id":"road-241657562-0","name":"Ogui Road","osmWay":241657562,"major":true,"bridge":false},"geometry":{"type":"LineString","coordinates":[[7.4921939,6.4364846],[7.4998503,6.4475947],[7.50235,6.4506157],[7.5036493,6.4524263],[7.5040879,6.4528569],[7.5053847,6.4536192],[7.5078289,6.4553619]]}},{"type":"Feature","properties":{"kind":"road","id":"road-241657567-0","name":"Ogui Road","osmWay":241657567,"major":true,"bridge":false},"geometry":{"type":"LineString","coordinates":[[7.4921746,6.4364079],[7.4921939,6.4364846]]}},{"type":"Feature","properties":{"kind":"road","id":"road-241657571-0","name":"Enugu Porthacourt Link Road","osmWay":241657571,"major":false,"bridge":false},"geometry":{"type":"LineString","coordinates":[[7.5087327,6.3924033],[7.508066,6.391611],[7.5067056,6.3907307]]}},{"type":"Feature","properties":{"kind":"road","id":"road-241657573-0","name":"Amechi Link Road","osmWay":241657573,"major":false,"bridge":false},"geometry":{"type":"LineString","coordinates":[[7.5071128,6.3906897],[7.5101769,6.391079]]}},{"type":"Feature","properties":{"kind":"road","id":"road-241657575-0","name":"Enugu Porthacourt Link Road","osmWay":241657575,"major":true,"bridge":false},"geometry":{"type":"LineString","coordinates":[[7.538082,6.4610177],[7.5390391,6.4599916]]}},{"type":"Feature","properties":{"kind":"road","id":"road-241657577-0","name":"Unnamed mapped primary_link","osmWay":241657577,"major":false,"bridge":false},"geometry":{"type":"LineString","coordinates":[[7.4951019,6.4570927],[7.4953478,6.4569416]]}},{"type":"Feature","properties":{"kind":"road","id":"road-241657580-0","name":"Abakiliki Link Road","osmWay":241657580,"major":false,"bridge":false},"geometry":{"type":"LineString","coordinates":[[7.4953923,6.4574151],[7.4951252,6.4571168]]}},{"type":"Feature","properties":{"kind":"road","id":"road-241657581-0","name":"Enugu Porthacourt Link Road","osmWay":241657581,"major":false,"bridge":false},"geometry":{"type":"LineString","coordinates":[[7.5327372,6.417263],[7.5302227,6.41565]]}},{"type":"Feature","properties":{"kind":"road","id":"road-241657583-0","name":"Enugu Porthacourt Link Road","osmWay":241657583,"major":false,"bridge":false},"geometry":{"type":"LineString","coordinates":[[7.530096,6.4155362],[7.5290179,6.4127615]]}},{"type":"Feature","properties":{"kind":"road","id":"road-241657586-0","name":"Enugu Porthacourt Link Road","osmWay":241657586,"major":false,"bridge":false},"geometry":{"type":"LineString","coordinates":[[7.530229,6.4155556],[7.5306369,6.4152106]]}},{"type":"Feature","properties":{"kind":"road","id":"road-241657587-0","name":"Enugu Porthacourt Link Road","osmWay":241657587,"major":false,"bridge":false},"geometry":{"type":"LineString","coordinates":[[7.5315567,6.4145776],[7.5318454,6.4154359],[7.5330173,6.4172754]]}},{"type":"Feature","properties":{"kind":"road","id":"road-241657588-0","name":"Enugu Porthacourt Link Road","osmWay":241657588,"major":false,"bridge":false},"geometry":{"type":"LineString","coordinates":[[7.5289877,6.4123309],[7.52987,6.4131716],[7.5315273,6.4143996]]}},{"type":"Feature","properties":{"kind":"road","id":"road-241657591-0","name":"Unnamed mapped trunk_link","osmWay":241657591,"major":false,"bridge":false},"geometry":{"type":"LineString","coordinates":[[7.5546871,6.4585164],[7.5545819,6.4586644],[7.5533219,6.4592281],[7.5529933,6.4594746],[7.5528538,6.4598184]]}},{"type":"Feature","properties":{"kind":"road","id":"road-241657592-0","name":"Unnamed mapped primary","osmWay":241657592,"major":true,"bridge":false},"geometry":{"type":"LineString","coordinates":[[7.5212869,6.4435105],[7.5211082,6.4433316],[7.5212793,6.4431792],[7.5214401,6.4433661],[7.5212869,6.4435105]]}},{"type":"Feature","properties":{"kind":"road","id":"road-241657593-0","name":"Old Abakiliki Road","osmWay":241657593,"major":true,"bridge":false},"geometry":{"type":"LineString","coordinates":[[7.5645191,6.4685265],[7.5641458,6.4687304]]}},{"type":"Feature","properties":{"kind":"road","id":"road-241657594-0","name":"Old Abakiliki Road","osmWay":241657594,"major":true,"bridge":false},"geometry":{"type":"LineString","coordinates":[[7.5639781,6.4685226],[7.5645191,6.4685265]]}},{"type":"Feature","properties":{"kind":"road","id":"road-241657596-0","name":"Enugu Porthacourt Link Road","osmWay":241657596,"major":true,"bridge":false},"geometry":{"type":"LineString","coordinates":[[7.5424036,6.4600629],[7.5425551,6.4607992],[7.5422803,6.4612016]]}},{"type":"Feature","properties":{"kind":"road","id":"road-241657598-0","name":"Enugu Porthacourt Link Road","osmWay":241657598,"major":false,"bridge":false},"geometry":{"type":"LineString","coordinates":[[7.5405634,6.4514743],[7.540185,6.45254],[7.5400007,6.4537464]]}},{"type":"Feature","properties":{"kind":"road","id":"road-241657599-0","name":"Ezillo Street","osmWay":241657599,"major":true,"bridge":false},"geometry":{"type":"LineString","coordinates":[[7.5405634,6.4514743],[7.5399114,6.4513697]]}},{"type":"Feature","properties":{"kind":"road","id":"road-241657602-0","name":"Unnamed mapped trunk_link","osmWay":241657602,"major":false,"bridge":false},"geometry":{"type":"LineString","coordinates":[[7.5525117,6.4595908],[7.5508166,6.4595945]]}},{"type":"Feature","properties":{"kind":"road","id":"road-241657603-0","name":"Enugu Porthacourt Link Road","osmWay":241657603,"major":true,"bridge":false},"geometry":{"type":"LineString","coordinates":[[7.5424036,6.4600629],[7.543073,6.460873],[7.5436867,6.4610896]]}},{"type":"Feature","properties":{"kind":"road","id":"road-241657604-0","name":"Enugu Onitsha Express Link Road","osmWay":241657604,"major":false,"bridge":false},"geometry":{"type":"LineString","coordinates":[[7.4669674,6.4676037],[7.4694078,6.4676019],[7.4699955,6.4673407]]}},{"type":"Feature","properties":{"kind":"road","id":"road-241657618-0","name":"Old Abakiliki Road","osmWay":241657618,"major":true,"bridge":false},"geometry":{"type":"LineString","coordinates":[[7.5645191,6.4685265],[7.567596,6.467787],[7.568501,6.467764],[7.5692077,6.4679797],[7.569873,6.46847],[7.570222,6.469156],[7.570181,6.470129],[7.569748,6.471668],[7.569888,6.47228],[7.570293,6.472872],[7.57127,6.473399],[7.574295,6.474601],[7.575858,6.474794],[7.5769385,6.4745767],[7.577999,6.475118],[7.5792143,6.4760228]]}},{"type":"Feature","properties":{"kind":"road","id":"road-241657633-0","name":"Agbani Link Road","osmWay":241657633,"major":false,"bridge":false},"geometry":{"type":"LineString","coordinates":[[7.4978136,6.3828302],[7.4968587,6.3810296],[7.496042,6.3806791],[7.4952517,6.380814]]}},{"type":"Feature","properties":{"kind":"road","id":"road-241657636-0","name":"Enugu Porthacourt Link Road","osmWay":241657636,"major":false,"bridge":false},"geometry":{"type":"LineString","coordinates":[[7.5394589,6.4486232],[7.539988,6.450187],[7.5405501,6.4513075]]}},{"type":"Feature","properties":{"kind":"road","id":"road-241657639-0","name":"Unnamed mapped primary_link","osmWay":241657639,"major":false,"bridge":false},"geometry":{"type":"LineString","coordinates":[[7.4978615,6.4444667],[7.4977951,6.4446959]]}},{"type":"Feature","properties":{"kind":"road","id":"road-241657644-0","name":"Annang Street","osmWay":241657644,"major":false,"bridge":false},"geometry":{"type":"LineString","coordinates":[[7.5050555,6.4376537],[7.5029946,6.435268],[7.4982541,6.4287333]]}},{"type":"Feature","properties":{"kind":"road","id":"road-241657647-0","name":"Kingsway Road","osmWay":241657647,"major":true,"bridge":false},"geometry":{"type":"LineString","coordinates":[[7.4816068,6.4383991],[7.4809489,6.4410114],[7.4808875,6.4418652],[7.4832704,6.4459494]]}},{"type":"Feature","properties":{"kind":"road","id":"road-241657651-0","name":"Rangers Avenue Link Road","osmWay":241657651,"major":false,"bridge":false},"geometry":{"type":"LineString","coordinates":[[7.5135073,6.4406706],[7.5133078,6.4405745]]}},{"type":"Feature","properties":{"kind":"road","id":"road-241657653-0","name":"Rangers Avenue Link Road","osmWay":241657653,"major":false,"bridge":false},"geometry":{"type":"LineString","coordinates":[[7.5155832,6.4469627],[7.5159185,6.4471531]]}},{"type":"Feature","properties":{"kind":"road","id":"road-241657659-0","name":"Park Avenue Link Road","osmWay":241657659,"major":false,"bridge":false},"geometry":{"type":"LineString","coordinates":[[7.4932013,6.460203],[7.4933851,6.4602202]]}},{"type":"Feature","properties":{"kind":"road","id":"road-241657661-0","name":"Park Avenue Link Road","osmWay":241657661,"major":false,"bridge":false},"geometry":{"type":"LineString","coordinates":[[7.4849208,6.4541902],[7.4848397,6.4544997]]}},{"type":"Feature","properties":{"kind":"road","id":"road-241657670-0","name":"Abakaliki Road","osmWay":241657670,"major":true,"bridge":false},"geometry":{"type":"LineString","coordinates":[[7.5216572,6.4648111],[7.5204177,6.4648283],[7.5185834,6.464523],[7.5139571,6.4629327]]}},{"type":"Feature","properties":{"kind":"road","id":"road-241657673-0","name":"Ezillo Street","osmWay":241657673,"major":true,"bridge":true},"geometry":{"type":"LineString","coordinates":[[7.5393606,6.4512905],[7.539923,6.451324]]}},{"type":"Feature","properties":{"kind":"road","id":"road-258620502-0","name":"Salvage Crescent","osmWay":258620502,"major":false,"bridge":false},"geometry":{"type":"LineString","coordinates":[[7.5022939,6.4623683],[7.5016993,6.462915],[7.5008546,6.464042],[7.500329,6.4643213],[7.4998015,6.4643893],[7.4981635,6.4638908],[7.4974561,6.4635197],[7.496923,6.4627874],[7.4968175,6.461931]]}},{"type":"Feature","properties":{"kind":"road","id":"road-258623664-0","name":"Nwafor Orizu Avenue","osmWay":258623664,"major":false,"bridge":false},"geometry":{"type":"LineString","coordinates":[[7.5067453,6.4454435],[7.5115532,6.4483526],[7.5134284,6.4505212]]}},{"type":"Feature","properties":{"kind":"road","id":"road-258630620-0","name":"Presidential Road","osmWay":258630620,"major":true,"bridge":false},"geometry":{"type":"LineString","coordinates":[[7.520051,6.4361854],[7.5218563,6.4343673]]}},{"type":"Feature","properties":{"kind":"road","id":"road-258733441-0","name":"Bank Avenue","osmWay":258733441,"major":false,"bridge":false},"geometry":{"type":"LineString","coordinates":[[7.4975118,6.4795697],[7.4957697,6.478974]]}},{"type":"Feature","properties":{"kind":"road","id":"road-258733443-0","name":"CBN Road","osmWay":258733443,"major":false,"bridge":false},"geometry":{"type":"LineString","coordinates":[[7.4959883,6.485323],[7.4964295,6.4833868],[7.4991547,6.4736532],[7.4990769,6.4730455]]}},{"type":"Feature","properties":{"kind":"road","id":"road-258733444-0","name":"Enugu Onitsha Express Link Road","osmWay":258733444,"major":false,"bridge":false},"geometry":{"type":"LineString","coordinates":[[7.4947474,6.4723537],[7.4929245,6.4717293]]}},{"type":"Feature","properties":{"kind":"road","id":"road-258733445-0","name":"Enugu Onitsha Express Link Road","osmWay":258733445,"major":false,"bridge":false},"geometry":{"type":"LineString","coordinates":[[7.4970929,6.4721805],[7.494872,6.4724009]]}},{"type":"Feature","properties":{"kind":"road","id":"road-258733446-0","name":"Nnamdi Azikiwe Avenue","osmWay":258733446,"major":false,"bridge":false},"geometry":{"type":"LineString","coordinates":[[7.4948471,6.4723239],[7.4947756,6.4724366]]}},{"type":"Feature","properties":{"kind":"road","id":"road-258733447-0","name":"Nnamdi Azikiwe Avenue","osmWay":258733447,"major":false,"bridge":false},"geometry":{"type":"LineString","coordinates":[[7.4947756,6.4724366],[7.4948471,6.4723239]]}},{"type":"Feature","properties":{"kind":"road","id":"road-258739639-0","name":"Ascension Road","osmWay":258739639,"major":true,"bridge":false},"geometry":{"type":"LineString","coordinates":[[7.5357721,6.4205909],[7.5351027,6.4211916],[7.5290519,6.4254977],[7.5283878,6.4264185]]}},{"type":"Feature","properties":{"kind":"road","id":"road-258750178-0","name":"Osadebe Street","osmWay":258750178,"major":false,"bridge":false},"geometry":{"type":"LineString","coordinates":[[7.4979284,6.424948],[7.4978866,6.4252799],[7.4970947,6.4268078]]}},{"type":"Feature","properties":{"kind":"road","id":"road-258769917-0","name":"Owelli Street","osmWay":258769917,"major":false,"bridge":false},"geometry":{"type":"LineString","coordinates":[[7.504049,6.4150201],[7.5037754,6.4150687],[7.5007353,6.4138167]]}},{"type":"Feature","properties":{"kind":"road","id":"road-258861276-0","name":"Unnamed mapped trunk_link","osmWay":258861276,"major":false,"bridge":false},"geometry":{"type":"LineString","coordinates":[[7.5361187,6.4210595],[7.5357172,6.4208426],[7.5351192,6.4211781]]}},{"type":"Feature","properties":{"kind":"road","id":"road-258866252-0","name":"Alor Street","osmWay":258866252,"major":false,"bridge":false},"geometry":{"type":"LineString","coordinates":[[7.523316,6.4713838],[7.5231242,6.471633],[7.5220661,6.4747592],[7.5204313,6.4749177]]}},{"type":"Feature","properties":{"kind":"road","id":"road-258878449-0","name":"Enugu - Port Harcourt Expressway","osmWay":258878449,"major":true,"bridge":false},"geometry":{"type":"LineString","coordinates":[[7.496239,6.376655],[7.4954274,6.3723667],[7.4939981,6.367179]]}},{"type":"Feature","properties":{"kind":"road","id":"road-258898206-0","name":"Enugu Onitsha Road Interlink","osmWay":258898206,"major":false,"bridge":false},"geometry":{"type":"LineString","coordinates":[[7.5162105,6.4737154],[7.5168867,6.4739443]]}},{"type":"Feature","properties":{"kind":"road","id":"road-258898210-0","name":"Unnamed mapped secondary","osmWay":258898210,"major":false,"bridge":false},"geometry":{"type":"LineString","coordinates":[[7.4948471,6.4723239],[7.4949101,6.472192]]}},{"type":"Feature","properties":{"kind":"road","id":"road-258898215-0","name":"Onitsha Road","osmWay":258898215,"major":false,"bridge":false},"geometry":{"type":"LineString","coordinates":[[7.4684983,6.4680264],[7.4680303,6.4680957],[7.4677306,6.4683616],[7.4676897,6.4687147],[7.4679103,6.4690512],[7.4684688,6.4690698],[7.469165,6.4683227]]}},{"type":"Feature","properties":{"kind":"road","id":"road-258898223-0","name":"Ezillo Street","osmWay":258898223,"major":true,"bridge":false},"geometry":{"type":"LineString","coordinates":[[7.5388056,6.4512256],[7.5393606,6.4512905]]}},{"type":"Feature","properties":{"kind":"road","id":"road-258898224-0","name":"Ezillo Street","osmWay":258898224,"major":true,"bridge":false},"geometry":{"type":"LineString","coordinates":[[7.5393596,6.4513308],[7.5387901,6.4513102]]}},{"type":"Feature","properties":{"kind":"road","id":"road-258898227-0","name":"Enugu Porthacourt Link Road","osmWay":258898227,"major":false,"bridge":false},"geometry":{"type":"LineString","coordinates":[[7.531077,6.414854],[7.5314952,6.4145264]]}},{"type":"Feature","properties":{"kind":"road","id":"road-258898228-0","name":"Enugu Porthacourt Link Road","osmWay":258898228,"major":false,"bridge":true},"geometry":{"type":"LineString","coordinates":[[7.5306369,6.4152106],[7.531077,6.414854]]}},{"type":"Feature","properties":{"kind":"road","id":"road-258898229-0","name":"Unnamed mapped secondary","osmWay":258898229,"major":false,"bridge":true},"geometry":{"type":"LineString","coordinates":[[7.5093363,6.391981],[7.5097407,6.3915925]]}},{"type":"Feature","properties":{"kind":"road","id":"road-258898230-0","name":"Unnamed mapped secondary","osmWay":258898230,"major":false,"bridge":false},"geometry":{"type":"LineString","coordinates":[[7.5097407,6.3915925],[7.5101959,6.3911818]]}},{"type":"Feature","properties":{"kind":"road","id":"road-258898231-0","name":"Agbani Road","osmWay":258898231,"major":true,"bridge":false},"geometry":{"type":"LineString","coordinates":[[7.4953659,6.3807052],[7.4968761,6.3802659]]}},{"type":"Feature","properties":{"kind":"road","id":"road-258898234-0","name":"Agbani Road","osmWay":258898234,"major":true,"bridge":true},"geometry":{"type":"LineString","coordinates":[[7.4968761,6.3802659],[7.4974358,6.380114]]}},{"type":"Feature","properties":{"kind":"road","id":"road-258899465-0","name":"Unnamed mapped primary","osmWay":258899465,"major":true,"bridge":false},"geometry":{"type":"LineString","coordinates":[[7.4975979,6.4445409],[7.4978142,6.4444054]]}},{"type":"Feature","properties":{"kind":"road","id":"road-258899466-0","name":"Unnamed mapped primary","osmWay":258899466,"major":true,"bridge":false},"geometry":{"type":"LineString","coordinates":[[7.4978615,6.4444667],[7.4976549,6.4446262]]}},{"type":"Feature","properties":{"kind":"road","id":"road-258902158-0","name":"Unnamed mapped primary","osmWay":258902158,"major":true,"bridge":false},"geometry":{"type":"LineString","coordinates":[[7.5284101,6.4265109],[7.5282857,6.4265926],[7.528198,6.4264727],[7.528318,6.4263807],[7.5284101,6.4265109]]}},{"type":"Feature","properties":{"kind":"road","id":"road-258902159-0","name":"Ascension Road","osmWay":258902159,"major":true,"bridge":false},"geometry":{"type":"LineString","coordinates":[[7.5282977,6.4263801],[7.5291022,6.4253491],[7.534461,6.4215688]]}},{"type":"Feature","properties":{"kind":"road","id":"road-258903234-0","name":"Works Road","osmWay":258903234,"major":false,"bridge":false},"geometry":{"type":"LineString","coordinates":[[7.4822913,6.4502889],[7.4819105,6.4501978]]}},{"type":"Feature","properties":{"kind":"road","id":"road-259695669-0","name":"Park Avenue","osmWay":259695669,"major":false,"bridge":false},"geometry":{"type":"LineString","coordinates":[[7.4966048,6.4615479],[7.4968807,6.4615982]]}},{"type":"Feature","properties":{"kind":"road","id":"road-259734633-0","name":"Abakaliki Road","osmWay":259734633,"major":true,"bridge":false},"geometry":{"type":"LineString","coordinates":[[7.5101466,6.4614285],[7.5181233,6.4643193],[7.5199391,6.4646789],[7.5216946,6.4647078]]}},{"type":"Feature","properties":{"kind":"road","id":"road-259740235-0","name":"Abakaliki Road","osmWay":259740235,"major":true,"bridge":false},"geometry":{"type":"LineString","coordinates":[[7.5139571,6.4629327],[7.5100694,6.4615683]]}},{"type":"Feature","properties":{"kind":"road","id":"road-259746601-0","name":"Unnamed mapped trunk_link","osmWay":259746601,"major":false,"bridge":false},"geometry":{"type":"LineString","coordinates":[[7.5501696,6.4596505],[7.5516056,6.4588621]]}},{"type":"Feature","properties":{"kind":"road","id":"road-259746608-0","name":"Proda Road","osmWay":259746608,"major":false,"bridge":false},"geometry":{"type":"LineString","coordinates":[[7.5788814,6.4601168],[7.584055,6.451777],[7.5866846,6.4470292],[7.5872473,6.4462507],[7.5879489,6.4455694]]}},{"type":"Feature","properties":{"kind":"road","id":"road-259746617-0","name":"Abakaliki Road","osmWay":259746617,"major":true,"bridge":false},"geometry":{"type":"LineString","coordinates":[[7.5436867,6.4610896],[7.549269,6.4598744],[7.5538811,6.4587003],[7.5619451,6.4556493],[7.5642398,6.4551983],[7.5659859,6.455091],[7.5681833,6.4552929],[7.5709178,6.4560751],[7.5822784,6.4618366],[7.5839971,6.4624508]]}},{"type":"Feature","properties":{"kind":"road","id":"road-260454471-0","name":"Agbani Road","osmWay":260454471,"major":true,"bridge":false},"geometry":{"type":"LineString","coordinates":[[7.483203,6.4327296],[7.4817437,6.4319553],[7.480847,6.4309012]]}},{"type":"Feature","properties":{"kind":"road","id":"road-266801442-0","name":"Unnamed mapped secondary","osmWay":266801442,"major":false,"bridge":false},"geometry":{"type":"LineString","coordinates":[[7.5023161,6.4622752],[7.5022939,6.4623683]]}},{"type":"Feature","properties":{"kind":"road","id":"road-267001851-0","name":"Abakpa Junction Link Road","osmWay":267001851,"major":false,"bridge":false},"geometry":{"type":"LineString","coordinates":[[7.5221939,6.4647429],[7.5217509,6.4651537]]}},{"type":"Feature","properties":{"kind":"road","id":"road-267001852-0","name":"Abakpa Junction Link Road","osmWay":267001852,"major":false,"bridge":false},"geometry":{"type":"LineString","coordinates":[[7.5215887,6.4651481],[7.5214867,6.4649085],[7.5212813,6.464826]]}},{"type":"Feature","properties":{"kind":"road","id":"road-267001853-0","name":"Enugu Onitsha Express Road","osmWay":267001853,"major":true,"bridge":true},"geometry":{"type":"LineString","coordinates":[[7.5137461,6.4753626],[7.5145122,6.4749851]]}},{"type":"Feature","properties":{"kind":"road","id":"road-267001854-0","name":"Enugu Onitsha Express Road","osmWay":267001854,"major":true,"bridge":true},"geometry":{"type":"LineString","coordinates":[[7.5145927,6.4750983],[7.5138029,6.4754767]]}},{"type":"Feature","properties":{"kind":"road","id":"road-267001855-0","name":"Enugu Onitsha Express Road","osmWay":267001855,"major":true,"bridge":false},"geometry":{"type":"LineString","coordinates":[[7.5145122,6.4749851],[7.5160646,6.4742248],[7.5174527,6.4737758],[7.5180575,6.4732481],[7.5193584,6.4709507],[7.5207585,6.4690318],[7.5215887,6.4651481]]}},{"type":"Feature","properties":{"kind":"road","id":"road-267001857-0","name":"Enugu Onitsha Express Road","osmWay":267001857,"major":true,"bridge":false},"geometry":{"type":"LineString","coordinates":[[7.5217509,6.4651537],[7.5209288,6.4690558],[7.519585,6.4709161],[7.5182131,6.4733307],[7.5176954,6.4738224],[7.5157441,6.4745326],[7.5145927,6.4750983]]}},{"type":"Feature","properties":{"kind":"road","id":"road-267001861-0","name":"Enugu Onitsha Express Road","osmWay":267001861,"major":true,"bridge":false},"geometry":{"type":"LineString","coordinates":[[7.5138029,6.4754767],[7.5108709,6.4768413],[7.5100549,6.4769813],[7.5092599,6.4769363],[7.5080599,6.4765683],[7.4990689,6.4726813],[7.4980644,6.4723487],[7.4754999,6.4698233],[7.4741941,6.4695402],[7.4695766,6.4681529],[7.4668644,6.4677955],[7.4660655,6.4674862],[7.4646908,6.4666845]]}},{"type":"Feature","properties":{"kind":"road","id":"road-267001901-0","name":"Mission Road","osmWay":267001901,"major":false,"bridge":false},"geometry":{"type":"LineString","coordinates":[[7.4769091,6.4733716],[7.4769032,6.4723655],[7.4765144,6.4722765],[7.4766021,6.469972]]}},{"type":"Feature","properties":{"kind":"road","id":"road-267006843-0","name":"Ama-etiti Street","osmWay":267006843,"major":false,"bridge":false},"geometry":{"type":"LineString","coordinates":[[7.514916,6.4802559],[7.5145398,6.4800121],[7.5133342,6.4799801],[7.5121956,6.4806757],[7.5106131,6.4811554],[7.509921,6.4821814]]}},{"type":"Feature","properties":{"kind":"road","id":"road-267616590-0","name":"Harmony Road","osmWay":267616590,"major":false,"bridge":false},"geometry":{"type":"LineString","coordinates":[[7.5393761,6.4884513],[7.5367994,6.4904164],[7.5229056,6.505989],[7.5217957,6.5071374],[7.5210474,6.507564]]}},{"type":"Feature","properties":{"kind":"road","id":"road-267616724-0","name":"Dom Ekete Avenue","osmWay":267616724,"major":false,"bridge":false},"geometry":{"type":"LineString","coordinates":[[7.5210474,6.507564],[7.5210341,6.5084709],[7.520678,6.5091371],[7.5195388,6.5100026],[7.5182171,6.5107767],[7.518024,6.5120599],[7.5177222,6.5127434]]}},{"type":"Feature","properties":{"kind":"road","id":"road-267616742-0","name":"Abakpa Nike Road","osmWay":267616742,"major":true,"bridge":false},"geometry":{"type":"LineString","coordinates":[[7.5149251,6.4927437],[7.5154076,6.4875229],[7.5163358,6.485165],[7.5167825,6.4825089],[7.5168877,6.4791813],[7.517165,6.476708]]}},{"type":"Feature","properties":{"kind":"road","id":"road-267616931-0","name":"Mike Torey Avenue","osmWay":267616931,"major":false,"bridge":false},"geometry":{"type":"LineString","coordinates":[[7.4875615,6.4760711],[7.4800811,6.473445]]}},{"type":"Feature","properties":{"kind":"road","id":"road-267617307-0","name":"Unnamed mapped secondary","osmWay":267617307,"major":false,"bridge":false},"geometry":{"type":"LineString","coordinates":[[7.4793763,6.4582008],[7.4804001,6.4592125],[7.4804047,6.4600756]]}},{"type":"Feature","properties":{"kind":"road","id":"road-267617502-0","name":"Unnamed mapped tertiary","osmWay":267617502,"major":false,"bridge":false},"geometry":{"type":"LineString","coordinates":[[7.4985951,6.5273796],[7.498523,6.5288711],[7.4989749,6.5293561],[7.5015941,6.5314294],[7.5021701,6.5316559],[7.5033483,6.5317638],[7.5038123,6.531492],[7.5045271,6.5307112],[7.5069492,6.5298984],[7.5082326,6.5292535],[7.5102979,6.528542],[7.5109296,6.5282176],[7.511356,6.5277999],[7.5134783,6.52765],[7.5145163,6.5274355],[7.5159527,6.5267286],[7.5164113,6.5260971]]}},{"type":"Feature","properties":{"kind":"road","id":"road-267618035-0","name":"Unnamed mapped secondary","osmWay":267618035,"major":false,"bridge":false},"geometry":{"type":"LineString","coordinates":[[7.5458711,6.4517135],[7.5466683,6.4383523]]}},{"type":"Feature","properties":{"kind":"road","id":"road-267618052-0","name":"Dominic Avenue","osmWay":267618052,"major":false,"bridge":false},"geometry":{"type":"LineString","coordinates":[[7.5177222,6.5127434],[7.5177196,6.5136015],[7.5178953,6.5140812],[7.5188636,6.5151565],[7.5209167,6.5169114],[7.5217697,6.5181358],[7.5219394,6.5182134],[7.5229495,6.5180236],[7.5246558,6.5184437],[7.5256502,6.518916],[7.5268478,6.5189253],[7.5282271,6.5197721],[7.5297867,6.519977],[7.5346296,6.5201105],[7.5361718,6.5202904],[7.5407101,6.5201438],[7.5425997,6.5203397],[7.5430651,6.5204982]]}},{"type":"Feature","properties":{"kind":"road","id":"road-267618264-0","name":"Unnamed mapped secondary","osmWay":267618264,"major":false,"bridge":false},"geometry":{"type":"LineString","coordinates":[[7.5747274,6.5034258],[7.574618,6.505909],[7.574944,6.506643],[7.574991,6.507865],[7.57569,6.508546],[7.575306,6.5098701],[7.574734,6.510588],[7.574452,6.51117],[7.573898,6.514645],[7.57394,6.515343],[7.574554,6.516842]]}},{"type":"Feature","properties":{"kind":"road","id":"road-267618458-0","name":"Unnamed mapped tertiary","osmWay":267618458,"major":false,"bridge":false},"geometry":{"type":"LineString","coordinates":[[7.5393761,6.4884513],[7.5460571,6.4955558],[7.5462972,6.4956625],[7.5484925,6.4950149],[7.5562189,6.4921733]]}},{"type":"Feature","properties":{"kind":"road","id":"road-267619347-0","name":"Unnamed mapped tertiary","osmWay":267619347,"major":false,"bridge":false},"geometry":{"type":"LineString","coordinates":[[7.58709,6.531948],[7.58626,6.5313164],[7.586763,6.530216],[7.586859,6.529671],[7.587378,6.528748],[7.587375,6.527898],[7.587175,6.527367],[7.586636,6.527028],[7.586133,6.525567],[7.5848891,6.5240605],[7.5848307,6.5237823],[7.5852234,6.5232204],[7.585301,6.522762],[7.584109,6.520441],[7.583704,6.520096],[7.583246,6.519358],[7.583232,6.518817],[7.583059,6.51851],[7.582286,6.518299],[7.581562,6.518308],[7.5797506,6.5179907],[7.5782118,6.5171745],[7.577118,6.517017],[7.57647,6.517124],[7.575781,6.517066],[7.574554,6.516842]]}},{"type":"Feature","properties":{"kind":"road","id":"road-267619947-0","name":"Unnamed mapped tertiary","osmWay":267619947,"major":false,"bridge":false},"geometry":{"type":"LineString","coordinates":[[7.4797512,6.4910699],[7.479317,6.4911306],[7.4779853,6.4908521],[7.4774542,6.4908761],[7.4769191,6.4919821],[7.4767689,6.4927496],[7.4768985,6.4940127],[7.4767852,6.4953195],[7.4758614,6.4967083],[7.4748677,6.4988126]]}},{"type":"Feature","properties":{"kind":"road","id":"road-267619989-0","name":"F233","osmWay":267619989,"major":true,"bridge":false},"geometry":{"type":"LineString","coordinates":[[7.4832897,6.4329421],[7.4831712,6.4328158],[7.4833053,6.4326856],[7.4834298,6.4328175],[7.4832897,6.4329421]]}},{"type":"Feature","properties":{"kind":"road","id":"road-267620030-0","name":"Unnamed mapped tertiary","osmWay":267620030,"major":false,"bridge":false},"geometry":{"type":"LineString","coordinates":[[7.547516,6.4477633],[7.5472954,6.4511193],[7.5471219,6.4517821]]}},{"type":"Feature","properties":{"kind":"road","id":"road-267620169-0","name":"Unnamed mapped secondary","osmWay":267620169,"major":false,"bridge":false},"geometry":{"type":"LineString","coordinates":[[7.540568,6.451387],[7.5458711,6.4517135]]}},{"type":"Feature","properties":{"kind":"road","id":"road-267620515-0","name":"Unnamed mapped tertiary","osmWay":267620515,"major":false,"bridge":false},"geometry":{"type":"LineString","coordinates":[[7.5993928,6.5323181],[7.5993285,6.5327258],[7.5969922,6.5342101],[7.5953829,6.5349775],[7.5939882,6.5350415],[7.593269,6.534821],[7.592335,6.534742],[7.591418,6.53382],[7.590368,6.533156],[7.58709,6.531948]]}},{"type":"Feature","properties":{"kind":"road","id":"road-267620737-0","name":"Unnamed mapped tertiary","osmWay":267620737,"major":false,"bridge":false},"geometry":{"type":"LineString","coordinates":[[7.5461407,6.4476701],[7.550786,6.447955]]}},{"type":"Feature","properties":{"kind":"road","id":"road-267620746-0","name":"Unnamed mapped tertiary","osmWay":267620746,"major":false,"bridge":false},"geometry":{"type":"LineString","coordinates":[[7.5461407,6.4476701],[7.5425671,6.44745]]}},{"type":"Feature","properties":{"kind":"road","id":"road-267621426-0","name":"Unnamed mapped tertiary","osmWay":267621426,"major":false,"bridge":false},"geometry":{"type":"LineString","coordinates":[[7.5281735,6.4895396],[7.5285731,6.4901312]]}},{"type":"Feature","properties":{"kind":"road","id":"road-267621526-0","name":"Unnamed mapped tertiary","osmWay":267621526,"major":false,"bridge":false},"geometry":{"type":"LineString","coordinates":[[7.5146502,6.5036241],[7.5082192,6.5059959],[7.5064006,6.5071577],[7.5049954,6.5086805],[7.5039384,6.5095162],[7.5028601,6.5113337],[7.502489,6.512699],[7.502603,6.513299],[7.502499,6.5142458]]}},{"type":"Feature","properties":{"kind":"road","id":"road-267621558-0","name":"Unnamed mapped tertiary","osmWay":267621558,"major":false,"bridge":false},"geometry":{"type":"LineString","coordinates":[[7.517968,6.5248796],[7.5164113,6.5260971]]}},{"type":"Feature","properties":{"kind":"road","id":"road-267621623-0","name":"Unnamed mapped tertiary","osmWay":267621623,"major":false,"bridge":false},"geometry":{"type":"LineString","coordinates":[[7.5310282,6.493378],[7.5324352,6.495349]]}},{"type":"Feature","properties":{"kind":"road","id":"road-267621814-0","name":"Unnamed mapped trunk_link","osmWay":267621814,"major":false,"bridge":false},"geometry":{"type":"LineString","coordinates":[[7.5527449,6.4587388],[7.5538811,6.4587003]]}},{"type":"Feature","properties":{"kind":"road","id":"road-272801951-0","name":"Abakpa Nike Road","osmWay":272801951,"major":true,"bridge":false},"geometry":{"type":"LineString","coordinates":[[7.5158312,6.5098777],[7.5176956,6.5222261],[7.5184129,6.530053],[7.5190607,6.5315719],[7.5269939,6.5446655],[7.5276276,6.5468322],[7.5289285,6.5525754]]}},{"type":"Feature","properties":{"kind":"road","id":"road-272988970-0","name":"Ezillo Street","osmWay":272988970,"major":false,"bridge":false},"geometry":{"type":"LineString","coordinates":[[7.5247295,6.4447466],[7.5305539,6.4457474],[7.5312298,6.4459886],[7.531946,6.4464164],[7.5334909,6.4476664],[7.5351615,6.4498423],[7.5372699,6.4510116]]}},{"type":"Feature","properties":{"kind":"road","id":"road-272988986-0","name":"Ibusa Avenue","osmWay":272988986,"major":true,"bridge":false},"geometry":{"type":"LineString","coordinates":[[7.5372614,6.4485599],[7.5373997,6.4510059]]}},{"type":"Feature","properties":{"kind":"road","id":"road-272988990-0","name":"Independence Avenue","osmWay":272988990,"major":true,"bridge":false},"geometry":{"type":"LineString","coordinates":[[7.5371579,6.4485705],[7.5350994,6.446802],[7.5321458,6.4435425],[7.5318233,6.4433393],[7.5310904,6.44325],[7.5286985,6.4435612],[7.5264629,6.4430914],[7.5239099,6.4429209]]}},{"type":"Feature","properties":{"kind":"road","id":"road-272989007-0","name":"Robison Street","osmWay":272989007,"major":false,"bridge":false},"geometry":{"type":"LineString","coordinates":[[7.4960885,6.4249035],[7.4934268,6.4225712]]}},{"type":"Feature","properties":{"kind":"road","id":"road-272998126-0","name":"NTA Road","osmWay":272998126,"major":false,"bridge":false},"geometry":{"type":"LineString","coordinates":[[7.5198888,6.431534],[7.517616,6.4331717],[7.5156561,6.4353267],[7.5138868,6.4368271]]}},{"type":"Feature","properties":{"kind":"road","id":"road-272998127-0","name":"NTA Road","osmWay":272998127,"major":false,"bridge":false},"geometry":{"type":"LineString","coordinates":[[7.513686,6.436738],[7.515519,6.4353387],[7.5177566,6.4329357],[7.5197514,6.4315074]]}},{"type":"Feature","properties":{"kind":"road","id":"road-272998128-0","name":"Umuawulu Street","osmWay":272998128,"major":true,"bridge":false},"geometry":{"type":"LineString","coordinates":[[7.5283436,6.4265872],[7.5277483,6.429705],[7.5273956,6.4304],[7.5237753,6.432582],[7.5219457,6.4343851]]}},{"type":"Feature","properties":{"kind":"road","id":"road-272998130-0","name":"Achi street","osmWay":272998130,"major":false,"bridge":false},"geometry":{"type":"LineString","coordinates":[[7.5198888,6.431534],[7.5218468,6.434156],[7.5226241,6.4354886],[7.523077,6.4365349],[7.5235366,6.438794],[7.5240779,6.4397603],[7.5244209,6.4401336],[7.5254639,6.4408476],[7.5271679,6.4414486],[7.5286633,6.4414379],[7.5299868,6.4410569]]}},{"type":"Feature","properties":{"kind":"road","id":"road-273467215-0","name":"Ebe-Ano Road","osmWay":273467215,"major":false,"bridge":false},"geometry":{"type":"LineString","coordinates":[[7.4989289,6.4545884],[7.4995553,6.4541649]]}},{"type":"Feature","properties":{"kind":"road","id":"road-273467216-0","name":"Ebe-Ano Road","osmWay":273467216,"major":false,"bridge":false},"geometry":{"type":"LineString","coordinates":[[7.4989783,6.4546679],[7.4977284,6.4546226],[7.496852,6.4551536],[7.4960118,6.4548525],[7.4947117,6.4549356]]}},{"type":"Feature","properties":{"kind":"road","id":"road-273467219-0","name":"Ebe-Ano Road","osmWay":273467219,"major":false,"bridge":false},"geometry":{"type":"LineString","coordinates":[[7.4998487,6.4539996],[7.5004093,6.4539697],[7.5021547,6.4549584],[7.5028434,6.4550884],[7.5032859,6.4549285],[7.503593,6.4546313],[7.5042972,6.4531109]]}},{"type":"Feature","properties":{"kind":"road","id":"road-273467220-0","name":"Ebe-Ano Road","osmWay":273467220,"major":false,"bridge":false},"geometry":{"type":"LineString","coordinates":[[7.4996066,6.4542355],[7.4989783,6.4546679]]}},{"type":"Feature","properties":{"kind":"road","id":"road-274706613-0","name":"Sani Abacha Avenue","osmWay":274706613,"major":false,"bridge":false},"geometry":{"type":"LineString","coordinates":[[7.4799986,6.4809653],[7.4800054,6.4767814]]}},{"type":"Feature","properties":{"kind":"road","id":"road-274720867-0","name":"Presidential Road","osmWay":274720867,"major":true,"bridge":false},"geometry":{"type":"LineString","coordinates":[[7.5025959,6.4410666],[7.5037603,6.4405442],[7.5050035,6.4403569],[7.5057813,6.4404089],[7.5085579,6.4410437],[7.5101191,6.4411298],[7.5110606,6.4410392],[7.5122488,6.4408047],[7.5138669,6.4402817],[7.5160513,6.439431],[7.5169301,6.4389426]]}},{"type":"Feature","properties":{"kind":"road","id":"road-274720868-0","name":"O'connor Road","osmWay":274720868,"major":true,"bridge":false},"geometry":{"type":"LineString","coordinates":[[7.5003351,6.4427525],[7.4978615,6.4444667]]}},{"type":"Feature","properties":{"kind":"road","id":"road-391923497-0","name":"Unnamed mapped secondary","osmWay":391923497,"major":false,"bridge":false},"geometry":{"type":"LineString","coordinates":[[7.41462,6.5254998],[7.4134802,6.5288724]]}},{"type":"Feature","properties":{"kind":"road","id":"road-391923497-1","name":"Unnamed mapped secondary","osmWay":391923497,"major":false,"bridge":false},"geometry":{"type":"LineString","coordinates":[[7.4142595,6.5379239],[7.4145643,6.5407575],[7.4143587,6.5432447]]}},{"type":"Feature","properties":{"kind":"road","id":"road-391923497-2","name":"Unnamed mapped secondary","osmWay":391923497,"major":false,"bridge":false},"geometry":{"type":"LineString","coordinates":[[7.4148297,6.5769387],[7.4163709,6.5808671],[7.4177856,6.5871054]]}},{"type":"Feature","properties":{"kind":"road","id":"road-391923497-3","name":"Unnamed mapped secondary","osmWay":391923497,"major":false,"bridge":false},"geometry":{"type":"LineString","coordinates":[[7.4152293,6.5148451],[7.4152611,6.5230576],[7.4150096,6.5243286]]}},{"type":"Feature","properties":{"kind":"road","id":"road-391923497-4","name":"Unnamed mapped secondary","osmWay":391923497,"major":false,"bridge":false},"geometry":{"type":"LineString","coordinates":[[7.4205449,6.5997734],[7.4218249,6.6055586]]}},{"type":"Feature","properties":{"kind":"road","id":"road-421149704-0","name":"Unnamed mapped trunk_link","osmWay":421149704,"major":false,"bridge":false},"geometry":{"type":"LineString","coordinates":[[7.4947907,6.3810123],[7.4956141,6.3800606],[7.4960312,6.3792383],[7.4962257,6.3781361],[7.496239,6.376655]]}},{"type":"Feature","properties":{"kind":"road","id":"road-421149705-0","name":"Agbani Road","osmWay":421149705,"major":true,"bridge":false},"geometry":{"type":"LineString","coordinates":[[7.4945812,6.3957646],[7.4946314,6.396823],[7.4942814,6.398832],[7.4941902,6.4010968],[7.4947776,6.4042374],[7.4956339,6.4070574],[7.4958295,6.4100487],[7.4947576,6.4160616],[7.4943117,6.4164577],[7.4936797,6.4167686],[7.4914859,6.4174739],[7.4897364,6.4185667],[7.488347,6.4190851],[7.4869,6.4193836],[7.482622,6.4198995],[7.481951,6.4205765],[7.4815343,6.4218872],[7.481254,6.4223836],[7.4801599,6.4233653]]}},{"type":"Feature","properties":{"kind":"road","id":"road-421149706-0","name":"Enugu Porthacourt Link Road","osmWay":421149706,"major":false,"bridge":false},"geometry":{"type":"LineString","coordinates":[[7.4982917,6.3785532],[7.4978846,6.3783693],[7.4974287,6.3784959],[7.497154,6.37887],[7.4970505,6.3794969]]}},{"type":"Feature","properties":{"kind":"road","id":"road-439047879-0","name":"Unnamed mapped secondary","osmWay":439047879,"major":false,"bridge":false},"geometry":{"type":"LineString","coordinates":[[7.5163208,6.5131778],[7.5143105,6.5142704],[7.5126381,6.515459],[7.5091435,6.5166427],[7.5076304,6.5168314]]}},{"type":"Feature","properties":{"kind":"road","id":"road-514050410-0","name":"A343","osmWay":514050410,"major":true,"bridge":false},"geometry":{"type":"LineString","coordinates":[[7.4268214,6.4423034],[7.4291452,6.4553246],[7.4323904,6.4635909],[7.4334037,6.4653202]]}},{"type":"Feature","properties":{"kind":"road","id":"road-514050412-0","name":"Enugu Onitsha Old Road","osmWay":514050412,"major":true,"bridge":false},"geometry":{"type":"LineString","coordinates":[[7.4531832,6.4329656],[7.4533841,6.4350343],[7.4539299,6.4368108],[7.4568871,6.4410952],[7.4596384,6.4423311],[7.4613744,6.4433154],[7.4623071,6.4435126],[7.4637595,6.443436],[7.4649035,6.4438931],[7.4668863,6.4441976],[7.4674295,6.4445381],[7.4676038,6.4449459],[7.4676185,6.44718],[7.4679941,6.4481715],[7.4680008,6.4487298],[7.4673383,6.4494574],[7.4659234,6.4496054],[7.465674,6.4497493],[7.4656954,6.4499321],[7.4665806,6.4503117],[7.4669963,6.4506435],[7.4675689,6.4519694],[7.4678238,6.452188],[7.4683361,6.4523599],[7.4692896,6.4522266],[7.4695994,6.4523439],[7.4702981,6.4536858],[7.4708158,6.4543415],[7.4711537,6.4544401],[7.4714648,6.4541856],[7.4716687,6.4538004],[7.4716486,6.4529076],[7.4720201,6.4526264],[7.4726423,6.4531208],[7.4732713,6.454051],[7.4739807,6.4539137],[7.474548,6.4541709],[7.4755847,6.4540696],[7.4757054,6.4538457],[7.4756209,6.4536152],[7.4749584,6.4533247],[7.4746956,6.4530382],[7.4746902,6.4527503],[7.4751824,6.4520947],[7.4800251,6.448458],[7.481383,6.4476951]]}},{"type":"Feature","properties":{"kind":"road","id":"road-514050412-1","name":"Enugu Onitsha Old Road","osmWay":514050412,"major":true,"bridge":false},"geometry":{"type":"LineString","coordinates":[[7.4538918,6.4273461],[7.4532235,6.4289231]]}},{"type":"Feature","properties":{"kind":"road","id":"road-514050412-2","name":"Enugu Onitsha Old Road","osmWay":514050412,"major":true,"bridge":false},"geometry":{"type":"LineString","coordinates":[[7.4533354,6.4301532],[7.4532977,6.4314844]]}},{"type":"Feature","properties":{"kind":"road","id":"road-517640399-0","name":"A343","osmWay":517640399,"major":true,"bridge":true},"geometry":{"type":"LineString","coordinates":[[7.4553483,6.4691702],[7.4554985,6.4691124]]}},{"type":"Feature","properties":{"kind":"road","id":"road-517640400-0","name":"A343","osmWay":517640400,"major":true,"bridge":true},"geometry":{"type":"LineString","coordinates":[[7.4556246,6.4692317],[7.4554826,6.469287]]}},{"type":"Feature","properties":{"kind":"road","id":"road-517640402-0","name":"A343","osmWay":517640402,"major":true,"bridge":false},"geometry":{"type":"LineString","coordinates":[[7.432507,6.4642224],[7.4321074,6.4633459]]}},{"type":"Feature","properties":{"kind":"road","id":"road-517640405-0","name":"Enugu Onitsha Express Road","osmWay":517640405,"major":true,"bridge":false},"geometry":{"type":"LineString","coordinates":[[7.4650455,6.4666875],[7.4669674,6.4676037],[7.4696062,6.4679756],[7.475649,6.469664],[7.4978521,6.4721034],[7.4988547,6.472392],[7.508023,6.4763256],[7.509326,6.4767466],[7.510181,6.4767796],[7.511116,6.4765906],[7.5137461,6.4753626]]}},{"type":"Feature","properties":{"kind":"road","id":"road-517640412-0","name":"A343","osmWay":517640412,"major":true,"bridge":false},"geometry":{"type":"LineString","coordinates":[[7.4554985,6.4691124],[7.456997,6.4683375],[7.4599796,6.4661308],[7.4612349,6.4654645],[7.4620747,6.4653776],[7.4628013,6.4654912],[7.4650455,6.4666875]]}},{"type":"Feature","properties":{"kind":"road","id":"road-518124106-0","name":"Onitsha Road","osmWay":518124106,"major":true,"bridge":false},"geometry":{"type":"LineString","coordinates":[[7.4696276,6.4677663],[7.4701108,6.4672088]]}},{"type":"Feature","properties":{"kind":"road","id":"road-518124107-0","name":"Onitsha Road","osmWay":518124107,"major":true,"bridge":true},"geometry":{"type":"LineString","coordinates":[[7.4697715,6.4678453],[7.4693272,6.468368]]}},{"type":"Feature","properties":{"kind":"road","id":"road-518124108-0","name":"Onitsha Road","osmWay":518124108,"major":true,"bridge":true},"geometry":{"type":"LineString","coordinates":[[7.469165,6.4683227],[7.4696276,6.4677663]]}},{"type":"Feature","properties":{"kind":"road","id":"road-518124109-0","name":"Onitsha Road","osmWay":518124109,"major":false,"bridge":false},"geometry":{"type":"LineString","coordinates":[[7.4693272,6.468368],[7.4686724,6.4691383],[7.4680319,6.469276],[7.4676649,6.4690494],[7.4671835,6.4681654],[7.4660655,6.4674862]]}},{"type":"Feature","properties":{"kind":"road","id":"road-518124110-0","name":"Unnamed mapped secondary","osmWay":518124110,"major":false,"bridge":false},"geometry":{"type":"LineString","coordinates":[[7.4809896,6.4671936],[7.4809293,6.4676027]]}},{"type":"Feature","properties":{"kind":"road","id":"road-518124111-0","name":"Unnamed mapped secondary","osmWay":518124111,"major":false,"bridge":true},"geometry":{"type":"LineString","coordinates":[[7.4809293,6.4676027],[7.4808873,6.4678953]]}},{"type":"Feature","properties":{"kind":"road","id":"road-518124112-0","name":"Unnamed mapped secondary","osmWay":518124112,"major":false,"bridge":false},"geometry":{"type":"LineString","coordinates":[[7.4808873,6.4678953],[7.4805907,6.4701989]]}},{"type":"Feature","properties":{"kind":"road","id":"road-518124113-0","name":"Unnamed mapped secondary","osmWay":518124113,"major":false,"bridge":false},"geometry":{"type":"LineString","coordinates":[[7.4951252,6.4571168],[7.4954462,6.4573017]]}},{"type":"Feature","properties":{"kind":"road","id":"road-518139888-0","name":"Enugu - Port Harcourt Expressway","osmWay":518139888,"major":true,"bridge":false},"geometry":{"type":"LineString","coordinates":[[7.5261779,6.407895],[7.528705,6.4119671],[7.530044,6.4138457],[7.5309383,6.4149829],[7.5359945,6.4205931],[7.536826,6.4218898],[7.5375783,6.423677],[7.538135,6.4266967],[7.5391684,6.433927],[7.539398,6.4383497],[7.5393376,6.4457528],[7.5394307,6.4482114],[7.5401156,6.4547527]]}},{"type":"Feature","properties":{"kind":"road","id":"road-518139889-0","name":"Enugu - Port Harcourt Expressway","osmWay":518139889,"major":true,"bridge":true},"geometry":{"type":"LineString","coordinates":[[7.494244,6.3669918],[7.4942969,6.3671859]]}},{"type":"Feature","properties":{"kind":"road","id":"road-518139891-0","name":"Enugu - Port Harcourt Expressway","osmWay":518139891,"major":true,"bridge":true},"geometry":{"type":"LineString","coordinates":[[7.4939981,6.367179],[7.4939453,6.3669835]]}},{"type":"Feature","properties":{"kind":"road","id":"road-518139892-0","name":"Ogbunike Street","osmWay":518139892,"major":true,"bridge":false},"geometry":{"type":"LineString","coordinates":[[7.4781511,6.42406],[7.479718,6.4237279]]}},{"type":"Feature","properties":{"kind":"road","id":"road-518139893-0","name":"Agbani Road","osmWay":518139893,"major":true,"bridge":false},"geometry":{"type":"LineString","coordinates":[[7.4800892,6.4233507],[7.4812643,6.4222613],[7.4818859,6.4205468],[7.4826463,6.4198191],[7.4871162,6.4192847],[7.4886599,6.4189129],[7.4898668,6.4184172],[7.4914292,6.4174176],[7.4933437,6.4168059],[7.4945754,6.4161562],[7.4948557,6.4155252],[7.4957482,6.4102557],[7.49559,6.4071104]]}},{"type":"Feature","properties":{"kind":"road","id":"road-518139895-0","name":"Coal Camp Road","osmWay":518139895,"major":true,"bridge":false},"geometry":{"type":"LineString","coordinates":[[7.4796608,6.4311474],[7.4781511,6.42406]]}},{"type":"Feature","properties":{"kind":"road","id":"road-518139896-0","name":"Mission Avenue","osmWay":518139896,"major":true,"bridge":false},"geometry":{"type":"LineString","coordinates":[[7.480847,6.4309012],[7.4796608,6.4311474]]}},{"type":"Feature","properties":{"kind":"road","id":"road-518139897-0","name":"Agbani Link Road","osmWay":518139897,"major":true,"bridge":false},"geometry":{"type":"LineString","coordinates":[[7.4800026,6.4335792],[7.4799862,6.4340808],[7.4809082,6.4352242],[7.4809055,6.4369127],[7.4812945,6.437701],[7.48162,6.4380249]]}},{"type":"Feature","properties":{"kind":"road","id":"road-518139898-0","name":"Agbani Link Road","osmWay":518139898,"major":true,"bridge":false},"geometry":{"type":"LineString","coordinates":[[7.4815455,6.4381292],[7.4808285,6.4369227],[7.4808083,6.4352728],[7.4799346,6.4341541],[7.4798921,6.4336344]]}},{"type":"Feature","properties":{"kind":"road","id":"road-519182728-0","name":"Ezillo Street","osmWay":519182728,"major":true,"bridge":false},"geometry":{"type":"LineString","coordinates":[[7.5373997,6.4510059],[7.5386146,6.4512064]]}},{"type":"Feature","properties":{"kind":"road","id":"road-519182729-0","name":"Nza Street","osmWay":519182729,"major":false,"bridge":false},"geometry":{"type":"LineString","coordinates":[[7.5374239,6.4511606],[7.5372164,6.4513332]]}},{"type":"Feature","properties":{"kind":"road","id":"road-519182730-0","name":"Ibusa Avenue","osmWay":519182730,"major":true,"bridge":false},"geometry":{"type":"LineString","coordinates":[[7.5374239,6.4511606],[7.5372528,6.4509339],[7.5371579,6.4485705]]}},{"type":"Feature","properties":{"kind":"road","id":"road-521055663-0","name":"Ekulu Avenue","osmWay":521055663,"major":false,"bridge":true},"geometry":{"type":"LineString","coordinates":[[7.4967202,6.4690759],[7.4963396,6.4697381]]}},{"type":"Feature","properties":{"kind":"road","id":"road-521055664-0","name":"Onitsha Road","osmWay":521055664,"major":true,"bridge":true},"geometry":{"type":"LineString","coordinates":[[7.4701108,6.4672088],[7.4709046,6.4662817]]}},{"type":"Feature","properties":{"kind":"road","id":"road-521055665-0","name":"Onitsha Road","osmWay":521055665,"major":true,"bridge":false},"geometry":{"type":"LineString","coordinates":[[7.4702681,6.4672601],[7.4697715,6.4678453]]}},{"type":"Feature","properties":{"kind":"road","id":"road-521055667-0","name":"Onitsha Road","osmWay":521055667,"major":true,"bridge":false},"geometry":{"type":"LineString","coordinates":[[7.4722376,6.4646888],[7.474921,6.4616877],[7.479576,6.4580407],[7.480715,6.4567867],[7.481446,6.4553667],[7.481749,6.4540977],[7.4817246,6.4501946]]}},{"type":"Feature","properties":{"kind":"road","id":"road-521055670-0","name":"Ekulu Avenue","osmWay":521055670,"major":false,"bridge":false},"geometry":{"type":"LineString","coordinates":[[7.4963396,6.4697381],[7.4954442,6.4713329]]}},{"type":"Feature","properties":{"kind":"road","id":"road-521055671-0","name":"Onitsha Road","osmWay":521055671,"major":true,"bridge":true},"geometry":{"type":"LineString","coordinates":[[7.471044,6.4663504],[7.4702681,6.4672601]]}},{"type":"Feature","properties":{"kind":"road","id":"road-535765553-0","name":"Unnamed mapped secondary","osmWay":535765553,"major":false,"bridge":false},"geometry":{"type":"LineString","coordinates":[[7.5021847,6.4614154],[7.5023161,6.4622752]]}},{"type":"Feature","properties":{"kind":"road","id":"road-548692607-0","name":"Old Abakiliki Road","osmWay":548692607,"major":true,"bridge":true},"geometry":{"type":"LineString","coordinates":[[7.5792143,6.4760228],[7.5797553,6.4765094]]}},{"type":"Feature","properties":{"kind":"road","id":"road-548692608-0","name":"Old Abakiliki Road","osmWay":548692608,"major":true,"bridge":false},"geometry":{"type":"LineString","coordinates":[[7.5797553,6.4765094],[7.580154,6.476746],[7.5807019,6.4768553],[7.5819109,6.4766194],[7.6010666,6.4684219]]}},{"type":"Feature","properties":{"kind":"road","id":"road-548693215-0","name":"Airport Road","osmWay":548693215,"major":true,"bridge":true},"geometry":{"type":"LineString","coordinates":[[7.5529544,6.4599116],[7.5531331,6.460059]]}},{"type":"Feature","properties":{"kind":"road","id":"road-548693216-0","name":"Airport Road","osmWay":548693216,"major":true,"bridge":false},"geometry":{"type":"LineString","coordinates":[[7.5531331,6.460059],[7.560092,6.4660859],[7.563195,6.4682509],[7.5639781,6.4685226]]}},{"type":"Feature","properties":{"kind":"road","id":"road-548693217-0","name":"Airport Road","osmWay":548693217,"major":true,"bridge":true},"geometry":{"type":"LineString","coordinates":[[7.5530741,6.4600997],[7.5528993,6.4599577]]}},{"type":"Feature","properties":{"kind":"road","id":"road-548693218-0","name":"Airport Road","osmWay":548693218,"major":true,"bridge":false},"geometry":{"type":"LineString","coordinates":[[7.5638628,6.4688414],[7.5598832,6.4660029],[7.5530741,6.4600997]]}},{"type":"Feature","properties":{"kind":"road","id":"road-548694037-0","name":"Market Road","osmWay":548694037,"major":true,"bridge":true},"geometry":{"type":"LineString","coordinates":[[7.4891514,6.4360138],[7.4892337,6.4359417]]}},{"type":"Feature","properties":{"kind":"road","id":"road-548694038-0","name":"Market Road","osmWay":548694038,"major":true,"bridge":true},"geometry":{"type":"LineString","coordinates":[[7.489258,6.43601],[7.4891755,6.4360858]]}},{"type":"Feature","properties":{"kind":"road","id":"road-548694039-0","name":"Market Road","osmWay":548694039,"major":true,"bridge":false},"geometry":{"type":"LineString","coordinates":[[7.4891755,6.4360858],[7.4873389,6.4387386]]}},{"type":"Feature","properties":{"kind":"road","id":"road-548694040-0","name":"Market Road","osmWay":548694040,"major":true,"bridge":false},"geometry":{"type":"LineString","coordinates":[[7.4872341,6.438671],[7.4891514,6.4360138]]}},{"type":"Feature","properties":{"kind":"road","id":"road-548694041-0","name":"Ogui Road","osmWay":548694041,"major":true,"bridge":true},"geometry":{"type":"LineString","coordinates":[[7.5098715,6.4597685],[7.5099053,6.4599326]]}},{"type":"Feature","properties":{"kind":"road","id":"road-548694042-0","name":"Ogui Road","osmWay":548694042,"major":true,"bridge":false},"geometry":{"type":"LineString","coordinates":[[7.5099053,6.4599326],[7.5101199,6.4613231]]}},{"type":"Feature","properties":{"kind":"road","id":"road-548694043-0","name":"Ogui Road","osmWay":548694043,"major":true,"bridge":true},"geometry":{"type":"LineString","coordinates":[[7.5098244,6.4599363],[7.5097976,6.4597777]]}},{"type":"Feature","properties":{"kind":"road","id":"road-548694044-0","name":"Ogui Road","osmWay":548694044,"major":true,"bridge":false},"geometry":{"type":"LineString","coordinates":[[7.5097976,6.4597777],[7.5094045,6.4574896]]}},{"type":"Feature","properties":{"kind":"road","id":"road-548694045-0","name":"Abakaliki Road","osmWay":548694045,"major":true,"bridge":true},"geometry":{"type":"LineString","coordinates":[[7.5305197,6.4613637],[7.5309107,6.4612882]]}},{"type":"Feature","properties":{"kind":"road","id":"road-548694046-0","name":"Abakaliki Road","osmWay":548694046,"major":true,"bridge":false},"geometry":{"type":"LineString","coordinates":[[7.5216946,6.4647078],[7.5227547,6.4645931],[7.5240201,6.4642446],[7.5291699,6.461766],[7.5305197,6.4613637]]}},{"type":"Feature","properties":{"kind":"road","id":"road-548694047-0","name":"Abakaliki Road","osmWay":548694047,"major":true,"bridge":true},"geometry":{"type":"LineString","coordinates":[[7.530955,6.4614299],[7.530593,6.461492]]}},{"type":"Feature","properties":{"kind":"road","id":"road-548694048-0","name":"Abakaliki Road","osmWay":548694048,"major":true,"bridge":false},"geometry":{"type":"LineString","coordinates":[[7.530593,6.461492],[7.5292852,6.4618166],[7.5246021,6.4641],[7.5231403,6.4645824],[7.5218074,6.4647945]]}},{"type":"Feature","properties":{"kind":"road","id":"road-548694553-0","name":"Amechi Road","osmWay":548694553,"major":false,"bridge":true},"geometry":{"type":"LineString","coordinates":[[7.5310933,6.3648843],[7.5311358,6.3647964]]}},{"type":"Feature","properties":{"kind":"road","id":"road-548720486-0","name":"Enugu - Port Harcourt Expressway","osmWay":548720486,"major":true,"bridge":true},"geometry":{"type":"LineString","coordinates":[[7.5260237,6.4076155],[7.5261779,6.407895]]}},{"type":"Feature","properties":{"kind":"road","id":"road-548720487-0","name":"Enugu - Port Harcourt Expressway","osmWay":548720487,"major":true,"bridge":false},"geometry":{"type":"LineString","coordinates":[[7.4963129,6.3754811],[7.496764,6.378266],[7.497629,6.381642],[7.498421,6.383822],[7.4992435,6.3852967]]}},{"type":"Feature","properties":{"kind":"road","id":"road-548720488-0","name":"Enugu Porthacourt Road","osmWay":548720488,"major":true,"bridge":true},"geometry":{"type":"LineString","coordinates":[[7.5260692,6.4080053],[7.5259313,6.4077534]]}},{"type":"Feature","properties":{"kind":"road","id":"road-548720489-0","name":"Enugu - Port Hacourt Road","osmWay":548720489,"major":true,"bridge":false},"geometry":{"type":"LineString","coordinates":[[7.5246234,6.4055302],[7.5226133,6.4024925],[7.5204591,6.3996572],[7.5185712,6.3974267],[7.5164013,6.395313],[7.5153606,6.394504],[7.5134428,6.3934697],[7.5067056,6.3907307]]}},{"type":"Feature","properties":{"kind":"road","id":"road-548721928-0","name":"Nwoga Street","osmWay":548721928,"major":false,"bridge":true},"geometry":{"type":"LineString","coordinates":[[7.4972867,6.4304308],[7.4974458,6.4303766]]}},{"type":"Feature","properties":{"kind":"road","id":"road-581204790-0","name":"Ziks Avenue","osmWay":581204790,"major":true,"bridge":false},"geometry":{"type":"LineString","coordinates":[[7.4862882,6.4193693],[7.4864981,6.4210009],[7.4869768,6.4219851],[7.4944867,6.4287978],[7.4945225,6.4294118],[7.4936736,6.4312789],[7.4947237,6.4352379],[7.4944388,6.4361467]]}},{"type":"Feature","properties":{"kind":"road","id":"road-581204791-0","name":"Ziks Avenue","osmWay":581204791,"major":true,"bridge":false},"geometry":{"type":"LineString","coordinates":[[7.492385,6.4363313],[7.4939609,6.4367891]]}},{"type":"Feature","properties":{"kind":"road","id":"road-581238618-0","name":"Achi Street","osmWay":581238618,"major":false,"bridge":false},"geometry":{"type":"LineString","coordinates":[[7.5198179,6.4314553],[7.5198888,6.431534]]}},{"type":"Feature","properties":{"kind":"road","id":"road-581254089-0","name":"Nise Street","osmWay":581254089,"major":false,"bridge":false},"geometry":{"type":"LineString","coordinates":[[7.4924509,6.4206286],[7.4924831,6.419925]]}},{"type":"Feature","properties":{"kind":"road","id":"road-581267313-0","name":"Robison Street","osmWay":581267313,"major":false,"bridge":false},"geometry":{"type":"LineString","coordinates":[[7.4934268,6.4225712],[7.4919241,6.4212478]]}},{"type":"Feature","properties":{"kind":"road","id":"road-581444864-0","name":"Presidential Road","osmWay":581444864,"major":true,"bridge":false},"geometry":{"type":"LineString","coordinates":[[7.520094,6.436263],[7.5200095,6.436347]]}},{"type":"Feature","properties":{"kind":"road","id":"road-581444865-0","name":"Presidential Road","osmWay":581444865,"major":true,"bridge":false},"geometry":{"type":"LineString","coordinates":[[7.5199539,6.4362769],[7.520051,6.4361854]]}},{"type":"Feature","properties":{"kind":"road","id":"road-581444867-0","name":"Unnamed mapped secondary_link","osmWay":581444867,"major":false,"bridge":false},"geometry":{"type":"LineString","coordinates":[[7.5194912,6.4352289],[7.5194205,6.4352684]]}},{"type":"Feature","properties":{"kind":"road","id":"road-581444873-0","name":"Fsp Avenue","osmWay":581444873,"major":false,"bridge":false},"geometry":{"type":"LineString","coordinates":[[7.5199539,6.4362769],[7.5189589,6.4344904],[7.5177992,6.4330121]]}},{"type":"Feature","properties":{"kind":"road","id":"road-581444874-0","name":"Unnamed mapped tertiary_link","osmWay":581444874,"major":false,"bridge":false},"geometry":{"type":"LineString","coordinates":[[7.5226971,6.4335923],[7.5226388,6.4335422]]}},{"type":"Feature","properties":{"kind":"road","id":"road-581558868-0","name":"Okpara Square Road","osmWay":581558868,"major":true,"bridge":false},"geometry":{"type":"LineString","coordinates":[[7.519407,6.443814],[7.5197315,6.443876]]}},{"type":"Feature","properties":{"kind":"road","id":"road-581562401-0","name":"Abakaliki Road","osmWay":581562401,"major":true,"bridge":false},"geometry":{"type":"LineString","coordinates":[[7.5218074,6.4647945],[7.5216572,6.4648111]]}},{"type":"Feature","properties":{"kind":"road","id":"road-581925997-0","name":"Unnamed mapped secondary","osmWay":581925997,"major":false,"bridge":false},"geometry":{"type":"LineString","coordinates":[[7.5021768,6.4613227],[7.5021847,6.4614154]]}},{"type":"Feature","properties":{"kind":"road","id":"road-581925998-0","name":"Unnamed mapped secondary_link","osmWay":581925998,"major":false,"bridge":false},"geometry":{"type":"LineString","coordinates":[[7.5011637,6.4632995],[7.5014956,6.463178]]}},{"type":"Feature","properties":{"kind":"road","id":"road-581925999-0","name":"Unnamed mapped secondary_link","osmWay":581925999,"major":false,"bridge":false},"geometry":{"type":"LineString","coordinates":[[7.497118,6.4613665],[7.4970461,6.4613314]]}},{"type":"Feature","properties":{"kind":"road","id":"road-581938921-0","name":"CBN Road","osmWay":581938921,"major":false,"bridge":false},"geometry":{"type":"LineString","coordinates":[[7.4990769,6.4730455],[7.4987328,6.4725401]]}},{"type":"Feature","properties":{"kind":"road","id":"road-581938926-0","name":"Sani Abacha Avenue","osmWay":581938926,"major":false,"bridge":false},"geometry":{"type":"LineString","coordinates":[[7.4800054,6.4767814],[7.4800811,6.473445]]}},{"type":"Feature","properties":{"kind":"road","id":"road-583507191-0","name":"Unnamed mapped secondary_link","osmWay":583507191,"major":false,"bridge":false},"geometry":{"type":"LineString","coordinates":[[7.5087167,6.4560965],[7.5086565,6.4561632]]}},{"type":"Feature","properties":{"kind":"road","id":"road-583513411-0","name":"Unnamed mapped primary_link","osmWay":583513411,"major":false,"bridge":false},"geometry":{"type":"LineString","coordinates":[[7.5107572,6.457415],[7.5113305,6.4574391],[7.5115513,6.4572965]]}},{"type":"Feature","properties":{"kind":"road","id":"road-583688478-0","name":"Unnamed mapped secondary","osmWay":583688478,"major":false,"bridge":false},"geometry":{"type":"LineString","coordinates":[[7.4979573,6.4596986],[7.4980073,6.4596245]]}},{"type":"Feature","properties":{"kind":"road","id":"road-583715705-0","name":"Independence Avenue","osmWay":583715705,"major":true,"bridge":false},"geometry":{"type":"LineString","coordinates":[[7.5115419,6.4575551],[7.5114945,6.4577134]]}},{"type":"Feature","properties":{"kind":"road","id":"road-583725040-0","name":"Nwafor Orizu Avenue","osmWay":583725040,"major":false,"bridge":false},"geometry":{"type":"LineString","coordinates":[[7.5134284,6.4505212],[7.5137315,6.4505625]]}},{"type":"Feature","properties":{"kind":"road","id":"road-583725043-0","name":"Unnamed mapped tertiary","osmWay":583725043,"major":false,"bridge":false},"geometry":{"type":"LineString","coordinates":[[7.5137876,6.4507918],[7.5136621,6.45076]]}},{"type":"Feature","properties":{"kind":"road","id":"road-583725045-0","name":"Unnamed mapped tertiary","osmWay":583725045,"major":false,"bridge":false},"geometry":{"type":"LineString","coordinates":[[7.5137315,6.4505625],[7.5138565,6.4505918]]}},{"type":"Feature","properties":{"kind":"road","id":"road-583731904-0","name":"Unnamed mapped primary_link","osmWay":583731904,"major":false,"bridge":false},"geometry":{"type":"LineString","coordinates":[[7.4975939,6.4443893],[7.4978142,6.4444054]]}},{"type":"Feature","properties":{"kind":"road","id":"road-583753995-0","name":"Nkpokiti Road","osmWay":583753995,"major":false,"bridge":false},"geometry":{"type":"LineString","coordinates":[[7.5164693,6.4392275],[7.5165341,6.4393207]]}},{"type":"Feature","properties":{"kind":"road","id":"road-583753996-0","name":"Unnamed mapped primary_link","osmWay":583753996,"major":false,"bridge":false},"geometry":{"type":"LineString","coordinates":[[7.5162182,6.4389793],[7.5166349,6.4391322]]}},{"type":"Feature","properties":{"kind":"road","id":"road-583753997-0","name":"Unnamed mapped primary_link","osmWay":583753997,"major":false,"bridge":false},"geometry":{"type":"LineString","coordinates":[[7.5162547,6.4393255],[7.5163074,6.4390762]]}},{"type":"Feature","properties":{"kind":"road","id":"road-583839501-0","name":"Presidential Road","osmWay":583839501,"major":true,"bridge":false},"geometry":{"type":"LineString","coordinates":[[7.5026237,6.4411456],[7.5025063,6.4412211],[7.5024337,6.4411135],[7.5025479,6.4410362],[7.5026237,6.4411456]]}},{"type":"Feature","properties":{"kind":"road","id":"road-583839502-0","name":"Presidential Road","osmWay":583839502,"major":true,"bridge":false},"geometry":{"type":"LineString","coordinates":[[7.5010129,6.4421777],[7.5024328,6.4411371]]}},{"type":"Feature","properties":{"kind":"road","id":"road-583839503-0","name":"Presidential Road","osmWay":583839503,"major":true,"bridge":false},"geometry":{"type":"LineString","coordinates":[[7.5025063,6.4412211],[7.5010602,6.4422462]]}},{"type":"Feature","properties":{"kind":"road","id":"road-583844848-0","name":"Unnamed mapped secondary","osmWay":583844848,"major":false,"bridge":false},"geometry":{"type":"LineString","coordinates":[[7.5070565,6.4408226],[7.5070404,6.4407185]]}},{"type":"Feature","properties":{"kind":"road","id":"road-583849771-0","name":"Owerre Ezukala Street","osmWay":583849771,"major":false,"bridge":false},"geometry":{"type":"LineString","coordinates":[[7.5193778,6.4487076],[7.519459,6.4484479],[7.5193764,6.4475954]]}},{"type":"Feature","properties":{"kind":"road","id":"road-583849772-0","name":"Unnamed mapped primary_link","osmWay":583849772,"major":false,"bridge":false},"geometry":{"type":"LineString","coordinates":[[7.5198588,6.4402627],[7.519783,6.4402926]]}},{"type":"Feature","properties":{"kind":"road","id":"road-583904874-0","name":"Unnamed mapped primary_link","osmWay":583904874,"major":false,"bridge":false},"geometry":{"type":"LineString","coordinates":[[7.517915,6.4645314],[7.5178094,6.4642919]]}},{"type":"Feature","properties":{"kind":"road","id":"road-583904875-0","name":"Unnamed mapped primary_link","osmWay":583904875,"major":false,"bridge":false},"geometry":{"type":"LineString","coordinates":[[7.5183398,6.4644551],[7.5180589,6.4645701]]}},{"type":"Feature","properties":{"kind":"road","id":"road-584702976-0","name":"Unnamed mapped secondary_link","osmWay":584702976,"major":false,"bridge":false},"geometry":{"type":"LineString","coordinates":[[7.5284008,6.443411],[7.528384,6.4434912]]}},{"type":"Feature","properties":{"kind":"road","id":"road-584702978-0","name":"Unnamed mapped secondary_link","osmWay":584702978,"major":false,"bridge":false},"geometry":{"type":"LineString","coordinates":[[7.5288534,6.4435678],[7.5288557,6.443475]]}},{"type":"Feature","properties":{"kind":"road","id":"road-584702979-0","name":"Unnamed mapped secondary_link","osmWay":584702979,"major":false,"bridge":false},"geometry":{"type":"LineString","coordinates":[[7.5291712,6.4435352],[7.5291585,6.443443]]}},{"type":"Feature","properties":{"kind":"road","id":"road-584702980-0","name":"Unnamed mapped secondary_link","osmWay":584702980,"major":false,"bridge":false},"geometry":{"type":"LineString","coordinates":[[7.5302089,6.4432543],[7.5302267,6.443336]]}},{"type":"Feature","properties":{"kind":"road","id":"road-584702982-0","name":"Unnamed mapped secondary_link","osmWay":584702982,"major":false,"bridge":false},"geometry":{"type":"LineString","coordinates":[[7.5267257,6.4430422],[7.526717,6.4431261]]}},{"type":"Feature","properties":{"kind":"road","id":"road-584702984-0","name":"Unnamed mapped secondary_link","osmWay":584702984,"major":false,"bridge":false},"geometry":{"type":"LineString","coordinates":[[7.5278033,6.4433233],[7.5278177,6.4432347]]}},{"type":"Feature","properties":{"kind":"road","id":"road-584702985-0","name":"Independence Avenue","osmWay":584702985,"major":true,"bridge":false},"geometry":{"type":"LineString","coordinates":[[7.5238654,6.442824],[7.5239025,6.4429397],[7.5237783,6.4429685],[7.5237522,6.4428607],[7.5238654,6.442824]]}},{"type":"Feature","properties":{"kind":"road","id":"road-584727547-0","name":"Nwoga Street","osmWay":584727547,"major":false,"bridge":false},"geometry":{"type":"LineString","coordinates":[[7.4974458,6.4303766],[7.4989693,6.4298877]]}},{"type":"Feature","properties":{"kind":"road","id":"road-584727551-0","name":"Unnamed mapped primary_link","osmWay":584727551,"major":false,"bridge":false},"geometry":{"type":"LineString","coordinates":[[7.4965093,6.4584139],[7.4965617,6.4583314]]}},{"type":"Feature","properties":{"kind":"road","id":"road-584727552-0","name":"Unnamed mapped secondary","osmWay":584727552,"major":false,"bridge":false},"geometry":{"type":"LineString","coordinates":[[7.5044291,6.453084],[7.504389,6.4531654]]}},{"type":"Feature","properties":{"kind":"road","id":"road-584727553-0","name":"Unnamed mapped secondary","osmWay":584727553,"major":false,"bridge":false},"geometry":{"type":"LineString","coordinates":[[7.5042972,6.4531109],[7.504345,6.4530333]]}},{"type":"Feature","properties":{"kind":"road","id":"road-584731910-0","name":"Onitsha Link Road","osmWay":584731910,"major":false,"bridge":false},"geometry":{"type":"LineString","coordinates":[[7.4847818,6.4541092],[7.4845699,6.4537001]]}},{"type":"Feature","properties":{"kind":"road","id":"road-584875840-0","name":"Nwoga Street","osmWay":584875840,"major":false,"bridge":false},"geometry":{"type":"LineString","coordinates":[[7.4943076,6.4296634],[7.4964618,6.4303945],[7.4969174,6.4304977],[7.4972867,6.4304308]]}},{"type":"Feature","properties":{"kind":"road","id":"road-584882581-0","name":"Amaigbo Lane","osmWay":584882581,"major":false,"bridge":false},"geometry":{"type":"LineString","coordinates":[[7.4927404,6.4272299],[7.4927906,6.4271818]]}},{"type":"Feature","properties":{"kind":"road","id":"road-584889642-0","name":"Unnamed mapped secondary","osmWay":584889642,"major":false,"bridge":false},"geometry":{"type":"LineString","coordinates":[[7.4920059,6.4172284],[7.4920357,6.4172974]]}},{"type":"Feature","properties":{"kind":"road","id":"road-584938896-0","name":"Unnamed mapped tertiary_link","osmWay":584938896,"major":false,"bridge":false},"geometry":{"type":"LineString","coordinates":[[7.5053468,6.4403596],[7.5053439,6.4404448]]}},{"type":"Feature","properties":{"kind":"road","id":"road-584938897-0","name":"Nkpokiti Road","osmWay":584938897,"major":false,"bridge":false},"geometry":{"type":"LineString","coordinates":[[7.5058253,6.4380008],[7.5061653,6.4379321]]}},{"type":"Feature","properties":{"kind":"road","id":"road-584938898-0","name":"Unnamed mapped secondary","osmWay":584938898,"major":false,"bridge":false},"geometry":{"type":"LineString","coordinates":[[7.5059306,6.4381147],[7.5059976,6.4381807]]}},{"type":"Feature","properties":{"kind":"road","id":"road-584938899-0","name":"Unnamed mapped secondary","osmWay":584938899,"major":false,"bridge":false},"geometry":{"type":"LineString","coordinates":[[7.5058253,6.4380008],[7.5059306,6.4381147]]}},{"type":"Feature","properties":{"kind":"road","id":"road-584938900-0","name":"Unnamed mapped secondary","osmWay":584938900,"major":false,"bridge":false},"geometry":{"type":"LineString","coordinates":[[7.5056684,6.4383246],[7.506347,6.4378102]]}},{"type":"Feature","properties":{"kind":"road","id":"road-584938901-0","name":"Nkpokiti Road","osmWay":584938901,"major":false,"bridge":false},"geometry":{"type":"LineString","coordinates":[[7.5050555,6.4376537],[7.5058253,6.4380008]]}},{"type":"Feature","properties":{"kind":"road","id":"road-584944417-0","name":"Unnamed mapped secondary_link","osmWay":584944417,"major":false,"bridge":false},"geometry":{"type":"LineString","coordinates":[[7.4970947,6.4268078],[7.4969957,6.4268497]]}},{"type":"Feature","properties":{"kind":"road","id":"road-585116304-0","name":"Unnamed mapped secondary","osmWay":585116304,"major":false,"bridge":false},"geometry":{"type":"LineString","coordinates":[[7.5597657,6.4657973],[7.5597256,6.4658663]]}},{"type":"Feature","properties":{"kind":"road","id":"road-585116307-0","name":"Unnamed mapped trunk_link","osmWay":585116307,"major":false,"bridge":false},"geometry":{"type":"LineString","coordinates":[[7.5286355,6.4621184],[7.5286099,6.4624503]]}},{"type":"Feature","properties":{"kind":"road","id":"road-585116308-0","name":"Unnamed mapped trunk_link","osmWay":585116308,"major":false,"bridge":false},"geometry":{"type":"LineString","coordinates":[[7.5285263,6.4623778],[7.5282083,6.462329]]}},{"type":"Feature","properties":{"kind":"road","id":"road-585116309-0","name":"Old Abakaliki Road","osmWay":585116309,"major":false,"bridge":false},"geometry":{"type":"LineString","coordinates":[[7.5284218,6.4622218],[7.5283592,6.4621685]]}},{"type":"Feature","properties":{"kind":"road","id":"road-585177793-0","name":"Unnamed mapped tertiary","osmWay":585177793,"major":false,"bridge":false},"geometry":{"type":"LineString","coordinates":[[7.5197084,6.4752309],[7.5193477,6.4753948],[7.5188823,6.4753841],[7.517632,6.4747312]]}},{"type":"Feature","properties":{"kind":"road","id":"road-585177794-0","name":"Unnamed mapped tertiary","osmWay":585177794,"major":false,"bridge":false},"geometry":{"type":"LineString","coordinates":[[7.5204313,6.4749177],[7.5197084,6.4752309]]}},{"type":"Feature","properties":{"kind":"road","id":"road-585191396-0","name":"Unnamed mapped primary_link","osmWay":585191396,"major":false,"bridge":false},"geometry":{"type":"LineString","coordinates":[[7.5598832,6.4660029],[7.5599292,6.4659383]]}},{"type":"Feature","properties":{"kind":"road","id":"road-585484128-0","name":"Vosan Drive","osmWay":585484128,"major":false,"bridge":false},"geometry":{"type":"LineString","coordinates":[[7.5299868,6.4410569],[7.5320388,6.4398113],[7.5338723,6.4395144]]}},{"type":"Feature","properties":{"kind":"road","id":"road-585726683-0","name":"Unnamed mapped tertiary","osmWay":585726683,"major":false,"bridge":false},"geometry":{"type":"LineString","coordinates":[[7.5011274,6.4492961],[7.501188,6.4492453]]}},{"type":"Feature","properties":{"kind":"road","id":"road-586377192-0","name":"Centenary Main Road","osmWay":586377192,"major":false,"bridge":false},"geometry":{"type":"LineString","coordinates":[[7.5331817,6.3915645],[7.5322015,6.3921064],[7.5304848,6.3934315]]}},{"type":"Feature","properties":{"kind":"road","id":"road-586377194-0","name":"Centenary Main Road","osmWay":586377194,"major":false,"bridge":false},"geometry":{"type":"LineString","coordinates":[[7.5410657,6.3889292],[7.5393472,6.3897852],[7.5346246,6.3909811]]}},{"type":"Feature","properties":{"kind":"road","id":"road-586377195-0","name":"Centenary Main Road","osmWay":586377195,"major":false,"bridge":false},"geometry":{"type":"LineString","coordinates":[[7.5302222,6.3937375],[7.5263858,6.3978319],[7.5227152,6.4023825]]}},{"type":"Feature","properties":{"kind":"road","id":"road-586377196-0","name":"Centenary Main Road","osmWay":586377196,"major":false,"bridge":false},"geometry":{"type":"LineString","coordinates":[[7.5341765,6.3902617],[7.5345637,6.3906832],[7.5345246,6.3913856],[7.5340466,6.3917781],[7.5334283,6.3917311],[7.5330341,6.3913229],[7.5330317,6.3906754],[7.5334232,6.3902578],[7.5338003,6.3901697],[7.5341765,6.3902617]]}},{"type":"Feature","properties":{"kind":"road","id":"road-586377197-0","name":"Centenary Main Road","osmWay":586377197,"major":false,"bridge":false},"geometry":{"type":"LineString","coordinates":[[7.5346154,6.3908701],[7.5392403,6.3896897],[7.5409892,6.388841]]}},{"type":"Feature","properties":{"kind":"road","id":"road-586377198-0","name":"Centenary Main Road","osmWay":586377198,"major":false,"bridge":false},"geometry":{"type":"LineString","coordinates":[[7.5412956,6.3886432],[7.5425372,6.3877001],[7.543559,6.38673],[7.5454708,6.3841152]]}},{"type":"Feature","properties":{"kind":"road","id":"road-586662640-0","name":"Works Road","osmWay":586662640,"major":false,"bridge":false},"geometry":{"type":"LineString","coordinates":[[7.481696,6.450061],[7.481546,6.4497772]]}},{"type":"Feature","properties":{"kind":"road","id":"road-586662641-0","name":"Works Road","osmWay":586662641,"major":false,"bridge":false},"geometry":{"type":"LineString","coordinates":[[7.481546,6.4497772],[7.4817733,6.4499831]]}},{"type":"Feature","properties":{"kind":"road","id":"road-586983854-0","name":"Unnamed mapped primary_link","osmWay":586983854,"major":false,"bridge":false},"geometry":{"type":"LineString","coordinates":[[7.4798234,6.4238072],[7.479718,6.4237279]]}},{"type":"Feature","properties":{"kind":"road","id":"road-587261735-0","name":"Unnamed mapped tertiary","osmWay":587261735,"major":false,"bridge":false},"geometry":{"type":"LineString","coordinates":[[7.492726,6.4170271],[7.492801,6.4170999]]}},{"type":"Feature","properties":{"kind":"road","id":"road-587261737-0","name":"Unnamed mapped secondary","osmWay":587261737,"major":false,"bridge":false},"geometry":{"type":"LineString","coordinates":[[7.49559,6.4071104],[7.4956339,6.4070574]]}},{"type":"Feature","properties":{"kind":"road","id":"road-588390371-0","name":"Ebony Paint Road","osmWay":588390371,"major":false,"bridge":false},"geometry":{"type":"LineString","coordinates":[[7.4942661,6.3907735],[7.4943599,6.3907665]]}},{"type":"Feature","properties":{"kind":"road","id":"road-588390375-0","name":"Amagu Ugwu Road","osmWay":588390375,"major":false,"bridge":false},"geometry":{"type":"LineString","coordinates":[[7.4993878,6.3854073],[7.4989951,6.3853665]]}},{"type":"Feature","properties":{"kind":"road","id":"road-588390376-0","name":"Amagu Ugwu Road","osmWay":588390376,"major":false,"bridge":false},"geometry":{"type":"LineString","coordinates":[[7.5020041,6.3857703],[7.4993878,6.3854073]]}},{"type":"Feature","properties":{"kind":"road","id":"road-590824949-0","name":"Unnamed mapped primary_link","osmWay":590824949,"major":false,"bridge":false},"geometry":{"type":"LineString","coordinates":[[7.4934269,6.4517882],[7.4935042,6.4517433]]}},{"type":"Feature","properties":{"kind":"road","id":"road-590981308-0","name":"Unnamed mapped secondary","osmWay":590981308,"major":false,"bridge":false},"geometry":{"type":"LineString","coordinates":[[7.4801898,6.460686],[7.4802548,6.46062]]}},{"type":"Feature","properties":{"kind":"road","id":"road-590981309-0","name":"S.G. Ugwuanyi Close","osmWay":590981309,"major":false,"bridge":false},"geometry":{"type":"LineString","coordinates":[[7.4804047,6.4600756],[7.4802548,6.46062]]}},{"type":"Feature","properties":{"kind":"road","id":"road-592055647-0","name":"Unnamed mapped primary_link","osmWay":592055647,"major":false,"bridge":false},"geometry":{"type":"LineString","coordinates":[[7.4929541,6.4505541],[7.492883,6.4506006]]}},{"type":"Feature","properties":{"kind":"road","id":"road-592793677-0","name":"Unnamed mapped tertiary","osmWay":592793677,"major":false,"bridge":false},"geometry":{"type":"LineString","coordinates":[[7.5177222,6.5127434],[7.5163208,6.5131778]]}},{"type":"Feature","properties":{"kind":"road","id":"road-593741458-0","name":"Rehabilitation Road","osmWay":593741458,"major":false,"bridge":false},"geometry":{"type":"LineString","coordinates":[[7.5781241,6.4908913],[7.578743,6.492485],[7.5785312,6.4943051]]}},{"type":"Feature","properties":{"kind":"road","id":"road-593741459-0","name":"Rehabilitation Road","osmWay":593741459,"major":false,"bridge":false},"geometry":{"type":"LineString","coordinates":[[7.5785312,6.4943051],[7.5773783,6.4961067],[7.5751545,6.4980881]]}},{"type":"Feature","properties":{"kind":"road","id":"road-593789084-0","name":"Abakaliki Road","osmWay":593789084,"major":true,"bridge":false},"geometry":{"type":"LineString","coordinates":[[7.5393502,6.4596678],[7.540132,6.4594207],[7.5414481,6.4595399],[7.5422053,6.4598046]]}},{"type":"Feature","properties":{"kind":"road","id":"road-593789085-0","name":"Abakaliki Road","osmWay":593789085,"major":true,"bridge":false},"geometry":{"type":"LineString","coordinates":[[7.5342574,6.4612103],[7.5374788,6.461155],[7.538082,6.4610177]]}},{"type":"Feature","properties":{"kind":"road","id":"road-593789086-0","name":"Enweani Street","osmWay":593789086,"major":false,"bridge":false},"geometry":{"type":"LineString","coordinates":[[7.5366668,6.4614129],[7.5364964,6.4615614],[7.5358315,6.4615733]]}},{"type":"Feature","properties":{"kind":"road","id":"road-593819160-0","name":"Airport Road","osmWay":593819160,"major":true,"bridge":false},"geometry":{"type":"LineString","coordinates":[[7.5523361,6.4593394],[7.5529544,6.4599116]]}},{"type":"Feature","properties":{"kind":"road","id":"road-593819164-0","name":"Airport Road","osmWay":593819164,"major":true,"bridge":false},"geometry":{"type":"LineString","coordinates":[[7.5518908,6.458788],[7.5520751,6.4590962]]}},{"type":"Feature","properties":{"kind":"road","id":"road-593819169-0","name":"Airport Road","osmWay":593819169,"major":true,"bridge":true},"geometry":{"type":"LineString","coordinates":[[7.5520751,6.4590962],[7.5523361,6.4593394]]}},{"type":"Feature","properties":{"kind":"road","id":"road-593819174-0","name":"Airport Road","osmWay":593819174,"major":true,"bridge":true},"geometry":{"type":"LineString","coordinates":[[7.5522439,6.4593818],[7.5519755,6.4591602]]}},{"type":"Feature","properties":{"kind":"road","id":"road-593819177-0","name":"Airport Road","osmWay":593819177,"major":true,"bridge":false},"geometry":{"type":"LineString","coordinates":[[7.5519755,6.4591602],[7.5516056,6.4588621]]}},{"type":"Feature","properties":{"kind":"road","id":"road-593853417-0","name":"Unnamed mapped secondary","osmWay":593853417,"major":false,"bridge":false},"geometry":{"type":"LineString","coordinates":[[7.534061,6.4608868],[7.5340909,6.4615653]]}},{"type":"Feature","properties":{"kind":"road","id":"road-593853418-0","name":"Abakaliki Road","osmWay":593853418,"major":true,"bridge":true},"geometry":{"type":"LineString","coordinates":[[7.5338584,6.4612083],[7.5342574,6.4612103]]}},{"type":"Feature","properties":{"kind":"road","id":"road-593853419-0","name":"Abakaliki Road","osmWay":593853419,"major":true,"bridge":false},"geometry":{"type":"LineString","coordinates":[[7.5309107,6.4612882],[7.5338584,6.4612083]]}},{"type":"Feature","properties":{"kind":"road","id":"road-593853420-0","name":"Abakaliki Road","osmWay":593853420,"major":true,"bridge":true},"geometry":{"type":"LineString","coordinates":[[7.5342402,6.4613182],[7.5338531,6.4613252]]}},{"type":"Feature","properties":{"kind":"road","id":"road-593853421-0","name":"Abakaliki Road","osmWay":593853421,"major":true,"bridge":false},"geometry":{"type":"LineString","coordinates":[[7.5338531,6.4613252],[7.530955,6.4614299]]}},{"type":"Feature","properties":{"kind":"road","id":"road-594236905-0","name":"Unnamed mapped primary","osmWay":594236905,"major":true,"bridge":false},"geometry":{"type":"LineString","coordinates":[[7.5058907,6.4754343],[7.505721,6.4755607]]}},{"type":"Feature","properties":{"kind":"road","id":"road-594236909-0","name":"Unnamed mapped primary","osmWay":594236909,"major":true,"bridge":false},"geometry":{"type":"LineString","coordinates":[[7.5056098,6.4755129],[7.5057269,6.4753591]]}},{"type":"Feature","properties":{"kind":"road","id":"road-594236912-0","name":"Unnamed mapped trunk_link","osmWay":594236912,"major":false,"bridge":false},"geometry":{"type":"LineString","coordinates":[[7.5055202,6.4756744],[7.5053852,6.4754064]]}},{"type":"Feature","properties":{"kind":"road","id":"road-594236915-0","name":"Unnamed mapped trunk_link","osmWay":594236915,"major":false,"bridge":false},"geometry":{"type":"LineString","coordinates":[[7.5059117,6.4756536],[7.5055818,6.4756952]]}},{"type":"Feature","properties":{"kind":"road","id":"road-594236919-0","name":"Nike Lake Road","osmWay":594236919,"major":true,"bridge":false},"geometry":{"type":"LineString","coordinates":[[7.505721,6.4755607],[7.5055113,6.4757904]]}},{"type":"Feature","properties":{"kind":"road","id":"road-594236922-0","name":"Nike Lake Road","osmWay":594236922,"major":true,"bridge":false},"geometry":{"type":"LineString","coordinates":[[7.5054543,6.4757704],[7.5056098,6.4755129]]}},{"type":"Feature","properties":{"kind":"road","id":"road-594254077-0","name":"Unnamed mapped secondary","osmWay":594254077,"major":false,"bridge":false},"geometry":{"type":"LineString","coordinates":[[7.4954267,6.4714247],[7.4953188,6.4714971]]}},{"type":"Feature","properties":{"kind":"road","id":"road-594254078-0","name":"Unnamed mapped secondary","osmWay":594254078,"major":false,"bridge":false},"geometry":{"type":"LineString","coordinates":[[7.4953188,6.4714971],[7.495354,6.4713883]]}},{"type":"Feature","properties":{"kind":"road","id":"road-594254079-0","name":"Unnamed mapped tertiary","osmWay":594254079,"major":false,"bridge":false},"geometry":{"type":"LineString","coordinates":[[7.4934372,6.4278748],[7.4934966,6.4278182]]}},{"type":"Feature","properties":{"kind":"road","id":"road-594306927-0","name":"Unnamed mapped primary_link","osmWay":594306927,"major":false,"bridge":false},"geometry":{"type":"LineString","coordinates":[[7.4879913,6.4395859],[7.4879231,6.4396433]]}},{"type":"Feature","properties":{"kind":"road","id":"road-594306928-0","name":"Unnamed mapped primary_link","osmWay":594306928,"major":false,"bridge":false},"geometry":{"type":"LineString","coordinates":[[7.4895397,6.4419874],[7.4896199,6.4419256]]}},{"type":"Feature","properties":{"kind":"road","id":"road-594306931-0","name":"Unnamed mapped secondary_link","osmWay":594306931,"major":false,"bridge":false},"geometry":{"type":"LineString","coordinates":[[7.5071256,6.4549305],[7.5071711,6.4548653]]}},{"type":"Feature","properties":{"kind":"road","id":"road-594306933-0","name":"Unnamed mapped primary_link","osmWay":594306933,"major":false,"bridge":false},"geometry":{"type":"LineString","coordinates":[[7.5011353,6.46123],[7.5011194,6.4613121]]}},{"type":"Feature","properties":{"kind":"road","id":"road-594306934-0","name":"Unnamed mapped primary_link","osmWay":594306934,"major":false,"bridge":false},"geometry":{"type":"LineString","coordinates":[[7.5032822,6.4612977],[7.5032859,6.4613969]]}},{"type":"Feature","properties":{"kind":"road","id":"road-594306937-0","name":"Unnamed mapped primary_link","osmWay":594306937,"major":false,"bridge":false},"geometry":{"type":"LineString","coordinates":[[7.508999,6.4613149],[7.508994,6.461217]]}},{"type":"Feature","properties":{"kind":"road","id":"road-594306938-0","name":"Unnamed mapped primary_link","osmWay":594306938,"major":false,"bridge":false},"geometry":{"type":"LineString","coordinates":[[7.4950968,6.456264],[7.4951748,6.4562407]]}},{"type":"Feature","properties":{"kind":"road","id":"road-594624024-0","name":"Unnamed mapped primary_link","osmWay":594624024,"major":false,"bridge":false},"geometry":{"type":"LineString","coordinates":[[7.4956416,6.4576263],[7.4954264,6.4576323]]}},{"type":"Feature","properties":{"kind":"road","id":"road-594625999-0","name":"Unnamed mapped tertiary","osmWay":594625999,"major":false,"bridge":false},"geometry":{"type":"LineString","coordinates":[[7.5050756,6.5173257],[7.502499,6.5142458]]}},{"type":"Feature","properties":{"kind":"road","id":"road-594633255-0","name":"Park Avenue","osmWay":594633255,"major":false,"bridge":false},"geometry":{"type":"LineString","coordinates":[[7.4950902,6.4610658],[7.4966048,6.4615479]]}},{"type":"Feature","properties":{"kind":"road","id":"road-594658255-0","name":"Unnamed mapped tertiary_link","osmWay":594658255,"major":false,"bridge":false},"geometry":{"type":"LineString","coordinates":[[7.5211283,6.435111],[7.5211809,6.435161]]}},{"type":"Feature","properties":{"kind":"road","id":"road-594658257-0","name":"Unnamed mapped tertiary_link","osmWay":594658257,"major":false,"bridge":false},"geometry":{"type":"LineString","coordinates":[[7.5206473,6.435587],[7.5207071,6.4356415]]}},{"type":"Feature","properties":{"kind":"road","id":"road-594676359-0","name":"Ihiala Avenue","osmWay":594676359,"major":false,"bridge":false},"geometry":{"type":"LineString","coordinates":[[7.5348754,6.4580836],[7.5347817,6.4583167]]}},{"type":"Feature","properties":{"kind":"road","id":"road-594676360-0","name":"Unnamed mapped secondary","osmWay":594676360,"major":false,"bridge":false},"geometry":{"type":"LineString","coordinates":[[7.5348431,6.4580906],[7.534763,6.4580187],[7.5348453,6.4579317],[7.534922,6.4580018],[7.5348431,6.4580906]]}},{"type":"Feature","properties":{"kind":"road","id":"road-594676361-0","name":"Chime Avenue","osmWay":594676361,"major":false,"bridge":false},"geometry":{"type":"LineString","coordinates":[[7.5347817,6.4583167],[7.5347837,6.4580649]]}},{"type":"Feature","properties":{"kind":"road","id":"road-594676362-0","name":"Unnamed mapped primary","osmWay":594676362,"major":true,"bridge":false},"geometry":{"type":"LineString","coordinates":[[7.520931,6.4432676],[7.5210263,6.4429321]]}},{"type":"Feature","properties":{"kind":"road","id":"road-595090074-0","name":"Unnamed mapped secondary_link","osmWay":595090074,"major":false,"bridge":false},"geometry":{"type":"LineString","coordinates":[[7.5081895,6.4557732],[7.5082528,6.4557092]]}},{"type":"Feature","properties":{"kind":"road","id":"road-595127915-0","name":"Unnamed mapped secondary_link","osmWay":595127915,"major":false,"bridge":false},"geometry":{"type":"LineString","coordinates":[[7.5359761,6.4475658],[7.5360351,6.4475053]]}},{"type":"Feature","properties":{"kind":"road","id":"road-595127917-0","name":"Ihiala Avenue","osmWay":595127917,"major":false,"bridge":false},"geometry":{"type":"LineString","coordinates":[[7.5363771,6.4609747],[7.5367879,6.46116]]}},{"type":"Feature","properties":{"kind":"road","id":"road-595127918-0","name":"Ihiala Avenue","osmWay":595127918,"major":false,"bridge":false},"geometry":{"type":"LineString","coordinates":[[7.5365165,6.4611683],[7.5363771,6.4609747]]}},{"type":"Feature","properties":{"kind":"road","id":"road-595173566-0","name":"Unnamed mapped tertiary_link","osmWay":595173566,"major":false,"bridge":false},"geometry":{"type":"LineString","coordinates":[[7.5083258,6.4410959],[7.5083372,6.4410104]]}},{"type":"Feature","properties":{"kind":"road","id":"road-595173569-0","name":"Unnamed mapped primary_link","osmWay":595173569,"major":false,"bridge":false},"geometry":{"type":"LineString","coordinates":[[7.5020884,6.4414274],[7.5021372,6.4414923]]}},{"type":"Feature","properties":{"kind":"road","id":"road-595173570-0","name":"Unnamed mapped primary_link","osmWay":595173570,"major":false,"bridge":false},"geometry":{"type":"LineString","coordinates":[[7.501017,6.4421749],[7.5010643,6.4422434]]}},{"type":"Feature","properties":{"kind":"road","id":"road-595173571-0","name":"Unnamed mapped tertiary_link","osmWay":595173571,"major":false,"bridge":false},"geometry":{"type":"LineString","coordinates":[[7.5144479,6.4400704],[7.5144849,6.4401378]]}},{"type":"Feature","properties":{"kind":"road","id":"road-595192536-0","name":"Unnamed mapped trunk_link","osmWay":595192536,"major":false,"bridge":false},"geometry":{"type":"LineString","coordinates":[[7.4844068,6.4708088],[7.4844306,6.4706056]]}},{"type":"Feature","properties":{"kind":"road","id":"road-595530508-0","name":"Unnamed mapped secondary","osmWay":595530508,"major":false,"bridge":false},"geometry":{"type":"LineString","coordinates":[[7.5088053,6.3925501],[7.5085693,6.3926461]]}},{"type":"Feature","properties":{"kind":"road","id":"road-595530509-0","name":"Unnamed mapped secondary","osmWay":595530509,"major":false,"bridge":false},"geometry":{"type":"LineString","coordinates":[[7.5085693,6.3926461],[7.5087091,6.3924377]]}},{"type":"Feature","properties":{"kind":"road","id":"road-595579938-0","name":"Independence Avenue","osmWay":595579938,"major":true,"bridge":false},"geometry":{"type":"LineString","coordinates":[[7.5213791,6.4432157],[7.5237475,6.4428713]]}},{"type":"Feature","properties":{"kind":"road","id":"road-595579939-0","name":"Independence Avenue","osmWay":595579939,"major":true,"bridge":false},"geometry":{"type":"LineString","coordinates":[[7.5237783,6.4429685],[7.5219246,6.4432434],[7.5213899,6.443465]]}},{"type":"Feature","properties":{"kind":"road","id":"road-595579940-0","name":"Unnamed mapped primary_link","osmWay":595579940,"major":false,"bridge":false},"geometry":{"type":"LineString","coordinates":[[7.5188682,6.4374036],[7.5189896,6.4375077]]}},{"type":"Feature","properties":{"kind":"road","id":"road-595584929-0","name":"Unnamed mapped secondary_link","osmWay":595584929,"major":false,"bridge":false},"geometry":{"type":"LineString","coordinates":[[7.5191601,6.4348488],[7.5192303,6.4347849]]}},{"type":"Feature","properties":{"kind":"road","id":"road-596469098-0","name":"Unnamed mapped secondary","osmWay":596469098,"major":false,"bridge":false},"geometry":{"type":"LineString","coordinates":[[7.4798189,6.461737],[7.4798986,6.4617654]]}},{"type":"Feature","properties":{"kind":"road","id":"road-596469099-0","name":"Unnamed mapped secondary","osmWay":596469099,"major":false,"bridge":false},"geometry":{"type":"LineString","coordinates":[[7.4798435,6.4619165],[7.4797641,6.4618861]]}},{"type":"Feature","properties":{"kind":"road","id":"road-596469100-0","name":"Unnamed mapped secondary_link","osmWay":596469100,"major":false,"bridge":false},"geometry":{"type":"LineString","coordinates":[[7.478918,6.46423],[7.4789982,6.4642554]]}},{"type":"Feature","properties":{"kind":"road","id":"road-596501234-0","name":"Unnamed mapped primary_link","osmWay":596501234,"major":false,"bridge":false},"geometry":{"type":"LineString","coordinates":[[7.4817993,6.453678],[7.4819534,6.4536931]]}},{"type":"Feature","properties":{"kind":"road","id":"road-596584088-0","name":"Unnamed mapped trunk_link","osmWay":596584088,"major":false,"bridge":false},"geometry":{"type":"LineString","coordinates":[[7.5391048,6.4354101],[7.5392735,6.4353918]]}},{"type":"Feature","properties":{"kind":"road","id":"road-596616850-0","name":"Kenyatta Street","osmWay":596616850,"major":false,"bridge":false},"geometry":{"type":"LineString","coordinates":[[7.4969543,6.423921],[7.4992377,6.4213631]]}},{"type":"Feature","properties":{"kind":"road","id":"road-596935911-0","name":"Unnamed mapped trunk_link","osmWay":596935911,"major":false,"bridge":false},"geometry":{"type":"LineString","coordinates":[[7.5390454,6.4329087],[7.5388729,6.4329211]]}},{"type":"Feature","properties":{"kind":"road","id":"road-596997610-0","name":"Unnamed mapped tertiary","osmWay":596997610,"major":false,"bridge":false},"geometry":{"type":"LineString","coordinates":[[7.529319,6.3945193],[7.52945,6.3946154]]}},{"type":"Feature","properties":{"kind":"road","id":"road-597313611-0","name":"Unnamed mapped primary_link","osmWay":597313611,"major":false,"bridge":false},"geometry":{"type":"LineString","coordinates":[[7.4857389,6.438154],[7.4857424,6.4382166]]}},{"type":"Feature","properties":{"kind":"road","id":"road-597378565-0","name":"Ngwu-Afor Street","osmWay":597378565,"major":false,"bridge":false},"geometry":{"type":"LineString","coordinates":[[7.5751336,6.406269],[7.574999,6.406299]]}},{"type":"Feature","properties":{"kind":"road","id":"road-598892747-0","name":"Abakaliki Road","osmWay":598892747,"major":true,"bridge":false},"geometry":{"type":"LineString","coordinates":[[7.5857704,6.4629577],[7.5869271,6.4633847]]}},{"type":"Feature","properties":{"kind":"road","id":"road-598892751-0","name":"Abakaliki Road","osmWay":598892751,"major":true,"bridge":true},"geometry":{"type":"LineString","coordinates":[[7.5853128,6.4628192],[7.5857704,6.4629577]]}},{"type":"Feature","properties":{"kind":"road","id":"road-598941989-0","name":"Enugu Onitsha Road Interlink","osmWay":598941989,"major":false,"bridge":false},"geometry":{"type":"LineString","coordinates":[[7.5172158,6.4745446],[7.517632,6.4747312]]}},{"type":"Feature","properties":{"kind":"road","id":"road-599317648-0","name":"Ezillo Street","osmWay":599317648,"major":true,"bridge":true},"geometry":{"type":"LineString","coordinates":[[7.5399114,6.4513697],[7.5393596,6.4513308]]}},{"type":"Feature","properties":{"kind":"road","id":"road-599365437-0","name":"Unnamed mapped tertiary","osmWay":599365437,"major":false,"bridge":false},"geometry":{"type":"LineString","coordinates":[[7.5373177,6.45109],[7.5373997,6.4510059]]}},{"type":"Feature","properties":{"kind":"road","id":"road-599365440-0","name":"Unnamed mapped tertiary","osmWay":599365440,"major":false,"bridge":false},"geometry":{"type":"LineString","coordinates":[[7.5374846,6.4510811],[7.5374239,6.4511606]]}},{"type":"Feature","properties":{"kind":"road","id":"road-599365442-0","name":"Unnamed mapped tertiary","osmWay":599365442,"major":false,"bridge":false},"geometry":{"type":"LineString","coordinates":[[7.5372164,6.4513332],[7.5373177,6.45109]]}},{"type":"Feature","properties":{"kind":"road","id":"road-599376013-0","name":"Enugu - Port Harcourt Expressway","osmWay":599376013,"major":true,"bridge":true},"geometry":{"type":"LineString","coordinates":[[7.5401156,6.4547527],[7.5401608,6.4551214]]}},{"type":"Feature","properties":{"kind":"road","id":"road-599376014-0","name":"Enugu - Port Harcourt Expressway","osmWay":599376014,"major":true,"bridge":false},"geometry":{"type":"LineString","coordinates":[[7.5401608,6.4551214],[7.540639,6.458062],[7.5411567,6.4589549],[7.5422053,6.4598046]]}},{"type":"Feature","properties":{"kind":"road","id":"road-599376015-0","name":"Enugu Porthacourt Road","osmWay":599376015,"major":true,"bridge":true},"geometry":{"type":"LineString","coordinates":[[7.5399852,6.4551415],[7.5399413,6.4547821]]}},{"type":"Feature","properties":{"kind":"road","id":"road-599376016-0","name":"Enugu Porthacourt Road","osmWay":599376016,"major":true,"bridge":false},"geometry":{"type":"LineString","coordinates":[[7.5393502,6.4596678],[7.5399967,6.4589815],[7.5402407,6.4581087],[7.5399852,6.4551415]]}},{"type":"Feature","properties":{"kind":"road","id":"road-599436588-0","name":"Unnamed mapped secondary_link","osmWay":599436588,"major":false,"bridge":false},"geometry":{"type":"LineString","coordinates":[[7.5370067,6.450914],[7.5372511,6.4507877]]}},{"type":"Feature","properties":{"kind":"road","id":"road-599436589-0","name":"Unnamed mapped tertiary","osmWay":599436589,"major":false,"bridge":false},"geometry":{"type":"LineString","coordinates":[[7.5373802,6.450968],[7.5372699,6.4510116]]}},{"type":"Feature","properties":{"kind":"road","id":"road-604847661-0","name":"Enugu Onitsha Road Interlink","osmWay":604847661,"major":false,"bridge":false},"geometry":{"type":"LineString","coordinates":[[7.5175087,6.4747163],[7.5172158,6.4745446]]}},{"type":"Feature","properties":{"kind":"road","id":"road-605498546-0","name":"Unnamed mapped primary_link","osmWay":605498546,"major":false,"bridge":false},"geometry":{"type":"LineString","coordinates":[[7.4832357,6.4458893],[7.483539,6.4459911]]}},{"type":"Feature","properties":{"kind":"road","id":"road-605498548-0","name":"Kingsway Road","osmWay":605498548,"major":true,"bridge":false},"geometry":{"type":"LineString","coordinates":[[7.4816526,6.4382354],[7.4816068,6.4383991]]}},{"type":"Feature","properties":{"kind":"road","id":"road-605498550-0","name":"Kingsway Road","osmWay":605498550,"major":true,"bridge":false},"geometry":{"type":"LineString","coordinates":[[7.4816068,6.4383991],[7.4815643,6.4381881]]}},{"type":"Feature","properties":{"kind":"road","id":"road-606922647-0","name":"Abakpa Nike Road","osmWay":606922647,"major":true,"bridge":false},"geometry":{"type":"LineString","coordinates":[[7.553342,6.5938964],[7.5533771,6.5939621]]}},{"type":"Feature","properties":{"kind":"road","id":"road-614514286-0","name":"Unnamed mapped trunk_link","osmWay":614514286,"major":false,"bridge":false},"geometry":{"type":"LineString","coordinates":[[7.4284962,6.4520062],[7.4285345,6.4520083]]}},{"type":"Feature","properties":{"kind":"road","id":"road-631125938-0","name":"Ogbete Main Market Road","osmWay":631125938,"major":false,"bridge":false},"geometry":{"type":"LineString","coordinates":[[7.4811664,6.4374434],[7.4821723,6.4368633],[7.4829563,6.4366342],[7.4833149,6.4366021],[7.484805,6.436934]]}},{"type":"Feature","properties":{"kind":"road","id":"road-635029571-0","name":"Enugu - Port Harcourt Expressway","osmWay":635029571,"major":true,"bridge":false},"geometry":{"type":"LineString","coordinates":[[7.5422053,6.4598046],[7.5424036,6.4600629]]}},{"type":"Feature","properties":{"kind":"road","id":"road-635029572-0","name":"Enugu Porthacourt Road","osmWay":635029572,"major":true,"bridge":false},"geometry":{"type":"LineString","coordinates":[[7.5390391,6.4599916],[7.5393502,6.4596678]]}},{"type":"Feature","properties":{"kind":"road","id":"road-760006797-0","name":"Unnamed mapped tertiary","osmWay":760006797,"major":false,"bridge":false},"geometry":{"type":"LineString","coordinates":[[7.5645323,6.4707458],[7.5647335,6.4708684],[7.5687999,6.471521],[7.568992,6.4717081],[7.5689063,6.4721373],[7.5687756,6.4721993],[7.5682348,6.4721033],[7.5680562,6.4717215],[7.5669181,6.4715844],[7.5664951,6.4718046],[7.5647096,6.4714625]]}},{"type":"Feature","properties":{"kind":"road","id":"road-784969853-0","name":"Unnamed mapped tertiary_link","osmWay":784969853,"major":false,"bridge":false},"geometry":{"type":"LineString","coordinates":[[7.5093941,6.4411992],[7.5094009,6.4411096]]}},{"type":"Feature","properties":{"kind":"road","id":"road-964286709-0","name":"Annang Street","osmWay":964286709,"major":false,"bridge":false},"geometry":{"type":"LineString","coordinates":[[7.5057441,6.4384159],[7.5050555,6.4376537]]}},{"type":"Feature","properties":{"kind":"road","id":"road-964542282-0","name":"Osadebe Street","osmWay":964542282,"major":false,"bridge":false},"geometry":{"type":"LineString","coordinates":[[7.4970947,6.4268078],[7.497266,6.4272679],[7.4981683,6.4284718]]}},{"type":"Feature","properties":{"kind":"road","id":"road-964542283-0","name":"Osadebe Street","osmWay":964542283,"major":false,"bridge":false},"geometry":{"type":"LineString","coordinates":[[7.4979193,6.4286108],[7.4969957,6.4268497]]}},{"type":"Feature","properties":{"kind":"road","id":"road-990645353-0","name":"Unnamed mapped secondary","osmWay":990645353,"major":false,"bridge":false},"geometry":{"type":"LineString","coordinates":[[7.4952812,6.4715574],[7.4953188,6.4714971]]}},{"type":"Feature","properties":{"kind":"road","id":"road-990645354-0","name":"Unnamed mapped secondary","osmWay":990645354,"major":false,"bridge":true},"geometry":{"type":"LineString","coordinates":[[7.4949101,6.472192],[7.4952812,6.4715574]]}},{"type":"Feature","properties":{"kind":"road","id":"road-1064208374-0","name":"Oguejiofor Road","osmWay":1064208374,"major":false,"bridge":false},"geometry":{"type":"LineString","coordinates":[[7.4956906,6.4923182],[7.4961325,6.4948882]]}},{"type":"Feature","properties":{"kind":"road","id":"road-1084570590-0","name":"Proda Road","osmWay":1084570590,"major":false,"bridge":true},"geometry":{"type":"LineString","coordinates":[[7.5879489,6.4455694],[7.5883034,6.4452817]]}},{"type":"Feature","properties":{"kind":"road","id":"road-1084582124-0","name":"Abakpa Nike Road","osmWay":1084582124,"major":true,"bridge":false},"geometry":{"type":"LineString","coordinates":[[7.517266,6.4760917],[7.5175343,6.4746109]]}},{"type":"Feature","properties":{"kind":"road","id":"road-1098272041-0","name":"Presidential Road","osmWay":1098272041,"major":true,"bridge":false},"geometry":{"type":"LineString","coordinates":[[7.5087744,6.4411578],[7.5059494,6.4405321],[7.5049268,6.4404388],[7.5037473,6.4406321],[7.5026237,6.4411456]]}},{"type":"Feature","properties":{"kind":"road","id":"road-1138663879-0","name":"Unnamed mapped tertiary","osmWay":1138663879,"major":false,"bridge":false},"geometry":{"type":"LineString","coordinates":[[7.5643927,6.4701752],[7.5644195,6.4702924]]}},{"type":"Feature","properties":{"kind":"road","id":"road-1138663880-0","name":"Unnamed mapped tertiary","osmWay":1138663880,"major":false,"bridge":false},"geometry":{"type":"LineString","coordinates":[[7.5641458,6.4687304],[7.5643927,6.4701752]]}},{"type":"Feature","properties":{"kind":"road","id":"road-1138663881-0","name":"Unnamed mapped tertiary","osmWay":1138663881,"major":false,"bridge":false},"geometry":{"type":"LineString","coordinates":[[7.5643551,6.4703138],[7.5643203,6.4701832]]}},{"type":"Feature","properties":{"kind":"road","id":"road-1138663882-0","name":"Unnamed mapped tertiary","osmWay":1138663882,"major":false,"bridge":false},"geometry":{"type":"LineString","coordinates":[[7.5647096,6.4714625],[7.5643551,6.4703138]]}},{"type":"Feature","properties":{"kind":"road","id":"road-1138663883-0","name":"Unnamed mapped tertiary","osmWay":1138663883,"major":false,"bridge":false},"geometry":{"type":"LineString","coordinates":[[7.5643203,6.4701832],[7.5641025,6.469249],[7.5638628,6.4688414]]}},{"type":"Feature","properties":{"kind":"road","id":"road-1144604245-0","name":"Abakpa Nike Road","osmWay":1144604245,"major":true,"bridge":false},"geometry":{"type":"LineString","coordinates":[[7.5148754,6.5037845],[7.5158312,6.5098777]]}},{"type":"Feature","properties":{"kind":"road","id":"road-1144816364-0","name":"Unnamed mapped primary_link","osmWay":1144816364,"major":false,"bridge":false},"geometry":{"type":"LineString","coordinates":[[7.5184648,6.4418259],[7.5183683,6.4418411]]}},{"type":"Feature","properties":{"kind":"road","id":"road-1201732616-0","name":"Unnamed mapped trunk_link","osmWay":1201732616,"major":false,"bridge":false},"geometry":{"type":"LineString","coordinates":[[7.5392342,6.4393401],[7.5389815,6.4392052]]}},{"type":"Feature","properties":{"kind":"road","id":"road-1201732618-0","name":"Unnamed mapped primary","osmWay":1201732618,"major":true,"bridge":false},"geometry":{"type":"LineString","coordinates":[[7.5401726,6.4386159],[7.5392255,6.4386717]]}},{"type":"Feature","properties":{"kind":"road","id":"road-1219913380-0","name":"Unnamed mapped secondary","osmWay":1219913380,"major":false,"bridge":false},"geometry":{"type":"LineString","coordinates":[[7.5366668,6.4614129],[7.536613,6.4613187]]}},{"type":"Feature","properties":{"kind":"road","id":"road-1219913381-0","name":"Unnamed mapped secondary","osmWay":1219913381,"major":false,"bridge":false},"geometry":{"type":"LineString","coordinates":[[7.5340909,6.4615653],[7.5358315,6.4615733]]}},{"type":"Feature","properties":{"kind":"road","id":"road-1219913382-0","name":"Unnamed mapped secondary","osmWay":1219913382,"major":false,"bridge":false},"geometry":{"type":"LineString","coordinates":[[7.536742,6.4613176],[7.5366668,6.4614129]]}},{"type":"Feature","properties":{"kind":"road","id":"road-1219913383-0","name":"Ihiala Avenue","osmWay":1219913383,"major":false,"bridge":false},"geometry":{"type":"LineString","coordinates":[[7.534061,6.4608868],[7.5363771,6.4609747]]}},{"type":"Feature","properties":{"kind":"road","id":"road-1220077558-0","name":"Airport Road","osmWay":1220077558,"major":true,"bridge":false},"geometry":{"type":"LineString","coordinates":[[7.5516056,6.4588621],[7.5517083,6.4587457],[7.5518908,6.458788]]}},{"type":"Feature","properties":{"kind":"road","id":"road-1220077559-0","name":"Unnamed mapped trunk_link","osmWay":1220077559,"major":false,"bridge":false},"geometry":{"type":"LineString","coordinates":[[7.5518908,6.458788],[7.5527449,6.4587388]]}},{"type":"Feature","properties":{"kind":"road","id":"road-1293790008-0","name":"Unnamed mapped secondary_link","osmWay":1293790008,"major":false,"bridge":false},"geometry":{"type":"LineString","coordinates":[[7.509806,6.4598277],[7.5098814,6.4598164]]}},{"type":"Feature","properties":{"kind":"road","id":"road-1315464735-0","name":"Unnamed mapped tertiary","osmWay":1315464735,"major":false,"bridge":false},"geometry":{"type":"LineString","coordinates":[[7.5288635,6.4905966],[7.5302693,6.4924127]]}},{"type":"Feature","properties":{"kind":"road","id":"road-1409247012-0","name":"Unnamed mapped tertiary","osmWay":1409247012,"major":false,"bridge":false},"geometry":{"type":"LineString","coordinates":[[7.5351078,6.3987493],[7.5292457,6.3945965]]}},{"type":"Feature","properties":{"kind":"road","id":"road-1409247013-0","name":"Unnamed mapped tertiary","osmWay":1409247013,"major":false,"bridge":false},"geometry":{"type":"LineString","coordinates":[[7.52945,6.3946154],[7.5331892,6.3972281],[7.5351078,6.3987493]]}},{"type":"Feature","properties":{"kind":"road","id":"road-1421396618-0","name":"Unnamed mapped primary","osmWay":1421396618,"major":true,"bridge":false},"geometry":{"type":"LineString","coordinates":[[7.5141966,6.4999515],[7.5139725,6.4979466]]}},{"type":"Feature","properties":{"kind":"road","id":"road-1421396620-0","name":"Unnamed mapped primary","osmWay":1421396620,"major":true,"bridge":false},"geometry":{"type":"LineString","coordinates":[[7.5140058,6.4979406],[7.5143739,6.499828]]}},{"type":"Feature","properties":{"kind":"road","id":"road-1421396621-0","name":"Unnamed mapped primary","osmWay":1421396621,"major":true,"bridge":false},"geometry":{"type":"LineString","coordinates":[[7.5144726,6.5004238],[7.5149312,6.5031947],[7.5148691,6.5035428]]}},{"type":"Feature","properties":{"kind":"road","id":"road-1421396622-0","name":"Abakpa Nike Road","osmWay":1421396622,"major":true,"bridge":true},"geometry":{"type":"LineString","coordinates":[[7.5144318,6.5008932],[7.514194,6.4993964]]}},{"type":"Feature","properties":{"kind":"road","id":"road-1421411023-0","name":"Unnamed mapped primary","osmWay":1421411023,"major":true,"bridge":false},"geometry":{"type":"LineString","coordinates":[[7.5392255,6.4383478],[7.5401331,6.438518],[7.5412946,6.4385453],[7.5543679,6.4381677],[7.5616006,6.4384638],[7.5637628,6.4391286],[7.5651833,6.4399636],[7.5663134,6.440921],[7.5676676,6.4428096],[7.5681348,6.4438638],[7.5682859,6.4448428]]}},{"type":"Feature","properties":{"kind":"road","id":"road-1421414502-0","name":"Unnamed mapped tertiary","osmWay":1421414502,"major":false,"bridge":false},"geometry":{"type":"LineString","coordinates":[[7.5747551,6.4281145],[7.5751346,6.4276464],[7.5785642,6.4214935]]}},{"type":"Feature","properties":{"kind":"road","id":"road-1421414503-0","name":"Unnamed mapped primary","osmWay":1421414503,"major":true,"bridge":false},"geometry":{"type":"LineString","coordinates":[[7.5416428,6.4386225],[7.5401726,6.4386159]]}},{"type":"Feature","properties":{"kind":"road","id":"road-1421415843-0","name":"Kenyatta Street","osmWay":1421415843,"major":false,"bridge":false},"geometry":{"type":"LineString","coordinates":[[7.4960885,6.4249035],[7.4969543,6.423921]]}},{"type":"Feature","properties":{"kind":"road","id":"road-1421415845-0","name":"Robison Street","osmWay":1421415845,"major":false,"bridge":false},"geometry":{"type":"LineString","coordinates":[[7.4963646,6.4251547],[7.4960885,6.4249035]]}},{"type":"Feature","properties":{"kind":"road","id":"road-1421417056-0","name":"Amawbia Street","osmWay":1421417056,"major":false,"bridge":false},"geometry":{"type":"LineString","coordinates":[[7.4992377,6.4213631],[7.4962512,6.4193787]]}},{"type":"Feature","properties":{"kind":"road","id":"road-1421440989-0","name":"Lagos Street","osmWay":1421440989,"major":false,"bridge":false},"geometry":{"type":"LineString","coordinates":[[7.5063405,6.445607],[7.5067453,6.4454435]]}},{"type":"Feature","properties":{"kind":"road","id":"road-1421440990-0","name":"Lagos Street","osmWay":1421440990,"major":false,"bridge":true},"geometry":{"type":"LineString","coordinates":[[7.5061029,6.4458087],[7.5063405,6.445607]]}},{"type":"Feature","properties":{"kind":"road","id":"road-1421440991-0","name":"Chief Z.C Obi Link Road","osmWay":1421440991,"major":false,"bridge":false},"geometry":{"type":"LineString","coordinates":[[7.5254149,6.4538617],[7.5255191,6.4532819]]}},{"type":"Feature","properties":{"kind":"road","id":"road-1421440992-0","name":"Chief Z.C Obi Link Road","osmWay":1421440992,"major":false,"bridge":true},"geometry":{"type":"LineString","coordinates":[[7.5255216,6.4532606],[7.5255627,6.4529119]]}},{"type":"Feature","properties":{"kind":"road","id":"road-1421440994-0","name":"Independence Avenue","osmWay":1421440994,"major":true,"bridge":false},"geometry":{"type":"LineString","coordinates":[[7.511385,6.457528],[7.5124678,6.4554062]]}},{"type":"Feature","properties":{"kind":"road","id":"road-1421440995-0","name":"Independence Avenue","osmWay":1421440995,"major":true,"bridge":false},"geometry":{"type":"LineString","coordinates":[[7.5125721,6.4554058],[7.5115419,6.4575551]]}},{"type":"Feature","properties":{"kind":"road","id":"road-1421440996-0","name":"Independence Avenue","osmWay":1421440996,"major":true,"bridge":true},"geometry":{"type":"LineString","coordinates":[[7.5124678,6.4554062],[7.5125402,6.4551923]]}},{"type":"Feature","properties":{"kind":"road","id":"road-1421440997-0","name":"Independence Avenue","osmWay":1421440997,"major":true,"bridge":true},"geometry":{"type":"LineString","coordinates":[[7.5126538,6.455169],[7.5125996,6.4553295]]}},{"type":"Feature","properties":{"kind":"road","id":"road-1421440998-0","name":"Independence Avenue","osmWay":1421440998,"major":false,"bridge":false},"geometry":{"type":"LineString","coordinates":[[7.5125996,6.4553295],[7.5125721,6.4554058]]}},{"type":"Feature","properties":{"kind":"road","id":"road-1421633154-0","name":"Isuochi Street","osmWay":1421633154,"major":false,"bridge":false},"geometry":{"type":"LineString","coordinates":[[7.4919241,6.4212478],[7.4927939,6.4202251]]}},{"type":"Feature","properties":{"kind":"road","id":"road-1421633155-0","name":"Bishop Ayogu Street","osmWay":1421633155,"major":false,"bridge":false},"geometry":{"type":"LineString","coordinates":[[7.4924831,6.419925],[7.4927939,6.4202251]]}},{"type":"Feature","properties":{"kind":"road","id":"road-1421927933-0","name":"College Road","osmWay":1421927933,"major":false,"bridge":false},"geometry":{"type":"LineString","coordinates":[[7.530562,6.4830609],[7.5323564,6.4819336],[7.533145,6.4817917]]}},{"type":"Feature","properties":{"kind":"road","id":"road-1421928455-0","name":"Abakpa Nike Road","osmWay":1421928455,"major":true,"bridge":false},"geometry":{"type":"LineString","coordinates":[[7.5531194,6.5935247],[7.5532224,6.5936968]]}},{"type":"Feature","properties":{"kind":"road","id":"road-1421928456-0","name":"Abakpa Nike Road","osmWay":1421928456,"major":true,"bridge":false},"geometry":{"type":"LineString","coordinates":[[7.5532643,6.5937667],[7.553342,6.5938964]]}},{"type":"Feature","properties":{"kind":"road","id":"road-1421928457-0","name":"Abakpa Nike Road","osmWay":1421928457,"major":true,"bridge":true},"geometry":{"type":"LineString","coordinates":[[7.5532224,6.5936968],[7.5532643,6.5937667]]}},{"type":"Feature","properties":{"kind":"road","id":"road-1421980567-0","name":"Peacock Drlve","osmWay":1421980567,"major":false,"bridge":false},"geometry":{"type":"LineString","coordinates":[[7.510031,6.461798],[7.5100143,6.4615915]]}},{"type":"Feature","properties":{"kind":"road","id":"road-1422319027-0","name":"Abakpa Nike Road","osmWay":1422319027,"major":true,"bridge":false},"geometry":{"type":"LineString","coordinates":[[7.514194,6.4993964],[7.5139569,6.4978768]]}},{"type":"Feature","properties":{"kind":"road","id":"road-1422319028-0","name":"Abakpa Nike Road","osmWay":1422319028,"major":true,"bridge":false},"geometry":{"type":"LineString","coordinates":[[7.5148754,6.5037845],[7.5144318,6.5008932]]}},{"type":"Feature","properties":{"kind":"road","id":"road-1422319029-0","name":"Unnamed mapped primary","osmWay":1422319029,"major":true,"bridge":false},"geometry":{"type":"LineString","coordinates":[[7.5139135,6.5002775],[7.5141966,6.4999515]]}},{"type":"Feature","properties":{"kind":"road","id":"road-1422319030-0","name":"Unnamed mapped primary","osmWay":1422319030,"major":true,"bridge":false},"geometry":{"type":"LineString","coordinates":[[7.5148249,6.503541],[7.514305,6.5007104],[7.5138752,6.5003128]]}},{"type":"Feature","properties":{"kind":"road","id":"road-1422334678-0","name":"Abakpa Nike Road","osmWay":1422334678,"major":true,"bridge":false},"geometry":{"type":"LineString","coordinates":[[7.5289741,6.5527806],[7.5294864,6.5547952],[7.5301717,6.5561807],[7.5531194,6.5935247]]}},{"type":"Feature","properties":{"kind":"road","id":"road-1422334679-0","name":"Abakpa Nike Road","osmWay":1422334679,"major":true,"bridge":true},"geometry":{"type":"LineString","coordinates":[[7.5289285,6.5525754],[7.5289741,6.5527806]]}},{"type":"Feature","properties":{"kind":"road","id":"road-1422960376-0","name":"Ugwuaji Road","osmWay":1422960376,"major":false,"bridge":false},"geometry":{"type":"LineString","coordinates":[[7.531946,6.4142971],[7.5316859,6.4144913]]}},{"type":"Feature","properties":{"kind":"road","id":"road-1422960377-0","name":"Ugwuaji Road","osmWay":1422960377,"major":false,"bridge":false},"geometry":{"type":"LineString","coordinates":[[7.5316367,6.4143951],[7.531946,6.4142971]]}},{"type":"Feature","properties":{"kind":"road","id":"road-1425000064-0","name":"Unnamed mapped trunk_link","osmWay":1425000064,"major":false,"bridge":false},"geometry":{"type":"LineString","coordinates":[[7.5546489,6.4584238],[7.5546871,6.4585164]]}},{"type":"Feature","properties":{"kind":"road","id":"road-1425580737-0","name":"Onitsha Road","osmWay":1425580737,"major":true,"bridge":true},"geometry":{"type":"LineString","coordinates":[[7.4714447,6.4656717],[7.4722376,6.4646888]]}},{"type":"Feature","properties":{"kind":"road","id":"road-1425580738-0","name":"Onitsha Road","osmWay":1425580738,"major":true,"bridge":false},"geometry":{"type":"LineString","coordinates":[[7.4709046,6.4662817],[7.4714447,6.4656717]]}},{"type":"Feature","properties":{"kind":"road","id":"road-1425580739-0","name":"Onitsha Road","osmWay":1425580739,"major":true,"bridge":false},"geometry":{"type":"LineString","coordinates":[[7.4715824,6.4657389],[7.471044,6.4663504]]}},{"type":"Feature","properties":{"kind":"road","id":"road-1425580740-0","name":"Onitsha Road","osmWay":1425580740,"major":true,"bridge":true},"geometry":{"type":"LineString","coordinates":[[7.4723753,6.464805],[7.4715824,6.4657389]]}},{"type":"Feature","properties":{"kind":"road","id":"road-1426062155-0","name":"Presidential Road","osmWay":1426062155,"major":true,"bridge":false},"geometry":{"type":"LineString","coordinates":[[7.5007364,6.4424723],[7.5003351,6.4427525]]}},{"type":"Feature","properties":{"kind":"road","id":"road-1426062156-0","name":"Presidential Road","osmWay":1426062156,"major":true,"bridge":true},"geometry":{"type":"LineString","coordinates":[[7.5010602,6.4422462],[7.5007364,6.4424723]]}},{"type":"Feature","properties":{"kind":"road","id":"road-1426062157-0","name":"Presidential Road","osmWay":1426062157,"major":true,"bridge":false},"geometry":{"type":"LineString","coordinates":[[7.5002695,6.4426916],[7.5007116,6.4423857]]}},{"type":"Feature","properties":{"kind":"road","id":"road-1426062158-0","name":"Presidential Road","osmWay":1426062158,"major":true,"bridge":true},"geometry":{"type":"LineString","coordinates":[[7.5007116,6.4423857],[7.5010129,6.4421777]]}},{"type":"Feature","properties":{"kind":"road","id":"road-1426062159-0","name":"Bishop Ayogu Street","osmWay":1426062159,"major":false,"bridge":false},"geometry":{"type":"LineString","coordinates":[[7.4978304,6.4247428],[7.4979284,6.424948]]}},{"type":"Feature","properties":{"kind":"road","id":"road-1426062162-0","name":"Unnamed mapped primary","osmWay":1426062162,"major":true,"bridge":false},"geometry":{"type":"LineString","coordinates":[[7.5143739,6.499828],[7.5141966,6.4999515]]}},{"type":"Feature","properties":{"kind":"road","id":"road-1426062164-0","name":"Unnamed mapped primary","osmWay":1426062164,"major":true,"bridge":false},"geometry":{"type":"LineString","coordinates":[[7.5139135,6.5002775],[7.5143601,6.5002935],[7.5144726,6.5004238]]}},{"type":"Feature","properties":{"kind":"road","id":"road-1426062165-0","name":"Ziks Avenue","osmWay":1426062165,"major":true,"bridge":false},"geometry":{"type":"LineString","coordinates":[[7.4942939,6.4365185],[7.4941524,6.436801],[7.4939666,6.436887],[7.4923013,6.4363876]]}},{"type":"Feature","properties":{"kind":"road","id":"road-1426062166-0","name":"Ziks Avenue","osmWay":1426062166,"major":true,"bridge":true},"geometry":{"type":"LineString","coordinates":[[7.4944388,6.4361467],[7.4942939,6.4365185]]}},{"type":"Feature","properties":{"kind":"road","id":"road-1426062167-0","name":"Ziks Avenue","osmWay":1426062167,"major":true,"bridge":true},"geometry":{"type":"LineString","coordinates":[[7.4942022,6.4364829],[7.4943386,6.4361258]]}},{"type":"Feature","properties":{"kind":"road","id":"road-1426062168-0","name":"Ziks Avenue","osmWay":1426062168,"major":true,"bridge":false},"geometry":{"type":"LineString","coordinates":[[7.4939609,6.4367891],[7.4941641,6.4365878]]}},{"type":"Feature","properties":{"kind":"road","id":"road-1426062169-0","name":"Ziks Avenue","osmWay":1426062169,"major":false,"bridge":false},"geometry":{"type":"LineString","coordinates":[[7.4943386,6.4361258],[7.4943429,6.4361152]]}},{"type":"Feature","properties":{"kind":"road","id":"road-1426062170-0","name":"Ziks Avenue","osmWay":1426062170,"major":true,"bridge":false},"geometry":{"type":"LineString","coordinates":[[7.4941641,6.4365878],[7.4942022,6.4364829]]}},{"type":"Feature","properties":{"kind":"road","id":"road-1426065683-0","name":"Chime Avenue","osmWay":1426065683,"major":true,"bridge":false},"geometry":{"type":"LineString","coordinates":[[7.5096131,6.4572885],[7.511385,6.457528]]}},{"type":"Feature","properties":{"kind":"road","id":"road-1426065684-0","name":"Chime Avenue","osmWay":1426065684,"major":true,"bridge":false},"geometry":{"type":"LineString","coordinates":[[7.5114945,6.4577134],[7.5096543,6.4574628]]}},{"type":"Feature","properties":{"kind":"road","id":"road-1426065685-0","name":"Chime Avenue","osmWay":1426065685,"major":true,"bridge":false},"geometry":{"type":"LineString","coordinates":[[7.511385,6.457528],[7.5115419,6.4575551]]}},{"type":"Feature","properties":{"kind":"road","id":"road-1426483037-0","name":"Unnamed mapped primary","osmWay":1426483037,"major":true,"bridge":true},"geometry":{"type":"LineString","coordinates":[[7.5683129,6.4455004],[7.5681934,6.4448867]]}},{"type":"Feature","properties":{"kind":"road","id":"road-1427034877-0","name":"Independence Avenue","osmWay":1427034877,"major":true,"bridge":false},"geometry":{"type":"LineString","coordinates":[[7.5113317,6.4576859],[7.511385,6.457528]]}},{"type":"Feature","properties":{"kind":"road","id":"road-1427048185-0","name":"Abakpa Nike Road","osmWay":1427048185,"major":true,"bridge":true},"geometry":{"type":"LineString","coordinates":[[7.5142498,6.499393],[7.5144804,6.5008865]]}},{"type":"Feature","properties":{"kind":"road","id":"road-1427048186-0","name":"Abakpa Nike Road","osmWay":1427048186,"major":true,"bridge":false},"geometry":{"type":"LineString","coordinates":[[7.5139867,6.4978776],[7.5142498,6.499393]]}},{"type":"Feature","properties":{"kind":"road","id":"road-1427048187-0","name":"Unnamed mapped tertiary","osmWay":1427048187,"major":false,"bridge":false},"geometry":{"type":"LineString","coordinates":[[7.5146502,6.5036241],[7.5147501,6.5034148]]}},{"type":"Feature","properties":{"kind":"road","id":"road-1427048188-0","name":"Unnamed mapped tertiary","osmWay":1427048188,"major":false,"bridge":false},"geometry":{"type":"LineString","coordinates":[[7.5148741,6.5036039],[7.5146502,6.5036241]]}},{"type":"Feature","properties":{"kind":"road","id":"road-1427048189-0","name":"Abakpa Nike Road","osmWay":1427048189,"major":true,"bridge":false},"geometry":{"type":"LineString","coordinates":[[7.5144804,6.5008865],[7.5148754,6.5037845]]}},{"type":"Feature","properties":{"kind":"road","id":"road-1428181629-0","name":"Unnamed mapped secondary_link","osmWay":1428181629,"major":false,"bridge":false},"geometry":{"type":"LineString","coordinates":[[7.5011851,6.4821104],[7.5009645,6.4822524]]}},{"type":"Feature","properties":{"kind":"road","id":"road-1430018094-0","name":"Unnamed mapped tertiary","osmWay":1430018094,"major":false,"bridge":false},"geometry":{"type":"LineString","coordinates":[[7.5644195,6.4702924],[7.5645323,6.4707458]]}},{"type":"Feature","properties":{"kind":"road","id":"road-1430567796-0","name":"Works Road","osmWay":1430567796,"major":false,"bridge":false},"geometry":{"type":"LineString","coordinates":[[7.479606,6.4488004],[7.4796523,6.4489824]]}},{"type":"Feature","properties":{"kind":"road","id":"road-1430567797-0","name":"Works Road","osmWay":1430567797,"major":false,"bridge":false},"geometry":{"type":"LineString","coordinates":[[7.4796523,6.4489824],[7.4794029,6.448971]]}},{"type":"Feature","properties":{"kind":"road","id":"road-1430893460-0","name":"Unnamed mapped tertiary","osmWay":1430893460,"major":false,"bridge":false},"geometry":{"type":"LineString","coordinates":[[7.5564636,6.491952],[7.5564872,6.4917612]]}},{"type":"Feature","properties":{"kind":"road","id":"road-1430893461-0","name":"Unnamed mapped tertiary","osmWay":1430893461,"major":false,"bridge":false},"geometry":{"type":"LineString","coordinates":[[7.5564872,6.4917612],[7.5565999,6.4919454]]}},{"type":"Feature","properties":{"kind":"road","id":"road-1430893466-0","name":"Unnamed mapped tertiary","osmWay":1430893466,"major":false,"bridge":false},"geometry":{"type":"LineString","coordinates":[[7.5564458,6.4921665],[7.5562189,6.4921733]]}},{"type":"Feature","properties":{"kind":"road","id":"road-1430893467-0","name":"Unnamed mapped tertiary","osmWay":1430893467,"major":false,"bridge":false},"geometry":{"type":"LineString","coordinates":[[7.5566675,6.4920246],[7.5565792,6.4921952],[7.5564075,6.4921075],[7.5564958,6.4919369],[7.5566675,6.4920246]]}},{"type":"Feature","properties":{"kind":"road","id":"road-1430893468-0","name":"Unnamed mapped tertiary","osmWay":1430893468,"major":false,"bridge":false},"geometry":{"type":"LineString","coordinates":[[7.5562189,6.4921733],[7.5564041,6.4920374]]}},{"type":"Feature","properties":{"kind":"road","id":"road-1430936084-0","name":"Rehabilitation Road","osmWay":1430936084,"major":false,"bridge":false},"geometry":{"type":"LineString","coordinates":[[7.5781241,6.4908913],[7.57813,6.489791],[7.578334,6.489117],[7.578364,6.488492],[7.578581,6.488017],[7.578137,6.487243],[7.5777164,6.4860219]]}},{"type":"Feature","properties":{"kind":"road","id":"road-1430936085-0","name":"Adoration Road","osmWay":1430936085,"major":false,"bridge":false},"geometry":{"type":"LineString","coordinates":[[7.5555843,6.4878486],[7.5540072,6.4881018]]}},{"type":"Feature","properties":{"kind":"road","id":"road-1430936086-0","name":"Unnamed mapped trunk","osmWay":1430936086,"major":true,"bridge":false},"geometry":{"type":"LineString","coordinates":[[7.598879,6.4670634],[7.6001775,6.4675378]]}},{"type":"Feature","properties":{"kind":"road","id":"road-1430936088-0","name":"Unnamed mapped primary","osmWay":1430936088,"major":true,"bridge":false},"geometry":{"type":"LineString","coordinates":[[7.6014827,6.4682085],[7.6011439,6.4680709]]}},{"type":"Feature","properties":{"kind":"road","id":"road-1430936089-0","name":"Unnamed mapped primary","osmWay":1430936089,"major":true,"bridge":false},"geometry":{"type":"LineString","coordinates":[[7.6010666,6.4684219],[7.6011439,6.4680709]]}},{"type":"Feature","properties":{"kind":"road","id":"road-1430936090-0","name":"Unnamed mapped primary","osmWay":1430936090,"major":true,"bridge":false},"geometry":{"type":"LineString","coordinates":[[7.6011439,6.4680709],[7.5987886,6.4672484]]}},{"type":"Feature","properties":{"kind":"road","id":"road-1430936091-0","name":"Unnamed mapped primary","osmWay":1430936091,"major":true,"bridge":false},"geometry":{"type":"LineString","coordinates":[[7.598879,6.4670634],[7.6012563,6.4678312]]}},{"type":"Feature","properties":{"kind":"road","id":"road-1430936093-0","name":"Unnamed mapped primary","osmWay":1430936093,"major":true,"bridge":false},"geometry":{"type":"LineString","coordinates":[[7.6014827,6.4682085],[7.6011602,6.4683908]]}},{"type":"Feature","properties":{"kind":"road","id":"road-1430936096-0","name":"Unnamed mapped primary","osmWay":1430936096,"major":true,"bridge":false},"geometry":{"type":"LineString","coordinates":[[7.6012563,6.4678312],[7.601345,6.4678458]]}},{"type":"Feature","properties":{"kind":"road","id":"road-1430936098-0","name":"Unnamed mapped primary","osmWay":1430936098,"major":true,"bridge":false},"geometry":{"type":"LineString","coordinates":[[7.6022491,6.4684433],[7.6014827,6.4682085]]}},{"type":"Feature","properties":{"kind":"road","id":"road-1430940690-0","name":"Unnamed mapped primary","osmWay":1430940690,"major":true,"bridge":false},"geometry":{"type":"LineString","coordinates":[[7.6011439,6.4680709],[7.6012563,6.4678312]]}},{"type":"Feature","properties":{"kind":"road","id":"road-1430940691-0","name":"Unnamed mapped primary","osmWay":1430940691,"major":true,"bridge":false},"geometry":{"type":"LineString","coordinates":[[7.6015995,6.4681099],[7.6014827,6.4682085]]}},{"type":"Feature","properties":{"kind":"road","id":"road-1430940692-0","name":"Unnamed mapped trunk","osmWay":1430940692,"major":true,"bridge":false},"geometry":{"type":"LineString","coordinates":[[7.5979363,6.4666653],[7.598879,6.4670634]]}},{"type":"Feature","properties":{"kind":"road","id":"road-1430940693-0","name":"Unnamed mapped trunk","osmWay":1430940693,"major":true,"bridge":true},"geometry":{"type":"LineString","coordinates":[[7.6001775,6.4675378],[7.6013593,6.4679487]]}},{"type":"Feature","properties":{"kind":"road","id":"road-1430940696-0","name":"Enugu-Abakaliki Road","osmWay":1430940696,"major":true,"bridge":true},"geometry":{"type":"LineString","coordinates":[[7.6018192,6.4682227],[7.6001339,6.4676933]]}},{"type":"Feature","properties":{"kind":"road","id":"road-1430940699-0","name":"Old Abakiliki Road","osmWay":1430940699,"major":true,"bridge":false},"geometry":{"type":"LineString","coordinates":[[7.6011602,6.4683908],[7.6010666,6.4684219]]}},{"type":"Feature","properties":{"kind":"road","id":"road-1430940700-0","name":"Enugu-Abakaliki Road","osmWay":1430940700,"major":true,"bridge":false},"geometry":{"type":"LineString","coordinates":[[7.6001339,6.4676933],[7.5876024,6.4636904],[7.5869271,6.4633847]]}},{"type":"Feature","properties":{"kind":"road","id":"road-1433060170-0","name":"Abakpa Nike Road","osmWay":1433060170,"major":true,"bridge":false},"geometry":{"type":"LineString","coordinates":[[7.5172325,6.4767131],[7.5169017,6.4796475],[7.5168411,6.48251],[7.5163646,6.4851742],[7.5154432,6.4875372],[7.5149498,6.4927907]]}},{"type":"Feature","properties":{"kind":"road","id":"road-1433060171-0","name":"Abakpa Nike Road","osmWay":1433060171,"major":true,"bridge":true},"geometry":{"type":"LineString","coordinates":[[7.5173322,6.4761081],[7.5172325,6.4767131]]}},{"type":"Feature","properties":{"kind":"road","id":"road-1433060172-0","name":"Abakpa Nike Road","osmWay":1433060172,"major":true,"bridge":false},"geometry":{"type":"LineString","coordinates":[[7.5175343,6.4746109],[7.5175554,6.4745395]]}},{"type":"Feature","properties":{"kind":"road","id":"road-1433060173-0","name":"Abakpa Nike Road","osmWay":1433060173,"major":true,"bridge":false},"geometry":{"type":"LineString","coordinates":[[7.5182131,6.4733307],[7.5175747,6.4747262]]}},{"type":"Feature","properties":{"kind":"road","id":"road-1433060174-0","name":"Unnamed mapped tertiary","osmWay":1433060174,"major":false,"bridge":false},"geometry":{"type":"LineString","coordinates":[[7.517632,6.4747312],[7.5175087,6.4747163]]}},{"type":"Feature","properties":{"kind":"road","id":"road-1433084740-0","name":"Enugu-Abakaliki Road","osmWay":1433084740,"major":true,"bridge":false},"geometry":{"type":"LineString","coordinates":[[7.5869271,6.4633847],[7.5960309,6.4663323]]}},{"type":"Feature","properties":{"kind":"road","id":"road-1433084741-0","name":"Enugu-Abakaliki Road","osmWay":1433084741,"major":true,"bridge":false},"geometry":{"type":"LineString","coordinates":[[7.5960309,6.4663323],[7.5969722,6.4666141],[7.5979363,6.4666653]]}},{"type":"Feature","properties":{"kind":"road","id":"road-1433164313-0","name":"Abor Road","osmWay":1433164313,"major":false,"bridge":false},"geometry":{"type":"LineString","coordinates":[[7.4795779,6.4922912],[7.4797512,6.4910699]]}},{"type":"Feature","properties":{"kind":"road","id":"road-1433164328-0","name":"Mary Emmanuel Street","osmWay":1433164328,"major":false,"bridge":false},"geometry":{"type":"LineString","coordinates":[[7.4849235,6.4853807],[7.4878614,6.4861445]]}},{"type":"Feature","properties":{"kind":"road","id":"road-1433164330-0","name":"Unnamed mapped tertiary","osmWay":1433164330,"major":false,"bridge":false},"geometry":{"type":"LineString","coordinates":[[7.5287743,6.490447],[7.5288635,6.4905966]]}},{"type":"Feature","properties":{"kind":"road","id":"road-1433164331-0","name":"Unnamed mapped tertiary","osmWay":1433164331,"major":false,"bridge":true},"geometry":{"type":"LineString","coordinates":[[7.5285731,6.4901312],[7.5287743,6.490447]]}},{"type":"Feature","properties":{"kind":"road","id":"road-1433164333-0","name":"Unnamed mapped tertiary","osmWay":1433164333,"major":false,"bridge":false},"geometry":{"type":"LineString","coordinates":[[7.5302693,6.4924127],[7.5310282,6.493378]]}},{"type":"Feature","properties":{"kind":"road","id":"road-1433173897-0","name":"Enugu - Port Harcourt Expressway","osmWay":1433173897,"major":true,"bridge":false},"geometry":{"type":"LineString","coordinates":[[7.5252621,6.4063118],[7.5260237,6.4076155]]}},{"type":"Feature","properties":{"kind":"road","id":"road-1433173898-0","name":"Enugu - Port Harcourt Expressway","osmWay":1433173898,"major":true,"bridge":true},"geometry":{"type":"LineString","coordinates":[[7.5247396,6.4054402],[7.5252621,6.4063118]]}},{"type":"Feature","properties":{"kind":"road","id":"road-1433173899-0","name":"Enugu Porthacourt Road","osmWay":1433173899,"major":true,"bridge":false},"geometry":{"type":"LineString","coordinates":[[7.5259313,6.4077534],[7.525114,6.4063883]]}},{"type":"Feature","properties":{"kind":"road","id":"road-1433173900-0","name":"Enugu Porthacourt Road","osmWay":1433173900,"major":true,"bridge":true},"geometry":{"type":"LineString","coordinates":[[7.525114,6.4063883],[7.5246234,6.4055302]]}},{"type":"Feature","properties":{"kind":"road","id":"road-1433173901-0","name":"Amechi Road","osmWay":1433173901,"major":false,"bridge":false},"geometry":{"type":"LineString","coordinates":[[7.5005876,6.4009915],[7.4956339,6.4070574]]}},{"type":"Feature","properties":{"kind":"road","id":"road-1433173902-0","name":"Amechi Road","osmWay":1433173902,"major":false,"bridge":true},"geometry":{"type":"LineString","coordinates":[[7.5009389,6.4005738],[7.5005876,6.4009915]]}},{"type":"Feature","properties":{"kind":"road","id":"road-1433174663-0","name":"Agbani Road","osmWay":1433174663,"major":true,"bridge":false},"geometry":{"type":"LineString","coordinates":[[7.49559,6.4071104],[7.4945909,6.4037906],[7.4941271,6.401213],[7.4941774,6.399231],[7.4945604,6.39689],[7.4945312,6.3959489]]}},{"type":"Feature","properties":{"kind":"road","id":"road-1433174664-0","name":"Agbani Road","osmWay":1433174664,"major":true,"bridge":true},"geometry":{"type":"LineString","coordinates":[[7.4945312,6.3959489],[7.4944721,6.3955021]]}},{"type":"Feature","properties":{"kind":"road","id":"road-1433174665-0","name":"Agbani Road","osmWay":1433174665,"major":true,"bridge":false},"geometry":{"type":"LineString","coordinates":[[7.4953659,6.3807052],[7.493808,6.3819942],[7.4934882,6.382524],[7.4932971,6.383175],[7.4936142,6.3869295],[7.4943599,6.3907665],[7.4945375,6.3954715]]}},{"type":"Feature","properties":{"kind":"road","id":"road-1433174666-0","name":"Agbani Road","osmWay":1433174666,"major":true,"bridge":true},"geometry":{"type":"LineString","coordinates":[[7.4945375,6.3954715],[7.4945812,6.3957646]]}},{"type":"Feature","properties":{"kind":"road","id":"road-1433178524-0","name":"Unnamed mapped tertiary","osmWay":1433178524,"major":false,"bridge":false},"geometry":{"type":"LineString","coordinates":[[7.4995637,6.520405],[7.4989352,6.5214577],[7.4986937,6.5225919],[7.4988288,6.5255654],[7.498633,6.5270884]]}},{"type":"Feature","properties":{"kind":"road","id":"road-1433178525-0","name":"Unnamed mapped tertiary","osmWay":1433178525,"major":false,"bridge":true},"geometry":{"type":"LineString","coordinates":[[7.498633,6.5270884],[7.4985951,6.5273796]]}},{"type":"Feature","properties":{"kind":"road","id":"road-1433178526-0","name":"Unnamed mapped secondary","osmWay":1433178526,"major":false,"bridge":false},"geometry":{"type":"LineString","coordinates":[[7.5072191,6.5168632],[7.5050756,6.5173257],[7.5024819,6.5183237],[7.4995637,6.520405]]}},{"type":"Feature","properties":{"kind":"road","id":"road-1433178527-0","name":"Unnamed mapped secondary","osmWay":1433178527,"major":false,"bridge":true},"geometry":{"type":"LineString","coordinates":[[7.5076304,6.5168314],[7.5072191,6.5168632]]}},{"type":"Feature","properties":{"kind":"road","id":"road-1433193507-0","name":"Agbani Road","osmWay":1433193507,"major":true,"bridge":false},"geometry":{"type":"LineString","coordinates":[[7.479718,6.4237279],[7.4800401,6.4234143]]}},{"type":"Feature","properties":{"kind":"road","id":"road-1433193508-0","name":"Agbani Road","osmWay":1433193508,"major":true,"bridge":true},"geometry":{"type":"LineString","coordinates":[[7.4800401,6.4234143],[7.4800892,6.4233507]]}},{"type":"Feature","properties":{"kind":"road","id":"road-1433193509-0","name":"Agbani Road","osmWay":1433193509,"major":true,"bridge":false},"geometry":{"type":"LineString","coordinates":[[7.4801146,6.4234244],[7.4796868,6.4240404],[7.4796444,6.4244411],[7.4810103,6.4309977],[7.4817281,6.4318553],[7.4832546,6.4326888]]}},{"type":"Feature","properties":{"kind":"road","id":"road-1433193510-0","name":"Agbani Road","osmWay":1433193510,"major":true,"bridge":true},"geometry":{"type":"LineString","coordinates":[[7.4801599,6.4233653],[7.4801146,6.4234244]]}},{"type":"Feature","properties":{"kind":"road","id":"road-1433193518-0","name":"Agbani Link Road","osmWay":1433193518,"major":true,"bridge":false},"geometry":{"type":"LineString","coordinates":[[7.4799182,6.4335683],[7.4801794,6.4332925],[7.4818705,6.4325942],[7.4825209,6.4325822],[7.4831737,6.4328391]]}},{"type":"Feature","properties":{"kind":"road","id":"road-1433193519-0","name":"Agbani Link Road","osmWay":1433193519,"major":true,"bridge":true},"geometry":{"type":"LineString","coordinates":[[7.4798921,6.4336344],[7.4799182,6.4335683]]}},{"type":"Feature","properties":{"kind":"road","id":"road-1433193520-0","name":"Agbani Link Road","osmWay":1433193520,"major":true,"bridge":false},"geometry":{"type":"LineString","coordinates":[[7.4832171,6.4329122],[7.4825135,6.4326675],[7.4819275,6.4326689],[7.4803382,6.4332945],[7.4800211,6.4335431]]}},{"type":"Feature","properties":{"kind":"road","id":"road-1433193521-0","name":"Agbani Link Road","osmWay":1433193521,"major":true,"bridge":true},"geometry":{"type":"LineString","coordinates":[[7.4800211,6.4335431],[7.4800026,6.4335792]]}},{"type":"Feature","properties":{"kind":"road","id":"road-1433193524-0","name":"Okpara Avenue","osmWay":1433193524,"major":true,"bridge":false},"geometry":{"type":"LineString","coordinates":[[7.494232,6.4535956],[7.494658,6.4548276]]}},{"type":"Feature","properties":{"kind":"road","id":"road-1433193525-0","name":"Okpara Avenue","osmWay":1433193525,"major":true,"bridge":true},"geometry":{"type":"LineString","coordinates":[[7.4942034,6.4535176],[7.494232,6.4535956]]}},{"type":"Feature","properties":{"kind":"road","id":"road-1433193526-0","name":"Okpara Avenue","osmWay":1433193526,"major":true,"bridge":false},"geometry":{"type":"LineString","coordinates":[[7.4945712,6.4548864],[7.494146,6.4536007]]}},{"type":"Feature","properties":{"kind":"road","id":"road-1433193527-0","name":"Okpara Avenue","osmWay":1433193527,"major":true,"bridge":true},"geometry":{"type":"LineString","coordinates":[[7.494146,6.4536007],[7.4941169,6.4535228]]}},{"type":"Feature","properties":{"kind":"road","id":"road-1433193530-0","name":"Ebe-ano Road","osmWay":1433193530,"major":false,"bridge":false},"geometry":{"type":"LineString","coordinates":[[7.4998568,6.4540889],[7.4996066,6.4542355]]}},{"type":"Feature","properties":{"kind":"road","id":"road-1433193531-0","name":"Ebe-ano Road","osmWay":1433193531,"major":false,"bridge":true},"geometry":{"type":"LineString","coordinates":[[7.4999326,6.4540595],[7.4998568,6.4540889]]}},{"type":"Feature","properties":{"kind":"road","id":"road-1433193532-0","name":"Ebe-ano Road","osmWay":1433193532,"major":false,"bridge":false},"geometry":{"type":"LineString","coordinates":[[7.4995553,6.4541649],[7.4998045,6.4540199]]}},{"type":"Feature","properties":{"kind":"road","id":"road-1433193533-0","name":"Ebe-ano Road","osmWay":1433193533,"major":false,"bridge":true},"geometry":{"type":"LineString","coordinates":[[7.4998045,6.4540199],[7.4998487,6.4539996]]}},{"type":"Feature","properties":{"kind":"road","id":"road-1433193549-0","name":"Ogui Road","osmWay":1433193549,"major":true,"bridge":false},"geometry":{"type":"LineString","coordinates":[[7.5093938,6.457371],[7.5088844,6.4563683],[7.50781,6.4554659]]}},{"type":"Feature","properties":{"kind":"road","id":"road-1433193550-0","name":"Ogui Road","osmWay":1433193550,"major":true,"bridge":true},"geometry":{"type":"LineString","coordinates":[[7.50781,6.4554659],[7.5077447,6.4554131]]}},{"type":"Feature","properties":{"kind":"road","id":"road-1433193551-0","name":"Ogui Road","osmWay":1433193551,"major":true,"bridge":false},"geometry":{"type":"LineString","coordinates":[[7.5078938,6.4554151],[7.5089621,6.4563197],[7.5095438,6.4572777]]}},{"type":"Feature","properties":{"kind":"road","id":"road-1433193552-0","name":"Ogui Road","osmWay":1433193552,"major":true,"bridge":true},"geometry":{"type":"LineString","coordinates":[[7.5078289,6.4553619],[7.5078938,6.4554151]]}},{"type":"Feature","properties":{"kind":"road","id":"road-1433203313-0","name":"Ugwuorie Road","osmWay":1433203313,"major":false,"bridge":true},"geometry":{"type":"LineString","coordinates":[[7.5200823,6.5014722],[7.5201191,6.501533]]}},{"type":"Feature","properties":{"kind":"road","id":"road-1433205957-0","name":"Ugwuorie Road","osmWay":1433205957,"major":false,"bridge":false},"geometry":{"type":"LineString","coordinates":[[7.5201191,6.501533],[7.5209558,6.5038745],[7.5210474,6.507564]]}},{"type":"Feature","properties":{"kind":"road","id":"road-1433205958-0","name":"Harmony Road","osmWay":1433205958,"major":false,"bridge":false},"geometry":{"type":"LineString","coordinates":[[7.5210474,6.507564],[7.5158312,6.5098777]]}},{"type":"Feature","properties":{"kind":"road","id":"road-1433351560-0","name":"Centenary Main Road","osmWay":1433351560,"major":false,"bridge":false},"geometry":{"type":"LineString","coordinates":[[7.5303926,6.3933509],[7.5330341,6.3913229]]}},{"type":"Feature","properties":{"kind":"road","id":"road-1433351561-0","name":"Centenary Main Road","osmWay":1433351561,"major":false,"bridge":false},"geometry":{"type":"LineString","coordinates":[[7.5302179,6.3933501],[7.5304848,6.3934315],[7.5304093,6.3937264],[7.5301268,6.3936586],[7.5302179,6.3933501]]}},{"type":"Feature","properties":{"kind":"road","id":"road-1433351563-0","name":"Centenary Main Road","osmWay":1433351563,"major":false,"bridge":false},"geometry":{"type":"LineString","coordinates":[[7.5410092,6.3886642],[7.5412539,6.3886107],[7.5413226,6.388862],[7.5410657,6.3889292],[7.5410092,6.3886642]]}},{"type":"Feature","properties":{"kind":"road","id":"road-1433352967-0","name":"Centenary Main Road","osmWay":1433352967,"major":false,"bridge":false},"geometry":{"type":"LineString","coordinates":[[7.5457382,6.3838794],[7.5458955,6.384088],[7.5456468,6.3842934],[7.5454721,6.3840454],[7.5457382,6.3838794]]}},{"type":"Feature","properties":{"kind":"road","id":"road-1433352968-0","name":"Centenary Main Road","osmWay":1433352968,"major":false,"bridge":false},"geometry":{"type":"LineString","coordinates":[[7.5495783,6.3845564],[7.548839,6.3847553],[7.5480379,6.3847735],[7.5458549,6.3842085]]}},{"type":"Feature","properties":{"kind":"road","id":"road-1433352969-0","name":"Centenary Main Road","osmWay":1433352969,"major":false,"bridge":false},"geometry":{"type":"LineString","coordinates":[[7.5455411,6.3842435],[7.5438479,6.3866386],[7.542487,6.3879156],[7.5413456,6.3887486]]}},{"type":"Feature","properties":{"kind":"road","id":"road-1433352970-0","name":"Centenary Main Road","osmWay":1433352970,"major":false,"bridge":false},"geometry":{"type":"LineString","coordinates":[[7.5458955,6.384088],[7.5482246,6.3846622],[7.5495783,6.3845564]]}},{"type":"Feature","properties":{"kind":"road","id":"road-1433493076-0","name":"Enugu - Port Harcourt Expressway","osmWay":1433493076,"major":true,"bridge":false},"geometry":{"type":"LineString","coordinates":[[7.5071128,6.3906897],[7.513888,6.3934884],[7.515706,6.394557],[7.5166615,6.3953196],[7.518789,6.397433],[7.520427,6.399349],[7.5227152,6.4023825],[7.5247396,6.4054402]]}},{"type":"Feature","properties":{"kind":"road","id":"road-1433493077-0","name":"Enugu - Port Harcourt Expressway","osmWay":1433493077,"major":true,"bridge":false},"geometry":{"type":"LineString","coordinates":[[7.5067056,6.3907307],[7.5036715,6.3894587],[7.5021322,6.3885079],[7.5005934,6.3872309],[7.4991986,6.3855189]]}},{"type":"Feature","properties":{"kind":"road","id":"road-1433493080-0","name":"Enugu - Port Harcourt Expressway","osmWay":1433493080,"major":true,"bridge":false},"geometry":{"type":"LineString","coordinates":[[7.4942969,6.3671859],[7.4954304,6.3711588],[7.4963129,6.3754811]]}},{"type":"Feature","properties":{"kind":"road","id":"road-1433493081-0","name":"Enugu - Port Harcourt Expressway","osmWay":1433493081,"major":true,"bridge":false},"geometry":{"type":"LineString","coordinates":[[7.4990533,6.3852959],[7.4978136,6.3828302],[7.4968345,6.3793676],[7.496239,6.376655]]}},{"type":"Feature","properties":{"kind":"road","id":"road-1433493082-0","name":"Enugu - Port Harcourt Expressway","osmWay":1433493082,"major":true,"bridge":true},"geometry":{"type":"LineString","coordinates":[[7.4991986,6.3855189],[7.4990533,6.3852959]]}},{"type":"Feature","properties":{"kind":"road","id":"road-1433493083-0","name":"Enugu - Port Harcourt Expressway","osmWay":1433493083,"major":true,"bridge":false},"geometry":{"type":"LineString","coordinates":[[7.4993865,6.3855077],[7.500803,6.3872],[7.502268,6.388415],[7.5037479,6.3892875],[7.5071128,6.3906897]]}},{"type":"Feature","properties":{"kind":"road","id":"road-1433493084-0","name":"Enugu - Port Harcourt Expressway","osmWay":1433493084,"major":true,"bridge":true},"geometry":{"type":"LineString","coordinates":[[7.4992435,6.3852967],[7.4993865,6.3855077]]}},{"type":"Feature","properties":{"kind":"road","id":"road-1433494789-0","name":"Unnamed mapped tertiary","osmWay":1433494789,"major":false,"bridge":false},"geometry":{"type":"LineString","coordinates":[[7.5183683,6.4418411],[7.5176507,6.4421606]]}},{"type":"Feature","properties":{"kind":"road","id":"road-1433569315-0","name":"Mgbemene Street","osmWay":1433569315,"major":false,"bridge":false},"geometry":{"type":"LineString","coordinates":[[7.486757,6.4329809],[7.4875098,6.4325715]]}},{"type":"Feature","properties":{"kind":"road","id":"road-1433569316-0","name":"Mgbemene Street","osmWay":1433569316,"major":false,"bridge":true},"geometry":{"type":"LineString","coordinates":[[7.4866781,6.4330097],[7.486757,6.4329809]]}},{"type":"Feature","properties":{"kind":"road","id":"road-1433583601-0","name":"A343","osmWay":1433583601,"major":true,"bridge":false},"geometry":{"type":"LineString","coordinates":[[7.4336323,6.4656378],[7.4385146,6.4715363]]}},{"type":"Feature","properties":{"kind":"road","id":"road-1433583601-1","name":"A343","osmWay":1433583601,"major":true,"bridge":false},"geometry":{"type":"LineString","coordinates":[[7.4407729,6.4740173],[7.441927,6.4746126],[7.4427196,6.4748164],[7.4438125,6.4748084],[7.4449901,6.4745246],[7.4459329,6.4740249],[7.4504738,6.4708961],[7.4553483,6.4691702]]}},{"type":"Feature","properties":{"kind":"road","id":"road-1433583602-0","name":"A343","osmWay":1433583602,"major":true,"bridge":true},"geometry":{"type":"LineString","coordinates":[[7.4334037,6.4653202],[7.4336323,6.4656378]]}},{"type":"Feature","properties":{"kind":"road","id":"road-1433583603-0","name":"A343","osmWay":1433583603,"major":true,"bridge":false},"geometry":{"type":"LineString","coordinates":[[7.4356655,6.4684061],[7.4340222,6.4663824]]}},{"type":"Feature","properties":{"kind":"road","id":"road-1433583603-1","name":"A343","osmWay":1433583603,"major":true,"bridge":false},"geometry":{"type":"LineString","coordinates":[[7.4554826,6.469287],[7.4503934,6.4711839],[7.4461411,6.4741419],[7.4451768,6.4746723],[7.4440218,6.474983],[7.4429022,6.4750294],[7.44175,6.4747484],[7.440998,6.4743591]]}},{"type":"Feature","properties":{"kind":"road","id":"road-1436030256-0","name":"Unnamed mapped tertiary","osmWay":1436030256,"major":false,"bridge":false},"geometry":{"type":"LineString","coordinates":[[7.5751545,6.4980881],[7.574933,6.499896],[7.57507,6.501948],[7.5747274,6.5034258]]}},{"type":"Feature","properties":{"kind":"road","id":"road-1437148217-0","name":"Unnamed mapped primary","osmWay":1437148217,"major":true,"bridge":false},"geometry":{"type":"LineString","coordinates":[[7.5444361,6.4385089],[7.5416428,6.4386225]]}},{"type":"Feature","properties":{"kind":"road","id":"road-1437148218-0","name":"Unnamed mapped primary","osmWay":1437148218,"major":true,"bridge":false},"geometry":{"type":"LineString","coordinates":[[7.5466731,6.4384548],[7.5444361,6.4385089]]}},{"type":"Feature","properties":{"kind":"road","id":"road-1437148224-0","name":"Lopa Energy Avenue","osmWay":1437148224,"major":true,"bridge":false},"geometry":{"type":"LineString","coordinates":[[7.5684142,6.4454168],[7.5686045,6.4463748],[7.568587,6.4502463],[7.5682878,6.4527606],[7.5675772,6.4553202]]}},{"type":"Feature","properties":{"kind":"road","id":"road-1437148227-0","name":"Unnamed mapped tertiary","osmWay":1437148227,"major":false,"bridge":false},"geometry":{"type":"LineString","coordinates":[[7.5668997,6.4416197],[7.567987,6.4410705],[7.5725069,6.4383418],[7.5730968,6.4378789],[7.5753348,6.4366337],[7.5766323,6.4364453],[7.5831611,6.436074]]}},{"type":"Feature","properties":{"kind":"road","id":"road-1437151160-0","name":"Unnamed mapped primary","osmWay":1437151160,"major":true,"bridge":true},"geometry":{"type":"LineString","coordinates":[[7.5682859,6.4448428],[7.5684142,6.4454168]]}},{"type":"Feature","properties":{"kind":"road","id":"road-1442629637-0","name":"Unnamed mapped secondary","osmWay":1442629637,"major":false,"bridge":false},"geometry":{"type":"LineString","coordinates":[[7.5651294,6.4400399],[7.5662307,6.4384869],[7.5674255,6.4370923],[7.5686204,6.436395],[7.5695877,6.4356411],[7.5725274,6.4317022],[7.5747551,6.4281145]]}},{"type":"Feature","properties":{"kind":"road","id":"road-1442629638-0","name":"Unnamed mapped secondary","osmWay":1442629638,"major":false,"bridge":false},"geometry":{"type":"LineString","coordinates":[[7.5471219,6.4517821],[7.5468201,6.4517929]]}},{"type":"Feature","properties":{"kind":"road","id":"road-1442629641-0","name":"Unnamed mapped secondary","osmWay":1442629641,"major":false,"bridge":false},"geometry":{"type":"LineString","coordinates":[[7.5458711,6.4517135],[7.5468201,6.4517929]]}},{"type":"Feature","properties":{"kind":"road","id":"road-1499147749-0","name":"Proda Road","osmWay":1499147749,"major":false,"bridge":false},"geometry":{"type":"LineString","coordinates":[[7.5883034,6.4452817],[7.5897776,6.4438958],[7.5911938,6.4422447],[7.5979286,6.4340597]]}},{"type":"Feature","properties":{"kind":"road","id":"road-1499465238-0","name":"Abakpa Nike Road","osmWay":1499465238,"major":true,"bridge":true},"geometry":{"type":"LineString","coordinates":[[7.517165,6.476708],[7.517266,6.4760917]]}},{"type":"Feature","properties":{"kind":"road","id":"road-1499465239-0","name":"Abakpa Nike Road","osmWay":1499465239,"major":true,"bridge":false},"geometry":{"type":"LineString","coordinates":[[7.5149498,6.4927907],[7.5138894,6.4963094],[7.5139867,6.4978776]]}},{"type":"Feature","properties":{"kind":"road","id":"road-1499465240-0","name":"Ugwuorie Road","osmWay":1499465240,"major":false,"bridge":false},"geometry":{"type":"LineString","coordinates":[[7.5149498,6.4927907],[7.5149251,6.4927437]]}},{"type":"Feature","properties":{"kind":"road","id":"road-1499465241-0","name":"Abakpa Nike Road","osmWay":1499465241,"major":true,"bridge":false},"geometry":{"type":"LineString","coordinates":[[7.5139569,6.4978768],[7.5138507,6.4963223],[7.5149251,6.4927437]]}},{"type":"Feature","properties":{"kind":"road","id":"road-1499589134-0","name":"Unnamed mapped trunk_link","osmWay":1499589134,"major":false,"bridge":false},"geometry":{"type":"LineString","coordinates":[[7.5982422,6.467083],[7.5983327,6.4667948]]}},{"type":"Feature","properties":{"kind":"road","id":"road-1499589135-0","name":"Unnamed mapped trunk_link","osmWay":1499589135,"major":false,"bridge":false},"geometry":{"type":"LineString","coordinates":[[7.5977231,6.4669265],[7.5978418,6.4666679]]}},{"type":"Feature","properties":{"kind":"road","id":"road-1517706756-0","name":"Unnamed mapped primary_link","osmWay":1517706756,"major":false,"bridge":false},"geometry":{"type":"LineString","coordinates":[[7.5096736,6.4590835],[7.5097528,6.4590682]]}},{"type":"Feature","properties":{"kind":"road","id":"road-1518317916-0","name":"Abakaliki Road","osmWay":1518317916,"major":true,"bridge":false},"geometry":{"type":"LineString","coordinates":[[7.5839971,6.4624508],[7.5853128,6.4628192]]}},{"type":"Feature","properties":{"kind":"road","id":"road-1547276683-0","name":"Unnamed mapped primary_link","osmWay":1547276683,"major":false,"bridge":false},"geometry":{"type":"LineString","coordinates":[[7.5036348,6.4783323],[7.5036857,6.4783652]]}},{"type":"Feature","properties":{"kind":"road","id":"road-1547276684-0","name":"Unnamed mapped primary_link","osmWay":1547276684,"major":false,"bridge":false},"geometry":{"type":"LineString","coordinates":[[7.5004402,6.4848587],[7.5004911,6.4848449]]}},{"type":"Feature","properties":{"kind":"road","id":"road-1547276685-0","name":"Unnamed mapped primary_link","osmWay":1547276685,"major":false,"bridge":false},"geometry":{"type":"LineString","coordinates":[[7.5042562,6.491623],[7.504192,6.4916629]]}},{"type":"Feature","properties":{"kind":"road","id":"road-1547276686-0","name":"Unnamed mapped primary_link","osmWay":1547276686,"major":false,"bridge":false},"geometry":{"type":"LineString","coordinates":[[7.5062632,6.4950409],[7.5062008,6.4950695]]}},{"type":"Feature","properties":{"kind":"road","id":"road-1547276687-0","name":"Nike Lake Road","osmWay":1547276687,"major":true,"bridge":false},"geometry":{"type":"LineString","coordinates":[[7.5055113,6.4757904],[7.5008312,6.4824845],[7.5005502,6.4831766],[7.5004147,6.4840599],[7.5006777,6.4854898],[7.5075828,6.4972248],[7.509018,6.4985017],[7.5099123,6.499043],[7.5138185,6.5002527]]}},{"type":"Feature","properties":{"kind":"road","id":"road-1547276688-0","name":"Nike Lake Road","osmWay":1547276688,"major":true,"bridge":false},"geometry":{"type":"LineString","coordinates":[[7.5138185,6.5002527],[7.5139135,6.5002775]]}},{"type":"Feature","properties":{"kind":"road","id":"road-1560205552-0","name":"Unnamed mapped trunk_link","osmWay":1560205552,"major":false,"bridge":false},"geometry":{"type":"LineString","coordinates":[[7.521416,6.40063],[7.5212918,6.4007385]]}},{"type":"Feature","properties":{"kind":"road","id":"road-1560208576-0","name":"Unnamed mapped trunk_link","osmWay":1560208576,"major":false,"bridge":false},"geometry":{"type":"LineString","coordinates":[[7.525962,6.4074982],[7.5258265,6.4075929]]}},{"type":"Feature","properties":{"kind":"road","id":"road-1560208577-0","name":"Unnamed mapped trunk_link","osmWay":1560208577,"major":false,"bridge":false},"geometry":{"type":"LineString","coordinates":[[7.5261992,6.4079343],[7.5260934,6.4080426]]}},{"type":"Feature","properties":{"kind":"road","id":"road-1563846056-0","name":"Unnamed mapped primary_link","osmWay":1563846056,"major":false,"bridge":false},"geometry":{"type":"LineString","coordinates":[[7.4940928,6.4329164],[7.4940186,6.4329356]]}},{"type":"Feature","properties":{"kind":"road","id":"road-1563846057-0","name":"Unnamed mapped primary_link","osmWay":1563846057,"major":false,"bridge":false},"geometry":{"type":"LineString","coordinates":[[7.4942791,6.4335733],[7.494207,6.433594]]}},{"type":"Feature","properties":{"kind":"rail","id":"rail-390790441-0","name":"Eastern Rail Line","osmWay":390790441,"major":false,"bridge":false},"geometry":{"type":"LineString","coordinates":[[7.5787264,6.4765128],[7.5781363,6.4755387],[7.5778493,6.4753095],[7.572495,6.472045],[7.571363,6.471238],[7.570904,6.470674],[7.5701648,6.4669677],[7.5696123,6.4657471],[7.5683409,6.4639987],[7.5679761,6.4630766],[7.5674772,6.459308],[7.5671768,6.4587217],[7.566281,6.458066],[7.5622523,6.457581],[7.5607234,6.4576236],[7.5575048,6.4590415],[7.5537765,6.4595852],[7.5528082,6.4600916],[7.5501072,6.4624529],[7.5494742,6.4628794],[7.5485516,6.4632285],[7.5474894,6.4633271],[7.54172,6.462842],[7.5365634,6.4628487],[7.5356957,6.4631912],[7.5342232,6.4644331],[7.5331503,6.4646543],[7.5326064,6.4645279],[7.5317985,6.4639454],[7.5308222,6.4614242],[7.530102,6.4608085],[7.5296594,6.4606286],[7.5288896,6.4605926],[7.5257581,6.4615388],[7.5249146,6.4615241],[7.5243339,6.4612749],[7.5228667,6.4594546],[7.5219119,6.4590255],[7.5213674,6.4590335],[7.5193289,6.4596358],[7.5104669,6.4598544],[7.5097091,6.4597824],[7.504047,6.4583046],[7.5028484,6.4578142],[7.5004763,6.4559805],[7.4995369,6.4549238],[7.4988407,6.4538923]]}},{"type":"Feature","properties":{"kind":"rail","id":"rail-392581228-0","name":"Eastern Rail Line","osmWay":392581228,"major":false,"bridge":false},"geometry":{"type":"LineString","coordinates":[[7.5789008,6.4768326],[7.581017,6.4807516],[7.5819075,6.481807],[7.6013803,6.4940235],[7.6192385,6.503239],[7.6253754,6.5094323],[7.625944,6.5098587],[7.6271725,6.5103543],[7.6353049,6.5117028],[7.6446953,6.5159186],[7.6508549,6.5176571]]}},{"type":"Feature","properties":{"kind":"rail","id":"rail-548692609-0","name":"Eastern Rail Line","osmWay":548692609,"major":false,"bridge":true},"geometry":{"type":"LineString","coordinates":[[7.5787264,6.4765128],[7.5789008,6.4768326]]}},{"type":"Feature","properties":{"kind":"rail","id":"rail-1111924968-0","name":"Eastern Rail Line","osmWay":1111924968,"major":false,"bridge":true},"geometry":{"type":"LineString","coordinates":[[7.5437558,6.3599456],[7.5436806,6.3598039]]}},{"type":"Feature","properties":{"kind":"rail","id":"rail-1433173903-0","name":"Eastern Rail Line","osmWay":1433173903,"major":false,"bridge":false},"geometry":{"type":"LineString","coordinates":[[7.5319105,6.401303],[7.5392121,6.3987834],[7.5403842,6.3981197],[7.5424066,6.395998],[7.5429001,6.395321],[7.543172,6.394639],[7.5433588,6.3924902],[7.5439542,6.3912187],[7.5445229,6.3906803],[7.5463253,6.3895128],[7.5467706,6.388937],[7.5500724,6.3830994],[7.5506651,6.3817453],[7.5510299,6.3800833],[7.5510782,6.3787198],[7.5500429,6.3730661],[7.5493991,6.3706883],[7.5485784,6.368769],[7.5437558,6.3599456]]}},{"type":"Feature","properties":{"kind":"rail","id":"rail-1433173904-0","name":"Eastern Rail Line","osmWay":1433173904,"major":false,"bridge":true},"geometry":{"type":"LineString","coordinates":[[7.5074856,6.4101957],[7.5075238,6.4101563]]}},{"type":"Feature","properties":{"kind":"rail","id":"rail-1433173905-0","name":"Eastern Rail Line","osmWay":1433173905,"major":false,"bridge":false},"geometry":{"type":"LineString","coordinates":[[7.5075238,6.4101563],[7.5083721,6.4095013],[7.5094034,6.4092321],[7.5099613,6.4092761],[7.5106801,6.40952],[7.5127521,6.4107221],[7.5138949,6.4109492]]}},{"type":"Feature","properties":{"kind":"rail","id":"rail-1433173906-0","name":"Eastern Rail Line","osmWay":1433173906,"major":false,"bridge":true},"geometry":{"type":"LineString","coordinates":[[7.5138949,6.4109492],[7.5139957,6.4109559]]}},{"type":"Feature","properties":{"kind":"rail","id":"rail-1433173907-0","name":"Eastern Rail Line","osmWay":1433173907,"major":false,"bridge":false},"geometry":{"type":"LineString","coordinates":[[7.5139957,6.4109559],[7.5166225,6.4104635],[7.5181085,6.4095946],[7.5190097,6.4093121],[7.519691,6.4093067],[7.5212949,6.4096586],[7.5224376,6.4095999],[7.5249857,6.408619],[7.525498,6.4082965],[7.5261658,6.4075928],[7.5265226,6.4068519],[7.5270134,6.4043143],[7.5275633,6.4032961],[7.5279227,6.4029096],[7.528781,6.4023739],[7.531568,6.4013951]]}},{"type":"Feature","properties":{"kind":"rail","id":"rail-1433173908-0","name":"Eastern Rail Line","osmWay":1433173908,"major":false,"bridge":true},"geometry":{"type":"LineString","coordinates":[[7.531568,6.4013951],[7.5319105,6.401303]]}},{"type":"Feature","properties":{"kind":"rail","id":"rail-1433193515-0","name":"Eastern Rail Line","osmWay":1433193515,"major":false,"bridge":false},"geometry":{"type":"LineString","coordinates":[[7.4908558,6.4338879],[7.4925309,6.4332125],[7.4963021,6.4328447],[7.4967957,6.4326981],[7.4974126,6.4320798],[7.4975976,6.4316107],[7.4976298,6.4310723],[7.4965784,6.4279112],[7.4965757,6.4273595],[7.4968225,6.4263933],[7.5074856,6.4101957]]}},{"type":"Feature","properties":{"kind":"rail","id":"rail-1433193516-0","name":"Eastern Rail Line","osmWay":1433193516,"major":false,"bridge":true},"geometry":{"type":"LineString","coordinates":[[7.4907831,6.4339243],[7.4908558,6.4338879]]}},{"type":"Feature","properties":{"kind":"rail","id":"rail-1433193547-0","name":"Eastern Rail Line","osmWay":1433193547,"major":false,"bridge":false},"geometry":{"type":"LineString","coordinates":[[7.4987973,6.4538219],[7.4975091,6.4517255],[7.4972624,6.4511178],[7.4972033,6.4503503],[7.4974528,6.448943],[7.4973187,6.4480555],[7.4942207,6.44337],[7.4900754,6.4376076],[7.4892855,6.436323],[7.4892104,6.4355594],[7.4896328,6.4346145],[7.4907831,6.4339243]]}},{"type":"Feature","properties":{"kind":"rail","id":"rail-1433193548-0","name":"Eastern Rail Line","osmWay":1433193548,"major":false,"bridge":true},"geometry":{"type":"LineString","coordinates":[[7.4988407,6.4538923],[7.4987973,6.4538219]]}}]}
