{"type":"FeatureCollection","metadata":{"source":"Geofabrik Nigeria OSM extract, OpenStreetMap contributors, ODbL 1.0; geoBoundaries gbOpen GRID3 2022, CC BY 4.0","surfaceFormatVersion":1,"pbfUrl":"https://download.geofabrik.de/africa/nigeria-261003.osm.pbf","pbfDate":"2026-10-03","pbfSha256":"6dfa568106792fb8a9bba0b12a91e1edfb789d38c452087b2c48bc58326880b5","pbfBytes":709273731,"boundaryRelease":"9469f09","adm1Sha256":"64fa218ac3d453cc1e66412ff461c5dfa1a4a1ade0da93b239a9891b587d28f9","adm2Sha256":"bef7f2cfa45e012f4772eaa61c7b99e5188aeba4d5c6badae7e9f9aae8c02fcd","cityId":"gusau","stateId":"zamfara","stateSourceName":"Zamfara","localUnits":[["gusau","Gusau"]],"coordinatePrecisionDegrees":1e-07,"transportSimplificationDegrees":8e-05,"locationIndex":"sparse_file_array","waterObjects":[["way",90361509],["way",218725740],["way",218725741],["way",218725742],["way",364377090],["way",366294843],["way",366294844],["way",367452303],["way",367818012],["way",367818013],["way",367831454],["way",368465834],["way",571485982],["way",826926101],["way",826962642],["way",828028239],["way",839014976],["way",839014977],["way",1183346741],["way",1198652095],["way",1198655206],["way",1198720923],["way",1199750638],["way",1199750639],["way",1201053461],["way",1202344412],["way",1203138889],["way",1204014893],["way",1206031277],["way",1206312744],["way",1206312745],["way",1206312746],["way",1206312747],["way",1207347155],["way",1207349890],["way",1207422157],["way",1209134183],["way",1209850774],["way",1210177605],["way",1210199886],["way",1210554218],["way",1211353110],["way",1211524050],["way",1211536020],["way",1211537183],["way",1212252972],["way",1212500521],["way",1213288735],["way",1213290046],["way",1213294336],["way",1215621339],["way",1215621340],["way",1216626523],["way",1218955107],["way",1219462007],["way",1219462010],["way",1219465604],["way",1219465605],["way",1219465606],["way",1219469553],["way",1219469554],["way",1219469555],["way",1219469556],["way",1219472717],["way",1221286428],["way",1221286429],["way",1221673747],["way",1221793232],["way",1221795509],["way",1221802466],["way",1221802565],["way",1221815650],["way",1221815651],["way",1221816274],["way",1221820337],["way",1221822182],["way",1222570154],["way",1223601694],["way",1225226718],["way",1225234620],["way",1227556858],["way",1229045526],["way",1230355105],["way",1230518522],["way",1230518523],["way",1230518524]]},"features":[{"type":"Feature","properties":{"kind":"state","id":"state:zamfara","localUnitId":"zamfara","name":"Zamfara"},"geometry":{"type":"Polygon","coordinates":[[[4.9293,11.7645616],[4.9196,11.7899],[4.9230691,11.794832],[4.9228,11.7972],[4.9238,11.8023],[4.9254,11.8084],[4.9264,11.8138],[4.9259,11.8171],[4.9262148,11.8202185],[4.9281573,11.8263897],[4.9313,11.8361],[4.935,11.8451],[4.9371,11.8487],[4.9446,11.8551],[4.953,11.8633],[4.9592,11.8685],[4.9682171,11.8756829],[4.9444,11.8808],[4.8666996,11.9327371],[4.8707133,12.0286016],[4.8607454,12.0476062],[4.863346,12.0593772],[4.8645907,12.0676508],[4.8645526,12.0909124],[4.8745796,12.1182438],[4.8685827,12.1329011],[4.86635,12.1364257],[4.8617305,12.1596464],[4.8726761,12.2081874],[4.8750303,12.2297287],[4.9335837,12.2306518],[4.9504,12.2313],[4.9529495,12.3144141],[4.9668485,12.3078638],[4.9976,12.3007],[5.038448,12.298296],[5.0644,12.2974],[5.0849441,12.2939417],[5.1020978,12.2849018],[5.1167,12.2834],[5.1241005,12.2857972],[5.1280069,12.2856817],[5.1334707,12.2887877],[5.1354225,12.2906979],[5.1379466,12.2931596],[5.1444064,12.3016453],[5.1452553,12.3026004],[5.1477153,12.306466],[5.1525376,12.3095266],[5.1541497,12.3111964],[5.155737,12.3128403],[5.1602441,12.3161124],[5.1715664,12.3202246],[5.1771638,12.319319],[5.1803033,12.3215643],[5.1803382,12.3215893],[5.180358,12.321602],[5.1803846,12.3216176],[5.1818699,12.3224886],[5.1886192,12.322922],[5.1995155,12.3229043],[5.2035971,12.3224772],[5.2416283,12.3312622],[5.2640178,12.338019],[5.2761657,12.3420412],[5.2928682,12.3484394],[5.3115782,12.3557736],[5.3173325,12.3513063],[5.3216487,12.3492431],[5.3335326,12.3460506],[5.3418245,12.3420846],[5.3480321,12.3455508],[5.3528072,12.343958],[5.3601028,12.337522],[5.3756856,12.3283171],[5.3798666,12.3262351],[5.3845372,12.3242611],[5.3926193,12.3294874],[5.39647,12.3448772],[5.4222779,12.3532622],[5.4386735,12.3430403],[5.4542373,12.2967309],[5.4580484,12.2872696],[5.4591005,12.2843487],[5.4619959,12.2779949],[5.4650524,12.2712876],[5.467301,12.2621584],[5.4691787,12.2545347],[5.4696565,12.2525949],[5.475761,12.2524339],[5.5006701,12.2571044],[5.5192759,12.260593],[5.5411,12.2728426],[5.5666702,12.351512],[5.6526,12.3483],[5.6915467,12.3217009],[5.7505724,12.3239248],[5.7505108,12.3239667],[5.7551101,12.3310087],[5.7538224,12.3369169],[5.7567414,12.338779],[5.7726238,12.3834876],[5.7651533,12.4095352],[5.7359066,12.4485663],[5.723343,12.4736934],[5.7172366,12.4869257],[5.7283141,12.5511398],[5.7254841,12.5764864],[5.7230756,12.6206349],[5.6899973,12.6273553],[5.6774338,12.6319239],[5.6941117,12.6891366],[5.6863459,12.7138646],[5.674533,12.7348074],[5.6492779,12.768876],[5.6203764,12.7870688],[5.5882094,12.8040811],[5.6234307,12.8599116],[5.6267428,12.8664742],[5.6299138,12.8727571],[5.6326245,12.8770974],[5.6346804,12.8829284],[5.6748845,12.8679358],[5.6817127,12.8651736],[5.6888846,12.8565504],[5.7339875,12.8267818],[5.7613564,12.8314749],[5.7713256,12.833336],[5.80484,12.837826],[5.8109755,12.8391897],[5.8131328,12.8396692],[5.832255,12.8193699],[5.8360322,12.8147703],[5.8478145,12.8105461],[5.8520452,12.8103144],[5.8553728,12.8115195],[5.8606017,12.8133273],[5.8657356,12.8150423],[5.8695693,12.8159194],[5.8770016,12.8183796],[5.88332,12.8203494],[5.8879517,12.8170608],[5.9113604,12.799689],[5.9288384,12.7870865],[5.9408969,12.7774904],[5.9475,12.7725],[5.9507,12.7653],[5.9532,12.764],[5.9589,12.7608],[5.9613,12.7586],[5.9616735,12.754693],[5.9861039,12.7547336],[6.0244133,12.7487933],[6.0340776,12.7840663],[6.0301711,12.7953465],[6.0092536,12.8798317],[6.0057881,12.9191018],[6.0212,12.9261],[6.0348794,12.9330611],[6.0438846,12.937954],[6.0487294,12.948325],[6.0554,12.9667],[6.0558,12.9711],[6.0557,12.9722],[6.0562071,12.9737892],[6.0572,12.9779],[6.0571,12.98],[6.0569,12.9809],[6.0572,12.9855],[6.057,12.9863],[6.057,12.9884],[6.0566,12.9896],[6.0558,12.9909],[6.0556,12.9928],[6.0557,12.994],[6.0561,12.9955],[6.0558,12.9982],[6.0549,13.0003],[6.0547,13.0033],[6.0538,13.0057],[6.0533,13.0086],[6.0521,13.011],[6.0511,13.0134],[6.0502,13.0161],[6.0498,13.0181],[6.0497,13.0195],[6.0485532,13.0235105],[6.0480705,13.0265598],[6.0477,13.0289],[6.0468891,13.0311964],[6.102,13.0598],[6.1136501,13.0646804],[6.1443884,13.0790482],[6.1908533,13.1007653],[6.229355,13.1354589],[6.2611057,13.1357969],[6.2583093,13.1603329],[6.3000373,13.1824507],[6.3273211,13.17955],[6.3337427,13.1721369],[6.3369,13.1686],[6.3479,13.1573],[6.355913,13.164135],[6.3693466,13.149026],[6.3621324,13.1439942],[6.359031,13.1371303],[6.3917357,13.1298257],[6.3947278,13.1302791],[6.3983554,13.1301085],[6.4026016,13.1291355],[6.4126455,13.1380482],[6.4371214,13.1533634],[6.4487549,13.1583701],[6.451821,13.1580924],[6.4531983,13.1571977],[6.4530569,13.1542505],[6.4526589,13.1535723],[6.4516308,13.1518203],[6.450799,13.1492744],[6.4502523,13.1462193],[6.4503236,13.1433724],[6.450799,13.1409421],[6.4510903,13.1406625],[6.4517883,13.1399926],[6.4529823,13.1388467],[6.4550442,13.1392806],[6.4557902,13.1394377],[6.4592366,13.138859],[6.4613757,13.1373545],[6.463396,13.136313],[6.4643616,13.1340373],[6.4662481,13.1306421],[6.4642279,13.1282117],[6.4609104,13.1245679],[6.4586424,13.1243925],[6.4555803,13.1237363],[6.4538888,13.1261517],[6.4523201,13.1256656],[6.4511079,13.1237907],[6.4503949,13.1220546],[6.4504662,13.1194158],[6.4523654,13.1169346],[6.4628,13.1169],[6.4756249,13.1195624],[6.4818046,13.1208355],[6.4891132,13.1229188],[6.4925002,13.1241919],[6.494461,13.1254071],[6.5014132,13.1285319],[6.5087129,13.13152],[6.5116928,13.1293999],[6.5137131,13.1267959],[6.5151392,13.1250599],[6.5160305,13.124134],[6.5174565,13.1233239],[6.5194174,13.1230345],[6.520487,13.1218193],[6.5206058,13.1195045],[6.5205464,13.1171898],[6.5199522,13.1150486],[6.5196551,13.1138333],[6.5192962,13.1129483],[6.5205796,13.1111427],[6.5220057,13.108226],[6.5226475,13.1061426],[6.5227901,13.1036425],[6.523004,13.1019063],[6.5225049,13.0999618],[6.5205796,13.0972533],[6.5191536,13.0949615],[6.5187257,13.0934336],[6.5191536,13.0915584],[6.5200092,13.0896832],[6.5223622,13.0882247],[6.5252144,13.0870441],[6.5267831,13.0852383],[6.5264979,13.0829464],[6.5251431,13.0810711],[6.5232892,13.079821],[6.5210788,13.0787097],[6.519447,13.0769468],[6.5200958,13.0741762],[6.5218676,13.0666089],[6.5254328,13.0580423],[6.5289431,13.0529129],[6.5361898,13.0490484],[6.5428997,13.0442456],[6.5460192,13.0406277],[6.5512965,13.0325345],[6.56028,13.0277474],[6.5740383,13.0253939],[6.581263,13.0225356],[6.6067906,13.0466043],[6.6571772,13.0927583],[6.6832,13.1072],[6.6842,13.1183],[6.6856,13.1277],[6.6876957,13.132894],[6.7434586,13.118467],[6.792772,13.13226],[6.8063889,13.1080551],[6.8281785,13.0890342],[6.8416804,13.0776154],[6.8549694,13.0656454],[6.8824172,13.0416809],[6.9333324,12.997221],[6.9717364,12.9962201],[7.0323308,12.9957323],[7.0417168,12.995659],[7.0512667,12.9954745],[7.0517462,12.9896469],[7.0489511,12.9868121],[7.050321,12.9840259],[7.0505241,12.9813644],[7.0501082,12.9778324],[7.0499299,12.9733739],[7.050208,12.9702982],[7.0487415,12.9687416],[7.0486227,12.9657305],[7.0497516,12.9646303],[7.0492763,12.9612139],[7.0545052,12.9569288],[7.0565849,12.9554811],[7.0590211,12.9528753],[7.0597342,12.9520067],[7.0597936,12.951138],[7.0587835,12.950501],[7.0578922,12.949864],[7.0583081,12.948011],[7.0578175,12.9463696],[7.0562284,12.9438994],[7.0545647,12.9433203],[7.0521879,12.9432624],[7.0508806,12.9416988],[7.0520096,12.9393823],[7.0520096,12.9382241],[7.0501676,12.9374134],[7.0492169,12.9347494],[7.0499299,12.9333016],[7.0509995,12.9326067],[7.0530792,12.9327804],[7.0551116,12.9303809],[7.0559704,12.927909],[7.0570603,12.9248462],[7.0586646,12.9224717],[7.0596748,12.9191126],[7.0603284,12.9183018],[7.0612197,12.9192864],[7.0620516,12.9191126],[7.0624081,12.9161589],[7.0614574,12.9144793],[7.0613504,12.9128052],[7.0654,12.9126],[7.0644878,12.9101934],[7.0653791,12.9092668],[7.0655616,12.9075178],[7.0652602,12.9056758],[7.0638936,12.9031274],[7.0653791,12.8975091],[7.0662169,12.8925102],[7.0661804,12.8895737],[7.065061,12.8856535],[7.0664301,12.8817332],[7.0649525,12.8772413],[7.0649099,12.8595387],[7.0628576,12.8436],[7.0632826,12.8381459],[7.0685692,12.8321821],[7.0560767,12.8232551],[7.0664722,12.8105732],[7.0664128,12.7996345],[7.0604389,12.7617068],[7.0607142,12.7398416],[7.0430146,12.7195856],[7.0196935,12.7003166],[6.9889918,12.6734419],[7.0003243,12.6704392],[7.0165781,12.666257],[7.0202245,12.6653187],[7.0203182,12.6652679],[7.0204582,12.6651921],[7.0206298,12.665147],[7.0350046,12.6613703],[7.0392878,12.6587401],[7.0444745,12.658857],[7.045636,12.6532218],[7.0463,12.65],[7.0472,12.6377],[7.047,12.634],[7.046,12.6196],[7.0462992,12.6176555],[7.0474407,12.6110543],[7.0516,12.587],[7.0502198,12.5750781],[7.051317,12.563684],[7.0521,12.5534],[7.0512,12.5399],[7.0537,12.5293],[7.0537,12.5163],[7.0541256,12.5141333],[7.0556033,12.5068173],[7.0577,12.497],[7.0588,12.4912],[7.0594,12.4886],[7.0599,12.4808],[7.0659,12.4317],[7.0669,12.4232],[7.0683,12.4113],[7.0747269,12.3749824],[7.0847095,12.3474703],[7.0832834,12.3377185],[7.0828081,12.3293595],[7.0866109,12.31624],[7.093266,12.2825675],[7.0990891,12.2771098],[7.1066949,12.2714197],[7.1188165,12.2602715],[7.1246397,12.2552779],[7.1285188,12.2519096],[7.1284634,12.2518963],[7.1283457,12.2518682],[7.1394947,12.2432],[7.1482803,12.2345447],[7.1504279,12.231586],[7.1499526,12.2069627],[7.1568453,12.1851251],[7.154825,12.1774582],[7.1506,12.1651],[7.1456,12.1472],[7.1350738,12.1318244],[7.1278899,12.124471],[7.1261,12.1135],[7.1254189,12.1116555],[7.1237,12.107],[7.1216,12.1014],[7.1191,12.0972],[7.1172354,12.0939644],[7.1332611,12.0902566],[7.1363985,12.0855713],[7.1362844,12.0815551],[7.1366267,12.0779294],[7.1339457,12.0730765],[7.1302716,12.068389],[7.1316996,12.0648905],[7.1346944,12.0634959],[7.1375542,12.0619341],[7.1397569,12.0638445],[7.1413969,12.0650996],[7.1434647,12.063984],[7.1456752,12.0568018],[7.1465308,12.0521995],[7.1473151,12.0474577],[7.1486791,12.0433504],[7.1503099,12.0418092],[7.150262,12.0390302],[7.1496682,12.0369277],[7.149169,12.0350448],[7.1486699,12.0330224],[7.1503099,12.0314882],[7.1522123,12.03106],[7.1532961,12.0296095],[7.1535813,12.0277684],[7.1538665,12.0255925],[7.1566046,12.0234167],[7.1600272,12.0219661],[7.1633341,12.0220179],[7.1651569,12.0213297],[7.1685837,12.0212408],[7.1705231,12.0203481],[7.1712077,12.0172795],[7.171607,12.0142667],[7.172976,12.0121465],[7.1747443,12.0101379],[7.1765127,12.0083525],[7.1804486,12.0079061],[7.1828445,12.0061207],[7.1843846,12.0037215],[7.1859818,12.0019918],[7.1884917,12.0015454],[7.190146,12.0016012],[7.1919714,12.0015454],[7.1936691,12.00041],[7.195394,11.9994251],[7.1969046,11.9983858],[7.1974475,11.9957425],[7.1968155,11.9953342],[7.1970056,11.9945438],[7.1972961,11.9937842],[7.1972908,11.9926373],[7.1976236,11.9912889],[7.198812,11.9901729],[7.2017592,11.9894754],[7.2055043,11.9890306],[7.2082167,11.9880183],[7.2108007,11.9854619],[7.2119245,11.979718],[7.2095406,11.9759337],[7.2097141,11.9741379],[7.2109667,11.9699071],[7.2110633,11.9641716],[7.2139444,11.962405],[7.2204666,11.9609208],[7.2204666,11.9568489],[7.2197514,11.9514357],[7.2203218,11.9497615],[7.2223183,11.9495941],[7.2235111,11.9517745],[7.2255436,11.9522347],[7.2311766,11.9494444],[7.2378792,11.9455379],[7.2408502,11.9420266],[7.2437974,11.9388641],[7.2465682,11.932563],[7.2359347,11.9213634],[7.2264168,11.9135112],[7.2170837,11.9128735],[7.2052952,11.9085444],[7.2059781,11.9069105],[7.1997649,11.9005145],[7.1930643,11.9006516],[7.1909628,11.9036973],[7.191575,11.9067698],[7.1907,11.907],[7.1825,11.9095],[7.1714,11.9106],[7.1649571,11.9090462],[7.145808,11.9123701],[7.1408178,11.9113405],[7.1446682,11.8872693],[7.1470553,11.8810319],[7.1462369,11.8729651],[7.1462369,11.8659173],[7.1450498,11.8589688],[7.1425681,11.8532865],[7.141816,11.8493091],[7.1007635,11.820451],[7.0748,11.8175],[7.0744305,11.8161297],[7.0724,11.8086],[7.0699,11.8076],[7.0671,11.8064],[7.0626,11.8045],[7.0600183,11.7898754],[7.0565449,11.789476],[7.0550696,11.7887621],[7.0497159,11.7885242],[7.0443685,11.7895865],[7.04261,11.7903792],[7.0396365,11.7961175],[7.0388084,11.798259],[7.0373236,11.8009145],[7.0337544,11.8031131],[7.0319315,11.8049827],[7.0214261,11.8110781],[7.0173376,11.8155849],[6.9987515,11.8106128],[6.9937126,11.8110316],[6.9928108,11.8120207],[6.9921931,11.8126981],[6.9918069,11.8123201],[6.9913315,11.8116512],[6.9909491,11.8108421],[6.989915,11.8107712],[6.987796,11.8101972],[6.9876404,11.8113828],[6.9868453,11.8122037],[6.9856569,11.8124364],[6.9848718,11.8121273],[6.984112,11.8112731],[6.9842015,11.8106595],[6.9838149,11.8101681],[6.9826265,11.8100517],[6.9821214,11.809412],[6.980428,11.8090921],[6.9776649,11.8081033],[6.9775682,11.8084778],[6.9771302,11.8091212],[6.9767736,11.8085977],[6.9758823,11.8060967],[6.9734402,11.8031575],[6.9722993,11.8032273],[6.9717645,11.8039602],[6.9708019,11.8038555],[6.9675576,11.8042045],[6.9636359,11.8044138],[6.9625663,11.8037159],[6.9597794,11.803503],[6.9564698,11.8025642],[6.9556358,11.8016397],[6.9527301,11.8003331],[6.9506586,11.8024247],[6.9486621,11.8025991],[6.948056,11.8039253],[6.9469508,11.8036112],[6.9468082,11.8023898],[6.9457386,11.8013079],[6.9453464,11.7994234],[6.9435282,11.7977133],[6.9414349,11.7973209],[6.9404621,11.7960033],[6.939143,11.7959684],[6.9370098,11.7955612],[6.9343953,11.7948923],[6.9333159,11.7933843],[6.9306222,11.793351],[6.9286368,11.792921],[6.9277958,11.792204],[6.9253283,11.7909852],[6.9250051,11.7895148],[6.9224572,11.7874301],[6.9199473,11.7872812],[6.9173993,11.7858666],[6.9151542,11.7859636],[6.9141669,11.785606],[6.9123883,11.7852855],[6.9098629,11.7857799],[6.9082883,11.7883102],[6.9067434,11.7905496],[6.9056441,11.7924981],[6.9043963,11.7946212],[6.9032673,11.7970932],[6.9022102,11.7988504],[6.9012471,11.7975585],[6.9008123,11.7965072],[6.9003855,11.7938941],[6.90095,11.7930798],[6.901871,11.7918583],[6.9013956,11.7906368],[6.9020524,11.7899103],[6.9022275,11.7889791],[6.9012173,11.7880775],[6.9006231,11.7883392],[6.8991971,11.7880484],[6.8973848,11.7877576],[6.8960811,11.7874766],[6.895721,11.786856],[6.896373,11.7856226],[6.8961769,11.7851781],[6.8953842,11.7833816],[6.8938766,11.7812583],[6.8926312,11.7796723],[6.8913222,11.779119],[6.8914725,11.7779854],[6.8919545,11.776196],[6.8897383,11.7716015],[6.8877774,11.7659007],[6.8862325,11.7613052],[6.8825485,11.7583965],[6.8830832,11.7553715],[6.8858166,11.7523465],[6.8855789,11.7481579],[6.8839745,11.7447255],[6.8854957,11.7354172],[6.8844261,11.7256432],[6.8844261,11.7200578],[6.8839555,11.7168101],[6.8807611,11.7108895],[6.8811504,11.7055994],[6.8779061,11.6984227],[6.8742955,11.6903756],[6.869,11.6785],[6.8658,11.663],[6.8608879,11.6532222],[6.8552,11.6419],[6.852,11.6207],[6.8524246,11.6161891],[6.854398,11.5952212],[6.8544,11.5952],[6.8568,11.589],[6.8674,11.5776],[6.8761,11.5744],[6.8861,11.567],[6.8994053,11.5567336],[6.9023395,11.5544825],[6.9040127,11.5531893],[6.904489,11.5496178],[6.9056396,11.540988],[6.9061537,11.5373907],[6.9066377,11.5340013],[6.9072666,11.5296001],[6.9047608,11.5235863],[6.9031992,11.5198393],[6.9006214,11.5146837],[6.8958788,11.5051985],[6.9011289,11.4918055],[6.9031992,11.4864902],[6.9072666,11.4751024],[6.9007592,11.4588337],[6.8975376,11.4531069],[6.8934383,11.4458199],[6.8914819,11.4414177],[6.8869314,11.4311781],[6.886878,11.4302692],[6.8866512,11.4264133],[6.8865037,11.4239045],[6.8864603,11.4231663],[6.8861179,11.4173498],[6.8869264,11.3963336],[6.8869314,11.3962021],[6.8876207,11.3896516],[6.8894423,11.3836414],[6.8878379,11.3823482],[6.8874101,11.3815793],[6.8854849,11.3787133],[6.882864,11.3742399],[6.8815275,11.3729812],[6.8798519,11.3690316],[6.8791745,11.367319],[6.877891,11.3662005],[6.8766432,11.3657461],[6.8746024,11.3656881],[6.873185,11.3646975],[6.8680389,11.3641032],[6.8628636,11.3633894],[6.8589375,11.3631515],[6.8445418,11.3603556],[6.8375818,11.356251],[6.8346075,11.3536336],[6.8328824,11.351968],[6.8322875,11.3472686],[6.8333583,11.3373938],[6.8353213,11.3288277],[6.839857,11.3188645],[6.8389401,11.3181143],[6.8369733,11.3169729],[6.8362008,11.316128],[6.836839,11.3134659],[6.8364385,11.3109133],[6.8356768,11.3100185],[6.8294864,11.3071842],[6.8284,11.3075],[6.8275849,11.307563],[6.8251487,11.3080291],[6.8246139,11.3096606],[6.8238712,11.3101558],[6.8225045,11.3106511],[6.8210487,11.3104472],[6.8207814,11.3099228],[6.8195456,11.3084089],[6.8153295,11.3081261],[6.7871329,11.3198331],[6.777265,11.3222336],[6.7739983,11.3224029],[6.7706432,11.3201186],[6.7678935,11.3082135],[6.7665366,11.2969063],[6.7667735,11.2721623],[6.7642958,11.2672645],[6.7606355,11.267078],[6.7601601,11.2666118],[6.7595422,11.2640477],[6.7584013,11.2634416],[6.7555492,11.2630221],[6.7536953,11.2622295],[6.7304792,11.2581537],[6.7112056,11.2491593],[6.7033534,11.2390228],[6.6976427,11.2280297],[6.6927886,11.2163228],[6.6890766,11.2036165],[6.6860504,11.1794326],[6.684984,11.1515443],[6.68822,11.1279401],[6.6908754,11.1208907],[6.6955488,11.1159476],[6.6985945,11.114044],[6.7020209,11.1128067],[6.7063991,11.1130922],[6.7104918,11.1125212],[6.7142037,11.1109983],[6.716,11.1062218],[6.7155239,11.1046556],[6.7137175,11.1028364],[6.7120062,11.1014837],[6.7096294,11.0966324],[6.707015,11.0942534],[6.7049971,11.095137],[6.7036115,11.0948945],[6.7009304,11.0965858],[6.6986962,11.0953263],[6.6962054,11.0937595],[6.6959842,11.0935956],[6.6942278,11.0933671],[6.6874185,11.091663],[6.6869,11.0906],[6.6847517,11.0882259],[6.6825817,11.0852564],[6.6810969,11.0811447],[6.6806971,11.0779467],[6.6816818,11.0708025],[6.6830385,11.0676103],[6.6829814,11.0650405],[6.6821,11.0628],[6.6803473,11.0621581],[6.6791589,11.0613184],[6.6782627,11.0594031],[6.6767821,11.0573062],[6.6753085,11.0563731],[6.6733356,11.0579607],[6.672587,11.0593596],[6.6716482,11.0602453],[6.6706975,11.0608518],[6.6686059,11.0628112],[6.666911,11.0625219],[6.6638,11.0615],[6.6638048,11.0556267],[6.6632344,11.0553934],[6.662046,11.0546936],[6.6607813,11.0558412],[6.6596673,11.0554286],[6.6583382,11.0539938],[6.6577202,11.0536205],[6.6565318,11.0519876],[6.6490686,11.0504947],[6.6464221,11.0492944],[6.6450281,11.049375],[6.64425,11.0488167],[6.6438397,11.0497482],[6.6430316,11.0506347],[6.6308148,11.0492817],[6.6271546,11.0480687],[6.6253482,11.0491417],[6.6241598,11.0490951],[6.6226862,11.0470422],[6.6184555,11.0470889],[6.6144655,11.0473396],[6.6067617,11.0465757],[6.6054542,11.0464861],[6.6031965,11.0459692],[6.5998214,11.0446628],[6.5987756,11.041257],[6.5875571,11.0308525],[6.5858934,11.0249735],[6.5845624,11.0239004],[6.5780776,11.0252735],[6.5772894,11.0215674],[6.5740569,11.0215674],[6.5720413,11.0221455],[6.5723704,11.0227557],[6.5724893,11.0233743],[6.5721594,11.0245038],[6.5697799,11.0264073],[6.5681143,11.028073],[6.5646641,11.0303334],[6.5595482,11.0361631],[6.5515771,11.0417549],[6.5411074,11.0450861],[6.5333742,11.0479415],[6.5107693,11.0436584],[6.5002997,11.0384236],[6.4886403,11.0327129],[6.4791225,11.0295006],[6.4685339,11.0226002],[6.4581832,11.0159377],[6.4527104,11.014629],[6.4474756,11.0121306],[6.4435495,11.0098701],[6.437006,11.0076096],[6.4317646,11.0074686],[6.4290238,11.0083883],[6.4271306,11.0095286],[6.4262561,11.0126589],[6.4242953,11.0142337],[6.4215501,11.0177682],[6.4204805,11.0209178],[6.4200884,11.0257469],[6.4189831,11.0277416],[6.4178066,11.0282315],[6.4149188,11.0289314],[6.4132075,11.0304711],[6.4112823,11.031066],[6.4101587,11.0302782],[6.408038,11.0287914],[6.4069328,11.0288964],[6.405831,11.0302782],[6.4037241,11.0329206],[6.4025119,11.0327456],[6.3990305,11.0320428],[6.397485,11.0317308],[6.3955955,11.0318358],[6.3933494,11.0326407],[6.3918655,11.0336695],[6.3916111,11.0338458],[6.3906457,11.0336695],[6.3895374,11.033467],[6.3874218,11.0322805],[6.3864686,11.0321508],[6.3840799,11.0329906],[6.3824755,11.0326057],[6.3782686,11.0305061],[6.3763434,11.030856],[6.3748536,11.0309563],[6.3740471,11.0302507],[6.37178,11.0246971],[6.3708742,11.0235722],[6.3679974,11.0209666],[6.3660786,11.0181499],[6.3656953,11.0178162],[6.3648047,11.0176634],[6.3641188,11.0178827],[6.3588976,11.019552],[6.3579826,11.0198329],[6.3563024,11.0204652],[6.3547027,11.0215476],[6.3538101,11.0223126],[6.3521357,11.0227375],[6.349961,11.0229474],[6.3480973,11.0223013],[6.3467523,11.0222125],[6.3457,11.0235],[6.3452905,11.0239623],[6.344197,11.0241834],[6.3435436,11.0239972],[6.3424688,11.0226785],[6.3419749,11.0220726],[6.3409054,11.0210927],[6.3396575,11.0209178],[6.3383028,11.0209527],[6.3370347,11.0214892],[6.336021,11.0234723],[6.3347019,11.0246621],[6.3326341,11.0258519],[6.3301385,11.0269717],[6.3297106,11.0271817],[6.3286054,11.0271467],[6.3248658,11.0257283],[6.3241912,11.0254725],[6.3233,11.0249104],[6.3224257,11.0240655],[6.3220631,11.0227964],[6.3219725,11.0213914],[6.322879,11.0211195],[6.323935,11.0215476],[6.3247993,11.0227348],[6.3262167,11.0227025],[6.3273576,11.0208828],[6.3274289,11.019588],[6.3267872,11.0188181],[6.3250402,11.0183281],[6.3242559,11.0176632],[6.3236855,11.0146187],[6.3221881,11.0116791],[6.3201203,11.0102093],[6.3177672,11.0100693],[6.3157441,11.0108915],[6.3130968,11.0103842],[6.3120273,11.0093694],[6.3108602,11.0071401],[6.3093015,11.0062877],[6.3080655,11.0046545],[6.3041676,11.003068],[6.3008603,10.9990748],[6.3003164,10.9977707],[6.3016905,10.9949684],[6.3013971,10.9941456],[6.3003703,10.9931787],[6.2963888,10.9926233],[6.2951734,10.9906897],[6.2927216,10.9853206],[6.2898927,10.9817823],[6.2874601,10.9793871],[6.2871056,10.9773388],[6.2870218,10.9758576],[6.2869799,10.9752405],[6.2840042,10.9752816],[6.2832079,10.9745616],[6.2824535,10.972093],[6.2830612,10.9684311],[6.282705,10.967135],[6.28128,10.9646869],[6.2802323,10.9636377],[6.2786397,10.9634525],[6.2747112,10.9645556],[6.2731704,10.9641314],[6.2719549,10.9646251],[6.2688745,10.9666001],[6.2671771,10.9666824],[6.2665485,10.9661064],[6.2423034,10.9886231],[6.2235057,10.9964753],[6.2082772,11.0048034],[6.1961419,11.0176525],[6.1626391,11.0430176],[6.1275182,11.0538679],[6.1199516,11.0597214],[6.1126704,11.0612918],[6.0965377,11.0592931],[6.0778351,11.0562949],[6.0659854,11.05501],[6.0464,11.0544],[6.044778,11.0574193],[6.0399,11.0665],[6.0334142,11.0744271],[6.0327,11.0753],[6.0311,11.0841],[6.0268677,11.0990013],[6.0263,11.101],[6.0262923,11.1010377],[6.0166656,11.118289],[6.0140416,11.1296512],[6.0158784,11.1379028],[6.0159,11.138],[6.0254295,11.1716629],[6.0253462,11.1717278],[6.0289523,11.1761299],[6.0323749,11.1813343],[6.0415303,11.1989612],[6.0484611,11.2097048],[6.0552207,11.2177622],[6.0562706,11.2223609],[6.0562184,11.2223784],[6.0590711,11.2297639],[6.0699378,11.2270782],[6.0658789,11.2101972],[6.0547073,11.2016472],[6.0470342,11.1636012],[6.0468748,11.1628104],[6.0468353,11.1626149],[6.0515278,11.162711],[6.0621482,11.1629284],[6.0692785,11.1641875],[6.0762535,11.1686886],[6.0957,11.1769],[6.1059195,11.1833454],[6.1128093,11.1971055],[6.1172373,11.2074024],[6.1172922,11.2204336],[6.1165188,11.2238838],[6.1147937,11.2270961],[6.1129497,11.229773],[6.1108676,11.2329258],[6.109083,11.2354242],[6.1086666,11.2383986],[6.1097969,11.2423247],[6.1124548,11.2453347],[6.1179573,11.2574997],[6.1217562,11.2646376],[6.1357235,11.2953745],[6.1477587,11.305567],[6.1730807,11.3178561],[6.1905645,11.3340817],[6.1749823,11.3589939],[6.174735,11.3593892],[6.2035985,11.3829924],[6.2044315,11.3836736],[6.2008815,11.3900119],[6.1775889,11.3839539],[6.1542963,11.3830219],[6.1314838,11.3838928],[6.1278619,11.3844939],[6.1244942,11.384871],[6.0922881,11.3862917],[6.0870972,11.3871398],[6.0795704,11.388412],[6.0756772,11.390193],[6.0736873,11.3913804],[6.0537,11.4008],[6.0529445,11.4015431],[6.0388467,11.4207293],[6.0300532,11.4435537],[6.0280186,11.4439319],[6.0256509,11.4449267],[6.0095434,11.4626467],[5.9679532,11.4669102],[5.9611606,11.4540549],[5.9462731,11.4495422],[5.9366039,11.443826],[5.9337991,11.4366401],[5.890599,11.440457],[5.876053,11.4396183],[5.8656451,11.4377974],[5.8441521,11.4327656],[5.835453,11.4353515],[5.8302479,11.4398244],[5.826754,11.4442971],[5.8237159,11.4566703],[5.8240012,11.4678514],[5.8242865,11.4886345],[5.8245717,11.4984868],[5.8164431,11.5154654],[5.8171561,11.5367745],[5.8158955,11.5423719],[5.8162893,11.5463129],[5.8173419,11.5477381],[5.8168193,11.5516164],[5.8159518,11.5531921],[5.8169216,11.5565217],[5.8178564,11.5570878],[5.8171996,11.5601197],[5.8186909,11.56149],[5.8192911,11.5646565],[5.821366,11.5663403],[5.820943,11.5693757],[5.8204082,11.5710639],[5.8199923,11.572752],[5.8200229,11.5746709],[5.8202724,11.5751948],[5.8207716,11.5755092],[5.8209498,11.5761728],[5.8214133,11.5766967],[5.8223402,11.577011],[5.8230176,11.5775698],[5.8235321,11.5776627],[5.8242298,11.5783382],[5.8261194,11.5792463],[5.8265828,11.5821801],[5.8265828,11.5860918],[5.8273672,11.5886414],[5.8288289,11.5896891],[5.8297559,11.5917497],[5.8298985,11.594369],[5.8288388,11.6248148],[5.8222766,11.6343346],[5.8194934,11.6484399],[5.8028053,11.6642075],[5.7878315,11.6788717],[5.7803258,11.6838981],[5.760736,11.6865527],[5.7558315,11.6862758],[5.7207431,11.6877505],[5.7050309,11.687973],[5.7044757,11.6868814],[5.6961971,11.6706034],[5.6961252,11.6705577],[5.6910228,11.667317],[5.6696878,11.6614448],[5.659627,11.6626712],[5.64608,11.6628561],[5.6393685,11.6628561],[5.6049,11.6686],[5.5962168,11.6715113],[5.5802448,11.6754218],[5.5640825,11.6843597],[5.5537345,11.6766899],[5.5531423,11.6756074],[5.5514756,11.6725605],[5.551464,11.6725516],[5.546506,11.668726],[5.5417498,11.6659642],[5.5416,11.6657],[5.5275088,11.6612904],[5.5258926,11.6640837],[5.5219947,11.6666907],[5.5204735,11.6694839],[5.5182869,11.6707874],[5.5155298,11.6705081],[5.5152599,11.6694509],[5.5140748,11.6648091],[5.5137327,11.664742],[5.5095019,11.6639133],[5.505795,11.6630813],[5.5053274,11.6620209],[5.5043277,11.6597535],[5.5041308,11.6595848],[5.5024743,11.6581652],[5.5001575,11.6572576],[5.4972228,11.6558962],[5.4937476,11.657182],[5.4813142,11.6648209],[5.4791518,11.6645183],[5.4745955,11.6642914],[5.4711975,11.6638376],[5.4690351,11.665199],[5.4678185,11.6667124],[5.4659112,11.6693075],[5.4630591,11.6704248],[5.4614904,11.6713559],[5.4599996,11.6730646],[5.4594591,11.6781317],[5.4600769,11.6816862],[5.4602313,11.6844087],[5.4576828,11.6907613],[5.45637,11.6950719],[5.4541304,11.6989286],[5.448879,11.7025585],[5.4456355,11.7046002],[5.4428553,11.7070201],[5.4401524,11.708835],[5.4363683,11.7081544],[5.4328931,11.7073982],[5.4298071,11.7076831],[5.4294005,11.7073116],[5.4289944,11.7068024],[5.4284523,11.7067196],[5.4281671,11.706971],[5.4278556,11.7074287],[5.4273414,11.7074808],[5.4264296,11.7076505],[5.4256572,11.7079065],[5.4243856,11.7080927],[5.4236963,11.7084069],[5.4232923,11.7086513],[5.4226505,11.708756],[5.4222328,11.7087302],[5.421474,11.7085698],[5.4210796,11.7082844],[5.4205114,11.7082673],[5.420122,11.7082796],[5.4198816,11.7082207],[5.4195607,11.7076971],[5.4185149,11.7069291],[5.4176141,11.7061014],[5.4151582,11.7053996],[5.4127631,11.704334],[5.4113349,11.7038994],[5.4105047,11.7039426],[5.4094935,11.7039953],[5.4076648,11.7037987],[5.4065953,11.7034845],[5.4057734,11.7029681],[5.4051692,11.7028794],[5.4046938,11.7029609],[5.4037906,11.7033915],[5.4013074,11.7052808],[5.3991429,11.7082725],[5.3984526,11.709454],[5.3970092,11.7120301],[5.3964502,11.7120822],[5.3957795,11.7121448],[5.3943602,11.7108926],[5.3940254,11.7107343],[5.3935335,11.7107977],[5.3934445,11.7110894],[5.3930674,11.7115075],[5.392692,11.7115709],[5.3920577,11.7116596],[5.3914278,11.7114882],[5.3907244,11.711292],[5.3898311,11.7113554],[5.389158,11.7115329],[5.3886014,11.7113807],[5.387514,11.7115709],[5.3867761,11.7118497],[5.3860739,11.7120459],[5.3853771,11.7121115],[5.3758794,11.7095979],[5.3730299,11.7124937],[5.3709869,11.7136616],[5.3700362,11.7137547],[5.3696369,11.7141457],[5.3689334,11.7143691],[5.3679636,11.7140154],[5.3673383,11.7137702],[5.3667467,11.7138478],[5.3658721,11.7138851],[5.3654728,11.7136058],[5.3650734,11.7127307],[5.3650421,11.7126357],[5.3648643,11.7120977],[5.3644929,11.7113737],[5.3643417,11.7112516],[5.3639136,11.7109061],[5.3622783,11.7101241],[5.3616318,11.7101055],[5.3601253,11.7101577],[5.3548247,11.7097331],[5.3527902,11.7093235],[5.3516112,11.7093328],[5.3498677,11.7093466],[5.3490443,11.7100683],[5.3492605,11.7111795],[5.3492725,11.7112412],[5.3493125,11.7113108],[5.3498619,11.7122653],[5.3503563,11.7135127],[5.3506121,11.7145856],[5.3507303,11.7153271],[5.3507556,11.7154862],[5.3512975,11.7163799],[5.351868,11.7169803],[5.3521389,11.7172177],[5.3526784,11.7174018],[5.353294,11.7177344],[5.3546149,11.7192696],[5.3549842,11.7196989],[5.3558752,11.7222167],[5.3555187,11.7227752],[5.3547068,11.7234922],[5.3542063,11.7244786],[5.3537549,11.7263938],[5.3532798,11.7273831],[5.3529492,11.7280953],[5.352852,11.7285141],[5.3528092,11.7290726],[5.3527094,11.7296311],[5.352253,11.7298824],[5.3517254,11.7302315],[5.3513831,11.7305387],[5.3505275,11.7305527],[5.3500263,11.7310058],[5.3490803,11.7315521],[5.3484169,11.7316837],[5.3477904,11.7319124],[5.3426118,11.7334453],[5.340795,11.7344617],[5.3399299,11.7364947],[5.3386321,11.7379347],[5.3365225,11.7395831],[5.3358636,11.7412382],[5.3362097,11.7435253],[5.3363827,11.7449652],[5.3357771,11.7463205],[5.3364693,11.7478452],[5.3366423,11.7494545],[5.3360367,11.751318],[5.3347389,11.753012],[5.3347389,11.7560613],[5.3332682,11.7581788],[5.3331817,11.7594493],[5.3318839,11.7624137],[5.3308458,11.7653782],[5.3302401,11.768512],[5.3288559,11.7702059],[5.3279907,11.7721539],[5.3263469,11.7730856],[5.3233189,11.7731703],[5.3202044,11.773509],[5.3192527,11.7730856],[5.317955,11.771307],[5.317917,11.7709911],[5.3177819,11.7698671],[5.3172524,11.7693919],[5.3167437,11.7689355],[5.3152074,11.7680926],[5.3139752,11.7672415],[5.3130236,11.765717],[5.3115528,11.7639383],[5.3102537,11.7620667],[5.3090439,11.7608892],[5.307054,11.7582635],[5.3051507,11.7571624],[5.3022957,11.7562307],[5.3000463,11.7554684],[5.2982294,11.755299],[5.2972778,11.7548754],[5.2961531,11.755299],[5.2960666,11.7564001],[5.2967587,11.7588564],[5.2969811,11.7600538],[5.2971047,11.7607198],[5.2989216,11.762329],[5.3007384,11.7635995],[5.3034204,11.765717],[5.3057563,11.7678344],[5.3084383,11.7695283],[5.3100748,11.7707867],[5.3131752,11.7722879],[5.3155117,11.7750267],[5.316956,11.7770714],[5.31751,11.7778558],[5.3181556,11.7818585],[5.3183401,11.7848681],[5.3176945,11.7875766],[5.3157576,11.7908269],[5.3122529,11.7929335],[5.3095475,11.7936859],[5.307211,11.7930539],[5.3044133,11.792452],[5.3027224,11.7920909],[5.3015282,11.7908165],[5.3014249,11.7902593],[5.3006089,11.7858569],[5.3003058,11.7824019],[5.3000052,11.7809295],[5.2995932,11.7807765],[5.2991811,11.7806234],[5.2988153,11.7796207],[5.2987485,11.7794376],[5.2982513,11.7786379],[5.2975373,11.7774897],[5.2958935,11.7759652],[5.2958597,11.7754026],[5.295807,11.7745254],[5.2952485,11.7741837],[5.2951149,11.7741019],[5.2928105,11.7742219],[5.2914812,11.7722386],[5.2895064,11.7713809],[5.2880206,11.7694436],[5.2865499,11.7692742],[5.2856847,11.7703753],[5.2849061,11.7718998],[5.2836948,11.7724927],[5.281878,11.7729162],[5.2792826,11.7742713],[5.2772062,11.7751182],[5.2755624,11.7752029],[5.2742647,11.7758805],[5.2736591,11.7773203],[5.2723613,11.7788448],[5.2707967,11.7800289],[5.2681212,11.7790792],[5.2652671,11.7766428],[5.2637963,11.7751182],[5.2621525,11.7748642],[5.2599896,11.774356],[5.2579133,11.773509],[5.256702,11.7737631],[5.2546257,11.7740172],[5.2516515,11.7743253],[5.2547759,11.7673022],[5.2538046,11.7648127],[5.2379685,11.7558871],[5.2288496,11.7564081],[5.2244318,11.7573318],[5.2231305,11.7567349],[5.2206251,11.7571624],[5.2193274,11.7577553],[5.2192409,11.7597034],[5.2198243,11.7616388],[5.2207981,11.7636842],[5.2207116,11.7655476],[5.2194139,11.7664792],[5.2173375,11.7670721],[5.2152516,11.7684211],[5.2138769,11.77046],[5.2149151,11.7719845],[5.2150016,11.7741019],[5.2141364,11.7751182],[5.211887,11.7762193],[5.2085995,11.777405],[5.206177,11.7786754],[5.2022838,11.7807927],[5.1997749,11.781555],[5.1968334,11.7824019],[5.1951896,11.7835876],[5.1927671,11.7834182],[5.1906439,11.7841463],[5.1896526,11.7854508],[5.1898256,11.7865518],[5.1880088,11.7882456],[5.1858459,11.7886691],[5.1848942,11.7902782],[5.1824718,11.791972],[5.1800494,11.7926495],[5.1778865,11.7923954],[5.1773674,11.7911251],[5.1772809,11.7894313],[5.1772809,11.7878222],[5.1765022,11.7866365],[5.1755506,11.7850274],[5.1741663,11.7834182],[5.1717439,11.7832488],[5.1703596,11.7833335],[5.1690619,11.7824019],[5.1673316,11.7811315],[5.1662069,11.7798611],[5.1666988,11.778322],[5.1675046,11.777405],[5.1680237,11.7758805],[5.1694945,11.7739325],[5.1707922,11.7722386],[5.1717439,11.77046],[5.1729551,11.7690202],[5.1744259,11.7680038],[5.1762427,11.7680038],[5.1787516,11.7681732],[5.180828,11.7678344],[5.1829044,11.7673262],[5.1835965,11.7661405],[5.183337,11.76487],[5.1831639,11.7635995],[5.1839426,11.7615667],[5.1840291,11.7597034],[5.1829909,11.7577553],[5.1823853,11.7553837],[5.1817797,11.7534355],[5.1818662,11.7518262],[5.1814336,11.7503016],[5.1803106,11.7483795],[5.1788157,11.7470303],[5.1774477,11.7441326],[5.1757994,11.7433682],[5.1728498,11.7427736],[5.1702472,11.7421791],[5.1688592,11.7426887],[5.1681651,11.743623],[5.1659096,11.7437929],[5.1638275,11.7432833],[5.1628732,11.7417544],[5.1617454,11.7420941],[5.1588826,11.7407351],[5.158362,11.7387815],[5.157668,11.7371677],[5.1565402,11.736743],[5.1554992,11.7373376],[5.1538509,11.7378472],[5.1511615,11.7385267],[5.1489927,11.7374225],[5.1478649,11.7378472],[5.1458696,11.7369129],[5.1450021,11.732496],[5.1428332,11.7314767],[5.1404042,11.7304574],[5.1379751,11.7302026],[5.1370208,11.7307972],[5.134852,11.7302875],[5.1341579,11.7284188],[5.1333772,11.7290134],[5.1322494,11.7291833],[5.1308613,11.7289285],[5.12956,11.7289285],[5.1286925,11.7301177],[5.1273044,11.7309671],[5.1248754,11.7297779],[5.1223595,11.7306273],[5.1188026,11.7324111],[5.1154193,11.7333454],[5.1123829,11.7346195],[5.108479,11.7349593],[5.1073055,11.7362402],[5.1030136,11.7378472],[5.1005845,11.7372526],[5.0973746,11.736828],[5.0947861,11.7364746],[5.093037,11.7356388],[5.0908805,11.7346741],[5.0846219,11.7324111],[5.081412,11.7323261],[5.078409,11.7308715],[5.0760262,11.7286988],[5.0742983,11.7270598],[5.0731705,11.7268899],[5.0718692,11.7247663],[5.0714354,11.722218],[5.0711752,11.7199245],[5.0697004,11.717631],[5.0669243,11.7142332],[5.0651025,11.7114299],[5.0655362,11.7088815],[5.0628469,11.708117],[5.0615456,11.7087966],[5.0605913,11.7094761],[5.0594635,11.7110901],[5.0578152,11.7116848],[5.0566007,11.7127891],[5.0540848,11.7155074],[5.0527835,11.7172912],[5.051569,11.7200944],[5.0497472,11.7211137],[5.0470578,11.7224728],[5.0440735,11.7238319],[5.0417312,11.7245115],[5.0380875,11.7234072],[5.0371333,11.7227277],[5.0360055,11.7211987],[5.0345307,11.7206041],[5.0341837,11.7194998],[5.0324486,11.7194148],[5.0302798,11.7198396],[5.0288917,11.7221331],[5.0271567,11.7230674],[5.0271567,11.7245964],[5.0272434,11.7274845],[5.0281977,11.7291833],[5.028458,11.7309671],[5.0273302,11.7336002],[5.0252481,11.7342798],[5.022819,11.7362334],[5.0202375,11.7388991],[5.0145487,11.7442413],[5.0100056,11.7454413],[5.008765,11.7493137],[5.0071167,11.7497384],[5.0067697,11.7484644],[5.0057005,11.7465785],[5.0004871,11.7479556],[4.997862,11.7469154],[4.9952995,11.7446512],[4.9933016,11.745529],[4.9923176,11.7465527],[4.9898619,11.7464258],[4.9879868,11.7450184],[4.9870734,11.740674],[4.9840786,11.7392778],[4.9795152,11.7374626],[4.9773048,11.7369739],[4.9737396,11.7381608],[4.9722422,11.7378815],[4.9694364,11.7368653],[4.96611,11.7359966],[4.9649692,11.7368343],[4.9639229,11.7385123],[4.9602908,11.7397324],[4.9564613,11.7391681],[4.9527049,11.7392778],[4.9507089,11.7379147],[4.9474983,11.7360676],[4.9450041,11.7350192],[4.9441157,11.7322727],[4.9410111,11.7308303],[4.9293,11.7645616]]]}},{"type":"Feature","properties":{"kind":"administrative","id":"administrative:gusau","localUnitId":"gusau","name":"Gusau"},"geometry":{"type":"MultiPolygon","coordinates":[[[[6.4981987,11.5938569],[6.4997739,11.593525],[6.5001784,11.5943709],[6.5005401,11.5948849],[6.5006353,11.5955321],[6.5000642,11.5967313],[6.5001974,11.5974928],[6.5008066,11.5979687],[6.5008637,11.5986539],[6.501054,11.5994915],[6.5018916,11.6000816],[6.5041378,11.6007288],[6.5070884,11.600824],[6.5097723,11.6013882],[6.5125087,11.6017451],[6.515721,11.6027564],[6.5175056,11.6034703],[6.5194686,11.6051954],[6.5202419,11.60698],[6.5208603,11.6112326],[6.523142,11.6153185],[6.5276904,11.6191804],[6.5488027,11.6301186],[6.55322,11.6375768],[6.5633214,11.6525915],[6.5677,11.6679],[6.5638511,11.6957809],[6.5652853,11.72301],[6.5632228,11.741335],[6.564755,11.7518413],[6.5795916,11.7763777],[6.583136,11.7886194],[6.5827236,11.8030121],[6.5865787,11.8508162],[6.5786517,11.8848095],[6.5819208,11.9133286],[6.5851485,11.929454],[6.5926068,11.9520207],[6.5900805,11.9583469],[6.5839891,11.9642955],[6.5827225,11.9635282],[6.582804,11.9626405],[6.5827112,11.96197],[6.5821423,11.9616206],[6.5815422,11.9607059],[6.581328,11.9602286],[6.5807653,11.9602572],[6.5792858,11.9614463],[6.5772815,11.9632397],[6.5732648,12.0046704],[6.5743133,12.0111442],[6.5747,12.0214],[6.5773859,12.0338892],[6.5778303,12.0361669],[6.577748,12.0363264],[6.5777404,12.0365701],[6.5778699,12.0379216],[6.5778984,12.0392827],[6.5771881,12.0412646],[6.5785987,12.043637],[6.5786063,12.0441929],[6.5798041,12.0462833],[6.5817,12.056],[6.5777,12.0611],[6.5736,12.0741],[6.5708849,12.0883352],[6.5751133,12.0982285],[6.5766695,12.1031831],[6.571085,12.1064597],[6.5678014,12.1110283],[6.5679441,12.1181191],[6.571323,12.1268279],[6.5815473,12.1400862],[6.5820584,12.1454525],[6.5828146,12.1487043],[6.5848927,12.1576402],[6.5830376,12.1774401],[6.5865264,12.1855065],[6.591319,12.1988563],[6.5978541,12.199249],[6.6053326,12.1983731],[6.6107724,12.1989007],[6.6100682,12.2013684],[6.619472,12.2045122],[6.6228125,12.2049763],[6.6365065,12.2047593],[6.6376949,12.2050845],[6.6381941,12.2052471],[6.6392874,12.2053865],[6.6420819,12.2060975],[6.643019,12.2065248],[6.6435181,12.2066642],[6.6438033,12.2069894],[6.6444926,12.206943],[6.6452532,12.207245],[6.6457842,12.20762],[6.646703,12.2080348],[6.6495911,12.2103083],[6.6508624,12.2114032],[6.6518844,12.2153755],[6.652821,12.2186517],[6.6528661,12.2188931],[6.6549244,12.2213909],[6.6549758,12.2214161],[6.6630885,12.2177121],[6.6665396,12.2151246],[6.6698898,12.2149173],[6.6721715,12.2150288],[6.6756131,12.2156234],[6.6767436,12.2077437],[6.6771819,12.2038354],[6.6796175,12.2007359],[6.6823316,12.1973235],[6.6841569,12.1952234],[6.6862295,12.193402],[6.7015709,12.1974236],[6.7122928,12.1983272],[6.7290641,12.1995359],[6.7304331,12.1996753],[6.7318693,12.1999161],[6.7325865,12.2000795],[6.7330286,12.2004698],[6.7336703,12.2006928],[6.7346828,12.2008183],[6.7425823,12.2023796],[6.7420487,12.2000411],[6.7414426,12.1989994],[6.741246,12.1983949],[6.7424283,12.1968929],[6.7424297,12.1968731],[6.742833,12.1963009],[6.7425209,12.1955414],[6.7432137,12.1911567],[6.7464216,12.1849793],[6.7478583,12.1809566],[6.7536671,12.1688096],[6.7587444,12.1606257],[6.7597211,12.151928],[6.7589192,12.1414435],[6.7567144,12.1375805],[6.7842751,12.1112072],[6.7842871,12.1051321],[6.7843678,12.1032109],[6.7829061,12.1028262],[6.7828465,12.1005844],[6.7876476,12.1006541],[6.7872792,12.0975399],[6.7934014,12.0973464],[6.7955406,12.0973464],[6.8004499,12.0970496],[6.8103184,12.0948743],[6.8246484,12.0879612],[6.8269236,12.077424],[6.8242746,12.0668828],[6.8186965,12.0513835],[6.8156101,12.0465209],[6.810949,12.0218049],[6.8122221,12.0175266],[6.8081731,12.0077458],[6.8054166,12.0028411],[6.8008058,12.0021977],[6.7968088,12.0013384],[6.7945667,11.9991754],[6.7914175,11.9972574],[6.789219,11.9985361],[6.7863668,11.9991754],[6.7819121,12.0011224],[6.7797156,12.0010791],[6.7778721,11.9965303],[6.7794147,11.9944675],[6.7877929,11.9943513],[6.785893,11.9854404],[6.7854124,11.9851334],[6.7791579,11.9860582],[6.7747842,11.9883167],[6.7723599,11.9923621],[6.7686521,11.9946637],[6.7682956,11.9973839],[6.7702921,12.0009409],[6.7686521,12.0028938],[6.7672745,12.0028293],[6.7618522,12.0027388],[6.7587396,12.0022746],[6.7563878,12.0035215],[6.7563641,12.0035081],[6.7535163,12.0018993],[6.7523042,12.0002254],[6.7489529,12.0000859],[6.7475981,11.9997372],[6.7471295,11.9996996],[6.7452774,11.9995509],[6.744978,11.9955093],[6.7432191,11.9733567],[6.7398221,11.949673],[6.72755,11.9343328],[6.706468,11.9187609],[6.6648106,11.8953919],[6.6760925,11.8767581],[6.6788021,11.8695012],[6.6843638,11.8549867],[6.7039746,11.8264381],[6.6986778,11.7953536],[6.6973749,11.7877073],[6.6950214,11.7755434],[6.6909932,11.7579563],[6.6818824,11.7146574],[6.7043458,11.6942344],[6.7042932,11.6941496],[6.7225573,11.671468],[6.7256694,11.6342085],[6.7205462,11.6189037],[6.7136607,11.5940418],[6.6791691,11.5779049],[6.6568812,11.5709709],[6.642876,11.5683153],[6.6278516,11.5730855],[6.6183292,11.573774],[6.6079382,11.5756919],[6.5961919,11.5694956],[6.5845961,11.5668399],[6.5633068,11.564771],[6.5382224,11.5743959],[6.5361174,11.5760887],[6.5343942,11.578359],[6.5334435,11.5790575],[6.5323739,11.5790866],[6.5314232,11.5794941],[6.5308587,11.5800471],[6.5300268,11.5802799],[6.5292247,11.5800471],[6.5286007,11.5797851],[6.5281848,11.5800471],[6.5278877,11.5803963],[6.5275609,11.5810658],[6.5275609,11.5822591],[6.5274123,11.5833651],[6.5270855,11.5841218],[6.5264616,11.5848203],[6.5259863,11.5853442],[6.5256892,11.5860718],[6.5253624,11.586683],[6.5253326,11.5874106],[6.5254812,11.5881673],[6.5250628,11.5888564],[6.5239028,11.5895108],[6.5224454,11.5893323],[6.4971096,11.5918206],[6.4972995,11.5928759],[6.4981987,11.5938569]]],[[[7.0683,12.4113],[7.0747269,12.3749824],[7.0847095,12.3474703],[7.0832834,12.3377185],[7.0828081,12.3293595],[7.0866109,12.31624],[7.093266,12.2825675],[7.0990891,12.2771098],[7.1066949,12.2714197],[7.1188165,12.2602715],[7.1246397,12.2552779],[7.1285188,12.2519096],[7.1284634,12.2518963],[7.1283457,12.2518682],[7.1394947,12.2432],[7.1482803,12.2345447],[7.1504279,12.231586],[7.1499526,12.2069627],[7.1568453,12.1851251],[7.154825,12.1774582],[7.1506,12.1651],[7.1456,12.1472],[7.1350738,12.1318244],[7.1278899,12.124471],[7.1261,12.1135],[7.1254189,12.1116555],[7.1237,12.107],[7.1216,12.1014],[7.1191,12.0972],[7.1172354,12.0939644],[7.0999923,12.0932479],[7.0967098,12.0924472],[7.0860256,12.0865455],[7.0819449,12.0866102],[7.0763574,12.0863335],[7.0725634,12.0848164],[7.0680202,12.0854627],[7.0645204,12.0866571],[7.0609266,12.0866571],[7.0585862,12.0876627],[7.0552665,12.0867135],[7.0517427,12.0877726],[7.0494081,12.0880655],[7.0429154,12.0889956],[7.0409954,12.0904612],[7.0385155,12.0906524],[7.0345901,12.090329],[7.022889,12.0933409],[7.0002324,12.0969078],[6.9965559,12.0909323],[6.9668209,12.0667006],[6.9654425,12.0684821],[6.9630508,12.0688401],[6.9602219,12.0695832],[6.9574411,12.0698622],[6.9569419,12.0717448],[6.956728,12.0733485],[6.9555158,12.07551],[6.9550167,12.0771835],[6.9540898,12.077811],[6.9523072,12.0789266],[6.9504533,12.0803908],[6.9457405,12.0809965],[6.9336933,12.0793741],[6.9229816,12.0811863],[6.9175,12.0893],[6.9149335,12.0901135],[6.911096,12.0871695],[6.9062602,12.0908212],[6.8857832,12.1051542],[6.8964527,12.1189307],[6.899875,12.1316117],[6.9049436,12.1485604],[6.9067875,12.1596649],[6.8961737,12.168672],[6.896719,12.173253],[6.8955127,12.1826548],[6.8952917,12.1895317],[6.8944805,12.1949718],[6.8937272,12.2026814],[6.8914716,12.211807],[6.890868,12.2149194],[6.8900604,12.2177091],[6.8690494,12.2413402],[6.8828871,12.2483373],[6.8961951,12.258024],[6.8990968,12.2687415],[6.8984204,12.2754899],[6.9004402,12.2880376],[6.9034334,12.2966037],[6.93427,12.3136811],[6.9491396,12.3277913],[6.9528457,12.3442192],[6.9539525,12.3752418],[6.9662951,12.398078],[6.9787907,12.4164437],[6.9965413,12.4258834],[7.0100576,12.4332572],[7.0208236,12.4309902],[7.0248879,12.4330792],[7.0659,12.4317],[7.0669,12.4232],[7.0683,12.4113]]]]}},{"type":"Feature","properties":{"kind":"land","id":"gusau","localUnitId":"gusau","name":"Gusau"},"geometry":{"type":"MultiPolygon","coordinates":[[[[6.4997739,11.593525],[6.5001784,11.5943709],[6.5005401,11.5948849],[6.5006353,11.5955321],[6.5000642,11.5967313],[6.5001974,11.5974928],[6.5008066,11.5979687],[6.5008637,11.5986539],[6.501054,11.5994915],[6.5018916,11.6000816],[6.5041378,11.6007288],[6.5070884,11.600824],[6.5097723,11.6013882],[6.5125087,11.6017451],[6.515721,11.6027564],[6.5175056,11.6034703],[6.5194686,11.6051954],[6.5202419,11.60698],[6.5208603,11.6112326],[6.523142,11.6153185],[6.5276904,11.6191804],[6.5488027,11.6301186],[6.55322,11.6375768],[6.5633214,11.6525915],[6.5677,11.6679],[6.5638511,11.6957809],[6.5652853,11.72301],[6.5632228,11.741335],[6.564755,11.7518413],[6.5795916,11.7763777],[6.583136,11.7886194],[6.5827236,11.8030121],[6.5865787,11.8508162],[6.5786517,11.8848095],[6.5819208,11.9133286],[6.5851485,11.929454],[6.5926068,11.9520207],[6.5900805,11.9583469],[6.5839891,11.9642955],[6.5827225,11.9635282],[6.582804,11.9626405],[6.5827112,11.96197],[6.5821423,11.9616206],[6.5815422,11.9607059],[6.581328,11.9602286],[6.5807653,11.9602572],[6.5792858,11.9614463],[6.5772815,11.9632397],[6.5732648,12.0046704],[6.5743133,12.0111442],[6.5747,12.0214],[6.5773859,12.0338892],[6.5778303,12.0361669],[6.577748,12.0363264],[6.5777404,12.0365701],[6.5778699,12.0379216],[6.5778984,12.0392827],[6.5771881,12.0412646],[6.5785987,12.043637],[6.5786063,12.0441929],[6.5798041,12.0462833],[6.5817,12.056],[6.5777,12.0611],[6.5736,12.0741],[6.5708849,12.0883352],[6.5751133,12.0982285],[6.5766695,12.1031831],[6.571085,12.1064597],[6.5678014,12.1110283],[6.5679441,12.1181191],[6.571323,12.1268279],[6.5815473,12.1400862],[6.5820584,12.1454525],[6.5828146,12.1487043],[6.5848927,12.1576402],[6.5830376,12.1774401],[6.5865264,12.1855065],[6.591319,12.1988563],[6.5978541,12.199249],[6.6053326,12.1983731],[6.6107724,12.1989007],[6.6100682,12.2013684],[6.619472,12.2045122],[6.6228125,12.2049763],[6.6365065,12.2047593],[6.6376949,12.2050845],[6.6381941,12.2052471],[6.6392874,12.2053865],[6.6420819,12.2060975],[6.643019,12.2065248],[6.6435181,12.2066642],[6.6438033,12.2069894],[6.6444926,12.206943],[6.6452532,12.207245],[6.6457842,12.20762],[6.646703,12.2080348],[6.6495911,12.2103083],[6.6508624,12.2114032],[6.6518844,12.2153755],[6.652821,12.2186517],[6.6528661,12.2188931],[6.6549244,12.2213909],[6.6549758,12.2214161],[6.6630885,12.2177121],[6.6665396,12.2151246],[6.6698898,12.2149173],[6.6721715,12.2150288],[6.6756131,12.2156234],[6.6767436,12.2077437],[6.6771819,12.2038354],[6.6796175,12.2007359],[6.6823316,12.1973235],[6.6841569,12.1952234],[6.6862295,12.193402],[6.7015709,12.1974236],[6.7122928,12.1983272],[6.7290641,12.1995359],[6.7304331,12.1996753],[6.7318693,12.1999161],[6.7325865,12.2000795],[6.7330286,12.2004698],[6.7336703,12.2006928],[6.7346828,12.2008183],[6.7425823,12.2023796],[6.7420487,12.2000411],[6.7414426,12.1989994],[6.741246,12.1983949],[6.7424283,12.1968929],[6.7424297,12.1968731],[6.742833,12.1963009],[6.7425209,12.1955414],[6.7432137,12.1911567],[6.7464216,12.1849793],[6.7478583,12.1809566],[6.7536671,12.1688096],[6.7587444,12.1606257],[6.7597211,12.151928],[6.7589192,12.1414435],[6.7567144,12.1375805],[6.7842751,12.1112072],[6.7842871,12.1051321],[6.7843678,12.1032109],[6.7829061,12.1028262],[6.7828465,12.1005844],[6.7876476,12.1006541],[6.7872792,12.0975399],[6.7934014,12.0973464],[6.7955406,12.0973464],[6.8004499,12.0970496],[6.8103184,12.0948743],[6.8246484,12.0879612],[6.8269236,12.077424],[6.8242746,12.0668828],[6.8186965,12.0513835],[6.8156101,12.0465209],[6.810949,12.0218049],[6.8122221,12.0175266],[6.8081731,12.0077458],[6.8054166,12.0028411],[6.8008058,12.0021977],[6.7968088,12.0013384],[6.7945667,11.9991754],[6.7914175,11.9972574],[6.789219,11.9985361],[6.7863668,11.9991754],[6.7819121,12.0011224],[6.7797156,12.0010791],[6.7778721,11.9965303],[6.7794147,11.9944675],[6.7877929,11.9943513],[6.785893,11.9854404],[6.7854124,11.9851334],[6.7791579,11.9860582],[6.7747842,11.9883167],[6.7723599,11.9923621],[6.7686521,11.9946637],[6.7682956,11.9973839],[6.7702921,12.0009409],[6.7686521,12.0028938],[6.7672745,12.0028293],[6.7618522,12.0027388],[6.7587396,12.0022746],[6.7563878,12.0035215],[6.7563641,12.0035081],[6.7535163,12.0018993],[6.7523042,12.0002254],[6.7489529,12.0000859],[6.7475981,11.9997372],[6.7471295,11.9996996],[6.7452774,11.9995509],[6.744978,11.9955093],[6.7432191,11.9733567],[6.7398221,11.949673],[6.72755,11.9343328],[6.706468,11.9187609],[6.6648106,11.8953919],[6.6760925,11.8767581],[6.6788021,11.8695012],[6.6843638,11.8549867],[6.7039746,11.8264381],[6.6986778,11.7953536],[6.6973749,11.7877073],[6.6950214,11.7755434],[6.6909932,11.7579563],[6.6818824,11.7146574],[6.7043458,11.6942344],[6.7042932,11.6941496],[6.7225573,11.671468],[6.7256694,11.6342085],[6.7205462,11.6189037],[6.7136607,11.5940418],[6.6791691,11.5779049],[6.6568812,11.5709709],[6.642876,11.5683153],[6.6278516,11.5730855],[6.6183292,11.573774],[6.6079382,11.5756919],[6.5961919,11.5694956],[6.5845961,11.5668399],[6.5633068,11.564771],[6.5382224,11.5743959],[6.5361174,11.5760887],[6.5343942,11.578359],[6.5334435,11.5790575],[6.5323739,11.5790866],[6.5314232,11.5794941],[6.5308587,11.5800471],[6.5300268,11.5802799],[6.5292247,11.5800471],[6.5286007,11.5797851],[6.5281848,11.5800471],[6.5278877,11.5803963],[6.5275609,11.5810658],[6.5275609,11.5822591],[6.5274123,11.5833651],[6.5270855,11.5841218],[6.5264616,11.5848203],[6.5259863,11.5853442],[6.5256892,11.5860718],[6.5253624,11.586683],[6.5253326,11.5874106],[6.5254812,11.5881673],[6.5250628,11.5888564],[6.5239028,11.5895108],[6.5224454,11.5893323],[6.4971096,11.5918206],[6.4972995,11.5928759],[6.4981987,11.5938569],[6.4997739,11.593525]],[[6.6649343,11.6783653],[6.6650004,11.6783757],[6.6650476,11.6784103],[6.6650841,11.6784554],[6.6650853,11.6785212],[6.6650711,11.6785859],[6.6650428,11.6786344],[6.6650428,11.6786587],[6.664965,11.6787327],[6.6648423,11.6787176],[6.6647703,11.6786425],[6.6647573,11.6785663],[6.6647573,11.6784877],[6.6647821,11.6784219],[6.6648647,11.6783826],[6.6649343,11.6783653]],[[6.682926,11.7005283],[6.6830358,11.7006437],[6.6830155,11.7007791],[6.6829179,11.7009184],[6.6828041,11.7009901],[6.6827431,11.7010418],[6.6826577,11.7010936],[6.6826252,11.7011254],[6.6825927,11.7011732],[6.6825195,11.701217],[6.68243,11.7012011],[6.6823772,11.7011971],[6.6823203,11.701221],[6.6823162,11.7011533],[6.6823487,11.7010856],[6.6823528,11.7009901],[6.6823691,11.7009065],[6.6823772,11.7008308],[6.6824056,11.7007313],[6.6824463,11.7006756],[6.6827919,11.7003889],[6.6829301,11.700377],[6.682926,11.7005283]],[[6.6316075,11.9726061],[6.6311872,11.9725696],[6.630963,11.9726518],[6.6306268,11.9727066],[6.6301785,11.9726975],[6.630029,11.9726792],[6.6299543,11.9725513],[6.629945,11.9723229],[6.6299823,11.9722224],[6.6299356,11.9720579],[6.6299076,11.9718935],[6.6298889,11.9716833],[6.6298235,11.9712539],[6.6302082,11.9714308],[6.6304061,11.9715346],[6.6304657,11.9716873],[6.6306408,11.9716456],[6.6306922,11.9717633],[6.6308323,11.9717427],[6.6309443,11.9718112],[6.6312245,11.9717016],[6.6312432,11.9718112],[6.6313833,11.9719209],[6.6314767,11.9720305],[6.6316355,11.9720397],[6.6316635,11.972195],[6.6317569,11.9722041],[6.631813,11.9722955],[6.6317569,11.9724051],[6.6315981,11.97246],[6.6316822,11.9725422],[6.6316075,11.9726061]],[[6.6265707,12.0111647],[6.6266525,12.0112058],[6.6266665,12.01124],[6.6266198,12.0112743],[6.626517,12.0113245],[6.6263839,12.011336],[6.6262929,12.0112994],[6.6263115,12.0112172],[6.6262975,12.0111373],[6.6262438,12.0111076],[6.6262252,12.0109751],[6.6262018,12.0108609],[6.6261644,12.010765],[6.6261644,12.0106691],[6.6262065,12.0105869],[6.6262555,12.0105275],[6.6263069,12.0105275],[6.6263676,12.0105298],[6.626433,12.010532],[6.6264516,12.0106006],[6.6264376,12.0106599],[6.6264563,12.0107148],[6.6264913,12.010765],[6.6265007,12.0108564],[6.6265404,12.0108975],[6.6265521,12.01095],[6.6265567,12.0110139],[6.6265894,12.0110756],[6.6265707,12.0111647]],[[6.6374071,12.0140352],[6.6373756,12.0140153],[6.6374071,12.0139846],[6.6374348,12.0139936],[6.6374625,12.0139791],[6.6374902,12.0139683],[6.6375124,12.0139665],[6.6375272,12.0139846],[6.6375309,12.014037],[6.6375216,12.0140948],[6.6374902,12.0141183],[6.6374348,12.0141093],[6.6374089,12.0140785],[6.6374071,12.0140352]],[[6.6373815,12.0413872],[6.6374416,12.0412761],[6.6375285,12.0412761],[6.6375886,12.0413088],[6.6375886,12.0414591],[6.6375886,12.0415768],[6.6375886,12.0417729],[6.6375886,12.0418774],[6.6375753,12.0419951],[6.6375552,12.0421258],[6.6375151,12.0422108],[6.6374149,12.0422434],[6.6372812,12.0422108],[6.6372545,12.0421389],[6.6372678,12.0420016],[6.6373213,12.0418774],[6.6373681,12.0416291],[6.6373815,12.0413872]],[[6.6402268,12.0559834],[6.6402641,12.0560245],[6.6402781,12.0561022],[6.6402828,12.0562072],[6.6402828,12.0563716],[6.6403015,12.0565041],[6.6403248,12.0566274],[6.6402968,12.0567279],[6.6402127,12.0567735],[6.6400586,12.0568146],[6.6399652,12.0568192],[6.6398858,12.0567553],[6.6397784,12.0565771],[6.6397691,12.0564447],[6.6398065,12.0563808],[6.6397784,12.0562894],[6.6397878,12.0562072],[6.6397924,12.0560976],[6.6398065,12.055956],[6.6398298,12.0558921],[6.6399185,12.0558921],[6.6399933,12.0559012],[6.6401847,12.0559286],[6.6402268,12.0559834]],[[6.6375873,12.0771406],[6.637541,12.0772199],[6.6374914,12.0772642],[6.6374235,12.0772531],[6.6373753,12.0771784],[6.6373697,12.0770801],[6.6374376,12.0770275],[6.6375509,12.0770676],[6.6375873,12.0771406]],[[6.7050718,12.0775648],[6.7051276,12.0775858],[6.7051212,12.0776404],[6.705177,12.0776593],[6.705207,12.0776026],[6.7052349,12.0775795],[6.7052821,12.0776467],[6.7052843,12.0777768],[6.7052456,12.077888],[6.7051984,12.0779488],[6.7050997,12.0779677],[6.7050332,12.0779446],[6.704956,12.0778754],[6.7049452,12.0777915],[6.7049839,12.0777096],[6.7050117,12.0776131],[6.7050718,12.0775648]],[[6.6434677,12.0793586],[6.6436479,12.0793691],[6.6438625,12.0794236],[6.6439548,12.079495],[6.6439655,12.0797006],[6.6439469,12.07983],[6.6440855,12.079794],[6.6442836,12.0797847],[6.6442917,12.0799251],[6.644075,12.0799524],[6.6438797,12.0800091],[6.6437016,12.0800133],[6.6435235,12.0799839],[6.643472,12.0796209],[6.6434677,12.0793586]],[[6.7059849,12.0949164],[6.7062102,12.0946122],[6.706575,12.0945492],[6.706693,12.0946017],[6.7066393,12.09478],[6.7066608,12.0950633],[6.7064677,12.0953046],[6.7063389,12.0956508],[6.7060171,12.0966159],[6.7058669,12.0968257],[6.7057059,12.0970041],[6.7055128,12.0971404],[6.7052553,12.0972768],[6.7051266,12.0970565],[6.7051553,12.0969441],[6.7052339,12.0966369],[6.7053948,12.096553],[6.7054699,12.0963012],[6.705545,12.0961963],[6.7056845,12.0959025],[6.7056308,12.0956088],[6.7057918,12.095399],[6.7059849,12.095357],[6.7059849,12.0949164]],[[6.6156636,12.1374778],[6.6156985,12.1374909],[6.6156771,12.1375617],[6.615669,12.1376378],[6.6156261,12.1376745],[6.6155725,12.1376981],[6.6155027,12.1376955],[6.6154062,12.1376902],[6.6153552,12.1376876],[6.6152881,12.1376876],[6.6152559,12.1376771],[6.6151782,12.1376929],[6.615095,12.137706],[6.6150226,12.1376981],[6.6150467,12.1376561],[6.6150897,12.1375749],[6.6151621,12.1375067],[6.6151808,12.1374516],[6.6152264,12.1373756],[6.6153015,12.137352],[6.6153901,12.1373625],[6.6154491,12.1374044],[6.6155027,12.137407],[6.6155322,12.1374044],[6.6155885,12.137428],[6.6156046,12.1374621],[6.6156261,12.1374909],[6.6156636,12.1374778]],[[6.6725082,12.1467988],[6.6724629,12.1469444],[6.671427,12.1466554],[6.6714529,12.146552],[6.6708379,12.1464571],[6.6703458,12.1462355],[6.6691546,12.1461912],[6.6671865,12.1465457],[6.6663837,12.1455077],[6.666287,12.1454966],[6.6639495,12.1452292],[6.6634686,12.1457117],[6.6629654,12.1462166],[6.6619814,12.1462672],[6.6613858,12.1453811],[6.6622921,12.1413811],[6.6619037,12.1403431],[6.6626547,12.1394063],[6.6622921,12.1373556],[6.6627324,12.1349252],[6.6668758,12.1322415],[6.6719773,12.1282666],[6.6755164,12.1308462],[6.6747095,12.1319534],[6.6706606,12.1351644],[6.6704766,12.1354689],[6.6704341,12.135898],[6.6717442,12.1391584],[6.6726921,12.1432412],[6.6727375,12.1443108],[6.6727569,12.145097],[6.6731356,12.1457869],[6.673223,12.1466539],[6.6733755,12.1470285],[6.6730871,12.1470084],[6.6727925,12.1466761],[6.6725082,12.1467988]],[[6.7064368,12.1457457],[6.7064676,12.1458481],[6.7064552,12.1459746],[6.7064368,12.1461794],[6.7064984,12.1463421],[6.7065415,12.1464566],[6.7065353,12.1465228],[6.7065169,12.146577],[6.7064552,12.1466373],[6.7063474,12.146577],[6.7062642,12.1464445],[6.7061471,12.1463361],[6.7060424,12.1462879],[6.7059191,12.1462216],[6.7059315,12.146077],[6.7059438,12.1459927],[6.7059376,12.1457939],[6.70595,12.1456915],[6.706104,12.1457096],[6.7062272,12.1457457],[6.7063382,12.1457216],[6.7064368,12.1457457]],[[6.640287,12.1572217],[6.6398234,12.1566988],[6.6395025,12.1568731],[6.6394847,12.1562979],[6.6390033,12.156141],[6.6383614,12.156141],[6.6381118,12.1564722],[6.6378978,12.1565593],[6.6378978,12.1562979],[6.6375769,12.1559667],[6.636721,12.1560887],[6.6369528,12.1558447],[6.6368458,12.1552172],[6.636614,12.1549906],[6.6370241,12.1548163],[6.6377195,12.1552869],[6.63788,12.1551475],[6.6371668,12.1542236],[6.6372916,12.1538227],[6.6378443,12.1535613],[6.6378443,12.153143],[6.6387536,12.1527769],[6.638718,12.1544851],[6.6393599,12.1548511],[6.6401444,12.155008],[6.6402514,12.1545025],[6.6400196,12.1543457],[6.6401979,12.1538402],[6.6395917,12.1535613],[6.6391994,12.1526723],[6.6393242,12.1523586],[6.6396808,12.1527072],[6.6401444,12.152498],[6.6399839,12.1520797],[6.6403405,12.1519577],[6.6407506,12.1525329],[6.6406436,12.153265],[6.6409824,12.1538227],[6.6412855,12.1537356],[6.641446,12.1532998],[6.6419809,12.1534393],[6.6424801,12.1532824],[6.6426406,12.1527595],[6.6429972,12.1526898],[6.6433716,12.1522714],[6.643122,12.1516091],[6.6433181,12.1509293],[6.6426228,12.1503541],[6.6433895,12.1504064],[6.6439065,12.1513476],[6.6441027,12.1502669],[6.6443523,12.1494302],[6.6442988,12.1485936],[6.6437996,12.1484715],[6.6439244,12.1481055],[6.6444593,12.147966],[6.6452438,12.1479835],[6.6460996,12.1488202],[6.6461888,12.1501275],[6.6463136,12.1515568],[6.6480788,12.1504586],[6.6481501,12.1510339],[6.6481501,12.1518705],[6.6479361,12.1522889],[6.6468485,12.1520623],[6.6459748,12.1524632],[6.6463671,12.15262],[6.646688,12.1532475],[6.6460818,12.1539796],[6.6437996,12.1555135],[6.6450655,12.1555484],[6.645226,12.1561933],[6.6458322,12.1565942],[6.64585,12.1572391],[6.645333,12.1578666],[6.6436391,12.1620324],[6.6434786,12.1630956],[6.643122,12.164246],[6.6410716,12.1668604],[6.6398413,12.1673659],[6.6391816,12.1675402],[6.6385575,12.1673484],[6.6380048,12.1669127],[6.6378621,12.1663201],[6.6377373,12.164734],[6.6372059,12.1645558],[6.6372151,12.1643984],[6.6372233,12.1641797],[6.6380761,12.1644551],[6.6383079,12.1641762],[6.6387536,12.1642983],[6.6391281,12.1640019],[6.6393064,12.1630956],[6.6395738,12.1628864],[6.6393064,12.161492],[6.6394134,12.1602022],[6.6387715,12.1602545],[6.6379869,12.159505],[6.6373272,12.1592784],[6.6373094,12.1589995],[6.6375412,12.1585812],[6.6379156,12.1585812],[6.6384505,12.1589124],[6.6391102,12.1592261],[6.6392885,12.1588078],[6.639663,12.1589124],[6.6399839,12.1589124],[6.6398234,12.1583721],[6.6392351,12.1579537],[6.639663,12.1577969],[6.6397343,12.1570822],[6.6400731,12.1573437],[6.640287,12.1572217]],[[6.5977395,12.1593323],[6.5977815,12.1593186],[6.5978119,12.1593323],[6.5978586,12.1594122],[6.5978796,12.1594624],[6.5978796,12.1595308],[6.5978586,12.1596107],[6.5978399,12.1596724],[6.5978212,12.1597249],[6.5977442,12.1597797],[6.5976741,12.1598048],[6.5975971,12.1598116],[6.597548,12.1597751],[6.59752,12.159702],[6.5975457,12.1595902],[6.5976018,12.1595286],[6.5976531,12.1594738],[6.5976975,12.1593733],[6.5977395,12.1593323]],[[6.7274468,12.0552848],[6.72743,12.0552428],[6.7273796,12.0552464],[6.7273684,12.0552062],[6.7272974,12.055188],[6.7272357,12.0551825],[6.7272357,12.0551569],[6.7272544,12.055124],[6.7273067,12.0551259],[6.7273459,12.0551039],[6.7273478,12.0550656],[6.7273011,12.0550546],[6.7272619,12.0550272],[6.7272264,12.0549633],[6.7272152,12.0548701],[6.727232,12.054839],[6.7272675,12.0548738],[6.7272992,12.0549012],[6.7273161,12.0549066],[6.7273515,12.0548993],[6.7273796,12.054892],[6.7274095,12.0549267],[6.7274393,12.054934],[6.7274618,12.0549596],[6.7274449,12.0550016],[6.7274431,12.055051],[6.7274113,12.0550637],[6.7274132,12.0550893],[6.7274431,12.055124],[6.7274655,12.0551624],[6.7274916,12.0552099],[6.727501,12.0552355],[6.7275458,12.0551953],[6.727557,12.0552282],[6.7275365,12.0552738],[6.7275645,12.0553049],[6.7276,12.055325],[6.7275981,12.0553506],[6.7275925,12.0553853],[6.7275907,12.0554364],[6.7275552,12.0554346],[6.727557,12.0554675],[6.7275589,12.0554967],[6.7276299,12.0555241],[6.7276822,12.055557],[6.7276168,12.0555698],[6.7275626,12.055588],[6.7274842,12.0555442],[6.7274636,12.055493],[6.7274991,12.0554638],[6.7275029,12.0554364],[6.7274636,12.0554255],[6.7274244,12.0554455],[6.7273758,12.0553633],[6.7273702,12.0553122],[6.7274244,12.0553213],[6.7274468,12.0552848]],[[6.7115426,12.0560917],[6.7115879,12.0559117],[6.7118144,12.0557705],[6.7119871,12.0556985],[6.7121428,12.0557262],[6.7123042,12.0558287],[6.7123325,12.0560003],[6.7122249,12.0561526],[6.7118455,12.0563215],[6.7117071,12.0563137],[6.7116502,12.0563104],[6.7115454,12.0562329],[6.7115426,12.0560917]],[[6.7267082,12.0562943],[6.7267636,12.0562497],[6.7268191,12.0561678],[6.7268585,12.05614],[6.7268634,12.0561726],[6.7268413,12.0562136],[6.726792,12.0562967],[6.7267266,12.056369],[6.7266502,12.0564317],[6.7265874,12.056457],[6.7265331,12.0564401],[6.7264629,12.056398],[6.7263729,12.0563799],[6.7263002,12.0563931],[6.726214,12.0563642],[6.7262213,12.0563232],[6.7262312,12.0562738],[6.7262596,12.0562389],[6.7263039,12.0562184],[6.726336,12.0561895],[6.7263692,12.0561449],[6.7263483,12.0561039],[6.7263742,12.0560954],[6.7264148,12.0561063],[6.7263976,12.0560701],[6.7264,12.0560304],[6.7264333,12.0560219],[6.7264358,12.0560436],[6.7264185,12.0560629],[6.7264333,12.0560882],[6.7264543,12.056081],[6.72649,12.0560762],[6.7264777,12.0560545],[6.7265023,12.0560364],[6.726527,12.0560677],[6.7265566,12.0561003],[6.7265997,12.0561135],[6.7265923,12.0560882],[6.7266083,12.0560593],[6.7266453,12.0560822],[6.7266897,12.056122],[6.7266626,12.05614],[6.7266576,12.0561834],[6.7266724,12.0561955],[6.7267069,12.0561919],[6.7267192,12.0562172],[6.7266835,12.0562437],[6.7266317,12.0562594],[6.7266539,12.0562847],[6.7266675,12.056316],[6.7267082,12.0562943]],[[6.7286326,12.0680373],[6.7288544,12.0682687],[6.7289135,12.068582],[6.7288988,12.0688086],[6.7288051,12.0689532],[6.7286523,12.068905],[6.7286671,12.0687748],[6.7287016,12.068476],[6.7285192,12.068124],[6.7284255,12.0677673],[6.7281248,12.0674925],[6.7279917,12.0671792],[6.7278931,12.0670924],[6.727829,12.0668948],[6.7280311,12.0667742],[6.7285192,12.0666103],[6.728603,12.0668176],[6.7284797,12.0670731],[6.7285438,12.0673045],[6.7284945,12.0674781],[6.7286473,12.0677432],[6.7286326,12.0680373]],[[6.7191788,12.1029745],[6.7191739,12.1030127],[6.7191349,12.1030747],[6.7191072,12.1030938],[6.7190893,12.1031288],[6.7190698,12.1031574],[6.7190259,12.1031908],[6.7189901,12.1031956],[6.7189348,12.1031765],[6.7189007,12.1031208],[6.7189104,12.1030715],[6.7188844,12.1030556],[6.7188796,12.1030063],[6.7189104,12.102965],[6.7189316,12.1029189],[6.7189706,12.1029221],[6.719008,12.1028982],[6.7190357,12.1028934],[6.7190373,12.1029284],[6.719021,12.1029396],[6.7190308,12.1029602],[6.7190584,12.1029332],[6.7190942,12.1029284],[6.719117,12.1029396],[6.7191446,12.1029348],[6.7191771,12.1029284],[6.7191885,12.1029427],[6.7191788,12.1029745]],[[6.7651445,12.1284053],[6.7647675,12.1283266],[6.7651306,12.1275375],[6.765252,12.1276239],[6.7651687,12.1277271],[6.7652281,12.1277932],[6.7651662,12.1278976],[6.7652761,12.1279462],[6.7652753,12.1280153],[6.7653193,12.1281318],[6.7652042,12.1281722],[6.7652382,12.1283114],[6.7651445,12.1284053]],[[6.7364283,12.1447438],[6.7363465,12.1448054],[6.7362566,12.1448434],[6.7361735,12.1449326],[6.7360528,12.145263],[6.7358851,12.1461624],[6.7358235,12.1462528],[6.7357403,12.1462856],[6.7347962,12.146167],[6.7342356,12.1461047],[6.7340961,12.1460732],[6.7340331,12.1460103],[6.7339768,12.1459146],[6.7337917,12.1453626],[6.7337514,12.1450716],[6.7337662,12.1447884],[6.7338277,12.1446666],[6.7339137,12.1444632],[6.7341712,12.1443033],[6.7342731,12.144121],[6.7343053,12.1438339],[6.7342772,12.1434314],[6.734131,12.1430931],[6.7340022,12.1428689],[6.7339768,12.142688],[6.7340653,12.1425372],[6.7343482,12.1423996],[6.7345668,12.1423602],[6.7348176,12.1423969],[6.7349772,12.1425254],[6.7352575,12.1426841],[6.7355807,12.1426172],[6.7357993,12.1425621],[6.7362003,12.1425595],[6.7363746,12.1425595],[6.7366065,12.1426055],[6.736612,12.142827],[6.7365423,12.1431731],[6.736439,12.1434511],[6.7362995,12.1437342],[6.7363036,12.1439676],[6.7363358,12.144142],[6.7363773,12.1443151],[6.736486,12.1444724],[6.7364994,12.1446087],[6.7364283,12.1447438]],[[6.7310903,12.1505376],[6.7311222,12.150503],[6.7312177,12.1504303],[6.7313027,12.15042],[6.7313593,12.1504546],[6.7314053,12.1505272],[6.7315009,12.1506068],[6.7315504,12.1507348],[6.7315646,12.1508248],[6.7315044,12.150887],[6.7313664,12.150932],[6.7312779,12.1508801],[6.7311965,12.1507625],[6.7310691,12.1506449],[6.7310903,12.1505376]],[[6.7137503,12.1611754],[6.7135401,12.1613352],[6.7134654,12.1613854],[6.7132646,12.1613398],[6.7133066,12.1612165],[6.7131385,12.1611069],[6.7130077,12.1611389],[6.712947,12.1612622],[6.7128443,12.16139],[6.7126948,12.1613261],[6.7125781,12.1612302],[6.7124567,12.1612622],[6.7122699,12.1612576],[6.7121951,12.1612804],[6.7119663,12.1611845],[6.7119757,12.1610887],[6.7120737,12.1609426],[6.7120971,12.1608376],[6.7124894,12.1600889],[6.7125641,12.1598972],[6.7126902,12.1596324],[6.7128489,12.1594132],[6.7128723,12.1592763],[6.7129423,12.1590982],[6.7130171,12.1590435],[6.7131712,12.159048],[6.7132786,12.1591119],[6.7132132,12.1593265],[6.7130824,12.1593493],[6.7129937,12.1594452],[6.7130498,12.1595411],[6.7131291,12.1595593],[6.7133019,12.1594315],[6.7134093,12.1593356],[6.713414,12.1591941],[6.7134934,12.158975],[6.7135541,12.1587832],[6.7136335,12.1586645],[6.7135961,12.1584819],[6.7136475,12.1582582],[6.7137036,12.157925],[6.7138343,12.1578519],[6.7140445,12.1576237],[6.7138997,12.1575232],[6.7137082,12.1575369],[6.7137176,12.1573908],[6.7138343,12.1571763],[6.7139464,12.1571991],[6.7139324,12.1573269],[6.7140678,12.1572995],[6.7142126,12.1573132],[6.714334,12.1573771],[6.7145348,12.1573954],[6.7145862,12.1574502],[6.7147777,12.1575232],[6.714787,12.1576282],[6.7147029,12.1577241],[6.7147169,12.1578885],[6.7146189,12.1581806],[6.7146189,12.1585504],[6.7145208,12.1589841],[6.7145442,12.1592032],[6.7145628,12.1593356],[6.7147963,12.1594543],[6.7149131,12.1593858],[6.7149831,12.1593402],[6.7152306,12.1594406],[6.715226,12.1596369],[6.7151653,12.1597693],[6.7151419,12.1598835],[6.7150158,12.1600387],[6.714843,12.1602395],[6.7145955,12.1603948],[6.7144554,12.1604267],[6.7143574,12.1604724],[6.7137503,12.1611754]]],[[[7.0747269,12.3749824],[7.0847095,12.3474703],[7.0832834,12.3377185],[7.0828081,12.3293595],[7.0866109,12.31624],[7.093266,12.2825675],[7.0990891,12.2771098],[7.1066949,12.2714197],[7.1188165,12.2602715],[7.1246397,12.2552779],[7.1285188,12.2519096],[7.1284634,12.2518963],[7.1283457,12.2518682],[7.1394947,12.2432],[7.1482803,12.2345447],[7.1504279,12.231586],[7.1499526,12.2069627],[7.1568453,12.1851251],[7.154825,12.1774582],[7.1506,12.1651],[7.1456,12.1472],[7.1350738,12.1318244],[7.1278899,12.124471],[7.1261,12.1135],[7.1254189,12.1116555],[7.1237,12.107],[7.1216,12.1014],[7.1191,12.0972],[7.1172354,12.0939644],[7.0999923,12.0932479],[7.0967098,12.0924472],[7.0860256,12.0865455],[7.0819449,12.0866102],[7.0763574,12.0863335],[7.0725634,12.0848164],[7.0680202,12.0854627],[7.0645204,12.0866571],[7.0609266,12.0866571],[7.0585862,12.0876627],[7.0552665,12.0867135],[7.0517427,12.0877726],[7.0494081,12.0880655],[7.0429154,12.0889956],[7.0409954,12.0904612],[7.0385155,12.0906524],[7.0345901,12.090329],[7.022889,12.0933409],[7.0002324,12.0969078],[6.9965559,12.0909323],[6.9668209,12.0667006],[6.9654425,12.0684821],[6.9630508,12.0688401],[6.9602219,12.0695832],[6.9574411,12.0698622],[6.9569419,12.0717448],[6.956728,12.0733485],[6.9555158,12.07551],[6.9550167,12.0771835],[6.9540898,12.077811],[6.9523072,12.0789266],[6.9504533,12.0803908],[6.9457405,12.0809965],[6.9336933,12.0793741],[6.9229816,12.0811863],[6.9175,12.0893],[6.9149335,12.0901135],[6.911096,12.0871695],[6.9062602,12.0908212],[6.8857832,12.1051542],[6.8964527,12.1189307],[6.899875,12.1316117],[6.9049436,12.1485604],[6.9067875,12.1596649],[6.8961737,12.168672],[6.896719,12.173253],[6.8955127,12.1826548],[6.8952917,12.1895317],[6.8944805,12.1949718],[6.8937272,12.2026814],[6.8914716,12.211807],[6.890868,12.2149194],[6.8900604,12.2177091],[6.8690494,12.2413402],[6.8828871,12.2483373],[6.8961951,12.258024],[6.8990968,12.2687415],[6.8984204,12.2754899],[6.9004402,12.2880376],[6.9034334,12.2966037],[6.93427,12.3136811],[6.9491396,12.3277913],[6.9528457,12.3442192],[6.9539525,12.3752418],[6.9662951,12.398078],[6.9787907,12.4164437],[6.9965413,12.4258834],[7.0100576,12.4332572],[7.0208236,12.4309902],[7.0248879,12.4330792],[7.0659,12.4317],[7.0669,12.4232],[7.0683,12.4113],[7.0747269,12.3749824]],[[6.9259288,12.1603096],[6.9260021,12.1603634],[6.9259746,12.1604305],[6.9259357,12.1604955],[6.9259036,12.1606097],[6.9258418,12.1606455],[6.9258372,12.1606746],[6.9258945,12.1606881],[6.9258968,12.160744],[6.925757,12.1607754],[6.9257456,12.1607373],[6.9257387,12.1606903],[6.9257044,12.1606522],[6.9257044,12.1606097],[6.9256517,12.1606052],[6.9256723,12.1605425],[6.925654,12.1605022],[6.925654,12.1604395],[6.9256769,12.1603925],[6.9256929,12.160341],[6.9257227,12.1603365],[6.9257456,12.1603768],[6.9257708,12.1604149],[6.9257983,12.1603858],[6.9258235,12.1603589],[6.9258006,12.1603141],[6.9257754,12.1602962],[6.9257593,12.1602648],[6.9257937,12.1602335],[6.9258143,12.1602604],[6.9258395,12.1602425],[6.9258647,12.1602089],[6.925867,12.1601887],[6.9258624,12.1601596],[6.9258647,12.1601171],[6.9258876,12.1601014],[6.9259242,12.1601171],[6.9259288,12.1601395],[6.9259609,12.1601305],[6.9259792,12.160173],[6.9259105,12.1602559],[6.9259288,12.1603096]],[[6.9350053,12.1710497],[6.9350316,12.1711031],[6.9351125,12.1712385],[6.9351584,12.1712452],[6.9351642,12.171289],[6.9351915,12.1713272],[6.9351779,12.1713729],[6.9351486,12.1713882],[6.935133,12.1713882],[6.935096,12.1713996],[6.9350394,12.1713882],[6.9350248,12.1713396],[6.9349887,12.1713005],[6.9349058,12.1712776],[6.9349399,12.1711946],[6.9349506,12.1711575],[6.9349633,12.1710517],[6.9350053,12.1710497]],[[6.9352177,12.171522],[6.935174,12.1714592],[6.9353076,12.1713412],[6.9354258,12.1713965],[6.9355799,12.1715923],[6.9356313,12.1716928],[6.935621,12.1717455],[6.9355645,12.1717781],[6.9355234,12.171743],[6.9354772,12.1717078],[6.9354669,12.1716476],[6.9353898,12.1716124],[6.9352177,12.171522]],[[6.9360166,12.1714492],[6.9360551,12.1714869],[6.9361733,12.1714391],[6.9362452,12.1714592],[6.9362375,12.1715999],[6.9362658,12.1716727],[6.9362555,12.171748],[6.9362067,12.1718058],[6.9361656,12.171974],[6.936032,12.1719388],[6.9359806,12.171856],[6.9359267,12.1718635],[6.9358548,12.1717832],[6.9358316,12.17163],[6.9358265,12.1715421],[6.9359061,12.1714291],[6.9360166,12.1714492]],[[6.9206008,12.1738444],[6.9207242,12.173889],[6.920735,12.1739572],[6.9207805,12.174007],[6.9208342,12.174062],[6.920806,12.1740869],[6.920751,12.1740974],[6.9206652,12.1740869],[6.9206022,12.1740974],[6.9205177,12.1741158],[6.9204654,12.1740896],[6.9204319,12.173965],[6.9204158,12.1738837],[6.920456,12.1738339],[6.9206008,12.1738444]],[[6.9295543,12.2762174],[6.9296083,12.2762263],[6.929656,12.2762525],[6.9296919,12.276293],[6.9297116,12.2763429],[6.9297128,12.2763964],[6.9296955,12.2764472],[6.9296615,12.2764892],[6.9296151,12.2765176],[6.9295615,12.2765288],[6.9295072,12.2765217],[6.9294637,12.2765008],[6.9294286,12.2764679],[6.9294053,12.2764263],[6.9293959,12.2763798],[6.9294012,12.2763327],[6.9294208,12.2762893],[6.9294529,12.2762537],[6.9295003,12.2762269],[6.9295543,12.2762174]],[[6.9257041,12.2768829],[6.9258046,12.2769237],[6.9258855,12.276995],[6.9259373,12.2770886],[6.925954,12.2771937],[6.9259339,12.2772982],[6.9258791,12.2773902],[6.925796,12.2774589],[6.9256942,12.2774966],[6.9255853,12.2774988],[6.925482,12.2774653],[6.9254032,12.2774074],[6.9253461,12.2773289],[6.9253161,12.2772371],[6.9253161,12.2771407],[6.925346,12.2770489],[6.925403,12.2769703],[6.925491,12.2769077],[6.9255953,12.2768774],[6.9257041,12.2768829]],[[6.9508776,12.091385],[6.9509299,12.0914335],[6.9509514,12.0914781],[6.9509661,12.0916263],[6.9509608,12.0916499],[6.9509447,12.0916669],[6.9508682,12.0916722],[6.9507609,12.0916617],[6.9506724,12.0916394],[6.9506147,12.0916],[6.9505209,12.0915725],[6.9504632,12.0915345],[6.9504565,12.0914689],[6.9504873,12.0914046],[6.9505289,12.0913797],[6.9506228,12.0913496],[6.9507878,12.0913535],[6.9508776,12.091385]],[[7.0647102,12.145624],[7.0646887,12.1456764],[7.0647451,12.1456817],[7.0647853,12.1457184],[7.064783,12.1458873],[7.0647036,12.1459741],[7.0645168,12.146006],[7.06433,12.1459969],[7.0642553,12.1459375],[7.0641712,12.1459147],[7.0640236,12.1458574],[7.0640155,12.1458023],[7.0640262,12.1457184],[7.0639377,12.145527],[7.063978,12.1454221],[7.0640423,12.1453172],[7.0640557,12.145291],[7.0641764,12.1452333],[7.0642381,12.1453565],[7.0642837,12.1454772],[7.0643266,12.1454798],[7.0645359,12.1455008],[7.0645734,12.1454876],[7.0646217,12.1455112],[7.0646887,12.1455689],[7.0647102,12.145624]],[[6.9393039,12.1721168],[6.9392486,12.172071],[6.9391415,12.1720416],[6.9391114,12.172017],[6.9391733,12.1719401],[6.9392168,12.1718779],[6.9393156,12.1718779],[6.9394294,12.1719188],[6.9394746,12.1719974],[6.9394445,12.1721381],[6.9393658,12.1721397],[6.9393039,12.1721168]],[[6.9377543,12.1720927],[6.9379696,12.1719208],[6.9379517,12.1723102],[6.9379998,12.1725427],[6.9378943,12.172868],[6.9377651,12.1729487],[6.9374816,12.1728996],[6.9373344,12.1728014],[6.9372698,12.1728505],[6.9371622,12.1728575],[6.9371119,12.1729066],[6.937015,12.1729066],[6.9369504,12.1728224],[6.9370114,12.1726716],[6.9370509,12.172619],[6.9370258,12.1725418],[6.9371622,12.1724646],[6.9371622,12.1724155],[6.937094,12.1723348],[6.9371406,12.1722646],[6.9372303,12.1722681],[6.9372626,12.1723874],[6.9373129,12.17244],[6.9373667,12.1722155],[6.9374528,12.1722296],[6.9374672,12.1723278],[6.9375641,12.1722822],[6.9375928,12.1721313],[6.9377543,12.1720927]],[[6.936916,12.1724916],[6.9369405,12.1725031],[6.9369424,12.1725529],[6.9369097,12.172588],[6.9368718,12.1725711],[6.9368395,12.1725452],[6.9368385,12.1725107],[6.9368679,12.1724858],[6.936916,12.1724916]],[[7.0198447,12.1730022],[7.0198176,12.1729923],[7.0198086,12.1729692],[7.0198424,12.1729416],[7.0198131,12.1728942],[7.019839,12.1728568],[7.0198977,12.1728105],[7.0199236,12.1727675],[7.0198988,12.1727223],[7.0198582,12.1727763],[7.0197793,12.1728149],[7.0197714,12.172741],[7.0197556,12.1727036],[7.0197567,12.1726606],[7.0197274,12.1726198],[7.0197714,12.1725162],[7.0198593,12.1725008],[7.0200465,12.1725129],[7.0201344,12.1725129],[7.0202359,12.1725372],[7.0202911,12.1725923],[7.0202832,12.1726683],[7.0202528,12.1727256],[7.0201604,12.1727928],[7.0201198,12.1728898],[7.0200487,12.1729857],[7.0198796,12.1730011],[7.0198447,12.1730022]],[[6.9405339,12.1728997],[6.940495,12.1729817],[6.940466,12.1730032],[6.9403971,12.1729603],[6.940425,12.1730374],[6.9403511,12.1730667],[6.9403551,12.1729817],[6.9402552,12.172931],[6.9401973,12.1729407],[6.9401753,12.1729222],[6.9400324,12.172929],[6.9399984,12.1729075],[6.9399844,12.1727659],[6.9400324,12.1726663],[6.9401043,12.1726809],[6.9401163,12.1727454],[6.9402572,12.1728685],[6.940453,12.1728479],[6.940464,12.1728909],[6.9405339,12.1728997]],[[6.9405429,12.173138],[6.940507,12.1730345],[6.940482,12.1730267],[6.940487,12.1730022],[6.9405409,12.173011],[6.9405669,12.1729319],[6.9406129,12.1729476],[6.9406049,12.1730179],[6.9405679,12.1730872],[6.9405589,12.1731019],[6.9405669,12.1731419],[6.9405429,12.173138]],[[6.9408092,12.1731931],[6.9408027,12.1732382],[6.9408231,12.1732907],[6.940879,12.1732844],[6.9409283,12.1732697],[6.9409563,12.173234],[6.9410046,12.1732886],[6.9410303,12.1733578],[6.9409251,12.1734124],[6.9408571,12.1734264],[6.9407609,12.1733473],[6.9407093,12.1733117],[6.9406385,12.1732508],[6.9406277,12.1731794],[6.9407168,12.1731605],[6.9408092,12.1731931]],[[6.9403835,12.1957277],[6.9403226,12.195748],[6.9402506,12.1957551],[6.9402006,12.1957385],[6.9401653,12.1957957],[6.9401202,12.1958564],[6.9400921,12.1958838],[6.9400799,12.1959184],[6.9400421,12.1959291],[6.9400046,12.1959251],[6.939938,12.1958797],[6.939944,12.1958146],[6.9399339,12.1957298],[6.9399339,12.195641],[6.9399763,12.1955049],[6.9400389,12.1954595],[6.9400692,12.1954595],[6.9401277,12.1953964],[6.9401882,12.1953727],[6.9402649,12.195349],[6.9404204,12.195353],[6.940491,12.1953964],[6.9405394,12.1954319],[6.9405859,12.1954615],[6.940631,12.1955335],[6.940653,12.1955966],[6.9406481,12.1956765],[6.9406359,12.1957015],[6.9405847,12.1957456],[6.9405384,12.1957933],[6.940481,12.1957837],[6.9404408,12.195723],[6.9403835,12.1957277]],[[6.9362816,12.1997739],[6.9365654,12.1997368],[6.9367267,12.1996136],[6.9368804,12.1996],[6.9369618,12.1995702],[6.9370087,12.1995365],[6.9372613,12.1996624],[6.9373858,12.1997244],[6.9373614,12.199994],[6.9373957,12.2001838],[6.937372,12.2001985],[6.9372296,12.2002866],[6.9369179,12.2003618],[6.9365348,12.2002189],[6.9362621,12.1999933],[6.9362816,12.1997739]],[[7.0490545,12.2026182],[7.048907,12.20255],[7.048797,12.2024635],[7.0487943,12.2023219],[7.0488211,12.2021935],[7.0489553,12.2021043],[7.0490867,12.2021568],[7.0491698,12.2022616],[7.0492074,12.2024032],[7.0491618,12.2025684],[7.0490545,12.2026182]],[[6.9563175,12.2251506],[6.9561609,12.2251843],[6.9561122,12.2251665],[6.9559821,12.2251923],[6.9558703,12.2252181],[6.9557503,12.2252439],[6.9557117,12.2253214],[6.9556162,12.2253333],[6.9554779,12.2252857],[6.9552665,12.2252996],[6.9551385,12.2253333],[6.9550429,12.2252439],[6.9550206,12.2251585],[6.954984,12.2250711],[6.9550978,12.2250949],[6.9551405,12.2249678],[6.9550978,12.2248744],[6.9551832,12.2248685],[6.9551771,12.224787],[6.9550978,12.2247691],[6.9551202,12.2247294],[6.9551771,12.2247632],[6.9552157,12.2247652],[6.9552218,12.2249698],[6.9553438,12.2250115],[6.9553357,12.2248486],[6.9553824,12.2247215],[6.9554942,12.2247552],[6.9556751,12.2248029],[6.9560126,12.2246778],[6.9560552,12.2246182],[6.9558723,12.2244016],[6.9557239,12.2244195],[6.9558398,12.224199],[6.955915,12.2241871],[6.9560674,12.2242248],[6.9561325,12.2242129],[6.9561548,12.2241414],[6.9562524,12.2240937],[6.9563805,12.2240837],[6.9564902,12.2240937],[6.9567179,12.2242427],[6.9567403,12.22435],[6.9568541,12.224346],[6.9568927,12.2242526],[6.9569883,12.2242884],[6.9569903,12.2244215],[6.957096,12.2244354],[6.9571773,12.2244791],[6.9571712,12.2245367],[6.9571976,12.2245645],[6.9572281,12.2246142],[6.9571997,12.2247274],[6.9571021,12.224795],[6.9570147,12.224795],[6.9568033,12.2249221],[6.9567769,12.2250294],[6.9565268,12.225087],[6.9563967,12.2251128],[6.9563703,12.225081],[6.9563358,12.225091],[6.9563175,12.2251506]],[[6.9549858,12.2276945],[6.9548743,12.2277464],[6.9547522,12.2277325],[6.9546442,12.2276685],[6.9546248,12.2275872],[6.9547062,12.2275596],[6.9546867,12.2274178],[6.9548725,12.2273503],[6.9550194,12.2275613],[6.9549397,12.2276028],[6.9549858,12.2276945]],[[6.9678487,12.2582041],[6.967867,12.2581207],[6.9679056,12.2580591],[6.9679747,12.2580214],[6.9681069,12.2579995],[6.9681821,12.2580353],[6.9682004,12.2581286],[6.9681922,12.2582279],[6.9681373,12.2582915],[6.9680947,12.2583014],[6.9680194,12.2583134],[6.967928,12.2583153],[6.9679016,12.2582875],[6.9678487,12.2582041]]]]}},{"type":"Feature","properties":{"kind":"water","id":"water:gusau","localUnitId":"gusau","name":"Mapped water in Gusau"},"geometry":{"type":"MultiPolygon","coordinates":[[[[6.6650428,11.6786587],[6.6650428,11.6786344],[6.6650711,11.6785859],[6.6650853,11.6785212],[6.6650841,11.6784554],[6.6650476,11.6784103],[6.6650004,11.6783757],[6.6649343,11.6783653],[6.6648647,11.6783826],[6.6647821,11.6784219],[6.6647573,11.6784877],[6.6647573,11.6785663],[6.6647703,11.6786425],[6.6648423,11.6787176],[6.664965,11.6787327],[6.6650428,11.6786587]]],[[[6.6823487,11.7010856],[6.6823162,11.7011533],[6.6823203,11.701221],[6.6823772,11.7011971],[6.68243,11.7012011],[6.6825195,11.701217],[6.6825927,11.7011732],[6.6826252,11.7011254],[6.6826577,11.7010936],[6.6827431,11.7010418],[6.6828041,11.7009901],[6.6829179,11.7009184],[6.6830155,11.7007791],[6.6830358,11.7006437],[6.682926,11.7005283],[6.6829301,11.700377],[6.6827919,11.7003889],[6.6824463,11.7006756],[6.6824056,11.7007313],[6.6823772,11.7008308],[6.6823691,11.7009065],[6.6823528,11.7009901],[6.6823487,11.7010856]]],[[[6.6314767,11.9720305],[6.6313833,11.9719209],[6.6312432,11.9718112],[6.6312245,11.9717016],[6.6309443,11.9718112],[6.6308323,11.9717427],[6.6306922,11.9717633],[6.6306408,11.9716456],[6.6304657,11.9716873],[6.6304061,11.9715346],[6.6302082,11.9714308],[6.6298235,11.9712539],[6.6298889,11.9716833],[6.6299076,11.9718935],[6.6299356,11.9720579],[6.6299823,11.9722224],[6.629945,11.9723229],[6.6299543,11.9725513],[6.630029,11.9726792],[6.6301785,11.9726975],[6.6306268,11.9727066],[6.630963,11.9726518],[6.6311872,11.9725696],[6.6316075,11.9726061],[6.6316822,11.9725422],[6.6315981,11.97246],[6.6317569,11.9724051],[6.631813,11.9722955],[6.6317569,11.9722041],[6.6316635,11.972195],[6.6316355,11.9720397],[6.6314767,11.9720305]]],[[[6.6264516,12.0106006],[6.626433,12.010532],[6.6263676,12.0105298],[6.6263069,12.0105275],[6.6262555,12.0105275],[6.6262065,12.0105869],[6.6261644,12.0106691],[6.6261644,12.010765],[6.6262018,12.0108609],[6.6262252,12.0109751],[6.6262438,12.0111076],[6.6262975,12.0111373],[6.6263115,12.0112172],[6.6262929,12.0112994],[6.6263839,12.011336],[6.626517,12.0113245],[6.6266198,12.0112743],[6.6266665,12.01124],[6.6266525,12.0112058],[6.6265707,12.0111647],[6.6265894,12.0110756],[6.6265567,12.0110139],[6.6265521,12.01095],[6.6265404,12.0108975],[6.6265007,12.0108564],[6.6264913,12.010765],[6.6264563,12.0107148],[6.6264376,12.0106599],[6.6264516,12.0106006]]],[[[6.6374625,12.0139791],[6.6374348,12.0139936],[6.6374071,12.0139846],[6.6373756,12.0140153],[6.6374071,12.0140352],[6.6374089,12.0140785],[6.6374348,12.0141093],[6.6374902,12.0141183],[6.6375216,12.0140948],[6.6375309,12.014037],[6.6375272,12.0139846],[6.6375124,12.0139665],[6.6374902,12.0139683],[6.6374625,12.0139791]]],[[[6.6375552,12.0421258],[6.6375753,12.0419951],[6.6375886,12.0418774],[6.6375886,12.0417729],[6.6375886,12.0415768],[6.6375886,12.0414591],[6.6375886,12.0413088],[6.6375285,12.0412761],[6.6374416,12.0412761],[6.6373815,12.0413872],[6.6373681,12.0416291],[6.6373213,12.0418774],[6.6372678,12.0420016],[6.6372545,12.0421389],[6.6372812,12.0422108],[6.6374149,12.0422434],[6.6375151,12.0422108],[6.6375552,12.0421258]]],[[[6.6398065,12.0563808],[6.6397691,12.0564447],[6.6397784,12.0565771],[6.6398858,12.0567553],[6.6399652,12.0568192],[6.6400586,12.0568146],[6.6402127,12.0567735],[6.6402968,12.0567279],[6.6403248,12.0566274],[6.6403015,12.0565041],[6.6402828,12.0563716],[6.6402828,12.0562072],[6.6402781,12.0561022],[6.6402641,12.0560245],[6.6402268,12.0559834],[6.6401847,12.0559286],[6.6399933,12.0559012],[6.6399185,12.0558921],[6.6398298,12.0558921],[6.6398065,12.055956],[6.6397924,12.0560976],[6.6397878,12.0562072],[6.6397784,12.0562894],[6.6398065,12.0563808]]],[[[6.6375509,12.0770676],[6.6374376,12.0770275],[6.6373697,12.0770801],[6.6373753,12.0771784],[6.6374235,12.0772531],[6.6374914,12.0772642],[6.637541,12.0772199],[6.6375873,12.0771406],[6.6375509,12.0770676]]],[[[6.7052456,12.077888],[6.7052843,12.0777768],[6.7052821,12.0776467],[6.7052349,12.0775795],[6.705207,12.0776026],[6.705177,12.0776593],[6.7051212,12.0776404],[6.7051276,12.0775858],[6.7050718,12.0775648],[6.7050117,12.0776131],[6.7049839,12.0777096],[6.7049452,12.0777915],[6.704956,12.0778754],[6.7050332,12.0779446],[6.7050997,12.0779677],[6.7051984,12.0779488],[6.7052456,12.077888]]],[[[6.6439469,12.07983],[6.6439655,12.0797006],[6.6439548,12.079495],[6.6438625,12.0794236],[6.6436479,12.0793691],[6.6434677,12.0793586],[6.643472,12.0796209],[6.6435235,12.0799839],[6.6437016,12.0800133],[6.6438797,12.0800091],[6.644075,12.0799524],[6.6442917,12.0799251],[6.6442836,12.0797847],[6.6440855,12.079794],[6.6439469,12.07983]]],[[[6.7051553,12.0969441],[6.7051266,12.0970565],[6.7052553,12.0972768],[6.7055128,12.0971404],[6.7057059,12.0970041],[6.7058669,12.0968257],[6.7060171,12.0966159],[6.7063389,12.0956508],[6.7064677,12.0953046],[6.7066608,12.0950633],[6.7066393,12.09478],[6.706693,12.0946017],[6.706575,12.0945492],[6.7062102,12.0946122],[6.7059849,12.0949164],[6.7059849,12.095357],[6.7057918,12.095399],[6.7056308,12.0956088],[6.7056845,12.0959025],[6.705545,12.0961963],[6.7054699,12.0963012],[6.7053948,12.096553],[6.7052339,12.0966369],[6.7051553,12.0969441]]],[[[6.6153015,12.137352],[6.6152264,12.1373756],[6.6151808,12.1374516],[6.6151621,12.1375067],[6.6150897,12.1375749],[6.6150467,12.1376561],[6.6150226,12.1376981],[6.615095,12.137706],[6.6151782,12.1376929],[6.6152559,12.1376771],[6.6152881,12.1376876],[6.6153552,12.1376876],[6.6154062,12.1376902],[6.6155027,12.1376955],[6.6155725,12.1376981],[6.6156261,12.1376745],[6.615669,12.1376378],[6.6156771,12.1375617],[6.6156985,12.1374909],[6.6156636,12.1374778],[6.6156261,12.1374909],[6.6156046,12.1374621],[6.6155885,12.137428],[6.6155322,12.1374044],[6.6155027,12.137407],[6.6154491,12.1374044],[6.6153901,12.1373625],[6.6153015,12.137352]]],[[[6.6717442,12.1391584],[6.6704341,12.135898],[6.6704766,12.1354689],[6.6706606,12.1351644],[6.6747095,12.1319534],[6.6755164,12.1308462],[6.6719773,12.1282666],[6.6668758,12.1322415],[6.6627324,12.1349252],[6.6622921,12.1373556],[6.6626547,12.1394063],[6.6619037,12.1403431],[6.6622921,12.1413811],[6.6613858,12.1453811],[6.6619814,12.1462672],[6.6629654,12.1462166],[6.6634686,12.1457117],[6.6639495,12.1452292],[6.666287,12.1454966],[6.6663837,12.1455077],[6.6671865,12.1465457],[6.6691546,12.1461912],[6.6703458,12.1462355],[6.6708379,12.1464571],[6.6714529,12.146552],[6.671427,12.1466554],[6.6724629,12.1469444],[6.6725082,12.1467988],[6.6727925,12.1466761],[6.6730871,12.1470084],[6.6733755,12.1470285],[6.673223,12.1466539],[6.6731356,12.1457869],[6.6727569,12.145097],[6.6727375,12.1443108],[6.6726921,12.1432412],[6.6717442,12.1391584]]],[[[6.7060424,12.1462879],[6.7061471,12.1463361],[6.7062642,12.1464445],[6.7063474,12.146577],[6.7064552,12.1466373],[6.7065169,12.146577],[6.7065353,12.1465228],[6.7065415,12.1464566],[6.7064984,12.1463421],[6.7064368,12.1461794],[6.7064552,12.1459746],[6.7064676,12.1458481],[6.7064368,12.1457457],[6.7063382,12.1457216],[6.7062272,12.1457457],[6.706104,12.1457096],[6.70595,12.1456915],[6.7059376,12.1457939],[6.7059438,12.1459927],[6.7059315,12.146077],[6.7059191,12.1462216],[6.7060424,12.1462879]]],[[[6.6392885,12.1588078],[6.6391102,12.1592261],[6.6384505,12.1589124],[6.6379156,12.1585812],[6.6375412,12.1585812],[6.6373094,12.1589995],[6.6373272,12.1592784],[6.6379869,12.159505],[6.6387715,12.1602545],[6.6394134,12.1602022],[6.6393064,12.161492],[6.6395738,12.1628864],[6.6393064,12.1630956],[6.6391281,12.1640019],[6.6387536,12.1642983],[6.6383079,12.1641762],[6.6380761,12.1644551],[6.6372233,12.1641797],[6.6372151,12.1643984],[6.6372059,12.1645558],[6.6377373,12.164734],[6.6378621,12.1663201],[6.6380048,12.1669127],[6.6385575,12.1673484],[6.6391816,12.1675402],[6.6398413,12.1673659],[6.6410716,12.1668604],[6.643122,12.164246],[6.6434786,12.1630956],[6.6436391,12.1620324],[6.645333,12.1578666],[6.64585,12.1572391],[6.6458322,12.1565942],[6.645226,12.1561933],[6.6450655,12.1555484],[6.6437996,12.1555135],[6.6460818,12.1539796],[6.646688,12.1532475],[6.6463671,12.15262],[6.6459748,12.1524632],[6.6468485,12.1520623],[6.6479361,12.1522889],[6.6481501,12.1518705],[6.6481501,12.1510339],[6.6480788,12.1504586],[6.6463136,12.1515568],[6.6461888,12.1501275],[6.6460996,12.1488202],[6.6452438,12.1479835],[6.6444593,12.147966],[6.6439244,12.1481055],[6.6437996,12.1484715],[6.6442988,12.1485936],[6.6443523,12.1494302],[6.6441027,12.1502669],[6.6439065,12.1513476],[6.6433895,12.1504064],[6.6426228,12.1503541],[6.6433181,12.1509293],[6.643122,12.1516091],[6.6433716,12.1522714],[6.6429972,12.1526898],[6.6426406,12.1527595],[6.6424801,12.1532824],[6.6419809,12.1534393],[6.641446,12.1532998],[6.6412855,12.1537356],[6.6409824,12.1538227],[6.6406436,12.153265],[6.6407506,12.1525329],[6.6403405,12.1519577],[6.6399839,12.1520797],[6.6401444,12.152498],[6.6396808,12.1527072],[6.6393242,12.1523586],[6.6391994,12.1526723],[6.6395917,12.1535613],[6.6401979,12.1538402],[6.6400196,12.1543457],[6.6402514,12.1545025],[6.6401444,12.155008],[6.6393599,12.1548511],[6.638718,12.1544851],[6.6387536,12.1527769],[6.6378443,12.153143],[6.6378443,12.1535613],[6.6372916,12.1538227],[6.6371668,12.1542236],[6.63788,12.1551475],[6.6377195,12.1552869],[6.6370241,12.1548163],[6.636614,12.1549906],[6.6368458,12.1552172],[6.6369528,12.1558447],[6.636721,12.1560887],[6.6375769,12.1559667],[6.6378978,12.1562979],[6.6378978,12.1565593],[6.6381118,12.1564722],[6.6383614,12.156141],[6.6390033,12.156141],[6.6394847,12.1562979],[6.6395025,12.1568731],[6.6398234,12.1566988],[6.640287,12.1572217],[6.6400731,12.1573437],[6.6397343,12.1570822],[6.639663,12.1577969],[6.6392351,12.1579537],[6.6398234,12.1583721],[6.6399839,12.1589124],[6.639663,12.1589124],[6.6392885,12.1588078]]],[[[6.5977442,12.1597797],[6.5978212,12.1597249],[6.5978399,12.1596724],[6.5978586,12.1596107],[6.5978796,12.1595308],[6.5978796,12.1594624],[6.5978586,12.1594122],[6.5978119,12.1593323],[6.5977815,12.1593186],[6.5977395,12.1593323],[6.5976975,12.1593733],[6.5976531,12.1594738],[6.5976018,12.1595286],[6.5975457,12.1595902],[6.59752,12.159702],[6.597548,12.1597751],[6.5975971,12.1598116],[6.5976741,12.1598048],[6.5977442,12.1597797]]],[[[6.7274842,12.0555442],[6.7275626,12.055588],[6.7276168,12.0555698],[6.7276822,12.055557],[6.7276299,12.0555241],[6.7275589,12.0554967],[6.727557,12.0554675],[6.7275552,12.0554346],[6.7275907,12.0554364],[6.7275925,12.0553853],[6.7275981,12.0553506],[6.7276,12.055325],[6.7275645,12.0553049],[6.7275365,12.0552738],[6.727557,12.0552282],[6.7275458,12.0551953],[6.727501,12.0552355],[6.7274916,12.0552099],[6.7274655,12.0551624],[6.7274431,12.055124],[6.7274132,12.0550893],[6.7274113,12.0550637],[6.7274431,12.055051],[6.7274449,12.0550016],[6.7274618,12.0549596],[6.7274393,12.054934],[6.7274095,12.0549267],[6.7273796,12.054892],[6.7273515,12.0548993],[6.7273161,12.0549066],[6.7272992,12.0549012],[6.7272675,12.0548738],[6.727232,12.054839],[6.7272152,12.0548701],[6.7272264,12.0549633],[6.7272619,12.0550272],[6.7273011,12.0550546],[6.7273478,12.0550656],[6.7273459,12.0551039],[6.7273067,12.0551259],[6.7272544,12.055124],[6.7272357,12.0551569],[6.7272357,12.0551825],[6.7272974,12.055188],[6.7273684,12.0552062],[6.7273796,12.0552464],[6.72743,12.0552428],[6.7274468,12.0552848],[6.7274244,12.0553213],[6.7273702,12.0553122],[6.7273758,12.0553633],[6.7274244,12.0554455],[6.7274636,12.0554255],[6.7275029,12.0554364],[6.7274991,12.0554638],[6.7274636,12.055493],[6.7274842,12.0555442]]],[[[6.7121428,12.0557262],[6.7119871,12.0556985],[6.7118144,12.0557705],[6.7115879,12.0559117],[6.7115426,12.0560917],[6.7115454,12.0562329],[6.7116502,12.0563104],[6.7117071,12.0563137],[6.7118455,12.0563215],[6.7122249,12.0561526],[6.7123325,12.0560003],[6.7123042,12.0558287],[6.7121428,12.0557262]]],[[[6.7266626,12.05614],[6.7266897,12.056122],[6.7266453,12.0560822],[6.7266083,12.0560593],[6.7265923,12.0560882],[6.7265997,12.0561135],[6.7265566,12.0561003],[6.726527,12.0560677],[6.7265023,12.0560364],[6.7264777,12.0560545],[6.72649,12.0560762],[6.7264543,12.056081],[6.7264333,12.0560882],[6.7264185,12.0560629],[6.7264358,12.0560436],[6.7264333,12.0560219],[6.7264,12.0560304],[6.7263976,12.0560701],[6.7264148,12.0561063],[6.7263742,12.0560954],[6.7263483,12.0561039],[6.7263692,12.0561449],[6.726336,12.0561895],[6.7263039,12.0562184],[6.7262596,12.0562389],[6.7262312,12.0562738],[6.7262213,12.0563232],[6.726214,12.0563642],[6.7263002,12.0563931],[6.7263729,12.0563799],[6.7264629,12.056398],[6.7265331,12.0564401],[6.7265874,12.056457],[6.7266502,12.0564317],[6.7267266,12.056369],[6.726792,12.0562967],[6.7268413,12.0562136],[6.7268634,12.0561726],[6.7268585,12.05614],[6.7268191,12.0561678],[6.7267636,12.0562497],[6.7267082,12.0562943],[6.7266675,12.056316],[6.7266539,12.0562847],[6.7266317,12.0562594],[6.7266835,12.0562437],[6.7267192,12.0562172],[6.7267069,12.0561919],[6.7266724,12.0561955],[6.7266576,12.0561834],[6.7266626,12.05614]]],[[[6.7278931,12.0670924],[6.7279917,12.0671792],[6.7281248,12.0674925],[6.7284255,12.0677673],[6.7285192,12.068124],[6.7287016,12.068476],[6.7286671,12.0687748],[6.7286523,12.068905],[6.7288051,12.0689532],[6.7288988,12.0688086],[6.7289135,12.068582],[6.7288544,12.0682687],[6.7286326,12.0680373],[6.7286473,12.0677432],[6.7284945,12.0674781],[6.7285438,12.0673045],[6.7284797,12.0670731],[6.728603,12.0668176],[6.7285192,12.0666103],[6.7280311,12.0667742],[6.727829,12.0668948],[6.7278931,12.0670924]]],[[[6.719021,12.1029396],[6.7190373,12.1029284],[6.7190357,12.1028934],[6.719008,12.1028982],[6.7189706,12.1029221],[6.7189316,12.1029189],[6.7189104,12.102965],[6.7188796,12.1030063],[6.7188844,12.1030556],[6.7189104,12.1030715],[6.7189007,12.1031208],[6.7189348,12.1031765],[6.7189901,12.1031956],[6.7190259,12.1031908],[6.7190698,12.1031574],[6.7190893,12.1031288],[6.7191072,12.1030938],[6.7191349,12.1030747],[6.7191739,12.1030127],[6.7191788,12.1029745],[6.7191885,12.1029427],[6.7191771,12.1029284],[6.7191446,12.1029348],[6.719117,12.1029396],[6.7190942,12.1029284],[6.7190584,12.1029332],[6.7190308,12.1029602],[6.719021,12.1029396]]],[[[6.765252,12.1276239],[6.7651306,12.1275375],[6.7647675,12.1283266],[6.7651445,12.1284053],[6.7652382,12.1283114],[6.7652042,12.1281722],[6.7653193,12.1281318],[6.7652753,12.1280153],[6.7652761,12.1279462],[6.7651662,12.1278976],[6.7652281,12.1277932],[6.7651687,12.1277271],[6.765252,12.1276239]]],[[[6.736612,12.142827],[6.7366065,12.1426055],[6.7363746,12.1425595],[6.7362003,12.1425595],[6.7357993,12.1425621],[6.7355807,12.1426172],[6.7352575,12.1426841],[6.7349772,12.1425254],[6.7348176,12.1423969],[6.7345668,12.1423602],[6.7343482,12.1423996],[6.7340653,12.1425372],[6.7339768,12.142688],[6.7340022,12.1428689],[6.734131,12.1430931],[6.7342772,12.1434314],[6.7343053,12.1438339],[6.7342731,12.144121],[6.7341712,12.1443033],[6.7339137,12.1444632],[6.7338277,12.1446666],[6.7337662,12.1447884],[6.7337514,12.1450716],[6.7337917,12.1453626],[6.7339768,12.1459146],[6.7340331,12.1460103],[6.7340961,12.1460732],[6.7342356,12.1461047],[6.7347962,12.146167],[6.7357403,12.1462856],[6.7358235,12.1462528],[6.7358851,12.1461624],[6.7360528,12.145263],[6.7361735,12.1449326],[6.7362566,12.1448434],[6.7363465,12.1448054],[6.7364283,12.1447438],[6.7364994,12.1446087],[6.736486,12.1444724],[6.7363773,12.1443151],[6.7363358,12.144142],[6.7363036,12.1439676],[6.7362995,12.1437342],[6.736439,12.1434511],[6.7365423,12.1431731],[6.736612,12.142827]]],[[[6.7315009,12.1506068],[6.7314053,12.1505272],[6.7313593,12.1504546],[6.7313027,12.15042],[6.7312177,12.1504303],[6.7311222,12.150503],[6.7310903,12.1505376],[6.7310691,12.1506449],[6.7311965,12.1507625],[6.7312779,12.1508801],[6.7313664,12.150932],[6.7315044,12.150887],[6.7315646,12.1508248],[6.7315504,12.1507348],[6.7315009,12.1506068]]],[[[6.7152306,12.1594406],[6.7149831,12.1593402],[6.7149131,12.1593858],[6.7147963,12.1594543],[6.7145628,12.1593356],[6.7145442,12.1592032],[6.7145208,12.1589841],[6.7146189,12.1585504],[6.7146189,12.1581806],[6.7147169,12.1578885],[6.7147029,12.1577241],[6.714787,12.1576282],[6.7147777,12.1575232],[6.7145862,12.1574502],[6.7145348,12.1573954],[6.714334,12.1573771],[6.7142126,12.1573132],[6.7140678,12.1572995],[6.7139324,12.1573269],[6.7139464,12.1571991],[6.7138343,12.1571763],[6.7137176,12.1573908],[6.7137082,12.1575369],[6.7138997,12.1575232],[6.7140445,12.1576237],[6.7138343,12.1578519],[6.7137036,12.157925],[6.7136475,12.1582582],[6.7135961,12.1584819],[6.7136335,12.1586645],[6.7135541,12.1587832],[6.7134934,12.158975],[6.713414,12.1591941],[6.7134093,12.1593356],[6.7133019,12.1594315],[6.7131291,12.1595593],[6.7130498,12.1595411],[6.7129937,12.1594452],[6.7130824,12.1593493],[6.7132132,12.1593265],[6.7132786,12.1591119],[6.7131712,12.159048],[6.7130171,12.1590435],[6.7129423,12.1590982],[6.7128723,12.1592763],[6.7128489,12.1594132],[6.7126902,12.1596324],[6.7125641,12.1598972],[6.7124894,12.1600889],[6.7120971,12.1608376],[6.7120737,12.1609426],[6.7119757,12.1610887],[6.7119663,12.1611845],[6.7121951,12.1612804],[6.7122699,12.1612576],[6.7124567,12.1612622],[6.7125781,12.1612302],[6.7126948,12.1613261],[6.7128443,12.16139],[6.712947,12.1612622],[6.7130077,12.1611389],[6.7131385,12.1611069],[6.7133066,12.1612165],[6.7132646,12.1613398],[6.7134654,12.1613854],[6.7135401,12.1613352],[6.7137503,12.1611754],[6.7143574,12.1604724],[6.7144554,12.1604267],[6.7145955,12.1603948],[6.714843,12.1602395],[6.7150158,12.1600387],[6.7151419,12.1598835],[6.7151653,12.1597693],[6.715226,12.1596369],[6.7152306,12.1594406]]],[[[6.925867,12.1601887],[6.9258647,12.1602089],[6.9258395,12.1602425],[6.9258143,12.1602604],[6.9257937,12.1602335],[6.9257593,12.1602648],[6.9257754,12.1602962],[6.9258006,12.1603141],[6.9258235,12.1603589],[6.9257983,12.1603858],[6.9257708,12.1604149],[6.9257456,12.1603768],[6.9257227,12.1603365],[6.9256929,12.160341],[6.9256769,12.1603925],[6.925654,12.1604395],[6.925654,12.1605022],[6.9256723,12.1605425],[6.9256517,12.1606052],[6.9257044,12.1606097],[6.9257044,12.1606522],[6.9257387,12.1606903],[6.9257456,12.1607373],[6.925757,12.1607754],[6.9258968,12.160744],[6.9258945,12.1606881],[6.9258372,12.1606746],[6.9258418,12.1606455],[6.9259036,12.1606097],[6.9259357,12.1604955],[6.9259746,12.1604305],[6.9260021,12.1603634],[6.9259288,12.1603096],[6.9259105,12.1602559],[6.9259792,12.160173],[6.9259609,12.1601305],[6.9259288,12.1601395],[6.9259242,12.1601171],[6.9258876,12.1601014],[6.9258647,12.1601171],[6.9258624,12.1601596],[6.925867,12.1601887]]],[[[6.935096,12.1713996],[6.935133,12.1713882],[6.9351486,12.1713882],[6.9351779,12.1713729],[6.9351915,12.1713272],[6.9351642,12.171289],[6.9351584,12.1712452],[6.9351125,12.1712385],[6.9350316,12.1711031],[6.9350053,12.1710497],[6.9349633,12.1710517],[6.9349506,12.1711575],[6.9349399,12.1711946],[6.9349058,12.1712776],[6.9349887,12.1713005],[6.9350248,12.1713396],[6.9350394,12.1713882],[6.935096,12.1713996]]],[[[6.9354258,12.1713965],[6.9353076,12.1713412],[6.935174,12.1714592],[6.9352177,12.171522],[6.9353898,12.1716124],[6.9354669,12.1716476],[6.9354772,12.1717078],[6.9355234,12.171743],[6.9355645,12.1717781],[6.935621,12.1717455],[6.9356313,12.1716928],[6.9355799,12.1715923],[6.9354258,12.1713965]]],[[[6.9362067,12.1718058],[6.9362555,12.171748],[6.9362658,12.1716727],[6.9362375,12.1715999],[6.9362452,12.1714592],[6.9361733,12.1714391],[6.9360551,12.1714869],[6.9360166,12.1714492],[6.9359061,12.1714291],[6.9358265,12.1715421],[6.9358316,12.17163],[6.9358548,12.1717832],[6.9359267,12.1718635],[6.9359806,12.171856],[6.936032,12.1719388],[6.9361656,12.171974],[6.9362067,12.1718058]]],[[[6.920751,12.1740974],[6.920806,12.1740869],[6.9208342,12.174062],[6.9207805,12.174007],[6.920735,12.1739572],[6.9207242,12.173889],[6.9206008,12.1738444],[6.920456,12.1738339],[6.9204158,12.1738837],[6.9204319,12.173965],[6.9204654,12.1740896],[6.9205177,12.1741158],[6.9206022,12.1740974],[6.9206652,12.1740869],[6.920751,12.1740974]]],[[[6.9295072,12.2765217],[6.9295615,12.2765288],[6.9296151,12.2765176],[6.9296615,12.2764892],[6.9296955,12.2764472],[6.9297128,12.2763964],[6.9297116,12.2763429],[6.9296919,12.276293],[6.929656,12.2762525],[6.9296083,12.2762263],[6.9295543,12.2762174],[6.9295003,12.2762269],[6.9294529,12.2762537],[6.9294208,12.2762893],[6.9294012,12.2763327],[6.9293959,12.2763798],[6.9294053,12.2764263],[6.9294286,12.2764679],[6.9294637,12.2765008],[6.9295072,12.2765217]]],[[[6.925482,12.2774653],[6.9255853,12.2774988],[6.9256942,12.2774966],[6.925796,12.2774589],[6.9258791,12.2773902],[6.9259339,12.2772982],[6.925954,12.2771937],[6.9259373,12.2770886],[6.9258855,12.276995],[6.9258046,12.2769237],[6.9257041,12.2768829],[6.9255953,12.2768774],[6.925491,12.2769077],[6.925403,12.2769703],[6.925346,12.2770489],[6.9253161,12.2771407],[6.9253161,12.2772371],[6.9253461,12.2773289],[6.9254032,12.2774074],[6.925482,12.2774653]]],[[[6.9506147,12.0916],[6.9506724,12.0916394],[6.9507609,12.0916617],[6.9508682,12.0916722],[6.9509447,12.0916669],[6.9509608,12.0916499],[6.9509661,12.0916263],[6.9509514,12.0914781],[6.9509299,12.0914335],[6.9508776,12.091385],[6.9507878,12.0913535],[6.9506228,12.0913496],[6.9505289,12.0913797],[6.9504873,12.0914046],[6.9504565,12.0914689],[6.9504632,12.0915345],[6.9505209,12.0915725],[6.9506147,12.0916]]],[[[7.0640557,12.145291],[7.0640423,12.1453172],[7.063978,12.1454221],[7.0639377,12.145527],[7.0640262,12.1457184],[7.0640155,12.1458023],[7.0640236,12.1458574],[7.0641712,12.1459147],[7.0642553,12.1459375],[7.06433,12.1459969],[7.0645168,12.146006],[7.0647036,12.1459741],[7.064783,12.1458873],[7.0647853,12.1457184],[7.0647451,12.1456817],[7.0646887,12.1456764],[7.0647102,12.145624],[7.0646887,12.1455689],[7.0646217,12.1455112],[7.0645734,12.1454876],[7.0645359,12.1455008],[7.0643266,12.1454798],[7.0642837,12.1454772],[7.0642381,12.1453565],[7.0641764,12.1452333],[7.0640557,12.145291]]],[[[6.9391415,12.1720416],[6.9392486,12.172071],[6.9393039,12.1721168],[6.9393658,12.1721397],[6.9394445,12.1721381],[6.9394746,12.1719974],[6.9394294,12.1719188],[6.9393156,12.1718779],[6.9392168,12.1718779],[6.9391733,12.1719401],[6.9391114,12.172017],[6.9391415,12.1720416]]],[[[6.9372303,12.1722681],[6.9371406,12.1722646],[6.937094,12.1723348],[6.9371622,12.1724155],[6.9371622,12.1724646],[6.9370258,12.1725418],[6.9370509,12.172619],[6.9370114,12.1726716],[6.9369504,12.1728224],[6.937015,12.1729066],[6.9371119,12.1729066],[6.9371622,12.1728575],[6.9372698,12.1728505],[6.9373344,12.1728014],[6.9374816,12.1728996],[6.9377651,12.1729487],[6.9378943,12.172868],[6.9379998,12.1725427],[6.9379517,12.1723102],[6.9379696,12.1719208],[6.9377543,12.1720927],[6.9375928,12.1721313],[6.9375641,12.1722822],[6.9374672,12.1723278],[6.9374528,12.1722296],[6.9373667,12.1722155],[6.9373129,12.17244],[6.9372626,12.1723874],[6.9372303,12.1722681]]],[[[6.9368679,12.1724858],[6.9368385,12.1725107],[6.9368395,12.1725452],[6.9368718,12.1725711],[6.9369097,12.172588],[6.9369424,12.1725529],[6.9369405,12.1725031],[6.936916,12.1724916],[6.9368679,12.1724858]]],[[[7.0201344,12.1725129],[7.0200465,12.1725129],[7.0198593,12.1725008],[7.0197714,12.1725162],[7.0197274,12.1726198],[7.0197567,12.1726606],[7.0197556,12.1727036],[7.0197714,12.172741],[7.0197793,12.1728149],[7.0198582,12.1727763],[7.0198988,12.1727223],[7.0199236,12.1727675],[7.0198977,12.1728105],[7.019839,12.1728568],[7.0198131,12.1728942],[7.0198424,12.1729416],[7.0198086,12.1729692],[7.0198176,12.1729923],[7.0198447,12.1730022],[7.0198796,12.1730011],[7.0200487,12.1729857],[7.0201198,12.1728898],[7.0201604,12.1727928],[7.0202528,12.1727256],[7.0202832,12.1726683],[7.0202911,12.1725923],[7.0202359,12.1725372],[7.0201344,12.1725129]]],[[[6.9399984,12.1729075],[6.9400324,12.172929],[6.9401753,12.1729222],[6.9401973,12.1729407],[6.9402552,12.172931],[6.9403551,12.1729817],[6.9403511,12.1730667],[6.940425,12.1730374],[6.9403971,12.1729603],[6.940466,12.1730032],[6.940495,12.1729817],[6.9405339,12.1728997],[6.940464,12.1728909],[6.940453,12.1728479],[6.9402572,12.1728685],[6.9401163,12.1727454],[6.9401043,12.1726809],[6.9400324,12.1726663],[6.9399844,12.1727659],[6.9399984,12.1729075]]],[[[6.940482,12.1730267],[6.940507,12.1730345],[6.9405429,12.173138],[6.9405669,12.1731419],[6.9405589,12.1731019],[6.9405679,12.1730872],[6.9406049,12.1730179],[6.9406129,12.1729476],[6.9405669,12.1729319],[6.9405409,12.173011],[6.940487,12.1730022],[6.940482,12.1730267]]],[[[6.9410046,12.1732886],[6.9409563,12.173234],[6.9409283,12.1732697],[6.940879,12.1732844],[6.9408231,12.1732907],[6.9408027,12.1732382],[6.9408092,12.1731931],[6.9407168,12.1731605],[6.9406277,12.1731794],[6.9406385,12.1732508],[6.9407093,12.1733117],[6.9407609,12.1733473],[6.9408571,12.1734264],[6.9409251,12.1734124],[6.9410303,12.1733578],[6.9410046,12.1732886]]],[[[6.940631,12.1955335],[6.9405859,12.1954615],[6.9405394,12.1954319],[6.940491,12.1953964],[6.9404204,12.195353],[6.9402649,12.195349],[6.9401882,12.1953727],[6.9401277,12.1953964],[6.9400692,12.1954595],[6.9400389,12.1954595],[6.9399763,12.1955049],[6.9399339,12.195641],[6.9399339,12.1957298],[6.939944,12.1958146],[6.939938,12.1958797],[6.9400046,12.1959251],[6.9400421,12.1959291],[6.9400799,12.1959184],[6.9400921,12.1958838],[6.9401202,12.1958564],[6.9401653,12.1957957],[6.9402006,12.1957385],[6.9402506,12.1957551],[6.9403226,12.195748],[6.9403835,12.1957277],[6.9404408,12.195723],[6.940481,12.1957837],[6.9405384,12.1957933],[6.9405847,12.1957456],[6.9406359,12.1957015],[6.9406481,12.1956765],[6.940653,12.1955966],[6.940631,12.1955335]]],[[[6.9372613,12.1996624],[6.9370087,12.1995365],[6.9369618,12.1995702],[6.9368804,12.1996],[6.9367267,12.1996136],[6.9365654,12.1997368],[6.9362816,12.1997739],[6.9362621,12.1999933],[6.9365348,12.2002189],[6.9369179,12.2003618],[6.9372296,12.2002866],[6.937372,12.2001985],[6.9373957,12.2001838],[6.9373614,12.199994],[6.9373858,12.1997244],[6.9372613,12.1996624]]],[[[7.048907,12.20255],[7.0490545,12.2026182],[7.0491618,12.2025684],[7.0492074,12.2024032],[7.0491698,12.2022616],[7.0490867,12.2021568],[7.0489553,12.2021043],[7.0488211,12.2021935],[7.0487943,12.2023219],[7.048797,12.2024635],[7.048907,12.20255]]],[[[6.9571021,12.224795],[6.9571997,12.2247274],[6.9572281,12.2246142],[6.9571976,12.2245645],[6.9571712,12.2245367],[6.9571773,12.2244791],[6.957096,12.2244354],[6.9569903,12.2244215],[6.9569883,12.2242884],[6.9568927,12.2242526],[6.9568541,12.224346],[6.9567403,12.22435],[6.9567179,12.2242427],[6.9564902,12.2240937],[6.9563805,12.2240837],[6.9562524,12.2240937],[6.9561548,12.2241414],[6.9561325,12.2242129],[6.9560674,12.2242248],[6.955915,12.2241871],[6.9558398,12.224199],[6.9557239,12.2244195],[6.9558723,12.2244016],[6.9560552,12.2246182],[6.9560126,12.2246778],[6.9556751,12.2248029],[6.9554942,12.2247552],[6.9553824,12.2247215],[6.9553357,12.2248486],[6.9553438,12.2250115],[6.9552218,12.2249698],[6.9552157,12.2247652],[6.9551771,12.2247632],[6.9551202,12.2247294],[6.9550978,12.2247691],[6.9551771,12.224787],[6.9551832,12.2248685],[6.9550978,12.2248744],[6.9551405,12.2249678],[6.9550978,12.2250949],[6.954984,12.2250711],[6.9550206,12.2251585],[6.9550429,12.2252439],[6.9551385,12.2253333],[6.9552665,12.2252996],[6.9554779,12.2252857],[6.9556162,12.2253333],[6.9557117,12.2253214],[6.9557503,12.2252439],[6.9558703,12.2252181],[6.9559821,12.2251923],[6.9561122,12.2251665],[6.9561609,12.2251843],[6.9563175,12.2251506],[6.9563358,12.225091],[6.9563703,12.225081],[6.9563967,12.2251128],[6.9565268,12.225087],[6.9567769,12.2250294],[6.9568033,12.2249221],[6.9570147,12.224795],[6.9571021,12.224795]]],[[[6.9548743,12.2277464],[6.9549858,12.2276945],[6.9549397,12.2276028],[6.9550194,12.2275613],[6.9548725,12.2273503],[6.9546867,12.2274178],[6.9547062,12.2275596],[6.9546248,12.2275872],[6.9546442,12.2276685],[6.9547522,12.2277325],[6.9548743,12.2277464]]],[[[6.9681069,12.2579995],[6.9679747,12.2580214],[6.9679056,12.2580591],[6.967867,12.2581207],[6.9678487,12.2582041],[6.9679016,12.2582875],[6.967928,12.2583153],[6.9680194,12.2583134],[6.9680947,12.2583014],[6.9681373,12.2582915],[6.9681922,12.2582279],[6.9682004,12.2581286],[6.9681821,12.2580353],[6.9681069,12.2579995]]]]}},{"type":"Feature","properties":{"kind":"road","id":"road-218725739-0","name":"Unnamed mapped tertiary","osmWay":218725739,"major":false,"bridge":false},"geometry":{"type":"LineString","coordinates":[[6.6946641,12.1823865],[6.6949737,12.1815505],[6.695072,12.1807781],[6.6949104,12.1791026],[6.6946435,12.1783147],[6.6940621,12.1772418],[6.6929811,12.176132],[6.6914459,12.175304],[6.6792733,12.1712072],[6.6784206,12.1707577],[6.6772521,12.1699103],[6.6754097,12.1677871]]}},{"type":"Feature","properties":{"kind":"road","id":"road-252593201-0","name":"Unnamed mapped tertiary","osmWay":252593201,"major":false,"bridge":false},"geometry":{"type":"LineString","coordinates":[[6.6417828,12.1968603],[6.6467417,12.1984469],[6.6475767,12.1990422],[6.6489317,12.2005633]]}},{"type":"Feature","properties":{"kind":"road","id":"road-252593244-0","name":"Gudau - Sabon Birni Road","osmWay":252593244,"major":true,"bridge":false},"geometry":{"type":"LineString","coordinates":[[6.6771708,12.2039343],[6.6767852,12.2062914],[6.6761093,12.2121649]]}},{"type":"Feature","properties":{"kind":"road","id":"road-252593244-1","name":"Gudau - Sabon Birni Road","osmWay":252593244,"major":true,"bridge":false},"geometry":{"type":"LineString","coordinates":[[6.6819038,12.1978614],[6.6780379,12.2023036],[6.6772249,12.2037807]]}},{"type":"Feature","properties":{"kind":"road","id":"road-252593244-2","name":"Gudau - Sabon Birni Road","osmWay":252593244,"major":true,"bridge":false},"geometry":{"type":"LineString","coordinates":[[6.6857691,12.1938066],[6.6844369,12.1949774]]}},{"type":"Feature","properties":{"kind":"road","id":"road-252593244-3","name":"Gudau - Sabon Birni Road","osmWay":252593244,"major":true,"bridge":false},"geometry":{"type":"LineString","coordinates":[[6.6945551,12.1828412],[6.6936407,12.1841969],[6.6916247,12.1866639],[6.6892898,12.190721],[6.6883313,12.1918335],[6.6862829,12.193416]]}},{"type":"Feature","properties":{"kind":"road","id":"road-252593245-0","name":"A126","osmWay":252593245,"major":true,"bridge":false},"geometry":{"type":"LineString","coordinates":[[6.6601623,12.1925012],[6.6576745,12.1937856],[6.6558145,12.1942884],[6.6552911,12.1945819],[6.6546051,12.1956735],[6.6532793,12.1987333],[6.6528119,12.1992128],[6.6517979,12.1996436]]}},{"type":"Feature","properties":{"kind":"road","id":"road-252593246-0","name":"A126","osmWay":252593246,"major":true,"bridge":false},"geometry":{"type":"LineString","coordinates":[[6.6517573,12.1995549],[6.6526898,12.1991799],[6.6531639,12.1987431],[6.6545119,12.1956558],[6.6552449,12.1944953],[6.6557292,12.1942266],[6.6577194,12.1936634],[6.6601181,12.192424]]}},{"type":"Feature","properties":{"kind":"road","id":"road-253674991-0","name":"Unnamed mapped tertiary","osmWay":253674991,"major":false,"bridge":false},"geometry":{"type":"LineString","coordinates":[[6.6674317,12.1740334],[6.6689342,12.1758196],[6.6695179,12.1766957],[6.6710319,12.1799676]]}},{"type":"Feature","properties":{"kind":"road","id":"road-253675000-0","name":"Unnamed mapped tertiary","osmWay":253675000,"major":false,"bridge":false},"geometry":{"type":"LineString","coordinates":[[6.6637379,12.1706],[6.6637703,12.1704223],[6.6639886,12.1704614],[6.6639319,12.1706536],[6.6637379,12.1706]]}},{"type":"Feature","properties":{"kind":"road","id":"road-253675008-0","name":"Unnamed mapped secondary","osmWay":253675008,"major":false,"bridge":false},"geometry":{"type":"LineString","coordinates":[[6.6506516,12.1810105],[6.6492374,12.1820836],[6.6484458,12.1830314],[6.6456143,12.1884093],[6.642854,12.1933016],[6.6423337,12.1947506]]}},{"type":"Feature","properties":{"kind":"road","id":"road-253675009-0","name":"Unnamed mapped secondary","osmWay":253675009,"major":false,"bridge":false},"geometry":{"type":"LineString","coordinates":[[6.6671075,12.174055],[6.6671879,12.1738359],[6.6674233,12.1739178],[6.6673555,12.174131],[6.6671075,12.174055]]}},{"type":"Feature","properties":{"kind":"road","id":"road-253675011-0","name":"Unnamed mapped tertiary","osmWay":253675011,"major":false,"bridge":false},"geometry":{"type":"LineString","coordinates":[[6.6709029,12.180167],[6.6708937,12.1800167],[6.6710793,12.1799933],[6.6710744,12.1801783],[6.6709029,12.180167]]}},{"type":"Feature","properties":{"kind":"road","id":"road-253675032-0","name":"Unnamed mapped tertiary","osmWay":253675032,"major":false,"bridge":false},"geometry":{"type":"LineString","coordinates":[[6.6708746,12.1800641],[6.6693819,12.1769179],[6.6687146,12.1758672],[6.6672957,12.1741531]]}},{"type":"Feature","properties":{"kind":"road","id":"road-253682784-0","name":"Unnamed mapped primary","osmWay":253682784,"major":true,"bridge":true},"geometry":{"type":"LineString","coordinates":[[6.591997,11.7734971],[6.592316,11.7744546]]}},{"type":"Feature","properties":{"kind":"road","id":"road-253682785-0","name":"Gusau - Dansadau Road","osmWay":253682785,"major":true,"bridge":false},"geometry":{"type":"LineString","coordinates":[[6.592316,11.7744546],[6.596742,11.7866515],[6.5977593,11.7889387],[6.5989932,11.7912292],[6.6085591,11.8070722],[6.6101113,11.8102876],[6.6163694,11.8276295],[6.6168649,11.8293704],[6.6174228,11.8317568],[6.6192605,11.8426386],[6.6193913,11.848279],[6.6190456,11.8516804],[6.6158801,11.8685355],[6.6155539,11.8723511],[6.6155588,11.8741266],[6.6158098,11.8774715],[6.6174375,11.8905302],[6.6176902,11.8936393],[6.6177422,11.8962902],[6.6171213,11.9015696],[6.6163741,11.9048104],[6.6147966,11.9091537],[6.6105093,11.9182765],[6.6081831,11.9239128],[6.6073697,11.9281407],[6.6071082,11.9307707],[6.6069908,11.9325584],[6.6070661,11.9358494],[6.6082616,11.9541878],[6.6088101,11.9598727],[6.6096296,11.9642739],[6.610449,11.9673931],[6.6115487,11.9707568],[6.6210721,11.9971175],[6.6306208,12.0191947],[6.6318507,12.0228419],[6.6375172,12.0435441],[6.638334,12.0470321],[6.6411416,12.0700069],[6.6416082,12.0731898],[6.6420514,12.0752706],[6.6500352,12.1044429],[6.6510687,12.1072429],[6.6549196,12.1161715],[6.6559763,12.1196945],[6.6564981,12.122242],[6.6597442,12.1429159],[6.6602482,12.1454295],[6.6605312,12.1459513],[6.661246,12.1466331],[6.6624449,12.1471103],[6.6696401,12.1463647],[6.6714864,12.1467242],[6.6731888,12.1472552],[6.67367,12.1475194],[6.6758154,12.1497695],[6.676496,12.1507003],[6.6825019,12.1598242]]}},{"type":"Feature","properties":{"kind":"road","id":"road-253686204-0","name":"Unnamed mapped tertiary","osmWay":253686204,"major":false,"bridge":false},"geometry":{"type":"LineString","coordinates":[[6.6754956,12.1677272],[6.6771489,12.1697198],[6.6784136,12.1706897],[6.6792724,12.1711465],[6.6914406,12.1752186],[6.6930274,12.1760682],[6.6940963,12.1771297],[6.6948812,12.1786908],[6.6951665,12.1803886],[6.695074,12.1814806],[6.694809,12.1823952]]}},{"type":"Feature","properties":{"kind":"road","id":"road-253686206-0","name":"A126","osmWay":253686206,"major":true,"bridge":false},"geometry":{"type":"LineString","coordinates":[[6.6948342,12.1824269],[6.6961686,12.1824846],[6.6969742,12.1820689],[6.700688,12.1773605],[6.7009082,12.1765896],[6.7008615,12.1728415],[6.7011147,12.1711212],[6.7048412,12.1639076],[6.7115427,12.1496768]]}},{"type":"Feature","properties":{"kind":"road","id":"road-253686209-0","name":"A126","osmWay":253686209,"major":true,"bridge":false},"geometry":{"type":"LineString","coordinates":[[6.715509,12.148985],[6.7117636,12.1496557]]}},{"type":"Feature","properties":{"kind":"road","id":"road-253694290-0","name":"Unnamed mapped tertiary","osmWay":253694290,"major":false,"bridge":false},"geometry":{"type":"LineString","coordinates":[[6.6712551,12.1874729],[6.6716059,12.1845908],[6.6709327,12.1801875]]}},{"type":"Feature","properties":{"kind":"road","id":"road-253694291-0","name":"Unnamed mapped tertiary","osmWay":253694291,"major":false,"bridge":false},"geometry":{"type":"LineString","coordinates":[[6.6710744,12.1801783],[6.6717496,12.1845808],[6.6714004,12.1874496]]}},{"type":"Feature","properties":{"kind":"road","id":"road-253694292-0","name":"Unnamed mapped tertiary","osmWay":253694292,"major":false,"bridge":false},"geometry":{"type":"LineString","coordinates":[[6.66598,12.179085],[6.6663995,12.1801201],[6.6665941,12.1811158],[6.6670042,12.184481]]}},{"type":"Feature","properties":{"kind":"road","id":"road-253694295-0","name":"Unnamed mapped secondary","osmWay":253694295,"major":false,"bridge":false},"geometry":{"type":"LineString","coordinates":[[6.6422117,12.194706],[6.6426703,12.1934345],[6.6455488,12.1883657],[6.6483566,12.1830248],[6.6490139,12.1821545],[6.6505521,12.1809097]]}},{"type":"Feature","properties":{"kind":"road","id":"road-260913294-0","name":"A126","osmWay":260913294,"major":true,"bridge":true},"geometry":{"type":"LineString","coordinates":[[6.6381855,12.2052387],[6.6381807,12.2052427]]}},{"type":"Feature","properties":{"kind":"road","id":"road-261232725-0","name":"A126","osmWay":261232725,"major":true,"bridge":false},"geometry":{"type":"LineString","coordinates":[[6.6391861,12.2043873],[6.6381855,12.2052387]]}},{"type":"Feature","properties":{"kind":"road","id":"road-261232727-0","name":"A126","osmWay":261232727,"major":true,"bridge":false},"geometry":{"type":"LineString","coordinates":[[6.6396187,12.2040103],[6.6391861,12.2043873]]}},{"type":"Feature","properties":{"kind":"road","id":"road-261232729-0","name":"A126","osmWay":261232729,"major":true,"bridge":false},"geometry":{"type":"LineString","coordinates":[[6.6391861,12.2043873],[6.6394612,12.2038966]]}},{"type":"Feature","properties":{"kind":"road","id":"road-261232732-0","name":"Unnamed mapped trunk_link","osmWay":261232732,"major":false,"bridge":false},"geometry":{"type":"LineString","coordinates":[[6.6400071,12.2032493],[6.6400524,12.2035673],[6.6403578,12.2035892]]}},{"type":"Feature","properties":{"kind":"road","id":"road-261232734-0","name":"A126","osmWay":261232734,"major":true,"bridge":false},"geometry":{"type":"LineString","coordinates":[[6.6396187,12.2040103],[6.6394705,12.2039395],[6.6395503,12.2037768],[6.6397077,12.2038713],[6.6396187,12.2040103]]}},{"type":"Feature","properties":{"kind":"road","id":"road-262049466-0","name":"F218","osmWay":262049466,"major":true,"bridge":false},"geometry":{"type":"LineString","coordinates":[[6.6945551,12.1828412],[6.6946468,12.1825638]]}},{"type":"Feature","properties":{"kind":"road","id":"road-262049467-0","name":"F218","osmWay":262049467,"major":false,"bridge":false},"geometry":{"type":"LineString","coordinates":[[6.6945607,12.1827959],[6.6942945,12.182643]]}},{"type":"Feature","properties":{"kind":"road","id":"road-262049468-0","name":"F218","osmWay":262049468,"major":true,"bridge":false},"geometry":{"type":"LineString","coordinates":[[6.6947616,12.1825923],[6.6945551,12.1828412]]}},{"type":"Feature","properties":{"kind":"road","id":"road-262049469-0","name":"Unnamed mapped trunk_link","osmWay":262049469,"major":false,"bridge":false},"geometry":{"type":"LineString","coordinates":[[6.6948782,12.1821607],[6.6949434,12.1823566],[6.6951659,12.1824443]]}},{"type":"Feature","properties":{"kind":"road","id":"road-262049470-0","name":"A126","osmWay":262049470,"major":true,"bridge":false},"geometry":{"type":"LineString","coordinates":[[6.6947986,12.1825749],[6.6946468,12.1825638],[6.6946492,12.1823958],[6.694809,12.1823952],[6.6947986,12.1825749]]}},{"type":"Feature","properties":{"kind":"road","id":"road-262206541-0","name":"Unnamed mapped primary","osmWay":262206541,"major":true,"bridge":false},"geometry":{"type":"LineString","coordinates":[[6.7115296,12.1496522],[6.7035728,12.1510519],[6.6892573,12.1558336],[6.6870732,12.1569767],[6.6826889,12.1598682]]}},{"type":"Feature","properties":{"kind":"road","id":"road-262206542-0","name":"A126","osmWay":262206542,"major":true,"bridge":false},"geometry":{"type":"LineString","coordinates":[[6.7117076,12.1497162],[6.7049076,12.1639702],[6.7011883,12.171175],[6.7009482,12.1728668],[6.7009996,12.1765782],[6.700744,12.1774478],[6.6969942,12.1821815],[6.6962354,12.1825648],[6.6948055,12.1825677]]}},{"type":"Feature","properties":{"kind":"road","id":"road-262206544-0","name":"A126","osmWay":262206544,"major":true,"bridge":false},"geometry":{"type":"LineString","coordinates":[[6.7117202,12.1495074],[6.715509,12.148985]]}},{"type":"Feature","properties":{"kind":"road","id":"road-262206547-0","name":"A126","osmWay":262206547,"major":true,"bridge":false},"geometry":{"type":"LineString","coordinates":[[6.7117076,12.1497162],[6.7115427,12.1496768],[6.7115747,12.1495072],[6.7117577,12.1495485],[6.7117076,12.1497162]]}},{"type":"Feature","properties":{"kind":"road","id":"road-262206551-0","name":"Unnamed mapped primary","osmWay":262206551,"major":true,"bridge":false},"geometry":{"type":"LineString","coordinates":[[6.6826089,12.1597788],[6.6867173,12.1570863],[6.6891591,12.1557867],[6.7035772,12.1509585],[6.7115371,12.1495481]]}},{"type":"Feature","properties":{"kind":"road","id":"road-262388430-0","name":"A126","osmWay":262388430,"major":true,"bridge":false},"geometry":{"type":"LineString","coordinates":[[6.7590699,12.1434142],[6.7472516,12.1491751],[6.7455694,12.1496927],[6.7445638,12.1497161],[6.7436135,12.1495821],[6.7406038,12.1485463],[6.7383234,12.1479841],[6.7299082,12.1468238],[6.7285996,12.1469182],[6.715509,12.148985]]}},{"type":"Feature","properties":{"kind":"road","id":"road-263799693-0","name":"Unnamed mapped tertiary","osmWay":263799693,"major":false,"bridge":false},"geometry":{"type":"LineString","coordinates":[[6.6578988,12.1703518],[6.6638212,12.1703954]]}},{"type":"Feature","properties":{"kind":"road","id":"road-263799694-0","name":"Unnamed mapped tertiary","osmWay":263799694,"major":false,"bridge":false},"geometry":{"type":"LineString","coordinates":[[6.6498077,12.169694],[6.6515732,12.1699985],[6.6575076,12.1703488]]}},{"type":"Feature","properties":{"kind":"road","id":"road-263799700-0","name":"Unnamed mapped tertiary","osmWay":263799700,"major":false,"bridge":false},"geometry":{"type":"LineString","coordinates":[[6.6637273,12.1705774],[6.6630203,12.1704038],[6.6578053,12.170415]]}},{"type":"Feature","properties":{"kind":"road","id":"road-263799701-0","name":"Unnamed mapped tertiary","osmWay":263799701,"major":false,"bridge":false},"geometry":{"type":"LineString","coordinates":[[6.6492741,12.1727453],[6.649856,12.1682335],[6.6502972,12.1673749],[6.6508323,12.1668413],[6.6524081,12.1659078],[6.6547235,12.1641806],[6.6566702,12.1619984],[6.6569942,12.1613593]]}},{"type":"Feature","properties":{"kind":"road","id":"road-263800487-0","name":"Unnamed mapped tertiary","osmWay":263800487,"major":false,"bridge":false},"geometry":{"type":"LineString","coordinates":[[6.6652699,12.1597336],[6.6665676,12.161413]]}},{"type":"Feature","properties":{"kind":"road","id":"road-312095970-0","name":"Unnamed mapped secondary","osmWay":312095970,"major":false,"bridge":true},"geometry":{"type":"LineString","coordinates":[[6.6851024,12.0214672],[6.6847232,12.0216883]]}},{"type":"Feature","properties":{"kind":"road","id":"road-312095971-0","name":"Unnamed mapped secondary","osmWay":312095971,"major":false,"bridge":true},"geometry":{"type":"LineString","coordinates":[[6.7002335,12.0006263],[6.6999223,12.0006453]]}},{"type":"Feature","properties":{"kind":"road","id":"road-312095976-0","name":"Unnamed mapped secondary","osmWay":312095976,"major":false,"bridge":true},"geometry":{"type":"LineString","coordinates":[[6.6607111,12.0356214],[6.6609796,12.0353636]]}},{"type":"Feature","properties":{"kind":"road","id":"road-312095977-0","name":"Unnamed mapped secondary","osmWay":312095977,"major":false,"bridge":false},"geometry":{"type":"LineString","coordinates":[[6.6999223,12.0006453],[6.6973992,12.0008378],[6.6921703,12.0002331],[6.6912283,12.0002423],[6.6905994,12.0003934],[6.689824,12.000817],[6.6888544,12.0017188],[6.6885141,12.0023027],[6.6882265,12.0032464],[6.6873292,12.0117387],[6.687195,12.0136801],[6.6872189,12.0175841],[6.6869979,12.0184254],[6.6861279,12.0205327],[6.6856661,12.0211148],[6.6851024,12.0214672]]}},{"type":"Feature","properties":{"kind":"road","id":"road-312095978-0","name":"Unnamed mapped secondary","osmWay":312095978,"major":false,"bridge":false},"geometry":{"type":"LineString","coordinates":[[6.6609796,12.0353636],[6.6601097,12.0362204],[6.6588578,12.0370224],[6.6562674,12.0378415],[6.6546678,12.0379775],[6.6508698,12.037925],[6.6501788,12.0381103],[6.6498232,12.0386156],[6.648584,12.0436809],[6.6479025,12.0447887],[6.646518,12.0465739],[6.6386455,12.0490717]]}},{"type":"Feature","properties":{"kind":"road","id":"road-312095980-0","name":"Unnamed mapped secondary","osmWay":312095980,"major":false,"bridge":false},"geometry":{"type":"LineString","coordinates":[[6.7444628,11.989021],[6.7438353,11.9895845],[6.7425856,11.9899764],[6.7272932,11.9937442],[6.7262426,11.9937339],[6.7248368,11.9934775],[6.7174102,11.9898171],[6.7147892,11.9895782],[6.7133873,11.9897564],[6.7123769,11.9902803],[6.7116096,11.9910425],[6.7086751,11.9955816],[6.7079442,11.9965358],[6.707064,11.9973774],[6.7060119,11.9981473],[6.7021863,12.0003662],[6.7002335,12.0006263]]}},{"type":"Feature","properties":{"kind":"road","id":"road-312095983-0","name":"Unnamed mapped secondary","osmWay":312095983,"major":false,"bridge":false},"geometry":{"type":"LineString","coordinates":[[6.6847232,12.0216883],[6.6833537,12.022355],[6.6796372,12.0227355],[6.6740992,12.0243849],[6.6721409,12.0247383],[6.6709437,12.0248316],[6.669027,12.0246351],[6.6667774,12.0240186],[6.6663525,12.0240706],[6.6648432,12.0247968],[6.66433,12.0251914],[6.6639694,12.0258203],[6.661596,12.0340557],[6.661309,12.0347291],[6.6607111,12.0356214]]}},{"type":"Feature","properties":{"kind":"road","id":"road-361379867-0","name":"Federal Road F.128","osmWay":361379867,"major":true,"bridge":false},"geometry":{"type":"LineString","coordinates":[[6.5932886,11.7119407],[6.5876877,11.7123551],[6.5860543,11.712665],[6.5845361,11.7133426],[6.5782987,11.7174844],[6.5771922,11.717814],[6.5758538,11.7177536],[6.5683892,11.7165783],[6.5664741,11.7167044],[6.5649798,11.7172098]]}},{"type":"Feature","properties":{"kind":"road","id":"road-365060988-0","name":"Unnamed mapped tertiary","osmWay":365060988,"major":false,"bridge":false},"geometry":{"type":"LineString","coordinates":[[6.5742711,12.0719722],[6.5739006,12.073672],[6.573591,12.0741473]]}},{"type":"Feature","properties":{"kind":"road","id":"road-365060988-1","name":"Unnamed mapped tertiary","osmWay":365060988,"major":false,"bridge":false},"geometry":{"type":"LineString","coordinates":[[6.5778414,12.0609197],[6.5762398,12.0665252],[6.5761013,12.0668931],[6.5757934,12.0671452]]}},{"type":"Feature","properties":{"kind":"road","id":"road-365060988-2","name":"Unnamed mapped tertiary","osmWay":365060988,"major":false,"bridge":false},"geometry":{"type":"LineString","coordinates":[[6.6283207,12.0138567],[6.6273341,12.0144886],[6.6259799,12.015861],[6.6248541,12.0216378],[6.6245767,12.0224676],[6.6236793,12.0241432],[6.6231899,12.0261379],[6.6224762,12.0309147],[6.6219234,12.0315767],[6.6210008,12.0322168],[6.6200989,12.03255],[6.618703,12.0322656],[6.6148639,12.0318496],[6.6135962,12.0315635],[6.6127804,12.0320103],[6.6102876,12.0356276],[6.6097383,12.0359035],[6.6060866,12.035947],[6.603756,12.0376602],[6.600891,12.0401137],[6.5994511,12.042364],[6.5973071,12.0462081],[6.5970908,12.0473726],[6.5971353,12.0492599],[6.5969275,12.0500729],[6.5940922,12.052628],[6.592326,12.0530279],[6.590431,12.0531105],[6.5893095,12.0528033],[6.5888003,12.0528088],[6.5867915,12.0534833],[6.5816885,12.0560147]]}},{"type":"Feature","properties":{"kind":"road","id":"road-365090599-0","name":"Unnamed mapped tertiary","osmWay":365090599,"major":false,"bridge":false},"geometry":{"type":"LineString","coordinates":[[6.902827,12.1414827],[6.9053739,12.141622],[6.9108912,12.1415984],[6.9124001,12.1414752],[6.9155571,12.1409014],[6.9196406,12.1415434],[6.9299896,12.1414752],[6.9330553,12.140975],[6.9335194,12.1410759],[6.9346395,12.1421412],[6.9356882,12.1427024],[6.9374638,12.1429567],[6.937555,12.1426867],[6.9370481,12.1401326],[6.9364205,12.1392883],[6.93623,12.1386065],[6.9360423,12.1362779],[6.9362461,12.1354755],[6.9360838,12.1322816]]}},{"type":"Feature","properties":{"kind":"road","id":"road-365099572-0","name":"Unnamed mapped tertiary","osmWay":365099572,"major":false,"bridge":false},"geometry":{"type":"LineString","coordinates":[[6.5605188,11.6484258],[6.5664225,11.6452757],[6.5694702,11.6432522],[6.5745771,11.6385025],[6.5757836,11.6372386],[6.5794694,11.6324707],[6.5800059,11.6319242],[6.5825057,11.62977],[6.5840077,11.6288662],[6.5857704,11.6280798],[6.5898443,11.6272716],[6.5949494,11.6271201],[6.5960577,11.6272139],[6.6005233,11.6280989]]}},{"type":"Feature","properties":{"kind":"road","id":"road-365283161-0","name":"Unnamed mapped tertiary","osmWay":365283161,"major":false,"bridge":false},"geometry":{"type":"LineString","coordinates":[[6.7869729,12.0151447],[6.7858869,12.0151754],[6.7842829,12.0144933],[6.7827916,12.0144828],[6.782459,12.0145878],[6.7809248,12.0162353],[6.7800128,12.0169489],[6.7772287,12.017547],[6.7705473,12.019874],[6.767731,12.0211358],[6.7673689,12.0214638],[6.7663712,12.0217209],[6.7627287,12.0235231],[6.7605936,12.0247823],[6.758979,12.0262462],[6.7520803,12.0347351],[6.7507607,12.0358369],[6.7437655,12.0453932],[6.7428084,12.0485583],[6.7423473,12.0504994],[6.7422098,12.0528849],[6.7426121,12.0567329],[6.7425531,12.059411],[6.7413354,12.0696773],[6.7409502,12.0711334],[6.7408928,12.0718674],[6.7402303,12.0735933],[6.7401666,12.0742298]]}},{"type":"Feature","properties":{"kind":"road","id":"road-365298041-0","name":"Unnamed mapped tertiary","osmWay":365298041,"major":false,"bridge":false},"geometry":{"type":"LineString","coordinates":[[6.6049799,11.6407263],[6.6061561,11.6403638],[6.6069178,11.6403598],[6.6083528,11.6408681],[6.6087082,11.6410927],[6.6090703,11.6416878],[6.6096765,11.6418651],[6.6140619,11.6439089],[6.6146117,11.6443923],[6.6169449,11.6455677],[6.6188357,11.6459381],[6.6211567,11.6447713],[6.6304899,11.6408875],[6.6362545,11.6396636],[6.6391379,11.6387757],[6.6415331,11.638421],[6.6418964,11.6378602],[6.6422948,11.6364888],[6.644175,11.6363824],[6.6455001,11.6361828],[6.6458541,11.635991],[6.6483673,11.6337369],[6.6495234,11.631651],[6.6519186,11.6312596],[6.6536593,11.630369],[6.6574869,11.6287322],[6.6599894,11.628551],[6.6620171,11.6286771],[6.664997,11.6292235],[6.6654825,11.629255],[6.6665956,11.6289161],[6.6681272,11.6292656],[6.6694384,11.6304476],[6.6704097,11.6311335],[6.6717535,11.6326099],[6.6728774,11.6334926],[6.6739988,11.6350486],[6.6753241,11.6362854],[6.6764206,11.6380033],[6.6772252,11.6386496],[6.6781801,11.6396741],[6.6815972,11.6411426],[6.6824946,11.6418408],[6.6831966,11.6421864],[6.6840863,11.6438248],[6.6845179,11.6440993],[6.6854316,11.6436446],[6.6870946,11.6434903],[6.6878993,11.6436381],[6.6895019,11.6441877],[6.6906899,11.6446918],[6.6916448,11.6453301],[6.6923207,11.6456165],[6.6948956,11.6456848],[6.6956228,11.6460046],[6.6957937,11.6465494],[6.6959229,11.6485469],[6.6967276,11.6493455],[6.6980627,11.6512428],[6.6986262,11.6516627],[6.6987349,11.6519805],[6.6996136,11.6525569],[6.7009657,11.6528261],[6.7039266,11.6540516],[6.7051749,11.6557978],[6.7066222,11.6575112],[6.7077521,11.6581292],[6.7082745,11.6587826],[6.7087989,11.6587551],[6.7100527,11.6591805],[6.710743,11.6599008],[6.7109299,11.6605164],[6.7118675,11.6614619],[6.7123162,11.6614968],[6.7142312,11.6629665],[6.7158544,11.6659644],[6.7170936,11.6693419],[6.7176614,11.6698299],[6.718884,11.6712854],[6.7187131,11.6717366],[6.7188261,11.6720033],[6.7196379,11.6722804]]}},{"type":"Feature","properties":{"kind":"road","id":"road-365298045-0","name":"Unnamed mapped primary","osmWay":365298045,"major":true,"bridge":false},"geometry":{"type":"LineString","coordinates":[[6.5861898,11.5672049],[6.5933533,11.5865728],[6.5938895,11.588361],[6.5948947,11.5929965],[6.5960991,11.6038362],[6.6002536,11.6268194],[6.6012184,11.630879],[6.6053336,11.6417848],[6.6062314,11.6456546],[6.6066841,11.6487842],[6.6068234,11.6508035],[6.606784,11.6540207],[6.6064723,11.6571543],[6.6061408,11.6590891],[6.6026426,11.6736317],[6.6009263,11.68639],[6.6005818,11.6881832],[6.5992297,11.692981],[6.5955412,11.7044949],[6.5924925,11.7167473],[6.591915,11.7191701],[6.5888979,11.7366681],[6.5886825,11.7390466],[6.5886793,11.7418384],[6.5898869,11.7638592],[6.5901724,11.7663008],[6.5908308,11.769688],[6.591997,11.7734971]]}},{"type":"Feature","properties":{"kind":"road","id":"road-365315015-0","name":"Unnamed mapped tertiary","osmWay":365315015,"major":false,"bridge":false},"geometry":{"type":"LineString","coordinates":[[6.9438895,12.0807472],[6.9434649,12.0814657],[6.9435991,12.0823585],[6.9442724,12.082664],[6.9446596,12.0831179],[6.9452646,12.0835202],[6.9465158,12.0853754],[6.946853,12.085472],[6.9473753,12.0859318],[6.9478947,12.0858798],[6.9487042,12.0863065],[6.9494735,12.0865205],[6.9500872,12.087381],[6.9511112,12.0883159],[6.9514115,12.0888793],[6.9513777,12.0903062],[6.9515269,12.0910687],[6.9521575,12.0920853],[6.9523501,12.0930727],[6.9532496,12.0940177],[6.9535781,12.0953183],[6.9549124,12.0964319],[6.9555649,12.0967913],[6.9562299,12.0968963],[6.957027,12.0966581],[6.9576879,12.0966904],[6.9600462,12.0973406],[6.9620452,12.0976233],[6.9628878,12.098225],[6.9637097,12.098439],[6.9648207,12.0982735],[6.9654568,12.0980231],[6.9661672,12.0980069],[6.9671997,12.0974375],[6.9691905,12.0966217],[6.9697809,12.0957777],[6.9707786,12.0951394],[6.9712798,12.0943505],[6.9718444,12.0946174],[6.9732097,12.0948404],[6.9747171,12.0953885],[6.9755271,12.095378],[6.9783002,12.096083],[6.9802497,12.0969311],[6.980804,12.096983],[6.9820678,12.0961591],[6.9831169,12.0950849],[6.9840751,12.0945922],[6.9848599,12.0928152],[6.9848844,12.0916931],[6.9852757,12.0912576],[6.9863117,12.0909501],[6.9871353,12.0909158],[6.9882538,12.091387],[6.988356,12.0919011]]}},{"type":"Feature","properties":{"kind":"road","id":"road-366473444-0","name":"Unnamed mapped tertiary","osmWay":366473444,"major":false,"bridge":false},"geometry":{"type":"LineString","coordinates":[[6.7836703,11.9944085],[6.7831917,11.9936781],[6.7833255,11.9934125],[6.7865554,11.9896206],[6.786703,11.9892396]]}},{"type":"Feature","properties":{"kind":"road","id":"road-366473444-1","name":"Unnamed mapped tertiary","osmWay":366473444,"major":false,"bridge":false},"geometry":{"type":"LineString","coordinates":[[6.7869729,12.0151447],[6.7867414,12.0138141],[6.7864319,12.0135315],[6.7862943,12.0131884],[6.7868962,12.0113279],[6.7868343,12.0109948],[6.7861808,12.0099317],[6.7857336,12.0086633],[6.7853106,12.0061939],[6.7853656,12.0057162],[6.7849425,12.0042089],[6.7846501,12.0009622],[6.7846943,11.9999064]]}},{"type":"Feature","properties":{"kind":"road","id":"road-366677758-0","name":"Unnamed mapped tertiary","osmWay":366677758,"major":false,"bridge":false},"geometry":{"type":"LineString","coordinates":[[7.0161928,12.173685],[7.0161407,12.1736637]]}},{"type":"Feature","properties":{"kind":"road","id":"road-366677759-0","name":"Unnamed mapped tertiary","osmWay":366677759,"major":false,"bridge":true},"geometry":{"type":"LineString","coordinates":[[6.9765081,12.1549451],[6.9762969,12.1547734]]}},{"type":"Feature","properties":{"kind":"road","id":"road-366677761-0","name":"Unnamed mapped tertiary","osmWay":366677761,"major":false,"bridge":false},"geometry":{"type":"LineString","coordinates":[[6.9741376,12.1536821],[6.9736792,12.1535515]]}},{"type":"Feature","properties":{"kind":"road","id":"road-366677764-0","name":"Unnamed mapped tertiary","osmWay":366677764,"major":false,"bridge":false},"geometry":{"type":"LineString","coordinates":[[6.937555,12.1426867],[6.9385837,12.1424625],[6.9387943,12.1416535],[6.9392824,12.14088],[6.9402333,12.1405194],[6.9415377,12.1402715]]}},{"type":"Feature","properties":{"kind":"road","id":"road-366677770-0","name":"Unnamed mapped tertiary","osmWay":366677770,"major":false,"bridge":false},"geometry":{"type":"LineString","coordinates":[[6.9762969,12.1547734],[6.9754568,12.1539516],[6.9741376,12.1536821]]}},{"type":"Feature","properties":{"kind":"road","id":"road-366691557-0","name":"Unnamed mapped tertiary","osmWay":366691557,"major":false,"bridge":false},"geometry":{"type":"LineString","coordinates":[[7.0706919,12.1357404],[7.070547,12.1359252],[7.070006,12.136033],[7.0682972,12.1368381],[7.0679481,12.1372738],[7.067368,12.1386637],[7.0671356,12.1417367],[7.0669283,12.1425275],[7.0663039,12.1433382],[7.0640802,12.1450899],[7.0626473,12.1472754],[7.06139,12.1487282],[7.0609501,12.1489091],[7.0608723,12.1490271],[7.0610909,12.149351],[7.060132,12.1508467],[7.0601092,12.1514275],[7.0610681,12.1589727],[7.0611568,12.1607466],[7.0610225,12.1621427],[7.0605545,12.1632623],[7.0603144,12.1635114],[7.0596787,12.1637932],[7.0591986,12.1638129],[7.0537323,12.1624547],[7.0489553,12.1621388],[7.0446141,12.1613613],[7.0436713,12.1610401],[7.0432951,12.1614184],[7.0424837,12.161444],[7.0390227,12.1607648],[7.0379904,12.1608055],[7.0367036,12.1599495],[7.033359,12.1593008],[7.0320252,12.1592375],[7.0311784,12.1593867],[7.0299821,12.1596691],[7.0297641,12.1598589],[7.0245329,12.1661503],[7.0232,12.167932],[7.0226334,12.1682914],[7.0211602,12.1687255],[7.0199762,12.1696175],[7.0195337,12.1703161],[7.0191371,12.1722425],[7.0184556,12.1732716],[7.0178322,12.1737081],[7.0171764,12.1735993],[7.0165971,12.1738458],[7.0161928,12.173685]]}},{"type":"Feature","properties":{"kind":"road","id":"road-366691571-0","name":"Unnamed mapped tertiary","osmWay":366691571,"major":false,"bridge":false},"geometry":{"type":"LineString","coordinates":[[7.0707643,12.1354808],[7.0706919,12.1357404]]}},{"type":"Feature","properties":{"kind":"road","id":"road-366691584-0","name":"Unnamed mapped tertiary","osmWay":366691584,"major":false,"bridge":false},"geometry":{"type":"LineString","coordinates":[[7.0819648,12.0866099],[7.0810114,12.0887023],[7.0797926,12.0907004],[7.0792535,12.0923882],[7.0757854,12.0986616],[7.0757183,12.1000909],[7.076319,12.102452],[7.0765714,12.1044728],[7.0771019,12.1068797],[7.0778705,12.1123815],[7.0779773,12.1145333],[7.0780312,12.1169443],[7.0774624,12.1179398],[7.077601,12.1187421],[7.0773652,12.1195425],[7.0766766,12.1248727],[7.0755053,12.1270808],[7.0746089,12.1282499],[7.073231,12.1290288],[7.0727058,12.1298247],[7.072072,12.1312985],[7.0716063,12.1333748],[7.0707643,12.1354808]]}},{"type":"Feature","properties":{"kind":"road","id":"road-367799079-0","name":"Unnamed mapped tertiary","osmWay":367799079,"major":false,"bridge":false},"geometry":{"type":"LineString","coordinates":[[6.7200845,11.672802],[6.7196379,11.6722804]]}},{"type":"Feature","properties":{"kind":"road","id":"road-368477245-0","name":"Unnamed mapped tertiary","osmWay":368477245,"major":false,"bridge":false},"geometry":{"type":"LineString","coordinates":[[6.9415377,12.1402715],[6.9423723,12.140092]]}},{"type":"Feature","properties":{"kind":"road","id":"road-368477246-0","name":"Unnamed mapped tertiary","osmWay":368477246,"major":false,"bridge":false},"geometry":{"type":"LineString","coordinates":[[6.9423723,12.140092],[6.948957,12.1387733],[6.9493166,12.138541],[6.9498072,12.1386752],[6.9522655,12.1398964],[6.9534458,12.1408892],[6.9576257,12.1437537],[6.9594779,12.1449414],[6.960024,12.1450698],[6.9614279,12.1462618],[6.9661944,12.1492775],[6.9668797,12.1499566],[6.9693097,12.1516033],[6.9736792,12.1535515]]}},{"type":"Feature","properties":{"kind":"road","id":"road-395946138-0","name":"Unnamed mapped tertiary","osmWay":395946138,"major":false,"bridge":false},"geometry":{"type":"LineString","coordinates":[[6.7401666,12.0742298],[6.7400303,12.0748203]]}},{"type":"Feature","properties":{"kind":"road","id":"road-449364408-0","name":"Unnamed mapped primary","osmWay":449364408,"major":true,"bridge":false},"geometry":{"type":"LineString","coordinates":[[6.6825532,12.1597835],[6.6826819,12.1598393],[6.6826134,12.1599724],[6.6824945,12.159915],[6.6825532,12.1597835]]}},{"type":"Feature","properties":{"kind":"road","id":"road-449364409-0","name":"Unnamed mapped secondary","osmWay":449364409,"major":false,"bridge":false},"geometry":{"type":"LineString","coordinates":[[6.6803225,12.1614397],[6.6790971,12.1622291],[6.6786572,12.1626696],[6.6766268,12.1667191],[6.6755,12.1676654]]}},{"type":"Feature","properties":{"kind":"road","id":"road-449364410-0","name":"Unnamed mapped secondary","osmWay":449364410,"major":false,"bridge":false},"geometry":{"type":"LineString","coordinates":[[6.6753665,12.1675963],[6.6754859,12.1676338],[6.6754525,12.1677754],[6.6753102,12.1677324],[6.6753665,12.1675963]]}},{"type":"Feature","properties":{"kind":"road","id":"road-449364411-0","name":"Unnamed mapped secondary","osmWay":449364411,"major":false,"bridge":false},"geometry":{"type":"LineString","coordinates":[[6.6754328,12.1675949],[6.6766184,12.1665685],[6.6785195,12.1626982],[6.6790122,12.1621972],[6.6802757,12.161372]]}},{"type":"Feature","properties":{"kind":"road","id":"road-449364412-0","name":"Unnamed mapped secondary","osmWay":449364412,"major":false,"bridge":false},"geometry":{"type":"LineString","coordinates":[[6.6753565,12.1677783],[6.6674374,12.1739685]]}},{"type":"Feature","properties":{"kind":"road","id":"road-449364413-0","name":"Unnamed mapped secondary","osmWay":449364413,"major":false,"bridge":false},"geometry":{"type":"LineString","coordinates":[[6.6673023,12.1738217],[6.6753008,12.1677008]]}},{"type":"Feature","properties":{"kind":"road","id":"road-449364414-0","name":"Unnamed mapped secondary","osmWay":449364414,"major":false,"bridge":false},"geometry":{"type":"LineString","coordinates":[[6.6672039,12.1741446],[6.6641682,12.175999]]}},{"type":"Feature","properties":{"kind":"road","id":"road-449364415-0","name":"Unnamed mapped secondary","osmWay":449364415,"major":false,"bridge":false},"geometry":{"type":"LineString","coordinates":[[6.6580891,12.17559],[6.6607424,12.1765027],[6.6619961,12.1767291],[6.6630963,12.1765106],[6.6639412,12.1760086]]}},{"type":"Feature","properties":{"kind":"road","id":"road-449364416-0","name":"Unnamed mapped secondary","osmWay":449364416,"major":false,"bridge":false},"geometry":{"type":"LineString","coordinates":[[6.6641024,12.1759165],[6.6670948,12.1740124]]}},{"type":"Feature","properties":{"kind":"road","id":"road-449364417-0","name":"Unnamed mapped secondary","osmWay":449364417,"major":false,"bridge":true},"geometry":{"type":"LineString","coordinates":[[6.6639412,12.1760086],[6.6641024,12.1759165]]}},{"type":"Feature","properties":{"kind":"road","id":"road-449364418-0","name":"Unnamed mapped secondary","osmWay":449364418,"major":false,"bridge":true},"geometry":{"type":"LineString","coordinates":[[6.6641682,12.175999],[6.6639791,12.1761122]]}},{"type":"Feature","properties":{"kind":"road","id":"road-449364419-0","name":"Unnamed mapped secondary","osmWay":449364419,"major":false,"bridge":false},"geometry":{"type":"LineString","coordinates":[[6.6639791,12.1761122],[6.6631184,12.1765882],[6.6620399,12.1768308],[6.6605154,12.1765266],[6.6576473,12.1755354]]}},{"type":"Feature","properties":{"kind":"road","id":"road-449364420-0","name":"Unnamed mapped tertiary","osmWay":449364420,"major":false,"bridge":false},"geometry":{"type":"LineString","coordinates":[[6.6753026,12.1676679],[6.6738636,12.1658606],[6.6734457,12.165767],[6.6731748,12.16584],[6.6653627,12.1718578]]}},{"type":"Feature","properties":{"kind":"road","id":"road-449364421-0","name":"Unnamed mapped tertiary","osmWay":449364421,"major":false,"bridge":false},"geometry":{"type":"LineString","coordinates":[[6.6652803,12.1717701],[6.6696198,12.168361],[6.6731975,12.1657461],[6.6735675,12.1657024],[6.6739537,12.1658474],[6.6753995,12.1675901]]}},{"type":"Feature","properties":{"kind":"road","id":"road-518352953-0","name":"Unnamed mapped tertiary","osmWay":518352953,"major":false,"bridge":false},"geometry":{"type":"LineString","coordinates":[[6.6644475,12.1708947],[6.6672251,12.1738225]]}},{"type":"Feature","properties":{"kind":"road","id":"road-518352954-0","name":"Unnamed mapped tertiary","osmWay":518352954,"major":false,"bridge":false},"geometry":{"type":"LineString","coordinates":[[6.6670957,12.1739559],[6.66445,12.1710077]]}},{"type":"Feature","properties":{"kind":"road","id":"road-559435707-0","name":"Unnamed mapped tertiary","osmWay":559435707,"major":false,"bridge":false},"geometry":{"type":"LineString","coordinates":[[6.6670042,12.184481],[6.6670111,12.1845844]]}},{"type":"Feature","properties":{"kind":"road","id":"road-559435708-0","name":"Unnamed mapped tertiary","osmWay":559435708,"major":false,"bridge":false},"geometry":{"type":"LineString","coordinates":[[6.6670261,12.184906],[6.6671334,12.185859],[6.6684701,12.1880182]]}},{"type":"Feature","properties":{"kind":"road","id":"road-559435716-0","name":"Unnamed mapped tertiary","osmWay":559435716,"major":false,"bridge":false},"geometry":{"type":"LineString","coordinates":[[6.6685626,12.1882416],[6.669112,12.1892621],[6.6697904,12.1911693],[6.6699803,12.1943193],[6.6713767,12.1971206],[6.6716486,12.1984822],[6.672492,12.1999413],[6.6729002,12.2015088],[6.6746522,12.2051252],[6.6766323,12.2077502]]}},{"type":"Feature","properties":{"kind":"road","id":"road-559435719-0","name":"Unnamed mapped tertiary","osmWay":559435719,"major":false,"bridge":false},"geometry":{"type":"LineString","coordinates":[[6.6712488,12.1875644],[6.6712551,12.1874729]]}},{"type":"Feature","properties":{"kind":"road","id":"road-559435720-0","name":"Unnamed mapped tertiary","osmWay":559435720,"major":false,"bridge":false},"geometry":{"type":"LineString","coordinates":[[6.6714004,12.1874496],[6.6713892,12.1875401]]}},{"type":"Feature","properties":{"kind":"road","id":"road-559454285-0","name":"Unnamed mapped tertiary","osmWay":559454285,"major":false,"bridge":true},"geometry":{"type":"LineString","coordinates":[[6.6492539,12.1728667],[6.6492741,12.1727453]]}},{"type":"Feature","properties":{"kind":"road","id":"road-559454286-0","name":"Unnamed mapped tertiary","osmWay":559454286,"major":false,"bridge":false},"geometry":{"type":"LineString","coordinates":[[6.6523412,12.1794982],[6.6516865,12.1766191],[6.6491774,12.1742895],[6.6492539,12.1728667]]}},{"type":"Feature","properties":{"kind":"road","id":"road-559454287-0","name":"Unnamed mapped tertiary","osmWay":559454287,"major":false,"bridge":false},"geometry":{"type":"LineString","coordinates":[[6.6524205,12.1794467],[6.6525459,12.1795234]]}},{"type":"Feature","properties":{"kind":"road","id":"road-559476435-0","name":"Unnamed mapped tertiary","osmWay":559476435,"major":false,"bridge":false},"geometry":{"type":"LineString","coordinates":[[6.6569942,12.1613593],[6.65732,12.1607166],[6.6586972,12.158991]]}},{"type":"Feature","properties":{"kind":"road","id":"road-559493067-0","name":"Unnamed mapped secondary","osmWay":559493067,"major":false,"bridge":false},"geometry":{"type":"LineString","coordinates":[[6.6805047,12.1612218],[6.6824872,12.1598874]]}},{"type":"Feature","properties":{"kind":"road","id":"road-559493068-0","name":"Unnamed mapped secondary","osmWay":559493068,"major":false,"bridge":true},"geometry":{"type":"LineString","coordinates":[[6.6802757,12.161372],[6.6805047,12.1612218]]}},{"type":"Feature","properties":{"kind":"road","id":"road-559493069-0","name":"Unnamed mapped secondary","osmWay":559493069,"major":false,"bridge":true},"geometry":{"type":"LineString","coordinates":[[6.6805451,12.161295],[6.6803225,12.1614397]]}},{"type":"Feature","properties":{"kind":"road","id":"road-559493070-0","name":"Unnamed mapped secondary","osmWay":559493070,"major":false,"bridge":false},"geometry":{"type":"LineString","coordinates":[[6.6825574,12.159971],[6.6805451,12.161295]]}},{"type":"Feature","properties":{"kind":"road","id":"road-559739911-0","name":"A126","osmWay":559739911,"major":true,"bridge":true},"geometry":{"type":"LineString","coordinates":[[6.6794851,12.1840461],[6.6794327,12.1841207]]}},{"type":"Feature","properties":{"kind":"road","id":"road-559739912-0","name":"A126","osmWay":559739912,"major":true,"bridge":false},"geometry":{"type":"LineString","coordinates":[[6.694622,12.1825295],[6.6929624,12.1829913],[6.6924959,12.1829306],[6.6909372,12.1822762],[6.6903679,12.1821738],[6.6815858,12.1826744],[6.68099,12.1827931],[6.6803321,12.1831132],[6.6794851,12.1840461]]}},{"type":"Feature","properties":{"kind":"road","id":"road-559739913-0","name":"A126","osmWay":559739913,"major":true,"bridge":false},"geometry":{"type":"LineString","coordinates":[[6.6794045,12.1839915],[6.6803719,12.1829769],[6.6815814,12.1825864],[6.6904481,12.1820831],[6.6909155,12.1821658],[6.6925039,12.1828357],[6.6930637,12.1829026],[6.6946492,12.1823958]]}},{"type":"Feature","properties":{"kind":"road","id":"road-559739914-0","name":"A126","osmWay":559739914,"major":true,"bridge":true},"geometry":{"type":"LineString","coordinates":[[6.6793524,12.1840648],[6.6794045,12.1839915]]}},{"type":"Feature","properties":{"kind":"road","id":"road-560047301-0","name":"Unnamed mapped secondary","osmWay":560047301,"major":false,"bridge":true},"geometry":{"type":"LineString","coordinates":[[6.6507045,12.1809667],[6.6506516,12.1810105]]}},{"type":"Feature","properties":{"kind":"road","id":"road-560047302-0","name":"Unnamed mapped secondary","osmWay":560047302,"major":false,"bridge":false},"geometry":{"type":"LineString","coordinates":[[6.6594585,12.1740892],[6.6541632,12.178269]]}},{"type":"Feature","properties":{"kind":"road","id":"road-560047303-0","name":"Unnamed mapped secondary","osmWay":560047303,"major":false,"bridge":true},"geometry":{"type":"LineString","coordinates":[[6.6505521,12.1809097],[6.6506116,12.180859]]}},{"type":"Feature","properties":{"kind":"road","id":"road-560047304-0","name":"Unnamed mapped secondary","osmWay":560047304,"major":false,"bridge":false},"geometry":{"type":"LineString","coordinates":[[6.65411,12.1781745],[6.659392,12.1739935]]}},{"type":"Feature","properties":{"kind":"road","id":"road-560083928-0","name":"Unnamed mapped tertiary","osmWay":560083928,"major":false,"bridge":false},"geometry":{"type":"LineString","coordinates":[[6.6632613,12.1577349],[6.6652699,12.1597336]]}},{"type":"Feature","properties":{"kind":"road","id":"road-560083930-0","name":"Unnamed mapped tertiary","osmWay":560083930,"major":false,"bridge":false},"geometry":{"type":"LineString","coordinates":[[6.6624865,12.1573168],[6.6632613,12.1577349]]}},{"type":"Feature","properties":{"kind":"road","id":"road-560083931-0","name":"Unnamed mapped tertiary","osmWay":560083931,"major":false,"bridge":false},"geometry":{"type":"LineString","coordinates":[[6.659001,12.1576092],[6.6594717,12.1574597],[6.6605017,12.1575502],[6.6624865,12.1573168]]}},{"type":"Feature","properties":{"kind":"road","id":"road-560083933-0","name":"Unnamed mapped tertiary","osmWay":560083933,"major":false,"bridge":true},"geometry":{"type":"LineString","coordinates":[[6.658848,12.1577062],[6.659001,12.1576092]]}},{"type":"Feature","properties":{"kind":"road","id":"road-560083934-0","name":"Unnamed mapped tertiary","osmWay":560083934,"major":false,"bridge":false},"geometry":{"type":"LineString","coordinates":[[6.6586972,12.158991],[6.6586462,12.1580451],[6.658848,12.1577062]]}},{"type":"Feature","properties":{"kind":"road","id":"road-560108046-0","name":"A126","osmWay":560108046,"major":true,"bridge":true},"geometry":{"type":"LineString","coordinates":[[6.6602858,12.1924244],[6.6601623,12.1925012]]}},{"type":"Feature","properties":{"kind":"road","id":"road-560108050-0","name":"A126","osmWay":560108050,"major":true,"bridge":false},"geometry":{"type":"LineString","coordinates":[[6.6794327,12.1841207],[6.6782696,12.1856484],[6.6771041,12.1863947],[6.6713892,12.1875401]]}},{"type":"Feature","properties":{"kind":"road","id":"road-560108059-0","name":"A126","osmWay":560108059,"major":true,"bridge":true},"geometry":{"type":"LineString","coordinates":[[6.6601181,12.192424],[6.6602318,12.1923523]]}},{"type":"Feature","properties":{"kind":"road","id":"road-560108061-0","name":"A126","osmWay":560108061,"major":true,"bridge":false},"geometry":{"type":"LineString","coordinates":[[6.6602318,12.1923523],[6.6671596,12.1885922],[6.6683952,12.1880881]]}},{"type":"Feature","properties":{"kind":"road","id":"road-560108066-0","name":"Unnamed mapped tertiary","osmWay":560108066,"major":false,"bridge":true},"geometry":{"type":"LineString","coordinates":[[6.6670208,12.1847644],[6.6670261,12.184906]]}},{"type":"Feature","properties":{"kind":"road","id":"road-560108067-0","name":"Unnamed mapped tertiary","osmWay":560108067,"major":false,"bridge":false},"geometry":{"type":"LineString","coordinates":[[6.6670111,12.1845844],[6.6670208,12.1847644]]}},{"type":"Feature","properties":{"kind":"road","id":"road-560131090-0","name":"A126","osmWay":560131090,"major":true,"bridge":false},"geometry":{"type":"LineString","coordinates":[[6.6714004,12.1874496],[6.6771052,12.1862856],[6.6782127,12.185564],[6.6793524,12.1840648]]}},{"type":"Feature","properties":{"kind":"road","id":"road-560131091-0","name":"A126","osmWay":560131091,"major":true,"bridge":false},"geometry":{"type":"LineString","coordinates":[[6.6712551,12.1874729],[6.6714004,12.1874496]]}},{"type":"Feature","properties":{"kind":"road","id":"road-560131092-0","name":"A126","osmWay":560131092,"major":true,"bridge":false},"geometry":{"type":"LineString","coordinates":[[6.6684222,12.1882172],[6.6672918,12.1886275],[6.6602858,12.1924244]]}},{"type":"Feature","properties":{"kind":"road","id":"road-560131093-0","name":"A126","osmWay":560131093,"major":true,"bridge":false},"geometry":{"type":"LineString","coordinates":[[6.6713892,12.1875401],[6.6712488,12.1875644]]}},{"type":"Feature","properties":{"kind":"road","id":"road-560131103-0","name":"Unnamed mapped secondary","osmWay":560131103,"major":false,"bridge":true},"geometry":{"type":"LineString","coordinates":[[6.6595425,12.1740209],[6.6594585,12.1740892]]}},{"type":"Feature","properties":{"kind":"road","id":"road-560131104-0","name":"Unnamed mapped secondary","osmWay":560131104,"major":false,"bridge":false},"geometry":{"type":"LineString","coordinates":[[6.6638161,12.1706632],[6.6595425,12.1740209]]}},{"type":"Feature","properties":{"kind":"road","id":"road-560131105-0","name":"Unnamed mapped secondary","osmWay":560131105,"major":false,"bridge":true},"geometry":{"type":"LineString","coordinates":[[6.659392,12.1739935],[6.6594708,12.1739326]]}},{"type":"Feature","properties":{"kind":"road","id":"road-560131106-0","name":"Unnamed mapped secondary","osmWay":560131106,"major":false,"bridge":false},"geometry":{"type":"LineString","coordinates":[[6.6594708,12.1739326],[6.6637379,12.1706]]}},{"type":"Feature","properties":{"kind":"road","id":"road-560681128-0","name":"Unnamed mapped tertiary","osmWay":560681128,"major":false,"bridge":false},"geometry":{"type":"LineString","coordinates":[[6.6719252,12.1555968],[6.6720187,12.1555129]]}},{"type":"Feature","properties":{"kind":"road","id":"road-560681131-0","name":"Unnamed mapped tertiary","osmWay":560681131,"major":false,"bridge":false},"geometry":{"type":"LineString","coordinates":[[6.6675968,12.1635569],[6.668162,12.162574],[6.6702972,12.1576361],[6.6712895,12.156171],[6.6719252,12.1555968]]}},{"type":"Feature","properties":{"kind":"road","id":"road-560734027-0","name":"Unnamed mapped tertiary","osmWay":560734027,"major":false,"bridge":false},"geometry":{"type":"LineString","coordinates":[[6.66445,12.1710077],[6.6639319,12.1706536]]}},{"type":"Feature","properties":{"kind":"road","id":"road-560734028-0","name":"Unnamed mapped tertiary","osmWay":560734028,"major":false,"bridge":false},"geometry":{"type":"LineString","coordinates":[[6.6639936,12.1705892],[6.6644475,12.1708947]]}},{"type":"Feature","properties":{"kind":"road","id":"road-561035991-0","name":"Unnamed mapped tertiary","osmWay":561035991,"major":false,"bridge":false},"geometry":{"type":"LineString","coordinates":[[6.6634775,12.1765781],[6.6638595,12.1768127]]}},{"type":"Feature","properties":{"kind":"road","id":"road-561035992-0","name":"Unnamed mapped tertiary","osmWay":561035992,"major":false,"bridge":false},"geometry":{"type":"LineString","coordinates":[[6.6638595,12.1768127],[6.664534,12.1772845]]}},{"type":"Feature","properties":{"kind":"road","id":"road-561035993-0","name":"Unnamed mapped tertiary","osmWay":561035993,"major":false,"bridge":false},"geometry":{"type":"LineString","coordinates":[[6.6634775,12.1765781],[6.6633474,12.1764837]]}},{"type":"Feature","properties":{"kind":"road","id":"road-561035996-0","name":"Unnamed mapped tertiary","osmWay":561035996,"major":false,"bridge":false},"geometry":{"type":"LineString","coordinates":[[6.6659576,12.179033],[6.66598,12.179085]]}},{"type":"Feature","properties":{"kind":"road","id":"road-561035997-0","name":"Unnamed mapped tertiary","osmWay":561035997,"major":false,"bridge":false},"geometry":{"type":"LineString","coordinates":[[6.664534,12.1772845],[6.6652856,12.1778673],[6.6659576,12.179033]]}},{"type":"Feature","properties":{"kind":"road","id":"road-562779601-0","name":"A126","osmWay":562779601,"major":true,"bridge":false},"geometry":{"type":"LineString","coordinates":[[6.6516918,12.1996822],[6.6396831,12.2039684]]}},{"type":"Feature","properties":{"kind":"road","id":"road-562779602-0","name":"A126","osmWay":562779602,"major":true,"bridge":true},"geometry":{"type":"LineString","coordinates":[[6.6517979,12.1996436],[6.6516918,12.1996822]]}},{"type":"Feature","properties":{"kind":"road","id":"road-562779603-0","name":"A126","osmWay":562779603,"major":true,"bridge":true},"geometry":{"type":"LineString","coordinates":[[6.6516465,12.1995959],[6.6517573,12.1995549]]}},{"type":"Feature","properties":{"kind":"road","id":"road-562779604-0","name":"A126","osmWay":562779604,"major":true,"bridge":false},"geometry":{"type":"LineString","coordinates":[[6.6396532,12.2037867],[6.6417921,12.2031267],[6.6516465,12.1995959]]}},{"type":"Feature","properties":{"kind":"road","id":"road-562779605-0","name":"Unnamed mapped tertiary","osmWay":562779605,"major":false,"bridge":false},"geometry":{"type":"LineString","coordinates":[[6.6489965,12.2006431],[6.6489317,12.2005633]]}},{"type":"Feature","properties":{"kind":"road","id":"road-563329305-0","name":"Unnamed mapped trunk_link","osmWay":563329305,"major":false,"bridge":false},"geometry":{"type":"LineString","coordinates":[[6.708328,12.1567198],[6.7082416,12.1566771]]}},{"type":"Feature","properties":{"kind":"road","id":"road-564402919-0","name":"Unnamed mapped tertiary","osmWay":564402919,"major":false,"bridge":false},"geometry":{"type":"LineString","coordinates":[[6.6665676,12.161413],[6.6682237,12.1648512],[6.6694495,12.1658377]]}},{"type":"Feature","properties":{"kind":"road","id":"road-564402920-0","name":"Unnamed mapped secondary","osmWay":564402920,"major":false,"bridge":false},"geometry":{"type":"LineString","coordinates":[[6.6577289,12.1754716],[6.6580891,12.17559]]}},{"type":"Feature","properties":{"kind":"road","id":"road-564402924-0","name":"Unnamed mapped secondary","osmWay":564402924,"major":false,"bridge":false},"geometry":{"type":"LineString","coordinates":[[6.6575011,12.1754159],[6.6577289,12.1754716]]}},{"type":"Feature","properties":{"kind":"road","id":"road-565098757-0","name":"Unnamed mapped tertiary","osmWay":565098757,"major":false,"bridge":true},"geometry":{"type":"LineString","coordinates":[[6.6590513,12.1577003],[6.6589145,12.1577829]]}},{"type":"Feature","properties":{"kind":"road","id":"road-565098758-0","name":"Unnamed mapped tertiary","osmWay":565098758,"major":false,"bridge":false},"geometry":{"type":"LineString","coordinates":[[6.669322,12.1659111],[6.6681869,12.1649515],[6.6667955,12.1619395],[6.6657802,12.160483],[6.6646122,12.1591228],[6.6631946,12.1577705],[6.6624409,12.1574145],[6.6605861,12.1576439],[6.6594174,12.1575705],[6.6590513,12.1577003]]}},{"type":"Feature","properties":{"kind":"road","id":"road-565098759-0","name":"Unnamed mapped tertiary","osmWay":565098759,"major":false,"bridge":false},"geometry":{"type":"LineString","coordinates":[[6.6493142,12.1730454],[6.649284,12.1742659],[6.6517563,12.1765476],[6.6524205,12.1794467]]}},{"type":"Feature","properties":{"kind":"road","id":"road-565098760-0","name":"Unnamed mapped tertiary","osmWay":565098760,"major":false,"bridge":true},"geometry":{"type":"LineString","coordinates":[[6.6493627,12.1727614],[6.6493406,12.172876]]}},{"type":"Feature","properties":{"kind":"road","id":"road-565098761-0","name":"Unnamed mapped tertiary","osmWay":565098761,"major":false,"bridge":false},"geometry":{"type":"LineString","coordinates":[[6.6589145,12.1577829],[6.6587515,12.1580746],[6.6588722,12.1587144],[6.6587824,12.1590684],[6.6576022,12.1605013],[6.6567304,12.1620955],[6.6546424,12.164353],[6.6520681,12.1662382],[6.6508041,12.1669711],[6.6502261,12.1676266],[6.6499512,12.1682283],[6.6493627,12.1727614]]}},{"type":"Feature","properties":{"kind":"road","id":"road-565098762-0","name":"Unnamed mapped tertiary","osmWay":565098762,"major":false,"bridge":false},"geometry":{"type":"LineString","coordinates":[[6.669387,12.166004],[6.6693314,12.1658787],[6.6694495,12.1658377],[6.6694997,12.1659438],[6.669387,12.166004]]}},{"type":"Feature","properties":{"kind":"road","id":"road-565104288-0","name":"Unnamed mapped tertiary","osmWay":565104288,"major":false,"bridge":false},"geometry":{"type":"LineString","coordinates":[[6.6497117,12.1696819],[6.6498077,12.169694]]}},{"type":"Feature","properties":{"kind":"road","id":"road-565104292-0","name":"Unnamed mapped tertiary","osmWay":565104292,"major":false,"bridge":false},"geometry":{"type":"LineString","coordinates":[[6.6675586,12.1636363],[6.6675968,12.1635569]]}},{"type":"Feature","properties":{"kind":"road","id":"road-565104293-0","name":"Unnamed mapped tertiary_link","osmWay":565104293,"major":false,"bridge":false},"geometry":{"type":"LineString","coordinates":[[6.6588322,12.1578633],[6.6587301,12.1578268]]}},{"type":"Feature","properties":{"kind":"road","id":"road-565104297-0","name":"Unnamed mapped tertiary","osmWay":565104297,"major":false,"bridge":false},"geometry":{"type":"LineString","coordinates":[[6.6524793,12.1795786],[6.6523412,12.1794982]]}},{"type":"Feature","properties":{"kind":"road","id":"road-565119900-0","name":"Unnamed mapped tertiary","osmWay":565119900,"major":false,"bridge":false},"geometry":{"type":"LineString","coordinates":[[6.6493406,12.172876],[6.6493142,12.1730454]]}},{"type":"Feature","properties":{"kind":"road","id":"road-586238168-0","name":"Unnamed mapped tertiary","osmWay":586238168,"major":false,"bridge":false},"geometry":{"type":"LineString","coordinates":[[6.69923,12.1792489],[6.6993018,12.1793028]]}},{"type":"Feature","properties":{"kind":"road","id":"road-587130303-0","name":"Federal Road F.128","osmWay":587130303,"major":true,"bridge":false},"geometry":{"type":"LineString","coordinates":[[6.5936842,11.7119504],[6.5932886,11.7119407]]}},{"type":"Feature","properties":{"kind":"road","id":"road-587130304-0","name":"Federal Road F.128","osmWay":587130304,"major":true,"bridge":false},"geometry":{"type":"LineString","coordinates":[[6.5932886,11.7119407],[6.5937293,11.7118457]]}},{"type":"Feature","properties":{"kind":"road","id":"road-589162730-0","name":"Unnamed mapped secondary","osmWay":589162730,"major":false,"bridge":true},"geometry":{"type":"LineString","coordinates":[[6.6540241,12.1782374],[6.65411,12.1781745]]}},{"type":"Feature","properties":{"kind":"road","id":"road-589162731-0","name":"Unnamed mapped secondary","osmWay":589162731,"major":false,"bridge":false},"geometry":{"type":"LineString","coordinates":[[6.6506116,12.180859],[6.6540241,12.1782374]]}},{"type":"Feature","properties":{"kind":"road","id":"road-589162732-0","name":"Unnamed mapped secondary","osmWay":589162732,"major":false,"bridge":true},"geometry":{"type":"LineString","coordinates":[[6.6541632,12.178269],[6.6540724,12.1783266]]}},{"type":"Feature","properties":{"kind":"road","id":"road-589162733-0","name":"Unnamed mapped secondary","osmWay":589162733,"major":false,"bridge":false},"geometry":{"type":"LineString","coordinates":[[6.6540724,12.1783266],[6.6507045,12.1809667]]}},{"type":"Feature","properties":{"kind":"road","id":"road-589162734-0","name":"Unnamed mapped secondary","osmWay":589162734,"major":false,"bridge":false},"geometry":{"type":"LineString","coordinates":[[6.6421938,12.1947787],[6.6422117,12.194706]]}},{"type":"Feature","properties":{"kind":"road","id":"road-589162735-0","name":"Unnamed mapped secondary","osmWay":589162735,"major":false,"bridge":false},"geometry":{"type":"LineString","coordinates":[[6.6423337,12.1947506],[6.6423172,12.194816]]}},{"type":"Feature","properties":{"kind":"road","id":"road-589162736-0","name":"Unnamed mapped secondary","osmWay":589162736,"major":false,"bridge":false},"geometry":{"type":"LineString","coordinates":[[6.6423172,12.194816],[6.640371,12.2022677],[6.6397077,12.2038713]]}},{"type":"Feature","properties":{"kind":"road","id":"road-589162737-0","name":"Unnamed mapped secondary","osmWay":589162737,"major":false,"bridge":false},"geometry":{"type":"LineString","coordinates":[[6.6395116,12.2037957],[6.6399416,12.2031869],[6.6402469,12.2023973],[6.6421938,12.1947787]]}},{"type":"Feature","properties":{"kind":"road","id":"road-590311953-0","name":"Unnamed mapped tertiary_link","osmWay":590311953,"major":false,"bridge":false},"geometry":{"type":"LineString","coordinates":[[6.6728936,12.1659361],[6.6729418,12.1659902]]}},{"type":"Feature","properties":{"kind":"road","id":"road-590559700-0","name":"Unnamed mapped secondary","osmWay":590559700,"major":false,"bridge":false},"geometry":{"type":"LineString","coordinates":[[6.6576473,12.1755354],[6.6575011,12.1754159]]}},{"type":"Feature","properties":{"kind":"road","id":"road-591727824-0","name":"Unnamed mapped tertiary","osmWay":591727824,"major":false,"bridge":true},"geometry":{"type":"LineString","coordinates":[[6.9360838,12.1322816],[6.9360584,12.1319328]]}},{"type":"Feature","properties":{"kind":"road","id":"road-591727826-0","name":"Unnamed mapped tertiary","osmWay":591727826,"major":false,"bridge":false},"geometry":{"type":"LineString","coordinates":[[6.9360584,12.1319328],[6.9357741,12.1303201],[6.934205,12.1279915],[6.9317172,12.1258647],[6.9289505,12.1239373],[6.9283792,12.1234023],[6.9267994,12.120856],[6.9259626,12.1197887],[6.9233179,12.1168646],[6.9220036,12.1156845],[6.9202656,12.1137046],[6.9167331,12.1101065],[6.9128305,12.1072007],[6.9106042,12.1058894],[6.909923,12.1052967],[6.9078684,12.1030361],[6.9040194,12.0995192],[6.9033274,12.0986301],[6.9008366,12.0946175]]}},{"type":"Feature","properties":{"kind":"road","id":"road-826418126-0","name":"Unnamed mapped tertiary","osmWay":826418126,"major":false,"bridge":false},"geometry":{"type":"LineString","coordinates":[[6.9384286,12.1316847],[6.9387621,12.1312169],[6.9389691,12.1306269]]}},{"type":"Feature","properties":{"kind":"road","id":"road-837348878-0","name":"Unnamed mapped secondary_link","osmWay":837348878,"major":false,"bridge":false},"geometry":{"type":"LineString","coordinates":[[6.6636113,12.170711],[6.6635679,12.1704897]]}},{"type":"Feature","properties":{"kind":"road","id":"road-837348879-0","name":"Unnamed mapped tertiary","osmWay":837348879,"major":false,"bridge":false},"geometry":{"type":"LineString","coordinates":[[6.6694804,12.1659778],[6.6686079,12.1673268],[6.6679764,12.1680611],[6.6663529,12.1688772],[6.6640042,12.170557]]}},{"type":"Feature","properties":{"kind":"road","id":"road-837348880-0","name":"Unnamed mapped tertiary","osmWay":837348880,"major":false,"bridge":false},"geometry":{"type":"LineString","coordinates":[[6.6639568,12.1704234],[6.6662014,12.1688576],[6.6679575,12.1679858],[6.6693591,12.1659907]]}},{"type":"Feature","properties":{"kind":"road","id":"road-1198655617-0","name":"Unnamed mapped tertiary","osmWay":1198655617,"major":false,"bridge":false},"geometry":{"type":"LineString","coordinates":[[6.6049799,11.6407263],[6.6022358,11.6409696],[6.5994894,11.6397109],[6.5979981,11.639196],[6.5967965,11.6389543],[6.5947473,11.6379245],[6.592505,11.6374516],[6.5917539,11.6375357],[6.5905309,11.6365584]]}},{"type":"Feature","properties":{"kind":"road","id":"road-1424973244-0","name":"A126","osmWay":1424973244,"major":true,"bridge":false},"geometry":{"type":"LineString","coordinates":[[6.6686048,12.1882099],[6.6684411,12.1882325],[6.6684128,12.188058],[6.6685732,12.1880286],[6.6686048,12.1882099]]}},{"type":"Feature","properties":{"kind":"road","id":"road-1424973245-0","name":"A126","osmWay":1424973245,"major":true,"bridge":false},"geometry":{"type":"LineString","coordinates":[[6.6685732,12.1880286],[6.6712551,12.1874729]]}},{"type":"Feature","properties":{"kind":"road","id":"road-1424973246-0","name":"A126","osmWay":1424973246,"major":true,"bridge":false},"geometry":{"type":"LineString","coordinates":[[6.6712488,12.1875644],[6.6686327,12.1881468]]}},{"type":"Feature","properties":{"kind":"road","id":"road-1469054342-0","name":"Unnamed mapped secondary_link","osmWay":1469054342,"major":false,"bridge":false},"geometry":{"type":"LineString","coordinates":[[6.6572669,12.1752498],[6.6578808,12.1752146]]}},{"type":"Feature","properties":{"kind":"road","id":"road-1469054343-0","name":"Unnamed mapped secondary_link","osmWay":1469054343,"major":false,"bridge":false},"geometry":{"type":"LineString","coordinates":[[6.657246,12.1757131],[6.657348,12.1754758],[6.6572669,12.1752498]]}},{"type":"Feature","properties":{"kind":"road","id":"road-1469054344-0","name":"Unnamed mapped secondary_link","osmWay":1469054344,"major":false,"bridge":false},"geometry":{"type":"LineString","coordinates":[[6.6580703,12.1752076],[6.6580891,12.17559]]}},{"type":"Feature","properties":{"kind":"road","id":"road-1530573078-0","name":"Unnamed mapped tertiary_link","osmWay":1530573078,"major":false,"bridge":false},"geometry":{"type":"LineString","coordinates":[[6.6581077,12.1704298],[6.6578726,12.1706263]]}},{"type":"Feature","properties":{"kind":"road","id":"road-1530573082-0","name":"Unnamed mapped tertiary_link","osmWay":1530573082,"major":false,"bridge":false},"geometry":{"type":"LineString","coordinates":[[6.657916,12.1701953],[6.6580926,12.1703549]]}},{"type":"Feature","properties":{"kind":"road","id":"road-1530573083-0","name":"Unnamed mapped tertiary_link","osmWay":1530573083,"major":false,"bridge":false},"geometry":{"type":"LineString","coordinates":[[6.6576397,12.1703376],[6.6578469,12.1701797]]}},{"type":"Feature","properties":{"kind":"road","id":"road-1530573084-0","name":"Unnamed mapped tertiary_link","osmWay":1530573084,"major":false,"bridge":false},"geometry":{"type":"LineString","coordinates":[[6.6577901,12.1706199],[6.6576337,12.1704025]]}},{"type":"Feature","properties":{"kind":"road","id":"road-1530573085-0","name":"Unnamed mapped tertiary","osmWay":1530573085,"major":false,"bridge":false},"geometry":{"type":"LineString","coordinates":[[6.6575076,12.1703488],[6.6578988,12.1703518]]}},{"type":"Feature","properties":{"kind":"road","id":"road-1530573086-0","name":"Unnamed mapped tertiary","osmWay":1530573086,"major":false,"bridge":false},"geometry":{"type":"LineString","coordinates":[[6.6578053,12.170415],[6.6575076,12.1703488]]}},{"type":"Feature","properties":{"kind":"rail","id":"rail-390060882-0","name":"West Line Branch","osmWay":390060882,"major":false,"bridge":false},"geometry":{"type":"LineString","coordinates":[[6.6458258,12.2076388],[6.6519199,12.1939169],[6.6621869,12.1729988],[6.6628204,12.1720887],[6.6733247,12.1640189],[6.7252463,12.1212739],[6.7792718,12.0809563],[6.7886429,12.0723857],[6.8187147,12.051434]]}}]}
