{"type":"FeatureCollection","metadata":{"source":"Geofabrik Nigeria OSM extract, OpenStreetMap contributors, ODbL 1.0; geoBoundaries gbOpen GRID3 2022, CC BY 4.0","surfaceFormatVersion":1,"pbfUrl":"https://download.geofabrik.de/africa/nigeria-261003.osm.pbf","pbfDate":"2026-10-03","pbfSha256":"6dfa568106792fb8a9bba0b12a91e1edfb789d38c452087b2c48bc58326880b5","pbfBytes":709273731,"boundaryRelease":"9469f09","adm1Sha256":"64fa218ac3d453cc1e66412ff461c5dfa1a4a1ade0da93b239a9891b587d28f9","adm2Sha256":"bef7f2cfa45e012f4772eaa61c7b99e5188aeba4d5c6badae7e9f9aae8c02fcd","cityId":"jos","stateId":"plateau","stateSourceName":"Plateau","localUnits":[["jos-north","Jos North"],["jos-south","Jos South"]],"coordinatePrecisionDegrees":1e-07,"transportSimplificationDegrees":8e-05,"locationIndex":"sparse_file_array","waterObjects":[["relation",2832026],["way",41526343],["way",169144906],["way",172391531],["way",172391562],["way",172391578],["way",172391599],["way",172391612],["way",172391637],["way",172391654],["way",172391668],["way",191586548],["way",191586549],["way",191586550],["way",191586551],["way",191620082],["way",191620086],["way",191620100],["way",191623726],["way",195580706],["way",195584075],["way",195584081],["way",205386900],["way",210779218],["way",210779219],["way",211257821],["way",211257826],["way",211257827],["way",211257829],["way",211257830],["way",211257831],["way",211257832],["way",211257833],["way",211257834],["way",211398841],["way",211398843],["way",211398855],["way",211398856],["way",211398860],["way",211398861],["way",211691731],["way",218801365],["way",218801366],["way",218801367],["way",218801368],["way",218801369],["way",218801370],["way",218801371],["way",218801375],["way",220425897],["way",220425898],["way",220425899],["way",220425900],["way",220426000],["way",220426001],["way",220426002],["way",220426003],["way",220426004],["way",220426056],["way",220426057],["way",223689534],["way",223689535],["way",223689536],["way",223689537],["way",223689538],["way",223963151],["way",223963152],["way",239387924],["way",248643052],["way",248643054],["way",248643065],["way",248643066],["way",248643067],["way",248643069],["way",248643073],["way",248643075],["way",271994379],["way",271997915],["way",271997918],["way",271997923],["way",271997925],["way",271997927],["way",271997930],["way",271997931],["way",271997932],["way",271997940],["way",271997947],["way",271997951],["way",272451450],["way",272451451],["way",272451452],["way",272451455],["way",272451457],["way",272451459],["way",272451460],["way",272451462],["way",272451463],["way",272451467],["way",272451469],["way",272451472],["way",272451475],["way",272451477],["way",272451478],["way",272451481],["way",272451483],["way",272451485],["way",272451488],["way",272451490],["way",1165592784],["way",1188636945],["way",1188637200],["way",1188638037],["way",1208035269],["way",1208035270],["way",1208035271],["way",1208035646],["way",1208042298]]},"features":[{"type":"Feature","properties":{"kind":"state","id":"state:plateau","localUnitId":"plateau","name":"Plateau"},"geometry":{"type":"Polygon","coordinates":[[[9.6155354,8.3743868],[9.6109568,8.3786712],[9.6050148,8.385843],[9.601554,8.3927173],[9.5983801,8.393364],[9.5945339,8.3931932],[9.5885878,8.3967915],[9.5809956,8.3977184],[9.573288,8.3986597],[9.5691814,8.3997898],[9.5592337,8.4015121],[9.5571508,8.402318],[9.5538635,8.4035892],[9.5494928,8.4052792],[9.5452299,8.4076748],[9.5415564,8.4098682],[9.5395498,8.4110661],[9.5322609,8.4141207],[9.5279999,8.4153357],[9.5202904,8.4149551],[9.5109634,8.4182243],[9.5016603,8.4203434],[9.4920666,8.4235996],[9.4888363,8.424696],[9.4841604,8.4269056],[9.4701834,8.4312353],[9.4631701,8.4345503],[9.45613,8.4390163],[9.4512941,8.4413021],[9.4421034,8.4456463],[9.436223,8.4501343],[9.426897,8.4534035],[9.4161711,8.4586325],[9.4082127,8.4640713],[9.3964081,8.4693384],[9.3885384,8.4728498],[9.3805799,8.4782877],[9.3727999,8.4798727],[9.3669424,8.4815435],[9.3553162,8.4829578],[9.3515596,8.4808607],[9.3438683,8.4805193],[9.3375009,8.4786199],[9.3362656,8.4782515],[9.3351345,8.4776198],[9.3287535,8.4740562],[9.3212337,8.4697475],[9.3116245,8.4694347],[9.307869,8.4673376],[9.3049498,8.4666166],[9.2983437,8.4649839],[9.290741,8.4627161],[9.288908,8.4607039],[9.2778608,8.4629523],[9.2733469,8.463871],[9.2679291,8.4614159],[9.2663309,8.4606916],[9.2639103,8.4595947],[9.261899,8.4614353],[9.2542973,8.4591665],[9.2446823,8.4587402],[9.2331457,8.4582281],[9.2158403,8.4574595],[9.2119942,8.4572887],[9.2022905,8.4587889],[9.1846294,8.4657269],[9.1826172,8.4675674],[9.1773574,8.463702],[9.1770267,8.463459],[9.1749258,8.467226],[9.1653466,8.4613167],[9.1580658,8.4568253],[9.1562319,8.454813],[9.1524754,8.4527159],[9.1488972,8.4467659],[9.1458197,8.4433889],[9.1385984,8.4383135],[9.1367559,8.4354458],[9.1323938,8.4286575],[9.128459,8.4304142],[9.1275368,8.4337387],[9.1244345,8.4340963],[9.1215267,8.4382248],[9.1184282,8.4381638],[9.1112432,8.4380226],[9.1010933,8.4388514],[9.0971584,8.4406071],[9.0968027,8.4483137],[9.0984583,8.4541788],[9.1002026,8.4581165],[9.1031885,8.4642334],[9.1021233,8.4698629],[9.1014128,8.4736147],[9.0953665,8.4779882],[9.0883036,8.4836025],[9.0832872,8.4863234],[9.0801096,8.4880466],[9.0757923,8.4859905],[9.0699348,8.4876614],[9.0663528,8.4925203],[9.0637932,8.4934807],[9.0598745,8.4968672],[9.0595188,8.5045729],[9.0591621,8.5122805],[9.0541306,8.5160713],[9.0493603,8.5196657],[9.0433807,8.5183554],[9.0402002,8.514884],[9.0367765,8.5125151],[9.0321541,8.513011],[9.0263853,8.5127544],[9.0245354,8.5119842],[9.0194702,8.5098753],[9.0136366,8.512063],[9.0102768,8.5152721],[9.0051451,8.5137405],[8.9972754,8.5172529],[8.9960029,8.5184173],[8.9947386,8.5195742],[8.9906187,8.5211058],[8.9882574,8.5228853],[8.98246,8.5272541],[8.9790039,8.5305843],[8.9751444,8.5375061],[8.974966,8.5413589],[8.9784555,8.5492363],[8.9840202,8.5532312],[8.9840946,8.5581608],[8.9860687,8.5619802],[8.9873829,8.5645227],[8.9863052,8.5664682],[8.983222,8.5720348],[8.9824123,8.5743046],[8.9810219,8.5782032],[8.98318,8.5851135],[8.9834318,8.5965805],[8.9805298,8.6011734],[8.9777946,8.6051912],[8.9700232,8.6055708],[8.9641666,8.6089077],[8.9583101,8.6122456],[8.9511766,8.6213121],[8.9497566,8.6339426],[8.9473238,8.6396484],[8.9444981,8.6466675],[8.942276,8.6521893],[8.9417887,8.6555834],[8.9410238,8.659605],[8.9404593,8.6625748],[8.9402437,8.6672306],[8.9347992,8.667881],[8.9322195,8.6714039],[8.9292183,8.6731777],[8.9257069,8.6772003],[8.9215488,8.6803738],[8.9198265,8.6816883],[8.9195142,8.6819267],[8.9139471,8.6861763],[8.9118061,8.6987715],[8.910738,8.7029934],[8.9076567,8.7102194],[8.9028368,8.7193308],[8.8968868,8.7272692],[8.8921366,8.7329302],[8.8919334,8.7403536],[8.8960333,8.7482796],[8.8993711,8.7509708],[8.9007753,8.7521031],[8.9044104,8.7550344],[8.9046898,8.7581253],[8.9010887,8.7639465],[8.9005547,8.775507],[8.903883,8.7791595],[8.9078894,8.783555],[8.9155808,8.7838964],[8.9191513,8.7832956],[8.9239664,8.782485],[8.9290409,8.7844934],[8.9327097,8.7855082],[8.9383268,8.7936726],[8.9451466,8.7995596],[8.9490337,8.8104782],[8.9505968,8.8157768],[8.9509687,8.824192],[8.9510994,8.8271427],[8.9500656,8.8298292],[8.9497986,8.8356075],[8.9553003,8.8416443],[8.9570446,8.845583],[8.9587898,8.8495216],[8.9663916,8.8517895],[8.9739943,8.8540573],[8.9856195,8.852643],[8.9895544,8.8508873],[8.9959004,8.8524554],[8.9990797,8.853241],[9.0030146,8.8514853],[9.0106163,8.8537531],[9.0162067,8.8578625],[9.0180407,8.8598738],[9.0235415,8.8659096],[9.025197,8.8717747],[9.0267639,8.8795662],[9.0285082,8.8835049],[9.0318203,8.8952351],[9.0390654,8.9052095],[9.0408106,8.9091482],[9.0444775,8.9131718],[9.0443001,8.9170246],[9.0459557,8.9228897],[9.0459926,8.9229302],[9.0532904,8.9309368],[9.0625477,8.9390707],[9.0682278,8.9412527],[9.0718946,8.9452772],[9.0734615,8.9530687],[9.0711823,8.9606895],[9.0690813,8.9644585],[9.0670691,8.9662981],[9.068368,8.9798698],[9.0707378,8.9878407],[9.0698366,8.991869],[9.0697536,8.9954176],[9.0690813,8.9977522],[9.0669632,9.0079269],[9.0627413,9.0182285],[9.060154,9.0205975],[9.0567055,9.0237532],[9.054117,9.0249081],[9.0527706,9.0255089],[9.0495567,9.0261641],[9.0449905,9.0270939],[9.0392218,9.0268373],[9.0277739,9.0243988],[9.0239277,9.0242281],[9.0201712,9.022131],[9.016325,9.0219774],[9.0122776,9.0217886],[9.0088921,9.0207663],[9.0043364,9.021059],[9.0009432,9.0212774],[8.9986687,9.0203695],[8.9952927,9.0190229],[8.9926491,9.018939],[8.9894953,9.0188389],[8.983613,9.0176945],[8.977663,9.0165367],[8.9742012,9.0162287],[8.9695272,9.0160208],[8.9668159,9.0150423],[8.9637499,9.0157642],[8.960742,9.0156307],[8.9548845,9.0173016],[8.951128,9.0152044],[8.9430208,9.0155811],[8.9298878,9.0161905],[8.924119,9.0159359],[8.9181768,9.0171465],[8.9163389,9.0175209],[8.9084779,9.0191047],[8.9073925,9.0193233],[8.8981647,9.0210485],[8.8949203,9.0223608],[8.8883924,9.0220718],[8.885355,9.0216093],[8.8755131,9.0253601],[8.8658104,9.0268602],[8.8619642,9.0266895],[8.8502493,9.0300303],[8.8444815,9.0297737],[8.8387127,9.0295181],[8.8245478,9.0306567],[8.8232412,9.0307617],[8.8117256,9.030302],[8.8060303,9.0327415],[8.7981548,9.0315781],[8.7940416,9.0371866],[8.7899284,9.0427961],[8.7897501,9.046649],[8.7894831,9.0524282],[8.7930613,9.0583792],[8.7948055,9.0623178],[8.7965508,9.0662556],[8.7994385,9.0711565],[8.7956648,9.0756388],[8.7936402,9.079828],[8.7919025,9.0834236],[8.7841234,9.0850096],[8.7801886,9.0867653],[8.7781763,9.0886059],[8.7741528,9.092288],[8.7688465,9.0953054],[8.7685061,9.0978632],[8.7640934,9.1014948],[8.7636806,9.1018725],[8.7600689,9.1051769],[8.7616252,9.1131962],[8.7613673,9.1187691],[8.7612791,9.1206741],[8.7647686,9.1285505],[8.7675228,9.1362858],[8.7679014,9.1441355],[8.7677107,9.1499157],[8.7675533,9.1574202],[8.7655054,9.1636892],[8.7649984,9.1652412],[8.7610645,9.166997],[8.7550278,9.1725206],[8.748992,9.1780434],[8.7462244,9.1786442],[8.7393961,9.1801252],[8.7334318,9.1812143],[8.7217169,9.1845551],[8.7120132,9.1860542],[8.7080784,9.1878099],[8.6963329,9.1870966],[8.690773,9.1870422],[8.6870155,9.1849442],[8.681159,9.186615],[8.6773129,9.1864443],[8.6732893,9.1901264],[8.6675215,9.1898699],[8.663497,9.193553],[8.6614847,9.1953936],[8.6578074,9.2076893],[8.671452,9.2512674],[8.6789837,9.275322],[8.6843958,9.2832832],[8.6848285,9.2854357],[8.6874858,9.2986543],[8.6875286,9.2988672],[8.6892738,9.3028049],[8.6926737,9.3126087],[8.6980858,9.3205709],[8.6941509,9.3223276],[8.6939726,9.3261805],[8.6914263,9.3395805],[8.689415,9.3414221],[8.6907139,9.3549929],[8.6907248,9.3550174],[8.6924582,9.3589315],[8.695858,9.3687344],[8.69561,9.3740826],[8.6954126,9.3783674],[8.6923045,9.3826065],[8.6913004,9.383976],[8.6872768,9.3876591],[8.683342,9.3894148],[8.6794071,9.3911715],[8.6695251,9.3965235],[8.6648903,9.393177],[8.6625164,9.3934004],[8.6561546,9.3939991],[8.6546667,9.3943022],[8.6483746,9.3955841],[8.6481119,9.3958245],[8.6423388,9.4011078],[8.6382256,9.4067163],[8.6366824,9.4094839],[8.6361246,9.4104843],[8.6318331,9.4199457],[8.6278992,9.4217024],[8.626935,9.423431],[8.6236963,9.4292374],[8.6196728,9.4329205],[8.6176615,9.434761],[8.6131916,9.4480762],[8.6095911,9.4560142],[8.6089001,9.4575377],[8.6084128,9.4599084],[8.6081162,9.4613514],[8.6075706,9.4640017],[8.6051178,9.4667425],[8.6024189,9.4726944],[8.6022425,9.4765472],[8.6026598,9.4825497],[8.6014238,9.4833937],[8.5955294,9.4859255],[8.5882088,9.4893013],[8.5843109,9.4932396],[8.5801277,9.4955839],[8.5777509,9.4992409],[8.5754692,9.5094615],[8.5743284,9.5136809],[8.568529,9.5196817],[8.5657719,9.5274639],[8.5616838,9.5405902],[8.5562859,9.5536575],[8.5543991,9.5646277],[8.5536499,9.568984],[8.5550385,9.5806293],[8.5556763,9.5815678],[8.5604506,9.5885916],[8.5622845,9.5906029],[8.5658636,9.5965538],[8.5669053,9.6034108],[8.5669842,9.6139774],[8.5656164,9.624315],[8.570386,9.640007],[8.574191,9.6484095],[8.5778135,9.6564092],[8.5852029,9.6643768],[8.5833044,9.6659993],[8.5833784,9.6689456],[8.5800596,9.6727344],[8.5816226,9.6758185],[8.5858884,9.677026],[8.5923497,9.6779967],[8.5990265,9.6787267],[8.6006908,9.6856993],[8.6018786,9.6906756],[8.6018786,9.7061383],[8.6015221,9.715275],[8.5988601,9.727924],[8.61064,9.7412604],[8.6154652,9.7423964],[8.6167534,9.7447899],[8.6181095,9.7455729],[8.6194297,9.7463351],[8.6336089,9.7546302],[8.635091,9.7576019],[8.6439479,9.7753601],[8.64339,9.7892423],[8.6425218,9.8108439],[8.6426602,9.8164331],[8.6428784,9.8252471],[8.6433351,9.829297],[8.6439479,9.8347318],[8.6421653,9.8449188],[8.6413057,9.8482006],[8.6393132,9.855808],[8.6346924,9.8668341],[8.6381494,9.8856614],[8.6447942,9.9010256],[8.6465989,9.9051987],[8.6649235,9.9639022],[8.6730299,9.9874125],[8.6766081,9.9933624],[8.6799192,10.0050898],[8.6796438,10.0110515],[8.6794739,10.0147305],[8.673796,10.0675306],[8.6722683,10.0817368],[8.6723304,10.0931375],[8.6724109,10.1079449],[8.6721257,10.1191762],[8.6716504,10.1246046],[8.6721257,10.1288162],[8.6731715,10.1376135],[8.6720307,10.1462235],[8.6782008,10.1686176],[8.6808723,10.1770115],[8.6832957,10.1929569],[8.6860728,10.2112304],[8.6892182,10.2135594],[8.6991261,10.2208956],[8.7007697,10.2220428],[8.7125313,10.2302518],[8.7245332,10.2436476],[8.728684,10.2482804],[8.7299501,10.2543521],[8.7325507,10.2668239],[8.7342771,10.2751033],[8.7385921,10.2779703],[8.7424374,10.2781401],[8.7495618,10.2809482],[8.7572626,10.2801063],[8.7634233,10.2813691],[8.7692417,10.2851577],[8.7833598,10.2902932],[8.7907184,10.2934924],[8.7945688,10.2975333],[8.7954835,10.2986904],[8.7957667,10.2990487],[8.7992749,10.3029212],[8.7992749,10.3083932],[8.800045,10.316138],[8.7992749,10.3228725],[8.8002161,10.3298593],[8.8010931,10.3384765],[8.8040252,10.345443],[8.8050948,10.3556138],[8.8107991,10.3678885],[8.8183184,10.3804462],[8.8192996,10.3794082],[8.8197274,10.3776782],[8.8206306,10.3754805],[8.82315,10.3742181],[8.8322294,10.3718333],[8.8380761,10.3703772],[8.8486525,10.366125],[8.8516742,10.3643825],[8.8701925,10.3576345],[8.8871098,10.3579197],[8.8928814,10.3580666],[8.8986931,10.3582144],[8.9039183,10.3569517],[8.9060266,10.3564418],[8.9073763,10.3561153],[8.9080137,10.3559939],[8.9122858,10.3551798],[8.9179268,10.3535716],[8.9181433,10.3535099],[8.9205332,10.3536157],[8.9258347,10.3538504],[8.9297705,10.3520899],[8.9357157,10.3485003],[8.9362908,10.347003],[8.9379053,10.3428001],[8.940205,10.3377305],[8.9421968,10.3333397],[8.94631,10.3277302],[8.948678,10.3181801],[8.9527912,10.3125801],[8.9547551,10.3090561],[8.9548922,10.3088102],[8.95477,10.3075351],[8.9535923,10.2952404],[8.9538603,10.2894602],[8.9446917,10.2793999],[8.9416787,10.2760924],[8.9391899,10.2733603],[8.9356117,10.2674103],[8.9357901,10.2635603],[8.9360571,10.2577801],[8.9364138,10.2500696],[8.9346685,10.24613],[8.9312468,10.2451115],[8.931448,10.2421408],[8.9309798,10.2384941],[8.9302691,10.2329588],[8.9297018,10.2285404],[8.9298801,10.2246904],[8.9299961,10.2221795],[8.9301472,10.2189102],[8.9303265,10.2150497],[8.9382849,10.20961],[8.9422188,10.20786],[8.9461546,10.2061005],[8.951067,10.2031155],[8.9600592,10.1970701],[8.9659166,10.1954002],[8.9679289,10.1935596],[8.973876,10.1899595],[8.9759151,10.1846611],[8.9760656,10.1842699],[8.9781666,10.1805],[8.9766893,10.1707802],[8.9768212,10.1679281],[8.9771347,10.16115],[8.9735575,10.1552],[8.9723614,10.1525016],[8.9718113,10.1512604],[8.9719896,10.1473999],[8.972168,10.1435499],[8.9743576,10.1378603],[8.972702,10.1319904],[8.9727386,10.1312016],[8.9728804,10.1281405],[8.9712248,10.1222696],[8.9705293,10.1164394],[8.9698362,10.11063],[8.968092,10.1066904],[8.9682351,10.1035999],[8.9682703,10.1028404],[8.9520929,10.0930118],[8.9392883,10.0330629],[8.9386859,10.0265672],[8.9437625,10.0263491],[8.9458778,10.0226745],[8.947185,10.0196153],[8.9495229,10.0198537],[8.9499184,10.0132186],[8.9515103,10.0110855],[8.9620866,10.0052097],[8.9774609,9.9874163],[8.9999059,9.9886356],[9.0027754,9.9887914],[9.0012697,10.0002186],[9.0019828,10.0008271],[9.0014599,10.0018102],[9.0006434,10.0029655],[9.0003666,10.0048063],[9.0008419,10.005368],[9.0004616,10.0059766],[9.0007646,10.0071243],[9.0013892,10.0072857],[9.0012697,10.008879],[9.0021245,10.0096099],[9.0030286,10.0106578],[9.0040268,10.0116877],[9.0050251,10.0119218],[9.0058332,10.012109],[9.005548,10.0129984],[9.0054054,10.0141687],[9.0064077,10.0155851],[9.0069265,10.0194116],[9.0063086,10.0208159],[9.0055004,10.021799],[9.0051202,10.0231097],[9.0049776,10.0250289],[9.0040268,10.0259651],[9.0037892,10.0271821],[9.0043596,10.0279779],[9.0048349,10.0291482],[9.0039793,10.0298035],[9.0035515,10.0309737],[9.0038842,10.0317695],[9.0045973,10.031395],[9.0054529,10.0315354],[9.0062135,10.0317227],[9.0071642,10.0327525],[9.0071935,10.0327752],[9.0116801,10.0299439],[9.0171943,10.025497],[9.0201415,10.0232969],[9.0228035,10.0219394],[9.0272244,10.0209096],[9.0308846,10.0180073],[9.0356858,10.0161816],[9.0416794,10.0153599],[9.0417539,10.0153632],[9.0474482,10.0156202],[9.0550499,10.01789],[9.0587362,10.0180527],[9.0588961,10.0180597],[9.0627327,10.0195325],[9.0645752,10.0202398],[9.0683317,10.0223398],[9.0687401,10.0223575],[9.0737555,10.0225748],[9.0740995,10.0225897],[9.076328,10.0230647],[9.0771757,10.0232454],[9.0855484,10.0250301],[9.0887767,10.0275986],[9.0921043,10.0298923],[9.096656,10.0334055],[9.0985929,10.0352168],[9.1002567,10.0366913],[9.1011717,10.0380838],[9.1032209,10.0399895],[9.1041665,10.0408689],[9.1089303,10.0440442],[9.1109879,10.0466847],[9.1126552,10.0490136],[9.114565,10.0516813],[9.118558,10.0560226],[9.1240025,10.0580307],[9.1280414,10.0586437],[9.1327831,10.0562683],[9.1354452,10.0549578],[9.1358576,10.0546724],[9.1385231,10.0528281],[9.1421834,10.0512718],[9.1445958,10.0494697],[9.1488384,10.0480772],[9.1534137,10.0466028],[9.1553271,10.0460294],[9.1595763,10.0461681],[9.1646026,10.0464489],[9.1629794,10.0419021],[9.1830006,10.0382713],[9.1925432,10.0402192],[9.1990794,10.0430861],[9.2031199,10.0453095],[9.210797,10.0483864],[9.2297073,10.0482473],[9.2438695,10.0389062],[9.2445243,10.0381244],[9.2547592,10.0300999],[9.2512684,10.0246696],[9.2142896,10.0175036],[9.2196735,9.970485],[9.2243929,9.9292686],[9.2304818,9.876092],[9.2321356,9.8616489],[9.2457184,9.8479274],[9.2720696,9.8461446],[9.2712688,9.8421602],[9.2676907,9.8362103],[9.2660351,9.8303452],[9.2631107,9.8237441],[9.2608004,9.8185291],[9.2552996,9.8124933],[9.254329,9.8103034],[9.2535543,9.8085556],[9.2478719,9.804782],[9.2442083,9.8023491],[9.2400344,9.795662],[9.2375018,9.7919064],[9.2357759,9.7896133],[9.2343783,9.78842],[9.2305691,9.7844927],[9.2272999,9.7813911],[9.2232506,9.777172],[9.2187203,9.7732557],[9.2120146,9.7729207],[9.2093603,9.7700842],[9.2025915,9.7715958],[9.1987021,9.772741],[9.1983151,9.7726609],[9.1926814,9.7714952],[9.1879482,9.7689629],[9.184103,9.7687922],[9.1743752,9.7646866],[9.1743526,9.764677],[9.1689873,9.7623291],[9.1652308,9.760232],[9.1609387,9.7585825],[9.1595507,9.758049],[9.1557951,9.7559519],[9.1535266,9.7534634],[9.1521273,9.7519283],[9.150383,9.7479897],[9.1521835,9.7447615],[9.1576229,9.7408245],[9.1604424,9.7387838],[9.1631251,9.7369508],[9.1655124,9.7353196],[9.1684008,9.733346],[9.173604,9.7305269],[9.1782818,9.727993],[9.1815465,9.7250061],[9.1823063,9.7243109],[9.1864185,9.7187014],[9.1886603,9.7165062],[9.1915337,9.7143351],[9.195071,9.7138233],[9.1981354,9.7084732],[9.1991516,9.7074289],[9.2025146,9.7039728],[9.2038824,9.7034602],[9.2075757,9.6938323],[9.2103137,9.6873601],[9.2165619,9.6839675],[9.2238172,9.6825551],[9.228588,9.6823166],[9.2600106,9.6807454],[9.2671502,9.6803884],[9.2770705,9.691371],[9.2806832,9.695307],[9.2831551,9.6968064],[9.2846332,9.6980524],[9.2878323,9.692317],[9.2882012,9.6908292],[9.2902002,9.6827688],[9.290556,9.6750631],[9.2944908,9.6733074],[9.2939293,9.6713183],[9.2915907,9.6630333],[9.2911797,9.6615772],[9.291358,9.6577244],[9.2877798,9.6517735],[9.2842903,9.6438971],[9.2844116,9.641277],[9.2844687,9.6400433],[9.2845802,9.6361122],[9.2876701,9.6334515],[9.2905626,9.6305475],[9.2927875,9.6283139],[9.2954159,9.6256752],[9.2972898,9.6248493],[9.2897551,9.6143584],[9.2928392,9.6134977],[9.3153343,9.60722],[9.3267638,9.5961874],[9.3271551,9.5957508],[9.3092923,9.5989409],[9.3049536,9.5763311],[9.3040319,9.5715281],[9.3141768,9.5630526],[9.3405431,9.541025],[9.3510262,9.532267],[9.3974037,9.5311584],[9.3990804,9.526798],[9.3995934,9.5254641],[9.4017839,9.5197697],[9.402051,9.5139904],[9.4035081,9.5102027],[9.4055534,9.5070955],[9.4254453,9.4768765],[9.4643555,9.4757487],[9.4759715,9.475412],[9.4842388,9.4751723],[9.5474676,9.4733396],[9.5691052,9.4727124],[9.5899217,9.511536],[9.5830132,9.5174083],[9.576726,9.5227524],[9.5738559,9.5249564],[9.5704652,9.5291204],[9.5700488,9.5343552],[9.5739749,9.537627],[9.5781561,9.5427967],[9.5792205,9.5516729],[9.5799057,9.5497503],[9.5815297,9.5485457],[9.5837426,9.5462704],[9.5859734,9.5449022],[9.5866872,9.5440991],[9.5882111,9.5443436],[9.5884538,9.5443825],[9.5902861,9.5436827],[9.5921897,9.5438017],[9.5955804,9.545616],[9.5973115,9.5458034],[9.5988581,9.546547],[9.6019217,9.5461603],[9.6032601,9.5470526],[9.6042119,9.5462793],[9.6059965,9.5460414],[9.607216,9.5469931],[9.6095062,9.5477367],[9.6108447,9.5488967],[9.6119154,9.547588],[9.6141164,9.5469634],[9.615098,9.5446137],[9.6182507,9.5446434],[9.6200948,9.5433347],[9.6202435,9.5413717],[9.6230394,9.5392896],[9.6233963,9.5381891],[9.6241994,9.5371779],[9.6253296,9.5371481],[9.6265194,9.5383379],[9.6276794,9.537862],[9.6270845,9.5360476],[9.6274414,9.5346199],[9.6312188,9.5323297],[9.635829,9.5303072],[9.6376136,9.5281954],[9.6410936,9.5263216],[9.6455426,9.5239868],[9.6483786,9.5222872],[9.6497696,9.5228925],[9.651007,9.5219027],[9.6544904,9.5249801],[9.6562739,9.5280379],[9.6586069,9.5317259],[9.6635952,9.5342912],[9.6678583,9.5353236],[9.6728266,9.5334391],[9.6781375,9.5308121],[9.6832201,9.5257867],[9.6875602,9.523788],[9.6923417,9.5224703],[9.6945,9.5231142],[9.6959,9.5237493],[9.7039356,9.5273943],[9.7135506,9.5278215],[9.7326002,9.5325279],[9.7443539,9.5315941],[9.745687,9.5314882],[9.760876,9.5387092],[9.7638304,9.5401137],[9.7776995,9.5512047],[9.7814522,9.5559382],[9.782815,9.5565453],[9.7842722,9.5571928],[9.7882127,9.5615089],[9.7939072,9.5677462],[9.801538,9.5769953],[9.8032851,9.5791129],[9.8077584,9.5799955],[9.8242092,9.5832415],[9.8283733,9.5935029],[9.8314253,9.5986021],[9.838871,9.6012392],[9.854934,9.6031308],[9.9019879,9.608672],[9.9067755,9.6117916],[9.9131605,9.6111532],[9.9159517,9.6108742],[9.9355977,9.6051028],[9.9421697,9.6090512],[9.9444017,9.609457],[9.9549265,9.6113708],[9.9622917,9.61271],[9.9806442,9.6232624],[9.9911976,9.6384029],[9.9916497,9.6456392],[9.9916563,9.6457443],[9.9856911,9.6627197],[9.9785189,9.6808066],[9.9751387,9.6893311],[9.9725896,9.6995277],[9.9843219,9.7129814],[9.9921528,9.7168407],[9.9956165,9.7181766],[10.0057063,9.7175828],[10.0135371,9.7190671],[10.0334155,9.7260434],[10.0388369,9.7270824],[10.0418488,9.7304963],[10.0468184,9.7288635],[10.0484749,9.7260434],[10.0520925,9.7272209],[10.0534445,9.729012],[10.0576611,9.729012],[10.0627813,9.7301994],[10.0682027,9.7309415],[10.071076,9.7308454],[10.0757324,9.7291604],[10.0793467,9.7263403],[10.0849186,9.7247075],[10.0865216,9.7245592],[10.0880955,9.7244136],[10.0916954,9.7247075],[10.0959596,9.7242278],[10.0983215,9.7220358],[10.1005804,9.7221842],[10.1032911,9.7195124],[10.1048692,9.7105118],[10.1036964,9.7009117],[10.1041403,9.7000058],[10.108759,9.6905797],[10.1123955,9.6917043],[10.1145346,9.6928992],[10.115319,9.6936723],[10.1169589,9.6938129],[10.1185305,9.6936256],[10.1206667,9.6934614],[10.121665,9.6941643],[10.1228772,9.69311],[10.1299363,9.6922666],[10.1317902,9.6923369],[10.133858,9.6928289],[10.1376371,9.6923369],[10.1401327,9.6922666],[10.1431988,9.692126],[10.1447675,9.6913529],[10.1464973,9.6903055],[10.1473799,9.6880102],[10.1500136,9.6806963],[10.1522444,9.678763],[10.1568546,9.6801014],[10.1614648,9.6832245],[10.1651827,9.6841168],[10.1736595,9.6854552],[10.180203,9.6872398],[10.1907619,9.6890244],[10.1995362,9.689768],[10.2068233,9.6884295],[10.2147052,9.6894706],[10.2212487,9.6891731],[10.2264538,9.6900654],[10.2318076,9.689768],[10.2392434,9.6888757],[10.2475715,9.6878347],[10.2516017,9.6879031],[10.2573838,9.6876176],[10.2605961,9.6871179],[10.2623807,9.6848336],[10.2632373,9.683049],[10.2648791,9.6812644],[10.2673776,9.6810502],[10.2718748,9.6779094],[10.2755867,9.6754823],[10.2810119,9.6725556],[10.2866512,9.6697716],[10.2923917,9.6655302],[10.2935814,9.6624072],[10.295366,9.6582431],[10.3002736,9.6527406],[10.3118232,9.6440402],[10.31322,9.6432505],[10.3182922,9.6420401],[10.3268604,9.6399956],[10.3278153,9.6391216],[10.3286166,9.6383882],[10.3389301,9.6289482],[10.3429604,9.6252661],[10.3469801,9.6215839],[10.3471082,9.6214666],[10.3530102,9.6160603],[10.3557989,9.6141547],[10.3609695,9.6106215],[10.3649101,9.6088657],[10.3728704,9.6034279],[10.3827496,9.5980749],[10.39254,9.5946493],[10.3984003,9.5929775],[10.4042597,9.5913086],[10.4102001,9.5877113],[10.4161501,9.5841141],[10.4190564,9.5842428],[10.4238396,9.5844545],[10.4258499,9.5826149],[10.4297895,9.5808592],[10.4396696,9.5755062],[10.44946,9.5720797],[10.4533997,9.5703239],[10.4593401,9.5667276],[10.4617574,9.5645169],[10.4653797,9.561204],[10.4790201,9.5579481],[10.4829502,9.5561924],[10.4889002,9.5525951],[10.4912701,9.5430479],[10.4930187,9.5399109],[10.49547,9.5355129],[10.49967,9.527977],[10.5036001,9.5262213],[10.5067614,9.523333],[10.5076303,9.5225391],[10.5127904,9.5110438],[10.5229589,9.488391],[10.5270708,9.4872825],[10.5409638,9.483537],[10.5416574,9.4822884],[10.5462103,9.4798508],[10.5482197,9.4780092],[10.55618,9.4725714],[10.5602102,9.4688892],[10.5661497,9.465292],[10.5703497,9.457757],[10.5725403,9.4520626],[10.5746498,9.4482946],[10.5766602,9.446454],[10.5789404,9.4388332],[10.5799198,9.4176407],[10.5783501,9.4098492],[10.5691795,9.3997898],[10.56359,9.3956804],[10.5602739,9.3901691],[10.56001,9.3897305],[10.5603704,9.3820238],[10.5643902,9.3783417],[10.5665798,9.3726473],[10.5612602,9.3627586],[10.5614405,9.3589058],[10.5616198,9.355052],[10.5598698,9.3511133],[10.5679197,9.343749],[10.5701103,9.3380547],[10.5705981,9.337608],[10.5741301,9.3343735],[10.5780697,9.3326168],[10.5802603,9.3269224],[10.5806103,9.3192158],[10.5808802,9.3134375],[10.57932,9.305645],[10.5794897,9.3017921],[10.5777502,9.2978535],[10.5781002,9.2901468],[10.5783701,9.2843676],[10.57864,9.2785873],[10.5789099,9.2728081],[10.5792599,9.2651024],[10.5798903,9.2516155],[10.5801497,9.2458363],[10.5881996,9.238472],[10.59231,9.2328634],[10.5966101,9.2234011],[10.5968704,9.2176218],[10.59723,9.2099152],[10.5957193,9.2082548],[10.5996571,9.2011604],[10.5999069,9.195981],[10.610487,9.189537],[10.6142368,9.182785],[10.6103697,9.1757498],[10.6120024,9.1702929],[10.6118507,9.1681871],[10.6125736,9.1656294],[10.6151104,9.1566553],[10.6135397,9.1488638],[10.6177397,9.1413279],[10.6256104,9.1378164],[10.6296396,9.1341343],[10.6336603,9.1304522],[10.6357603,9.1266842],[10.6361198,9.1189775],[10.6326303,9.1111012],[10.6252899,9.1030531],[10.6235504,9.0991144],[10.6225252,9.0940294],[10.6272469,9.0899448],[10.6325474,9.0867233],[10.6379166,9.0817738],[10.6400366,9.0732193],[10.6371975,9.0609808],[10.6374474,9.0558014],[10.634367,9.0487423],[10.632906,9.0434866],[10.6298161,9.0364275],[10.6300659,9.0312481],[10.6272259,9.0190096],[10.6227016,9.0139942],[10.6191759,9.0082674],[10.6143074,9.0028572],[10.6095057,8.9957209],[10.6062574,8.992115],[10.6031656,8.9850559],[10.5967464,8.9761162],[10.5882874,8.9740057],[10.5797462,8.9736214],[10.574707,8.9716644],[10.570555,8.9706286],[10.570524,8.9706209],[10.5686614,8.9701563],[10.566247,8.9695539],[10.5559874,8.9690924],[10.5440273,8.9685545],[10.5388269,8.9700499],[10.5302773,8.9696655],[10.5183964,8.9674015],[10.5097771,8.9687433],[10.5017504,8.966029],[10.4979773,8.9647532],[10.489356,8.966095],[10.479187,8.9639072],[10.468936,8.9634466],[10.4638071,8.9632158],[10.450386,8.9574213],[10.4468469,8.9560469],[10.4453468,8.9554644],[10.4402962,8.9535074],[10.436343,8.9512787],[10.4336262,8.9497471],[10.431672,8.9491584],[10.426877,8.9477139],[10.4202061,8.9439535],[10.4069567,8.9347067],[10.4004469,8.927494],[10.3971968,8.9238873],[10.3888159,8.9200497],[10.3805265,8.9144869],[10.3756456,8.9090767],[10.3723974,8.9054708],[10.3691473,8.9018641],[10.3625565,8.8963776],[10.3575964,8.8926945],[10.3509274,8.8889341],[10.3410969,8.8798409],[10.3346672,8.8709021],[10.3298759,8.8637648],[10.3250761,8.8566294],[10.3247709,8.8564572],[10.3050756,8.8453484],[10.2984858,8.8398619],[10.2918968,8.8343754],[10.2868567,8.8324184],[10.2769365,8.8250523],[10.2669373,8.8194113],[10.2618065,8.8191814],[10.2569275,8.8137712],[10.2486362,8.8082085],[10.2455959,8.8044081],[10.2362786,8.7927697],[10.2357073,8.7920561],[10.2290468,8.7882967],[10.2240763,8.7846117],[10.2143269,8.7737923],[10.209446,8.768383],[10.2061958,8.7647762],[10.1947374,8.7538795],[10.1881466,8.748394],[10.1859136,8.7441911],[10.1834373,8.7395306],[10.18062,8.7330943],[10.1803474,8.7324715],[10.1770964,8.7288656],[10.1746877,8.7275075],[10.1704273,8.7251053],[10.1655464,8.719696],[10.1622963,8.7160892],[10.1607916,8.7144194],[10.1590462,8.7124825],[10.1524572,8.706996],[10.1492071,8.7033892],[10.1409969,8.6961002],[10.1377468,8.6924925],[10.1328659,8.6870832],[10.1279869,8.681674],[10.1230268,8.6779909],[10.1164474,8.6725035],[10.1132774,8.6671705],[10.1083975,8.6617613],[10.1036062,8.6546249],[10.0971756,8.6456861],[10.0871773,8.6400452],[10.0857172,8.6347895],[10.0808363,8.6293793],[10.0784967,8.6267808],[10.0782572,8.6265148],[10.0759659,8.62397],[10.0710859,8.6185598],[10.0662069,8.6131506],[10.0614071,8.6060143],[10.0518432,8.591766],[10.0518274,8.5917425],[10.0436058,8.5844526],[10.0320663,8.5752821],[10.0254765,8.5697966],[10.0222273,8.5661898],[10.0140171,8.5588999],[10.010767,8.5552931],[10.0080156,8.5530024],[10.0041771,8.5498066],[9.997757,8.5408678],[9.9927969,8.5371838],[9.9828768,8.5298176],[9.9762869,8.5243311],[9.9713268,8.520648],[9.9631138,8.5133572],[9.9582357,8.5079479],[9.9533596,8.5025368],[9.9501066,8.4989319],[9.9498637,8.4987949],[9.9434395,8.4951715],[9.9335175,8.4878044],[9.9285394,8.4849975],[9.9268484,8.4840441],[9.9202633,8.4785576],[9.9153852,8.4731483],[9.9088812,8.4659348],[9.9056301,8.4623289],[9.895792,8.4532356],[9.890914,8.4478254],[9.8893748,8.4466032],[9.8813924,8.4402644],[9.8793669,8.4386559],[9.8694468,8.4312897],[9.8627768,8.4275293],[9.8560257,8.4254951],[9.8505307,8.4220714],[9.8410625,8.416172],[9.8361025,8.4124889],[9.832337,8.4101427],[9.8322685,8.4101],[9.8242407,8.405098],[9.8214464,8.402791],[9.8160944,8.4012079],[9.8094244,8.3974476],[9.802331,8.3913231],[9.7969666,8.3905983],[9.7841616,8.3824196],[9.7801399,8.3815546],[9.7744274,8.3780146],[9.7649908,8.3737345],[9.7613239,8.3697109],[9.7566547,8.367342],[9.7334576,8.3703585],[9.7281794,8.3710453],[9.7264729,8.3712673],[9.723362,8.3716717],[9.716754,8.3725309],[9.7110624,8.373271],[9.7071285,8.3750267],[9.7032824,8.374856],[9.695591,8.3745146],[9.6935787,8.3763552],[9.683876,8.3778553],[9.6799412,8.379611],[9.6683149,8.3810253],[9.6643801,8.382781],[9.6547661,8.3823538],[9.6527538,8.3841953],[9.6461334,8.3810226],[9.6344871,8.3818456],[9.6224637,8.3831561],[9.620464,8.383374],[9.6211096,8.3814023],[9.6231973,8.3750265],[9.6262872,8.3698533],[9.6250988,8.3669139],[9.6210582,8.3689127],[9.6172554,8.371029],[9.616836,8.3718477],[9.6155354,8.3743868]]]}},{"type":"Feature","properties":{"kind":"administrative","id":"administrative:jos-north","localUnitId":"jos-north","name":"Jos North"},"geometry":{"type":"Polygon","coordinates":[[[8.9437625,10.0263491],[8.9458778,10.0226745],[8.947185,10.0196153],[8.9495229,10.0198537],[8.9499184,10.0132186],[8.9515103,10.0110855],[8.9620866,10.0052097],[8.9774609,9.9874163],[8.9720488,9.979454],[8.9703941,9.9735889],[8.9688263,9.9657974],[8.9690943,9.9600172],[8.9716406,9.9466171],[8.9738302,9.9409227],[8.9742542,9.9398206],[8.9760208,9.9352283],[8.9823236,9.9239254],[8.9865255,9.9163904],[8.9887161,9.910696],[8.9891605,9.901063],[8.9916191,9.8895893],[8.9900522,9.8817978],[8.9884863,9.8740063],[8.9848185,9.8699827],[8.9831629,9.8641167],[8.9818773,9.8606834],[8.9777508,9.8561544],[8.9702377,9.8519602],[8.964469,9.8517036],[8.9567776,9.8513622],[8.9489965,9.8529472],[8.9425593,9.8558203],[8.9401424,9.8568989],[8.9376016,9.8631551],[8.9363909,9.867223],[8.9358205,9.8685343],[8.9350219,9.8695459],[8.9319986,9.8697519],[8.9277013,9.8705949],[8.9240316,9.8711195],[8.9233418,9.8681693],[8.9173412,9.8708467],[8.9114154,9.870584],[8.911198,9.8807381],[8.9105622,9.8850055],[8.9095164,9.8853333],[8.9075912,9.886668],[8.9070445,9.8898524],[8.9061414,9.8920066],[8.9059037,9.8953314],[8.9053816,9.8956304],[8.8994633,9.8986859],[8.897512,9.9018288],[8.896468,9.9014885],[8.8956837,9.9008704],[8.8944715,9.8993531],[8.8940437,9.8989738],[8.8936872,9.8988895],[8.8932451,9.8988895],[8.8926033,9.8990862],[8.8918618,9.8994093],[8.8911854,9.8998813],[8.8903768,9.8971384],[8.8886893,9.894235],[8.8863125,9.8929238],[8.8831513,9.8915658],[8.8826474,9.8914865],[8.8797287,9.8910273],[8.8788255,9.891238],[8.878526,9.8916503],[8.8769003,9.8924464],[8.8751034,9.8932231],[8.8730974,9.8947872],[8.8722323,9.894244],[8.8706256,9.8930639],[8.8688857,9.8919493],[8.8690854,9.8917152],[8.8688933,9.8914842],[8.8683169,9.8915134],[8.8681862,9.8914081],[8.8679663,9.8914315],[8.8673721,9.891449],[8.8670631,9.8915544],[8.8667957,9.8915076],[8.8663204,9.8916422],[8.8659698,9.8917651],[8.8653875,9.8917125],[8.8645675,9.8918565],[8.8645746,9.890276],[8.8647458,9.8880164],[8.8634694,9.887616],[8.8626637,9.8876933],[8.8618508,9.887321],[8.8612162,9.8874685],[8.8606244,9.8874194],[8.860546,9.8870962],[8.8611235,9.8854736],[8.8620612,9.8813478],[8.8615858,9.8804697],[8.8620849,9.8790414],[8.8629825,9.8757027],[8.8615707,9.873882],[8.860715,9.8744862],[8.8597025,9.8742192],[8.8579056,9.8734746],[8.8570296,9.8729267],[8.8551044,9.8718729],[8.8543768,9.8718468],[8.8499274,9.8719592],[8.8508805,9.8763269],[8.8509162,9.8774385],[8.8508426,9.8789783],[8.8494414,9.8788777],[8.8492227,9.8800953],[8.8490326,9.8802451],[8.842639,9.881074],[8.8410228,9.8815704],[8.8408802,9.8805776],[8.8372484,9.8809616],[8.83741,9.8827506],[8.8374134,9.8842863],[8.8369954,9.8841438],[8.8354267,9.8833594],[8.8344641,9.8830901],[8.8309903,9.8821064],[8.830152,9.8832498],[8.8280001,9.8861847],[8.8238869,9.8917942],[8.8178511,9.8973169],[8.8118153,9.9028416],[8.809804,9.9046822],[8.8037138,9.9054232],[8.799922,9.9100351],[8.7995653,9.9177408],[8.8048887,9.9276304],[8.8061661,9.9321551],[8.8065443,9.9334946],[8.8101215,9.9394445],[8.8137903,9.943469],[8.8191246,9.9493222],[8.8192911,9.9495049],[8.8246145,9.9593945],[8.8319492,9.9674416],[8.8357058,9.9695387],[8.8371168,9.9710868],[8.8356533,9.9735414],[8.837878,9.977137],[8.841346,9.9757267],[8.8429569,9.9774185],[8.8416724,9.9793845],[8.8436964,9.9830359],[8.8469166,9.9820842],[8.851012,9.9870697],[8.8475061,9.987085],[8.8446926,9.9950233],[8.8462289,9.9959007],[8.8557063,9.9944085],[8.8595448,9.9956942],[8.8651352,9.9998035],[8.8764935,10.0041704],[8.8814713,10.0069459],[8.8759754,10.018628],[8.8854588,10.0184174],[8.8880993,10.0113689],[8.8932648,10.0165005],[8.9026117,10.0227003],[8.9064569,10.0228701],[8.907163,10.0229019],[8.9122257,10.0231304],[8.9179058,10.0253096],[8.9236736,10.0255699],[8.9294424,10.0258198],[8.9332886,10.026],[8.9371338,10.0261698],[8.9379079,10.0266006],[8.9386859,10.0265672],[8.9437625,10.0263491]]]}},{"type":"Feature","properties":{"kind":"administrative","id":"administrative:jos-south","localUnitId":"jos-south","name":"Jos South"},"geometry":{"type":"Polygon","coordinates":[[[8.809804,9.9046822],[8.8118153,9.9028416],[8.8178511,9.8973169],[8.8238869,9.8917942],[8.8280001,9.8861847],[8.830152,9.8832498],[8.8309903,9.8821064],[8.8344641,9.8830901],[8.8354267,9.8833594],[8.8369954,9.8841438],[8.8374134,9.8842863],[8.83741,9.8827506],[8.8372484,9.8809616],[8.8408802,9.8805776],[8.8410228,9.8815704],[8.842639,9.881074],[8.8490326,9.8802451],[8.8492227,9.8800953],[8.8494414,9.8788777],[8.8508426,9.8789783],[8.8509162,9.8774385],[8.8508805,9.8763269],[8.8499274,9.8719592],[8.8543768,9.8718468],[8.8551044,9.8718729],[8.8570296,9.8729267],[8.8579056,9.8734746],[8.8597025,9.8742192],[8.860715,9.8744862],[8.8615707,9.873882],[8.8629825,9.8757027],[8.8620849,9.8790414],[8.8615858,9.8804697],[8.8620612,9.8813478],[8.8611235,9.8854736],[8.860546,9.8870962],[8.8606244,9.8874194],[8.8612162,9.8874685],[8.8618508,9.887321],[8.8626637,9.8876933],[8.8634694,9.887616],[8.8647458,9.8880164],[8.8645746,9.890276],[8.8645675,9.8918565],[8.8653875,9.8917125],[8.8659698,9.8917651],[8.8663204,9.8916422],[8.8667957,9.8915076],[8.8670631,9.8915544],[8.8673721,9.891449],[8.8679663,9.8914315],[8.8681862,9.8914081],[8.8683169,9.8915134],[8.8688933,9.8914842],[8.8690854,9.8917152],[8.8688857,9.8919493],[8.8706256,9.8930639],[8.8722323,9.894244],[8.8730974,9.8947872],[8.8751034,9.8932231],[8.8769003,9.8924464],[8.878526,9.8916503],[8.8788255,9.891238],[8.8797287,9.8910273],[8.8826474,9.8914865],[8.8831513,9.8915658],[8.8863125,9.8929238],[8.8886893,9.894235],[8.8903768,9.8971384],[8.8911854,9.8998813],[8.8918618,9.8994093],[8.8926033,9.8990862],[8.8932451,9.8988895],[8.8936872,9.8988895],[8.8940437,9.8989738],[8.8944715,9.8993531],[8.8956837,9.9008704],[8.896468,9.9014885],[8.897512,9.9018288],[8.8994633,9.8986859],[8.9053816,9.8956304],[8.9059037,9.8953314],[8.9061414,9.8920066],[8.9070445,9.8898524],[8.9075912,9.886668],[8.9095164,9.8853333],[8.9105622,9.8850055],[8.911198,9.8807381],[8.9114154,9.870584],[8.9173412,9.8708467],[8.9233418,9.8681693],[8.9240316,9.8711195],[8.9277013,9.8705949],[8.9319986,9.8697519],[8.9350219,9.8695459],[8.9358205,9.8685343],[8.9363909,9.867223],[8.9376016,9.8631551],[8.9401424,9.8568989],[8.9425593,9.8558203],[8.9489965,9.8529472],[8.9567776,9.8513622],[8.964469,9.8517036],[8.9702377,9.8519602],[8.9777508,9.8561544],[8.9818773,9.8606834],[8.9801183,9.8570308],[8.9780178,9.8503752],[8.9745283,9.8424978],[8.9747067,9.838645],[8.9730492,9.8304005],[8.958025,9.8243904],[8.9543571,9.8203669],[8.9526129,9.8164291],[8.951046,9.8086367],[8.9512243,9.8047838],[8.951581,9.7970781],[8.951848,9.7912979],[8.9502811,9.7835064],[8.9486256,9.7776413],[8.9488039,9.7737885],[8.9473267,9.7640715],[8.9456711,9.7582054],[8.9420929,9.7522535],[8.9365025,9.7481461],[8.930912,9.7440367],[8.9253216,9.7399273],[8.9197311,9.7358179],[8.9178982,9.7338057],[8.9150135,9.7306413],[8.9142303,9.7297821],[8.9104738,9.727685],[8.9086399,9.7256727],[8.9068956,9.721734],[8.9051514,9.7177963],[8.9014826,9.7137718],[8.8997383,9.7098341],[8.8982299,9.708179],[8.8979044,9.7078218],[8.8980827,9.703969],[8.8945045,9.6980181],[8.8908367,9.6939955],[8.8890028,9.6919823],[8.8871689,9.689971],[8.8836803,9.6820936],[8.8801022,9.6761436],[8.8801133,9.675902],[8.8803692,9.6703634],[8.878624,9.6664248],[8.8769684,9.6605597],[8.8753128,9.6546965],[8.8718243,9.6468182],[8.8662338,9.6427088],[8.8606434,9.6386003],[8.8569756,9.6345758],[8.8495522,9.6284552],[8.8457956,9.6263571],[8.8381042,9.6260157],[8.828311,9.6294422],[8.8224545,9.6311121],[8.8164177,9.6366367],[8.8144064,9.6384773],[8.8103828,9.6421595],[8.8025131,9.6456709],[8.7950888,9.6395502],[8.7933435,9.6356115],[8.791688,9.6297464],[8.7900333,9.6238813],[8.7847099,9.6139927],[8.7751846,9.611639],[8.7672262,9.6170769],[8.7649469,9.6246986],[8.7646799,9.6304779],[8.7624893,9.6361723],[8.7584167,9.638955],[8.7546878,9.641503],[8.7545309,9.6416101],[8.747783,9.644621],[8.7427263,9.6468773],[8.7350359,9.6465359],[8.7330236,9.6483774],[8.7252436,9.6499624],[8.7193851,9.6516323],[8.7155399,9.6514616],[8.7077599,9.6530466],[8.7018127,9.6566439],[8.6976995,9.6622534],[8.6975212,9.6661062],[8.6972542,9.6718845],[8.6989994,9.6758242],[8.6988211,9.679677],[8.6958902,9.6840435],[8.6932757,9.6917751],[8.6940838,9.6959922],[8.7057104,9.6973572],[8.7108545,9.7110996],[8.7088432,9.7129412],[8.704731,9.7185497],[8.7025404,9.7242441],[8.7004395,9.7280111],[8.6972876,9.7336636],[8.7001724,9.7337914],[8.7096968,9.736145],[8.7099463,9.7363507],[8.7048621,9.743342],[8.7103168,9.7464692],[8.7179379,9.7425094],[8.7247229,9.7445335],[8.7304029,9.7467155],[8.7341595,9.7488136],[8.7398386,9.7509966],[8.7398978,9.7510616],[8.7435064,9.7550201],[8.7529421,9.7593002],[8.758351,9.7632762],[8.7537677,9.7805836],[8.7542109,9.7810663],[8.7591868,9.786486],[8.7513933,9.7920561],[8.7515644,9.7959347],[8.757834,9.8005953],[8.7778816,9.8033214],[8.777813,9.8048058],[8.7775459,9.810586],[8.7810354,9.8184624],[8.7808571,9.8223162],[8.7844353,9.8282661],[8.7879248,9.8361425],[8.7882565,9.8366943],[8.7890538,9.8380202],[8.7876652,9.8421246],[8.7886753,9.8503208],[8.7873248,9.8583071],[8.7846806,9.860239],[8.7842646,9.8642784],[8.7834031,9.8671762],[8.783611,9.8691958],[8.7857109,9.8735887],[8.7903885,9.877073],[8.7918716,9.8860645],[8.7969484,9.8908973],[8.8085301,9.8945137],[8.8083258,9.8949642],[8.8060455,9.902585],[8.8037138,9.9054232],[8.809804,9.9046822]]]}},{"type":"Feature","properties":{"kind":"land","id":"jos-north","localUnitId":"jos-north","name":"Jos North"},"geometry":{"type":"Polygon","coordinates":[[[8.9458778,10.0226745],[8.947185,10.0196153],[8.9495229,10.0198537],[8.9499184,10.0132186],[8.9515103,10.0110855],[8.9620866,10.0052097],[8.9774609,9.9874163],[8.9720488,9.979454],[8.9703941,9.9735889],[8.9688263,9.9657974],[8.9690943,9.9600172],[8.9716406,9.9466171],[8.9738302,9.9409227],[8.9742542,9.9398206],[8.9760208,9.9352283],[8.9823236,9.9239254],[8.9865255,9.9163904],[8.9887161,9.910696],[8.9891605,9.901063],[8.9916191,9.8895893],[8.9900522,9.8817978],[8.9884863,9.8740063],[8.9848185,9.8699827],[8.9831629,9.8641167],[8.9818773,9.8606834],[8.9777508,9.8561544],[8.9702377,9.8519602],[8.964469,9.8517036],[8.9567776,9.8513622],[8.9489965,9.8529472],[8.9425593,9.8558203],[8.9401424,9.8568989],[8.9376016,9.8631551],[8.9363909,9.867223],[8.9358205,9.8685343],[8.9350219,9.8695459],[8.9319986,9.8697519],[8.9277013,9.8705949],[8.9240316,9.8711195],[8.9233418,9.8681693],[8.9173412,9.8708467],[8.9114154,9.870584],[8.911198,9.8807381],[8.9105622,9.8850055],[8.9095164,9.8853333],[8.9075912,9.886668],[8.9070445,9.8898524],[8.9061414,9.8920066],[8.9059037,9.8953314],[8.9053816,9.8956304],[8.8994633,9.8986859],[8.897512,9.9018288],[8.896468,9.9014885],[8.8956837,9.9008704],[8.8944715,9.8993531],[8.8940437,9.8989738],[8.8936872,9.8988895],[8.8932451,9.8988895],[8.8926033,9.8990862],[8.8918618,9.8994093],[8.8911854,9.8998813],[8.8903768,9.8971384],[8.8886893,9.894235],[8.8863125,9.8929238],[8.8831513,9.8915658],[8.8826474,9.8914865],[8.8797287,9.8910273],[8.8788255,9.891238],[8.878526,9.8916503],[8.8769003,9.8924464],[8.8751034,9.8932231],[8.8730974,9.8947872],[8.8722323,9.894244],[8.8706256,9.8930639],[8.8688857,9.8919493],[8.8690854,9.8917152],[8.8688933,9.8914842],[8.8683169,9.8915134],[8.8681862,9.8914081],[8.8679663,9.8914315],[8.8673721,9.891449],[8.8670631,9.8915544],[8.8667957,9.8915076],[8.8663204,9.8916422],[8.8659698,9.8917651],[8.8653875,9.8917125],[8.8645675,9.8918565],[8.8645746,9.890276],[8.8647458,9.8880164],[8.8634694,9.887616],[8.8626637,9.8876933],[8.8618508,9.887321],[8.8612162,9.8874685],[8.8606244,9.8874194],[8.860546,9.8870962],[8.8611235,9.8854736],[8.8620612,9.8813478],[8.8615858,9.8804697],[8.8620849,9.8790414],[8.8629825,9.8757027],[8.8615707,9.873882],[8.860715,9.8744862],[8.8597025,9.8742192],[8.8579056,9.8734746],[8.8570296,9.8729267],[8.8551044,9.8718729],[8.8543768,9.8718468],[8.8499274,9.8719592],[8.8508805,9.8763269],[8.8509162,9.8774385],[8.8508426,9.8789783],[8.8494414,9.8788777],[8.8492227,9.8800953],[8.8490326,9.8802451],[8.842639,9.881074],[8.8410228,9.8815704],[8.8408802,9.8805776],[8.8372484,9.8809616],[8.83741,9.8827506],[8.8374134,9.8842863],[8.8369954,9.8841438],[8.8354267,9.8833594],[8.8344641,9.8830901],[8.8309903,9.8821064],[8.830152,9.8832498],[8.8280001,9.8861847],[8.8238869,9.8917942],[8.8178511,9.8973169],[8.8118153,9.9028416],[8.809804,9.9046822],[8.8037138,9.9054232],[8.799922,9.9100351],[8.7995653,9.9177408],[8.8048887,9.9276304],[8.8061661,9.9321551],[8.8065443,9.9334946],[8.8101215,9.9394445],[8.8137903,9.943469],[8.8191246,9.9493222],[8.8192911,9.9495049],[8.8246145,9.9593945],[8.8319492,9.9674416],[8.8357058,9.9695387],[8.8371168,9.9710868],[8.8356533,9.9735414],[8.837878,9.977137],[8.841346,9.9757267],[8.8429569,9.9774185],[8.8416724,9.9793845],[8.8436964,9.9830359],[8.8469166,9.9820842],[8.851012,9.9870697],[8.8475061,9.987085],[8.8446926,9.9950233],[8.8462289,9.9959007],[8.8557063,9.9944085],[8.8595448,9.9956942],[8.8651352,9.9998035],[8.8764935,10.0041704],[8.8814713,10.0069459],[8.8759754,10.018628],[8.8854588,10.0184174],[8.8880993,10.0113689],[8.8932648,10.0165005],[8.9026117,10.0227003],[8.9064569,10.0228701],[8.907163,10.0229019],[8.9122257,10.0231304],[8.9179058,10.0253096],[8.9236736,10.0255699],[8.9294424,10.0258198],[8.9332886,10.026],[8.9371338,10.0261698],[8.9379079,10.0266006],[8.9386859,10.0265672],[8.9437625,10.0263491],[8.9458778,10.0226745]],[[8.8720445,9.9337907],[8.8720369,9.9337751],[8.8720275,9.9337342],[8.8720316,9.9337011],[8.8720182,9.9337038],[8.871986,9.9335387],[8.8719967,9.9335268],[8.87199,9.933499],[8.8719766,9.9334951],[8.871982,9.9334343],[8.8719659,9.9333643],[8.8719417,9.9333207],[8.8719444,9.9333048],[8.8719296,9.9332956],[8.871927,9.9332705],[8.8719323,9.9332243],[8.8719578,9.933219],[8.8720275,9.9333352],[8.872045,9.9334224],[8.8720128,9.9334964],[8.8720664,9.9335413],[8.8720852,9.9336338],[8.8721281,9.9338134],[8.8721325,9.9338632],[8.8721509,9.93389],[8.8721804,9.9339799],[8.8721965,9.9340697],[8.872155,9.9341146],[8.8721174,9.9341093],[8.872108,9.9340287],[8.8720802,9.9339392],[8.8720755,9.9339243],[8.872066,9.9338947],[8.8720544,9.9338425],[8.8720507,9.9338194],[8.8720445,9.9337907]],[[8.889382,9.9810541],[8.8892658,9.9816011],[8.888818,9.9818598],[8.8887319,9.9820082],[8.8885424,9.9820506],[8.8880817,9.9816902],[8.8881162,9.9815036],[8.8883401,9.9813128],[8.8888826,9.9810923],[8.8891624,9.9810753],[8.8892658,9.9809396],[8.889382,9.9810541]],[[8.923945,9.8743899],[8.9236742,9.8744258],[8.9233506,9.8745088],[8.9232066,9.8745573],[8.9229365,9.8746225],[8.9226147,9.8745591],[8.9225717,9.8747705],[8.9223636,9.8747736],[8.9222499,9.8745591],[8.9223851,9.8744142],[8.922428,9.8742028],[8.9223207,9.8739703],[8.9222928,9.8737346],[8.9222134,9.8735475],[8.9220782,9.8734598],[8.9219988,9.8732727],[8.9219495,9.8729524],[8.922207,9.8729101],[8.9224859,9.8730581],[8.9227928,9.8732727],[8.922943,9.8734418],[8.9229859,9.8732516],[8.9232369,9.8732695],[8.9236446,9.8734175],[8.923945,9.8735655],[8.9241446,9.8738012],[8.9240952,9.8741785],[8.923945,9.8743899]],[[8.9440657,9.8659501],[8.9441685,9.8660046],[8.9441764,9.8661916],[8.944121,9.8663864],[8.9440445,9.8664371],[8.9438942,9.8665072],[8.9438863,9.8666007],[8.9437756,9.8666786],[8.9435858,9.8666552],[8.9434671,9.8669669],[8.943222,9.8670136],[8.9430322,9.8669825],[8.9428496,9.8668218],[8.9427309,9.8668919],[8.9426677,9.8667517],[8.9426281,9.8665725],[8.9426044,9.8663699],[8.9426835,9.8661439],[8.9428891,9.8662218],[8.942984,9.8663465],[8.9431738,9.8662608],[8.9433709,9.8660878],[8.9434251,9.8659812],[8.9435437,9.8659189],[8.9435834,9.8658383],[8.9436475,9.8658096],[8.9436854,9.8657579],[8.9437321,9.8657493],[8.9437845,9.865643],[8.9439274,9.8656746],[8.9440498,9.865778],[8.9440815,9.8658644],[8.9440657,9.8659501]],[[8.9438956,9.8692677],[8.9441056,9.8687651],[8.9440034,9.868537],[8.9436687,9.8686004],[8.943739,9.8684028],[8.9438768,9.8681534],[8.9443322,9.8680315],[8.9445732,9.868601],[8.944274,9.8691739],[8.9443689,9.8694232],[8.9444976,9.8696754],[8.944346,9.8698587],[8.9440914,9.8697833],[8.9438956,9.8692677]],[[8.9463065,9.8700231],[8.9461879,9.8700621],[8.9460692,9.8699374],[8.9460139,9.8698907],[8.9460139,9.8697816],[8.9458162,9.8697582],[8.9457054,9.8698128],[8.9456263,9.8697349],[8.9456422,9.8696024],[8.9456263,9.8694855],[8.9455156,9.869431],[8.945397,9.8694154],[8.945484,9.8691037],[8.9453812,9.8689245],[8.9452671,9.8686062],[8.9449766,9.8685521],[8.9453733,9.8684025],[8.9455393,9.8685583],[8.9456105,9.8687375],[8.945832,9.8687453],[8.9459743,9.8686752],[8.9461404,9.8687687],[8.9462274,9.8690492],[8.9463777,9.8692596],[8.9465042,9.8695946],[8.946607,9.8696492],[8.9467889,9.869766],[8.9469154,9.8697271],[8.9471211,9.8696492],[8.9472871,9.8696725],[8.9474891,9.8697745],[8.9474132,9.8700387],[8.9472318,9.8701166],[8.9473132,9.8702291],[8.9471562,9.8703036],[8.9469882,9.8703698],[8.9467256,9.8702647],[8.9465754,9.8702024],[8.9465121,9.8700933],[8.9463065,9.8700231]],[[8.9344378,9.8707029],[8.9346154,9.8706509],[8.9347883,9.8706556],[8.9349035,9.8707265],[8.9349131,9.8708117],[8.9348699,9.8708732],[8.9348027,9.8709583],[8.9347258,9.8709914],[8.9346778,9.870963],[8.9345434,9.8710387],[8.934553,9.8711239],[8.9344858,9.8711239],[8.9344858,9.8709962],[8.9343705,9.8710387],[8.9343465,9.8709489],[8.9343561,9.8708921],[8.9343369,9.8707975],[8.9344378,9.8707029]],[[8.9351407,9.8716634],[8.9351647,9.8715593],[8.9351311,9.8714978],[8.9351695,9.8713417],[8.9352415,9.8713086],[8.935448,9.8712897],[8.935592,9.8713039],[8.9356784,9.8712802],[8.9356736,9.8711714],[8.9357217,9.8710816],[8.9355584,9.8710768],[8.9353952,9.8710532],[8.9352703,9.8710626],[8.9351791,9.8710153],[8.9350783,9.8709207],[8.9350879,9.8707504],[8.9350687,9.8706558],[8.9351743,9.8705565],[8.9352031,9.8704856],[8.9353664,9.8704666],[8.9354672,9.8703531],[8.93552,9.8701071],[8.9355968,9.870022],[8.9356064,9.8702254],[8.9356544,9.8702254],[8.9357313,9.8704146],[8.9358177,9.8704619],[8.9358273,9.8705754],[8.9357745,9.8706038],[8.9357985,9.8707599],[8.9358945,9.8707741],[8.9359377,9.8709302],[8.9360001,9.8710485],[8.9358849,9.8710485],[8.9359233,9.8711572],[8.9360419,9.8712897],[8.9361052,9.8712897],[8.9361614,9.8714313],[8.9361086,9.871507],[8.9360126,9.8715212],[8.9359646,9.8715307],[8.9358301,9.8715638],[8.9357917,9.8715354],[8.9357389,9.8715354],[8.9357245,9.8715685],[8.9356477,9.8716584],[8.9357389,9.8716726],[8.9357053,9.8717293],[8.9355949,9.8718429],[8.9355084,9.8718098],[8.9353884,9.8718381],[8.9352924,9.8717956],[8.9352031,9.871758],[8.9351407,9.8716634]],[[8.9261981,9.8721491],[8.9260264,9.8722971],[8.9258333,9.8722971],[8.9255999,9.872317],[8.9255329,9.8723182],[8.9252282,9.8723359],[8.9251886,9.8723795],[8.9251413,9.872556],[8.9251792,9.8725698],[8.9251444,9.8726557],[8.925076,9.8727085],[8.9250532,9.872801],[8.9249841,9.8728763],[8.9248677,9.8729101],[8.9245673,9.8728467],[8.9242669,9.8728044],[8.9241596,9.872593],[8.9241875,9.872406],[8.924445,9.8723637],[8.9246167,9.8722368],[8.9247175,9.8720434],[8.9248677,9.8718532],[8.9251037,9.8718109],[8.9253183,9.8716629],[8.9256402,9.8715783],[8.925947,9.8714969],[8.9263118,9.8714124],[8.9265908,9.8711587],[8.9268418,9.8712824],[8.9270414,9.8715181],[8.9269706,9.8717052],[8.9267839,9.8718563],[8.9263762,9.8720677],[8.9262271,9.8721222],[8.9261981,9.8721491]],[[8.9273163,9.8788793],[8.9270196,9.8792934],[8.9270373,9.879457],[8.926949,9.8796031],[8.9266452,9.8796309],[8.9265498,9.8795892],[8.9264333,9.8789315],[8.9264651,9.8787853],[8.9265746,9.8787157],[8.9270973,9.8787888],[8.9273163,9.8788793]],[[8.9380179,9.881269],[8.9379314,9.8814109],[8.937701,9.881496],[8.9375425,9.8815433],[8.9372064,9.8815244],[8.9372064,9.8815906],[8.937144,9.8815906],[8.9371392,9.8815197],[8.9369232,9.881496],[8.9366447,9.8814203],[8.9365583,9.8813068],[8.9365102,9.8811838],[8.9365247,9.8809521],[8.9365282,9.8809513],[8.9363872,9.880913],[8.9363008,9.8807995],[8.9362527,9.8806765],[8.9362672,9.8804448],[8.9363536,9.8804258],[8.9364064,9.8802934],[8.9365456,9.8802698],[8.9365984,9.8802887],[8.9367761,9.880265],[8.9369393,9.8801846],[8.9370402,9.8801941],[8.9372562,9.8801278],[8.9373762,9.8800427],[8.9373282,9.880161],[8.9374003,9.8803171],[8.9375635,9.8802792],[8.9374147,9.8803833],[8.9375971,9.8803596],[8.9377556,9.8804731],[8.9377988,9.8806103],[8.9377604,9.8807617],[8.9377328,9.880807],[8.937821,9.8807865],[8.937689,9.8808789],[8.9376827,9.8808892],[8.9378546,9.8808669],[8.9380131,9.8809804],[8.9380563,9.8811176],[8.9380179,9.881269]],[[8.9350776,9.8818583],[8.9351155,9.8819588],[8.9351476,9.8820766],[8.9350835,9.882134],[8.9351709,9.8822632],[8.9350718,9.8822833],[8.9349814,9.8822517],[8.934894,9.8822804],[8.9348474,9.8821483],[8.9347949,9.8820162],[8.9347278,9.8819646],[8.9346317,9.8819703],[8.9344917,9.8819674],[8.9343926,9.8819129],[8.9342411,9.8818526],[8.934139,9.8817664],[8.9341361,9.8816516],[8.9342003,9.8815855],[8.9342702,9.8814649],[8.9343606,9.8813701],[8.9344743,9.8813902],[8.9345617,9.8814161],[8.9346958,9.8814793],[8.9348299,9.8815195],[8.9349435,9.8815711],[8.9349435,9.881686],[8.9350048,9.8817578],[8.9350776,9.8818583]],[[8.9364214,9.8818698],[8.936503,9.8819129],[8.9365059,9.8819847],[8.9364097,9.8820593],[8.9364389,9.8821139],[8.9364243,9.8822144],[8.9363456,9.882246],[8.9362319,9.8822287],[8.9360891,9.8821684],[8.9359841,9.8821455],[8.9357947,9.8820737],[8.9356023,9.8819961],[8.935579,9.8819157],[8.9356081,9.8818554],[8.9355761,9.8817836],[8.9356839,9.8817492],[8.9357655,9.8817463],[8.9358471,9.8817205],[8.9359404,9.8816918],[8.9359754,9.8817061],[8.9360483,9.8816659],[8.9360949,9.8816889],[8.9361649,9.8817549],[8.9361678,9.8818037],[8.9361503,9.8818353],[8.9361765,9.8818956],[8.9363048,9.8819129],[8.9364214,9.8818698]],[[8.9391639,9.883832],[8.9389653,9.88382],[8.9387439,9.883672],[8.9385066,9.8835396],[8.9382852,9.8833993],[8.9382219,9.8832513],[8.9381091,9.8831046],[8.938077,9.883162],[8.9379517,9.8831218],[8.937873,9.883073],[8.9377884,9.8829466],[8.9376514,9.8829036],[8.9374853,9.8827887],[8.9371209,9.8826021],[8.9369985,9.8825274],[8.9368877,9.8824527],[8.9368732,9.8823723],[8.9369315,9.8822776],[8.9370073,9.8822977],[8.9371384,9.8822517],[8.9372667,9.8821799],[8.9374357,9.8820679],[8.9375232,9.8820335],[8.9376573,9.8820335],[8.9377739,9.8820048],[8.9378292,9.8819473],[8.937838,9.8818124],[8.9377914,9.8817406],[8.9377826,9.8816286],[8.9377418,9.8816027],[8.9377943,9.8815051],[8.9379109,9.8815195],[8.9380041,9.8815826],[8.9380887,9.8816315],[8.9381615,9.8816889],[8.9381703,9.8817262],[8.9381586,9.8817808],[8.9381236,9.8818641],[8.938147,9.8819301],[8.9381936,9.8820162],[8.9383277,9.8822517],[8.9383102,9.8823206],[8.9382315,9.8824269],[8.9381994,9.8825245],[8.9381149,9.8826164],[8.9381091,9.8827686],[8.9381032,9.8828691],[8.9381091,9.8829495],[8.9382315,9.8829472],[8.9383272,9.882979],[8.9385357,9.8829128],[8.9386436,9.8827721],[8.9386241,9.8826353],[8.9386756,9.8825539],[8.9388214,9.8825481],[8.9389234,9.8826084],[8.9390283,9.882729],[8.9390983,9.8828812],[8.9391828,9.8829272],[8.9392207,9.883042],[8.9391712,9.8831282],[8.9391478,9.8832488],[8.9391857,9.883355],[8.9393537,9.8835048],[8.939417,9.883645],[8.9395989,9.8837229],[8.9393933,9.883832],[8.9391639,9.883832]],[[8.9433363,9.8837437],[8.9433305,9.8836317],[8.9433363,9.883534],[8.9434004,9.883468],[8.94345,9.883491],[8.9435578,9.8835197],[8.943654,9.8835398],[8.9436977,9.8836116],[8.943689,9.8836891],[8.9436686,9.883781],[8.943619,9.8838384],[8.943517,9.8839159],[8.9434266,9.8839303],[8.9433479,9.8839045],[8.9433392,9.8838269],[8.9433363,9.8837437]],[[8.9451424,9.8832032],[8.9452768,9.8834057],[8.9453322,9.8836317],[8.9453322,9.8837719],[8.9453717,9.8839355],[8.945348,9.8840914],[8.9452848,9.8842238],[8.9452294,9.8843563],[8.9450554,9.8844186],[8.9448577,9.8843563],[8.9447944,9.8842004],[8.9446837,9.8841693],[8.9443674,9.8842394],[8.944188,9.8840549],[8.9440194,9.8839979],[8.9439719,9.8838265],[8.9439719,9.8837174],[8.944138,9.8835538],[8.944312,9.883507],[8.9444306,9.8835382],[8.9445651,9.88332],[8.944747,9.8832265],[8.9449842,9.8831019],[8.9451424,9.8832032]],[[8.9429204,9.8840409],[8.9429874,9.884061],[8.942967,9.8840984],[8.9429291,9.8841414],[8.9428941,9.8842333],[8.9427979,9.8842391],[8.9427134,9.8842477],[8.9426697,9.8842391],[8.9426376,9.884219],[8.9425502,9.8842333],[8.9425065,9.8841644],[8.9424511,9.8840984],[8.9424161,9.884018],[8.942419,9.8839289],[8.9423899,9.8838859],[8.9423053,9.8839605],[8.9422762,9.8839318],[8.942317,9.8837509],[8.9423228,9.8835671],[8.9423228,9.8834551],[8.9423665,9.8833776],[8.9424656,9.8833345],[8.9426668,9.8833202],[8.942763,9.8833489],[8.9428504,9.8834149],[8.9428533,9.8834551],[8.9428038,9.8834867],[8.9427892,9.8835355],[8.94283,9.8835528],[8.9428242,9.8836705],[8.9428008,9.8837452],[8.9428562,9.8837509],[8.9428883,9.8838744],[8.9429,9.8839577],[8.9429204,9.8840409]],[[8.9263487,9.8941133],[8.9263058,9.8937328],[8.9260322,9.8936693],[8.9259357,9.8935531],[8.9251788,9.8927573],[8.9249626,9.8925642],[8.9247072,9.8923509],[8.924675,9.8922954],[8.9239421,9.8918371],[8.9232496,9.8914296],[8.9234824,9.8908547],[8.9235922,9.8903824],[8.9236633,9.8901661],[8.923586,9.8900362],[8.9234743,9.8898678],[8.9232586,9.8896586],[8.9231004,9.8894682],[8.9232588,9.8892937],[8.923645,9.8890823],[8.9238623,9.8888665],[8.9239208,9.8886256],[8.9240071,9.8882816],[8.923822,9.8880835],[8.923696,9.8879672],[8.9239025,9.887592],[8.9240792,9.8873368],[8.9242913,9.8870072],[8.9245033,9.88686],[8.9245462,9.8866724],[8.9244604,9.8865879],[8.9246321,9.8864188],[8.9247179,9.8861651],[8.9246321,9.885996],[8.9247179,9.885235],[8.9249278,9.8851219],[8.9255333,9.8843471],[8.9261341,9.8843471],[8.9264774,9.8845163],[8.9266062,9.8846431],[8.9266062,9.8848968],[8.9267778,9.885235],[8.9272928,9.8856578],[8.9274967,9.8855758],[8.9279714,9.8863289],[8.9281124,9.8865698],[8.9283576,9.8866037],[8.9286125,9.8867913],[8.9288646,9.8871507],[8.929055,9.8873304],[8.9290711,9.8881495],[8.9292669,9.8895473],[8.9296532,9.8900124],[8.9299107,9.890266],[8.9305973,9.8906888],[8.9310265,9.8906888],[8.9317131,9.891027],[8.9319171,9.8910798],[8.9320526,9.891211],[8.9321137,9.891444],[8.9320511,9.8916735],[8.9319389,9.8918952],[8.9318879,9.892077],[8.9319639,9.8920419],[8.9320115,9.8920869],[8.9320133,9.892196],[8.9320294,9.892267],[8.9320993,9.8930141],[8.9327431,9.8933946],[8.9332151,9.8938596],[8.9334726,9.8942824],[8.9336872,9.8949165],[8.9340305,9.8950857],[8.934288,9.8949165],[8.9343739,9.8950011],[8.9346313,9.8950011],[8.9350176,9.8952125],[8.935135,9.8952501],[8.9352783,9.8952199],[8.9353833,9.8952263],[8.9353558,9.8952812],[8.9353495,9.8953713],[8.9352361,9.8953801],[8.9351656,9.8953518],[8.9351289,9.8953829],[8.9350578,9.8954476],[8.934913,9.8954661],[8.9347574,9.8954926],[8.9345375,9.8955031],[8.9343685,9.8955824],[8.9342451,9.8957198],[8.9341219,9.8960222],[8.9339661,9.8962364],[8.9339047,9.8961919],[8.933772,9.8963115],[8.9336506,9.8963927],[8.9335412,9.8964355],[8.9333846,9.8965404],[8.9333208,9.8966172],[8.9333681,9.8967767],[8.9334029,9.8968507],[8.9332151,9.8970727],[8.9331293,9.89758],[8.9333868,9.8979182],[8.9335155,9.8986369],[8.9340305,9.8985523],[8.9344597,9.8987215],[8.9351463,9.8987215],[8.9353609,9.8989328],[8.9354467,9.8991865],[8.9356613,9.8992288],[8.9359188,9.8989751],[8.936348,9.8988906],[8.9366913,9.8985523],[8.9368629,9.8986369],[8.9369488,9.898806],[8.9372063,9.8985523],[8.9373779,9.8985523],[8.9374638,9.8986369],[8.9376354,9.8986369],[8.9380646,9.8985523],[8.9386225,9.8980873],[8.9385366,9.8985101],[8.9387083,9.8987637],[8.9387083,9.8990174],[8.9383221,9.8991442],[8.9381933,9.899271],[8.9381933,9.8994402],[8.9380646,9.899567],[8.9378929,9.899567],[8.9375496,9.8999897],[8.9372063,9.8999897],[8.9371204,9.9000743],[8.9370346,9.8999897],[8.9368629,9.9001588],[8.9365196,9.9001588],[8.935833,9.9009198],[8.9356613,9.9009198],[8.9355865,9.9010561],[8.9355022,9.9009393],[8.935259,9.900801],[8.9351463,9.9007507],[8.9346286,9.9008749],[8.9343846,9.9009172],[8.9340144,9.9010097],[8.933883,9.9010599],[8.9337754,9.9011149],[8.9334297,9.901258],[8.9332581,9.9010889],[8.9323997,9.9010044],[8.932271,9.900793],[8.9323568,9.9007084],[8.9324427,9.8997784],[8.9321095,9.8997047],[8.9318838,9.8995513],[8.9316649,9.8995043],[8.93143,9.8993142],[8.9311445,9.899176],[8.9308977,9.8990332],[8.9307105,9.8990743],[8.930688,9.8988753],[8.930708,9.8986157],[8.9306267,9.8984984],[8.9304805,9.8984436],[8.9303555,9.8983823],[8.9304084,9.8981614],[8.9304686,9.8977491],[8.9301252,9.8974954],[8.9301252,9.8969881],[8.9297819,9.8965653],[8.9296961,9.8962271],[8.9293528,9.8959735],[8.9293528,9.8958044],[8.9292669,9.8956353],[8.9288378,9.895297],[8.9285964,9.8947263],[8.9285377,9.8946175],[8.9283281,9.894499],[8.9280475,9.8943738],[8.9280002,9.8942411],[8.9279125,9.8941715],[8.9277475,9.8941979],[8.9275771,9.8942217],[8.9273357,9.8939865],[8.9270782,9.8939865],[8.9265633,9.8943247],[8.9264634,9.8942263],[8.9263487,9.8941133]],[[8.9742159,9.89893],[8.9738082,9.8986922],[8.9734488,9.8984121],[8.9727292,9.8980504],[8.9720104,9.8981561],[8.9715007,9.89795],[8.9708256,9.8977357],[8.9704869,9.8976118],[8.9704976,9.897485],[8.9698807,9.8973264],[8.9690285,9.897165],[8.9682185,9.8969325],[8.9678859,9.8975983],[8.9675579,9.8975272],[8.967725,9.8970857],[8.9673227,9.8969325],[8.9673004,9.896687],[8.9682185,9.8950776],[8.9684591,9.8947528],[8.9686101,9.8946548],[8.9688829,9.8954081],[8.9698539,9.8958996],[8.9711413,9.8966183],[8.9715866,9.8964703],[8.9719084,9.8966394],[8.9717314,9.896835],[8.9721176,9.8971256],[8.9725414,9.8968878],[8.9727667,9.8972366],[8.9729062,9.8972472],[8.9731913,9.8969853],[8.9734005,9.896869],[8.9735347,9.8970223],[8.9734435,9.8973394],[8.9737431,9.8973476],[8.9742473,9.8972366],[8.9742259,9.898172],[8.9754497,9.8986975],[8.9759755,9.8988349],[8.9764314,9.8989882],[8.976318,9.8993557],[8.975406,9.89925],[8.9745638,9.8990386],[8.9743546,9.8992447],[8.9741355,9.8991097],[8.9742159,9.89893]],[[8.9797556,9.9004521],[8.9796725,9.9003755],[8.9797476,9.9003227],[8.9798495,9.9003491],[8.9799246,9.9004495],[8.979938,9.9005076],[8.9798495,9.900505],[8.9797556,9.9004521]],[[8.9810803,9.9006102],[8.9811877,9.900647],[8.981197,9.900716],[8.9811924,9.9007804],[8.981085,9.9008172],[8.9807487,9.900785],[8.98073,9.9007022],[8.9807534,9.9006194],[8.9807954,9.9005872],[8.9809028,9.900555],[8.9810803,9.9006102]],[[8.9828324,9.9012325],[8.9827651,9.9011876],[8.982833,9.9011374],[8.9830429,9.9011532],[8.9830382,9.9012285],[8.9828324,9.9012325]],[[8.9833275,9.9016233],[8.9833684,9.9015543],[8.9834267,9.9015946],[8.983401,9.9016647],[8.9833275,9.9016233]],[[8.9837233,9.9017913],[8.9835762,9.9017257],[8.9836194,9.9016498],[8.9837244,9.9017073],[8.9837408,9.9017326],[8.9837233,9.9017913]],[[8.9514112,9.9164137],[8.9512825,9.9164137],[8.9511752,9.9164771],[8.9511108,9.9163291],[8.9510679,9.9162869],[8.9509177,9.9162657],[8.9509177,9.9161389],[8.9510465,9.9159275],[8.9508104,9.9157373],[8.9507675,9.9157796],[8.9505959,9.9157796],[8.9502954,9.9158641],[8.9501882,9.9157584],[8.9501238,9.9155682],[8.950038,9.9156105],[8.9498663,9.9156105],[8.9496303,9.9157162],[8.949759,9.9154625],[8.9497161,9.9154202],[8.9497805,9.9153568],[8.9498663,9.9153568],[8.949995,9.9152723],[8.9500165,9.9151243],[8.9502311,9.9149129],[8.9501882,9.9145325],[8.9501023,9.9144056],[8.9501023,9.9142788],[8.9501452,9.9142365],[8.9501023,9.9140675],[8.9501452,9.9138984],[8.9499736,9.9137293],[8.9500165,9.9136447],[8.9500165,9.9135179],[8.9499736,9.9134756],[8.9499307,9.9133065],[8.9499307,9.9127992],[8.9500809,9.9126513],[8.9501667,9.9126513],[8.9503384,9.9125244],[8.9504242,9.9125244],[8.9504671,9.9125667],[8.9505529,9.9125244],[8.951025,9.9125667],[8.9511538,9.9126513],[8.9512396,9.9126513],[8.9513254,9.9127358],[8.9514112,9.9127358],[8.9515829,9.9128204],[8.9518404,9.9130317],[8.9519691,9.9130317],[8.9523554,9.9132431],[8.9524627,9.9133488],[8.9525056,9.9136024],[8.9522052,9.9141943],[8.9522481,9.9143211],[8.9521623,9.9145747],[8.9523768,9.9147016],[8.9524198,9.9150398],[8.9525056,9.9152089],[8.9526772,9.915378],[8.9526343,9.9154202],[8.9526772,9.9155471],[8.9528918,9.9157584],[8.9528918,9.9160121],[8.9529562,9.9160755],[8.9531064,9.9160543],[8.9530635,9.9162657],[8.9532137,9.9164137],[8.9532566,9.9164137],[8.9534068,9.9165616],[8.9534068,9.9166462],[8.9533639,9.9166885],[8.9534497,9.916773],[8.9534926,9.9169844],[8.9536214,9.917238],[8.9533639,9.9175762],[8.9535999,9.9178933],[8.9541149,9.9181469],[8.9543724,9.9181469],[8.9547586,9.9185274],[8.9548016,9.9185274],[8.9549303,9.9186965],[8.9550805,9.9188022],[8.9549732,9.9189078],[8.9548874,9.9188233],[8.9548016,9.9188233],[8.9546728,9.9186965],[8.9545441,9.9186542],[8.9542866,9.9186965],[8.9541149,9.9185274],[8.9539862,9.9185274],[8.9539433,9.9185697],[8.9538145,9.9184851],[8.953557,9.9184851],[8.9533854,9.9185274],[8.9533424,9.9184851],[8.9530849,9.9184851],[8.9528704,9.9183583],[8.9528489,9.9182526],[8.9527631,9.9181681],[8.9526772,9.917999],[8.9526772,9.9179144],[8.9525914,9.917703],[8.9524198,9.9175762],[8.952291,9.9173226],[8.9522266,9.9172592],[8.9521408,9.9172592],[8.9518833,9.9170478],[8.9517546,9.9170478],[8.9516687,9.9169632],[8.9514971,9.9170055],[8.9514756,9.9164771],[8.9514112,9.9164137]],[[8.9362546,9.9304779],[8.936164,9.9308441],[8.9362279,9.9309847],[8.9362255,9.9312039],[8.9361323,9.9313261],[8.9360057,9.9311581],[8.9358942,9.9309128],[8.9358592,9.930804],[8.9357133,9.9307152],[8.9354858,9.9310999],[8.9354472,9.931286],[8.9353484,9.9313198],[8.9352626,9.9312437],[8.9352068,9.9310196],[8.935284,9.9307997],[8.9352282,9.9306813],[8.9350737,9.9305629],[8.9355759,9.9286095],[8.9357605,9.9283516],[8.9359451,9.9274763],[8.9361683,9.9271127],[8.9363529,9.9269985],[8.9365933,9.9269605],[8.9367178,9.9270027],[8.9366534,9.9270915],[8.9363271,9.9272438],[8.9364001,9.9278442],[8.9363271,9.9281571],[8.936486,9.9291634],[8.9362413,9.9292184],[8.9361855,9.929878],[8.9362713,9.930009],[8.9361914,9.9302427],[8.9362546,9.9304779]]]}},{"type":"Feature","properties":{"kind":"water","id":"water:jos-north","localUnitId":"jos-north","name":"Mapped water in Jos North"},"geometry":{"type":"MultiPolygon","coordinates":[[[[8.9344858,9.8711239],[8.934553,9.8711239],[8.9345434,9.8710387],[8.9346778,9.870963],[8.9347258,9.8709914],[8.9348027,9.8709583],[8.9348699,9.8708732],[8.9349131,9.8708117],[8.9349035,9.8707265],[8.9347883,9.8706556],[8.9346154,9.8706509],[8.9344378,9.8707029],[8.9343369,9.8707975],[8.9343561,9.8708921],[8.9343465,9.8709489],[8.9343705,9.8710387],[8.9344858,9.8709962],[8.9344858,9.8711239]]],[[[8.9357389,9.8716726],[8.9356477,9.8716584],[8.9357245,9.8715685],[8.9357389,9.8715354],[8.9357917,9.8715354],[8.9358301,9.8715638],[8.9359646,9.8715307],[8.9360126,9.8715212],[8.9361086,9.871507],[8.9361614,9.8714313],[8.9361052,9.8712897],[8.9360419,9.8712897],[8.9359233,9.8711572],[8.9358849,9.8710485],[8.9360001,9.8710485],[8.9359377,9.8709302],[8.9358945,9.8707741],[8.9357985,9.8707599],[8.9357745,9.8706038],[8.9358273,9.8705754],[8.9358177,9.8704619],[8.9357313,9.8704146],[8.9356544,9.8702254],[8.9356064,9.8702254],[8.9355968,9.870022],[8.93552,9.8701071],[8.9354672,9.8703531],[8.9353664,9.8704666],[8.9352031,9.8704856],[8.9351743,9.8705565],[8.9350687,9.8706558],[8.9350879,9.8707504],[8.9350783,9.8709207],[8.9351791,9.8710153],[8.9352703,9.8710626],[8.9353952,9.8710532],[8.9355584,9.8710768],[8.9357217,9.8710816],[8.9356736,9.8711714],[8.9356784,9.8712802],[8.935592,9.8713039],[8.935448,9.8712897],[8.9352415,9.8713086],[8.9351695,9.8713417],[8.9351311,9.8714978],[8.9351647,9.8715593],[8.9351407,9.8716634],[8.9352031,9.871758],[8.9352924,9.8717956],[8.9353884,9.8718381],[8.9355084,9.8718098],[8.9355949,9.8718429],[8.9357053,9.8717293],[8.9357389,9.8716726]]],[[[8.9265908,9.8711587],[8.9263118,9.8714124],[8.925947,9.8714969],[8.9256402,9.8715783],[8.9253183,9.8716629],[8.9251037,9.8718109],[8.9248677,9.8718532],[8.9247175,9.8720434],[8.9246167,9.8722368],[8.924445,9.8723637],[8.9241875,9.872406],[8.9241596,9.872593],[8.9242669,9.8728044],[8.9245673,9.8728467],[8.9248677,9.8729101],[8.9249841,9.8728763],[8.9250532,9.872801],[8.925076,9.8727085],[8.9251444,9.8726557],[8.9251792,9.8725698],[8.9251413,9.872556],[8.9251886,9.8723795],[8.9252282,9.8723359],[8.9255329,9.8723182],[8.9255999,9.872317],[8.9258333,9.8722971],[8.9260264,9.8722971],[8.9261981,9.8721491],[8.9262271,9.8721222],[8.9263762,9.8720677],[8.9267839,9.8718563],[8.9269706,9.8717052],[8.9270414,9.8715181],[8.9268418,9.8712824],[8.9265908,9.8711587]]],[[[8.9229859,9.8732516],[8.922943,9.8734418],[8.9227928,9.8732727],[8.9224859,9.8730581],[8.922207,9.8729101],[8.9219495,9.8729524],[8.9219988,9.8732727],[8.9220782,9.8734598],[8.9222134,9.8735475],[8.9222928,9.8737346],[8.9223207,9.8739703],[8.922428,9.8742028],[8.9223851,9.8744142],[8.9222499,9.8745591],[8.9223636,9.8747736],[8.9225717,9.8747705],[8.9226147,9.8745591],[8.9229365,9.8746225],[8.9232066,9.8745573],[8.9233506,9.8745088],[8.9236742,9.8744258],[8.923945,9.8743899],[8.9240952,9.8741785],[8.9241446,9.8738012],[8.923945,9.8735655],[8.9236446,9.8734175],[8.9232369,9.8732695],[8.9229859,9.8732516]]],[[[8.926949,9.8796031],[8.9270373,9.879457],[8.9270196,9.8792934],[8.9273163,9.8788793],[8.9270973,9.8787888],[8.9265746,9.8787157],[8.9264651,9.8787853],[8.9264333,9.8789315],[8.9265498,9.8795892],[8.9266452,9.8796309],[8.926949,9.8796031]]],[[[8.9377328,9.880807],[8.9377604,9.8807617],[8.9377988,9.8806103],[8.9377556,9.8804731],[8.9375971,9.8803596],[8.9374147,9.8803833],[8.9375635,9.8802792],[8.9374003,9.8803171],[8.9373282,9.880161],[8.9373762,9.8800427],[8.9372562,9.8801278],[8.9370402,9.8801941],[8.9369393,9.8801846],[8.9367761,9.880265],[8.9365984,9.8802887],[8.9365456,9.8802698],[8.9364064,9.8802934],[8.9363536,9.8804258],[8.9362672,9.8804448],[8.9362527,9.8806765],[8.9363008,9.8807995],[8.9363872,9.880913],[8.9365282,9.8809513],[8.9365247,9.8809521],[8.9365102,9.8811838],[8.9365583,9.8813068],[8.9366447,9.8814203],[8.9369232,9.881496],[8.9371392,9.8815197],[8.937144,9.8815906],[8.9372064,9.8815906],[8.9372064,9.8815244],[8.9375425,9.8815433],[8.937701,9.881496],[8.9379314,9.8814109],[8.9380179,9.881269],[8.9380563,9.8811176],[8.9380131,9.8809804],[8.9378546,9.8808669],[8.9376827,9.8808892],[8.937689,9.8808789],[8.937821,9.8807865],[8.9377328,9.880807]]],[[[8.9345617,9.8814161],[8.9344743,9.8813902],[8.9343606,9.8813701],[8.9342702,9.8814649],[8.9342003,9.8815855],[8.9341361,9.8816516],[8.934139,9.8817664],[8.9342411,9.8818526],[8.9343926,9.8819129],[8.9344917,9.8819674],[8.9346317,9.8819703],[8.9347278,9.8819646],[8.9347949,9.8820162],[8.9348474,9.8821483],[8.934894,9.8822804],[8.9349814,9.8822517],[8.9350718,9.8822833],[8.9351709,9.8822632],[8.9350835,9.882134],[8.9351476,9.8820766],[8.9351155,9.8819588],[8.9350776,9.8818583],[8.9350048,9.8817578],[8.9349435,9.881686],[8.9349435,9.8815711],[8.9348299,9.8815195],[8.9346958,9.8814793],[8.9345617,9.8814161]]],[[[8.9360483,9.8816659],[8.9359754,9.8817061],[8.9359404,9.8816918],[8.9358471,9.8817205],[8.9357655,9.8817463],[8.9356839,9.8817492],[8.9355761,9.8817836],[8.9356081,9.8818554],[8.935579,9.8819157],[8.9356023,9.8819961],[8.9357947,9.8820737],[8.9359841,9.8821455],[8.9360891,9.8821684],[8.9362319,9.8822287],[8.9363456,9.882246],[8.9364243,9.8822144],[8.9364389,9.8821139],[8.9364097,9.8820593],[8.9365059,9.8819847],[8.936503,9.8819129],[8.9364214,9.8818698],[8.9363048,9.8819129],[8.9361765,9.8818956],[8.9361503,9.8818353],[8.9361678,9.8818037],[8.9361649,9.8817549],[8.9360949,9.8816889],[8.9360483,9.8816659]]],[[[8.9391712,9.8831282],[8.9392207,9.883042],[8.9391828,9.8829272],[8.9390983,9.8828812],[8.9390283,9.882729],[8.9389234,9.8826084],[8.9388214,9.8825481],[8.9386756,9.8825539],[8.9386241,9.8826353],[8.9386436,9.8827721],[8.9385357,9.8829128],[8.9383272,9.882979],[8.9382315,9.8829472],[8.9381091,9.8829495],[8.9381032,9.8828691],[8.9381091,9.8827686],[8.9381149,9.8826164],[8.9381994,9.8825245],[8.9382315,9.8824269],[8.9383102,9.8823206],[8.9383277,9.8822517],[8.9381936,9.8820162],[8.938147,9.8819301],[8.9381236,9.8818641],[8.9381586,9.8817808],[8.9381703,9.8817262],[8.9381615,9.8816889],[8.9380887,9.8816315],[8.9380041,9.8815826],[8.9379109,9.8815195],[8.9377943,9.8815051],[8.9377418,9.8816027],[8.9377826,9.8816286],[8.9377914,9.8817406],[8.937838,9.8818124],[8.9378292,9.8819473],[8.9377739,9.8820048],[8.9376573,9.8820335],[8.9375232,9.8820335],[8.9374357,9.8820679],[8.9372667,9.8821799],[8.9371384,9.8822517],[8.9370073,9.8822977],[8.9369315,9.8822776],[8.9368732,9.8823723],[8.9368877,9.8824527],[8.9369985,9.8825274],[8.9371209,9.8826021],[8.9374853,9.8827887],[8.9376514,9.8829036],[8.9377884,9.8829466],[8.937873,9.883073],[8.9379517,9.8831218],[8.938077,9.883162],[8.9381091,9.8831046],[8.9382219,9.8832513],[8.9382852,9.8833993],[8.9385066,9.8835396],[8.9387439,9.883672],[8.9389653,9.88382],[8.9391639,9.883832],[8.9393933,9.883832],[8.9395989,9.8837229],[8.939417,9.883645],[8.9393537,9.8835048],[8.9391857,9.883355],[8.9391478,9.8832488],[8.9391712,9.8831282]]],[[[8.9279125,9.8941715],[8.9280002,9.8942411],[8.9280475,9.8943738],[8.9283281,9.894499],[8.9285377,9.8946175],[8.9285964,9.8947263],[8.9288378,9.895297],[8.9292669,9.8956353],[8.9293528,9.8958044],[8.9293528,9.8959735],[8.9296961,9.8962271],[8.9297819,9.8965653],[8.9301252,9.8969881],[8.9301252,9.8974954],[8.9304686,9.8977491],[8.9304084,9.8981614],[8.9303555,9.8983823],[8.9304805,9.8984436],[8.9306267,9.8984984],[8.930708,9.8986157],[8.930688,9.8988753],[8.9307105,9.8990743],[8.9308977,9.8990332],[8.9311445,9.899176],[8.93143,9.8993142],[8.9316649,9.8995043],[8.9318838,9.8995513],[8.9321095,9.8997047],[8.9324427,9.8997784],[8.9323568,9.9007084],[8.932271,9.900793],[8.9323997,9.9010044],[8.9332581,9.9010889],[8.9334297,9.901258],[8.9337754,9.9011149],[8.933883,9.9010599],[8.9340144,9.9010097],[8.9343846,9.9009172],[8.9346286,9.9008749],[8.9351463,9.9007507],[8.935259,9.900801],[8.9355022,9.9009393],[8.9355865,9.9010561],[8.9356613,9.9009198],[8.935833,9.9009198],[8.9365196,9.9001588],[8.9368629,9.9001588],[8.9370346,9.8999897],[8.9371204,9.9000743],[8.9372063,9.8999897],[8.9375496,9.8999897],[8.9378929,9.899567],[8.9380646,9.899567],[8.9381933,9.8994402],[8.9381933,9.899271],[8.9383221,9.8991442],[8.9387083,9.8990174],[8.9387083,9.8987637],[8.9385366,9.8985101],[8.9386225,9.8980873],[8.9380646,9.8985523],[8.9376354,9.8986369],[8.9374638,9.8986369],[8.9373779,9.8985523],[8.9372063,9.8985523],[8.9369488,9.898806],[8.9368629,9.8986369],[8.9366913,9.8985523],[8.936348,9.8988906],[8.9359188,9.8989751],[8.9356613,9.8992288],[8.9354467,9.8991865],[8.9353609,9.8989328],[8.9351463,9.8987215],[8.9344597,9.8987215],[8.9340305,9.8985523],[8.9335155,9.8986369],[8.9333868,9.8979182],[8.9331293,9.89758],[8.9332151,9.8970727],[8.9334029,9.8968507],[8.9333681,9.8967767],[8.9333208,9.8966172],[8.9333846,9.8965404],[8.9335412,9.8964355],[8.9336506,9.8963927],[8.933772,9.8963115],[8.9339047,9.8961919],[8.9339661,9.8962364],[8.9341219,9.8960222],[8.9342451,9.8957198],[8.9343685,9.8955824],[8.9345375,9.8955031],[8.9347574,9.8954926],[8.934913,9.8954661],[8.9350578,9.8954476],[8.9351289,9.8953829],[8.9351656,9.8953518],[8.9352361,9.8953801],[8.9353495,9.8953713],[8.9353558,9.8952812],[8.9353833,9.8952263],[8.9352783,9.8952199],[8.935135,9.8952501],[8.9350176,9.8952125],[8.9346313,9.8950011],[8.9343739,9.8950011],[8.934288,9.8949165],[8.9340305,9.8950857],[8.9336872,9.8949165],[8.9334726,9.8942824],[8.9332151,9.8938596],[8.9327431,9.8933946],[8.9320993,9.8930141],[8.9320294,9.892267],[8.9320133,9.892196],[8.9320115,9.8920869],[8.9319639,9.8920419],[8.9318879,9.892077],[8.9319389,9.8918952],[8.9320511,9.8916735],[8.9321137,9.891444],[8.9320526,9.891211],[8.9319171,9.8910798],[8.9317131,9.891027],[8.9310265,9.8906888],[8.9305973,9.8906888],[8.9299107,9.890266],[8.9296532,9.8900124],[8.9292669,9.8895473],[8.9290711,9.8881495],[8.929055,9.8873304],[8.9288646,9.8871507],[8.9286125,9.8867913],[8.9283576,9.8866037],[8.9281124,9.8865698],[8.9279714,9.8863289],[8.9274967,9.8855758],[8.9272928,9.8856578],[8.9267778,9.885235],[8.9266062,9.8848968],[8.9266062,9.8846431],[8.9264774,9.8845163],[8.9261341,9.8843471],[8.9255333,9.8843471],[8.9249278,9.8851219],[8.9247179,9.885235],[8.9246321,9.885996],[8.9247179,9.8861651],[8.9246321,9.8864188],[8.9244604,9.8865879],[8.9245462,9.8866724],[8.9245033,9.88686],[8.9242913,9.8870072],[8.9240792,9.8873368],[8.9239025,9.887592],[8.923696,9.8879672],[8.923822,9.8880835],[8.9240071,9.8882816],[8.9239208,9.8886256],[8.9238623,9.8888665],[8.923645,9.8890823],[8.9232588,9.8892937],[8.9231004,9.8894682],[8.9232586,9.8896586],[8.9234743,9.8898678],[8.923586,9.8900362],[8.9236633,9.8901661],[8.9235922,9.8903824],[8.9234824,9.8908547],[8.9232496,9.8914296],[8.9239421,9.8918371],[8.924675,9.8922954],[8.9247072,9.8923509],[8.9249626,9.8925642],[8.9251788,9.8927573],[8.9259357,9.8935531],[8.9260322,9.8936693],[8.9263058,9.8937328],[8.9263487,9.8941133],[8.9264634,9.8942263],[8.9265633,9.8943247],[8.9270782,9.8939865],[8.9273357,9.8939865],[8.9275771,9.8942217],[8.9277475,9.8941979],[8.9279125,9.8941715]]],[[[8.9364001,9.9278442],[8.9363271,9.9272438],[8.9366534,9.9270915],[8.9367178,9.9270027],[8.9365933,9.9269605],[8.9363529,9.9269985],[8.9361683,9.9271127],[8.9359451,9.9274763],[8.9357605,9.9283516],[8.9355759,9.9286095],[8.9350737,9.9305629],[8.9352282,9.9306813],[8.935284,9.9307997],[8.9352068,9.9310196],[8.9352626,9.9312437],[8.9353484,9.9313198],[8.9354472,9.931286],[8.9354858,9.9310999],[8.9357133,9.9307152],[8.9358592,9.930804],[8.9358942,9.9309128],[8.9360057,9.9311581],[8.9361323,9.9313261],[8.9362255,9.9312039],[8.9362279,9.9309847],[8.936164,9.9308441],[8.9362546,9.9304779],[8.9361914,9.9302427],[8.9362713,9.930009],[8.9361855,9.929878],[8.9362413,9.9292184],[8.936486,9.9291634],[8.9363271,9.9281571],[8.9364001,9.9278442]]],[[[8.8721174,9.9341093],[8.872155,9.9341146],[8.8721965,9.9340697],[8.8721804,9.9339799],[8.8721509,9.93389],[8.8721325,9.9338632],[8.8721281,9.9338134],[8.8720852,9.9336338],[8.8720664,9.9335413],[8.8720128,9.9334964],[8.872045,9.9334224],[8.8720275,9.9333352],[8.8719578,9.933219],[8.8719323,9.9332243],[8.871927,9.9332705],[8.8719296,9.9332956],[8.8719444,9.9333048],[8.8719417,9.9333207],[8.8719659,9.9333643],[8.871982,9.9334343],[8.8719766,9.9334951],[8.87199,9.933499],[8.8719967,9.9335268],[8.871986,9.9335387],[8.8720182,9.9337038],[8.8720316,9.9337011],[8.8720275,9.9337342],[8.8720369,9.9337751],[8.8720445,9.9337907],[8.8720507,9.9338194],[8.8720544,9.9338425],[8.872066,9.9338947],[8.8720755,9.9339243],[8.8720802,9.9339392],[8.872108,9.9340287],[8.8721174,9.9341093]]],[[[8.8885424,9.9820506],[8.8887319,9.9820082],[8.888818,9.9818598],[8.8892658,9.9816011],[8.889382,9.9810541],[8.8892658,9.9809396],[8.8891624,9.9810753],[8.8888826,9.9810923],[8.8883401,9.9813128],[8.8881162,9.9815036],[8.8880817,9.9816902],[8.8885424,9.9820506]]],[[[8.9436854,9.8657579],[8.9436475,9.8658096],[8.9435834,9.8658383],[8.9435437,9.8659189],[8.9434251,9.8659812],[8.9433709,9.8660878],[8.9431738,9.8662608],[8.942984,9.8663465],[8.9428891,9.8662218],[8.9426835,9.8661439],[8.9426044,9.8663699],[8.9426281,9.8665725],[8.9426677,9.8667517],[8.9427309,9.8668919],[8.9428496,9.8668218],[8.9430322,9.8669825],[8.943222,9.8670136],[8.9434671,9.8669669],[8.9435858,9.8666552],[8.9437756,9.8666786],[8.9438863,9.8666007],[8.9438942,9.8665072],[8.9440445,9.8664371],[8.944121,9.8663864],[8.9441764,9.8661916],[8.9441685,9.8660046],[8.9440657,9.8659501],[8.9440815,9.8658644],[8.9440498,9.865778],[8.9439274,9.8656746],[8.9437845,9.865643],[8.9437321,9.8657493],[8.9436854,9.8657579]]],[[[8.9443322,9.8680315],[8.9438768,9.8681534],[8.943739,9.8684028],[8.9436687,9.8686004],[8.9440034,9.868537],[8.9441056,9.8687651],[8.9438956,9.8692677],[8.9440914,9.8697833],[8.944346,9.8698587],[8.9444976,9.8696754],[8.9443689,9.8694232],[8.944274,9.8691739],[8.9445732,9.868601],[8.9443322,9.8680315]]],[[[8.9472318,9.8701166],[8.9474132,9.8700387],[8.9474891,9.8697745],[8.9472871,9.8696725],[8.9471211,9.8696492],[8.9469154,9.8697271],[8.9467889,9.869766],[8.946607,9.8696492],[8.9465042,9.8695946],[8.9463777,9.8692596],[8.9462274,9.8690492],[8.9461404,9.8687687],[8.9459743,9.8686752],[8.945832,9.8687453],[8.9456105,9.8687375],[8.9455393,9.8685583],[8.9453733,9.8684025],[8.9449766,9.8685521],[8.9452671,9.8686062],[8.9453812,9.8689245],[8.945484,9.8691037],[8.945397,9.8694154],[8.9455156,9.869431],[8.9456263,9.8694855],[8.9456422,9.8696024],[8.9456263,9.8697349],[8.9457054,9.8698128],[8.9458162,9.8697582],[8.9460139,9.8697816],[8.9460139,9.8698907],[8.9460692,9.8699374],[8.9461879,9.8700621],[8.9463065,9.8700231],[8.9465121,9.8700933],[8.9465754,9.8702024],[8.9467256,9.8702647],[8.9469882,9.8703698],[8.9471562,9.8703036],[8.9473132,9.8702291],[8.9472318,9.8701166]]],[[[8.9436686,9.883781],[8.943689,9.8836891],[8.9436977,9.8836116],[8.943654,9.8835398],[8.9435578,9.8835197],[8.94345,9.883491],[8.9434004,9.883468],[8.9433363,9.883534],[8.9433305,9.8836317],[8.9433363,9.8837437],[8.9433392,9.8838269],[8.9433479,9.8839045],[8.9434266,9.8839303],[8.943517,9.8839159],[8.943619,9.8838384],[8.9436686,9.883781]]],[[[8.9439719,9.8837174],[8.9439719,9.8838265],[8.9440194,9.8839979],[8.944188,9.8840549],[8.9443674,9.8842394],[8.9446837,9.8841693],[8.9447944,9.8842004],[8.9448577,9.8843563],[8.9450554,9.8844186],[8.9452294,9.8843563],[8.9452848,9.8842238],[8.945348,9.8840914],[8.9453717,9.8839355],[8.9453322,9.8837719],[8.9453322,9.8836317],[8.9452768,9.8834057],[8.9451424,9.8832032],[8.9449842,9.8831019],[8.944747,9.8832265],[8.9445651,9.88332],[8.9444306,9.8835382],[8.944312,9.883507],[8.944138,9.8835538],[8.9439719,9.8837174]]],[[[8.9427892,9.8835355],[8.9428038,9.8834867],[8.9428533,9.8834551],[8.9428504,9.8834149],[8.942763,9.8833489],[8.9426668,9.8833202],[8.9424656,9.8833345],[8.9423665,9.8833776],[8.9423228,9.8834551],[8.9423228,9.8835671],[8.942317,9.8837509],[8.9422762,9.8839318],[8.9423053,9.8839605],[8.9423899,9.8838859],[8.942419,9.8839289],[8.9424161,9.884018],[8.9424511,9.8840984],[8.9425065,9.8841644],[8.9425502,9.8842333],[8.9426376,9.884219],[8.9426697,9.8842391],[8.9427134,9.8842477],[8.9427979,9.8842391],[8.9428941,9.8842333],[8.9429291,9.8841414],[8.942967,9.8840984],[8.9429874,9.884061],[8.9429204,9.8840409],[8.9429,9.8839577],[8.9428883,9.8838744],[8.9428562,9.8837509],[8.9428008,9.8837452],[8.9428242,9.8836705],[8.94283,9.8835528],[8.9427892,9.8835355]]],[[[8.9764314,9.8989882],[8.9759755,9.8988349],[8.9754497,9.8986975],[8.9742259,9.898172],[8.9742473,9.8972366],[8.9737431,9.8973476],[8.9734435,9.8973394],[8.9735347,9.8970223],[8.9734005,9.896869],[8.9731913,9.8969853],[8.9729062,9.8972472],[8.9727667,9.8972366],[8.9725414,9.8968878],[8.9721176,9.8971256],[8.9717314,9.896835],[8.9719084,9.8966394],[8.9715866,9.8964703],[8.9711413,9.8966183],[8.9698539,9.8958996],[8.9688829,9.8954081],[8.9686101,9.8946548],[8.9684591,9.8947528],[8.9682185,9.8950776],[8.9673004,9.896687],[8.9673227,9.8969325],[8.967725,9.8970857],[8.9675579,9.8975272],[8.9678859,9.8975983],[8.9682185,9.8969325],[8.9690285,9.897165],[8.9698807,9.8973264],[8.9704976,9.897485],[8.9704869,9.8976118],[8.9708256,9.8977357],[8.9715007,9.89795],[8.9720104,9.8981561],[8.9727292,9.8980504],[8.9734488,9.8984121],[8.9738082,9.8986922],[8.9742159,9.89893],[8.9741355,9.8991097],[8.9743546,9.8992447],[8.9745638,9.8990386],[8.975406,9.89925],[8.976318,9.8993557],[8.9764314,9.8989882]]],[[[8.9797556,9.9004521],[8.9798495,9.900505],[8.979938,9.9005076],[8.9799246,9.9004495],[8.9798495,9.9003491],[8.9797476,9.9003227],[8.9796725,9.9003755],[8.9797556,9.9004521]]],[[[8.9811924,9.9007804],[8.981197,9.900716],[8.9811877,9.900647],[8.9810803,9.9006102],[8.9809028,9.900555],[8.9807954,9.9005872],[8.9807534,9.9006194],[8.98073,9.9007022],[8.9807487,9.900785],[8.981085,9.9008172],[8.9811924,9.9007804]]],[[[8.9830429,9.9011532],[8.982833,9.9011374],[8.9827651,9.9011876],[8.9828324,9.9012325],[8.9830382,9.9012285],[8.9830429,9.9011532]]],[[[8.9833684,9.9015543],[8.9833275,9.9016233],[8.983401,9.9016647],[8.9834267,9.9015946],[8.9833684,9.9015543]]],[[[8.9837244,9.9017073],[8.9836194,9.9016498],[8.9835762,9.9017257],[8.9837233,9.9017913],[8.9837408,9.9017326],[8.9837244,9.9017073]]],[[[8.9522266,9.9172592],[8.952291,9.9173226],[8.9524198,9.9175762],[8.9525914,9.917703],[8.9526772,9.9179144],[8.9526772,9.917999],[8.9527631,9.9181681],[8.9528489,9.9182526],[8.9528704,9.9183583],[8.9530849,9.9184851],[8.9533424,9.9184851],[8.9533854,9.9185274],[8.953557,9.9184851],[8.9538145,9.9184851],[8.9539433,9.9185697],[8.9539862,9.9185274],[8.9541149,9.9185274],[8.9542866,9.9186965],[8.9545441,9.9186542],[8.9546728,9.9186965],[8.9548016,9.9188233],[8.9548874,9.9188233],[8.9549732,9.9189078],[8.9550805,9.9188022],[8.9549303,9.9186965],[8.9548016,9.9185274],[8.9547586,9.9185274],[8.9543724,9.9181469],[8.9541149,9.9181469],[8.9535999,9.9178933],[8.9533639,9.9175762],[8.9536214,9.917238],[8.9534926,9.9169844],[8.9534497,9.916773],[8.9533639,9.9166885],[8.9534068,9.9166462],[8.9534068,9.9165616],[8.9532566,9.9164137],[8.9532137,9.9164137],[8.9530635,9.9162657],[8.9531064,9.9160543],[8.9529562,9.9160755],[8.9528918,9.9160121],[8.9528918,9.9157584],[8.9526772,9.9155471],[8.9526343,9.9154202],[8.9526772,9.915378],[8.9525056,9.9152089],[8.9524198,9.9150398],[8.9523768,9.9147016],[8.9521623,9.9145747],[8.9522481,9.9143211],[8.9522052,9.9141943],[8.9525056,9.9136024],[8.9524627,9.9133488],[8.9523554,9.9132431],[8.9519691,9.9130317],[8.9518404,9.9130317],[8.9515829,9.9128204],[8.9514112,9.9127358],[8.9513254,9.9127358],[8.9512396,9.9126513],[8.9511538,9.9126513],[8.951025,9.9125667],[8.9505529,9.9125244],[8.9504671,9.9125667],[8.9504242,9.9125244],[8.9503384,9.9125244],[8.9501667,9.9126513],[8.9500809,9.9126513],[8.9499307,9.9127992],[8.9499307,9.9133065],[8.9499736,9.9134756],[8.9500165,9.9135179],[8.9500165,9.9136447],[8.9499736,9.9137293],[8.9501452,9.9138984],[8.9501023,9.9140675],[8.9501452,9.9142365],[8.9501023,9.9142788],[8.9501023,9.9144056],[8.9501882,9.9145325],[8.9502311,9.9149129],[8.9500165,9.9151243],[8.949995,9.9152723],[8.9498663,9.9153568],[8.9497805,9.9153568],[8.9497161,9.9154202],[8.949759,9.9154625],[8.9496303,9.9157162],[8.9498663,9.9156105],[8.950038,9.9156105],[8.9501238,9.9155682],[8.9501882,9.9157584],[8.9502954,9.9158641],[8.9505959,9.9157796],[8.9507675,9.9157796],[8.9508104,9.9157373],[8.9510465,9.9159275],[8.9509177,9.9161389],[8.9509177,9.9162657],[8.9510679,9.9162869],[8.9511108,9.9163291],[8.9511752,9.9164771],[8.9512825,9.9164137],[8.9514112,9.9164137],[8.9514756,9.9164771],[8.9514971,9.9170055],[8.9516687,9.9169632],[8.9517546,9.9170478],[8.9518833,9.9170478],[8.9521408,9.9172592],[8.9522266,9.9172592]]]]}},{"type":"Feature","properties":{"kind":"land","id":"jos-south","localUnitId":"jos-south","name":"Jos South"},"geometry":{"type":"MultiPolygon","coordinates":[[[[8.870471,9.6756968],[8.8704993,9.6757042],[8.8705654,9.6756353],[8.8704936,9.6756111],[8.8704275,9.6755832],[8.870471,9.6756968]]],[[[8.8709017,9.6757135],[8.8709791,9.6757508],[8.8708922,9.675639],[8.8707241,9.6756539],[8.8706863,9.6757042],[8.8709017,9.6757135]]],[[[8.8703071,9.6762849],[8.87013,9.6763277],[8.869846,9.6763112],[8.8698761,9.6763837],[8.8701868,9.6763804],[8.8703606,9.6764199],[8.8704876,9.6765418],[8.8705744,9.6766769],[8.8706112,9.6765484],[8.8706012,9.676387],[8.8706279,9.6760939],[8.870541,9.6760774],[8.8703071,9.6762849]]],[[[8.8238869,9.8917942],[8.8280001,9.8861847],[8.830152,9.8832498],[8.8309903,9.8821064],[8.8344641,9.8830901],[8.8354267,9.8833594],[8.8369954,9.8841438],[8.8374134,9.8842863],[8.83741,9.8827506],[8.8372484,9.8809616],[8.8408802,9.8805776],[8.8410228,9.8815704],[8.842639,9.881074],[8.8490326,9.8802451],[8.8492227,9.8800953],[8.8494414,9.8788777],[8.8508426,9.8789783],[8.8509162,9.8774385],[8.8508805,9.8763269],[8.8499274,9.8719592],[8.8543768,9.8718468],[8.8551044,9.8718729],[8.8570296,9.8729267],[8.8579056,9.8734746],[8.8597025,9.8742192],[8.860715,9.8744862],[8.8615707,9.873882],[8.8629825,9.8757027],[8.8620849,9.8790414],[8.8615858,9.8804697],[8.8620612,9.8813478],[8.8611235,9.8854736],[8.860546,9.8870962],[8.8606244,9.8874194],[8.8612162,9.8874685],[8.8618508,9.887321],[8.8626637,9.8876933],[8.8634694,9.887616],[8.8647458,9.8880164],[8.8645746,9.890276],[8.8645675,9.8918565],[8.8653875,9.8917125],[8.8659698,9.8917651],[8.8663204,9.8916422],[8.8667957,9.8915076],[8.8670631,9.8915544],[8.8673721,9.891449],[8.8679663,9.8914315],[8.8681862,9.8914081],[8.8683169,9.8915134],[8.8688933,9.8914842],[8.8690854,9.8917152],[8.8688857,9.8919493],[8.8706256,9.8930639],[8.8722323,9.894244],[8.8730974,9.8947872],[8.8751034,9.8932231],[8.8769003,9.8924464],[8.878526,9.8916503],[8.8788255,9.891238],[8.8797287,9.8910273],[8.8826474,9.8914865],[8.8831513,9.8915658],[8.8863125,9.8929238],[8.8886893,9.894235],[8.8903768,9.8971384],[8.8911854,9.8998813],[8.8918618,9.8994093],[8.8926033,9.8990862],[8.8932451,9.8988895],[8.8936872,9.8988895],[8.8940437,9.8989738],[8.8944715,9.8993531],[8.8956837,9.9008704],[8.896468,9.9014885],[8.897512,9.9018288],[8.8994633,9.8986859],[8.9053816,9.8956304],[8.9059037,9.8953314],[8.9061414,9.8920066],[8.9070445,9.8898524],[8.9075912,9.886668],[8.9095164,9.8853333],[8.9105622,9.8850055],[8.911198,9.8807381],[8.9114154,9.870584],[8.9173412,9.8708467],[8.9233418,9.8681693],[8.9240316,9.8711195],[8.9277013,9.8705949],[8.9319986,9.8697519],[8.9350219,9.8695459],[8.9358205,9.8685343],[8.9363909,9.867223],[8.9376016,9.8631551],[8.9401424,9.8568989],[8.9425593,9.8558203],[8.9489965,9.8529472],[8.9567776,9.8513622],[8.964469,9.8517036],[8.9702377,9.8519602],[8.9777508,9.8561544],[8.9818773,9.8606834],[8.9801183,9.8570308],[8.9780178,9.8503752],[8.9745283,9.8424978],[8.9747067,9.838645],[8.9730492,9.8304005],[8.958025,9.8243904],[8.9543571,9.8203669],[8.9526129,9.8164291],[8.951046,9.8086367],[8.9512243,9.8047838],[8.951581,9.7970781],[8.951848,9.7912979],[8.9502811,9.7835064],[8.9486256,9.7776413],[8.9488039,9.7737885],[8.9473267,9.7640715],[8.9456711,9.7582054],[8.9420929,9.7522535],[8.9365025,9.7481461],[8.930912,9.7440367],[8.9253216,9.7399273],[8.9197311,9.7358179],[8.9178982,9.7338057],[8.9150135,9.7306413],[8.9142303,9.7297821],[8.9104738,9.727685],[8.9086399,9.7256727],[8.9068956,9.721734],[8.9051514,9.7177963],[8.9014826,9.7137718],[8.8997383,9.7098341],[8.8982299,9.708179],[8.8979044,9.7078218],[8.8980827,9.703969],[8.8945045,9.6980181],[8.8908367,9.6939955],[8.8890028,9.6919823],[8.8871689,9.689971],[8.8836803,9.6820936],[8.8801022,9.6761436],[8.8801133,9.675902],[8.8803692,9.6703634],[8.878624,9.6664248],[8.8769684,9.6605597],[8.8753128,9.6546965],[8.8718243,9.6468182],[8.8662338,9.6427088],[8.8606434,9.6386003],[8.8569756,9.6345758],[8.8495522,9.6284552],[8.8457956,9.6263571],[8.8381042,9.6260157],[8.828311,9.6294422],[8.8224545,9.6311121],[8.8164177,9.6366367],[8.8144064,9.6384773],[8.8103828,9.6421595],[8.8025131,9.6456709],[8.7950888,9.6395502],[8.7933435,9.6356115],[8.791688,9.6297464],[8.7900333,9.6238813],[8.7847099,9.6139927],[8.7751846,9.611639],[8.7672262,9.6170769],[8.7649469,9.6246986],[8.7646799,9.6304779],[8.7624893,9.6361723],[8.7584167,9.638955],[8.7546878,9.641503],[8.7545309,9.6416101],[8.747783,9.644621],[8.7427263,9.6468773],[8.7350359,9.6465359],[8.7330236,9.6483774],[8.7252436,9.6499624],[8.7193851,9.6516323],[8.7155399,9.6514616],[8.7077599,9.6530466],[8.7018127,9.6566439],[8.6976995,9.6622534],[8.6975212,9.6661062],[8.6972542,9.6718845],[8.6989994,9.6758242],[8.6988211,9.679677],[8.6958902,9.6840435],[8.6932757,9.6917751],[8.6940838,9.6959922],[8.7057104,9.6973572],[8.7108545,9.7110996],[8.7088432,9.7129412],[8.704731,9.7185497],[8.7025404,9.7242441],[8.7004395,9.7280111],[8.6972876,9.7336636],[8.7001724,9.7337914],[8.7096968,9.736145],[8.7099463,9.7363507],[8.7048621,9.743342],[8.7103168,9.7464692],[8.7179379,9.7425094],[8.7247229,9.7445335],[8.7304029,9.7467155],[8.7341595,9.7488136],[8.7398386,9.7509966],[8.7398978,9.7510616],[8.7435064,9.7550201],[8.7529421,9.7593002],[8.758351,9.7632762],[8.7537677,9.7805836],[8.7542109,9.7810663],[8.7591868,9.786486],[8.7513933,9.7920561],[8.7515644,9.7959347],[8.757834,9.8005953],[8.7778816,9.8033214],[8.777813,9.8048058],[8.7775459,9.810586],[8.7810354,9.8184624],[8.7808571,9.8223162],[8.7844353,9.8282661],[8.7879248,9.8361425],[8.7882565,9.8366943],[8.7890538,9.8380202],[8.7876652,9.8421246],[8.7886753,9.8503208],[8.7873248,9.8583071],[8.7846806,9.860239],[8.7842646,9.8642784],[8.7834031,9.8671762],[8.783611,9.8691958],[8.7857109,9.8735887],[8.7903885,9.877073],[8.7918716,9.8860645],[8.7969484,9.8908973],[8.8085301,9.8945137],[8.8083258,9.8949642],[8.8060455,9.902585],[8.8037138,9.9054232],[8.809804,9.9046822],[8.8118153,9.9028416],[8.8178511,9.8973169],[8.8238869,9.8917942]],[[8.8611779,9.6783483],[8.8611802,9.6781668],[8.8613528,9.6780307],[8.8615139,9.6780874],[8.8615254,9.6781872],[8.8613229,9.6783256],[8.8611779,9.6783483]],[[8.8619961,9.6796146],[8.8619745,9.6797708],[8.8616289,9.6797921],[8.8614633,9.679643],[8.8613048,9.6796501],[8.8610312,9.679423],[8.8606856,9.6795295],[8.860592,9.6795863],[8.8603183,9.6795437],[8.8601815,9.6794301],[8.8600231,9.6795792],[8.8599079,9.6793662],[8.8596847,9.6793591],[8.8595479,9.6792455],[8.8595263,9.6790894],[8.8595479,9.6785925],[8.8600231,9.6781311],[8.8602247,9.678195],[8.8604336,9.6780672],[8.8605416,9.6781737],[8.8605632,9.678266],[8.8606496,9.6781808],[8.8605416,9.6780672],[8.8605704,9.6779111],[8.8607288,9.6778685],[8.8608512,9.6777975],[8.860844,9.6781737],[8.8607936,9.6782589],[8.8606784,9.6784434],[8.860808,9.6786067],[8.8609592,9.6785073],[8.861132,9.6784718],[8.8611752,9.6788197],[8.8613985,9.6788835],[8.8613697,9.6791178],[8.8618017,9.6791959],[8.8618881,9.679423],[8.8619457,9.6794869],[8.8618161,9.6795934],[8.8619961,9.6796146]],[[8.8503948,9.684161],[8.8511006,9.6838628],[8.852008,9.6858506],[8.850294,9.6876395],[8.8494874,9.6876395],[8.8488824,9.6884346],[8.847975,9.6876395],[8.8499915,9.6857512],[8.8503948,9.684161]],[[8.8604521,9.6915342],[8.8607221,9.6916098],[8.861082,9.6918824],[8.8613053,9.6918759],[8.8614086,9.6918989],[8.8614086,9.6919449],[8.8612053,9.6920138],[8.8610353,9.6920631],[8.860902,9.6920303],[8.8607754,9.6921354],[8.8606854,9.691981],[8.8604155,9.6918266],[8.8601222,9.6918956],[8.8595957,9.6919153],[8.8599722,9.6915802],[8.8604521,9.6915342]],[[8.8573621,9.6927307],[8.8575557,9.6925704],[8.8577105,9.6926773],[8.8578189,9.6929215],[8.8575479,9.6932345],[8.8572614,9.6932345],[8.8568898,9.6935626],[8.8565026,9.6936313],[8.8563942,9.6939061],[8.8560303,9.6939137],[8.8556742,9.6944785],[8.8554419,9.6945625],[8.8551631,9.6945243],[8.8551743,9.6942609],[8.8550481,9.694078],[8.8551792,9.6938145],[8.8555158,9.6938487],[8.8556395,9.6939267],[8.8557533,9.6938535],[8.8559067,9.6938804],[8.8570129,9.6929779],[8.8573544,9.6928803],[8.8573621,9.6927307]],[[8.7116317,9.7292953],[8.7115611,9.7294751],[8.7114787,9.7296143],[8.7114257,9.7298695],[8.7110844,9.7297187],[8.7108902,9.7295447],[8.7106666,9.7293591],[8.7104783,9.7292083],[8.7103077,9.7289995],[8.7100193,9.7288081],[8.7097604,9.7286225],[8.7095544,9.7284195],[8.7093426,9.7282629],[8.7091425,9.7280773],[8.7089307,9.7278628],[8.7091072,9.7276191],[8.7094367,9.7275263],[8.7096604,9.7273407],[8.7098134,9.7269927],[8.7098899,9.7266969],[8.710037,9.7264301],[8.7103253,9.7262039],[8.7106254,9.7259313],[8.7107902,9.7257805],[8.7110609,9.7257225],[8.7112669,9.7257457],[8.7114375,9.7259139],[8.7115611,9.7261517],[8.7116435,9.7263721],[8.7117376,9.7265113],[8.7119612,9.7264649],[8.7121378,9.7264417],[8.7122496,9.7266099],[8.7123025,9.7268593],[8.7124202,9.7269579],[8.7124555,9.7272537],[8.7124379,9.7275321],[8.7123732,9.7277467],[8.712279,9.7280367],[8.7121319,9.7282571],[8.7120142,9.7285355],[8.7118494,9.7286979],[8.7117259,9.7288893],[8.7116964,9.7290517],[8.7116317,9.7292953]],[[8.8049858,9.74112],[8.8064879,9.7414584],[8.8077753,9.7419236],[8.8088482,9.7423466],[8.8098782,9.7420082],[8.8109511,9.741839],[8.8101357,9.7424735],[8.8094061,9.7434463],[8.8080328,9.743827],[8.8066424,9.7437656],[8.8057412,9.7439348],[8.8053721,9.7434886],[8.8047284,9.7440384],[8.8037413,9.7431502],[8.8040417,9.7419236],[8.8041275,9.7410354],[8.8049858,9.74112]],[[8.8615577,9.7498327],[8.8615363,9.7499596],[8.8616704,9.7500161],[8.8615684,9.7501393],[8.8614612,9.7502662],[8.861311,9.7501922],[8.8612144,9.7501393],[8.8611071,9.7501076],[8.8609784,9.7501076],[8.8608282,9.7500864],[8.8607531,9.7500547],[8.8607423,9.7499067],[8.8606672,9.7498221],[8.8605707,9.7496212],[8.8606994,9.749452],[8.8608228,9.7493923],[8.8610427,9.7492511],[8.8611661,9.7492019],[8.8612466,9.7493886],[8.8612895,9.7496212],[8.8613968,9.7497481],[8.8615577,9.7498327]],[[8.8573413,9.749875],[8.8573681,9.7496989],[8.85747,9.7496212],[8.8575881,9.7496],[8.8577543,9.749646],[8.8578831,9.7496883],[8.8580011,9.7497518],[8.8580816,9.749875],[8.8580387,9.750023],[8.8579636,9.7501393],[8.8578294,9.7502276],[8.8577812,9.7501816],[8.8576739,9.7500759],[8.857529,9.7499315],[8.8573413,9.749875]],[[8.8646793,9.7549819],[8.8646364,9.7549607],[8.8645077,9.7549819],[8.8644969,9.754929],[8.864454,9.7548867],[8.8644111,9.7548021],[8.8644111,9.7547598],[8.8643897,9.7547175],[8.8643253,9.7546329],[8.8643253,9.7545906],[8.8643038,9.7545695],[8.8643038,9.7544426],[8.8642609,9.7544003],[8.8642395,9.7543157],[8.8642395,9.75421],[8.8642609,9.7541677],[8.8643146,9.754136],[8.8644755,9.7539562],[8.8644648,9.753861],[8.8644326,9.7538082],[8.8644326,9.7537659],[8.8643253,9.7536601],[8.8643038,9.7535967],[8.8643682,9.7534698],[8.8644433,9.7534592],[8.8645291,9.7533958],[8.8648725,9.7535227],[8.8649368,9.7535227],[8.864969,9.7535544],[8.8650012,9.7536707],[8.8650441,9.7536707],[8.8651085,9.753713],[8.8651085,9.7536496],[8.8652372,9.7536919],[8.8652694,9.7537447],[8.8653874,9.7537976],[8.8654411,9.7538928],[8.8654411,9.7539774],[8.8655055,9.7540196],[8.8655698,9.7541042],[8.8655698,9.7541254],[8.8655269,9.7541465],[8.8655269,9.75421],[8.8654625,9.7542946],[8.8654625,9.754358],[8.8655055,9.7544214],[8.865484,9.754506],[8.8654089,9.7545801],[8.8652158,9.7547069],[8.8649368,9.7550242],[8.8648939,9.7550242],[8.864851,9.7550664],[8.8647652,9.7550876],[8.8646793,9.7549819]],[[8.8042992,9.7563464],[8.8048571,9.75715],[8.8052863,9.7579113],[8.8058441,9.7580382],[8.806445,9.7582497],[8.8063162,9.7591378],[8.8061446,9.7600683],[8.8062733,9.7606181],[8.8067025,9.7610834],[8.8064879,9.7616332],[8.8059729,9.7618447],[8.805415,9.7620561],[8.8042992,9.762183],[8.8019818,9.7619293],[8.800866,9.7616755],[8.8011235,9.7611257],[8.8021105,9.7607027],[8.80278,9.7596686],[8.8022221,9.7583575],[8.8018101,9.7566848],[8.8016814,9.7553313],[8.801338,9.7537664],[8.801338,9.7528359],[8.8019389,9.7524553],[8.8024109,9.7531743],[8.8027113,9.7537664],[8.8030976,9.7543163],[8.8034838,9.7548661],[8.8039988,9.754993],[8.8040417,9.7556697],[8.8042992,9.7563464]],[[8.8645345,9.7601947],[8.8645345,9.7601841],[8.8644755,9.7601365],[8.864454,9.7601365],[8.8644004,9.7601154],[8.8643575,9.7600731],[8.8643199,9.7599938],[8.8642824,9.7599568],[8.8642395,9.7599462],[8.8642019,9.7599092],[8.8641912,9.7598352],[8.8641697,9.7598034],[8.8641804,9.7597717],[8.864159,9.75974],[8.864159,9.7596025],[8.8641804,9.7595814],[8.8642126,9.7595179],[8.8642126,9.7594757],[8.8642448,9.7594016],[8.8642555,9.7593382],[8.8642555,9.7592536],[8.8642448,9.7592113],[8.8642555,9.7592007],[8.8642555,9.7591796],[8.8642877,9.7591373],[8.864277,9.7591267],[8.8643199,9.7590421],[8.8643843,9.7589787],[8.864395,9.7589258],[8.8644648,9.7588782],[8.8645077,9.7588782],[8.8645506,9.7588571],[8.8645613,9.7588042],[8.8646042,9.7588042],[8.864615,9.7587937],[8.8646579,9.7588042],[8.8647008,9.7587831],[8.8647866,9.7587619],[8.8648295,9.7587725],[8.864851,9.7587619],[8.8648725,9.7587302],[8.8649046,9.7587514],[8.8649315,9.7587249],[8.8649207,9.7586932],[8.8649583,9.7586668],[8.8650227,9.7586668],[8.8650441,9.7586562],[8.8650548,9.7586668],[8.8650978,9.7586668],[8.8651514,9.7586985],[8.8651675,9.7587144],[8.8651675,9.7587461],[8.8652372,9.7588148],[8.8652533,9.7588201],[8.8652533,9.7588941],[8.8652748,9.7589258],[8.8652533,9.7589575],[8.8652533,9.7589787],[8.8652641,9.7589893],[8.8652641,9.7590421],[8.8652748,9.7590527],[8.8652641,9.7590739],[8.8652641,9.759095],[8.8652748,9.7591373],[8.8652104,9.7592219],[8.8652104,9.759317],[8.8651782,9.7593805],[8.8652426,9.7594334],[8.8652533,9.7594651],[8.8652909,9.7595021],[8.8653123,9.7595021],[8.8653606,9.7595497],[8.8654035,9.7596237],[8.8653821,9.7596766],[8.8653821,9.7597083],[8.8653928,9.7597188],[8.8653928,9.75974],[8.8653821,9.7597611],[8.8653928,9.7597823],[8.8653499,9.7598457],[8.8653499,9.7598774],[8.865307,9.7599197],[8.8653284,9.7599726],[8.8653821,9.7600149],[8.8653821,9.7601524],[8.865366,9.7601682],[8.8653553,9.7601576],[8.8652694,9.7601999],[8.865248,9.7602211],[8.8651836,9.7602528],[8.8651514,9.7602528],[8.8651407,9.7602634],[8.8650763,9.760274],[8.8650441,9.7602845],[8.8650119,9.7603163],[8.8649583,9.7603163],[8.8649261,9.7603268],[8.8648885,9.7603004],[8.8648885,9.7602158],[8.8648725,9.7601999],[8.8648456,9.7602158],[8.8648349,9.7602475],[8.8648081,9.760274],[8.8647759,9.7602845],[8.8647544,9.7603057],[8.8647008,9.7603057],[8.8646472,9.760274],[8.8646364,9.7602528],[8.8645828,9.7602422],[8.8645345,9.7601947]],[[8.786283,9.7769749],[8.7861546,9.7770917],[8.7861744,9.7771695],[8.7864706,9.7772084],[8.78651,9.777403],[8.7865693,9.7777046],[8.7864113,9.7777727],[8.786283,9.777656],[8.7861744,9.7778408],[8.7860855,9.7780452],[8.7860164,9.7781327],[8.7858683,9.7781522],[8.7858881,9.7784149],[8.78574,9.7784051],[8.7857005,9.7782397],[8.7857202,9.7780257],[8.7857992,9.7777727],[8.7859671,9.7776365],[8.7857696,9.7774614],[8.7859078,9.7770917],[8.7859177,9.7768582],[8.7859473,9.7765663],[8.7860559,9.7763912],[8.7861842,9.7763523],[8.7864311,9.7763231],[8.7864804,9.7764204],[8.7863225,9.776722],[8.7863718,9.7769166],[8.786283,9.7769749]],[[8.786046,9.779271],[8.7861349,9.7788916],[8.7863225,9.7784246],[8.7864903,9.7782689],[8.7865594,9.7783468],[8.7865594,9.7785219],[8.7867174,9.7785705],[8.7866483,9.7786094],[8.7865989,9.7789986],[8.786668,9.7791251],[8.786747,9.7794559],[8.7866186,9.7796796],[8.7861744,9.7797186],[8.7860065,9.7795824],[8.786046,9.779271]],[[8.7899362,9.7851238],[8.7898223,9.7851398],[8.7897573,9.7853161],[8.7892857,9.7855565],[8.7888954,9.7854443],[8.788619,9.7851077],[8.7882937,9.7844988],[8.7878872,9.7836174],[8.7880498,9.7831366],[8.7881474,9.7829123],[8.787936,9.7823995],[8.7875457,9.7819187],[8.7872692,9.781486],[8.787009,9.7810693],[8.787009,9.7809091],[8.7874156,9.7806527],[8.7878872,9.7809572],[8.7880335,9.7812616],[8.788375,9.7813899],[8.7887003,9.7819668],[8.7889442,9.7824315],[8.7890418,9.7830405],[8.7894808,9.7834411],[8.7898549,9.784002],[8.7900337,9.784643],[8.7903102,9.7850436],[8.7899362,9.7851238]],[[8.8600575,9.7857512],[8.85998,9.7857657],[8.859918,9.785804],[8.8598644,9.7858516],[8.859803,9.7858714],[8.8597357,9.7858833],[8.8596927,9.7859151],[8.8596367,9.7859455],[8.8595991,9.7859719],[8.8595187,9.785956],[8.8594543,9.7859084],[8.8594031,9.7858305],[8.8593655,9.7857459],[8.8593363,9.785697],[8.8593255,9.7856177],[8.8593494,9.7854921],[8.8594007,9.7853164],[8.859446,9.7851908],[8.8594918,9.7851208],[8.8595294,9.7851102],[8.8595669,9.7851261],[8.8596176,9.7851485],[8.8596581,9.7851419],[8.859685,9.7851155],[8.8597011,9.7850415],[8.8597386,9.7849939],[8.8597923,9.784904],[8.8598727,9.7848406],[8.8599264,9.78483],[8.8599907,9.7848353],[8.8600551,9.7848565],[8.860157,9.7849093],[8.8602751,9.7849622],[8.8603502,9.7850362],[8.8604413,9.7850732],[8.8605057,9.7850838],[8.8605379,9.7850626],[8.8605862,9.7850098],[8.8606667,9.784941],[8.8607793,9.7848829],[8.8608759,9.7848406],[8.8609295,9.784793],[8.8609939,9.784793],[8.8611334,9.7848089],[8.861187,9.7847877],[8.8612621,9.7847983],[8.8613372,9.7848247],[8.8613748,9.7848776],[8.8614094,9.7849582],[8.8614445,9.7850151],[8.8614606,9.7850732],[8.8614499,9.7851314],[8.8614255,9.7851803],[8.8613611,9.7852384],[8.8613021,9.7853018],[8.8612752,9.7853653],[8.8611977,9.785438],[8.8611626,9.7855027],[8.8611519,9.7855714],[8.8611709,9.7856388],[8.8612246,9.7857234],[8.861227,9.7857882],[8.8611787,9.7858305],[8.8610982,9.7858781],[8.8610207,9.7858979],[8.8609617,9.7858926],[8.8609158,9.7859098],[8.8608598,9.7859296],[8.8607847,9.7859243],[8.8606827,9.7859084],[8.8606291,9.7858714],[8.8605886,9.7857935],[8.8605379,9.7857234],[8.8605242,9.7856825],[8.8604813,9.7856296],[8.8604199,9.7856441],[8.8603984,9.7857023],[8.8603633,9.7857618],[8.8603204,9.7857776],[8.8602721,9.7857618],[8.8602131,9.7857353],[8.8601302,9.7857393],[8.8600575,9.7857512]],[[8.7914057,9.7892208],[8.7914657,9.7893212],[8.7914537,9.7894334],[8.7914117,9.7895397],[8.7912559,9.7896283],[8.791124,9.7896992],[8.7908543,9.7897347],[8.7907464,9.7895929],[8.7906505,9.7893744],[8.7907524,9.7891913],[8.7907764,9.7890495],[8.7907045,9.7889196],[8.7904647,9.7887719],[8.7904767,9.7886892],[8.7905366,9.7885061],[8.7906565,9.7885357],[8.7907644,9.7886302],[8.7908123,9.7886833],[8.7909382,9.7886243],[8.7908843,9.7885061],[8.7909802,9.7883349],[8.7909802,9.788199],[8.7908483,9.7880395],[8.7907464,9.7878505],[8.7908663,9.7877856],[8.7910161,9.787886],[8.7910641,9.7881636],[8.7910881,9.7883349],[8.7912019,9.7884648],[8.7913218,9.7886715],[8.7913518,9.7887129],[8.7913757,9.7888192],[8.7912799,9.7890495],[8.7912619,9.7891736],[8.7914057,9.7892208]],[[8.7963692,9.794535],[8.7959627,9.7946151],[8.7957838,9.7944869],[8.7953285,9.7943747],[8.7950683,9.7944388],[8.7948406,9.7947113],[8.7945316,9.7948875],[8.7947095,9.7945936],[8.7944168,9.7943212],[8.7940753,9.7938725],[8.7941729,9.793568],[8.7941403,9.7931834],[8.7939452,9.7927988],[8.7936037,9.7925104],[8.793311,9.7920457],[8.7933272,9.791645],[8.793685,9.7912444],[8.7939289,9.7908598],[8.7941403,9.7909239],[8.7942379,9.7908438],[8.7942455,9.790584],[8.7941078,9.7901387],[8.794059,9.7898823],[8.7942054,9.78969],[8.793994,9.7893374],[8.7941403,9.789033],[8.7941241,9.7886323],[8.7938639,9.7879913],[8.794059,9.7879593],[8.79402,9.7876074],[8.7942639,9.7875433],[8.7944266,9.7878157],[8.7947843,9.7879279],[8.7951421,9.7881202],[8.7953535,9.78796],[8.7956137,9.7879119],[8.7958088,9.78796],[8.7958088,9.7882003],[8.7961015,9.7882965],[8.7962967,9.7886651],[8.7964268,9.7889054],[8.7961991,9.789274],[8.7958901,9.7893221],[8.7960527,9.7896746],[8.7964593,9.7897708],[8.7965081,9.789931],[8.7964105,9.7904438],[8.7965081,9.7909887],[8.7967683,9.791165],[8.7967717,9.7915406],[8.7969384,9.7918909],[8.7966619,9.7920832],[8.7966457,9.7922114],[8.7964993,9.7922755],[8.7967107,9.7925479],[8.7966945,9.7927883],[8.796418,9.7928363],[8.7963692,9.7929806],[8.7962391,9.7931248],[8.7963855,9.7933011],[8.7961903,9.7935094],[8.7960603,9.7937498],[8.796044,9.793926],[8.7962229,9.7938619],[8.7964505,9.7938619],[8.7966782,9.7938139],[8.7965969,9.7940863],[8.7967107,9.7942465],[8.7966457,9.7943587],[8.7963692,9.794535]],[[8.7983369,9.7937658],[8.7986296,9.7937177],[8.7988573,9.793878],[8.7989223,9.7944068],[8.7988248,9.794567],[8.7984833,9.7947433],[8.7982068,9.7949035],[8.7980605,9.7951279],[8.7979466,9.7949676],[8.7976377,9.7947914],[8.7973124,9.7948234],[8.797036,9.7950798],[8.7967758,9.795176],[8.7966619,9.7948715],[8.7966619,9.7947113],[8.7969059,9.7946151],[8.7971335,9.7945029],[8.7972311,9.7941344],[8.7973124,9.7936055],[8.7974913,9.7934293],[8.7976864,9.7930447],[8.7978653,9.7929966],[8.7980605,9.7932209],[8.7980605,9.7934613],[8.7980767,9.7936696],[8.7983369,9.7937658]],[[8.7899126,9.7945602],[8.790268,9.7945602],[8.7904654,9.7944435],[8.7906333,9.7945116],[8.7907814,9.7946964],[8.7908801,9.7948423],[8.7908702,9.7950564],[8.7908801,9.7952218],[8.7907814,9.7954163],[8.7905148,9.7954066],[8.790189,9.795319],[8.7900113,9.7951439],[8.7897052,9.7948715],[8.7896361,9.7946186],[8.7899126,9.7945602]],[[8.7951229,9.7996856],[8.794997,9.7997328],[8.7949791,9.7996561],[8.7948232,9.7997624],[8.7947213,9.7998451],[8.7945503,9.8000423],[8.7944375,9.8000494],[8.7943793,9.8000996],[8.7942847,9.8001211],[8.7941792,9.8001749],[8.794121,9.8001427],[8.7940773,9.8000208],[8.7941464,9.7999813],[8.7941028,9.7997841],[8.7940664,9.7997016],[8.7941028,9.7995546],[8.7941428,9.7993933],[8.7941683,9.7992785],[8.7942046,9.7991423],[8.7942556,9.7991028],[8.7942701,9.7990132],[8.7943939,9.7989702],[8.7944375,9.7989056],[8.7943939,9.7988088],[8.7943437,9.7986107],[8.7943917,9.7984276],[8.7944696,9.798339],[8.7945295,9.7982681],[8.7947034,9.7983154],[8.7948352,9.7984748],[8.7949851,9.7986875],[8.7951049,9.7988705],[8.7951529,9.7989532],[8.7952068,9.7992426],[8.7951828,9.7994139],[8.7951229,9.7995202],[8.7951229,9.7996856]],[[8.7894622,9.8022785],[8.7894129,9.8025995],[8.7893833,9.8028427],[8.7895807,9.8029206],[8.789561,9.8030957],[8.7895807,9.8034264],[8.7895807,9.8036599],[8.789324,9.8039615],[8.7892855,9.8038636],[8.7891956,9.8037927],[8.7891597,9.8038872],[8.7890469,9.8038084],[8.7891015,9.8037116],[8.7890323,9.8036363],[8.788985,9.8034713],[8.7890687,9.8033458],[8.7891888,9.8031414],[8.7892324,9.8029658],[8.7891233,9.8027434],[8.7891269,9.802618],[8.7893052,9.8025857],[8.7893307,9.8024602],[8.7892579,9.8023526],[8.7892543,9.8022164],[8.7892142,9.8021733],[8.7891524,9.8021698],[8.7890723,9.8020729],[8.7891306,9.801951],[8.7891196,9.8018255],[8.7891087,9.8017502],[8.7893816,9.8014777],[8.7894289,9.8012375],[8.789357,9.8009894],[8.7895428,9.8009009],[8.7895368,9.8005937],[8.7895788,9.8003929],[8.7898065,9.8000208],[8.7898245,9.7997019],[8.7897346,9.7994243],[8.7896087,9.7991408],[8.7898605,9.7989341],[8.7899803,9.7988396],[8.790256,9.7988455],[8.7906157,9.7988573],[8.7907176,9.7987392],[8.7907775,9.7984734],[8.7907899,9.7982144],[8.7907171,9.7981122],[8.7907789,9.798036],[8.7908298,9.7980904],[8.7909099,9.7981391],[8.7910264,9.7980889],[8.7911574,9.7981176],[8.7915103,9.7978594],[8.7915477,9.7975789],[8.7914439,9.7974395],[8.7913886,9.7972632],[8.7914726,9.7971021],[8.7915919,9.7970194],[8.7916526,9.7969024],[8.7915147,9.7966248],[8.7916825,9.7964712],[8.7917485,9.7963118],[8.7917005,9.7962232],[8.7918264,9.7960755],[8.7920242,9.7960401],[8.79218,9.7959161],[8.792216,9.7958275],[8.7923238,9.7956503],[8.7925216,9.7954554],[8.7927734,9.7954613],[8.7930431,9.7953963],[8.793109,9.795479],[8.7932109,9.7954554],[8.7934866,9.7955558],[8.7936484,9.7957093],[8.7936604,9.7959633],[8.7937923,9.7960637],[8.7941339,9.7960814],[8.7941819,9.7962173],[8.7942238,9.7964299],[8.7941399,9.7965598],[8.794014,9.7966307],[8.7939241,9.7968492],[8.7937383,9.7972036],[8.7937803,9.7973985],[8.7939901,9.7975462],[8.7941039,9.7976229],[8.7942238,9.7977588],[8.7941878,9.7979123],[8.794074,9.797871],[8.7939421,9.7979655],[8.7939661,9.7981013],[8.794056,9.7981722],[8.7940979,9.7983022],[8.794044,9.7984144],[8.7939241,9.7984026],[8.7937203,9.7984616],[8.7934087,9.7985443],[8.793103,9.7987333],[8.7923958,9.7991172],[8.7919163,9.7992353],[8.7915019,9.7993678],[8.7912946,9.7992899],[8.791028,9.7993483],[8.7908602,9.7994942],[8.7906726,9.7995331],[8.7904159,9.7995526],[8.7902382,9.7996596],[8.7902283,9.7998347],[8.7901197,9.800039],[8.7899384,9.8002151],[8.7898868,9.8001674],[8.7897387,9.800576],[8.7898966,9.800683],[8.7902323,9.800683],[8.7901928,9.8008873],[8.7902224,9.801043],[8.7903212,9.8012181],[8.7904594,9.8011597],[8.7904692,9.8009652],[8.7905976,9.8009165],[8.7905877,9.8012181],[8.7903804,9.8013543],[8.7902126,9.8015975],[8.7900349,9.8018213],[8.789788,9.8018602],[8.789561,9.8019964],[8.7894622,9.8022785]],[[8.7921069,9.8014696],[8.7922028,9.8014637],[8.7923047,9.8015346],[8.7922927,9.8016409],[8.7922987,9.8017354],[8.7923826,9.8018772],[8.7923167,9.8019421],[8.7923826,9.8021075],[8.7923227,9.8021547],[8.7922328,9.8021547],[8.7921669,9.8021429],[8.792077,9.8020484],[8.792035,9.8019894],[8.7919691,9.8018476],[8.7919391,9.8016823],[8.7919571,9.8015346],[8.792035,9.8014696],[8.7921069,9.8014696]],[[8.7854121,9.8074607],[8.7851519,9.8071883],[8.7844881,9.8070882],[8.784114,9.8072164],[8.7838947,9.8072475],[8.7838365,9.8073515],[8.7837382,9.8073299],[8.7836727,9.8072403],[8.7837055,9.8070825],[8.7836509,9.8069499],[8.7835308,9.8069355],[8.7834581,9.806828],[8.7834326,9.8067132],[8.7832359,9.8064953],[8.7831709,9.8059825],[8.7832359,9.8051012],[8.7833823,9.8044762],[8.7833823,9.8038513],[8.783675,9.8032103],[8.7840653,9.8027616],[8.7844881,9.8027937],[8.7848784,9.8028097],[8.7853871,9.8028791],[8.7857048,9.8029579],[8.7859162,9.8031182],[8.7860138,9.8033265],[8.7864203,9.8034867],[8.7864528,9.803679],[8.7867293,9.803695],[8.7869569,9.8037111],[8.7872497,9.8035668],[8.787331,9.8037591],[8.7876237,9.8038232],[8.7877375,9.8041918],[8.7879164,9.8042559],[8.7878676,9.8045443],[8.788014,9.8049289],[8.7877213,9.8049449],[8.7876562,9.8051533],[8.7876237,9.8052494],[8.7875912,9.8055058],[8.7874611,9.8058102],[8.7876562,9.8060346],[8.7875098,9.8062429],[8.7874285,9.8064512],[8.7870708,9.8065954],[8.7870057,9.8069159],[8.7869082,9.8071723],[8.7864528,9.8073486],[8.785965,9.8075889],[8.7856885,9.8075088],[8.7854121,9.8074607]],[[8.8621692,9.8304869],[8.8623589,9.8304616],[8.8625465,9.8304518],[8.8627637,9.8305297],[8.862665,9.8307631],[8.8625267,9.8307923],[8.8622997,9.8307923],[8.8621692,9.8304869]],[[8.8358845,9.8417406],[8.8355337,9.8418223],[8.8353232,9.8419103],[8.8351893,9.8419794],[8.8350554,9.8421177],[8.8346791,9.8422056],[8.8342135,9.8422622],[8.833767,9.8423125],[8.8335885,9.8423753],[8.8332823,9.8422308],[8.833142,9.8418412],[8.8330464,9.8412693],[8.8330145,9.8408483],[8.8329698,9.8406095],[8.8328869,9.8401822],[8.832906,9.8397235],[8.8330336,9.8392082],[8.8332696,9.8385107],[8.8338181,9.8383347],[8.8342326,9.838253],[8.8347684,9.8380582],[8.8353424,9.8379702],[8.8358335,9.8377189],[8.836248,9.8378823],[8.8365159,9.8384353],[8.8369241,9.8388689],[8.8371792,9.8390762],[8.8376447,9.8390699],[8.8379062,9.8391768],[8.8383973,9.8393025],[8.8386205,9.8393779],[8.8389075,9.8394281],[8.8389012,9.8397235],[8.8386779,9.8402953],[8.8383399,9.8405404],[8.8381039,9.8404713],[8.8379636,9.8409551],[8.837868,9.8414327],[8.8378233,9.8418223],[8.837447,9.8420611],[8.8370325,9.8422056],[8.8368922,9.8421491],[8.8368667,9.8418789],[8.8366371,9.8417092],[8.8363373,9.841816],[8.8358845,9.8417406]],[[8.8548093,9.8612505],[8.85481,9.8610148],[8.8548135,9.8608491],[8.8547892,9.8608354],[8.8547146,9.8607841],[8.8547268,9.8604561],[8.8547545,9.8604339],[8.8547996,9.8604236],[8.8547979,9.8602767],[8.85476,9.8601357],[8.8547323,9.8598692],[8.854708,9.8596334],[8.8546352,9.8594591],[8.8545831,9.8593156],[8.8546143,9.859155],[8.8546629,9.8590627],[8.8547253,9.8590525],[8.8548155,9.8590867],[8.8549473,9.8593007],[8.8549958,9.8594066],[8.8550513,9.8594545],[8.8550756,9.8594852],[8.8550617,9.8597415],[8.8550617,9.8599534],[8.8550132,9.8600593],[8.855081,9.8601232],[8.855032,9.860186],[8.8551006,9.8602488],[8.855135,9.8604518],[8.8550074,9.8604566],[8.854978,9.8605195],[8.8550172,9.8605726],[8.8551006,9.8605823],[8.855135,9.8606983],[8.8550908,9.8608384],[8.8550761,9.8609254],[8.8551006,9.8611477],[8.8551497,9.8613313],[8.855184,9.8613893],[8.8553263,9.8614956],[8.8553361,9.8617324],[8.8551889,9.8617372],[8.8551006,9.8618967],[8.8550025,9.8620272],[8.8549093,9.8620803],[8.8548279,9.8620545],[8.8547932,9.8620101],[8.8547585,9.8619623],[8.8547359,9.8618747],[8.8546908,9.8616884],[8.8546873,9.8615996],[8.854696,9.8615466],[8.8548127,9.8614145],[8.854837,9.8613838],[8.8548197,9.8613325],[8.8548093,9.8612505]],[[8.8696883,9.674528],[8.8697162,9.6744557],[8.8698073,9.6744482],[8.8698833,9.6746553],[8.8700174,9.6747127],[8.8701845,9.6747027],[8.8701895,9.6748275],[8.8701288,9.6748599],[8.870149,9.6749647],[8.8700275,9.6749747],[8.8700478,9.6748699],[8.8698655,9.6747975],[8.8697567,9.6748549],[8.8696883,9.67482],[8.8696732,9.6746977],[8.8697137,9.6745904],[8.8696883,9.674528]],[[8.8688657,9.6749447],[8.8688707,9.6748599],[8.8688151,9.6746154],[8.8688885,9.6744482],[8.8690403,9.6744656],[8.8690986,9.6746029],[8.869296,9.6746278],[8.86942,9.6747975],[8.8695694,9.67483],[8.8696985,9.6749697],[8.8696073,9.6750246],[8.8694023,9.6750745],[8.8688657,9.6749447]],[[8.8679797,9.6751718],[8.8679316,9.6751169],[8.8679823,9.6749422],[8.8680709,9.6748649],[8.8681671,9.6748549],[8.8682835,9.6751294],[8.868324,9.6753614],[8.8683847,9.6753889],[8.8683594,9.6757507],[8.8680126,9.6757233],[8.8680506,9.6754014],[8.8680152,9.6753465],[8.8679797,9.6751718]],[[8.871353,9.6757151],[8.8719678,9.675748],[8.8720146,9.6761202],[8.8717439,9.6768514],[8.8717306,9.6773323],[8.8716036,9.677721],[8.8713864,9.67781],[8.8712628,9.6777638],[8.8712761,9.6776189],[8.8706713,9.6773719],[8.8703539,9.6774443],[8.8700665,9.6772566],[8.8696322,9.6772796],[8.8694183,9.6772533],[8.8693481,9.6767823],[8.8696422,9.6762849],[8.8694183,9.6757941],[8.8700432,9.6759357],[8.8700465,9.6761136],[8.8701534,9.6762223],[8.8703272,9.6761729],[8.8703372,9.6760873],[8.8702035,9.6760708],[8.8701868,9.6755932],[8.8705143,9.6754417],[8.8705577,9.6752144],[8.8709153,9.6752243],[8.8709019,9.6753066],[8.8710289,9.675445],[8.8710355,9.6755866],[8.8713062,9.6756228],[8.871353,9.6757151]],[[8.876588,9.6782884],[8.8764839,9.6780936],[8.8761718,9.6780423],[8.8758806,9.6778064],[8.8757141,9.6779397],[8.8755165,9.6778167],[8.8752876,9.6778474],[8.874809,9.6775603],[8.874757,9.6774783],[8.8745906,9.6775295],[8.874497,9.6773347],[8.8745282,9.6772629],[8.8744761,9.6771091],[8.8743409,9.6771091],[8.8742993,9.6768937],[8.8743513,9.6766271],[8.8746842,9.6765245],[8.8755581,9.6767194],[8.8758285,9.6768117],[8.875943,9.6769963],[8.8764111,9.6772629],[8.8767232,9.6773142],[8.8769521,9.6774475],[8.8769833,9.6778167],[8.877233,9.6779808],[8.8773578,9.6777654],[8.8775034,9.6777654],[8.8775138,9.6778987],[8.8776699,9.6779808],[8.877982,9.677991],[8.8781068,9.6784832],[8.8782108,9.6785448],[8.8783773,9.6789755],[8.8785541,9.6790883],[8.8786478,9.6793447],[8.8785645,9.679478],[8.8786894,9.680124],[8.8791055,9.6802266],[8.8791471,9.6804727],[8.8794384,9.6806778],[8.8792824,9.6807188],[8.8792407,9.6809034],[8.8789286,9.6810572],[8.8787518,9.6815187],[8.8785125,9.6814469],[8.8786374,9.6812521],[8.8785437,9.6810572],[8.8783773,9.6810572],[8.8782837,9.6809034],[8.87793,9.6807188],[8.877545,9.6808111],[8.8775971,9.6805855],[8.8778571,9.6805445],[8.8775867,9.67996],[8.8774098,9.6792216],[8.8770561,9.6791703],[8.8772225,9.678914],[8.8769937,9.6787396],[8.8767752,9.6783704],[8.876588,9.6782884]],[[8.8657688,9.7462412],[8.8656991,9.7463221],[8.8655757,9.7464421],[8.8655488,9.7465865],[8.8655971,9.7468228],[8.8655596,9.7469883],[8.865463,9.7470623],[8.8652806,9.7469354],[8.8651465,9.7467911],[8.8651841,9.7465653],[8.8649266,9.7466393],[8.864653,9.7465902],[8.8645081,9.7463538],[8.8644009,9.7461106],[8.8644867,9.7459732],[8.8645993,9.7457548],[8.8646905,9.7455079],[8.8647871,9.745233],[8.8649051,9.7451273],[8.8651036,9.7451098],[8.8652216,9.7449301],[8.8654255,9.7450146],[8.8656132,9.7451167],[8.8657581,9.7452578],[8.8658493,9.7454551],[8.8657849,9.7456877],[8.8657634,9.7458463],[8.8657634,9.7460895],[8.8657688,9.7462412]],[[8.8819103,9.7473166],[8.8818245,9.7476761],[8.8817601,9.7480991],[8.8817172,9.7483317],[8.8816957,9.7485855],[8.8814812,9.7483106],[8.8813953,9.7480568],[8.8813739,9.7476761],[8.881331,9.7472743],[8.8812666,9.7468936],[8.8812183,9.7465373],[8.8811754,9.7462624],[8.881111,9.7459029],[8.8809394,9.7455856],[8.8809662,9.745223],[8.8822912,9.7452261],[8.8820605,9.7456882],[8.8819318,9.7460266],[8.8820391,9.7464707],[8.8821034,9.7466822],[8.8819747,9.7469994],[8.8819103,9.7473166]],[[8.8847026,9.7680956],[8.8850459,9.7680956],[8.8852176,9.7681379],[8.8854536,9.7679476],[8.8857969,9.767863],[8.8861617,9.7675458],[8.8863548,9.7676304],[8.8861617,9.7679899],[8.8858613,9.7684762],[8.8854965,9.7688992],[8.8851747,9.7688569],[8.8846597,9.7691952],[8.8843378,9.7691529],[8.8840374,9.7690472],[8.8839945,9.76873],[8.8842734,9.7683916],[8.8847026,9.7680956]],[[8.885895,9.7700652],[8.8861542,9.7700605],[8.8862358,9.7701551],[8.886231,9.770297],[8.8862166,9.7704721],[8.8860534,9.7705478],[8.8858709,9.7705667],[8.8858373,9.770704],[8.8857605,9.7707418],[8.8855541,9.7707324],[8.8853428,9.7706614],[8.8848153,9.77042],[8.8845578,9.7705045],[8.8843218,9.77042],[8.8842145,9.7700605],[8.8843153,9.7698949],[8.8844354,9.7697482],[8.8846322,9.7696961],[8.8848435,9.7698523],[8.8848963,9.769734],[8.8850451,9.7697482],[8.8852084,9.7696961],[8.885338,9.769663],[8.885482,9.769592],[8.8856261,9.7696535],[8.8857125,9.7693318],[8.8858517,9.7692939],[8.8859718,9.7692939],[8.8860534,9.7693507],[8.8860534,9.7694217],[8.8860198,9.7695352],[8.8858757,9.7697151],[8.8858037,9.7698381],[8.8858565,9.7699564],[8.885895,9.7700652]],[[8.8714232,9.7726401],[8.871332,9.7727685],[8.8711756,9.7729996],[8.8706937,9.7726915],[8.8704461,9.7726145],[8.8702898,9.7723577],[8.8700684,9.7720753],[8.8699381,9.7721138],[8.8695343,9.7719341],[8.8695082,9.7716773],[8.8693649,9.7716388],[8.8691956,9.7714847],[8.868935,9.7712665],[8.8688829,9.7709327],[8.8688699,9.7705989],[8.8690913,9.7704834],[8.869391,9.7704577],[8.8696124,9.770509],[8.8698599,9.7704834],[8.8700293,9.7706631],[8.8702898,9.7709712],[8.8705243,9.7712023],[8.8708369,9.7710354],[8.8711496,9.7711124],[8.8714492,9.7713178],[8.8717749,9.7715232],[8.8716837,9.77178],[8.8715795,9.7720496],[8.8716055,9.772178],[8.8714753,9.7722678],[8.8714232,9.7726401]],[[8.8896126,9.7826539],[8.8894409,9.7829923],[8.888883,9.7833729],[8.8884538,9.7838804],[8.8880633,9.7844323],[8.8875118,9.7848954],[8.8874196,9.7854896],[8.8870398,9.785572],[8.8867758,9.7852781],[8.8863102,9.7848954],[8.8857094,9.7846839],[8.8850592,9.7844746],[8.8847159,9.7843054],[8.8839499,9.7837535],[8.8835572,9.7833327],[8.8837782,9.7827808],[8.8841215,9.7824848],[8.8846794,9.7823579],[8.8851944,9.7824425],[8.8857094,9.7826117],[8.8860463,9.7829521],[8.8866965,9.7832883],[8.8871256,9.7832037],[8.8877693,9.7828231],[8.8882393,9.7825271],[8.8890547,9.782231],[8.8896126,9.7826539]],[[8.8727854,9.7845169],[8.8733433,9.7844746],[8.8736438,9.7849398],[8.87403,9.7848129],[8.8744162,9.7851512],[8.8751458,9.7851089],[8.8754033,9.7854473],[8.8752745,9.7859548],[8.8749312,9.7862085],[8.8739442,9.7860816],[8.8728713,9.7860816],[8.8723563,9.7864623],[8.8720988,9.7861239],[8.8714122,9.7857856],[8.8715409,9.7853627],[8.872013,9.7848975],[8.8723563,9.7851512],[8.8727854,9.7845169]],[[8.8905524,9.7868852],[8.8899988,9.7866293],[8.8894409,9.7862487],[8.889737,9.7853627],[8.8901705,9.78498],[8.8902992,9.7854029],[8.8904709,9.7856143],[8.8912433,9.7859104],[8.8914536,9.7865045],[8.891239,9.7870543],[8.8910245,9.7871389],[8.8905524,9.7868852]],[[8.8847245,9.7877121],[8.8848906,9.7880394],[8.8848511,9.7882888],[8.8848748,9.7885304],[8.8846534,9.7888421],[8.8845268,9.788811],[8.8843528,9.7889045],[8.8841788,9.7888733],[8.8834987,9.7887019],[8.8830954,9.7885772],[8.8827869,9.7884914],[8.8824627,9.7883823],[8.882439,9.7881719],[8.8825022,9.7879771],[8.882431,9.7878835],[8.8825734,9.7877121],[8.8828344,9.7875562],[8.8833326,9.7869561],[8.8836648,9.7866755],[8.8838941,9.7866989],[8.8841947,9.7871042],[8.8847245,9.7877121]],[[8.8916682,9.7885768],[8.891415,9.7881941],[8.8912863,9.7876443],[8.8914579,9.787306],[8.891754,9.787012],[8.8921875,9.7867985],[8.8926123,9.7868006],[8.892917,9.7873905],[8.892917,9.7880249],[8.8929557,9.7886191],[8.8926982,9.7891266],[8.8921016,9.788913],[8.8916682,9.7885768]],[[8.8872474,9.7881797],[8.8875479,9.7881251],[8.8874767,9.7885538],[8.8876112,9.7891539],[8.8876191,9.7893721],[8.8877694,9.7896682],[8.8877298,9.7898631],[8.887279,9.7901436],[8.8871683,9.7902605],[8.8865831,9.7904086],[8.8864723,9.7901047],[8.886156,9.7897306],[8.8859504,9.7895669],[8.8856736,9.7892552],[8.8856815,9.7890448],[8.8858397,9.788811],[8.8861006,9.7887019],[8.8863221,9.7886707],[8.886504,9.7884135],[8.8867571,9.788468],[8.8870022,9.788546],[8.8872474,9.7881797]],[[8.8873897,9.7902917],[8.8876665,9.7901047],[8.8879987,9.7899956],[8.8880303,9.7903307],[8.8880145,9.7908373],[8.8880066,9.7910866],[8.8877694,9.7913672],[8.8876982,9.7915776],[8.8875558,9.7914685],[8.8875005,9.7913828],[8.8873976,9.7913282],[8.8871208,9.7911646],[8.8869627,9.7911022],[8.8869231,9.7907359],[8.8867491,9.7905567],[8.8870497,9.7905099],[8.8872157,9.7904242],[8.8873897,9.7902917]],[[8.8730036,9.800219],[8.8729025,9.8001508],[8.87281,9.7997045],[8.8727279,9.7996294],[8.8726978,9.7994894],[8.8726692,9.7991958],[8.8725578,9.7990512],[8.8725754,9.7989529],[8.8725226,9.7988084],[8.8724949,9.7986585],[8.8724228,9.7985714],[8.8723935,9.7984731],[8.8724463,9.7983228],[8.8723818,9.7982534],[8.87237,9.7981609],[8.8724815,9.7981378],[8.8725869,9.7982247],[8.8727103,9.7982303],[8.872898,9.798184],[8.873074,9.7981378],[8.8732735,9.7980973],[8.8732832,9.7982633],[8.8733146,9.7984269],[8.8734261,9.7985829],[8.8734789,9.798739],[8.8735727,9.7988258],[8.8736438,9.7989364],[8.8737077,9.7990512],[8.8737898,9.7991495],[8.8737487,9.7992883],[8.8738583,9.7993184],[8.8739482,9.7998433],[8.8738543,9.7999358],[8.8738778,9.8000919],[8.8739519,9.8002126],[8.8738895,9.8003462],[8.8738367,9.8006006],[8.8737296,9.8006717],[8.8736079,9.8007567],[8.8733557,9.8008203],[8.8732575,9.8007563],[8.873121,9.8006469],[8.8730799,9.8004676],[8.8730212,9.8003809],[8.8730036,9.800219]],[[8.8936061,9.800614],[8.8935944,9.8004405],[8.8936941,9.8002787],[8.8934008,9.8001457],[8.8933678,9.8000431],[8.8932717,9.7999722],[8.8931602,9.7998451],[8.893037,9.7996601],[8.8929842,9.7994808],[8.8929608,9.7992785],[8.8929197,9.7991166],[8.8927672,9.7989952],[8.8926694,9.798926],[8.8926381,9.7987235],[8.8927025,9.7985128],[8.8927202,9.7981107],[8.8928312,9.7977516],[8.8930136,9.797573],[8.8932013,9.7976424],[8.893432,9.7980053],[8.8940328,9.7985974],[8.8946766,9.7991472],[8.8949027,9.7994982],[8.8949848,9.7996196],[8.894979,9.7997468],[8.8953203,9.7998661],[8.8957241,9.8002729],[8.8958414,9.8004463],[8.8960675,9.8005335],[8.8959529,9.8006544],[8.8960174,9.8007469],[8.8961699,9.8008857],[8.8960526,9.8011863],[8.8958739,9.8011369],[8.8957534,9.8014349],[8.895449,9.8015576],[8.8951432,9.8016199],[8.8946429,9.8012479],[8.8944861,9.8013251],[8.8942903,9.8012193],[8.8939581,9.8010533],[8.8938525,9.800903],[8.8938439,9.8006236],[8.8936061,9.800614]],[[8.8992478,9.8029398],[8.8992893,9.8030175],[8.8993556,9.8030625],[8.8993598,9.803132],[8.8994925,9.8032505],[8.8995838,9.8032423],[8.8995879,9.8033486],[8.8995423,9.8034672],[8.8994759,9.8034508],[8.8994013,9.8035121],[8.8993847,9.8034222],[8.8992893,9.8034018],[8.8991855,9.8033977],[8.8991067,9.8034713],[8.8989864,9.8034386],[8.899003,9.8033609],[8.8990735,9.8031524],[8.8990735,9.8031074],[8.8990072,9.8030625],[8.8991607,9.8030339],[8.8992063,9.8029521],[8.8992478,9.8029398]],[[8.8986628,9.8031524],[8.8987707,9.8031565],[8.898862,9.8032055],[8.8988454,9.8033037],[8.8986338,9.8033037],[8.898472,9.8032914],[8.8984637,9.8031933],[8.8985176,9.803181],[8.8986628,9.8031524]],[[8.8957496,9.8346709],[8.8957955,9.8345139],[8.8958444,9.8344467],[8.8958717,9.8344268],[8.8959751,9.8343448],[8.8960501,9.8343144],[8.8962305,9.8345167],[8.896238,9.8346249],[8.8962388,9.8347749],[8.8962262,9.8349212],[8.8961615,9.835013],[8.8960128,9.8349929],[8.8958925,9.8349889],[8.8958261,9.8349153],[8.8957307,9.8347804],[8.8957496,9.8346709]],[[8.8922048,9.8584029],[8.8920204,9.8583242],[8.8917685,9.8582576],[8.8916702,9.8584029],[8.8915534,9.8583121],[8.8914428,9.8584816],[8.8912584,9.8584755],[8.8912462,9.8583242],[8.891154,9.8583605],[8.8909758,9.8582455],[8.8908959,9.8581667],[8.8908959,9.8580457],[8.890902,9.8578761],[8.8908713,9.8576763],[8.8908652,9.8574947],[8.8910004,9.8574039],[8.8911294,9.8573312],[8.8912584,9.8573676],[8.8914858,9.8573252],[8.8916333,9.8572889],[8.8917439,9.8572223],[8.8918607,9.857083],[8.892002,9.8570588],[8.8920696,9.8569498],[8.8921864,9.856974],[8.8922785,9.8570588],[8.8925059,9.8571193],[8.8926227,9.8573676],[8.892678,9.8576158],[8.8928193,9.8575492],[8.8929115,9.8576582],[8.8929176,9.8578216],[8.8928132,9.8579367],[8.8928316,9.858082],[8.892973,9.8580214],[8.8931266,9.8578519],[8.8932679,9.8579004],[8.8933417,9.8580457],[8.8932679,9.8582636],[8.8932003,9.8584452],[8.8930774,9.8584634],[8.8930098,9.8585663],[8.8931143,9.8586995],[8.8932495,9.8587843],[8.893102,9.8589296],[8.8929361,9.8589417],[8.8926964,9.8587843],[8.8926042,9.8585663],[8.8924936,9.8583847],[8.8922048,9.8584029]],[[8.890773,9.8589659],[8.8907791,9.8591112],[8.8906931,9.8591597],[8.890521,9.8592142],[8.8904411,9.8590749],[8.890564,9.8589175],[8.8906808,9.8588146],[8.8908897,9.8587904],[8.8909696,9.8588509],[8.890859,9.8589478],[8.890773,9.8589659]],[[8.8740913,9.8629474],[8.8740668,9.8630488],[8.8739834,9.8630102],[8.8739049,9.8629764],[8.8737725,9.8631262],[8.8736597,9.8632711],[8.8736351,9.8634161],[8.873591,9.8635321],[8.8734782,9.8636094],[8.8733016,9.8636142],[8.8731299,9.8635562],[8.8730613,9.8633871],[8.8730171,9.8632905],[8.8729779,9.8631842],[8.8729681,9.8630827],[8.8730858,9.8630344],[8.8731937,9.8628942],[8.8731888,9.8628072],[8.8731299,9.8627589],[8.873125,9.8626961],[8.8732231,9.8626236],[8.8734439,9.8625898],[8.8735861,9.8626671],[8.8737529,9.8627396],[8.8739147,9.8628121],[8.8740668,9.8628797],[8.8740913,9.8629474]],[[8.9062208,9.7909006],[8.9069074,9.7912813],[8.9075512,9.791831],[8.9078945,9.7923808],[8.9081949,9.7930152],[8.9077228,9.7929729],[8.9072036,9.7931441],[8.9069504,9.7934381],[8.9064783,9.7933958],[8.9057487,9.7930997],[8.9054483,9.7925077],[8.9058775,9.7922539],[8.9057487,9.7918733],[8.9048904,9.7916196],[8.9048003,9.7911988],[8.9050621,9.7904777],[8.9054054,9.7904355],[8.9057916,9.7906046],[8.9062208,9.7909006]],[[8.9073799,9.8025678],[8.9073404,9.8023496],[8.9074986,9.8021002],[8.9074037,9.8019522],[8.9074669,9.8019132],[8.9075697,9.8018664],[8.9076805,9.8019755],[8.9078149,9.80196],[8.9079573,9.8021937],[8.9078149,9.8024197],[8.9075935,9.8026224],[8.907459,9.8025912],[8.9073799,9.8025678]],[[8.9059863,9.8018322],[8.9062867,9.801959],[8.9065657,9.8021916],[8.9064584,9.8024242],[8.9060293,9.8026568],[8.9058576,9.8024665],[8.9057932,9.8022762],[8.9058147,9.801959],[8.9059863,9.8018322]],[[8.9016129,9.8050002],[8.9016716,9.8050696],[8.9015308,9.8050927],[8.9012257,9.8051794],[8.9009676,9.8052315],[8.900639,9.805243],[8.9004689,9.8049829],[8.9002812,9.8047748],[8.9000582,9.8047112],[8.8999174,9.8046418],[8.899759,9.8045088],[8.899583,9.8044568],[8.8995478,9.8041677],[8.8995361,9.8040174],[8.8998294,9.8035954],[8.9000817,9.8034335],[8.9002812,9.8033757],[8.9005276,9.803474],[8.9008033,9.8034913],[8.900991,9.8035202],[8.9012081,9.8034971],[8.9014017,9.8034913],[8.9015484,9.8035607],[8.9018535,9.8035954],[8.9020177,9.8037515],[8.9022407,9.803896],[8.9023052,9.8040348],[8.9022231,9.8043412],[8.9020881,9.804451],[8.9019473,9.8043296],[8.9018183,9.8042487],[8.9017185,9.8042602],[8.9018124,9.8044799],[8.9016833,9.804399],[8.9016129,9.8043469],[8.9014663,9.8044915],[8.9013841,9.8044857],[8.9013372,9.8045724],[8.9013665,9.8046707],[8.901566,9.8047516],[8.9016364,9.8048788],[8.9016129,9.8050002]],[[8.9025521,9.8092946],[8.9026809,9.8090831],[8.9026809,9.8087871],[8.902595,9.8087025],[8.9025521,9.8084488],[8.9023805,9.8082797],[8.9022732,9.8080894],[8.9020586,9.8081317],[8.9016938,9.8077722],[8.9016509,9.8076031],[8.9015222,9.8075185],[8.9014792,9.8074339],[8.9015222,9.8073916],[8.9013505,9.8071802],[8.9013934,9.8069687],[8.901608,9.806715],[8.9016509,9.8065459],[8.9019299,9.8065247],[8.9020801,9.8063767],[8.9020801,9.8062921],[8.9024019,9.8059327],[8.9025092,9.806123],[8.9025092,9.806419],[8.9025736,9.8065247],[8.9026809,9.8065459],[8.9026809,9.8067996],[8.9027238,9.8068419],[8.9028096,9.807307],[8.9029813,9.8074339],[8.9030457,9.8075819],[8.9031959,9.8076453],[8.9032173,9.8077511],[8.9032602,9.8077511],[8.9035177,9.8080048],[8.9036465,9.8080471],[8.9036894,9.8081317],[8.903904,9.8081739],[8.9040327,9.8083008],[8.9041185,9.8083008],[8.9042473,9.8084277],[8.9044189,9.8084277],[8.9045906,9.80847],[8.9047408,9.808618],[8.9047408,9.8087025],[8.9048696,9.8089986],[8.9047837,9.8091677],[8.9047837,9.8093369],[8.9048266,9.8093792],[8.9048266,9.8095483],[8.9047623,9.809654],[8.9046764,9.809654],[8.9046335,9.8096117],[8.9045906,9.8096963],[8.9044189,9.809654],[8.9043331,9.8097809],[8.9040756,9.8097386],[8.9040327,9.8096963],[8.9037323,9.8096963],[8.9033675,9.8099712],[8.9033675,9.810098],[8.9032602,9.8102038],[8.9029169,9.8102038],[8.9027882,9.8102038],[8.9026809,9.810098],[8.9026809,9.8097175],[8.9025521,9.809506],[8.9025521,9.8092946]],[[8.9163094,9.8097941],[8.9164287,9.8097824],[8.9166435,9.8100802],[8.916377,9.8103193],[8.9163611,9.8106721],[8.9164804,9.8107505],[8.916902,9.8110052],[8.9169776,9.8112717],[8.9168185,9.8114089],[8.9166912,9.8114559],[8.9165918,9.8114755],[8.916373,9.8111816],[8.9160429,9.8110287],[8.9155894,9.8110091],[8.9155735,9.8109072],[8.9157605,9.8107191],[8.9159116,9.8106681],[8.916027,9.8105153],[8.9159752,9.8103507],[8.9160349,9.8101704],[8.9163094,9.8097941]],[[8.9098535,9.8109034],[8.9097143,9.8108642],[8.9096706,9.8109739],[8.9095632,9.8109739],[8.9095672,9.8108211],[8.9093365,9.8107231],[8.9093603,9.8107819],[8.9093046,9.8108328],[8.9088989,9.8107231],[8.9086006,9.8104801],[8.9084693,9.8104762],[8.9084057,9.8105898],[8.9079642,9.8104174],[8.9079085,9.8103272],[8.9078409,9.8100607],[8.9079006,9.8097432],[8.9079801,9.8095904],[8.9082784,9.8094963],[8.9084495,9.8095864],[8.9087,9.8096413],[8.9093683,9.809606],[8.90942,9.8097236],[8.9092808,9.8097903],[8.9094081,9.8098255],[8.9097899,9.8098098],[8.9096109,9.8097197],[8.9096666,9.8096452],[8.9100524,9.8096805],[8.9100524,9.809853],[8.9117151,9.8107113],[8.9124589,9.8108681],[8.9128248,9.8110131],[8.9128526,9.8111856],[8.9127333,9.8114403],[8.9129004,9.8115775],[8.9130197,9.8115579],[8.9130436,9.8114011],[8.9131311,9.8113698],[8.9133379,9.811554],[8.91333,9.8117186],[8.9123435,9.8123144],[8.9122202,9.8122242],[8.912077,9.8122124],[8.9117946,9.8119146],[8.9116872,9.8119969],[8.9113571,9.811797],[8.9107803,9.8114325],[8.9107366,9.8112914],[8.910307,9.8110758],[8.9103627,9.8112169],[8.9102553,9.8112365],[8.9100604,9.8110837],[8.9099092,9.811068],[8.9098058,9.8110954],[8.9097899,9.8110209],[8.9098535,9.8109034]],[[8.9062964,9.8116361],[8.9060714,9.8130883],[8.9059927,9.8130994],[8.9051883,9.8129498],[8.9050139,9.8128777],[8.9045301,9.8115197],[8.904637,9.8113534],[8.904862,9.8113146],[8.9061839,9.8115419],[8.9062964,9.8116361]],[[8.9132047,9.8122677],[8.9133419,9.8121658],[8.9133717,9.8119874],[8.9133717,9.811909],[8.9134771,9.8118718],[8.913497,9.8119404],[8.9136183,9.8119561],[8.9136303,9.8121775],[8.9135905,9.8123186],[8.913322,9.8126224],[8.9131291,9.8126812],[8.9130774,9.8127987],[8.9129461,9.8128771],[8.9129024,9.8128634],[8.9127532,9.8127419],[8.9127989,9.8126439],[8.9127651,9.812589],[8.9128208,9.8125538],[8.9128387,9.8124911],[8.9129203,9.8124323],[8.9131351,9.8123676],[8.9132047,9.8122677]],[[8.9141285,9.8145805],[8.9139569,9.8144114],[8.9138925,9.8142422],[8.9137852,9.8141365],[8.9137423,9.8139885],[8.9136994,9.8138616],[8.9136672,9.8138299],[8.9136243,9.8138299],[8.9135599,9.8137876],[8.9134526,9.8136819],[8.9133668,9.8136396],[8.913281,9.8135762],[8.9132488,9.8135022],[8.9131415,9.8133753],[8.9131415,9.8132485],[8.9133453,9.8130688],[8.9134097,9.8130688],[8.9136243,9.8128785],[8.9137101,9.8128362],[8.913753,9.8128362],[8.9138818,9.8127305],[8.9140749,9.8127093],[8.9141285,9.8126565],[8.9141285,9.812593],[8.9140856,9.8125507],[8.9140856,9.812445],[8.9141285,9.8123816],[8.9141285,9.8122547],[8.9141071,9.8122336],[8.9141285,9.8120856],[8.9142251,9.811927],[8.9144397,9.811927],[8.914665,9.8121279],[8.914665,9.8121701],[8.9147079,9.8122124],[8.9147079,9.8122336],[8.9146221,9.812297],[8.9146006,9.8126142],[8.9147079,9.8127622],[8.9147079,9.8128256],[8.9147723,9.8129313],[8.9147937,9.813037],[8.9147937,9.8132062],[8.9148152,9.8132485],[8.9147079,9.8133965],[8.9147079,9.8135022],[8.9147294,9.8135445],[8.9148366,9.8136291],[8.9148581,9.8136713],[8.9149117,9.8137876],[8.9150298,9.8139251],[8.9150512,9.8140308],[8.9151585,9.8141154],[8.9151585,9.8141577],[8.91518,9.8141788],[8.9151585,9.8142422],[8.9152443,9.8143268],[8.9152443,9.8143691],[8.9153516,9.8145594],[8.9153516,9.8146228],[8.9153945,9.8146862],[8.9153945,9.8149611],[8.9154375,9.8150034],[8.9154804,9.8151514],[8.9155662,9.8152148],[8.9155877,9.8152994],[8.9157808,9.8155108],[8.9158022,9.8156166],[8.9158666,9.8157011],[8.9158666,9.8157646],[8.915931,9.8158703],[8.9161456,9.8160817],[8.916167,9.8161874],[8.9161885,9.8162086],[8.9161885,9.816272],[8.9162314,9.8163354],[8.9162529,9.8164623],[8.9162743,9.8165046],[8.9163816,9.8166103],[8.9163387,9.8166737],[8.9163387,9.8167795],[8.9164889,9.8169909],[8.9164889,9.8170966],[8.9165103,9.81716],[8.9164245,9.8172869],[8.9164245,9.8174138],[8.9162958,9.8175618],[8.9162636,9.8176569],[8.916049,9.8175512],[8.915931,9.8173926],[8.915931,9.8173503],[8.9158666,9.8173292],[8.9158666,9.8172658],[8.9157808,9.81716],[8.9157593,9.8170543],[8.9153945,9.8166103],[8.9153945,9.8165469],[8.9153087,9.8164834],[8.9153087,9.8163989],[8.91518,9.8162509],[8.9150298,9.8159126],[8.9149547,9.8158386],[8.9148796,9.8158069],[8.9148796,9.8157646],[8.9148366,9.8157223],[8.9148366,9.8155954],[8.9147401,9.8155003],[8.9146113,9.8154157],[8.9143968,9.81531],[8.9143646,9.8152783],[8.9143646,9.815236],[8.9143324,9.8152254],[8.914268,9.8151408],[8.9142144,9.8151091],[8.9141929,9.8150034],[8.91415,9.8149611],[8.9141715,9.8149188],[8.91415,9.8148765],[8.9141715,9.8147285],[8.9141285,9.8145805]],[[8.9020278,9.8145433],[8.9018956,9.8145599],[8.9018506,9.8146098],[8.9018872,9.8147345],[8.9018056,9.8148426],[8.9016144,9.8145821],[8.9014822,9.8141137],[8.9011278,9.8140029],[8.901035,9.814147],[8.9009731,9.8141082],[8.901004,9.8139003],[8.9008437,9.8137064],[8.900689,9.813856],[8.900644,9.8137036],[8.9010125,9.8133239],[8.901319,9.8133156],[8.9014062,9.8129276],[8.9012178,9.8127779],[8.9015215,9.811916],[8.9021516,9.8118218],[8.902385,9.8120463],[8.9026691,9.8128112],[8.9030656,9.8132408],[8.9030094,9.8134736],[8.9031641,9.8138615],[8.9034566,9.8142385],[8.9034341,9.8144158],[8.9034932,9.8145295],[8.9034032,9.8146653],[8.9034566,9.8148426],[8.903271,9.8153443],[8.9033975,9.8156962],[8.9033047,9.8158875],[8.9034847,9.8159872],[8.9034566,9.8160842],[8.9037154,9.8162256],[8.9037435,9.8164196],[8.903555,9.81645],[8.9037632,9.8166136],[8.9038222,9.8169406],[8.9037041,9.8170847],[8.9038391,9.8172704],[8.9039375,9.8176889],[8.9038166,9.8178025],[8.903136,9.8178025],[8.9030431,9.8177083],[8.9030994,9.8176307],[8.9032513,9.8175835],[8.9032457,9.8174671],[8.90306,9.8173868],[8.9031022,9.8168159],[8.902866,9.816087],[8.9029447,9.8155466],[8.9025763,9.8150449],[8.9022416,9.8147567],[8.9020953,9.814765],[8.9019547,9.8147207],[8.9020278,9.8145433]],[[8.9057361,9.822234],[8.9055651,9.8226925],[8.9055094,9.8228101],[8.9054219,9.8228454],[8.9053702,9.8228532],[8.9044991,9.822281],[8.9043241,9.8220733],[8.9042048,9.8217009],[8.9043679,9.8213286],[8.9041053,9.821309],[8.9038627,9.8208426],[8.9044753,9.8207368],[8.9035843,9.8203057],[8.9030234,9.8194787],[8.9031388,9.8190907],[8.9039661,9.8184009],[8.9042048,9.8184597],[8.9042963,9.8191456],[8.9041133,9.8192435],[8.9041769,9.8193337],[8.9046662,9.819463],[8.9050083,9.82],[8.90506,9.8205016],[8.9052907,9.8207054],[8.9057242,9.8209367],[8.9063288,9.821552],[8.9055492,9.8214619],[8.9053742,9.8217911],[8.9055373,9.8217401],[8.9056646,9.8221281],[8.9057361,9.822234]],[[8.9101504,9.8223512],[8.910111,9.8226976],[8.9100463,9.8231355],[8.9101645,9.8231743],[8.9101504,9.8232852],[8.9098523,9.8233295],[8.909751,9.8235069],[8.9092138,9.8233351],[8.9091491,9.8234071],[8.9092954,9.823723],[8.9090591,9.823748],[8.9089101,9.8234847],[8.9089438,9.8234154],[8.9088116,9.8233018],[8.9088088,9.8231327],[8.908896,9.8231133],[8.9090563,9.8232048],[8.909076,9.8230025],[8.9095738,9.822512],[8.9100379,9.8217],[8.9103951,9.8217831],[8.9107607,9.8218053],[8.9107157,9.8220769],[8.9107354,9.8222459],[8.9107129,9.8223457],[8.9104739,9.8222237],[8.9104007,9.8223429],[8.9101504,9.8223512]],[[8.9114361,9.8266084],[8.9116429,9.8268357],[8.911619,9.8273216],[8.9118895,9.8280193],[8.9116986,9.8282152],[8.9114758,9.8281525],[8.9106724,9.8272903],[8.9090495,9.8270551],[8.9087711,9.8269532],[8.9085881,9.8267024],[8.9087552,9.8262086],[8.9086518,9.8255188],[8.9084688,9.8253542],[8.9083574,9.8250407],[8.908079,9.8247506],[8.9083017,9.8247036],[8.9084051,9.824829],[8.9087552,9.8250093],[8.9092086,9.8249779],[8.9103621,9.8257618],[8.9105928,9.8261537],[8.9114361,9.8266084]],[[8.9067756,9.8356855],[8.9068253,9.8357999],[8.9069083,9.8359757],[8.9069291,9.8361269],[8.9068876,9.836176],[8.9068253,9.8363722],[8.9067465,9.8364989],[8.9066511,9.8366501],[8.9066179,9.8368136],[8.9063192,9.8372347],[8.9061657,9.8373328],[8.9059832,9.8372714],[8.9054688,9.8369771],[8.9054563,9.8368177],[8.9055642,9.8366951],[8.9057675,9.8365112],[8.9058919,9.8363027],[8.9057893,9.8360745],[8.905921,9.8358926],[8.9059574,9.8357488],[8.9059907,9.8355861],[8.9061114,9.8354803],[8.9062643,9.8354856],[8.9062616,9.8356231],[8.9061087,9.8357711],[8.9061331,9.8358705],[8.9064413,9.8358424],[8.9064727,9.8356651],[8.9066636,9.8356201],[8.9067756,9.8356855]],[[8.912015,9.8419181],[8.9119291,9.8419181],[8.9116716,9.8417067],[8.9115214,9.8415164],[8.9115644,9.8414741],[8.9113927,9.8413896],[8.911221,9.8409244],[8.9110494,9.8407553],[8.9109635,9.8405439],[8.9108562,9.8403959],[8.9102125,9.8399308],[8.9099765,9.8400365],[8.9100194,9.8399096],[8.9098907,9.8397828],[8.9098477,9.8396136],[8.9098907,9.8393176],[8.9099765,9.8392331],[8.9100194,9.8391062],[8.9101052,9.8389794],[8.9103198,9.838768],[8.9104056,9.8385988],[8.9106846,9.838324],[8.9107275,9.838324],[8.9107919,9.8382183],[8.9109421,9.8380703],[8.910985,9.8380703],[8.9113712,9.8376474],[8.9115429,9.8376051],[8.9116287,9.8376051],[8.9118862,9.8378588],[8.9121008,9.8379857],[8.9125729,9.8379857],[8.9128304,9.8378588],[8.9130664,9.8374994],[8.9132166,9.8373514],[8.9133024,9.8373091],[8.9133453,9.8373514],[8.9134741,9.8373091],[8.9136028,9.837436],[8.9136887,9.837436],[8.9139032,9.8376474],[8.914032,9.8375629],[8.9141178,9.8375629],[8.9142036,9.8374783],[8.9144182,9.8374783],[8.9145899,9.8373937],[8.9146972,9.8374994],[8.9146972,9.8376263],[8.9148045,9.837732],[8.9148903,9.837732],[8.9149332,9.8377743],[8.9152765,9.837732],[8.9154267,9.8379646],[8.9154696,9.8382183],[8.9153838,9.8383874],[8.9152336,9.8385354],[8.915062,9.83862],[8.9149761,9.83862],[8.9148474,9.8385354],[8.9147615,9.8385354],[8.9146757,9.8385777],[8.9146757,9.8384085],[8.9146328,9.8384508],[8.914547,9.8384508],[8.9144182,9.8383663],[8.9142466,9.8383663],[8.9144182,9.8385354],[8.9145041,9.8385354],[8.9145899,9.83862],[8.9146328,9.8385777],[8.9146972,9.8386411],[8.9146972,9.8387257],[8.9148903,9.8388314],[8.9150834,9.8390217],[8.9151263,9.8391485],[8.9153624,9.8392542],[8.9155126,9.8394022],[8.9155126,9.8394868],[8.9156628,9.8397193],[8.9157915,9.8397193],[8.9160061,9.8395502],[8.9163065,9.8394656],[8.9168215,9.8394656],[8.9169502,9.8394234],[8.917079,9.8393388],[8.9172077,9.8391697],[8.9173365,9.8391274],[8.9174652,9.8391274],[8.9175081,9.8390851],[8.9179373,9.8391274],[8.9181948,9.8390005],[8.9184523,9.8390005],[8.9186239,9.8389582],[8.9188385,9.8387891],[8.9191818,9.8387891],[8.9192247,9.8387468],[8.9193964,9.8387891],[8.9194822,9.8387045],[8.9197397,9.83862],[8.9205122,9.8386622],[8.920598,9.8387468],[8.9209843,9.8387891],[8.921113,9.8388737],[8.9213705,9.8389159],[8.921628,9.8390005],[8.9217353,9.8391062],[8.9217782,9.8392754],[8.9217782,9.8393599],[8.9216709,9.8394656],[8.9209414,9.8394656],[8.9208984,9.8394234],[8.9207697,9.8395079],[8.9206839,9.8395079],[8.9206409,9.8394656],[8.920598,9.8395079],[8.9201689,9.8395079],[8.9198685,9.8395502],[8.9195681,9.8398039],[8.9194393,9.8398462],[8.9193535,9.8398462],[8.9192247,9.8397193],[8.9189672,9.8397193],[8.9187956,9.8398039],[8.9184952,9.8398039],[8.9184523,9.8398462],[8.9181519,9.8398462],[8.9178944,9.8400576],[8.9172935,9.840269],[8.9171219,9.8402268],[8.917079,9.840269],[8.9168644,9.8403113],[8.9166498,9.8403113],[8.9166069,9.840269],[8.9165211,9.840269],[8.9164782,9.8403113],[8.9158344,9.8403536],[8.9154053,9.8403113],[8.9151907,9.8403959],[8.9150834,9.8405862],[8.915019,9.8410724],[8.9149332,9.8410724],[8.9148259,9.8409667],[8.9148688,9.8408822],[8.9148045,9.8406919],[8.9146757,9.8406919],[8.9143753,9.8409033],[8.9139462,9.8408187],[8.9139032,9.8407764],[8.9133453,9.8406919],[8.9130664,9.8410513],[8.9128947,9.8414318],[8.9126801,9.8416433],[8.9126801,9.8416855],[8.9123583,9.8420027],[8.9121866,9.842045],[8.912015,9.8419181]],[[8.9246315,9.8403117],[8.9245575,9.8407472],[8.9243419,9.8407768],[8.9241809,9.8409777],[8.9238698,9.8409565],[8.9237196,9.8406711],[8.9240093,9.8404174],[8.9239771,9.8402694],[8.9244062,9.8400686],[8.9246315,9.8403117]],[[8.9139573,9.8435298],[8.9139573,9.8434562],[8.9139407,9.8433949],[8.9139614,9.8432927],[8.9139199,9.8432764],[8.9138826,9.843354],[8.9138162,9.8435134],[8.9137415,9.8434971],[8.9136005,9.8433949],[8.9134429,9.8432723],[8.9133433,9.8430434],[8.9130695,9.8425774],[8.9127791,9.8423362],[8.9126381,9.8422913],[8.9126546,9.8421891],[8.9131349,9.8416855],[8.9131722,9.8415955],[8.9134253,9.8415955],[8.9136161,9.8416855],[8.9137032,9.8417549],[8.9139189,9.8418653],[8.9140807,9.8419511],[8.9142757,9.8420533],[8.9143421,9.8421841],[8.9143628,9.8423027],[8.9145744,9.842319],[8.9147528,9.8425397],[8.914956,9.8428218],[8.9149685,9.8429485],[8.9150473,9.842973],[8.9150639,9.8430466],[8.9150888,9.8431283],[8.9151801,9.843161],[8.9152547,9.843345],[8.9153626,9.8433654],[8.9154995,9.8435779],[8.9156613,9.8437087],[8.9157526,9.8436924],[8.9158521,9.8437537],[8.9158604,9.8439213],[8.9161757,9.8442769],[8.9162545,9.8443872],[8.9162794,9.8446815],[8.9162794,9.8448982],[8.9162089,9.8450862],[8.9160803,9.8451925],[8.9159517,9.8455399],[8.9159558,9.8457606],[8.9158812,9.8459241],[8.9156737,9.8460304],[8.915458,9.8461203],[8.9153595,9.8459781],[8.9152806,9.8458269],[8.9150857,9.8454141],[8.9151064,9.8452914],[8.9152765,9.8451279],[8.9153843,9.845177],[8.91543,9.8451525],[8.9153761,9.8450626],[8.9151562,9.8449972],[8.9151105,9.844895],[8.915152,9.844805],[8.9149156,9.8447642],[8.9148077,9.8445843],[8.915094,9.8446742],[8.9153387,9.8445966],[8.9153387,9.8445312],[8.9151188,9.8445475],[8.915011,9.8444903],[8.914816,9.8444004],[8.9146376,9.8442819],[8.9145215,9.8442369],[8.9145298,9.8443513],[8.9146542,9.844474],[8.9144717,9.8444045],[8.9143265,9.8441674],[8.9140236,9.8440244],[8.9139033,9.8438159],[8.9139075,9.8436687],[8.9139573,9.8435298]],[[8.9158104,9.8500578],[8.9157319,9.8500307],[8.9155827,9.8499843],[8.9155395,9.8497947],[8.9156652,9.8497715],[8.9158065,9.8493924],[8.91594,9.8493692],[8.9160186,9.8494852],[8.9159754,9.8496632],[8.9160303,9.8497638],[8.9160186,9.8499379],[8.9158104,9.8500578]],[[8.9177951,9.8543022],[8.9179256,9.8543761],[8.9179367,9.8544581],[8.9181366,9.8545183],[8.9181893,9.8544253],[8.9180949,9.8541354],[8.9177868,9.8542174],[8.9176313,9.8541135],[8.9176285,9.8540013],[8.9176813,9.8539111],[8.9173842,9.8535144],[8.9172037,9.8534761],[8.9168955,9.8529071],[8.9167262,9.8528251],[8.916418,9.8521439],[8.9165096,9.8517063],[8.9168178,9.8512494],[8.917001,9.8510552],[8.9169205,9.8508501],[8.9168261,9.8509048],[8.9166706,9.8508938],[8.9166345,9.8507735],[8.9168789,9.8506312],[8.9170399,9.8506859],[8.917026,9.8508555],[8.917126,9.8510853],[8.9173037,9.8511564],[8.9173203,9.8512987],[8.9171232,9.851605],[8.9171843,9.851947],[8.9170593,9.8521549],[8.91694,9.8521604],[8.9170094,9.8522534],[8.9171732,9.8522698],[8.9172009,9.8523272],[8.9171732,9.8524175],[8.9170927,9.8524585],[8.9170927,9.8525296],[8.9172509,9.8527047],[8.917287,9.8528579],[8.9174536,9.8528716],[8.9175535,9.8531588],[8.9178062,9.8531615],[8.9178895,9.8532764],[8.9182782,9.8533667],[8.9185031,9.8537415],[8.9184614,9.854015],[8.918342,9.8543022],[8.918392,9.8545293],[8.9183559,9.8546305],[8.9184309,9.8547782],[8.9184281,9.8549396],[8.9183865,9.8549916],[8.918181,9.8550408],[8.9179173,9.8548712],[8.9176702,9.854346],[8.9177951,9.8543022]],[[8.9207914,9.8556168],[8.9207525,9.8554855],[8.9206636,9.8555019],[8.9206248,9.8556223],[8.9206525,9.855759],[8.9206026,9.8558302],[8.9205415,9.855759],[8.9204415,9.8557973],[8.9204304,9.8559067],[8.9203527,9.8559779],[8.9201917,9.8559779],[8.9202194,9.8561092],[8.9200528,9.8562842],[8.9198974,9.8563389],[8.9198196,9.8562733],[8.9199418,9.8561311],[8.920014,9.8559122],[8.9201361,9.8557426],[8.9202472,9.8557098],[8.9205026,9.8555347],[8.920647,9.855387],[8.920758,9.8553323],[8.9208358,9.8553925],[8.9210579,9.8554034],[8.9211801,9.8553542],[8.9212745,9.8553925],[8.9212411,9.855584],[8.9209802,9.8556387],[8.9207914,9.8556168]],[[8.9014311,9.8572003],[8.9016769,9.8572366],[8.9019043,9.8572366],[8.9020579,9.8573214],[8.9021808,9.8574182],[8.9021931,9.8575938],[8.9020518,9.8577754],[8.901849,9.8579026],[8.9016524,9.8579631],[8.9015049,9.8579995],[8.9013328,9.8579086],[8.90113,9.8578239],[8.9009395,9.8577391],[8.9007859,9.8576725],[8.9007121,9.8574546],[8.9007859,9.8572305],[8.9009641,9.8570731],[8.9011177,9.8570671],[8.9013205,9.8571942],[8.9014311,9.8572003]],[[8.9202638,9.8572033],[8.9201306,9.8567383],[8.9200417,9.8565195],[8.9210412,9.8574605],[8.9210801,9.857745],[8.9210246,9.8582264],[8.921069,9.8583577],[8.9209413,9.8586039],[8.9207803,9.858779],[8.920597,9.8588063],[8.9205415,9.8587625],[8.9202749,9.8583139],[8.9199695,9.85821],[8.919803,9.8578544],[8.9196586,9.8577176],[8.9196919,9.8574495],[8.9198418,9.8573784],[8.919914,9.8572088],[8.9202638,9.8572033]],[[8.9241219,9.8609404],[8.9238316,9.8612423],[8.9233759,9.8609245],[8.9233638,9.8607854],[8.9232791,9.8608252],[8.9230654,9.860559],[8.9231017,9.8604597],[8.923021,9.8604517],[8.9228718,9.8602451],[8.9228073,9.8601895],[8.9227549,9.8600862],[8.9226057,9.8600624],[8.9223718,9.8601816],[8.9223154,9.8600822],[8.9221016,9.8599074],[8.922517,9.8596373],[8.9228678,9.8599313],[8.9227751,9.8599591],[8.9228355,9.8600783],[8.9229525,9.8601061],[8.9230936,9.8602491],[8.9233194,9.8601696],[8.9237308,9.8604914],[8.9238356,9.8606305],[8.9241138,9.860857],[8.9241219,9.8609404]],[[8.9044189,9.8587783],[8.9043975,9.8588206],[8.9043331,9.8588418],[8.9042902,9.858884],[8.9041615,9.8589263],[8.9040756,9.8588629],[8.9039254,9.8587995],[8.9038181,9.8587995],[8.9037967,9.8587783],[8.9035606,9.8587783],[8.903389,9.8586938],[8.9032924,9.8585986],[8.9032495,9.8585352],[8.9032066,9.8584295],[8.903228,9.8584084],[8.903228,9.8583661],[8.9032817,9.8583132],[8.9033675,9.8582921],[8.9035177,9.8581441],[8.9037323,9.8579961],[8.9038396,9.8579961],[8.9039254,9.8580384],[8.9039898,9.8581018],[8.9040327,9.8580807],[8.904376,9.8580807],[8.9045048,9.8581018],[8.9045584,9.858049],[8.9045799,9.8579644],[8.9045584,9.8577319],[8.9047623,9.857531],[8.9049125,9.8574676],[8.9051056,9.8574465],[8.905406,9.8577213],[8.9054704,9.8577213],[8.9055991,9.8576367],[8.9057922,9.8576367],[8.9058566,9.8576579],[8.905921,9.8577001],[8.9059639,9.8577001],[8.9060068,9.8577213],[8.9061356,9.8578481],[8.9062428,9.8578693],[8.9063072,9.8579327],[8.906436,9.8579961],[8.9065218,9.8580807],[8.9066291,9.8581441],[8.9066935,9.8582287],[8.906908,9.8582287],[8.9069295,9.8582498],[8.9070582,9.858271],[8.9071119,9.8583238],[8.9071119,9.8583661],[8.9071977,9.8584506],[8.9071977,9.8585352],[8.9072192,9.8585564],[8.9072406,9.8586409],[8.9072406,9.8587255],[8.9072192,9.8587466],[8.9072406,9.8588946],[8.9073479,9.8590214],[8.9073479,9.859106],[8.9071655,9.8592857],[8.9070368,9.8592857],[8.9069188,9.859254],[8.9066291,9.8589263],[8.9065647,9.8589263],[8.9064574,9.8588418],[8.9064145,9.8588418],[8.9062965,9.8590003],[8.9064038,9.8590849],[8.9064038,9.8591272],[8.9065111,9.8592117],[8.9066291,9.8593703],[8.906672,9.8593914],[8.9067149,9.8593703],[8.9068651,9.8593703],[8.9069724,9.8594126],[8.9070368,9.8594548],[8.9071548,9.8595923],[8.9071763,9.8596768],[8.9072943,9.8597931],[8.9074123,9.8598671],[8.9074123,9.8599305],[8.9074337,9.8599516],[8.9074337,9.8600151],[8.9073908,9.8600362],[8.9074123,9.8601842],[8.9074981,9.8603956],[8.9076483,9.8605647],[8.9076805,9.8605964],[8.9078629,9.8604167],[8.9078629,9.8603956],[8.9079916,9.8603322],[8.9079058,9.860459],[8.9078307,9.8605119],[8.9077556,9.860607],[8.9077556,9.8606704],[8.9077985,9.8607761],[8.9077771,9.8608184],[8.9077771,9.8609241],[8.90782,9.8609875],[8.90782,9.8610932],[8.9078414,9.8611989],[8.9078951,9.8612307],[8.9079702,9.8613258],[8.9079702,9.8613681],[8.9080131,9.8615372],[8.9079702,9.8615795],[8.9079702,9.8616218],[8.9078522,9.8617592],[8.9078093,9.8617592],[8.9077449,9.8617169],[8.9076161,9.861738],[8.9075196,9.8618966],[8.9074445,9.8619706],[8.9073801,9.8619706],[8.9073479,9.8620657],[8.9072621,9.8621291],[8.9072621,9.8622137],[8.9072406,9.8622348],[8.9072406,9.8622771],[8.9072621,9.8622983],[8.9072406,9.8623194],[8.9072621,9.8623828],[8.9072406,9.862404],[8.9072406,9.8624674],[8.9071977,9.8625308],[8.9071977,9.8625731],[8.9072192,9.8626154],[8.9071763,9.8626576],[8.9071763,9.8627422],[8.9072621,9.8628268],[8.9072192,9.8628479],[8.9072192,9.8628902],[8.9072406,9.8629113],[8.9072192,9.8629748],[8.9072621,9.863017],[8.9072835,9.8630805],[8.9072835,9.8631227],[8.9072621,9.8631439],[8.9072621,9.8632496],[8.9072835,9.8632919],[8.9072514,9.8634504],[8.9071441,9.8634504],[8.9070797,9.8633447],[8.9070153,9.8633447],[8.9068651,9.8632179],[8.9067578,9.8633447],[8.9067149,9.8633236],[8.9065647,9.8633447],[8.9063823,9.863165],[8.9063394,9.8630805],[8.9063394,9.8630382],[8.9062858,9.8629642],[8.9061785,9.8629642],[8.9061356,9.8630065],[8.9059639,9.862943],[8.9058673,9.8628479],[8.9058673,9.8628268],[8.9057171,9.8626999],[8.9058459,9.8625942],[8.9058673,9.8624885],[8.9059639,9.8623934],[8.9060497,9.8623511],[8.9061141,9.8622877],[8.9062107,9.8622771],[8.9061999,9.8622454],[8.906157,9.8622454],[8.9060283,9.862182],[8.9058888,9.8620446],[8.9058888,9.8618543],[8.9059317,9.861812],[8.9059103,9.8617486],[8.906039,9.8616429],[8.9059854,9.8616112],[8.9059424,9.8616535],[8.9058566,9.8616746],[8.9058244,9.8616006],[8.9057815,9.8615583],[8.9057815,9.8615161],[8.9057171,9.8613469],[8.905642,9.8612518],[8.9052773,9.8612729],[8.90517,9.8614209],[8.9051056,9.8613575],[8.9050627,9.8613575],[8.9050519,9.8613258],[8.905127,9.8613152],[8.9051485,9.8613364],[8.9052022,9.8612412],[8.905127,9.8612307],[8.9050734,9.8611778],[8.9050519,9.8611144],[8.9049339,9.8610192],[8.9048696,9.8609981],[8.9048374,9.861051],[8.9047408,9.861125],[8.9046979,9.861125],[8.9046121,9.8610404],[8.9045048,9.8610615],[8.9044082,9.8609664],[8.9044082,9.8608607],[8.9043653,9.8608184],[8.9043117,9.8606387],[8.9042473,9.860681],[8.9041722,9.8606916],[8.9041722,9.8607127],[8.904258,9.8607973],[8.904258,9.8608396],[8.9041829,9.8608713],[8.90414,9.8608713],[8.9040971,9.860829],[8.9040327,9.8608078],[8.9039469,9.8608078],[8.9039147,9.8607761],[8.9039147,9.8606916],[8.9038289,9.8606281],[8.9038932,9.860459],[8.9039791,9.8603956],[8.9039791,9.860311],[8.9040112,9.8602582],[8.9040542,9.8602582],[8.9041829,9.8601736],[8.9042902,9.8602582],[8.9043331,9.8602582],[8.9043975,9.8602793],[8.9044189,9.860237],[8.9046121,9.8602159],[8.9046764,9.8601736],[8.9047408,9.8600891],[8.9048052,9.8600891],[8.9049554,9.8600045],[8.9050949,9.8598882],[8.9050949,9.8598037],[8.9051378,9.8597191],[8.9052022,9.8596345],[8.9052773,9.8595817],[8.9055562,9.8592857],[8.905642,9.8592646],[8.9057279,9.8592223],[8.9057922,9.8591589],[8.9058352,9.8591589],[8.9059424,9.8590743],[8.9059854,9.8590743],[8.9060712,9.859032],[8.9063609,9.8587466],[8.9061785,9.8585458],[8.9060068,9.8586726],[8.9059639,9.8586092],[8.9058781,9.8585881],[8.9058566,9.8585458],[8.9057922,9.8585458],[8.9057708,9.8585246],[8.9057064,9.8585458],[8.9056635,9.8585246],[8.9055777,9.8584189],[8.905524,9.8584718],[8.905524,9.8585141],[8.9054275,9.8586092],[8.9053631,9.8586303],[8.9053202,9.8586938],[8.9051914,9.8587572],[8.90517,9.858736],[8.9050841,9.858736],[8.9050412,9.8587572],[8.905009,9.8587255],[8.905009,9.8586832],[8.9049554,9.8586303],[8.9048481,9.8585881],[8.9048052,9.8585458],[8.9047194,9.8585458],[8.904655,9.8585881],[8.9045906,9.8585881],[8.9045477,9.8586092],[8.904494,9.8586621],[8.9044726,9.8587466],[8.9044189,9.8587783]],[[8.9120567,9.8635205],[8.9119461,9.8635387],[8.9118816,9.8634539],[8.9117403,9.8634963],[8.9116788,9.8634448],[8.9114668,9.8633207],[8.9113562,9.8632057],[8.9112671,9.8630906],[8.9111042,9.8630937],[8.9110121,9.8631542],[8.9110182,9.8632874],[8.9108554,9.8633722],[8.9106741,9.8632874],[8.9106403,9.8630997],[8.9106772,9.8630513],[8.910757,9.8629665],[8.9109383,9.8628606],[8.9110029,9.8626941],[8.9109291,9.8624731],[8.91084,9.8623157],[8.9108523,9.8621704],[8.9109598,9.8620644],[8.911052,9.8620372],[8.911092,9.8621068],[8.9112241,9.8620644],[8.9114177,9.8621038],[8.9115651,9.8623127],[8.9117065,9.8625306],[8.9117679,9.8627274],[8.9117556,9.8629605],[8.9118263,9.8631482],[8.9118847,9.8633328],[8.9120875,9.8634297],[8.9122534,9.8634267],[8.9124869,9.8635387],[8.9125914,9.8636597],[8.912828,9.8637627],[8.9128986,9.8639201],[8.9130154,9.8640139],[8.9130338,9.8641865],[8.9131414,9.864356],[8.9130799,9.8644286],[8.9129324,9.8643197],[8.9127972,9.8641199],[8.9127051,9.8641138],[8.9126528,9.8641592],[8.9125484,9.8642561],[8.9124593,9.864244],[8.9124009,9.8644044],[8.9122442,9.8644286],[8.9120936,9.8643772],[8.9119922,9.8642803],[8.9119615,9.8640805],[8.9120721,9.8639806],[8.9121581,9.8638081],[8.9121243,9.8636597],[8.912195,9.8634721],[8.9120567,9.8635205]],[[8.9258557,9.8440771],[8.9256304,9.8436965],[8.9253182,9.8434618],[8.9250392,9.8433667],[8.9249759,9.8432102],[8.925168,9.8429967],[8.9251154,9.8427768],[8.9250832,9.8425231],[8.9249641,9.8422567],[8.9248139,9.8420982],[8.9247066,9.8418339],[8.9245564,9.8417388],[8.9243848,9.8417493],[8.9242453,9.8415062],[8.9242786,9.841244],[8.9249427,9.8408508],[8.9250822,9.8410622],[8.92533,9.8412546],[8.9254684,9.8416436],[8.9254577,9.8418128],[8.9255875,9.842058],[8.9257473,9.8424047],[8.9256937,9.8428699],[8.9258021,9.843168],[8.9260488,9.8434428],[8.9262194,9.843631],[8.9263278,9.8438762],[8.9263589,9.8440855],[8.9264887,9.8443096],[8.9265305,9.8445506],[8.9263052,9.8445718],[8.9259941,9.8445718],[8.9258235,9.8444153],[8.9258557,9.8440771]]]]}},{"type":"Feature","properties":{"kind":"water","id":"water:jos-south","localUnitId":"jos-south","name":"Mapped water in Jos South"},"geometry":{"type":"MultiPolygon","coordinates":[[[[8.8613528,9.6780307],[8.8611802,9.6781668],[8.8611779,9.6783483],[8.8613229,9.6783256],[8.8615254,9.6781872],[8.8615139,9.6780874],[8.8613528,9.6780307]]],[[[8.860808,9.6786067],[8.8606784,9.6784434],[8.8607936,9.6782589],[8.860844,9.6781737],[8.8608512,9.6777975],[8.8607288,9.6778685],[8.8605704,9.6779111],[8.8605416,9.6780672],[8.8606496,9.6781808],[8.8605632,9.678266],[8.8605416,9.6781737],[8.8604336,9.6780672],[8.8602247,9.678195],[8.8600231,9.6781311],[8.8595479,9.6785925],[8.8595263,9.6790894],[8.8595479,9.6792455],[8.8596847,9.6793591],[8.8599079,9.6793662],[8.8600231,9.6795792],[8.8601815,9.6794301],[8.8603183,9.6795437],[8.860592,9.6795863],[8.8606856,9.6795295],[8.8610312,9.679423],[8.8613048,9.6796501],[8.8614633,9.679643],[8.8616289,9.6797921],[8.8619745,9.6797708],[8.8619961,9.6796146],[8.8618161,9.6795934],[8.8619457,9.6794869],[8.8618881,9.679423],[8.8618017,9.6791959],[8.8613697,9.6791178],[8.8613985,9.6788835],[8.8611752,9.6788197],[8.861132,9.6784718],[8.8609592,9.6785073],[8.860808,9.6786067]]],[[[8.847975,9.6876395],[8.8488824,9.6884346],[8.8494874,9.6876395],[8.850294,9.6876395],[8.852008,9.6858506],[8.8511006,9.6838628],[8.8503948,9.684161],[8.8499915,9.6857512],[8.847975,9.6876395]]],[[[8.8614086,9.6919449],[8.8614086,9.6918989],[8.8613053,9.6918759],[8.861082,9.6918824],[8.8607221,9.6916098],[8.8604521,9.6915342],[8.8599722,9.6915802],[8.8595957,9.6919153],[8.8601222,9.6918956],[8.8604155,9.6918266],[8.8606854,9.691981],[8.8607754,9.6921354],[8.860902,9.6920303],[8.8610353,9.6920631],[8.8612053,9.6920138],[8.8614086,9.6919449]]],[[[8.8551631,9.6945243],[8.8554419,9.6945625],[8.8556742,9.6944785],[8.8560303,9.6939137],[8.8563942,9.6939061],[8.8565026,9.6936313],[8.8568898,9.6935626],[8.8572614,9.6932345],[8.8575479,9.6932345],[8.8578189,9.6929215],[8.8577105,9.6926773],[8.8575557,9.6925704],[8.8573621,9.6927307],[8.8573544,9.6928803],[8.8570129,9.6929779],[8.8559067,9.6938804],[8.8557533,9.6938535],[8.8556395,9.6939267],[8.8555158,9.6938487],[8.8551792,9.6938145],[8.8550481,9.694078],[8.8551743,9.6942609],[8.8551631,9.6945243]]],[[[8.7124202,9.7269579],[8.7123025,9.7268593],[8.7122496,9.7266099],[8.7121378,9.7264417],[8.7119612,9.7264649],[8.7117376,9.7265113],[8.7116435,9.7263721],[8.7115611,9.7261517],[8.7114375,9.7259139],[8.7112669,9.7257457],[8.7110609,9.7257225],[8.7107902,9.7257805],[8.7106254,9.7259313],[8.7103253,9.7262039],[8.710037,9.7264301],[8.7098899,9.7266969],[8.7098134,9.7269927],[8.7096604,9.7273407],[8.7094367,9.7275263],[8.7091072,9.7276191],[8.7089307,9.7278628],[8.7091425,9.7280773],[8.7093426,9.7282629],[8.7095544,9.7284195],[8.7097604,9.7286225],[8.7100193,9.7288081],[8.7103077,9.7289995],[8.7104783,9.7292083],[8.7106666,9.7293591],[8.7108902,9.7295447],[8.7110844,9.7297187],[8.7114257,9.7298695],[8.7114787,9.7296143],[8.7115611,9.7294751],[8.7116317,9.7292953],[8.7116964,9.7290517],[8.7117259,9.7288893],[8.7118494,9.7286979],[8.7120142,9.7285355],[8.7121319,9.7282571],[8.712279,9.7280367],[8.7123732,9.7277467],[8.7124379,9.7275321],[8.7124555,9.7272537],[8.7124202,9.7269579]]],[[[8.8101357,9.7424735],[8.8109511,9.741839],[8.8098782,9.7420082],[8.8088482,9.7423466],[8.8077753,9.7419236],[8.8064879,9.7414584],[8.8049858,9.74112],[8.8041275,9.7410354],[8.8040417,9.7419236],[8.8037413,9.7431502],[8.8047284,9.7440384],[8.8053721,9.7434886],[8.8057412,9.7439348],[8.8066424,9.7437656],[8.8080328,9.743827],[8.8094061,9.7434463],[8.8101357,9.7424735]]],[[[8.8607531,9.7500547],[8.8608282,9.7500864],[8.8609784,9.7501076],[8.8611071,9.7501076],[8.8612144,9.7501393],[8.861311,9.7501922],[8.8614612,9.7502662],[8.8615684,9.7501393],[8.8616704,9.7500161],[8.8615363,9.7499596],[8.8615577,9.7498327],[8.8613968,9.7497481],[8.8612895,9.7496212],[8.8612466,9.7493886],[8.8611661,9.7492019],[8.8610427,9.7492511],[8.8608228,9.7493923],[8.8606994,9.749452],[8.8605707,9.7496212],[8.8606672,9.7498221],[8.8607423,9.7499067],[8.8607531,9.7500547]]],[[[8.8575881,9.7496],[8.85747,9.7496212],[8.8573681,9.7496989],[8.8573413,9.749875],[8.857529,9.7499315],[8.8576739,9.7500759],[8.8577812,9.7501816],[8.8578294,9.7502276],[8.8579636,9.7501393],[8.8580387,9.750023],[8.8580816,9.749875],[8.8580011,9.7497518],[8.8578831,9.7496883],[8.8577543,9.749646],[8.8575881,9.7496]]],[[[8.8654625,9.7542946],[8.8655269,9.75421],[8.8655269,9.7541465],[8.8655698,9.7541254],[8.8655698,9.7541042],[8.8655055,9.7540196],[8.8654411,9.7539774],[8.8654411,9.7538928],[8.8653874,9.7537976],[8.8652694,9.7537447],[8.8652372,9.7536919],[8.8651085,9.7536496],[8.8651085,9.753713],[8.8650441,9.7536707],[8.8650012,9.7536707],[8.864969,9.7535544],[8.8649368,9.7535227],[8.8648725,9.7535227],[8.8645291,9.7533958],[8.8644433,9.7534592],[8.8643682,9.7534698],[8.8643038,9.7535967],[8.8643253,9.7536601],[8.8644326,9.7537659],[8.8644326,9.7538082],[8.8644648,9.753861],[8.8644755,9.7539562],[8.8643146,9.754136],[8.8642609,9.7541677],[8.8642395,9.75421],[8.8642395,9.7543157],[8.8642609,9.7544003],[8.8643038,9.7544426],[8.8643038,9.7545695],[8.8643253,9.7545906],[8.8643253,9.7546329],[8.8643897,9.7547175],[8.8644111,9.7547598],[8.8644111,9.7548021],[8.864454,9.7548867],[8.8644969,9.754929],[8.8645077,9.7549819],[8.8646364,9.7549607],[8.8646793,9.7549819],[8.8647652,9.7550876],[8.864851,9.7550664],[8.8648939,9.7550242],[8.8649368,9.7550242],[8.8652158,9.7547069],[8.8654089,9.7545801],[8.865484,9.754506],[8.8655055,9.7544214],[8.8654625,9.754358],[8.8654625,9.7542946]]],[[[8.8016814,9.7553313],[8.8018101,9.7566848],[8.8022221,9.7583575],[8.80278,9.7596686],[8.8021105,9.7607027],[8.8011235,9.7611257],[8.800866,9.7616755],[8.8019818,9.7619293],[8.8042992,9.762183],[8.805415,9.7620561],[8.8059729,9.7618447],[8.8064879,9.7616332],[8.8067025,9.7610834],[8.8062733,9.7606181],[8.8061446,9.7600683],[8.8063162,9.7591378],[8.806445,9.7582497],[8.8058441,9.7580382],[8.8052863,9.7579113],[8.8048571,9.75715],[8.8042992,9.7563464],[8.8040417,9.7556697],[8.8039988,9.754993],[8.8034838,9.7548661],[8.8030976,9.7543163],[8.8027113,9.7537664],[8.8024109,9.7531743],[8.8019389,9.7524553],[8.801338,9.7528359],[8.801338,9.7537664],[8.8016814,9.7553313]]],[[[8.8648725,9.7601999],[8.8648885,9.7602158],[8.8648885,9.7603004],[8.8649261,9.7603268],[8.8649583,9.7603163],[8.8650119,9.7603163],[8.8650441,9.7602845],[8.8650763,9.760274],[8.8651407,9.7602634],[8.8651514,9.7602528],[8.8651836,9.7602528],[8.865248,9.7602211],[8.8652694,9.7601999],[8.8653553,9.7601576],[8.865366,9.7601682],[8.8653821,9.7601524],[8.8653821,9.7600149],[8.8653284,9.7599726],[8.865307,9.7599197],[8.8653499,9.7598774],[8.8653499,9.7598457],[8.8653928,9.7597823],[8.8653821,9.7597611],[8.8653928,9.75974],[8.8653928,9.7597188],[8.8653821,9.7597083],[8.8653821,9.7596766],[8.8654035,9.7596237],[8.8653606,9.7595497],[8.8653123,9.7595021],[8.8652909,9.7595021],[8.8652533,9.7594651],[8.8652426,9.7594334],[8.8651782,9.7593805],[8.8652104,9.759317],[8.8652104,9.7592219],[8.8652748,9.7591373],[8.8652641,9.759095],[8.8652641,9.7590739],[8.8652748,9.7590527],[8.8652641,9.7590421],[8.8652641,9.7589893],[8.8652533,9.7589787],[8.8652533,9.7589575],[8.8652748,9.7589258],[8.8652533,9.7588941],[8.8652533,9.7588201],[8.8652372,9.7588148],[8.8651675,9.7587461],[8.8651675,9.7587144],[8.8651514,9.7586985],[8.8650978,9.7586668],[8.8650548,9.7586668],[8.8650441,9.7586562],[8.8650227,9.7586668],[8.8649583,9.7586668],[8.8649207,9.7586932],[8.8649315,9.7587249],[8.8649046,9.7587514],[8.8648725,9.7587302],[8.864851,9.7587619],[8.8648295,9.7587725],[8.8647866,9.7587619],[8.8647008,9.7587831],[8.8646579,9.7588042],[8.864615,9.7587937],[8.8646042,9.7588042],[8.8645613,9.7588042],[8.8645506,9.7588571],[8.8645077,9.7588782],[8.8644648,9.7588782],[8.864395,9.7589258],[8.8643843,9.7589787],[8.8643199,9.7590421],[8.864277,9.7591267],[8.8642877,9.7591373],[8.8642555,9.7591796],[8.8642555,9.7592007],[8.8642448,9.7592113],[8.8642555,9.7592536],[8.8642555,9.7593382],[8.8642448,9.7594016],[8.8642126,9.7594757],[8.8642126,9.7595179],[8.8641804,9.7595814],[8.864159,9.7596025],[8.864159,9.75974],[8.8641804,9.7597717],[8.8641697,9.7598034],[8.8641912,9.7598352],[8.8642019,9.7599092],[8.8642395,9.7599462],[8.8642824,9.7599568],[8.8643199,9.7599938],[8.8643575,9.7600731],[8.8644004,9.7601154],[8.864454,9.7601365],[8.8644755,9.7601365],[8.8645345,9.7601841],[8.8645345,9.7601947],[8.8645828,9.7602422],[8.8646364,9.7602528],[8.8646472,9.760274],[8.8647008,9.7603057],[8.8647544,9.7603057],[8.8647759,9.7602845],[8.8648081,9.760274],[8.8648349,9.7602475],[8.8648456,9.7602158],[8.8648725,9.7601999]]],[[[8.7859671,9.7776365],[8.7857992,9.7777727],[8.7857202,9.7780257],[8.7857005,9.7782397],[8.78574,9.7784051],[8.7858881,9.7784149],[8.7858683,9.7781522],[8.7860164,9.7781327],[8.7860855,9.7780452],[8.7861744,9.7778408],[8.786283,9.777656],[8.7864113,9.7777727],[8.7865693,9.7777046],[8.78651,9.777403],[8.7864706,9.7772084],[8.7861744,9.7771695],[8.7861546,9.7770917],[8.786283,9.7769749],[8.7863718,9.7769166],[8.7863225,9.776722],[8.7864804,9.7764204],[8.7864311,9.7763231],[8.7861842,9.7763523],[8.7860559,9.7763912],[8.7859473,9.7765663],[8.7859177,9.7768582],[8.7859078,9.7770917],[8.7857696,9.7774614],[8.7859671,9.7776365]]],[[[8.7864903,9.7782689],[8.7863225,9.7784246],[8.7861349,9.7788916],[8.786046,9.779271],[8.7860065,9.7795824],[8.7861744,9.7797186],[8.7866186,9.7796796],[8.786747,9.7794559],[8.786668,9.7791251],[8.7865989,9.7789986],[8.7866483,9.7786094],[8.7867174,9.7785705],[8.7865594,9.7785219],[8.7865594,9.7783468],[8.7864903,9.7782689]]],[[[8.7878872,9.7809572],[8.7874156,9.7806527],[8.787009,9.7809091],[8.787009,9.7810693],[8.7872692,9.781486],[8.7875457,9.7819187],[8.787936,9.7823995],[8.7881474,9.7829123],[8.7880498,9.7831366],[8.7878872,9.7836174],[8.7882937,9.7844988],[8.788619,9.7851077],[8.7888954,9.7854443],[8.7892857,9.7855565],[8.7897573,9.7853161],[8.7898223,9.7851398],[8.7899362,9.7851238],[8.7903102,9.7850436],[8.7900337,9.784643],[8.7898549,9.784002],[8.7894808,9.7834411],[8.7890418,9.7830405],[8.7889442,9.7824315],[8.7887003,9.7819668],[8.788375,9.7813899],[8.7880335,9.7812616],[8.7878872,9.7809572]]],[[[8.8605379,9.7857234],[8.8605886,9.7857935],[8.8606291,9.7858714],[8.8606827,9.7859084],[8.8607847,9.7859243],[8.8608598,9.7859296],[8.8609158,9.7859098],[8.8609617,9.7858926],[8.8610207,9.7858979],[8.8610982,9.7858781],[8.8611787,9.7858305],[8.861227,9.7857882],[8.8612246,9.7857234],[8.8611709,9.7856388],[8.8611519,9.7855714],[8.8611626,9.7855027],[8.8611977,9.785438],[8.8612752,9.7853653],[8.8613021,9.7853018],[8.8613611,9.7852384],[8.8614255,9.7851803],[8.8614499,9.7851314],[8.8614606,9.7850732],[8.8614445,9.7850151],[8.8614094,9.7849582],[8.8613748,9.7848776],[8.8613372,9.7848247],[8.8612621,9.7847983],[8.861187,9.7847877],[8.8611334,9.7848089],[8.8609939,9.784793],[8.8609295,9.784793],[8.8608759,9.7848406],[8.8607793,9.7848829],[8.8606667,9.784941],[8.8605862,9.7850098],[8.8605379,9.7850626],[8.8605057,9.7850838],[8.8604413,9.7850732],[8.8603502,9.7850362],[8.8602751,9.7849622],[8.860157,9.7849093],[8.8600551,9.7848565],[8.8599907,9.7848353],[8.8599264,9.78483],[8.8598727,9.7848406],[8.8597923,9.784904],[8.8597386,9.7849939],[8.8597011,9.7850415],[8.859685,9.7851155],[8.8596581,9.7851419],[8.8596176,9.7851485],[8.8595669,9.7851261],[8.8595294,9.7851102],[8.8594918,9.7851208],[8.859446,9.7851908],[8.8594007,9.7853164],[8.8593494,9.7854921],[8.8593255,9.7856177],[8.8593363,9.785697],[8.8593655,9.7857459],[8.8594031,9.7858305],[8.8594543,9.7859084],[8.8595187,9.785956],[8.8595991,9.7859719],[8.8596367,9.7859455],[8.8596927,9.7859151],[8.8597357,9.7858833],[8.859803,9.7858714],[8.8598644,9.7858516],[8.859918,9.785804],[8.85998,9.7857657],[8.8600575,9.7857512],[8.8601302,9.7857393],[8.8602131,9.7857353],[8.8602721,9.7857618],[8.8603204,9.7857776],[8.8603633,9.7857618],[8.8603984,9.7857023],[8.8604199,9.7856441],[8.8604813,9.7856296],[8.8605242,9.7856825],[8.8605379,9.7857234]]],[[[8.7908663,9.7877856],[8.7907464,9.7878505],[8.7908483,9.7880395],[8.7909802,9.788199],[8.7909802,9.7883349],[8.7908843,9.7885061],[8.7909382,9.7886243],[8.7908123,9.7886833],[8.7907644,9.7886302],[8.7906565,9.7885357],[8.7905366,9.7885061],[8.7904767,9.7886892],[8.7904647,9.7887719],[8.7907045,9.7889196],[8.7907764,9.7890495],[8.7907524,9.7891913],[8.7906505,9.7893744],[8.7907464,9.7895929],[8.7908543,9.7897347],[8.791124,9.7896992],[8.7912559,9.7896283],[8.7914117,9.7895397],[8.7914537,9.7894334],[8.7914657,9.7893212],[8.7914057,9.7892208],[8.7912619,9.7891736],[8.7912799,9.7890495],[8.7913757,9.7888192],[8.7913518,9.7887129],[8.7913218,9.7886715],[8.7912019,9.7884648],[8.7910881,9.7883349],[8.7910641,9.7881636],[8.7910161,9.787886],[8.7908663,9.7877856]]],[[[8.7962391,9.7931248],[8.7963692,9.7929806],[8.796418,9.7928363],[8.7966945,9.7927883],[8.7967107,9.7925479],[8.7964993,9.7922755],[8.7966457,9.7922114],[8.7966619,9.7920832],[8.7969384,9.7918909],[8.7967717,9.7915406],[8.7967683,9.791165],[8.7965081,9.7909887],[8.7964105,9.7904438],[8.7965081,9.789931],[8.7964593,9.7897708],[8.7960527,9.7896746],[8.7958901,9.7893221],[8.7961991,9.789274],[8.7964268,9.7889054],[8.7962967,9.7886651],[8.7961015,9.7882965],[8.7958088,9.7882003],[8.7958088,9.78796],[8.7956137,9.7879119],[8.7953535,9.78796],[8.7951421,9.7881202],[8.7947843,9.7879279],[8.7944266,9.7878157],[8.7942639,9.7875433],[8.79402,9.7876074],[8.794059,9.7879593],[8.7938639,9.7879913],[8.7941241,9.7886323],[8.7941403,9.789033],[8.793994,9.7893374],[8.7942054,9.78969],[8.794059,9.7898823],[8.7941078,9.7901387],[8.7942455,9.790584],[8.7942379,9.7908438],[8.7941403,9.7909239],[8.7939289,9.7908598],[8.793685,9.7912444],[8.7933272,9.791645],[8.793311,9.7920457],[8.7936037,9.7925104],[8.7939452,9.7927988],[8.7941403,9.7931834],[8.7941729,9.793568],[8.7940753,9.7938725],[8.7944168,9.7943212],[8.7947095,9.7945936],[8.7945316,9.7948875],[8.7948406,9.7947113],[8.7950683,9.7944388],[8.7953285,9.7943747],[8.7957838,9.7944869],[8.7959627,9.7946151],[8.7963692,9.794535],[8.7966457,9.7943587],[8.7967107,9.7942465],[8.7965969,9.7940863],[8.7966782,9.7938139],[8.7964505,9.7938619],[8.7962229,9.7938619],[8.796044,9.793926],[8.7960603,9.7937498],[8.7961903,9.7935094],[8.7963855,9.7933011],[8.7962391,9.7931248]]],[[[8.7966619,9.7947113],[8.7966619,9.7948715],[8.7967758,9.795176],[8.797036,9.7950798],[8.7973124,9.7948234],[8.7976377,9.7947914],[8.7979466,9.7949676],[8.7980605,9.7951279],[8.7982068,9.7949035],[8.7984833,9.7947433],[8.7988248,9.794567],[8.7989223,9.7944068],[8.7988573,9.793878],[8.7986296,9.7937177],[8.7983369,9.7937658],[8.7980767,9.7936696],[8.7980605,9.7934613],[8.7980605,9.7932209],[8.7978653,9.7929966],[8.7976864,9.7930447],[8.7974913,9.7934293],[8.7973124,9.7936055],[8.7972311,9.7941344],[8.7971335,9.7945029],[8.7969059,9.7946151],[8.7966619,9.7947113]]],[[[8.7907814,9.7946964],[8.7906333,9.7945116],[8.7904654,9.7944435],[8.790268,9.7945602],[8.7899126,9.7945602],[8.7896361,9.7946186],[8.7897052,9.7948715],[8.7900113,9.7951439],[8.790189,9.795319],[8.7905148,9.7954066],[8.7907814,9.7954163],[8.7908801,9.7952218],[8.7908702,9.7950564],[8.7908801,9.7948423],[8.7907814,9.7946964]]],[[[8.7944696,9.798339],[8.7943917,9.7984276],[8.7943437,9.7986107],[8.7943939,9.7988088],[8.7944375,9.7989056],[8.7943939,9.7989702],[8.7942701,9.7990132],[8.7942556,9.7991028],[8.7942046,9.7991423],[8.7941683,9.7992785],[8.7941428,9.7993933],[8.7941028,9.7995546],[8.7940664,9.7997016],[8.7941028,9.7997841],[8.7941464,9.7999813],[8.7940773,9.8000208],[8.794121,9.8001427],[8.7941792,9.8001749],[8.7942847,9.8001211],[8.7943793,9.8000996],[8.7944375,9.8000494],[8.7945503,9.8000423],[8.7947213,9.7998451],[8.7948232,9.7997624],[8.7949791,9.7996561],[8.794997,9.7997328],[8.7951229,9.7996856],[8.7951229,9.7995202],[8.7951828,9.7994139],[8.7952068,9.7992426],[8.7951529,9.7989532],[8.7951049,9.7988705],[8.7949851,9.7986875],[8.7948352,9.7984748],[8.7947034,9.7983154],[8.7945295,9.7982681],[8.7944696,9.798339]]],[[[8.7903212,9.8012181],[8.7902224,9.801043],[8.7901928,9.8008873],[8.7902323,9.800683],[8.7898966,9.800683],[8.7897387,9.800576],[8.7898868,9.8001674],[8.7899384,9.8002151],[8.7901197,9.800039],[8.7902283,9.7998347],[8.7902382,9.7996596],[8.7904159,9.7995526],[8.7906726,9.7995331],[8.7908602,9.7994942],[8.791028,9.7993483],[8.7912946,9.7992899],[8.7915019,9.7993678],[8.7919163,9.7992353],[8.7923958,9.7991172],[8.793103,9.7987333],[8.7934087,9.7985443],[8.7937203,9.7984616],[8.7939241,9.7984026],[8.794044,9.7984144],[8.7940979,9.7983022],[8.794056,9.7981722],[8.7939661,9.7981013],[8.7939421,9.7979655],[8.794074,9.797871],[8.7941878,9.7979123],[8.7942238,9.7977588],[8.7941039,9.7976229],[8.7939901,9.7975462],[8.7937803,9.7973985],[8.7937383,9.7972036],[8.7939241,9.7968492],[8.794014,9.7966307],[8.7941399,9.7965598],[8.7942238,9.7964299],[8.7941819,9.7962173],[8.7941339,9.7960814],[8.7937923,9.7960637],[8.7936604,9.7959633],[8.7936484,9.7957093],[8.7934866,9.7955558],[8.7932109,9.7954554],[8.793109,9.795479],[8.7930431,9.7953963],[8.7927734,9.7954613],[8.7925216,9.7954554],[8.7923238,9.7956503],[8.792216,9.7958275],[8.79218,9.7959161],[8.7920242,9.7960401],[8.7918264,9.7960755],[8.7917005,9.7962232],[8.7917485,9.7963118],[8.7916825,9.7964712],[8.7915147,9.7966248],[8.7916526,9.7969024],[8.7915919,9.7970194],[8.7914726,9.7971021],[8.7913886,9.7972632],[8.7914439,9.7974395],[8.7915477,9.7975789],[8.7915103,9.7978594],[8.7911574,9.7981176],[8.7910264,9.7980889],[8.7909099,9.7981391],[8.7908298,9.7980904],[8.7907789,9.798036],[8.7907171,9.7981122],[8.7907899,9.7982144],[8.7907775,9.7984734],[8.7907176,9.7987392],[8.7906157,9.7988573],[8.790256,9.7988455],[8.7899803,9.7988396],[8.7898605,9.7989341],[8.7896087,9.7991408],[8.7897346,9.7994243],[8.7898245,9.7997019],[8.7898065,9.8000208],[8.7895788,9.8003929],[8.7895368,9.8005937],[8.7895428,9.8009009],[8.789357,9.8009894],[8.7894289,9.8012375],[8.7893816,9.8014777],[8.7891087,9.8017502],[8.7891196,9.8018255],[8.7891306,9.801951],[8.7890723,9.8020729],[8.7891524,9.8021698],[8.7892142,9.8021733],[8.7892543,9.8022164],[8.7892579,9.8023526],[8.7893307,9.8024602],[8.7893052,9.8025857],[8.7891269,9.802618],[8.7891233,9.8027434],[8.7892324,9.8029658],[8.7891888,9.8031414],[8.7890687,9.8033458],[8.788985,9.8034713],[8.7890323,9.8036363],[8.7891015,9.8037116],[8.7890469,9.8038084],[8.7891597,9.8038872],[8.7891956,9.8037927],[8.7892855,9.8038636],[8.789324,9.8039615],[8.7895807,9.8036599],[8.7895807,9.8034264],[8.789561,9.8030957],[8.7895807,9.8029206],[8.7893833,9.8028427],[8.7894129,9.8025995],[8.7894622,9.8022785],[8.789561,9.8019964],[8.789788,9.8018602],[8.7900349,9.8018213],[8.7902126,9.8015975],[8.7903804,9.8013543],[8.7905877,9.8012181],[8.7905976,9.8009165],[8.7904692,9.8009652],[8.7904594,9.8011597],[8.7903212,9.8012181]]],[[[8.7923167,9.8019421],[8.7923826,9.8018772],[8.7922987,9.8017354],[8.7922927,9.8016409],[8.7923047,9.8015346],[8.7922028,9.8014637],[8.7921069,9.8014696],[8.792035,9.8014696],[8.7919571,9.8015346],[8.7919391,9.8016823],[8.7919691,9.8018476],[8.792035,9.8019894],[8.792077,9.8020484],[8.7921669,9.8021429],[8.7922328,9.8021547],[8.7923227,9.8021547],[8.7923826,9.8021075],[8.7923167,9.8019421]]],[[[8.7875912,9.8055058],[8.7876237,9.8052494],[8.7876562,9.8051533],[8.7877213,9.8049449],[8.788014,9.8049289],[8.7878676,9.8045443],[8.7879164,9.8042559],[8.7877375,9.8041918],[8.7876237,9.8038232],[8.787331,9.8037591],[8.7872497,9.8035668],[8.7869569,9.8037111],[8.7867293,9.803695],[8.7864528,9.803679],[8.7864203,9.8034867],[8.7860138,9.8033265],[8.7859162,9.8031182],[8.7857048,9.8029579],[8.7853871,9.8028791],[8.7848784,9.8028097],[8.7844881,9.8027937],[8.7840653,9.8027616],[8.783675,9.8032103],[8.7833823,9.8038513],[8.7833823,9.8044762],[8.7832359,9.8051012],[8.7831709,9.8059825],[8.7832359,9.8064953],[8.7834326,9.8067132],[8.7834581,9.806828],[8.7835308,9.8069355],[8.7836509,9.8069499],[8.7837055,9.8070825],[8.7836727,9.8072403],[8.7837382,9.8073299],[8.7838365,9.8073515],[8.7838947,9.8072475],[8.784114,9.8072164],[8.7844881,9.8070882],[8.7851519,9.8071883],[8.7854121,9.8074607],[8.7856885,9.8075088],[8.785965,9.8075889],[8.7864528,9.8073486],[8.7869082,9.8071723],[8.7870057,9.8069159],[8.7870708,9.8065954],[8.7874285,9.8064512],[8.7875098,9.8062429],[8.7876562,9.8060346],[8.7874611,9.8058102],[8.7875912,9.8055058]]],[[[8.862665,9.8307631],[8.8627637,9.8305297],[8.8625465,9.8304518],[8.8623589,9.8304616],[8.8621692,9.8304869],[8.8622997,9.8307923],[8.8625267,9.8307923],[8.862665,9.8307631]]],[[[8.8381039,9.8404713],[8.8383399,9.8405404],[8.8386779,9.8402953],[8.8389012,9.8397235],[8.8389075,9.8394281],[8.8386205,9.8393779],[8.8383973,9.8393025],[8.8379062,9.8391768],[8.8376447,9.8390699],[8.8371792,9.8390762],[8.8369241,9.8388689],[8.8365159,9.8384353],[8.836248,9.8378823],[8.8358335,9.8377189],[8.8353424,9.8379702],[8.8347684,9.8380582],[8.8342326,9.838253],[8.8338181,9.8383347],[8.8332696,9.8385107],[8.8330336,9.8392082],[8.832906,9.8397235],[8.8328869,9.8401822],[8.8329698,9.8406095],[8.8330145,9.8408483],[8.8330464,9.8412693],[8.833142,9.8418412],[8.8332823,9.8422308],[8.8335885,9.8423753],[8.833767,9.8423125],[8.8342135,9.8422622],[8.8346791,9.8422056],[8.8350554,9.8421177],[8.8351893,9.8419794],[8.8353232,9.8419103],[8.8355337,9.8418223],[8.8358845,9.8417406],[8.8363373,9.841816],[8.8366371,9.8417092],[8.8368667,9.8418789],[8.8368922,9.8421491],[8.8370325,9.8422056],[8.837447,9.8420611],[8.8378233,9.8418223],[8.837868,9.8414327],[8.8379636,9.8409551],[8.8381039,9.8404713]]],[[[8.8548279,9.8620545],[8.8549093,9.8620803],[8.8550025,9.8620272],[8.8551006,9.8618967],[8.8551889,9.8617372],[8.8553361,9.8617324],[8.8553263,9.8614956],[8.855184,9.8613893],[8.8551497,9.8613313],[8.8551006,9.8611477],[8.8550761,9.8609254],[8.8550908,9.8608384],[8.855135,9.8606983],[8.8551006,9.8605823],[8.8550172,9.8605726],[8.854978,9.8605195],[8.8550074,9.8604566],[8.855135,9.8604518],[8.8551006,9.8602488],[8.855032,9.860186],[8.855081,9.8601232],[8.8550132,9.8600593],[8.8550617,9.8599534],[8.8550617,9.8597415],[8.8550756,9.8594852],[8.8550513,9.8594545],[8.8549958,9.8594066],[8.8549473,9.8593007],[8.8548155,9.8590867],[8.8547253,9.8590525],[8.8546629,9.8590627],[8.8546143,9.859155],[8.8545831,9.8593156],[8.8546352,9.8594591],[8.854708,9.8596334],[8.8547323,9.8598692],[8.85476,9.8601357],[8.8547979,9.8602767],[8.8547996,9.8604236],[8.8547545,9.8604339],[8.8547268,9.8604561],[8.8547146,9.8607841],[8.8547892,9.8608354],[8.8548135,9.8608491],[8.85481,9.8610148],[8.8548093,9.8612505],[8.8548197,9.8613325],[8.854837,9.8613838],[8.8548127,9.8614145],[8.854696,9.8615466],[8.8546873,9.8615996],[8.8546908,9.8616884],[8.8547359,9.8618747],[8.8547585,9.8619623],[8.8547932,9.8620101],[8.8548279,9.8620545]]],[[[8.8701845,9.6747027],[8.8700174,9.6747127],[8.8698833,9.6746553],[8.8698073,9.6744482],[8.8697162,9.6744557],[8.8696883,9.674528],[8.8697137,9.6745904],[8.8696732,9.6746977],[8.8696883,9.67482],[8.8697567,9.6748549],[8.8698655,9.6747975],[8.8700478,9.6748699],[8.8700275,9.6749747],[8.870149,9.6749647],[8.8701288,9.6748599],[8.8701895,9.6748275],[8.8701845,9.6747027]]],[[[8.8688707,9.6748599],[8.8688657,9.6749447],[8.8694023,9.6750745],[8.8696073,9.6750246],[8.8696985,9.6749697],[8.8695694,9.67483],[8.86942,9.6747975],[8.869296,9.6746278],[8.8690986,9.6746029],[8.8690403,9.6744656],[8.8688885,9.6744482],[8.8688151,9.6746154],[8.8688707,9.6748599]]],[[[8.8679823,9.6749422],[8.8679316,9.6751169],[8.8679797,9.6751718],[8.8680152,9.6753465],[8.8680506,9.6754014],[8.8680126,9.6757233],[8.8683594,9.6757507],[8.8683847,9.6753889],[8.868324,9.6753614],[8.8682835,9.6751294],[8.8681671,9.6748549],[8.8680709,9.6748649],[8.8679823,9.6749422]]],[[[8.8703372,9.6760873],[8.8703272,9.6761729],[8.8701534,9.6762223],[8.8700465,9.6761136],[8.8700432,9.6759357],[8.8694183,9.6757941],[8.8696422,9.6762849],[8.8693481,9.6767823],[8.8694183,9.6772533],[8.8696322,9.6772796],[8.8700665,9.6772566],[8.8703539,9.6774443],[8.8706713,9.6773719],[8.8712761,9.6776189],[8.8712628,9.6777638],[8.8713864,9.67781],[8.8716036,9.677721],[8.8717306,9.6773323],[8.8717439,9.6768514],[8.8720146,9.6761202],[8.8719678,9.675748],[8.871353,9.6757151],[8.8713062,9.6756228],[8.8710355,9.6755866],[8.8710289,9.675445],[8.8709019,9.6753066],[8.8709153,9.6752243],[8.8705577,9.6752144],[8.8705143,9.6754417],[8.8701868,9.6755932],[8.8702035,9.6760708],[8.8703372,9.6760873]],[[8.869846,9.6763112],[8.87013,9.6763277],[8.8703071,9.6762849],[8.870541,9.6760774],[8.8706279,9.6760939],[8.8706012,9.676387],[8.8706112,9.6765484],[8.8705744,9.6766769],[8.8704876,9.6765418],[8.8703606,9.6764199],[8.8701868,9.6763804],[8.8698761,9.6763837],[8.869846,9.6763112]],[[8.870471,9.6756968],[8.8704275,9.6755832],[8.8704936,9.6756111],[8.8705654,9.6756353],[8.8704993,9.6757042],[8.870471,9.6756968]],[[8.8709017,9.6757135],[8.8706863,9.6757042],[8.8707241,9.6756539],[8.8708922,9.675639],[8.8709791,9.6757508],[8.8709017,9.6757135]]],[[[8.87793,9.6807188],[8.8782837,9.6809034],[8.8783773,9.6810572],[8.8785437,9.6810572],[8.8786374,9.6812521],[8.8785125,9.6814469],[8.8787518,9.6815187],[8.8789286,9.6810572],[8.8792407,9.6809034],[8.8792824,9.6807188],[8.8794384,9.6806778],[8.8791471,9.6804727],[8.8791055,9.6802266],[8.8786894,9.680124],[8.8785645,9.679478],[8.8786478,9.6793447],[8.8785541,9.6790883],[8.8783773,9.6789755],[8.8782108,9.6785448],[8.8781068,9.6784832],[8.877982,9.677991],[8.8776699,9.6779808],[8.8775138,9.6778987],[8.8775034,9.6777654],[8.8773578,9.6777654],[8.877233,9.6779808],[8.8769833,9.6778167],[8.8769521,9.6774475],[8.8767232,9.6773142],[8.8764111,9.6772629],[8.875943,9.6769963],[8.8758285,9.6768117],[8.8755581,9.6767194],[8.8746842,9.6765245],[8.8743513,9.6766271],[8.8742993,9.6768937],[8.8743409,9.6771091],[8.8744761,9.6771091],[8.8745282,9.6772629],[8.874497,9.6773347],[8.8745906,9.6775295],[8.874757,9.6774783],[8.874809,9.6775603],[8.8752876,9.6778474],[8.8755165,9.6778167],[8.8757141,9.6779397],[8.8758806,9.6778064],[8.8761718,9.6780423],[8.8764839,9.6780936],[8.876588,9.6782884],[8.8767752,9.6783704],[8.8769937,9.6787396],[8.8772225,9.678914],[8.8770561,9.6791703],[8.8774098,9.6792216],[8.8775867,9.67996],[8.8778571,9.6805445],[8.8775971,9.6805855],[8.877545,9.6808111],[8.87793,9.6807188]]],[[[8.8647871,9.745233],[8.8646905,9.7455079],[8.8645993,9.7457548],[8.8644867,9.7459732],[8.8644009,9.7461106],[8.8645081,9.7463538],[8.864653,9.7465902],[8.8649266,9.7466393],[8.8651841,9.7465653],[8.8651465,9.7467911],[8.8652806,9.7469354],[8.865463,9.7470623],[8.8655596,9.7469883],[8.8655971,9.7468228],[8.8655488,9.7465865],[8.8655757,9.7464421],[8.8656991,9.7463221],[8.8657688,9.7462412],[8.8657634,9.7460895],[8.8657634,9.7458463],[8.8657849,9.7456877],[8.8658493,9.7454551],[8.8657581,9.7452578],[8.8656132,9.7451167],[8.8654255,9.7450146],[8.8652216,9.7449301],[8.8651036,9.7451098],[8.8649051,9.7451273],[8.8647871,9.745233]]],[[[8.8812183,9.7465373],[8.8812666,9.7468936],[8.881331,9.7472743],[8.8813739,9.7476761],[8.8813953,9.7480568],[8.8814812,9.7483106],[8.8816957,9.7485855],[8.8817172,9.7483317],[8.8817601,9.7480991],[8.8818245,9.7476761],[8.8819103,9.7473166],[8.8819747,9.7469994],[8.8821034,9.7466822],[8.8820391,9.7464707],[8.8819318,9.7460266],[8.8820605,9.7456882],[8.8822912,9.7452261],[8.8809662,9.745223],[8.8809394,9.7455856],[8.881111,9.7459029],[8.8811754,9.7462624],[8.8812183,9.7465373]]],[[[8.8863548,9.7676304],[8.8861617,9.7675458],[8.8857969,9.767863],[8.8854536,9.7679476],[8.8852176,9.7681379],[8.8850459,9.7680956],[8.8847026,9.7680956],[8.8842734,9.7683916],[8.8839945,9.76873],[8.8840374,9.7690472],[8.8843378,9.7691529],[8.8846597,9.7691952],[8.8851747,9.7688569],[8.8854965,9.7688992],[8.8858613,9.7684762],[8.8861617,9.7679899],[8.8863548,9.7676304]]],[[[8.8856261,9.7696535],[8.885482,9.769592],[8.885338,9.769663],[8.8852084,9.7696961],[8.8850451,9.7697482],[8.8848963,9.769734],[8.8848435,9.7698523],[8.8846322,9.7696961],[8.8844354,9.7697482],[8.8843153,9.7698949],[8.8842145,9.7700605],[8.8843218,9.77042],[8.8845578,9.7705045],[8.8848153,9.77042],[8.8853428,9.7706614],[8.8855541,9.7707324],[8.8857605,9.7707418],[8.8858373,9.770704],[8.8858709,9.7705667],[8.8860534,9.7705478],[8.8862166,9.7704721],[8.886231,9.770297],[8.8862358,9.7701551],[8.8861542,9.7700605],[8.885895,9.7700652],[8.8858565,9.7699564],[8.8858037,9.7698381],[8.8858757,9.7697151],[8.8860198,9.7695352],[8.8860534,9.7694217],[8.8860534,9.7693507],[8.8859718,9.7692939],[8.8858517,9.7692939],[8.8857125,9.7693318],[8.8856261,9.7696535]]],[[[8.8702898,9.7709712],[8.8700293,9.7706631],[8.8698599,9.7704834],[8.8696124,9.770509],[8.869391,9.7704577],[8.8690913,9.7704834],[8.8688699,9.7705989],[8.8688829,9.7709327],[8.868935,9.7712665],[8.8691956,9.7714847],[8.8693649,9.7716388],[8.8695082,9.7716773],[8.8695343,9.7719341],[8.8699381,9.7721138],[8.8700684,9.7720753],[8.8702898,9.7723577],[8.8704461,9.7726145],[8.8706937,9.7726915],[8.8711756,9.7729996],[8.871332,9.7727685],[8.8714232,9.7726401],[8.8714753,9.7722678],[8.8716055,9.772178],[8.8715795,9.7720496],[8.8716837,9.77178],[8.8717749,9.7715232],[8.8714492,9.7713178],[8.8711496,9.7711124],[8.8708369,9.7710354],[8.8705243,9.7712023],[8.8702898,9.7709712]]],[[[8.8837782,9.7827808],[8.8835572,9.7833327],[8.8839499,9.7837535],[8.8847159,9.7843054],[8.8850592,9.7844746],[8.8857094,9.7846839],[8.8863102,9.7848954],[8.8867758,9.7852781],[8.8870398,9.785572],[8.8874196,9.7854896],[8.8875118,9.7848954],[8.8880633,9.7844323],[8.8884538,9.7838804],[8.888883,9.7833729],[8.8894409,9.7829923],[8.8896126,9.7826539],[8.8890547,9.782231],[8.8882393,9.7825271],[8.8877693,9.7828231],[8.8871256,9.7832037],[8.8866965,9.7832883],[8.8860463,9.7829521],[8.8857094,9.7826117],[8.8851944,9.7824425],[8.8846794,9.7823579],[8.8841215,9.7824848],[8.8837782,9.7827808]]],[[[8.8754033,9.7854473],[8.8751458,9.7851089],[8.8744162,9.7851512],[8.87403,9.7848129],[8.8736438,9.7849398],[8.8733433,9.7844746],[8.8727854,9.7845169],[8.8723563,9.7851512],[8.872013,9.7848975],[8.8715409,9.7853627],[8.8714122,9.7857856],[8.8720988,9.7861239],[8.8723563,9.7864623],[8.8728713,9.7860816],[8.8739442,9.7860816],[8.8749312,9.7862085],[8.8752745,9.7859548],[8.8754033,9.7854473]]],[[[8.8899988,9.7866293],[8.8905524,9.7868852],[8.8910245,9.7871389],[8.891239,9.7870543],[8.8914536,9.7865045],[8.8912433,9.7859104],[8.8904709,9.7856143],[8.8902992,9.7854029],[8.8901705,9.78498],[8.889737,9.7853627],[8.8894409,9.7862487],[8.8899988,9.7866293]]],[[[8.8824627,9.7883823],[8.8827869,9.7884914],[8.8830954,9.7885772],[8.8834987,9.7887019],[8.8841788,9.7888733],[8.8843528,9.7889045],[8.8845268,9.788811],[8.8846534,9.7888421],[8.8848748,9.7885304],[8.8848511,9.7882888],[8.8848906,9.7880394],[8.8847245,9.7877121],[8.8841947,9.7871042],[8.8838941,9.7866989],[8.8836648,9.7866755],[8.8833326,9.7869561],[8.8828344,9.7875562],[8.8825734,9.7877121],[8.882431,9.7878835],[8.8825022,9.7879771],[8.882439,9.7881719],[8.8824627,9.7883823]]],[[[8.8912863,9.7876443],[8.891415,9.7881941],[8.8916682,9.7885768],[8.8921016,9.788913],[8.8926982,9.7891266],[8.8929557,9.7886191],[8.892917,9.7880249],[8.892917,9.7873905],[8.8926123,9.7868006],[8.8921875,9.7867985],[8.891754,9.787012],[8.8914579,9.787306],[8.8912863,9.7876443]]],[[[8.8864723,9.7901047],[8.8865831,9.7904086],[8.8871683,9.7902605],[8.887279,9.7901436],[8.8877298,9.7898631],[8.8877694,9.7896682],[8.8876191,9.7893721],[8.8876112,9.7891539],[8.8874767,9.7885538],[8.8875479,9.7881251],[8.8872474,9.7881797],[8.8870022,9.788546],[8.8867571,9.788468],[8.886504,9.7884135],[8.8863221,9.7886707],[8.8861006,9.7887019],[8.8858397,9.788811],[8.8856815,9.7890448],[8.8856736,9.7892552],[8.8859504,9.7895669],[8.886156,9.7897306],[8.8864723,9.7901047]]],[[[8.8877694,9.7913672],[8.8880066,9.7910866],[8.8880145,9.7908373],[8.8880303,9.7903307],[8.8879987,9.7899956],[8.8876665,9.7901047],[8.8873897,9.7902917],[8.8872157,9.7904242],[8.8870497,9.7905099],[8.8867491,9.7905567],[8.8869231,9.7907359],[8.8869627,9.7911022],[8.8871208,9.7911646],[8.8873976,9.7913282],[8.8875005,9.7913828],[8.8875558,9.7914685],[8.8876982,9.7915776],[8.8877694,9.7913672]]],[[[8.8739519,9.8002126],[8.8738778,9.8000919],[8.8738543,9.7999358],[8.8739482,9.7998433],[8.8738583,9.7993184],[8.8737487,9.7992883],[8.8737898,9.7991495],[8.8737077,9.7990512],[8.8736438,9.7989364],[8.8735727,9.7988258],[8.8734789,9.798739],[8.8734261,9.7985829],[8.8733146,9.7984269],[8.8732832,9.7982633],[8.8732735,9.7980973],[8.873074,9.7981378],[8.872898,9.798184],[8.8727103,9.7982303],[8.8725869,9.7982247],[8.8724815,9.7981378],[8.87237,9.7981609],[8.8723818,9.7982534],[8.8724463,9.7983228],[8.8723935,9.7984731],[8.8724228,9.7985714],[8.8724949,9.7986585],[8.8725226,9.7988084],[8.8725754,9.7989529],[8.8725578,9.7990512],[8.8726692,9.7991958],[8.8726978,9.7994894],[8.8727279,9.7996294],[8.87281,9.7997045],[8.8729025,9.8001508],[8.8730036,9.800219],[8.8730212,9.8003809],[8.8730799,9.8004676],[8.873121,9.8006469],[8.8732575,9.8007563],[8.8733557,9.8008203],[8.8736079,9.8007567],[8.8737296,9.8006717],[8.8738367,9.8006006],[8.8738895,9.8003462],[8.8739519,9.8002126]]],[[[8.8958739,9.8011369],[8.8960526,9.8011863],[8.8961699,9.8008857],[8.8960174,9.8007469],[8.8959529,9.8006544],[8.8960675,9.8005335],[8.8958414,9.8004463],[8.8957241,9.8002729],[8.8953203,9.7998661],[8.894979,9.7997468],[8.8949848,9.7996196],[8.8949027,9.7994982],[8.8946766,9.7991472],[8.8940328,9.7985974],[8.893432,9.7980053],[8.8932013,9.7976424],[8.8930136,9.797573],[8.8928312,9.7977516],[8.8927202,9.7981107],[8.8927025,9.7985128],[8.8926381,9.7987235],[8.8926694,9.798926],[8.8927672,9.7989952],[8.8929197,9.7991166],[8.8929608,9.7992785],[8.8929842,9.7994808],[8.893037,9.7996601],[8.8931602,9.7998451],[8.8932717,9.7999722],[8.8933678,9.8000431],[8.8934008,9.8001457],[8.8936941,9.8002787],[8.8935944,9.8004405],[8.8936061,9.800614],[8.8938439,9.8006236],[8.8938525,9.800903],[8.8939581,9.8010533],[8.8942903,9.8012193],[8.8944861,9.8013251],[8.8946429,9.8012479],[8.8951432,9.8016199],[8.895449,9.8015576],[8.8957534,9.8014349],[8.8958739,9.8011369]]],[[[8.8992893,9.8034018],[8.8993847,9.8034222],[8.8994013,9.8035121],[8.8994759,9.8034508],[8.8995423,9.8034672],[8.8995879,9.8033486],[8.8995838,9.8032423],[8.8994925,9.8032505],[8.8993598,9.803132],[8.8993556,9.8030625],[8.8992893,9.8030175],[8.8992478,9.8029398],[8.8992063,9.8029521],[8.8991607,9.8030339],[8.8990072,9.8030625],[8.8990735,9.8031074],[8.8990735,9.8031524],[8.899003,9.8033609],[8.8989864,9.8034386],[8.8991067,9.8034713],[8.8991855,9.8033977],[8.8992893,9.8034018]]],[[[8.898472,9.8032914],[8.8986338,9.8033037],[8.8988454,9.8033037],[8.898862,9.8032055],[8.8987707,9.8031565],[8.8986628,9.8031524],[8.8985176,9.803181],[8.8984637,9.8031933],[8.898472,9.8032914]]],[[[8.9018183,9.8042487],[8.9019473,9.8043296],[8.9020881,9.804451],[8.9022231,9.8043412],[8.9023052,9.8040348],[8.9022407,9.803896],[8.9020177,9.8037515],[8.9018535,9.8035954],[8.9015484,9.8035607],[8.9014017,9.8034913],[8.9012081,9.8034971],[8.900991,9.8035202],[8.9008033,9.8034913],[8.9005276,9.803474],[8.9002812,9.8033757],[8.9000817,9.8034335],[8.8998294,9.8035954],[8.8995361,9.8040174],[8.8995478,9.8041677],[8.899583,9.8044568],[8.899759,9.8045088],[8.8999174,9.8046418],[8.9000582,9.8047112],[8.9002812,9.8047748],[8.9004689,9.8049829],[8.900639,9.805243],[8.9009676,9.8052315],[8.9012257,9.8051794],[8.9015308,9.8050927],[8.9016716,9.8050696],[8.9016129,9.8050002],[8.9016364,9.8048788],[8.901566,9.8047516],[8.9013665,9.8046707],[8.9013372,9.8045724],[8.9013841,9.8044857],[8.9014663,9.8044915],[8.9016129,9.8043469],[8.9016833,9.804399],[8.9018124,9.8044799],[8.9017185,9.8042602],[8.9018183,9.8042487]]],[[[8.8960501,9.8343144],[8.8959751,9.8343448],[8.8958717,9.8344268],[8.8958444,9.8344467],[8.8957955,9.8345139],[8.8957496,9.8346709],[8.8957307,9.8347804],[8.8958261,9.8349153],[8.8958925,9.8349889],[8.8960128,9.8349929],[8.8961615,9.835013],[8.8962262,9.8349212],[8.8962388,9.8347749],[8.896238,9.8346249],[8.8962305,9.8345167],[8.8960501,9.8343144]]],[[[8.9015049,9.8579995],[8.9016524,9.8579631],[8.901849,9.8579026],[8.9020518,9.8577754],[8.9021931,9.8575938],[8.9021808,9.8574182],[8.9020579,9.8573214],[8.9019043,9.8572366],[8.9016769,9.8572366],[8.9014311,9.8572003],[8.9013205,9.8571942],[8.9011177,9.8570671],[8.9009641,9.8570731],[8.9007859,9.8572305],[8.9007121,9.8574546],[8.9007859,9.8576725],[8.9009395,9.8577391],[8.90113,9.8578239],[8.9013328,9.8579086],[8.9015049,9.8579995]]],[[[8.8932003,9.8584452],[8.8932679,9.8582636],[8.8933417,9.8580457],[8.8932679,9.8579004],[8.8931266,9.8578519],[8.892973,9.8580214],[8.8928316,9.858082],[8.8928132,9.8579367],[8.8929176,9.8578216],[8.8929115,9.8576582],[8.8928193,9.8575492],[8.892678,9.8576158],[8.8926227,9.8573676],[8.8925059,9.8571193],[8.8922785,9.8570588],[8.8921864,9.856974],[8.8920696,9.8569498],[8.892002,9.8570588],[8.8918607,9.857083],[8.8917439,9.8572223],[8.8916333,9.8572889],[8.8914858,9.8573252],[8.8912584,9.8573676],[8.8911294,9.8573312],[8.8910004,9.8574039],[8.8908652,9.8574947],[8.8908713,9.8576763],[8.890902,9.8578761],[8.8908959,9.8580457],[8.8908959,9.8581667],[8.8909758,9.8582455],[8.891154,9.8583605],[8.8912462,9.8583242],[8.8912584,9.8584755],[8.8914428,9.8584816],[8.8915534,9.8583121],[8.8916702,9.8584029],[8.8917685,9.8582576],[8.8920204,9.8583242],[8.8922048,9.8584029],[8.8924936,9.8583847],[8.8926042,9.8585663],[8.8926964,9.8587843],[8.8929361,9.8589417],[8.893102,9.8589296],[8.8932495,9.8587843],[8.8931143,9.8586995],[8.8930098,9.8585663],[8.8930774,9.8584634],[8.8932003,9.8584452]]],[[[8.890859,9.8589478],[8.8909696,9.8588509],[8.8908897,9.8587904],[8.8906808,9.8588146],[8.890564,9.8589175],[8.8904411,9.8590749],[8.890521,9.8592142],[8.8906931,9.8591597],[8.8907791,9.8591112],[8.890773,9.8589659],[8.890859,9.8589478]]],[[[8.8730858,9.8630344],[8.8729681,9.8630827],[8.8729779,9.8631842],[8.8730171,9.8632905],[8.8730613,9.8633871],[8.8731299,9.8635562],[8.8733016,9.8636142],[8.8734782,9.8636094],[8.873591,9.8635321],[8.8736351,9.8634161],[8.8736597,9.8632711],[8.8737725,9.8631262],[8.8739049,9.8629764],[8.8739834,9.8630102],[8.8740668,9.8630488],[8.8740913,9.8629474],[8.8740668,9.8628797],[8.8739147,9.8628121],[8.8737529,9.8627396],[8.8735861,9.8626671],[8.8734439,9.8625898],[8.8732231,9.8626236],[8.873125,9.8626961],[8.8731299,9.8627589],[8.8731888,9.8628072],[8.8731937,9.8628942],[8.8730858,9.8630344]]],[[[8.9064783,9.7933958],[8.9069504,9.7934381],[8.9072036,9.7931441],[8.9077228,9.7929729],[8.9081949,9.7930152],[8.9078945,9.7923808],[8.9075512,9.791831],[8.9069074,9.7912813],[8.9062208,9.7909006],[8.9057916,9.7906046],[8.9054054,9.7904355],[8.9050621,9.7904777],[8.9048003,9.7911988],[8.9048904,9.7916196],[8.9057487,9.7918733],[8.9058775,9.7922539],[8.9054483,9.7925077],[8.9057487,9.7930997],[8.9064783,9.7933958]]],[[[8.9074986,9.8021002],[8.9073404,9.8023496],[8.9073799,9.8025678],[8.907459,9.8025912],[8.9075935,9.8026224],[8.9078149,9.8024197],[8.9079573,9.8021937],[8.9078149,9.80196],[8.9076805,9.8019755],[8.9075697,9.8018664],[8.9074669,9.8019132],[8.9074037,9.8019522],[8.9074986,9.8021002]]],[[[8.9057932,9.8022762],[8.9058576,9.8024665],[8.9060293,9.8026568],[8.9064584,9.8024242],[8.9065657,9.8021916],[8.9062867,9.801959],[8.9059863,9.8018322],[8.9058147,9.801959],[8.9057932,9.8022762]]],[[[8.9040756,9.8097386],[8.9043331,9.8097809],[8.9044189,9.809654],[8.9045906,9.8096963],[8.9046335,9.8096117],[8.9046764,9.809654],[8.9047623,9.809654],[8.9048266,9.8095483],[8.9048266,9.8093792],[8.9047837,9.8093369],[8.9047837,9.8091677],[8.9048696,9.8089986],[8.9047408,9.8087025],[8.9047408,9.808618],[8.9045906,9.80847],[8.9044189,9.8084277],[8.9042473,9.8084277],[8.9041185,9.8083008],[8.9040327,9.8083008],[8.903904,9.8081739],[8.9036894,9.8081317],[8.9036465,9.8080471],[8.9035177,9.8080048],[8.9032602,9.8077511],[8.9032173,9.8077511],[8.9031959,9.8076453],[8.9030457,9.8075819],[8.9029813,9.8074339],[8.9028096,9.807307],[8.9027238,9.8068419],[8.9026809,9.8067996],[8.9026809,9.8065459],[8.9025736,9.8065247],[8.9025092,9.806419],[8.9025092,9.806123],[8.9024019,9.8059327],[8.9020801,9.8062921],[8.9020801,9.8063767],[8.9019299,9.8065247],[8.9016509,9.8065459],[8.901608,9.806715],[8.9013934,9.8069687],[8.9013505,9.8071802],[8.9015222,9.8073916],[8.9014792,9.8074339],[8.9015222,9.8075185],[8.9016509,9.8076031],[8.9016938,9.8077722],[8.9020586,9.8081317],[8.9022732,9.8080894],[8.9023805,9.8082797],[8.9025521,9.8084488],[8.902595,9.8087025],[8.9026809,9.8087871],[8.9026809,9.8090831],[8.9025521,9.8092946],[8.9025521,9.809506],[8.9026809,9.8097175],[8.9026809,9.810098],[8.9027882,9.8102038],[8.9029169,9.8102038],[8.9032602,9.8102038],[8.9033675,9.810098],[8.9033675,9.8099712],[8.9037323,9.8096963],[8.9040327,9.8096963],[8.9040756,9.8097386]]],[[[8.9166912,9.8114559],[8.9168185,9.8114089],[8.9169776,9.8112717],[8.916902,9.8110052],[8.9164804,9.8107505],[8.9163611,9.8106721],[8.916377,9.8103193],[8.9166435,9.8100802],[8.9164287,9.8097824],[8.9163094,9.8097941],[8.9160349,9.8101704],[8.9159752,9.8103507],[8.916027,9.8105153],[8.9159116,9.8106681],[8.9157605,9.8107191],[8.9155735,9.8109072],[8.9155894,9.8110091],[8.9160429,9.8110287],[8.916373,9.8111816],[8.9165918,9.8114755],[8.9166912,9.8114559]]],[[[8.9113571,9.811797],[8.9116872,9.8119969],[8.9117946,9.8119146],[8.912077,9.8122124],[8.9122202,9.8122242],[8.9123435,9.8123144],[8.91333,9.8117186],[8.9133379,9.811554],[8.9131311,9.8113698],[8.9130436,9.8114011],[8.9130197,9.8115579],[8.9129004,9.8115775],[8.9127333,9.8114403],[8.9128526,9.8111856],[8.9128248,9.8110131],[8.9124589,9.8108681],[8.9117151,9.8107113],[8.9100524,9.809853],[8.9100524,9.8096805],[8.9096666,9.8096452],[8.9096109,9.8097197],[8.9097899,9.8098098],[8.9094081,9.8098255],[8.9092808,9.8097903],[8.90942,9.8097236],[8.9093683,9.809606],[8.9087,9.8096413],[8.9084495,9.8095864],[8.9082784,9.8094963],[8.9079801,9.8095904],[8.9079006,9.8097432],[8.9078409,9.8100607],[8.9079085,9.8103272],[8.9079642,9.8104174],[8.9084057,9.8105898],[8.9084693,9.8104762],[8.9086006,9.8104801],[8.9088989,9.8107231],[8.9093046,9.8108328],[8.9093603,9.8107819],[8.9093365,9.8107231],[8.9095672,9.8108211],[8.9095632,9.8109739],[8.9096706,9.8109739],[8.9097143,9.8108642],[8.9098535,9.8109034],[8.9097899,9.8110209],[8.9098058,9.8110954],[8.9099092,9.811068],[8.9100604,9.8110837],[8.9102553,9.8112365],[8.9103627,9.8112169],[8.910307,9.8110758],[8.9107366,9.8112914],[8.9107803,9.8114325],[8.9113571,9.811797]]],[[[8.9061839,9.8115419],[8.904862,9.8113146],[8.904637,9.8113534],[8.9045301,9.8115197],[8.9050139,9.8128777],[8.9051883,9.8129498],[8.9059927,9.8130994],[8.9060714,9.8130883],[8.9062964,9.8116361],[8.9061839,9.8115419]]],[[[8.9130774,9.8127987],[8.9131291,9.8126812],[8.913322,9.8126224],[8.9135905,9.8123186],[8.9136303,9.8121775],[8.9136183,9.8119561],[8.913497,9.8119404],[8.9134771,9.8118718],[8.9133717,9.811909],[8.9133717,9.8119874],[8.9133419,9.8121658],[8.9132047,9.8122677],[8.9131351,9.8123676],[8.9129203,9.8124323],[8.9128387,9.8124911],[8.9128208,9.8125538],[8.9127651,9.812589],[8.9127989,9.8126439],[8.9127532,9.8127419],[8.9129024,9.8128634],[8.9129461,9.8128771],[8.9130774,9.8127987]]],[[[8.9143968,9.81531],[8.9146113,9.8154157],[8.9147401,9.8155003],[8.9148366,9.8155954],[8.9148366,9.8157223],[8.9148796,9.8157646],[8.9148796,9.8158069],[8.9149547,9.8158386],[8.9150298,9.8159126],[8.91518,9.8162509],[8.9153087,9.8163989],[8.9153087,9.8164834],[8.9153945,9.8165469],[8.9153945,9.8166103],[8.9157593,9.8170543],[8.9157808,9.81716],[8.9158666,9.8172658],[8.9158666,9.8173292],[8.915931,9.8173503],[8.915931,9.8173926],[8.916049,9.8175512],[8.9162636,9.8176569],[8.9162958,9.8175618],[8.9164245,9.8174138],[8.9164245,9.8172869],[8.9165103,9.81716],[8.9164889,9.8170966],[8.9164889,9.8169909],[8.9163387,9.8167795],[8.9163387,9.8166737],[8.9163816,9.8166103],[8.9162743,9.8165046],[8.9162529,9.8164623],[8.9162314,9.8163354],[8.9161885,9.816272],[8.9161885,9.8162086],[8.916167,9.8161874],[8.9161456,9.8160817],[8.915931,9.8158703],[8.9158666,9.8157646],[8.9158666,9.8157011],[8.9158022,9.8156166],[8.9157808,9.8155108],[8.9155877,9.8152994],[8.9155662,9.8152148],[8.9154804,9.8151514],[8.9154375,9.8150034],[8.9153945,9.8149611],[8.9153945,9.8146862],[8.9153516,9.8146228],[8.9153516,9.8145594],[8.9152443,9.8143691],[8.9152443,9.8143268],[8.9151585,9.8142422],[8.91518,9.8141788],[8.9151585,9.8141577],[8.9151585,9.8141154],[8.9150512,9.8140308],[8.9150298,9.8139251],[8.9149117,9.8137876],[8.9148581,9.8136713],[8.9148366,9.8136291],[8.9147294,9.8135445],[8.9147079,9.8135022],[8.9147079,9.8133965],[8.9148152,9.8132485],[8.9147937,9.8132062],[8.9147937,9.813037],[8.9147723,9.8129313],[8.9147079,9.8128256],[8.9147079,9.8127622],[8.9146006,9.8126142],[8.9146221,9.812297],[8.9147079,9.8122336],[8.9147079,9.8122124],[8.914665,9.8121701],[8.914665,9.8121279],[8.9144397,9.811927],[8.9142251,9.811927],[8.9141285,9.8120856],[8.9141071,9.8122336],[8.9141285,9.8122547],[8.9141285,9.8123816],[8.9140856,9.812445],[8.9140856,9.8125507],[8.9141285,9.812593],[8.9141285,9.8126565],[8.9140749,9.8127093],[8.9138818,9.8127305],[8.913753,9.8128362],[8.9137101,9.8128362],[8.9136243,9.8128785],[8.9134097,9.8130688],[8.9133453,9.8130688],[8.9131415,9.8132485],[8.9131415,9.8133753],[8.9132488,9.8135022],[8.913281,9.8135762],[8.9133668,9.8136396],[8.9134526,9.8136819],[8.9135599,9.8137876],[8.9136243,9.8138299],[8.9136672,9.8138299],[8.9136994,9.8138616],[8.9137423,9.8139885],[8.9137852,9.8141365],[8.9138925,9.8142422],[8.9139569,9.8144114],[8.9141285,9.8145805],[8.9141715,9.8147285],[8.91415,9.8148765],[8.9141715,9.8149188],[8.91415,9.8149611],[8.9141929,9.8150034],[8.9142144,9.8151091],[8.914268,9.8151408],[8.9143324,9.8152254],[8.9143646,9.815236],[8.9143646,9.8152783],[8.9143968,9.81531]]],[[[8.9030994,9.8176307],[8.9030431,9.8177083],[8.903136,9.8178025],[8.9038166,9.8178025],[8.9039375,9.8176889],[8.9038391,9.8172704],[8.9037041,9.8170847],[8.9038222,9.8169406],[8.9037632,9.8166136],[8.903555,9.81645],[8.9037435,9.8164196],[8.9037154,9.8162256],[8.9034566,9.8160842],[8.9034847,9.8159872],[8.9033047,9.8158875],[8.9033975,9.8156962],[8.903271,9.8153443],[8.9034566,9.8148426],[8.9034032,9.8146653],[8.9034932,9.8145295],[8.9034341,9.8144158],[8.9034566,9.8142385],[8.9031641,9.8138615],[8.9030094,9.8134736],[8.9030656,9.8132408],[8.9026691,9.8128112],[8.902385,9.8120463],[8.9021516,9.8118218],[8.9015215,9.811916],[8.9012178,9.8127779],[8.9014062,9.8129276],[8.901319,9.8133156],[8.9010125,9.8133239],[8.900644,9.8137036],[8.900689,9.813856],[8.9008437,9.8137064],[8.901004,9.8139003],[8.9009731,9.8141082],[8.901035,9.814147],[8.9011278,9.8140029],[8.9014822,9.8141137],[8.9016144,9.8145821],[8.9018056,9.8148426],[8.9018872,9.8147345],[8.9018506,9.8146098],[8.9018956,9.8145599],[8.9020278,9.8145433],[8.9019547,9.8147207],[8.9020953,9.814765],[8.9022416,9.8147567],[8.9025763,9.8150449],[8.9029447,9.8155466],[8.902866,9.816087],[8.9031022,9.8168159],[8.90306,9.8173868],[8.9032457,9.8174671],[8.9032513,9.8175835],[8.9030994,9.8176307]]],[[[8.9046662,9.819463],[8.9041769,9.8193337],[8.9041133,9.8192435],[8.9042963,9.8191456],[8.9042048,9.8184597],[8.9039661,9.8184009],[8.9031388,9.8190907],[8.9030234,9.8194787],[8.9035843,9.8203057],[8.9044753,9.8207368],[8.9038627,9.8208426],[8.9041053,9.821309],[8.9043679,9.8213286],[8.9042048,9.8217009],[8.9043241,9.8220733],[8.9044991,9.822281],[8.9053702,9.8228532],[8.9054219,9.8228454],[8.9055094,9.8228101],[8.9055651,9.8226925],[8.9057361,9.822234],[8.9056646,9.8221281],[8.9055373,9.8217401],[8.9053742,9.8217911],[8.9055492,9.8214619],[8.9063288,9.821552],[8.9057242,9.8209367],[8.9052907,9.8207054],[8.90506,9.8205016],[8.9050083,9.82],[8.9046662,9.819463]]],[[[8.909076,9.8230025],[8.9090563,9.8232048],[8.908896,9.8231133],[8.9088088,9.8231327],[8.9088116,9.8233018],[8.9089438,9.8234154],[8.9089101,9.8234847],[8.9090591,9.823748],[8.9092954,9.823723],[8.9091491,9.8234071],[8.9092138,9.8233351],[8.909751,9.8235069],[8.9098523,9.8233295],[8.9101504,9.8232852],[8.9101645,9.8231743],[8.9100463,9.8231355],[8.910111,9.8226976],[8.9101504,9.8223512],[8.9104007,9.8223429],[8.9104739,9.8222237],[8.9107129,9.8223457],[8.9107354,9.8222459],[8.9107157,9.8220769],[8.9107607,9.8218053],[8.9103951,9.8217831],[8.9100379,9.8217],[8.9095738,9.822512],[8.909076,9.8230025]]],[[[8.9086518,9.8255188],[8.9087552,9.8262086],[8.9085881,9.8267024],[8.9087711,9.8269532],[8.9090495,9.8270551],[8.9106724,9.8272903],[8.9114758,9.8281525],[8.9116986,9.8282152],[8.9118895,9.8280193],[8.911619,9.8273216],[8.9116429,9.8268357],[8.9114361,9.8266084],[8.9105928,9.8261537],[8.9103621,9.8257618],[8.9092086,9.8249779],[8.9087552,9.8250093],[8.9084051,9.824829],[8.9083017,9.8247036],[8.908079,9.8247506],[8.9083574,9.8250407],[8.9084688,9.8253542],[8.9086518,9.8255188]]],[[[8.905921,9.8358926],[8.9057893,9.8360745],[8.9058919,9.8363027],[8.9057675,9.8365112],[8.9055642,9.8366951],[8.9054563,9.8368177],[8.9054688,9.8369771],[8.9059832,9.8372714],[8.9061657,9.8373328],[8.9063192,9.8372347],[8.9066179,9.8368136],[8.9066511,9.8366501],[8.9067465,9.8364989],[8.9068253,9.8363722],[8.9068876,9.836176],[8.9069291,9.8361269],[8.9069083,9.8359757],[8.9068253,9.8357999],[8.9067756,9.8356855],[8.9066636,9.8356201],[8.9064727,9.8356651],[8.9064413,9.8358424],[8.9061331,9.8358705],[8.9061087,9.8357711],[8.9062616,9.8356231],[8.9062643,9.8354856],[8.9061114,9.8354803],[8.9059907,9.8355861],[8.9059574,9.8357488],[8.905921,9.8358926]]],[[[8.9146757,9.8406919],[8.9148045,9.8406919],[8.9148688,9.8408822],[8.9148259,9.8409667],[8.9149332,9.8410724],[8.915019,9.8410724],[8.9150834,9.8405862],[8.9151907,9.8403959],[8.9154053,9.8403113],[8.9158344,9.8403536],[8.9164782,9.8403113],[8.9165211,9.840269],[8.9166069,9.840269],[8.9166498,9.8403113],[8.9168644,9.8403113],[8.917079,9.840269],[8.9171219,9.8402268],[8.9172935,9.840269],[8.9178944,9.8400576],[8.9181519,9.8398462],[8.9184523,9.8398462],[8.9184952,9.8398039],[8.9187956,9.8398039],[8.9189672,9.8397193],[8.9192247,9.8397193],[8.9193535,9.8398462],[8.9194393,9.8398462],[8.9195681,9.8398039],[8.9198685,9.8395502],[8.9201689,9.8395079],[8.920598,9.8395079],[8.9206409,9.8394656],[8.9206839,9.8395079],[8.9207697,9.8395079],[8.9208984,9.8394234],[8.9209414,9.8394656],[8.9216709,9.8394656],[8.9217782,9.8393599],[8.9217782,9.8392754],[8.9217353,9.8391062],[8.921628,9.8390005],[8.9213705,9.8389159],[8.921113,9.8388737],[8.9209843,9.8387891],[8.920598,9.8387468],[8.9205122,9.8386622],[8.9197397,9.83862],[8.9194822,9.8387045],[8.9193964,9.8387891],[8.9192247,9.8387468],[8.9191818,9.8387891],[8.9188385,9.8387891],[8.9186239,9.8389582],[8.9184523,9.8390005],[8.9181948,9.8390005],[8.9179373,9.8391274],[8.9175081,9.8390851],[8.9174652,9.8391274],[8.9173365,9.8391274],[8.9172077,9.8391697],[8.917079,9.8393388],[8.9169502,9.8394234],[8.9168215,9.8394656],[8.9163065,9.8394656],[8.9160061,9.8395502],[8.9157915,9.8397193],[8.9156628,9.8397193],[8.9155126,9.8394868],[8.9155126,9.8394022],[8.9153624,9.8392542],[8.9151263,9.8391485],[8.9150834,9.8390217],[8.9148903,9.8388314],[8.9146972,9.8387257],[8.9146972,9.8386411],[8.9146328,9.8385777],[8.9145899,9.83862],[8.9145041,9.8385354],[8.9144182,9.8385354],[8.9142466,9.8383663],[8.9144182,9.8383663],[8.914547,9.8384508],[8.9146328,9.8384508],[8.9146757,9.8384085],[8.9146757,9.8385777],[8.9147615,9.8385354],[8.9148474,9.8385354],[8.9149761,9.83862],[8.915062,9.83862],[8.9152336,9.8385354],[8.9153838,9.8383874],[8.9154696,9.8382183],[8.9154267,9.8379646],[8.9152765,9.837732],[8.9149332,9.8377743],[8.9148903,9.837732],[8.9148045,9.837732],[8.9146972,9.8376263],[8.9146972,9.8374994],[8.9145899,9.8373937],[8.9144182,9.8374783],[8.9142036,9.8374783],[8.9141178,9.8375629],[8.914032,9.8375629],[8.9139032,9.8376474],[8.9136887,9.837436],[8.9136028,9.837436],[8.9134741,9.8373091],[8.9133453,9.8373514],[8.9133024,9.8373091],[8.9132166,9.8373514],[8.9130664,9.8374994],[8.9128304,9.8378588],[8.9125729,9.8379857],[8.9121008,9.8379857],[8.9118862,9.8378588],[8.9116287,9.8376051],[8.9115429,9.8376051],[8.9113712,9.8376474],[8.910985,9.8380703],[8.9109421,9.8380703],[8.9107919,9.8382183],[8.9107275,9.838324],[8.9106846,9.838324],[8.9104056,9.8385988],[8.9103198,9.838768],[8.9101052,9.8389794],[8.9100194,9.8391062],[8.9099765,9.8392331],[8.9098907,9.8393176],[8.9098477,9.8396136],[8.9098907,9.8397828],[8.9100194,9.8399096],[8.9099765,9.8400365],[8.9102125,9.8399308],[8.9108562,9.8403959],[8.9109635,9.8405439],[8.9110494,9.8407553],[8.911221,9.8409244],[8.9113927,9.8413896],[8.9115644,9.8414741],[8.9115214,9.8415164],[8.9116716,9.8417067],[8.9119291,9.8419181],[8.912015,9.8419181],[8.9121866,9.842045],[8.9123583,9.8420027],[8.9126801,9.8416855],[8.9126801,9.8416433],[8.9128947,9.8414318],[8.9130664,9.8410513],[8.9133453,9.8406919],[8.9139032,9.8407764],[8.9139462,9.8408187],[8.9143753,9.8409033],[8.9146757,9.8406919]]],[[[8.9244062,9.8400686],[8.9239771,9.8402694],[8.9240093,9.8404174],[8.9237196,9.8406711],[8.9238698,9.8409565],[8.9241809,9.8409777],[8.9243419,9.8407768],[8.9245575,9.8407472],[8.9246315,9.8403117],[8.9244062,9.8400686]]],[[[8.9258021,9.843168],[8.9256937,9.8428699],[8.9257473,9.8424047],[8.9255875,9.842058],[8.9254577,9.8418128],[8.9254684,9.8416436],[8.92533,9.8412546],[8.9250822,9.8410622],[8.9249427,9.8408508],[8.9242786,9.841244],[8.9242453,9.8415062],[8.9243848,9.8417493],[8.9245564,9.8417388],[8.9247066,9.8418339],[8.9248139,9.8420982],[8.9249641,9.8422567],[8.9250832,9.8425231],[8.9251154,9.8427768],[8.925168,9.8429967],[8.9249759,9.8432102],[8.9250392,9.8433667],[8.9253182,9.8434618],[8.9256304,9.8436965],[8.9258557,9.8440771],[8.9258235,9.8444153],[8.9259941,9.8445718],[8.9263052,9.8445718],[8.9265305,9.8445506],[8.9264887,9.8443096],[8.9263589,9.8440855],[8.9263278,9.8438762],[8.9262194,9.843631],[8.9260488,9.8434428],[8.9258021,9.843168]]],[[[8.914816,9.8444004],[8.915011,9.8444903],[8.9151188,9.8445475],[8.9153387,9.8445312],[8.9153387,9.8445966],[8.915094,9.8446742],[8.9148077,9.8445843],[8.9149156,9.8447642],[8.915152,9.844805],[8.9151105,9.844895],[8.9151562,9.8449972],[8.9153761,9.8450626],[8.91543,9.8451525],[8.9153843,9.845177],[8.9152765,9.8451279],[8.9151064,9.8452914],[8.9150857,9.8454141],[8.9152806,9.8458269],[8.9153595,9.8459781],[8.915458,9.8461203],[8.9156737,9.8460304],[8.9158812,9.8459241],[8.9159558,9.8457606],[8.9159517,9.8455399],[8.9160803,9.8451925],[8.9162089,9.8450862],[8.9162794,9.8448982],[8.9162794,9.8446815],[8.9162545,9.8443872],[8.9161757,9.8442769],[8.9158604,9.8439213],[8.9158521,9.8437537],[8.9157526,9.8436924],[8.9156613,9.8437087],[8.9154995,9.8435779],[8.9153626,9.8433654],[8.9152547,9.843345],[8.9151801,9.843161],[8.9150888,9.8431283],[8.9150639,9.8430466],[8.9150473,9.842973],[8.9149685,9.8429485],[8.914956,9.8428218],[8.9147528,9.8425397],[8.9145744,9.842319],[8.9143628,9.8423027],[8.9143421,9.8421841],[8.9142757,9.8420533],[8.9140807,9.8419511],[8.9139189,9.8418653],[8.9137032,9.8417549],[8.9136161,9.8416855],[8.9134253,9.8415955],[8.9131722,9.8415955],[8.9131349,9.8416855],[8.9126546,9.8421891],[8.9126381,9.8422913],[8.9127791,9.8423362],[8.9130695,9.8425774],[8.9133433,9.8430434],[8.9134429,9.8432723],[8.9136005,9.8433949],[8.9137415,9.8434971],[8.9138162,9.8435134],[8.9138826,9.843354],[8.9139199,9.8432764],[8.9139614,9.8432927],[8.9139407,9.8433949],[8.9139573,9.8434562],[8.9139573,9.8435298],[8.9139075,9.8436687],[8.9139033,9.8438159],[8.9140236,9.8440244],[8.9143265,9.8441674],[8.9144717,9.8444045],[8.9146542,9.844474],[8.9145298,9.8443513],[8.9145215,9.8442369],[8.9146376,9.8442819],[8.914816,9.8444004]]],[[[8.9158104,9.8500578],[8.9160186,9.8499379],[8.9160303,9.8497638],[8.9159754,9.8496632],[8.9160186,9.8494852],[8.91594,9.8493692],[8.9158065,9.8493924],[8.9156652,9.8497715],[8.9155395,9.8497947],[8.9155827,9.8499843],[8.9157319,9.8500307],[8.9158104,9.8500578]]],[[[8.9185031,9.8537415],[8.9182782,9.8533667],[8.9178895,9.8532764],[8.9178062,9.8531615],[8.9175535,9.8531588],[8.9174536,9.8528716],[8.917287,9.8528579],[8.9172509,9.8527047],[8.9170927,9.8525296],[8.9170927,9.8524585],[8.9171732,9.8524175],[8.9172009,9.8523272],[8.9171732,9.8522698],[8.9170094,9.8522534],[8.91694,9.8521604],[8.9170593,9.8521549],[8.9171843,9.851947],[8.9171232,9.851605],[8.9173203,9.8512987],[8.9173037,9.8511564],[8.917126,9.8510853],[8.917026,9.8508555],[8.9170399,9.8506859],[8.9168789,9.8506312],[8.9166345,9.8507735],[8.9166706,9.8508938],[8.9168261,9.8509048],[8.9169205,9.8508501],[8.917001,9.8510552],[8.9168178,9.8512494],[8.9165096,9.8517063],[8.916418,9.8521439],[8.9167262,9.8528251],[8.9168955,9.8529071],[8.9172037,9.8534761],[8.9173842,9.8535144],[8.9176813,9.8539111],[8.9176285,9.8540013],[8.9176313,9.8541135],[8.9177868,9.8542174],[8.9180949,9.8541354],[8.9181893,9.8544253],[8.9181366,9.8545183],[8.9179367,9.8544581],[8.9179256,9.8543761],[8.9177951,9.8543022],[8.9176702,9.854346],[8.9179173,9.8548712],[8.918181,9.8550408],[8.9183865,9.8549916],[8.9184281,9.8549396],[8.9184309,9.8547782],[8.9183559,9.8546305],[8.918392,9.8545293],[8.918342,9.8543022],[8.9184614,9.854015],[8.9185031,9.8537415]]],[[[8.9202472,9.8557098],[8.9201361,9.8557426],[8.920014,9.8559122],[8.9199418,9.8561311],[8.9198196,9.8562733],[8.9198974,9.8563389],[8.9200528,9.8562842],[8.9202194,9.8561092],[8.9201917,9.8559779],[8.9203527,9.8559779],[8.9204304,9.8559067],[8.9204415,9.8557973],[8.9205415,9.855759],[8.9206026,9.8558302],[8.9206525,9.855759],[8.9206248,9.8556223],[8.9206636,9.8555019],[8.9207525,9.8554855],[8.9207914,9.8556168],[8.9209802,9.8556387],[8.9212411,9.855584],[8.9212745,9.8553925],[8.9211801,9.8553542],[8.9210579,9.8554034],[8.9208358,9.8553925],[8.920758,9.8553323],[8.920647,9.855387],[8.9205026,9.8555347],[8.9202472,9.8557098]]],[[[8.9207803,9.858779],[8.9209413,9.8586039],[8.921069,9.8583577],[8.9210246,9.8582264],[8.9210801,9.857745],[8.9210412,9.8574605],[8.9200417,9.8565195],[8.9201306,9.8567383],[8.9202638,9.8572033],[8.919914,9.8572088],[8.9198418,9.8573784],[8.9196919,9.8574495],[8.9196586,9.8577176],[8.919803,9.8578544],[8.9199695,9.85821],[8.9202749,9.8583139],[8.9205415,9.8587625],[8.920597,9.8588063],[8.9207803,9.858779]]],[[[8.922517,9.8596373],[8.9221016,9.8599074],[8.9223154,9.8600822],[8.9223718,9.8601816],[8.9226057,9.8600624],[8.9227549,9.8600862],[8.9228073,9.8601895],[8.9228718,9.8602451],[8.923021,9.8604517],[8.9231017,9.8604597],[8.9230654,9.860559],[8.9232791,9.8608252],[8.9233638,9.8607854],[8.9233759,9.8609245],[8.9238316,9.8612423],[8.9241219,9.8609404],[8.9241138,9.860857],[8.9238356,9.8606305],[8.9237308,9.8604914],[8.9233194,9.8601696],[8.9230936,9.8602491],[8.9229525,9.8601061],[8.9228355,9.8600783],[8.9227751,9.8599591],[8.9228678,9.8599313],[8.922517,9.8596373]]],[[[8.905009,9.8587255],[8.9050412,9.8587572],[8.9050841,9.858736],[8.90517,9.858736],[8.9051914,9.8587572],[8.9053202,9.8586938],[8.9053631,9.8586303],[8.9054275,9.8586092],[8.905524,9.8585141],[8.905524,9.8584718],[8.9055777,9.8584189],[8.9056635,9.8585246],[8.9057064,9.8585458],[8.9057708,9.8585246],[8.9057922,9.8585458],[8.9058566,9.8585458],[8.9058781,9.8585881],[8.9059639,9.8586092],[8.9060068,9.8586726],[8.9061785,9.8585458],[8.9063609,9.8587466],[8.9060712,9.859032],[8.9059854,9.8590743],[8.9059424,9.8590743],[8.9058352,9.8591589],[8.9057922,9.8591589],[8.9057279,9.8592223],[8.905642,9.8592646],[8.9055562,9.8592857],[8.9052773,9.8595817],[8.9052022,9.8596345],[8.9051378,9.8597191],[8.9050949,9.8598037],[8.9050949,9.8598882],[8.9049554,9.8600045],[8.9048052,9.8600891],[8.9047408,9.8600891],[8.9046764,9.8601736],[8.9046121,9.8602159],[8.9044189,9.860237],[8.9043975,9.8602793],[8.9043331,9.8602582],[8.9042902,9.8602582],[8.9041829,9.8601736],[8.9040542,9.8602582],[8.9040112,9.8602582],[8.9039791,9.860311],[8.9039791,9.8603956],[8.9038932,9.860459],[8.9038289,9.8606281],[8.9039147,9.8606916],[8.9039147,9.8607761],[8.9039469,9.8608078],[8.9040327,9.8608078],[8.9040971,9.860829],[8.90414,9.8608713],[8.9041829,9.8608713],[8.904258,9.8608396],[8.904258,9.8607973],[8.9041722,9.8607127],[8.9041722,9.8606916],[8.9042473,9.860681],[8.9043117,9.8606387],[8.9043653,9.8608184],[8.9044082,9.8608607],[8.9044082,9.8609664],[8.9045048,9.8610615],[8.9046121,9.8610404],[8.9046979,9.861125],[8.9047408,9.861125],[8.9048374,9.861051],[8.9048696,9.8609981],[8.9049339,9.8610192],[8.9050519,9.8611144],[8.9050734,9.8611778],[8.905127,9.8612307],[8.9052022,9.8612412],[8.9051485,9.8613364],[8.905127,9.8613152],[8.9050519,9.8613258],[8.9050627,9.8613575],[8.9051056,9.8613575],[8.90517,9.8614209],[8.9052773,9.8612729],[8.905642,9.8612518],[8.9057171,9.8613469],[8.9057815,9.8615161],[8.9057815,9.8615583],[8.9058244,9.8616006],[8.9058566,9.8616746],[8.9059424,9.8616535],[8.9059854,9.8616112],[8.906039,9.8616429],[8.9059103,9.8617486],[8.9059317,9.861812],[8.9058888,9.8618543],[8.9058888,9.8620446],[8.9060283,9.862182],[8.906157,9.8622454],[8.9061999,9.8622454],[8.9062107,9.8622771],[8.9061141,9.8622877],[8.9060497,9.8623511],[8.9059639,9.8623934],[8.9058673,9.8624885],[8.9058459,9.8625942],[8.9057171,9.8626999],[8.9058673,9.8628268],[8.9058673,9.8628479],[8.9059639,9.862943],[8.9061356,9.8630065],[8.9061785,9.8629642],[8.9062858,9.8629642],[8.9063394,9.8630382],[8.9063394,9.8630805],[8.9063823,9.863165],[8.9065647,9.8633447],[8.9067149,9.8633236],[8.9067578,9.8633447],[8.9068651,9.8632179],[8.9070153,9.8633447],[8.9070797,9.8633447],[8.9071441,9.8634504],[8.9072514,9.8634504],[8.9072835,9.8632919],[8.9072621,9.8632496],[8.9072621,9.8631439],[8.9072835,9.8631227],[8.9072835,9.8630805],[8.9072621,9.863017],[8.9072192,9.8629748],[8.9072406,9.8629113],[8.9072192,9.8628902],[8.9072192,9.8628479],[8.9072621,9.8628268],[8.9071763,9.8627422],[8.9071763,9.8626576],[8.9072192,9.8626154],[8.9071977,9.8625731],[8.9071977,9.8625308],[8.9072406,9.8624674],[8.9072406,9.862404],[8.9072621,9.8623828],[8.9072406,9.8623194],[8.9072621,9.8622983],[8.9072406,9.8622771],[8.9072406,9.8622348],[8.9072621,9.8622137],[8.9072621,9.8621291],[8.9073479,9.8620657],[8.9073801,9.8619706],[8.9074445,9.8619706],[8.9075196,9.8618966],[8.9076161,9.861738],[8.9077449,9.8617169],[8.9078093,9.8617592],[8.9078522,9.8617592],[8.9079702,9.8616218],[8.9079702,9.8615795],[8.9080131,9.8615372],[8.9079702,9.8613681],[8.9079702,9.8613258],[8.9078951,9.8612307],[8.9078414,9.8611989],[8.90782,9.8610932],[8.90782,9.8609875],[8.9077771,9.8609241],[8.9077771,9.8608184],[8.9077985,9.8607761],[8.9077556,9.8606704],[8.9077556,9.860607],[8.9078307,9.8605119],[8.9079058,9.860459],[8.9079916,9.8603322],[8.9078629,9.8603956],[8.9078629,9.8604167],[8.9076805,9.8605964],[8.9076483,9.8605647],[8.9074981,9.8603956],[8.9074123,9.8601842],[8.9073908,9.8600362],[8.9074337,9.8600151],[8.9074337,9.8599516],[8.9074123,9.8599305],[8.9074123,9.8598671],[8.9072943,9.8597931],[8.9071763,9.8596768],[8.9071548,9.8595923],[8.9070368,9.8594548],[8.9069724,9.8594126],[8.9068651,9.8593703],[8.9067149,9.8593703],[8.906672,9.8593914],[8.9066291,9.8593703],[8.9065111,9.8592117],[8.9064038,9.8591272],[8.9064038,9.8590849],[8.9062965,9.8590003],[8.9064145,9.8588418],[8.9064574,9.8588418],[8.9065647,9.8589263],[8.9066291,9.8589263],[8.9069188,9.859254],[8.9070368,9.8592857],[8.9071655,9.8592857],[8.9073479,9.859106],[8.9073479,9.8590214],[8.9072406,9.8588946],[8.9072192,9.8587466],[8.9072406,9.8587255],[8.9072406,9.8586409],[8.9072192,9.8585564],[8.9071977,9.8585352],[8.9071977,9.8584506],[8.9071119,9.8583661],[8.9071119,9.8583238],[8.9070582,9.858271],[8.9069295,9.8582498],[8.906908,9.8582287],[8.9066935,9.8582287],[8.9066291,9.8581441],[8.9065218,9.8580807],[8.906436,9.8579961],[8.9063072,9.8579327],[8.9062428,9.8578693],[8.9061356,9.8578481],[8.9060068,9.8577213],[8.9059639,9.8577001],[8.905921,9.8577001],[8.9058566,9.8576579],[8.9057922,9.8576367],[8.9055991,9.8576367],[8.9054704,9.8577213],[8.905406,9.8577213],[8.9051056,9.8574465],[8.9049125,9.8574676],[8.9047623,9.857531],[8.9045584,9.8577319],[8.9045799,9.8579644],[8.9045584,9.858049],[8.9045048,9.8581018],[8.904376,9.8580807],[8.9040327,9.8580807],[8.9039898,9.8581018],[8.9039254,9.8580384],[8.9038396,9.8579961],[8.9037323,9.8579961],[8.9035177,9.8581441],[8.9033675,9.8582921],[8.9032817,9.8583132],[8.903228,9.8583661],[8.903228,9.8584084],[8.9032066,9.8584295],[8.9032495,9.8585352],[8.9032924,9.8585986],[8.903389,9.8586938],[8.9035606,9.8587783],[8.9037967,9.8587783],[8.9038181,9.8587995],[8.9039254,9.8587995],[8.9040756,9.8588629],[8.9041615,9.8589263],[8.9042902,9.858884],[8.9043331,9.8588418],[8.9043975,9.8588206],[8.9044189,9.8587783],[8.9044726,9.8587466],[8.904494,9.8586621],[8.9045477,9.8586092],[8.9045906,9.8585881],[8.904655,9.8585881],[8.9047194,9.8585458],[8.9048052,9.8585458],[8.9048481,9.8585881],[8.9049554,9.8586303],[8.905009,9.8586832],[8.905009,9.8587255]]],[[[8.9125484,9.8642561],[8.9126528,9.8641592],[8.9127051,9.8641138],[8.9127972,9.8641199],[8.9129324,9.8643197],[8.9130799,9.8644286],[8.9131414,9.864356],[8.9130338,9.8641865],[8.9130154,9.8640139],[8.9128986,9.8639201],[8.912828,9.8637627],[8.9125914,9.8636597],[8.9124869,9.8635387],[8.9122534,9.8634267],[8.9120875,9.8634297],[8.9118847,9.8633328],[8.9118263,9.8631482],[8.9117556,9.8629605],[8.9117679,9.8627274],[8.9117065,9.8625306],[8.9115651,9.8623127],[8.9114177,9.8621038],[8.9112241,9.8620644],[8.911092,9.8621068],[8.911052,9.8620372],[8.9109598,9.8620644],[8.9108523,9.8621704],[8.91084,9.8623157],[8.9109291,9.8624731],[8.9110029,9.8626941],[8.9109383,9.8628606],[8.910757,9.8629665],[8.9106772,9.8630513],[8.9106403,9.8630997],[8.9106741,9.8632874],[8.9108554,9.8633722],[8.9110182,9.8632874],[8.9110121,9.8631542],[8.9111042,9.8630937],[8.9112671,9.8630906],[8.9113562,9.8632057],[8.9114668,9.8633207],[8.9116788,9.8634448],[8.9117403,9.8634963],[8.9118816,9.8634539],[8.9119461,9.8635387],[8.9120567,9.8635205],[8.912195,9.8634721],[8.9121243,9.8636597],[8.9121581,9.8638081],[8.9120721,9.8639806],[8.9119615,9.8640805],[8.9119922,9.8642803],[8.9120936,9.8643772],[8.9122442,9.8644286],[8.9124009,9.8644044],[8.9124593,9.864244],[8.9125484,9.8642561]]]]}},{"type":"Feature","properties":{"kind":"road","id":"road-28906277-0","name":"Takum - Bukuru Federal Road","osmWay":28906277,"major":true,"bridge":false},"geometry":{"type":"LineString","coordinates":[[8.8887425,9.6916968],[8.8880105,9.6925554],[8.8862497,9.6939422],[8.8858554,9.6945133],[8.8810596,9.7043471],[8.8801235,9.7087054],[8.8797399,9.7095805],[8.8732517,9.7178026],[8.8673289,9.7204362]]}},{"type":"Feature","properties":{"kind":"road","id":"road-28919881-0","name":"Farin Gada Road","osmWay":28919881,"major":false,"bridge":false},"geometry":{"type":"LineString","coordinates":[[8.8888427,9.9593463],[8.8875567,9.9595764],[8.8866183,9.9595766],[8.885384,9.9593077],[8.8836019,9.9586666],[8.8819034,9.9585398],[8.8745454,9.9599296]]}},{"type":"Feature","properties":{"kind":"road","id":"road-30967387-0","name":"Unnamed mapped tertiary","osmWay":30967387,"major":false,"bridge":false},"geometry":{"type":"LineString","coordinates":[[8.8910647,9.9229254],[8.8940834,9.9224008],[8.8963805,9.9223511]]}},{"type":"Feature","properties":{"kind":"road","id":"road-41526364-0","name":"Unnamed mapped tertiary","osmWay":41526364,"major":false,"bridge":false},"geometry":{"type":"LineString","coordinates":[[8.9153302,9.7732593],[8.9173218,9.77277],[8.9191357,9.7719608],[8.9196501,9.7714916],[8.9208863,9.7698874],[8.9257566,9.7674297],[8.9375944,9.7649689],[8.9406954,9.7644284],[8.9470233,9.7629964]]}},{"type":"Feature","properties":{"kind":"road","id":"road-170114821-0","name":"Farin Gada Road","osmWay":170114821,"major":false,"bridge":true},"geometry":{"type":"LineString","coordinates":[[8.8745454,9.9599296],[8.8742444,9.9599883]]}},{"type":"Feature","properties":{"kind":"road","id":"road-170114822-0","name":"Farin Gada Road","osmWay":170114822,"major":false,"bridge":false},"geometry":{"type":"LineString","coordinates":[[8.8742444,9.9599883],[8.8729319,9.9601969],[8.8715964,9.9602022],[8.8704928,9.959925],[8.862723,9.9572863]]}},{"type":"Feature","properties":{"kind":"road","id":"road-170114835-0","name":"Unnamed mapped tertiary","osmWay":170114835,"major":false,"bridge":false},"geometry":{"type":"LineString","coordinates":[[8.8768682,9.9071797],[8.8779871,9.9060352],[8.8791874,9.905442],[8.8805513,9.9052571],[8.8813112,9.9054425],[8.8817605,9.905756]]}},{"type":"Feature","properties":{"kind":"road","id":"road-170114837-0","name":"Unnamed mapped tertiary","osmWay":170114837,"major":false,"bridge":false},"geometry":{"type":"LineString","coordinates":[[8.898243,9.9254206],[8.8994909,9.928003],[8.9036948,9.9296276],[8.9039986,9.9299469],[8.9039051,9.9310271],[8.9039783,9.9319367],[8.9043855,9.934519],[8.9050187,9.9363665]]}},{"type":"Feature","properties":{"kind":"road","id":"road-170114839-0","name":"Unnamed mapped tertiary","osmWay":170114839,"major":false,"bridge":false},"geometry":{"type":"LineString","coordinates":[[8.894114,9.9285477],[8.8923485,9.9285835]]}},{"type":"Feature","properties":{"kind":"road","id":"road-170114840-0","name":"Unnamed mapped tertiary","osmWay":170114840,"major":false,"bridge":false},"geometry":{"type":"LineString","coordinates":[[8.8966911,9.9223872],[8.8969557,9.9224695],[8.898243,9.9254206]]}},{"type":"Feature","properties":{"kind":"road","id":"road-170114842-0","name":"Unnamed mapped primary","osmWay":170114842,"major":true,"bridge":false},"geometry":{"type":"LineString","coordinates":[[8.8660483,9.8792958],[8.8657187,9.8800103],[8.8655564,9.880986],[8.8645386,9.8901052],[8.8646981,9.8967292],[8.8650441,9.8975588],[8.8660905,9.8991339]]}},{"type":"Feature","properties":{"kind":"road","id":"road-170114845-0","name":"Unnamed mapped tertiary","osmWay":170114845,"major":false,"bridge":true},"geometry":{"type":"LineString","coordinates":[[8.8963805,9.9223511],[8.8966911,9.9223872]]}},{"type":"Feature","properties":{"kind":"road","id":"road-170114847-0","name":"Unnamed mapped tertiary","osmWay":170114847,"major":false,"bridge":true},"geometry":{"type":"LineString","coordinates":[[8.8944626,9.9285744],[8.894114,9.9285477]]}},{"type":"Feature","properties":{"kind":"road","id":"road-170114850-0","name":"Unnamed mapped tertiary","osmWay":170114850,"major":false,"bridge":false},"geometry":{"type":"LineString","coordinates":[[8.8939248,9.9367245],[8.8946291,9.9361575],[8.8949315,9.9357133],[8.894885,9.9349121],[8.8953713,9.933604],[8.896716,9.932218],[8.8978878,9.9312873],[8.8983089,9.9306281],[8.8982898,9.9294207],[8.8975804,9.9256726],[8.898243,9.9254206]]}},{"type":"Feature","properties":{"kind":"road","id":"road-170114851-0","name":"Unnamed mapped tertiary","osmWay":170114851,"major":false,"bridge":false},"geometry":{"type":"LineString","coordinates":[[8.8661974,9.946834],[8.8673937,9.9474851],[8.8677376,9.9474978],[8.8697956,9.9445961],[8.8702315,9.9444046],[8.8709032,9.9444968]]}},{"type":"Feature","properties":{"kind":"road","id":"road-170114852-0","name":"Unnamed mapped primary","osmWay":170114852,"major":true,"bridge":false},"geometry":{"type":"LineString","coordinates":[[8.8734388,9.8778027],[8.8716925,9.8781069],[8.8698332,9.8782124],[8.8688331,9.8790907],[8.8663135,9.8790587]]}},{"type":"Feature","properties":{"kind":"road","id":"road-170114857-0","name":"Unnamed mapped primary","osmWay":170114857,"major":true,"bridge":false},"geometry":{"type":"LineString","coordinates":[[8.8811675,9.8249997],[8.8801664,9.8230458],[8.8790305,9.8212381],[8.8782299,9.8204029],[8.8762611,9.8189625],[8.8757193,9.8184207],[8.8746652,9.8163645],[8.8740912,9.8156985],[8.8731068,9.8124186],[8.8720178,9.8107086],[8.8714439,9.8092946],[8.8709262,9.8066608],[8.8698304,9.8042422]]}},{"type":"Feature","properties":{"kind":"road","id":"road-170114859-0","name":"Unnamed mapped tertiary","osmWay":170114859,"major":false,"bridge":false},"geometry":{"type":"LineString","coordinates":[[8.8992486,9.9276513],[8.8980454,9.9281629],[8.8962179,9.9284648],[8.8944626,9.9285744]]}},{"type":"Feature","properties":{"kind":"road","id":"road-170114860-0","name":"Bauchi Ring Road","osmWay":170114860,"major":true,"bridge":false},"geometry":{"type":"LineString","coordinates":[[8.9124668,9.9119654],[8.913285,9.9133395],[8.9135291,9.9143251],[8.9135464,9.9152406],[8.9130007,9.9178259],[8.9129812,9.9185158],[8.9136243,9.9220031],[8.9136404,9.9230943],[8.9114031,9.9316225],[8.9106578,9.9327205],[8.9084187,9.9348408],[8.9079715,9.9354907],[8.9076269,9.936381],[8.9070556,9.9466608],[8.9067766,9.9482538],[8.9060417,9.9502511],[8.9052383,9.951646],[8.9040864,9.9530369],[8.9027868,9.9541729],[8.9014712,9.9549932],[8.8996205,9.9557475],[8.8934446,9.9571745],[8.8925219,9.9575174]]}},{"type":"Feature","properties":{"kind":"road","id":"road-170114869-0","name":"Unnamed mapped primary","osmWay":170114869,"major":true,"bridge":false},"geometry":{"type":"LineString","coordinates":[[8.8890951,9.9134885],[8.8890247,9.9131507],[8.8894913,9.9119597]]}},{"type":"Feature","properties":{"kind":"road","id":"road-170165500-0","name":"Unnamed mapped tertiary","osmWay":170165500,"major":false,"bridge":false},"geometry":{"type":"LineString","coordinates":[[8.8926882,9.9129051],[8.8935824,9.9132577]]}},{"type":"Feature","properties":{"kind":"road","id":"road-170165505-0","name":"Unnamed mapped tertiary","osmWay":170165505,"major":false,"bridge":false},"geometry":{"type":"LineString","coordinates":[[8.9025896,9.9292433],[8.9008938,9.9300568],[8.9011995,9.9308954],[8.9011749,9.9321252],[8.9010041,9.9330696],[8.9007426,9.937095]]}},{"type":"Feature","properties":{"kind":"road","id":"road-170165507-0","name":"Busa-Buji Street","osmWay":170165507,"major":false,"bridge":false},"geometry":{"type":"LineString","coordinates":[[8.8713812,9.9443816],[8.8720689,9.9438829],[8.8728789,9.9428499],[8.8744359,9.9418901],[8.8813142,9.9364213],[8.8816024,9.9364938]]}},{"type":"Feature","properties":{"kind":"road","id":"road-170165512-0","name":"Unnamed mapped tertiary","osmWay":170165512,"major":false,"bridge":false},"geometry":{"type":"LineString","coordinates":[[8.8997143,9.90278],[8.8984718,9.9042296],[8.8981873,9.9051382],[8.8981564,9.9057998],[8.898683,9.9069164],[8.9001234,9.9081886],[8.900625,9.9087937],[8.9007295,9.9097554],[8.9015978,9.9121276],[8.9018858,9.9132731],[8.9025266,9.91377],[8.9027573,9.914584],[8.9021996,9.9147808],[8.9022536,9.9167503],[8.8991659,9.9174935],[8.8993624,9.9181508],[8.8995384,9.9183169],[8.8999584,9.9184],[8.9001998,9.9191205],[8.9007213,9.9191552],[8.9008559,9.9199034]]}},{"type":"Feature","properties":{"kind":"road","id":"road-170165513-0","name":"Unnamed mapped tertiary","osmWay":170165513,"major":false,"bridge":false},"geometry":{"type":"LineString","coordinates":[[8.8837605,9.9101968],[8.8836917,9.9113583],[8.8842444,9.9122309],[8.8840708,9.9129135],[8.8839929,9.9154924],[8.8837771,9.9168212],[8.8843772,9.9184924],[8.88416,9.9199766]]}},{"type":"Feature","properties":{"kind":"road","id":"road-170165517-0","name":"Unnamed mapped tertiary","osmWay":170165517,"major":false,"bridge":true},"geometry":{"type":"LineString","coordinates":[[8.8709032,9.9444968],[8.8713812,9.9443816]]}},{"type":"Feature","properties":{"kind":"road","id":"road-170165586-0","name":"Unnamed mapped tertiary","osmWay":170165586,"major":false,"bridge":false},"geometry":{"type":"LineString","coordinates":[[8.8791382,9.9221208],[8.8808216,9.922535],[8.8823519,9.9219386]]}},{"type":"Feature","properties":{"kind":"road","id":"road-170165587-0","name":"Unnamed mapped tertiary","osmWay":170165587,"major":false,"bridge":false},"geometry":{"type":"LineString","coordinates":[[8.8839866,9.917279],[8.8851901,9.9168984],[8.8857136,9.916935]]}},{"type":"Feature","properties":{"kind":"road","id":"road-170566955-0","name":"Unnamed mapped tertiary","osmWay":170566955,"major":false,"bridge":false},"geometry":{"type":"LineString","coordinates":[[8.906955,9.9473543],[8.9018279,9.9477426],[8.9000835,9.9469964],[8.8979281,9.9454798],[8.8957738,9.9450855],[8.8941534,9.9440703],[8.8927909,9.9435222]]}},{"type":"Feature","properties":{"kind":"road","id":"road-172391462-0","name":"Unnamed mapped tertiary","osmWay":172391462,"major":false,"bridge":false},"geometry":{"type":"LineString","coordinates":[[8.8882667,9.7606229],[8.8892055,9.7609189],[8.8900722,9.7617086],[8.8915924,9.7636034],[8.8930088,9.7649144],[8.8934608,9.7655356],[8.8947456,9.7679727],[8.8958734,9.7697213],[8.8969917,9.7707854],[8.8984935,9.7718292],[8.8992088,9.7725602]]}},{"type":"Feature","properties":{"kind":"road","id":"road-172391463-0","name":"Unnamed mapped tertiary","osmWay":172391463,"major":false,"bridge":false},"geometry":{"type":"LineString","coordinates":[[8.8953021,9.768886],[8.8948622,9.7712148],[8.8940898,9.7731126],[8.8937759,9.7735699],[8.8916932,9.7757453],[8.8912493,9.7760612],[8.8905452,9.7762396],[8.8898358,9.7773101],[8.8888353,9.7783159],[8.8871147,9.7796957],[8.8859449,9.7802882]]}},{"type":"Feature","properties":{"kind":"road","id":"road-172391464-0","name":"Unnamed mapped tertiary","osmWay":172391464,"major":false,"bridge":false},"geometry":{"type":"LineString","coordinates":[[8.8858699,9.8277571],[8.8870329,9.8254006],[8.8886905,9.8225754],[8.8901496,9.8194818],[8.89253,9.8156456],[8.8929954,9.8156179],[8.8933951,9.8152584],[8.8946678,9.8134665],[8.8959431,9.8121028],[8.8984684,9.8109306]]}},{"type":"Feature","properties":{"kind":"road","id":"road-172391466-0","name":"Unnamed mapped secondary","osmWay":172391466,"major":false,"bridge":false},"geometry":{"type":"LineString","coordinates":[[8.885979,9.6941035],[8.885048,9.6925158],[8.8843694,9.6919658],[8.8780515,9.6899327],[8.875671,9.6887825],[8.8720732,9.6864259],[8.8692123,9.6856521],[8.8607405,9.6860408],[8.8545339,9.6883053],[8.8539773,9.6886609],[8.8535133,9.6893312],[8.8494967,9.6970844],[8.8484211,9.7000971],[8.8470626,9.7018487],[8.8457966,9.7045652],[8.8454868,9.7056889],[8.8447366,9.7119599]]}},{"type":"Feature","properties":{"kind":"road","id":"road-172391473-0","name":"Unnamed mapped tertiary","osmWay":172391473,"major":false,"bridge":false},"geometry":{"type":"LineString","coordinates":[[8.9072649,9.8279919],[8.9063877,9.8280567],[8.9058164,9.8282998],[8.9043653,9.829279],[8.9032374,9.8302859],[8.902933,9.8307405],[8.9019875,9.8335048],[8.900736,9.8350901],[8.8978904,9.8338973],[8.8954519,9.8335741],[8.893919,9.8328844]]}},{"type":"Feature","properties":{"kind":"road","id":"road-172391475-0","name":"Unnamed mapped tertiary","osmWay":172391475,"major":false,"bridge":false},"geometry":{"type":"LineString","coordinates":[[8.8595848,9.7607648],[8.8621902,9.759888],[8.8643602,9.7587355],[8.8652246,9.7585891],[8.8656235,9.7588518],[8.8660768,9.7588307],[8.8683888,9.7581355],[8.8702637,9.7572499],[8.8711436,9.7571378],[8.8721842,9.7573451],[8.8739158,9.7574463],[8.8750863,9.7577072],[8.8763121,9.757546],[8.8778928,9.7569598],[8.8784686,9.7576398],[8.8803824,9.7610188],[8.880896,9.7614635],[8.8819083,9.76179],[8.8826126,9.7618216],[8.885394,9.7606493],[8.886483,9.7600413],[8.8870409,9.7599171],[8.8883418,9.7599858]]}},{"type":"Feature","properties":{"kind":"road","id":"road-172391492-0","name":"Unnamed mapped tertiary","osmWay":172391492,"major":false,"bridge":false},"geometry":{"type":"LineString","coordinates":[[8.9027189,9.7781612],[8.9046429,9.7800129],[8.9055455,9.7806036],[8.9074512,9.7815314],[8.9081338,9.7821446],[8.9119694,9.7892244],[8.9122362,9.7904971],[8.9124572,9.8008134],[8.9127445,9.8023804],[8.9131026,9.8032077],[8.9136913,9.8039306],[8.9161952,9.8056023],[8.9169583,9.8065921],[8.9184818,9.8123961],[8.9203084,9.8168032],[8.9208931,9.8187128],[8.9212002,9.8202986],[8.9211854,9.8231951],[8.9208904,9.823766],[8.9186427,9.8260204],[8.9182618,9.8265727],[8.9181237,9.8273735],[8.9181559,9.8300414],[8.917193,9.8332657],[8.9173633,9.8341391],[8.9221792,9.8388737],[8.9225292,9.8393309],[8.9228404,9.8401343],[8.922945,9.8410354],[8.9228109,9.8418428],[8.9208579,9.8470327]]}},{"type":"Feature","properties":{"kind":"road","id":"road-176989054-0","name":"Unnamed mapped tertiary","osmWay":176989054,"major":false,"bridge":false},"geometry":{"type":"LineString","coordinates":[[8.8655215,9.9472783],[8.8612718,9.9456243],[8.8595982,9.9451698],[8.859604,9.9446581],[8.8605823,9.9427177],[8.8601933,9.9418631],[8.8601612,9.9389054],[8.8605514,9.9384774],[8.8613158,9.9380706],[8.8626918,9.9379068],[8.86342,9.9379504],[8.8677884,9.9403745]]}},{"type":"Feature","properties":{"kind":"road","id":"road-180118256-0","name":"katako road","osmWay":180118256,"major":false,"bridge":false},"geometry":{"type":"LineString","coordinates":[[8.8939805,9.9369514],[8.8923302,9.9398393],[8.8908818,9.941196],[8.8903977,9.9418023],[8.8870677,9.9479263],[8.8851848,9.9522939],[8.884415,9.9535851],[8.8840952,9.9539107],[8.883369,9.9535283],[8.8823082,9.9547911],[8.8815813,9.956223],[8.8815269,9.957891],[8.8813725,9.9585866]]}},{"type":"Feature","properties":{"kind":"road","id":"road-180140450-0","name":"Unnamed mapped tertiary","osmWay":180140450,"major":false,"bridge":false},"geometry":{"type":"LineString","coordinates":[[8.8639149,9.9382027],[8.8644178,9.9368209],[8.8633624,9.9365461],[8.8632859,9.9363718],[8.8640209,9.9341314],[8.8636427,9.9331261],[8.8636059,9.932674],[8.8640557,9.9311314],[8.8639592,9.9291816],[8.8642663,9.9288381],[8.864309,9.9285612]]}},{"type":"Feature","properties":{"kind":"road","id":"road-180140453-0","name":"Unnamed mapped tertiary","osmWay":180140453,"major":false,"bridge":false},"geometry":{"type":"LineString","coordinates":[[8.8776706,9.9510872],[8.8758944,9.9494747],[8.8740798,9.9481452],[8.8740225,9.9479159],[8.8753417,9.9462383],[8.8762378,9.9445414],[8.8776312,9.9424946],[8.8786932,9.9413277],[8.8804317,9.9385339],[8.8812111,9.9368856],[8.8818575,9.9361366],[8.8831349,9.9338588]]}},{"type":"Feature","properties":{"kind":"road","id":"road-186655092-0","name":"Unnamed mapped secondary","osmWay":186655092,"major":false,"bridge":false},"geometry":{"type":"LineString","coordinates":[[8.9210504,9.8830659],[8.9277054,9.8830106],[8.9341506,9.8863205],[8.9391616,9.8872933],[8.9424395,9.8882419],[8.9441317,9.8884235],[8.9471842,9.8880078],[8.9527257,9.8864309],[8.9584852,9.8857912],[8.9693196,9.8859052],[8.9722615,9.8860882],[8.9729224,9.8860158],[8.9737379,9.8857776],[8.9777867,9.8836608],[8.9813649,9.8822948],[8.9839777,9.8816422],[8.9852147,9.8816557],[8.9861048,9.8819323],[8.9906349,9.8846955]]}},{"type":"Feature","properties":{"kind":"road","id":"road-191623621-0","name":"Unnamed mapped tertiary","osmWay":191623621,"major":false,"bridge":false},"geometry":{"type":"LineString","coordinates":[[8.8997136,9.8618754],[8.9015812,9.8627508],[8.9026554,9.8627382],[8.904839,9.8635763],[8.9055528,9.8637206],[8.9073113,9.8637853],[8.9086702,9.8612115],[8.9100502,9.8595216],[8.9106671,9.8592364],[8.9116837,9.8591034],[8.9158874,9.8563235],[8.9157879,9.8560947],[8.9151049,9.8559679],[8.9148427,9.8557994],[8.9148179,9.8555107],[8.9153885,9.855074],[8.9154448,9.8548977],[8.9145215,9.8531152],[8.914319,9.8522048],[8.9146985,9.8487336],[8.9147162,9.8465713]]}},{"type":"Feature","properties":{"kind":"road","id":"road-191626018-0","name":"Abbatoir Road","osmWay":191626018,"major":false,"bridge":false},"geometry":{"type":"LineString","coordinates":[[8.8886293,9.8940141],[8.8887024,9.8928549],[8.8886122,9.8921082],[8.8865695,9.886978],[8.8863864,9.883115],[8.8878873,9.8770589],[8.8879961,9.876052],[8.8878854,9.8751096],[8.8867255,9.8713608]]}},{"type":"Feature","properties":{"kind":"road","id":"road-191626026-0","name":"Unnamed mapped tertiary","osmWay":191626026,"major":false,"bridge":false},"geometry":{"type":"LineString","coordinates":[[8.8926681,9.8471445],[8.8935594,9.845283],[8.8937945,9.843955],[8.8939466,9.8436631],[8.8935084,9.8413741],[8.8931949,9.8368629],[8.8929314,9.8347733],[8.8928697,9.8330691],[8.8931202,9.8322269]]}},{"type":"Feature","properties":{"kind":"road","id":"road-191626028-0","name":"Fwavwei Junction","osmWay":191626028,"major":false,"bridge":false},"geometry":{"type":"LineString","coordinates":[[8.9009362,9.8472881],[8.9005913,9.8472412]]}},{"type":"Feature","properties":{"kind":"road","id":"road-195580707-0","name":"Unnamed mapped tertiary","osmWay":195580707,"major":false,"bridge":false},"geometry":{"type":"LineString","coordinates":[[8.9528623,9.9100091],[8.9536772,9.9098906],[8.9540661,9.9096739],[8.9565391,9.9078957],[8.9626878,9.9057576],[8.9625207,9.9045134],[8.9626012,9.9037788],[8.9632511,9.9021113],[8.9635944,9.9016198],[8.9654099,9.9000763],[8.9664021,9.8989065],[8.9667264,9.8972524],[8.9678476,9.8948215],[8.9677349,9.8941557],[8.9675686,9.8938967],[8.9670705,9.8935979],[8.9655309,9.8900783],[8.9652098,9.8858283]]}},{"type":"Feature","properties":{"kind":"road","id":"road-195732946-0","name":"Unnamed mapped tertiary","osmWay":195732946,"major":false,"bridge":true},"geometry":{"type":"LineString","coordinates":[[8.9197334,9.9526182],[8.9198711,9.9525949]]}},{"type":"Feature","properties":{"kind":"road","id":"road-195732948-0","name":"Unnamed mapped tertiary","osmWay":195732948,"major":false,"bridge":false},"geometry":{"type":"LineString","coordinates":[[8.9198711,9.9525949],[8.9203003,9.9526605],[8.9217619,9.953457],[8.9229007,9.9537622],[8.9240152,9.9547634],[8.9265767,9.9563102],[8.9284299,9.9578266],[8.9305059,9.9591158],[8.9312033,9.9598132],[8.9316968,9.9598766],[8.9318846,9.9601091],[8.9331238,9.9608911],[8.9338694,9.9616097],[8.9358703,9.9642725],[8.937687,9.9675348],[8.9378713,9.9685257],[8.9379088,9.9712256],[8.9380054,9.9715056],[8.9386116,9.972092],[8.9404301,9.9731434],[8.9420233,9.9749873],[8.9476165,9.9801145],[8.9513019,9.9837599],[8.9525805,9.9844388],[8.9541469,9.9855165],[8.954778,9.9856724],[8.9561371,9.9856222],[8.956357,9.9858124],[8.957033,9.987149],[8.9574138,9.987614],[8.9585278,9.9880921],[8.9634059,9.986346],[8.9668445,9.9855694],[8.9679174,9.9854426],[8.9685753,9.9856671],[8.9709839,9.9872732],[8.9714024,9.9878438],[8.9729956,9.9893336],[8.97465,9.9906695]]}},{"type":"Feature","properties":{"kind":"road","id":"road-195732949-0","name":"Unnamed mapped tertiary","osmWay":195732949,"major":false,"bridge":false},"geometry":{"type":"LineString","coordinates":[[8.9072406,9.9430414],[8.9081244,9.943155],[8.9089626,9.9434509],[8.9093408,9.9433822],[8.9100315,9.9429899],[8.9103118,9.9429264],[8.9105692,9.9430295],[8.9114772,9.9443174],[8.9119908,9.9448894],[8.9124615,9.9451853],[8.912542,9.9461734],[8.9126895,9.946567],[8.9131817,9.9473094],[8.9140494,9.9481997],[8.9144008,9.9490504],[8.9147025,9.949156],[8.9162113,9.9502762],[8.9170144,9.9512246],[8.9178622,9.951506],[8.91898,9.9523045],[8.9197334,9.9526182]]}},{"type":"Feature","properties":{"kind":"road","id":"road-198581537-0","name":"Unnamed mapped tertiary","osmWay":198581537,"major":false,"bridge":false},"geometry":{"type":"LineString","coordinates":[[8.976998,9.8480731],[8.9765167,9.850565],[8.9764228,9.8519656],[8.9765033,9.8547351],[8.9773965,9.8584559],[8.9782467,9.863276],[8.9783742,9.8643238],[8.9783084,9.8683814],[8.9786383,9.8701995],[8.9786703,9.8718743],[8.9790058,9.8729661],[8.9802611,9.8754554],[8.9806527,9.8776275],[8.9814132,9.8795823],[8.9816397,9.8805104],[8.9816371,9.8808539],[8.9814413,9.8812899],[8.9806745,9.8824215]]}},{"type":"Feature","properties":{"kind":"road","id":"road-205206240-0","name":"A3","osmWay":205206240,"major":true,"bridge":true},"geometry":{"type":"LineString","coordinates":[[8.7741628,9.6519459],[8.7743217,9.6521653]]}},{"type":"Feature","properties":{"kind":"road","id":"road-205206246-0","name":"A3","osmWay":205206246,"major":true,"bridge":false},"geometry":{"type":"LineString","coordinates":[[8.7743217,9.6521653],[8.7757038,9.654104],[8.7762871,9.6554222],[8.7794536,9.6702682],[8.7798264,9.6713264],[8.7804562,9.6723057],[8.7814433,9.6732542],[8.7825502,9.673888],[8.7932045,9.6774],[8.7951515,9.6782313]]}},{"type":"Feature","properties":{"kind":"road","id":"road-205206247-0","name":"A3","osmWay":205206247,"major":true,"bridge":false},"geometry":{"type":"LineString","coordinates":[[8.7605966,9.6374656],[8.7619876,9.6381322],[8.7655885,9.6395406],[8.766873,9.6403458],[8.7678945,9.6412542],[8.7689701,9.6427535],[8.7729049,9.6500372],[8.7741628,9.6519459]]}},{"type":"Feature","properties":{"kind":"road","id":"road-205262842-0","name":"A3","osmWay":205262842,"major":true,"bridge":false},"geometry":{"type":"LineString","coordinates":[[8.8374936,9.7050201],[8.8371303,9.7046973],[8.8367977,9.7045995],[8.8365708,9.7041093],[8.8351652,9.7028945]]}},{"type":"Feature","properties":{"kind":"road","id":"road-205262843-0","name":"A3","osmWay":205262843,"major":true,"bridge":false},"geometry":{"type":"LineString","coordinates":[[8.7953575,9.6783294],[8.7966447,9.6788603],[8.7984163,9.6793875],[8.8060678,9.680759],[8.8131043,9.682815],[8.819932,9.6834721],[8.8209285,9.6837299],[8.8218981,9.6841728],[8.8230085,9.6850453],[8.8237368,9.685972],[8.8306542,9.6992022],[8.8317338,9.7003999],[8.8351652,9.7028945]]}},{"type":"Feature","properties":{"kind":"road","id":"road-205262844-0","name":"A3","osmWay":205262844,"major":true,"bridge":true},"geometry":{"type":"LineString","coordinates":[[8.7951515,9.6782313],[8.7953575,9.6783294]]}},{"type":"Feature","properties":{"kind":"road","id":"road-205262847-0","name":"A3","osmWay":205262847,"major":true,"bridge":false},"geometry":{"type":"LineString","coordinates":[[8.8351652,9.7028945],[8.8359099,9.703185],[8.8360199,9.7035129],[8.8374936,9.7050201]]}},{"type":"Feature","properties":{"kind":"road","id":"road-205262849-0","name":"A3","osmWay":205262849,"major":true,"bridge":false},"geometry":{"type":"LineString","coordinates":[[8.8374936,9.7050201],[8.8398511,9.7074032]]}},{"type":"Feature","properties":{"kind":"road","id":"road-205287989-0","name":"Takum - Bukuru Federal Road","osmWay":205287989,"major":true,"bridge":false},"geometry":{"type":"LineString","coordinates":[[8.8651969,9.7211375],[8.8662188,9.7209116],[8.8672908,9.720314]]}},{"type":"Feature","properties":{"kind":"road","id":"road-205287991-0","name":"A3","osmWay":205287991,"major":true,"bridge":false},"geometry":{"type":"LineString","coordinates":[[8.8654638,9.721735],[8.8652359,9.7223842],[8.8651273,9.7270304],[8.8648778,9.7280786],[8.8644768,9.729025],[8.8639431,9.7298789],[8.863247,9.7306641],[8.8585143,9.7351159],[8.8576064,9.7365514],[8.8570994,9.7378573],[8.8568754,9.7389055],[8.8568661,9.7433175],[8.8571336,9.7511159],[8.8595691,9.7607571]]}},{"type":"Feature","properties":{"kind":"road","id":"road-205287992-0","name":"A3","osmWay":205287992,"major":true,"bridge":false},"geometry":{"type":"LineString","coordinates":[[8.8398511,9.7074032],[8.8460138,9.7136387],[8.846738,9.7141569],[8.8476232,9.7146011],[8.8484037,9.7148258],[8.8537836,9.71573]]}},{"type":"Feature","properties":{"kind":"road","id":"road-205287993-0","name":"A3","osmWay":205287993,"major":true,"bridge":false},"geometry":{"type":"LineString","coordinates":[[8.8650108,9.7218598],[8.8648187,9.7215486],[8.8648791,9.7212716],[8.8654826,9.7211606],[8.865618,9.7213852],[8.8654638,9.721735],[8.8652734,9.721914],[8.8650108,9.7218598]]}},{"type":"Feature","properties":{"kind":"road","id":"road-205287994-0","name":"A3","osmWay":205287994,"major":true,"bridge":false},"geometry":{"type":"LineString","coordinates":[[8.8643445,9.7211222],[8.8650374,9.7211684]]}},{"type":"Feature","properties":{"kind":"road","id":"road-205287995-0","name":"A3","osmWay":205287995,"major":true,"bridge":false},"geometry":{"type":"LineString","coordinates":[[8.8906082,9.9212265],[8.8902652,9.9185262],[8.8902917,9.9173225],[8.8913082,9.915938],[8.894594,9.9084],[8.8947747,9.9076838],[8.8947307,9.9067485],[8.8945742,9.9062303],[8.8920687,9.9032648],[8.8918327,9.9027971],[8.8916543,9.9017759]]}},{"type":"Feature","properties":{"kind":"road","id":"road-205287997-0","name":"A3","osmWay":205287997,"major":true,"bridge":false},"geometry":{"type":"LineString","coordinates":[[8.8537836,9.71573],[8.8563591,9.7161728],[8.8574535,9.7165508],[8.8584003,9.7171404],[8.8609564,9.7194933],[8.8643445,9.7211222]]}},{"type":"Feature","properties":{"kind":"road","id":"road-205287998-0","name":"Takum - Bukuru Federal Road","osmWay":205287998,"major":true,"bridge":false},"geometry":{"type":"LineString","coordinates":[[8.8673289,9.7204362],[8.8660338,9.7211457],[8.8655448,9.7216076]]}},{"type":"Feature","properties":{"kind":"road","id":"road-205288001-0","name":"A3","osmWay":205288001,"major":true,"bridge":false},"geometry":{"type":"LineString","coordinates":[[8.8648603,9.721653],[8.8643445,9.7211222]]}},{"type":"Feature","properties":{"kind":"road","id":"road-205335251-0","name":"Unnamed mapped secondary","osmWay":205335251,"major":false,"bridge":false},"geometry":{"type":"LineString","coordinates":[[8.7849518,9.6746991],[8.7866979,9.6732226],[8.7914953,9.6661482],[8.7922409,9.6638794],[8.7924743,9.6607462],[8.7931234,9.6590487],[8.7937001,9.6585488],[8.7951779,9.657642],[8.79668,9.6569227],[8.7982544,9.655947],[8.8000783,9.6545879],[8.8005745,9.6539612],[8.8045979,9.6457508],[8.8048258,9.6453383],[8.8051933,9.645296],[8.8054243,9.6451185],[8.8058424,9.6444498],[8.8058199,9.6441955]]}},{"type":"Feature","properties":{"kind":"road","id":"road-205335251-1","name":"Unnamed mapped secondary","osmWay":205335251,"major":false,"bridge":false},"geometry":{"type":"LineString","coordinates":[[8.8096345,9.6424934],[8.8112551,9.6430668],[8.8120651,9.6432096],[8.8136047,9.6430563],[8.8141492,9.6428652],[8.8159704,9.6416336],[8.8175406,9.6396078],[8.8186473,9.6387407],[8.8199186,9.6382806],[8.8205192,9.6382529],[8.8332975,9.64111],[8.8348693,9.6413851],[8.8362908,9.6413533],[8.8530761,9.6373868],[8.8546377,9.6367156],[8.8574955,9.6351463]]}},{"type":"Feature","properties":{"kind":"road","id":"road-205336804-0","name":"Unnamed mapped tertiary","osmWay":205336804,"major":false,"bridge":false},"geometry":{"type":"LineString","coordinates":[[8.8254574,9.924076],[8.825577,9.9237688],[8.8253078,9.9227655],[8.8229129,9.9202519],[8.8214239,9.9160537],[8.8213588,9.915169],[8.8222247,9.9111409]]}},{"type":"Feature","properties":{"kind":"road","id":"road-205341418-0","name":"Unnamed mapped secondary","osmWay":205341418,"major":false,"bridge":false},"geometry":{"type":"LineString","coordinates":[[8.8597331,9.7689828],[8.8600995,9.7689716]]}},{"type":"Feature","properties":{"kind":"road","id":"road-205386901-0","name":"Unnamed mapped trunk_link","osmWay":205386901,"major":false,"bridge":false},"geometry":{"type":"LineString","coordinates":[[8.8607733,9.782323],[8.860543,9.7823084],[8.8602563,9.7824988]]}},{"type":"Feature","properties":{"kind":"road","id":"road-205386902-0","name":"Yakubu Gowon Way","osmWay":205386902,"major":true,"bridge":false},"geometry":{"type":"LineString","coordinates":[[8.8656857,9.8182065],[8.8651849,9.821727],[8.8652077,9.8232202],[8.8654411,9.8242615],[8.8666186,9.8271343],[8.8672784,9.8321055],[8.8670906,9.8340413],[8.8660781,9.8374994],[8.8659386,9.8384403],[8.8659547,9.839755],[8.8665109,9.8448581],[8.8673736,9.8494485]]}},{"type":"Feature","properties":{"kind":"road","id":"road-205386903-0","name":"A3","osmWay":205386903,"major":true,"bridge":true},"geometry":{"type":"LineString","coordinates":[[8.8655782,9.8181887],[8.8656311,9.8178081]]}},{"type":"Feature","properties":{"kind":"road","id":"road-205386904-0","name":"Unnamed mapped tertiary","osmWay":205386904,"major":false,"bridge":false},"geometry":{"type":"LineString","coordinates":[[8.8660483,9.8792958],[8.865889,9.8790418]]}},{"type":"Feature","properties":{"kind":"road","id":"road-205386905-0","name":"A3","osmWay":205386905,"major":true,"bridge":true},"geometry":{"type":"LineString","coordinates":[[8.865736,9.8178271],[8.8656857,9.8182065]]}},{"type":"Feature","properties":{"kind":"road","id":"road-205386906-0","name":"A3","osmWay":205386906,"major":true,"bridge":false},"geometry":{"type":"LineString","coordinates":[[8.8594206,9.7607835],[8.8570163,9.7510973],[8.8567266,9.7392504],[8.8572308,9.7371382],[8.8576533,9.7362156],[8.858297,9.7352349],[8.8593739,9.7340677],[8.8634227,9.7303244],[8.8643883,9.7289708],[8.8648175,9.7278909],[8.8650669,9.7266352],[8.865134,9.7223908],[8.8649206,9.7217707]]}},{"type":"Feature","properties":{"kind":"road","id":"road-205386911-0","name":"Unnamed mapped trunk_link","osmWay":205386911,"major":false,"bridge":false},"geometry":{"type":"LineString","coordinates":[[8.8605729,9.7815935],[8.8607739,9.7821948]]}},{"type":"Feature","properties":{"kind":"road","id":"road-205402262-0","name":"A236","osmWay":205402262,"major":false,"bridge":false},"geometry":{"type":"LineString","coordinates":[[8.8808596,9.8934286],[8.8801919,9.8929533],[8.8788173,9.8916229]]}},{"type":"Feature","properties":{"kind":"road","id":"road-205402266-0","name":"Amado-Bello Way","osmWay":205402266,"major":true,"bridge":false},"geometry":{"type":"LineString","coordinates":[[8.8914222,9.9104345],[8.8889935,9.9160649],[8.8889962,9.9166832],[8.889713,9.9213325]]}},{"type":"Feature","properties":{"kind":"road","id":"road-205402267-0","name":"Bauchi Road","osmWay":205402267,"major":true,"bridge":true},"geometry":{"type":"LineString","coordinates":[[8.8936348,9.93655],[8.8932635,9.9361049]]}},{"type":"Feature","properties":{"kind":"road","id":"road-205402269-0","name":"Unnamed mapped primary","osmWay":205402269,"major":true,"bridge":false},"geometry":{"type":"LineString","coordinates":[[8.8897419,9.921355],[8.8905962,9.9212462]]}},{"type":"Feature","properties":{"kind":"road","id":"road-205402271-0","name":"Unnamed mapped primary","osmWay":205402271,"major":true,"bridge":false},"geometry":{"type":"LineString","coordinates":[[8.8834193,9.8962106],[8.8845095,9.8975244],[8.8853759,9.9005036],[8.8861477,9.901595],[8.8863781,9.9027038],[8.8863409,9.9035147],[8.8866492,9.9064522],[8.8868845,9.9070671],[8.8875371,9.9080684]]}},{"type":"Feature","properties":{"kind":"road","id":"road-205402273-0","name":"Unnamed mapped primary","osmWay":205402273,"major":true,"bridge":false},"geometry":{"type":"LineString","coordinates":[[8.8834193,9.8962106],[8.8830298,9.8961406]]}},{"type":"Feature","properties":{"kind":"road","id":"road-205402275-0","name":"Unnamed mapped tertiary","osmWay":205402275,"major":false,"bridge":false},"geometry":{"type":"LineString","coordinates":[[8.8752561,9.8930643],[8.8751392,9.8929074],[8.8753475,9.8927759],[8.8754421,9.8929521],[8.8752561,9.8930643]]}},{"type":"Feature","properties":{"kind":"road","id":"road-205402276-0","name":"Unnamed mapped primary","osmWay":205402276,"major":true,"bridge":false},"geometry":{"type":"LineString","coordinates":[[8.8830597,9.8958554],[8.8834193,9.8962106]]}},{"type":"Feature","properties":{"kind":"road","id":"road-205402277-0","name":"Unnamed mapped primary","osmWay":205402277,"major":true,"bridge":false},"geometry":{"type":"LineString","coordinates":[[8.889745,9.9215142],[8.8898511,9.9232316],[8.8891678,9.9240598],[8.8882789,9.9247582]]}},{"type":"Feature","properties":{"kind":"road","id":"road-205402278-0","name":"Unnamed mapped trunk_link","osmWay":205402278,"major":false,"bridge":false},"geometry":{"type":"LineString","coordinates":[[8.8907557,9.9216371],[8.890356,9.9213649]]}},{"type":"Feature","properties":{"kind":"road","id":"road-205402279-0","name":"Secretariat Road","osmWay":205402279,"major":false,"bridge":false},"geometry":{"type":"LineString","coordinates":[[8.8785169,9.8916269],[8.875421,9.8930004]]}},{"type":"Feature","properties":{"kind":"road","id":"road-205402280-0","name":"Secretariat Road","osmWay":205402280,"major":false,"bridge":false},"geometry":{"type":"LineString","coordinates":[[8.8753571,9.8927816],[8.8774063,9.892105],[8.8785034,9.8915463]]}},{"type":"Feature","properties":{"kind":"road","id":"road-205402281-0","name":"Unnamed mapped tertiary","osmWay":205402281,"major":false,"bridge":false},"geometry":{"type":"LineString","coordinates":[[8.8895645,9.9215152],[8.8866648,9.9217941]]}},{"type":"Feature","properties":{"kind":"road","id":"road-205402282-0","name":"A236","osmWay":205402282,"major":true,"bridge":false},"geometry":{"type":"LineString","coordinates":[[8.8829411,9.8961873],[8.8826339,9.8967899],[8.8818665,9.9025762],[8.8823246,9.9063573],[8.8817678,9.9097714]]}},{"type":"Feature","properties":{"kind":"road","id":"road-205402283-0","name":"Zarmaganda-Rayfield Road","osmWay":205402283,"major":false,"bridge":false},"geometry":{"type":"LineString","coordinates":[[8.9005913,9.8472412],[8.8985301,9.8484235],[8.897785,9.8485168],[8.8969734,9.8482762],[8.8954924,9.8481144],[8.8932318,9.8472361],[8.8926681,9.8471445],[8.8921591,9.8466743],[8.8913775,9.8463072],[8.890046,9.8458954],[8.8895762,9.8458967],[8.8888574,9.8462248],[8.8860554,9.8483975],[8.8848406,9.8487163],[8.8826335,9.8485209],[8.8763502,9.8474432],[8.8720717,9.8465097],[8.8715989,9.8466329],[8.8701238,9.8474282],[8.8674157,9.849508]]}},{"type":"Feature","properties":{"kind":"road","id":"road-205402286-0","name":"A236","osmWay":205402286,"major":true,"bridge":false},"geometry":{"type":"LineString","coordinates":[[8.8826756,9.8959394],[8.8829537,9.8957802],[8.8830954,9.8960346],[8.8828501,9.8961911],[8.8826756,9.8959394]]}},{"type":"Feature","properties":{"kind":"road","id":"road-205402287-0","name":"A236","osmWay":205402287,"major":false,"bridge":false},"geometry":{"type":"LineString","coordinates":[[8.8791981,9.8913428],[8.8807806,9.8932387]]}},{"type":"Feature","properties":{"kind":"road","id":"road-205402288-0","name":"A3","osmWay":205402288,"major":true,"bridge":false},"geometry":{"type":"LineString","coordinates":[[8.8906314,9.9213729],[8.8906082,9.9212265],[8.8907571,9.9212098],[8.8907644,9.9213605],[8.8906314,9.9213729]]}},{"type":"Feature","properties":{"kind":"road","id":"road-205402289-0","name":"A236","osmWay":205402289,"major":true,"bridge":false},"geometry":{"type":"LineString","coordinates":[[8.8826756,9.8959394],[8.8824985,9.8953141],[8.8806878,9.893283]]}},{"type":"Feature","properties":{"kind":"road","id":"road-205402291-0","name":"Bauchi Road","osmWay":205402291,"major":true,"bridge":false},"geometry":{"type":"LineString","coordinates":[[8.8932635,9.9361049],[8.8928773,9.9352621],[8.892703,9.9326703],[8.8908418,9.9219528],[8.8906169,9.9213587]]}},{"type":"Feature","properties":{"kind":"road","id":"road-205402292-0","name":"Unnamed mapped primary","osmWay":205402292,"major":true,"bridge":false},"geometry":{"type":"LineString","coordinates":[[8.8881762,9.9246426],[8.8891169,9.9239938],[8.8897901,9.9231676],[8.8895908,9.9215367]]}},{"type":"Feature","properties":{"kind":"road","id":"road-205402293-0","name":"A236","osmWay":205402293,"major":true,"bridge":false},"geometry":{"type":"LineString","coordinates":[[8.8766648,9.8888022],[8.8785061,9.8907787]]}},{"type":"Feature","properties":{"kind":"road","id":"road-205402294-0","name":"Unnamed mapped primary","osmWay":205402294,"major":true,"bridge":false},"geometry":{"type":"LineString","coordinates":[[8.873945,9.8787888],[8.8737747,9.8785061],[8.8734072,9.8766128]]}},{"type":"Feature","properties":{"kind":"road","id":"road-205402295-0","name":"Unnamed mapped primary","osmWay":205402295,"major":true,"bridge":false},"geometry":{"type":"LineString","coordinates":[[8.889745,9.9215142],[8.8895908,9.9215367],[8.8895541,9.9213677],[8.8897294,9.9213412],[8.889745,9.9215142]]}},{"type":"Feature","properties":{"kind":"road","id":"road-205402296-0","name":"Unnamed mapped tertiary","osmWay":205402296,"major":false,"bridge":false},"geometry":{"type":"LineString","coordinates":[[8.8941756,9.9385435],[8.8960326,9.9386277],[8.8963951,9.938519],[8.8980743,9.9373185],[8.8990169,9.9363037],[8.8993095,9.9363633],[8.9002155,9.9369443],[8.902282,9.9374563],[8.9037632,9.9366957],[8.9056861,9.9362367],[8.9074096,9.9354497],[8.9079715,9.9354907]]}},{"type":"Feature","properties":{"kind":"road","id":"road-205402297-0","name":"Kaduna-Jos Highway","osmWay":205402297,"major":true,"bridge":false},"geometry":{"type":"LineString","coordinates":[[8.8559562,9.9602991],[8.8593552,9.9580062],[8.8601862,9.9572746]]}},{"type":"Feature","properties":{"kind":"road","id":"road-205402298-0","name":"Bauchi Road","osmWay":205402298,"major":true,"bridge":true},"geometry":{"type":"LineString","coordinates":[[8.893349,9.9360333],[8.8937155,9.9364787]]}},{"type":"Feature","properties":{"kind":"road","id":"road-205402300-0","name":"Unnamed mapped trunk_link","osmWay":205402300,"major":false,"bridge":false},"geometry":{"type":"LineString","coordinates":[[8.8884297,9.8942198],[8.8886293,9.8940141]]}},{"type":"Feature","properties":{"kind":"road","id":"road-205402302-0","name":"Unnamed mapped tertiary","osmWay":205402302,"major":false,"bridge":false},"geometry":{"type":"LineString","coordinates":[[8.8866648,9.9217941],[8.8895388,9.9213985]]}},{"type":"Feature","properties":{"kind":"road","id":"road-205402303-0","name":"Bauchi Road","osmWay":205402303,"major":true,"bridge":false},"geometry":{"type":"LineString","coordinates":[[8.8937155,9.9364787],[8.8942111,9.9371663],[8.8943037,9.9376829],[8.8937692,9.9407376],[8.8932683,9.9428663],[8.8922471,9.9443399],[8.891599,9.9471277]]}},{"type":"Feature","properties":{"kind":"road","id":"road-205402304-0","name":"A236","osmWay":205402304,"major":true,"bridge":true},"geometry":{"type":"LineString","coordinates":[[8.8785061,9.8907787],[8.8794731,9.8918977]]}},{"type":"Feature","properties":{"kind":"road","id":"road-205402305-0","name":"Bauchi Road","osmWay":205402305,"major":true,"bridge":false},"geometry":{"type":"LineString","coordinates":[[8.8907939,9.921297],[8.8928495,9.9331707],[8.892936,9.9352079],[8.893349,9.9360333]]}},{"type":"Feature","properties":{"kind":"road","id":"road-205402306-0","name":"Abbatoir Road","osmWay":205402306,"major":false,"bridge":false},"geometry":{"type":"LineString","coordinates":[[8.8886796,9.8945902],[8.8886293,9.8940141]]}},{"type":"Feature","properties":{"kind":"road","id":"road-205402307-0","name":"Amado-Bello Way","osmWay":205402307,"major":true,"bridge":false},"geometry":{"type":"LineString","coordinates":[[8.8895541,9.9213677],[8.8889072,9.9160278],[8.8914222,9.9104345]]}},{"type":"Feature","properties":{"kind":"road","id":"road-205402308-0","name":"Bauchi Road","osmWay":205402308,"major":true,"bridge":false},"geometry":{"type":"LineString","coordinates":[[8.8915357,9.9470643],[8.8922129,9.9441992],[8.8931604,9.9429449],[8.8934554,9.9419892],[8.8942373,9.937813],[8.8941407,9.9371951],[8.8936348,9.93655]]}},{"type":"Feature","properties":{"kind":"road","id":"road-205402310-0","name":"A3","osmWay":205402310,"major":false,"bridge":false},"geometry":{"type":"LineString","coordinates":[[8.8903708,9.921283],[8.8906416,9.9209977]]}},{"type":"Feature","properties":{"kind":"road","id":"road-205402311-0","name":"Unnamed mapped primary","osmWay":205402311,"major":true,"bridge":false},"geometry":{"type":"LineString","coordinates":[[8.8906058,9.9213479],[8.8897641,9.9214824]]}},{"type":"Feature","properties":{"kind":"road","id":"road-205482105-0","name":"A3","osmWay":205482105,"major":true,"bridge":false},"geometry":{"type":"LineString","coordinates":[[8.8888949,9.9596979],[8.8888427,9.9593463]]}},{"type":"Feature","properties":{"kind":"road","id":"road-205482108-0","name":"A3","osmWay":205482108,"major":false,"bridge":false},"geometry":{"type":"LineString","coordinates":[[8.8888809,9.9596287],[8.8885254,9.9594261]]}},{"type":"Feature","properties":{"kind":"road","id":"road-205482110-0","name":"A3","osmWay":205482110,"major":false,"bridge":false},"geometry":{"type":"LineString","coordinates":[[8.8924536,9.9572634],[8.8927782,9.9574017]]}},{"type":"Feature","properties":{"kind":"road","id":"road-205482112-0","name":"A3","osmWay":205482112,"major":true,"bridge":false},"geometry":{"type":"LineString","coordinates":[[8.89209,9.9577129],[8.8923314,9.9574447],[8.8923163,9.9570681]]}},{"type":"Feature","properties":{"kind":"road","id":"road-205482113-0","name":"A3","osmWay":205482113,"major":true,"bridge":false},"geometry":{"type":"LineString","coordinates":[[8.8889179,9.9593292],[8.8889318,9.9595687]]}},{"type":"Feature","properties":{"kind":"road","id":"road-205482115-0","name":"A3","osmWay":205482115,"major":true,"bridge":false},"geometry":{"type":"LineString","coordinates":[[8.8888427,9.9593463],[8.8900327,9.9588652],[8.8925219,9.9575174]]}},{"type":"Feature","properties":{"kind":"road","id":"road-205482118-0","name":"A3","osmWay":205482118,"major":false,"bridge":false},"geometry":{"type":"LineString","coordinates":[[8.8891215,9.9592599],[8.8889318,9.9595687]]}},{"type":"Feature","properties":{"kind":"road","id":"road-205482120-0","name":"A3","osmWay":205482120,"major":true,"bridge":false},"geometry":{"type":"LineString","coordinates":[[8.8924536,9.9572634],[8.8925219,9.9575174]]}},{"type":"Feature","properties":{"kind":"road","id":"road-205626451-0","name":"Unnamed mapped primary","osmWay":205626451,"major":true,"bridge":false},"geometry":{"type":"LineString","coordinates":[[8.8818023,9.9098327],[8.882136,9.9099162]]}},{"type":"Feature","properties":{"kind":"road","id":"road-205626452-0","name":"Unnamed mapped tertiary","osmWay":205626452,"major":false,"bridge":false},"geometry":{"type":"LineString","coordinates":[[8.8817605,9.905756],[8.8820844,9.9057975],[8.882167,9.905517]]}},{"type":"Feature","properties":{"kind":"road","id":"road-205626453-0","name":"A236","osmWay":205626453,"major":true,"bridge":false},"geometry":{"type":"LineString","coordinates":[[8.8817142,9.9099872],[8.8797158,9.9165775],[8.8795844,9.9200756],[8.8788615,9.9231973],[8.8756778,9.9285434],[8.8754705,9.9291955]]}},{"type":"Feature","properties":{"kind":"road","id":"road-205626454-0","name":"Ibrahim Taiwo Road","osmWay":205626454,"major":true,"bridge":false},"geometry":{"type":"LineString","coordinates":[[8.881631,9.9097394],[8.8819356,9.9086728],[8.8822366,9.9063493],[8.8817648,9.9027324],[8.8826729,9.8960079]]}},{"type":"Feature","properties":{"kind":"road","id":"road-205626455-0","name":"Unnamed mapped primary","osmWay":205626455,"major":true,"bridge":false},"geometry":{"type":"LineString","coordinates":[[8.8815498,9.90991],[8.8790856,9.9095652],[8.8783989,9.9093353],[8.8775381,9.9087746],[8.8768373,9.9085054],[8.8765969,9.9081039],[8.8765923,9.9074084]]}},{"type":"Feature","properties":{"kind":"road","id":"road-205626456-0","name":"Unnamed mapped primary","osmWay":205626456,"major":true,"bridge":false},"geometry":{"type":"LineString","coordinates":[[8.8767804,9.9074045],[8.8766943,9.9079852],[8.8768924,9.9083997],[8.8784011,9.9092426],[8.879335,9.9095308],[8.8815779,9.9097726]]}},{"type":"Feature","properties":{"kind":"road","id":"road-205626457-0","name":"Unnamed mapped primary","osmWay":205626457,"major":true,"bridge":false},"geometry":{"type":"LineString","coordinates":[[8.8766328,9.9074436],[8.8765971,9.9073021],[8.8767527,9.9072738],[8.8767804,9.9074045],[8.8766328,9.9074436]]}},{"type":"Feature","properties":{"kind":"road","id":"road-205626458-0","name":"Unnamed mapped tertiary","osmWay":205626458,"major":false,"bridge":false},"geometry":{"type":"LineString","coordinates":[[8.8768682,9.9071797],[8.876792,9.9073702]]}},{"type":"Feature","properties":{"kind":"road","id":"road-205626459-0","name":"Unnamed mapped tertiary","osmWay":205626459,"major":false,"bridge":false},"geometry":{"type":"LineString","coordinates":[[8.8822256,9.9065875],[8.8821022,9.9060981],[8.8817605,9.905756]]}},{"type":"Feature","properties":{"kind":"road","id":"road-205626460-0","name":"Unnamed mapped primary","osmWay":205626460,"major":true,"bridge":false},"geometry":{"type":"LineString","coordinates":[[8.8761818,9.9069542],[8.8766882,9.907252]]}},{"type":"Feature","properties":{"kind":"road","id":"road-205626461-0","name":"Unnamed mapped tertiary","osmWay":205626461,"major":false,"bridge":false},"geometry":{"type":"LineString","coordinates":[[8.8767204,9.9072568],[8.8768682,9.9071797]]}},{"type":"Feature","properties":{"kind":"road","id":"road-205626462-0","name":"Unnamed mapped primary","osmWay":205626462,"major":true,"bridge":false},"geometry":{"type":"LineString","coordinates":[[8.882136,9.9099162],[8.8817834,9.9099359]]}},{"type":"Feature","properties":{"kind":"road","id":"road-205626463-0","name":"Unnamed mapped primary","osmWay":205626463,"major":true,"bridge":false},"geometry":{"type":"LineString","coordinates":[[8.8765829,9.9073609],[8.8761818,9.9069542]]}},{"type":"Feature","properties":{"kind":"road","id":"road-205626464-0","name":"A236","osmWay":205626464,"major":true,"bridge":false},"geometry":{"type":"LineString","coordinates":[[8.8817142,9.9099872],[8.8815498,9.90991],[8.881631,9.9097394],[8.8818023,9.9098327],[8.8817142,9.9099872]]}},{"type":"Feature","properties":{"kind":"road","id":"road-205675335-0","name":"A236","osmWay":205675335,"major":true,"bridge":false},"geometry":{"type":"LineString","coordinates":[[8.8751747,9.9294313],[8.8728012,9.9294074]]}},{"type":"Feature","properties":{"kind":"road","id":"road-205675336-0","name":"A236","osmWay":205675336,"major":true,"bridge":true},"geometry":{"type":"LineString","coordinates":[[8.861847,9.9559508],[8.8619747,9.9557703]]}},{"type":"Feature","properties":{"kind":"road","id":"road-205675337-0","name":"A236","osmWay":205675337,"major":true,"bridge":false},"geometry":{"type":"LineString","coordinates":[[8.8619487,9.9560089],[8.8604803,9.9574115]]}},{"type":"Feature","properties":{"kind":"road","id":"road-205675338-0","name":"Unnamed mapped trunk_link","osmWay":205675338,"major":false,"bridge":false},"geometry":{"type":"LineString","coordinates":[[8.8722164,9.9293493],[8.8716585,9.9294391],[8.8710175,9.9297747],[8.8703938,9.9303612],[8.8700168,9.9310187]]}},{"type":"Feature","properties":{"kind":"road","id":"road-205675339-0","name":"A236","osmWay":205675339,"major":true,"bridge":false},"geometry":{"type":"LineString","coordinates":[[8.8728128,9.9292987],[8.8741959,9.929335],[8.8751233,9.9290988]]}},{"type":"Feature","properties":{"kind":"road","id":"road-205675340-0","name":"Unnamed mapped tertiary","osmWay":205675340,"major":false,"bridge":false},"geometry":{"type":"LineString","coordinates":[[8.8609898,9.9274513],[8.8594766,9.9276685],[8.8564981,9.927733],[8.8521884,9.9280898],[8.8510352,9.9280353],[8.8446533,9.9269811],[8.8437388,9.9266043],[8.8421956,9.9256109],[8.8390715,9.9246365],[8.8359454,9.9233757],[8.8321536,9.9236512],[8.8299337,9.9241173],[8.8268825,9.9243945],[8.8239318,9.9236641],[8.8211561,9.9219222],[8.8206746,9.9217469],[8.8199384,9.9217184],[8.8191454,9.9219565],[8.8184371,9.9225305],[8.8174509,9.9243824],[8.8169078,9.9250207],[8.8145516,9.9262629],[8.8072097,9.9316035]]}},{"type":"Feature","properties":{"kind":"road","id":"road-205675341-0","name":"A236","osmWay":205675341,"major":true,"bridge":true},"geometry":{"type":"LineString","coordinates":[[8.8728012,9.9294074],[8.8725557,9.9293805]]}},{"type":"Feature","properties":{"kind":"road","id":"road-205675342-0","name":"Zaria Road","osmWay":205675342,"major":true,"bridge":false},"geometry":{"type":"LineString","coordinates":[[8.8703469,9.9300891],[8.8699765,9.9311881],[8.8695456,9.9343064],[8.8668385,9.9441312],[8.8636763,9.9523289],[8.8620804,9.955824]]}},{"type":"Feature","properties":{"kind":"road","id":"road-205675343-0","name":"Polo roundabout","osmWay":205675343,"major":true,"bridge":false},"geometry":{"type":"LineString","coordinates":[[8.8752091,9.9294446],[8.8750741,9.9291708],[8.8753516,9.9290584],[8.8754639,9.9293193],[8.8752091,9.9294446]]}},{"type":"Feature","properties":{"kind":"road","id":"road-205675344-0","name":"Unnamed mapped primary","osmWay":205675344,"major":true,"bridge":true},"geometry":{"type":"LineString","coordinates":[[8.8783943,9.9313841],[8.8782686,9.9313377]]}},{"type":"Feature","properties":{"kind":"road","id":"road-205675345-0","name":"A236","osmWay":205675345,"major":true,"bridge":false},"geometry":{"type":"LineString","coordinates":[[8.8707062,9.9296944],[8.8717269,9.9292655],[8.8725969,9.9292778]]}},{"type":"Feature","properties":{"kind":"road","id":"road-205675346-0","name":"Unnamed mapped primary","osmWay":205675346,"major":true,"bridge":false},"geometry":{"type":"LineString","coordinates":[[8.8782686,9.9313377],[8.8766268,9.9307082],[8.8757408,9.9297879]]}},{"type":"Feature","properties":{"kind":"road","id":"road-205675347-0","name":"Unnamed mapped primary","osmWay":205675347,"major":true,"bridge":false},"geometry":{"type":"LineString","coordinates":[[8.8757408,9.9297879],[8.8752091,9.9294446]]}},{"type":"Feature","properties":{"kind":"road","id":"road-205675348-0","name":"A236","osmWay":205675348,"major":true,"bridge":true},"geometry":{"type":"LineString","coordinates":[[8.8702911,9.9300148],[8.8707062,9.9296944]]}},{"type":"Feature","properties":{"kind":"road","id":"road-205675349-0","name":"A236","osmWay":205675349,"major":true,"bridge":false},"geometry":{"type":"LineString","coordinates":[[8.8725557,9.9293805],[8.8716153,9.9293704],[8.8707383,9.9297614]]}},{"type":"Feature","properties":{"kind":"road","id":"road-205675350-0","name":"Unnamed mapped trunk_link","osmWay":205675350,"major":false,"bridge":false},"geometry":{"type":"LineString","coordinates":[[8.8699695,9.9308295],[8.8701592,9.9298262],[8.8700361,9.9293411]]}},{"type":"Feature","properties":{"kind":"road","id":"road-205675351-0","name":"A236","osmWay":205675351,"major":true,"bridge":true},"geometry":{"type":"LineString","coordinates":[[8.8725969,9.9292778],[8.8728128,9.9292987]]}},{"type":"Feature","properties":{"kind":"road","id":"road-205675352-0","name":"Unnamed mapped tertiary","osmWay":205675352,"major":false,"bridge":false},"geometry":{"type":"LineString","coordinates":[[8.8609898,9.9274513],[8.861895,9.9273678],[8.8633195,9.9282053],[8.8647384,9.9285408],[8.8664672,9.9288203],[8.8678391,9.9287522],[8.8693793,9.9289738]]}},{"type":"Feature","properties":{"kind":"road","id":"road-205675353-0","name":"A236","osmWay":205675353,"major":true,"bridge":false},"geometry":{"type":"LineString","coordinates":[[8.8752278,9.9290451],[8.8784644,9.9238195],[8.8788146,9.9230176],[8.8794529,9.9202487],[8.8796327,9.9165273],[8.8805245,9.9133514],[8.8812219,9.9115072],[8.8815651,9.9099382]]}},{"type":"Feature","properties":{"kind":"road","id":"road-205675354-0","name":"Unnamed mapped trunk_link","osmWay":205675354,"major":false,"bridge":false},"geometry":{"type":"LineString","coordinates":[[8.8703775,9.9297179],[8.8705481,9.9295052],[8.8712601,9.929309]]}},{"type":"Feature","properties":{"kind":"road","id":"road-205675355-0","name":"A236","osmWay":205675355,"major":true,"bridge":true},"geometry":{"type":"LineString","coordinates":[[8.8707383,9.9297614],[8.8703469,9.9300891]]}},{"type":"Feature","properties":{"kind":"road","id":"road-205675356-0","name":"Unnamed mapped primary","osmWay":205675356,"major":true,"bridge":false},"geometry":{"type":"LineString","coordinates":[[8.8754767,9.9292326],[8.8757408,9.9297879]]}},{"type":"Feature","properties":{"kind":"road","id":"road-205675357-0","name":"Unnamed mapped tertiary","osmWay":205675357,"major":false,"bridge":false},"geometry":{"type":"LineString","coordinates":[[8.8700361,9.9293411],[8.8693485,9.9290527],[8.8681127,9.9288526],[8.8665999,9.9289107],[8.864309,9.9285612]]}},{"type":"Feature","properties":{"kind":"road","id":"road-205675358-0","name":"A236","osmWay":205675358,"major":true,"bridge":false},"geometry":{"type":"LineString","coordinates":[[8.8619747,9.9557703],[8.8624586,9.9549496],[8.8638117,9.9517424],[8.8668437,9.9438022],[8.8694384,9.9343724],[8.8698668,9.9312912],[8.8702911,9.9300148]]}},{"type":"Feature","properties":{"kind":"road","id":"road-205675360-0","name":"A236","osmWay":205675360,"major":true,"bridge":true},"geometry":{"type":"LineString","coordinates":[[8.8620804,9.955824],[8.8619487,9.9560089]]}},{"type":"Feature","properties":{"kind":"road","id":"road-205694168-0","name":"Kaduna-Jos Highway","osmWay":205694168,"major":true,"bridge":false},"geometry":{"type":"LineString","coordinates":[[8.8476123,9.9870845],[8.8460012,9.991331]]}},{"type":"Feature","properties":{"kind":"road","id":"road-205694168-1","name":"Kaduna-Jos Highway","osmWay":205694168,"major":true,"bridge":false},"geometry":{"type":"LineString","coordinates":[[8.8559562,9.9602991],[8.8533427,9.9619499],[8.8486616,9.9645916],[8.8479697,9.9653766],[8.8475789,9.9662246],[8.8473894,9.9677316],[8.8472794,9.9722209],[8.8493568,9.9815351],[8.8492383,9.9826414],[8.8486936,9.9842474]]}},{"type":"Feature","properties":{"kind":"road","id":"road-205694169-0","name":"Kaduna-Jos Highway","osmWay":205694169,"major":true,"bridge":false},"geometry":{"type":"LineString","coordinates":[[8.860345,9.9575348],[8.8559562,9.9602991]]}},{"type":"Feature","properties":{"kind":"road","id":"road-205694170-0","name":"A236","osmWay":205694170,"major":false,"bridge":false},"geometry":{"type":"LineString","coordinates":[[8.8609039,9.9569755],[8.8608034,9.9572268],[8.861077,9.9572719]]}},{"type":"Feature","properties":{"kind":"road","id":"road-205694171-0","name":"A236","osmWay":205694171,"major":true,"bridge":false},"geometry":{"type":"LineString","coordinates":[[8.8603126,9.9575364],[8.8601536,9.9573729],[8.8603437,9.9572093],[8.8604875,9.9573767],[8.8603126,9.9575364]]}},{"type":"Feature","properties":{"kind":"road","id":"road-205694173-0","name":"Farin Gada Road","osmWay":205694173,"major":false,"bridge":true},"geometry":{"type":"LineString","coordinates":[[8.862723,9.9572863],[8.8625363,9.9572612]]}},{"type":"Feature","properties":{"kind":"road","id":"road-205694174-0","name":"Farin Gada Road","osmWay":205694174,"major":false,"bridge":false},"geometry":{"type":"LineString","coordinates":[[8.8622601,9.9572599],[8.8604,9.9575168]]}},{"type":"Feature","properties":{"kind":"road","id":"road-205694175-0","name":"A236","osmWay":205694175,"major":true,"bridge":false},"geometry":{"type":"LineString","coordinates":[[8.8602813,9.9572123],[8.8610609,9.9567407],[8.861847,9.9559508]]}},{"type":"Feature","properties":{"kind":"road","id":"road-205694176-0","name":"Farin Gada Road","osmWay":205694176,"major":false,"bridge":false},"geometry":{"type":"LineString","coordinates":[[8.8604446,9.957262],[8.8622601,9.9572599]]}},{"type":"Feature","properties":{"kind":"road","id":"road-205694178-0","name":"Farin Gada Road","osmWay":205694178,"major":false,"bridge":false},"geometry":{"type":"LineString","coordinates":[[8.8625363,9.9572612],[8.8622601,9.9572599]]}},{"type":"Feature","properties":{"kind":"road","id":"road-205976169-0","name":"Unnamed mapped primary","osmWay":205976169,"major":true,"bridge":false},"geometry":{"type":"LineString","coordinates":[[8.8890951,9.9134885],[8.8896404,9.9137504]]}},{"type":"Feature","properties":{"kind":"road","id":"road-205976170-0","name":"Unnamed mapped primary","osmWay":205976170,"major":true,"bridge":false},"geometry":{"type":"LineString","coordinates":[[8.888981,9.9112309],[8.8886283,9.9110831]]}},{"type":"Feature","properties":{"kind":"road","id":"road-205976172-0","name":"Unnamed mapped primary","osmWay":205976172,"major":true,"bridge":false},"geometry":{"type":"LineString","coordinates":[[8.8896404,9.9137504],[8.8899389,9.9138833]]}},{"type":"Feature","properties":{"kind":"road","id":"road-205976174-0","name":"Unnamed mapped primary","osmWay":205976174,"major":true,"bridge":false},"geometry":{"type":"LineString","coordinates":[[8.8884851,9.9108937],[8.8884352,9.9104518]]}},{"type":"Feature","properties":{"kind":"road","id":"road-205976175-0","name":"Unnamed mapped primary_link","osmWay":205976175,"major":false,"bridge":false},"geometry":{"type":"LineString","coordinates":[[8.8886137,9.916275],[8.8889072,9.9160278]]}},{"type":"Feature","properties":{"kind":"road","id":"road-205976176-0","name":"Unnamed mapped trunk_link","osmWay":205976176,"major":false,"bridge":false},"geometry":{"type":"LineString","coordinates":[[8.8947469,9.9079151],[8.8944516,9.9074625]]}},{"type":"Feature","properties":{"kind":"road","id":"road-205976179-0","name":"Tafawa Balewa Street","osmWay":205976179,"major":false,"bridge":false},"geometry":{"type":"LineString","coordinates":[[8.8866648,9.9217941],[8.8852699,9.9219964],[8.8844391,9.9224623],[8.881924,9.9259179],[8.8813936,9.9269538],[8.8805525,9.9297237],[8.880768,9.9307093]]}},{"type":"Feature","properties":{"kind":"road","id":"road-205976180-0","name":"Sarki Mangu Street","osmWay":205976180,"major":true,"bridge":false},"geometry":{"type":"LineString","coordinates":[[8.8880035,9.9108384],[8.886221,9.9106156]]}},{"type":"Feature","properties":{"kind":"road","id":"road-205976181-0","name":"Unnamed mapped primary_link","osmWay":205976181,"major":false,"bridge":false},"geometry":{"type":"LineString","coordinates":[[8.888894,9.916532],[8.8886675,9.9163225]]}},{"type":"Feature","properties":{"kind":"road","id":"road-205976183-0","name":"Unnamed mapped tertiary","osmWay":205976183,"major":false,"bridge":false},"geometry":{"type":"LineString","coordinates":[[8.8889662,9.9162627],[8.8885257,9.9163218]]}},{"type":"Feature","properties":{"kind":"road","id":"road-205976193-0","name":"Unnamed mapped primary_link","osmWay":205976193,"major":false,"bridge":false},"geometry":{"type":"LineString","coordinates":[[8.8896404,9.9137504],[8.8899389,9.9136225]]}},{"type":"Feature","properties":{"kind":"road","id":"road-205976194-0","name":"Unnamed mapped primary","osmWay":205976194,"major":true,"bridge":false},"geometry":{"type":"LineString","coordinates":[[8.8914222,9.9104345],[8.8914155,9.9101042],[8.8911455,9.9098826],[8.8882048,9.9085578],[8.8877613,9.9085181]]}},{"type":"Feature","properties":{"kind":"road","id":"road-205976197-0","name":"Unnamed mapped primary","osmWay":205976197,"major":true,"bridge":false},"geometry":{"type":"LineString","coordinates":[[8.8885602,9.9110542],[8.8885316,9.9107905],[8.8887922,9.9107866],[8.8888095,9.9110129],[8.8885602,9.9110542]]}},{"type":"Feature","properties":{"kind":"road","id":"road-205976198-0","name":"Unnamed mapped primary","osmWay":205976198,"major":true,"bridge":false},"geometry":{"type":"LineString","coordinates":[[8.8880035,9.9108384],[8.8885549,9.9107693]]}},{"type":"Feature","properties":{"kind":"road","id":"road-205976199-0","name":"Unnamed mapped primary","osmWay":205976199,"major":true,"bridge":false},"geometry":{"type":"LineString","coordinates":[[8.8888364,9.9109575],[8.888981,9.9112309]]}},{"type":"Feature","properties":{"kind":"road","id":"road-205976200-0","name":"Unnamed mapped primary","osmWay":205976200,"major":true,"bridge":false},"geometry":{"type":"LineString","coordinates":[[8.889594,9.913843],[8.8890951,9.9134885]]}},{"type":"Feature","properties":{"kind":"road","id":"road-205976201-0","name":"Unnamed mapped primary","osmWay":205976201,"major":true,"bridge":false},"geometry":{"type":"LineString","coordinates":[[8.8893368,9.9113906],[8.8896399,9.9115733],[8.8894913,9.9119597]]}},{"type":"Feature","properties":{"kind":"road","id":"road-205976203-0","name":"Unnamed mapped primary_link","osmWay":205976203,"major":false,"bridge":false},"geometry":{"type":"LineString","coordinates":[[8.8896582,9.9142306],[8.889594,9.913843]]}},{"type":"Feature","properties":{"kind":"road","id":"road-205976206-0","name":"Unnamed mapped trunk_link","osmWay":205976206,"major":false,"bridge":false},"geometry":{"type":"LineString","coordinates":[[8.8945249,9.907457],[8.8947012,9.9073748],[8.8947689,9.9071433]]}},{"type":"Feature","properties":{"kind":"road","id":"road-205976207-0","name":"Unnamed mapped primary_link","osmWay":205976207,"major":false,"bridge":false},"geometry":{"type":"LineString","coordinates":[[8.8876281,9.9081795],[8.8882048,9.9085578]]}},{"type":"Feature","properties":{"kind":"road","id":"road-205976208-0","name":"Unnamed mapped primary","osmWay":205976208,"major":true,"bridge":false},"geometry":{"type":"LineString","coordinates":[[8.8884352,9.9104518],[8.8886817,9.910734]]}},{"type":"Feature","properties":{"kind":"road","id":"road-205976210-0","name":"Unnamed mapped tertiary","osmWay":205976210,"major":false,"bridge":false},"geometry":{"type":"LineString","coordinates":[[8.8885257,9.9163218],[8.8889773,9.9161746]]}},{"type":"Feature","properties":{"kind":"road","id":"road-205976213-0","name":"Unnamed mapped primary","osmWay":205976213,"major":true,"bridge":false},"geometry":{"type":"LineString","coordinates":[[8.8898808,9.914001],[8.889594,9.913843]]}},{"type":"Feature","properties":{"kind":"road","id":"road-205976222-0","name":"Unnamed mapped primary","osmWay":205976222,"major":true,"bridge":false},"geometry":{"type":"LineString","coordinates":[[8.8894913,9.9119597],[8.8895407,9.9115918],[8.8893368,9.9113906]]}},{"type":"Feature","properties":{"kind":"road","id":"road-205976226-0","name":"Unnamed mapped primary","osmWay":205976226,"major":true,"bridge":false},"geometry":{"type":"LineString","coordinates":[[8.8893368,9.9113906],[8.888981,9.9112309]]}},{"type":"Feature","properties":{"kind":"road","id":"road-205976232-0","name":"Unnamed mapped primary","osmWay":205976232,"major":true,"bridge":false},"geometry":{"type":"LineString","coordinates":[[8.8885602,9.9110542],[8.8880035,9.9108384]]}},{"type":"Feature","properties":{"kind":"road","id":"road-205991333-0","name":"Unnamed mapped primary","osmWay":205991333,"major":true,"bridge":false},"geometry":{"type":"LineString","coordinates":[[8.8881123,9.9248142],[8.8861022,9.9251616],[8.8855949,9.9256078]]}},{"type":"Feature","properties":{"kind":"road","id":"road-205991340-0","name":"Unnamed mapped primary","osmWay":205991340,"major":true,"bridge":false},"geometry":{"type":"LineString","coordinates":[[8.8855949,9.9256078],[8.8857535,9.925299],[8.886062,9.9251114],[8.8880909,9.9246971]]}},{"type":"Feature","properties":{"kind":"road","id":"road-205991344-0","name":"Unnamed mapped primary_link","osmWay":205991344,"major":false,"bridge":false},"geometry":{"type":"LineString","coordinates":[[8.8857911,9.9249846],[8.8861451,9.9250902]]}},{"type":"Feature","properties":{"kind":"road","id":"road-205991349-0","name":"Unnamed mapped primary_link","osmWay":205991349,"major":false,"bridge":false},"geometry":{"type":"LineString","coordinates":[[8.8900929,9.9231269],[8.8898306,9.9232733]]}},{"type":"Feature","properties":{"kind":"road","id":"road-205991352-0","name":"old buruku park road","osmWay":205991352,"major":false,"bridge":false},"geometry":{"type":"LineString","coordinates":[[8.8873202,9.9252683],[8.8864608,9.9258348],[8.885906,9.926438],[8.8849696,9.9292205]]}},{"type":"Feature","properties":{"kind":"road","id":"road-205991367-0","name":"Unnamed mapped tertiary","osmWay":205991367,"major":false,"bridge":false},"geometry":{"type":"LineString","coordinates":[[8.8900922,9.9230611],[8.8906749,9.9229967]]}},{"type":"Feature","properties":{"kind":"road","id":"road-205991370-0","name":"fire service road","osmWay":205991370,"major":false,"bridge":false},"geometry":{"type":"LineString","coordinates":[[8.8886609,9.9289412],[8.888133,9.9248279]]}},{"type":"Feature","properties":{"kind":"road","id":"road-205991377-0","name":"Unnamed mapped tertiary","osmWay":205991377,"major":false,"bridge":false},"geometry":{"type":"LineString","coordinates":[[8.8913431,9.9245113],[8.8939028,9.9241193]]}},{"type":"Feature","properties":{"kind":"road","id":"road-205991382-0","name":"Unnamed mapped tertiary","osmWay":205991382,"major":false,"bridge":false},"geometry":{"type":"LineString","coordinates":[[8.8882766,9.924768],[8.8887303,9.9289315]]}},{"type":"Feature","properties":{"kind":"road","id":"road-205991385-0","name":"Unnamed mapped primary","osmWay":205991385,"major":true,"bridge":false},"geometry":{"type":"LineString","coordinates":[[8.8882666,9.9247911],[8.888133,9.9248279],[8.8880909,9.9246971],[8.8882198,9.9246505],[8.8882666,9.9247911]]}},{"type":"Feature","properties":{"kind":"road","id":"road-205991393-0","name":"Unnamed mapped primary_link","osmWay":205991393,"major":false,"bridge":false},"geometry":{"type":"LineString","coordinates":[[8.889878,9.9228802],[8.8900922,9.9230611]]}},{"type":"Feature","properties":{"kind":"road","id":"road-205991397-0","name":"Unnamed mapped tertiary","osmWay":205991397,"major":false,"bridge":false},"geometry":{"type":"LineString","coordinates":[[8.8887518,9.9294944],[8.8888241,9.9305908],[8.8879061,9.9332069],[8.8874975,9.9351367]]}},{"type":"Feature","properties":{"kind":"road","id":"road-205991403-0","name":"Unnamed mapped tertiary","osmWay":205991403,"major":false,"bridge":false},"geometry":{"type":"LineString","coordinates":[[8.8898054,9.9230517],[8.8900922,9.9230611]]}},{"type":"Feature","properties":{"kind":"road","id":"road-205991407-0","name":"Unnamed mapped primary_link","osmWay":205991407,"major":false,"bridge":false},"geometry":{"type":"LineString","coordinates":[[8.8856512,9.9254546],[8.8857512,9.925055]]}},{"type":"Feature","properties":{"kind":"road","id":"road-205991412-0","name":"Unnamed mapped tertiary","osmWay":205991412,"major":false,"bridge":false},"geometry":{"type":"LineString","coordinates":[[8.8906749,9.9229967],[8.8910127,9.9229357]]}},{"type":"Feature","properties":{"kind":"road","id":"road-205991420-0","name":"Unnamed mapped primary_link","osmWay":205991420,"major":false,"bridge":false},"geometry":{"type":"LineString","coordinates":[[8.8873202,9.9252683],[8.8871771,9.9250044]]}},{"type":"Feature","properties":{"kind":"road","id":"road-205991426-0","name":"Unnamed mapped tertiary","osmWay":205991426,"major":false,"bridge":false},"geometry":{"type":"LineString","coordinates":[[8.8906749,9.9229967],[8.8900929,9.9231269]]}},{"type":"Feature","properties":{"kind":"road","id":"road-205991429-0","name":"Unnamed mapped primary","osmWay":205991429,"major":true,"bridge":false},"geometry":{"type":"LineString","coordinates":[[8.8855949,9.9256078],[8.8844426,9.9293186]]}},{"type":"Feature","properties":{"kind":"road","id":"road-205991433-0","name":"Old Bukuru Park Road","osmWay":205991433,"major":false,"bridge":false},"geometry":{"type":"LineString","coordinates":[[8.8878412,9.9248635],[8.8873202,9.9252683]]}},{"type":"Feature","properties":{"kind":"road","id":"road-205991457-0","name":"Unnamed mapped tertiary","osmWay":205991457,"major":false,"bridge":false},"geometry":{"type":"LineString","coordinates":[[8.8900929,9.9231269],[8.8897901,9.9231676]]}},{"type":"Feature","properties":{"kind":"road","id":"road-205991460-0","name":"Unnamed mapped tertiary","osmWay":205991460,"major":false,"bridge":false},"geometry":{"type":"LineString","coordinates":[[8.8831056,9.9242087],[8.8824095,9.9236975],[8.8823218,9.9230169],[8.8832541,9.9219281],[8.8841467,9.9203306],[8.8843972,9.9200993],[8.8852953,9.91966],[8.8903136,9.918986]]}},{"type":"Feature","properties":{"kind":"road","id":"road-205997951-0","name":"Unnamed mapped primary","osmWay":205997951,"major":true,"bridge":false},"geometry":{"type":"LineString","coordinates":[[8.8844426,9.9293186],[8.8845425,9.9294545]]}},{"type":"Feature","properties":{"kind":"road","id":"road-205997958-0","name":"Unnamed mapped primary","osmWay":205997958,"major":true,"bridge":false},"geometry":{"type":"LineString","coordinates":[[8.883878,9.9297448],[8.8845425,9.9294545],[8.8886609,9.9289412]]}},{"type":"Feature","properties":{"kind":"road","id":"road-205997976-0","name":"Unnamed mapped primary","osmWay":205997976,"major":true,"bridge":false},"geometry":{"type":"LineString","coordinates":[[8.8886686,9.9290111],[8.8846645,9.9295223],[8.883878,9.9297448]]}},{"type":"Feature","properties":{"kind":"road","id":"road-205997987-0","name":"Unnamed mapped primary","osmWay":205997987,"major":true,"bridge":false},"geometry":{"type":"LineString","coordinates":[[8.8842137,9.9295429],[8.8844426,9.9293186]]}},{"type":"Feature","properties":{"kind":"road","id":"road-205997993-0","name":"Unnamed mapped primary","osmWay":205997993,"major":true,"bridge":false},"geometry":{"type":"LineString","coordinates":[[8.883878,9.9297448],[8.8802496,9.9313652],[8.8793473,9.93154],[8.8783943,9.9313841]]}},{"type":"Feature","properties":{"kind":"road","id":"road-206015588-0","name":"A3","osmWay":206015588,"major":true,"bridge":false},"geometry":{"type":"LineString","coordinates":[[8.9454045,10.0234967],[8.9407843,10.0222366],[8.9382161,10.021357],[8.9272942,10.0167598],[8.9247796,10.0149571],[8.9194004,10.0092874],[8.917256,10.0074226],[8.9144517,10.0056344],[8.9106417,10.0040139],[8.9093985,10.0029745],[8.9085938,10.0016379],[8.9083484,10.0005391],[8.9084208,9.9993847],[8.9087856,9.9973574],[8.9087977,9.9963787],[8.9086206,9.9950804],[8.9081432,9.9938125],[8.9071199,9.9923544],[8.9014149,9.9868111],[8.8999866,9.9851152],[8.8987555,9.9832714],[8.8971569,9.9799469],[8.8930558,9.9676235],[8.8921925,9.9663425],[8.8916088,9.9658125],[8.8896534,9.9646212],[8.8892018,9.9641427],[8.8887227,9.9633241],[8.8884893,9.9621089],[8.8888949,9.9596979]]}},{"type":"Feature","properties":{"kind":"road","id":"road-206104145-0","name":"Unnamed mapped primary_link","osmWay":206104145,"major":false,"bridge":false},"geometry":{"type":"LineString","coordinates":[[8.880732,9.9312003],[8.8808303,9.930957]]}},{"type":"Feature","properties":{"kind":"road","id":"road-206104158-0","name":"Unnamed mapped tertiary","osmWay":206104158,"major":false,"bridge":false},"geometry":{"type":"LineString","coordinates":[[8.8809067,9.9311274],[8.880768,9.9307093]]}},{"type":"Feature","properties":{"kind":"road","id":"road-206104180-0","name":"Unnamed mapped primary_link","osmWay":206104180,"major":false,"bridge":false},"geometry":{"type":"LineString","coordinates":[[8.8808874,9.9309306],[8.881124,9.9310323]]}},{"type":"Feature","properties":{"kind":"road","id":"road-206104203-0","name":"Unnamed mapped tertiary","osmWay":206104203,"major":false,"bridge":false},"geometry":{"type":"LineString","coordinates":[[8.880768,9.9307093],[8.8809617,9.9311036]]}},{"type":"Feature","properties":{"kind":"road","id":"road-211848848-0","name":"Secretariat Road","osmWay":211848848,"major":false,"bridge":false},"geometry":{"type":"LineString","coordinates":[[8.8752072,9.8930432],[8.8730143,9.8947554],[8.8722298,9.8952257],[8.8720724,9.8957299],[8.8716772,9.8960329],[8.8714305,9.8968124],[8.8721821,9.897177],[8.8718127,9.8984268],[8.8727833,9.8994178],[8.8727964,9.9002295],[8.8724383,9.9018863],[8.8725768,9.9025405],[8.87293,9.9031764],[8.8727203,9.9035918],[8.874359,9.905144]]}},{"type":"Feature","properties":{"kind":"road","id":"road-218801355-0","name":"Unnamed mapped tertiary","osmWay":218801355,"major":false,"bridge":false},"geometry":{"type":"LineString","coordinates":[[8.8867255,9.8713608],[8.8866568,9.8710928]]}},{"type":"Feature","properties":{"kind":"road","id":"road-218801356-0","name":"Unnamed mapped tertiary","osmWay":218801356,"major":false,"bridge":false},"geometry":{"type":"LineString","coordinates":[[8.8867612,9.8710506],[8.8867794,9.8712934]]}},{"type":"Feature","properties":{"kind":"road","id":"road-218801357-0","name":"Unnamed mapped primary","osmWay":218801357,"major":true,"bridge":false},"geometry":{"type":"LineString","coordinates":[[8.8865506,9.8708386],[8.8868578,9.8703036]]}},{"type":"Feature","properties":{"kind":"road","id":"road-218801359-0","name":"Unnamed mapped primary","osmWay":218801359,"major":true,"bridge":false},"geometry":{"type":"LineString","coordinates":[[8.8869251,9.870351],[8.8867753,9.8708541]]}},{"type":"Feature","properties":{"kind":"road","id":"road-218801360-0","name":"Old Airport Road","osmWay":218801360,"major":true,"bridge":false},"geometry":{"type":"LineString","coordinates":[[8.8866262,9.8710899],[8.8860808,9.8714084],[8.8737567,9.8765353]]}},{"type":"Feature","properties":{"kind":"road","id":"road-218801361-0","name":"Unnamed mapped primary","osmWay":218801361,"major":true,"bridge":false},"geometry":{"type":"LineString","coordinates":[[8.8867612,9.8710506],[8.8865603,9.8710589],[8.8865506,9.8708386],[8.8867753,9.8708541],[8.8867612,9.8710506]]}},{"type":"Feature","properties":{"kind":"road","id":"road-218801362-0","name":"Gold and Base","osmWay":218801362,"major":true,"bridge":false},"geometry":{"type":"LineString","coordinates":[[8.9032723,9.8651694],[8.9065981,9.8656477],[8.9061698,9.8672286],[8.9072536,9.8678725],[8.9068835,9.869342],[8.9059524,9.8714728],[8.9041073,9.8725941],[8.9034209,9.8732848],[8.9030276,9.8739435],[8.9029321,9.874929],[8.9034781,9.8772351],[8.9010957,9.8778296],[8.8993422,9.8772773],[8.8986924,9.8772456],[8.8975575,9.8784068],[8.896835,9.879423],[8.8960786,9.8793622],[8.8959478,9.8794653],[8.8960042,9.8804437],[8.8958372,9.8813044],[8.8959113,9.8829252],[8.8963629,9.8856498],[8.896713,9.8864954],[8.8968048,9.8872267],[8.896253,9.8902951],[8.895736,9.8917629],[8.899584,9.8925598],[8.8977402,9.8959193],[8.8964466,9.897576],[8.8963048,9.8987947],[8.8964579,9.8999765],[8.8960169,9.9009264]]}},{"type":"Feature","properties":{"kind":"road","id":"road-220425699-0","name":"Unnamed mapped primary","osmWay":220425699,"major":true,"bridge":false},"geometry":{"type":"LineString","coordinates":[[8.8661328,9.8123375],[8.8667527,9.8120572],[8.8668915,9.8117618],[8.8682842,9.8016377],[8.8682373,9.8009479]]}},{"type":"Feature","properties":{"kind":"road","id":"road-226277724-0","name":"Unnamed mapped tertiary","osmWay":226277724,"major":false,"bridge":false},"geometry":{"type":"LineString","coordinates":[[8.8600123,9.8343968],[8.8590868,9.8351005],[8.8589484,9.8358117],[8.8582351,9.8371753],[8.8580932,9.8400603],[8.8565403,9.8400725],[8.8560453,9.840203],[8.8560403,9.8419309],[8.8559118,9.842901],[8.8549951,9.8457066],[8.8551316,9.8473],[8.8550547,9.8477677],[8.8538219,9.8505651]]}},{"type":"Feature","properties":{"kind":"road","id":"road-226277730-0","name":"Unnamed mapped tertiary","osmWay":226277730,"major":false,"bridge":false},"geometry":{"type":"LineString","coordinates":[[8.8658006,9.839073],[8.8655752,9.8389001],[8.8652502,9.8379854],[8.8647456,9.8373456],[8.8639621,9.8369994],[8.8618201,9.8365168],[8.860403,9.8351785],[8.8598903,9.8339858],[8.8592854,9.8288865],[8.8593538,9.8279999],[8.8599319,9.8270366],[8.8620047,9.8251234],[8.8645372,9.8220217],[8.8647678,9.8216094],[8.8653249,9.8191909]]}},{"type":"Feature","properties":{"kind":"road","id":"road-239387898-0","name":"Unnamed mapped tertiary","osmWay":239387898,"major":false,"bridge":false},"geometry":{"type":"LineString","coordinates":[[8.864309,9.9285612],[8.8643203,9.9284597]]}},{"type":"Feature","properties":{"kind":"road","id":"road-239387899-0","name":"Unnamed mapped tertiary","osmWay":239387899,"major":false,"bridge":false},"geometry":{"type":"LineString","coordinates":[[8.864309,9.9285612],[8.8632898,9.928303],[8.8620187,9.927521],[8.8609898,9.9274513]]}},{"type":"Feature","properties":{"kind":"road","id":"road-239387900-0","name":"Unnamed mapped tertiary","osmWay":239387900,"major":false,"bridge":false},"geometry":{"type":"LineString","coordinates":[[8.8702934,9.9292821],[8.8712601,9.929309]]}},{"type":"Feature","properties":{"kind":"road","id":"road-248639687-0","name":"Unnamed mapped secondary","osmWay":248639687,"major":false,"bridge":false},"geometry":{"type":"LineString","coordinates":[[8.9002323,9.8412752],[8.9000552,9.8413581]]}},{"type":"Feature","properties":{"kind":"road","id":"road-248639765-0","name":"Unnamed mapped tertiary","osmWay":248639765,"major":false,"bridge":false},"geometry":{"type":"LineString","coordinates":[[8.898243,9.9254206],[8.9039596,9.9231358]]}},{"type":"Feature","properties":{"kind":"road","id":"road-248639777-0","name":"Unnamed mapped primary","osmWay":248639777,"major":true,"bridge":false},"geometry":{"type":"LineString","coordinates":[[8.8814193,9.8250187],[8.881786,9.8257019],[8.8824717,9.8262145],[8.8898894,9.8296609],[8.8919573,9.8314092],[8.8936637,9.8326288],[8.8939901,9.8330052],[8.8950787,9.8354729],[8.8977147,9.8392018],[8.8998523,9.8412191]]}},{"type":"Feature","properties":{"kind":"road","id":"road-248639786-0","name":"Unnamed mapped primary","osmWay":248639786,"major":true,"bridge":false},"geometry":{"type":"LineString","coordinates":[[8.9000617,9.8413322],[8.8999194,9.841437],[8.8998151,9.8413042],[8.8999588,9.8411955],[8.9000617,9.8413322]]}},{"type":"Feature","properties":{"kind":"road","id":"road-248640086-0","name":"Unnamed mapped tertiary","osmWay":248640086,"major":false,"bridge":true},"geometry":{"type":"LineString","coordinates":[[8.8652798,9.8787302],[8.8651541,9.8786003]]}},{"type":"Feature","properties":{"kind":"road","id":"road-248640855-0","name":"Duse Uku Road","osmWay":248640855,"major":false,"bridge":false},"geometry":{"type":"LineString","coordinates":[[8.9036948,9.9296276],[8.9029032,9.9276159],[8.903014,9.9255318],[8.9039596,9.9231358],[8.9050895,9.9221576],[8.9064946,9.9206084],[8.908315,9.9193291],[8.908989,9.9202973],[8.9091937,9.920397],[8.9106866,9.9205597],[8.9113625,9.920409],[8.9133078,9.920505]]}},{"type":"Feature","properties":{"kind":"road","id":"road-248641003-0","name":"Unnamed mapped tertiary","osmWay":248641003,"major":false,"bridge":false},"geometry":{"type":"LineString","coordinates":[[8.8942467,9.899028],[8.8936871,9.8978356],[8.8934793,9.8965719],[8.8934863,9.8950416],[8.8947016,9.8939767],[8.8956703,9.8937365]]}},{"type":"Feature","properties":{"kind":"road","id":"road-248641009-0","name":"Unnamed mapped tertiary","osmWay":248641009,"major":false,"bridge":false},"geometry":{"type":"LineString","coordinates":[[8.8935824,9.9132577],[8.8930712,9.9146665],[8.8930144,9.9151774],[8.8938217,9.9169379],[8.8943928,9.9192989],[8.8934773,9.9284966]]}},{"type":"Feature","properties":{"kind":"road","id":"road-248641024-0","name":"Unnamed mapped tertiary","osmWay":248641024,"major":false,"bridge":false},"geometry":{"type":"LineString","coordinates":[[8.8998987,9.8412004],[8.8998477,9.8409833]]}},{"type":"Feature","properties":{"kind":"road","id":"road-248641033-0","name":"domkat bali road","osmWay":248641033,"major":false,"bridge":false},"geometry":{"type":"LineString","coordinates":[[8.8651541,9.8786003],[8.8617544,9.8741064],[8.8614875,9.8734524],[8.8612334,9.872058],[8.8608953,9.8714901],[8.8603355,9.8712399],[8.8588211,9.8712386],[8.8557926,9.869778],[8.8520789,9.8685026]]}},{"type":"Feature","properties":{"kind":"road","id":"road-248641433-0","name":"Unnamed mapped tertiary","osmWay":248641433,"major":false,"bridge":false},"geometry":{"type":"LineString","coordinates":[[8.8963133,9.8919069],[8.8957194,9.893448],[8.8957799,9.8949761],[8.8954608,9.8959948],[8.8949454,9.896559],[8.8948947,9.8970039],[8.8956065,9.8991369],[8.8964166,9.8993939]]}},{"type":"Feature","properties":{"kind":"road","id":"road-248641495-0","name":"Unnamed mapped tertiary","osmWay":248641495,"major":false,"bridge":false},"geometry":{"type":"LineString","coordinates":[[8.860974,9.8551925],[8.8615098,9.8543299],[8.8627358,9.8536035],[8.8644193,9.8519017],[8.8670392,9.8516533]]}},{"type":"Feature","properties":{"kind":"road","id":"road-248641778-0","name":"Unnamed mapped primary_link","osmWay":248641778,"major":false,"bridge":false},"geometry":{"type":"LineString","coordinates":[[8.9058552,9.9018671],[8.9058017,9.9015956]]}},{"type":"Feature","properties":{"kind":"road","id":"road-248641864-0","name":"Unnamed mapped tertiary","osmWay":248641864,"major":false,"bridge":false},"geometry":{"type":"LineString","coordinates":[[8.8998477,9.8409833],[8.8999971,9.8412082]]}},{"type":"Feature","properties":{"kind":"road","id":"road-248642110-0","name":"Unnamed mapped tertiary","osmWay":248642110,"major":false,"bridge":false},"geometry":{"type":"LineString","coordinates":[[8.8641156,9.8561496],[8.863448,9.8560899],[8.8614178,9.8552294],[8.8602496,9.855278],[8.8595552,9.8548515],[8.858536,9.853924],[8.8568206,9.8529355],[8.8543231,9.8518796],[8.8534824,9.8516834]]}},{"type":"Feature","properties":{"kind":"road","id":"road-248642114-0","name":"FDA road","osmWay":248642114,"major":false,"bridge":false},"geometry":{"type":"LineString","coordinates":[[8.8640416,9.8563784],[8.8635652,9.8565893],[8.8618165,9.858333],[8.8613541,9.8589032],[8.8607436,9.8601701],[8.8598386,9.8608638],[8.8592145,9.862156],[8.858515,9.8629075],[8.8585007,9.8631935]]}},{"type":"Feature","properties":{"kind":"road","id":"road-248642176-0","name":"Unnamed mapped secondary","osmWay":248642176,"major":false,"bridge":false},"geometry":{"type":"LineString","coordinates":[[8.9000301,9.8412335],[8.9002323,9.8412752]]}},{"type":"Feature","properties":{"kind":"road","id":"road-248642428-0","name":"Unnamed mapped tertiary","osmWay":248642428,"major":false,"bridge":false},"geometry":{"type":"LineString","coordinates":[[8.8993451,9.837753],[8.8992728,9.8385592]]}},{"type":"Feature","properties":{"kind":"road","id":"road-249783362-0","name":"Unnamed mapped primary","osmWay":249783362,"major":true,"bridge":false},"geometry":{"type":"LineString","coordinates":[[8.899398,9.8643302],[8.8993395,9.8647837]]}},{"type":"Feature","properties":{"kind":"road","id":"road-249783381-0","name":"Unnamed mapped primary","osmWay":249783381,"major":true,"bridge":false},"geometry":{"type":"LineString","coordinates":[[8.89913,9.8647464],[8.8993205,9.864284]]}},{"type":"Feature","properties":{"kind":"road","id":"road-249998175-0","name":"A236","osmWay":249998175,"major":true,"bridge":false},"geometry":{"type":"LineString","coordinates":[[8.8807806,9.8932387],[8.8830079,9.8958064]]}},{"type":"Feature","properties":{"kind":"road","id":"road-249998176-0","name":"A236","osmWay":249998176,"major":true,"bridge":true},"geometry":{"type":"LineString","coordinates":[[8.879387,9.8919395],[8.8784404,9.8908434]]}},{"type":"Feature","properties":{"kind":"road","id":"road-249998177-0","name":"A236","osmWay":249998177,"major":true,"bridge":false},"geometry":{"type":"LineString","coordinates":[[8.8806878,9.893283],[8.8805766,9.8931732]]}},{"type":"Feature","properties":{"kind":"road","id":"road-249998178-0","name":"A236","osmWay":249998178,"major":true,"bridge":false},"geometry":{"type":"LineString","coordinates":[[8.8806551,9.8931246],[8.8807806,9.8932387]]}},{"type":"Feature","properties":{"kind":"road","id":"road-249998179-0","name":"A3","osmWay":249998179,"major":true,"bridge":false},"geometry":{"type":"LineString","coordinates":[[8.8917562,9.9017482],[8.892059,9.9030745],[8.8946017,9.9061633],[8.8948037,9.9067584],[8.8948478,9.907537],[8.8946258,9.9084937],[8.8914074,9.9158957],[8.890337,9.9173582],[8.8903748,9.9189368],[8.890788,9.9212541]]}},{"type":"Feature","properties":{"kind":"road","id":"road-249998180-0","name":"Yakubu Gowon Way","osmWay":249998180,"major":true,"bridge":false},"geometry":{"type":"LineString","coordinates":[[8.8671786,9.849472],[8.8662373,9.8437376],[8.8658006,9.839073],[8.8660271,9.8371863],[8.8670155,9.8338656],[8.867155,9.8319099],[8.8665448,9.8272836],[8.865515,9.8248294],[8.8650937,9.8232189],[8.8650709,9.8217984],[8.8655782,9.8181887]]}},{"type":"Feature","properties":{"kind":"road","id":"road-249998182-0","name":"A3","osmWay":249998182,"major":true,"bridge":true},"geometry":{"type":"LineString","coordinates":[[8.880388,9.8910284],[8.8805669,9.8910523]]}},{"type":"Feature","properties":{"kind":"road","id":"road-249998183-0","name":"A3","osmWay":249998183,"major":true,"bridge":true},"geometry":{"type":"LineString","coordinates":[[8.8805566,9.8911606],[8.8803741,9.8911413]]}},{"type":"Feature","properties":{"kind":"road","id":"road-249998184-0","name":"Sarki Mangu Street","osmWay":249998184,"major":true,"bridge":false},"geometry":{"type":"LineString","coordinates":[[8.886221,9.9106156],[8.8860785,9.9105978]]}},{"type":"Feature","properties":{"kind":"road","id":"road-249998186-0","name":"Sarki Mangu Street","osmWay":249998186,"major":true,"bridge":false},"geometry":{"type":"LineString","coordinates":[[8.8860785,9.9105978],[8.882136,9.9099162]]}},{"type":"Feature","properties":{"kind":"road","id":"road-249998200-0","name":"Unnamed mapped tertiary","osmWay":249998200,"major":false,"bridge":false},"geometry":{"type":"LineString","coordinates":[[8.8824883,9.9219081],[8.8830441,9.9217653],[8.8841104,9.9227902]]}},{"type":"Feature","properties":{"kind":"road","id":"road-249998210-0","name":"Unnamed mapped tertiary","osmWay":249998210,"major":false,"bridge":false},"geometry":{"type":"LineString","coordinates":[[8.8858061,9.9169491],[8.8866431,9.9170102],[8.8885257,9.9163218]]}},{"type":"Feature","properties":{"kind":"road","id":"road-249998224-0","name":"Unnamed mapped tertiary","osmWay":249998224,"major":false,"bridge":false},"geometry":{"type":"LineString","coordinates":[[8.8797147,9.931498],[8.8801677,9.9330848],[8.8808626,9.9332266],[8.8820118,9.9331539],[8.8863639,9.9358148],[8.8875613,9.9351208],[8.8928406,9.9342568]]}},{"type":"Feature","properties":{"kind":"road","id":"road-249998227-0","name":"Unnamed mapped primary","osmWay":249998227,"major":true,"bridge":false},"geometry":{"type":"LineString","coordinates":[[8.8662004,9.8992922],[8.8690377,9.9032692],[8.8702543,9.9045225],[8.8716477,9.9047181],[8.8753267,9.9064714]]}},{"type":"Feature","properties":{"kind":"road","id":"road-249998232-0","name":"Unnamed mapped primary","osmWay":249998232,"major":true,"bridge":false},"geometry":{"type":"LineString","coordinates":[[8.8757744,9.9067337],[8.8761818,9.9069542]]}},{"type":"Feature","properties":{"kind":"road","id":"road-249998235-0","name":"Unnamed mapped tertiary","osmWay":249998235,"major":false,"bridge":true},"geometry":{"type":"LineString","coordinates":[[8.88416,9.9199766],[8.8841517,9.9200516]]}},{"type":"Feature","properties":{"kind":"road","id":"road-249998252-0","name":"Unnamed mapped tertiary","osmWay":249998252,"major":false,"bridge":true},"geometry":{"type":"LineString","coordinates":[[8.8857136,9.916935],[8.8858061,9.9169491]]}},{"type":"Feature","properties":{"kind":"road","id":"road-249998253-0","name":"Unnamed mapped tertiary","osmWay":249998253,"major":false,"bridge":true},"geometry":{"type":"LineString","coordinates":[[8.8823519,9.9219386],[8.8824883,9.9219081]]}},{"type":"Feature","properties":{"kind":"road","id":"road-249998256-0","name":"Unnamed mapped primary","osmWay":249998256,"major":true,"bridge":true},"geometry":{"type":"LineString","coordinates":[[8.8753267,9.9064714],[8.8757744,9.9067337]]}},{"type":"Feature","properties":{"kind":"road","id":"road-249998268-0","name":"Unnamed mapped primary","osmWay":249998268,"major":true,"bridge":false},"geometry":{"type":"LineString","coordinates":[[8.8660905,9.8991339],[8.8662004,9.8992922]]}},{"type":"Feature","properties":{"kind":"road","id":"road-249998352-0","name":"Unnamed mapped tertiary","osmWay":249998352,"major":false,"bridge":false},"geometry":{"type":"LineString","coordinates":[[8.8841517,9.9200516],[8.8841467,9.9203306]]}},{"type":"Feature","properties":{"kind":"road","id":"road-264631525-0","name":"Jonah David Jang Way","osmWay":264631525,"major":true,"bridge":false},"geometry":{"type":"LineString","coordinates":[[8.8993205,9.864284],[8.9009826,9.850497],[8.9006696,9.8441104],[8.9004399,9.8428113],[8.8998623,9.8414126]]}},{"type":"Feature","properties":{"kind":"road","id":"road-264631526-0","name":"Unnamed mapped tertiary","osmWay":264631526,"major":false,"bridge":false},"geometry":{"type":"LineString","coordinates":[[8.8993451,9.837753],[8.8998283,9.8363472],[8.9000972,9.835076]]}},{"type":"Feature","properties":{"kind":"road","id":"road-264631527-0","name":"Unnamed mapped secondary","osmWay":264631527,"major":false,"bridge":false},"geometry":{"type":"LineString","coordinates":[[8.9002323,9.8412752],[8.9023583,9.8413605],[8.9038917,9.8416494],[8.9054237,9.8423191],[8.9080898,9.8425547],[8.9092819,9.842299],[8.9104568,9.8429713],[8.9116443,9.8440925],[8.9128492,9.8447006],[8.9148412,9.8466355],[8.9168822,9.846686],[8.9210722,9.8470408],[8.9232722,9.8475407],[8.9242775,9.8480776],[8.9283746,9.8515189],[8.9304753,9.8572164],[8.9305104,9.8576707],[8.9302578,9.8591671],[8.927372,9.8677249],[8.9274717,9.869317],[8.9278467,9.8715906],[8.9278207,9.8721629],[8.9267465,9.8748349],[8.9248507,9.8782163],[8.9243049,9.8788788],[8.9224903,9.8805394],[8.921111,9.8827471]]}},{"type":"Feature","properties":{"kind":"road","id":"road-265941146-0","name":"Unnamed mapped tertiary","osmWay":265941146,"major":false,"bridge":false},"geometry":{"type":"LineString","coordinates":[[8.9008762,9.9200157],[8.9012298,9.9212527],[8.9029913,9.9252147],[8.903014,9.9255318]]}},{"type":"Feature","properties":{"kind":"road","id":"road-265941147-0","name":"Unnamed mapped tertiary","osmWay":265941147,"major":false,"bridge":true},"geometry":{"type":"LineString","coordinates":[[8.9008559,9.9199034],[8.9008762,9.9200157]]}},{"type":"Feature","properties":{"kind":"road","id":"road-318482044-0","name":"Unnamed mapped tertiary","osmWay":318482044,"major":false,"bridge":false},"geometry":{"type":"LineString","coordinates":[[8.8072097,9.9316035],[8.8061768,9.9321932]]}},{"type":"Feature","properties":{"kind":"road","id":"road-372970218-0","name":"Unnamed mapped secondary","osmWay":372970218,"major":false,"bridge":false},"geometry":{"type":"LineString","coordinates":[[8.6938624,9.6948367],[8.6964303,9.6932779],[8.6975294,9.6930988],[8.6985975,9.6934048],[8.7117559,9.6996477],[8.7129226,9.6999491],[8.7141329,9.6999405],[8.7150067,9.6997244],[8.7173536,9.6983707],[8.7182817,9.6980852],[8.720972,9.6980339],[8.7236599,9.6983322],[8.7259702,9.6975802],[8.728285,9.6973105],[8.7291272,9.6970752],[8.7303033,9.6964565],[8.7339619,9.6931464],[8.7351876,9.6923664],[8.7374616,9.6915172],[8.7432531,9.6898672],[8.7466675,9.6879933],[8.7493055,9.6868273],[8.7506653,9.6866898],[8.7517396,9.6869278],[8.7559324,9.6887927],[8.7594984,9.6914494],[8.761726,9.6926],[8.7643867,9.6942921],[8.7683585,9.6960434],[8.7748495,9.699259],[8.7831402,9.7044727],[8.7851411,9.705977],[8.7880781,9.7087477],[8.7901354,9.7114021],[8.7932736,9.7173928],[8.7938744,9.7201238],[8.7976214,9.7251415],[8.8042934,9.7346639],[8.8049117,9.7353353],[8.8057512,9.7356063],[8.8138837,9.7368104],[8.8142699,9.7370603],[8.8150759,9.7381375],[8.815662,9.7385089],[8.8306528,9.7434405],[8.8354689,9.7445995]]}},{"type":"Feature","properties":{"kind":"road","id":"road-373596903-0","name":"Unnamed mapped secondary","osmWay":373596903,"major":false,"bridge":false},"geometry":{"type":"LineString","coordinates":[[8.7098108,9.736239],[8.7165356,9.7291414],[8.7185714,9.7251547],[8.7200868,9.7229736],[8.7209612,9.72194],[8.722026,9.7209196],[8.7251938,9.7190503],[8.7447631,9.7015116],[8.7456912,9.7003774],[8.7474454,9.6977942],[8.7481535,9.6970433],[8.7493712,9.696282],[8.7580929,9.692186],[8.7600785,9.6910629],[8.7617978,9.6894554],[8.764767,9.6861254],[8.7657461,9.684958],[8.7670791,9.6827107],[8.7681976,9.6817192],[8.7688521,9.6813701],[8.7699088,9.6810767],[8.7751499,9.6808519],[8.7763435,9.6806457],[8.7849518,9.6746991]]}},{"type":"Feature","properties":{"kind":"road","id":"road-374256710-0","name":"Unnamed mapped tertiary","osmWay":374256710,"major":false,"bridge":false},"geometry":{"type":"LineString","coordinates":[[8.9153302,9.7732593],[8.9216025,9.7750673],[8.9243129,9.7745995],[8.9266089,9.7757995],[8.9304779,9.7762832],[8.9318043,9.7768819],[8.9320685,9.7771727],[8.9322013,9.7776154],[8.932499,9.7812829],[8.9344838,9.7854592],[8.9350853,9.7861246],[8.9357042,9.7865396],[8.9406341,9.7885623],[8.9411585,9.7890764],[8.9415273,9.7899182],[8.9413463,9.794093],[8.9404893,9.7960357],[8.9404652,9.7965895],[8.9412202,9.8020474],[8.9420114,9.8035117],[8.9431018,9.8070837],[8.9429636,9.8090369],[8.9422448,9.8098602],[8.9417848,9.8101562],[8.9400548,9.8106029],[8.9351168,9.8129934],[8.9290202,9.8140638],[8.9275718,9.8160381],[8.9258565,9.8166605],[8.9247179,9.8175842],[8.922894,9.8208535],[8.9212579,9.8227075]]}},{"type":"Feature","properties":{"kind":"road","id":"road-553873500-0","name":"Unnamed mapped tertiary","osmWay":553873500,"major":false,"bridge":false},"geometry":{"type":"LineString","coordinates":[[8.8693793,9.9289738],[8.8702934,9.9292821]]}},{"type":"Feature","properties":{"kind":"road","id":"road-553873501-0","name":"Unnamed mapped trunk_link","osmWay":553873501,"major":false,"bridge":false},"geometry":{"type":"LineString","coordinates":[[8.8707251,9.930019],[8.8700361,9.9293411]]}},{"type":"Feature","properties":{"kind":"road","id":"road-553882402-0","name":"Unnamed mapped trunk_link","osmWay":553882402,"major":false,"bridge":false},"geometry":{"type":"LineString","coordinates":[[8.8794529,9.9202487],[8.8795583,9.9202612]]}},{"type":"Feature","properties":{"kind":"road","id":"road-553882403-0","name":"Unnamed mapped trunk_link","osmWay":553882403,"major":false,"bridge":false},"geometry":{"type":"LineString","coordinates":[[8.8793041,9.920937],[8.8794114,9.9209608]]}},{"type":"Feature","properties":{"kind":"road","id":"road-553883250-0","name":"Unnamed mapped trunk_link","osmWay":553883250,"major":false,"bridge":false},"geometry":{"type":"LineString","coordinates":[[8.8798875,9.9155946],[8.8799882,9.9156225]]}},{"type":"Feature","properties":{"kind":"road","id":"road-553885308-0","name":"Unnamed mapped trunk_link","osmWay":553885308,"major":false,"bridge":false},"geometry":{"type":"LineString","coordinates":[[8.8821388,9.9073293],[8.8822282,9.9073386]]}},{"type":"Feature","properties":{"kind":"road","id":"road-553893192-0","name":"Unnamed mapped trunk_link","osmWay":553893192,"major":false,"bridge":false},"geometry":{"type":"LineString","coordinates":[[8.8661103,9.9457475],[8.8662069,9.9457792]]}},{"type":"Feature","properties":{"kind":"road","id":"road-553893193-0","name":"Unnamed mapped trunk_link","osmWay":553893193,"major":false,"bridge":false},"geometry":{"type":"LineString","coordinates":[[8.8649936,9.9486618],[8.8650982,9.948696]]}},{"type":"Feature","properties":{"kind":"road","id":"road-553893194-0","name":"Unnamed mapped trunk_link","osmWay":553893194,"major":false,"bridge":false},"geometry":{"type":"LineString","coordinates":[[8.8681428,9.9389906],[8.8682479,9.939027]]}},{"type":"Feature","properties":{"kind":"road","id":"road-553893195-0","name":"Unnamed mapped trunk_link","osmWay":553893195,"major":false,"bridge":false},"geometry":{"type":"LineString","coordinates":[[8.869508,9.9340676],[8.8695925,9.9340816]]}},{"type":"Feature","properties":{"kind":"road","id":"road-553893196-0","name":"Unnamed mapped trunk_link","osmWay":553893196,"major":false,"bridge":false},"geometry":{"type":"LineString","coordinates":[[8.8674676,9.9418895],[8.867373,9.9418698]]}},{"type":"Feature","properties":{"kind":"road","id":"road-553898044-0","name":"Unnamed mapped trunk_link","osmWay":553898044,"major":false,"bridge":false},"geometry":{"type":"LineString","coordinates":[[8.8821341,9.900022],[8.8822216,9.9000323]]}},{"type":"Feature","properties":{"kind":"road","id":"road-553912177-0","name":"Unnamed mapped tertiary","osmWay":553912177,"major":false,"bridge":false},"geometry":{"type":"LineString","coordinates":[[8.8785034,9.8915463],[8.8785879,9.8914947]]}},{"type":"Feature","properties":{"kind":"road","id":"road-553912178-0","name":"Unnamed mapped tertiary","osmWay":553912178,"major":false,"bridge":false},"geometry":{"type":"LineString","coordinates":[[8.878659,9.891578],[8.8785169,9.8916269]]}},{"type":"Feature","properties":{"kind":"road","id":"road-553912179-0","name":"A236","osmWay":553912179,"major":true,"bridge":false},"geometry":{"type":"LineString","coordinates":[[8.8784404,9.8908434],[8.8766138,9.8889462]]}},{"type":"Feature","properties":{"kind":"road","id":"road-553934723-0","name":"Unnamed mapped tertiary","osmWay":553934723,"major":false,"bridge":false},"geometry":{"type":"LineString","coordinates":[[8.8752604,9.8871547],[8.8743078,9.8874572],[8.8736942,9.8870477],[8.8727152,9.8874612],[8.8711156,9.8873816],[8.870953,9.8874972],[8.8706995,9.8884002],[8.8672151,9.8879586],[8.8662618,9.8880887],[8.8647115,9.8880518]]}},{"type":"Feature","properties":{"kind":"road","id":"road-553950718-0","name":"Miango road","osmWay":553950718,"major":false,"bridge":false},"geometry":{"type":"LineString","coordinates":[[8.850083,9.8687505],[8.8496925,9.8698427],[8.8496254,9.8705258],[8.8507935,9.8759971],[8.8509169,9.8781327],[8.8507855,9.879645],[8.849781,9.8814867],[8.8489833,9.8823131],[8.8474258,9.883388],[8.8461196,9.8841497],[8.8426505,9.8856509],[8.8421661,9.8859131],[8.8419091,9.8862333],[8.8410901,9.8879781],[8.8389521,9.8904557],[8.8358573,9.8954326],[8.833563,9.9037444],[8.8318499,9.9062182],[8.8299892,9.9085465],[8.8289778,9.9093247],[8.8274839,9.9098841],[8.8233653,9.9110118],[8.8222247,9.9111409],[8.821473,9.9110818]]}},{"type":"Feature","properties":{"kind":"road","id":"road-554173191-0","name":"Unnamed mapped trunk_link","osmWay":554173191,"major":false,"bridge":false},"geometry":{"type":"LineString","coordinates":[[8.865988,9.8120795],[8.8663993,9.812258]]}},{"type":"Feature","properties":{"kind":"road","id":"road-554173192-0","name":"Unnamed mapped trunk_link","osmWay":554173192,"major":false,"bridge":false},"geometry":{"type":"LineString","coordinates":[[8.8664469,9.8123551],[8.8661528,9.8129382]]}},{"type":"Feature","properties":{"kind":"road","id":"road-554187828-0","name":"Unnamed mapped primary","osmWay":554187828,"major":true,"bridge":false},"geometry":{"type":"LineString","coordinates":[[8.8637851,9.7887015],[8.8610932,9.7827882],[8.86088,9.7824287],[8.8605318,9.7821753]]}},{"type":"Feature","properties":{"kind":"road","id":"road-554187829-0","name":"Unnamed mapped primary","osmWay":554187829,"major":true,"bridge":false},"geometry":{"type":"LineString","coordinates":[[8.8605598,9.7821042],[8.8608363,9.7822513],[8.861171,9.7827506],[8.863841,9.7886327]]}},{"type":"Feature","properties":{"kind":"road","id":"road-554192527-0","name":"Jonah David Jang Way","osmWay":554192527,"major":true,"bridge":false},"geometry":{"type":"LineString","coordinates":[[8.8998178,9.8413495],[8.89781,9.8394815],[8.8953759,9.8361132],[8.8937633,9.8328639],[8.8919172,9.8315063],[8.890501,9.8302],[8.8895531,9.8295653],[8.8824495,9.8262931],[8.8818924,9.8259054],[8.8812299,9.8251423]]}},{"type":"Feature","properties":{"kind":"road","id":"road-554192528-0","name":"Jonah David Jang Way","osmWay":554192528,"major":true,"bridge":false},"geometry":{"type":"LineString","coordinates":[[8.9000474,9.8413751],[8.9003774,9.8422118],[8.9007237,9.843746],[8.9010601,9.8504971],[8.899398,9.8643302]]}},{"type":"Feature","properties":{"kind":"road","id":"road-554201240-0","name":"Unnamed mapped trunk_link","osmWay":554201240,"major":false,"bridge":false},"geometry":{"type":"LineString","coordinates":[[8.8605301,9.7723301],[8.8604184,9.7723803]]}},{"type":"Feature","properties":{"kind":"road","id":"road-554201241-0","name":"Unnamed mapped trunk_link","osmWay":554201241,"major":false,"bridge":false},"geometry":{"type":"LineString","coordinates":[[8.8605596,9.7742755],[8.8604584,9.7743231]]}},{"type":"Feature","properties":{"kind":"road","id":"road-554210731-0","name":"Unnamed mapped tertiary","osmWay":554210731,"major":false,"bridge":false},"geometry":{"type":"LineString","coordinates":[[8.9005913,9.8472412],[8.9009328,9.8471075]]}},{"type":"Feature","properties":{"kind":"road","id":"road-554769839-0","name":"Unnamed mapped secondary","osmWay":554769839,"major":false,"bridge":false},"geometry":{"type":"LineString","coordinates":[[8.8600927,9.769146],[8.8597331,9.7689828]]}},{"type":"Feature","properties":{"kind":"road","id":"road-554784603-0","name":"Takum - Bukuru Federal Road","osmWay":554784603,"major":true,"bridge":false},"geometry":{"type":"LineString","coordinates":[[8.8672908,9.720314],[8.8731726,9.7177273],[8.8794757,9.7097577],[8.8799599,9.7089302],[8.8809503,9.7043484],[8.8857628,9.6944736],[8.8863382,9.6937214],[8.8879066,9.6925092],[8.8886774,9.6916255]]}},{"type":"Feature","properties":{"kind":"road","id":"road-554812729-0","name":"Unnamed mapped secondary","osmWay":554812729,"major":false,"bridge":false},"geometry":{"type":"LineString","coordinates":[[8.8860632,9.6941762],[8.885979,9.6941035]]}},{"type":"Feature","properties":{"kind":"road","id":"road-554813999-0","name":"Unnamed mapped tertiary","osmWay":554813999,"major":false,"bridge":false},"geometry":{"type":"LineString","coordinates":[[8.8807118,9.7053013],[8.8808166,9.7053244]]}},{"type":"Feature","properties":{"kind":"road","id":"road-554814006-0","name":"Unnamed mapped primary_link","osmWay":554814006,"major":false,"bridge":false},"geometry":{"type":"LineString","coordinates":[[8.888656,9.6916523],[8.8887226,9.6917217]]}},{"type":"Feature","properties":{"kind":"road","id":"road-555032387-0","name":"Unnamed mapped tertiary","osmWay":555032387,"major":false,"bridge":false},"geometry":{"type":"LineString","coordinates":[[8.866064,9.9467732],[8.8661974,9.946834]]}},{"type":"Feature","properties":{"kind":"road","id":"road-555032388-0","name":"Unnamed mapped tertiary","osmWay":555032388,"major":false,"bridge":false},"geometry":{"type":"LineString","coordinates":[[8.866064,9.9467732],[8.8658584,9.946683]]}},{"type":"Feature","properties":{"kind":"road","id":"road-555054010-0","name":"Unnamed mapped primary","osmWay":555054010,"major":true,"bridge":false},"geometry":{"type":"LineString","coordinates":[[8.8887303,9.9289315],[8.8920667,9.9285541]]}},{"type":"Feature","properties":{"kind":"road","id":"road-555054011-0","name":"Unnamed mapped primary","osmWay":555054011,"major":true,"bridge":false},"geometry":{"type":"LineString","coordinates":[[8.8886609,9.9289412],[8.8887303,9.9289315]]}},{"type":"Feature","properties":{"kind":"road","id":"road-555054012-0","name":"Unnamed mapped primary","osmWay":555054012,"major":true,"bridge":false},"geometry":{"type":"LineString","coordinates":[[8.8887366,9.9290032],[8.8886686,9.9290111]]}},{"type":"Feature","properties":{"kind":"road","id":"road-555054013-0","name":"Unnamed mapped primary","osmWay":555054013,"major":true,"bridge":false},"geometry":{"type":"LineString","coordinates":[[8.8920781,9.928639],[8.8887366,9.9290032]]}},{"type":"Feature","properties":{"kind":"road","id":"road-555054014-0","name":"Unnamed mapped tertiary","osmWay":555054014,"major":false,"bridge":false},"geometry":{"type":"LineString","coordinates":[[8.8887366,9.9290032],[8.8887518,9.9294944]]}},{"type":"Feature","properties":{"kind":"road","id":"road-555054015-0","name":"Unnamed mapped tertiary","osmWay":555054015,"major":false,"bridge":false},"geometry":{"type":"LineString","coordinates":[[8.8887303,9.9289315],[8.8887366,9.9290032]]}},{"type":"Feature","properties":{"kind":"road","id":"road-555054016-0","name":"fire service road","osmWay":555054016,"major":false,"bridge":false},"geometry":{"type":"LineString","coordinates":[[8.8886686,9.9290111],[8.8886609,9.9289412]]}},{"type":"Feature","properties":{"kind":"road","id":"road-555054017-0","name":"fire service road","osmWay":555054017,"major":false,"bridge":false},"geometry":{"type":"LineString","coordinates":[[8.8887518,9.9294944],[8.8886686,9.9290111]]}},{"type":"Feature","properties":{"kind":"road","id":"road-555099997-0","name":"Unnamed mapped secondary_link","osmWay":555099997,"major":false,"bridge":false},"geometry":{"type":"LineString","coordinates":[[8.8788279,9.9588429],[8.8790692,9.9590209]]}},{"type":"Feature","properties":{"kind":"road","id":"road-555100000-0","name":"Unnamed mapped secondary_link","osmWay":555100000,"major":false,"bridge":false},"geometry":{"type":"LineString","coordinates":[[8.8786545,9.9591029],[8.8788311,9.9588948]]}},{"type":"Feature","properties":{"kind":"road","id":"road-555107279-0","name":"A3","osmWay":555107279,"major":true,"bridge":false},"geometry":{"type":"LineString","coordinates":[[8.8889318,9.9595687],[8.8888949,9.9596979]]}},{"type":"Feature","properties":{"kind":"road","id":"road-555330689-0","name":"Unnamed mapped tertiary_link","osmWay":555330689,"major":false,"bridge":false},"geometry":{"type":"LineString","coordinates":[[8.8625497,9.9278407],[8.8626222,9.9277561]]}},{"type":"Feature","properties":{"kind":"road","id":"road-555364006-0","name":"Unnamed mapped tertiary","osmWay":555364006,"major":false,"bridge":false},"geometry":{"type":"LineString","coordinates":[[8.8882708,9.9250028],[8.8912897,9.9245214]]}},{"type":"Feature","properties":{"kind":"road","id":"road-555364009-0","name":"Unnamed mapped tertiary","osmWay":555364009,"major":false,"bridge":false},"geometry":{"type":"LineString","coordinates":[[8.8922411,9.9285894],[8.8921752,9.9285955]]}},{"type":"Feature","properties":{"kind":"road","id":"road-555364010-0","name":"Unnamed mapped tertiary","osmWay":555364010,"major":false,"bridge":false},"geometry":{"type":"LineString","coordinates":[[8.8923485,9.9285835],[8.8922411,9.9285894]]}},{"type":"Feature","properties":{"kind":"road","id":"road-555364011-0","name":"Unnamed mapped tertiary","osmWay":555364011,"major":false,"bridge":false},"geometry":{"type":"LineString","coordinates":[[8.8928406,9.9342568],[8.8929158,9.9342541]]}},{"type":"Feature","properties":{"kind":"road","id":"road-555364012-0","name":"Unnamed mapped tertiary","osmWay":555364012,"major":false,"bridge":false},"geometry":{"type":"LineString","coordinates":[[8.8941112,9.9385329],[8.8941756,9.9385435]]}},{"type":"Feature","properties":{"kind":"road","id":"road-555364013-0","name":"Unnamed mapped tertiary","osmWay":555364013,"major":false,"bridge":false},"geometry":{"type":"LineString","coordinates":[[8.8927909,9.9435222],[8.8927218,9.9434786]]}},{"type":"Feature","properties":{"kind":"road","id":"road-555396820-0","name":"Unnamed mapped tertiary","osmWay":555396820,"major":false,"bridge":false},"geometry":{"type":"LineString","coordinates":[[8.8910127,9.9229357],[8.8910647,9.9229254]]}},{"type":"Feature","properties":{"kind":"road","id":"road-555600007-0","name":"Unnamed mapped tertiary","osmWay":555600007,"major":false,"bridge":false},"geometry":{"type":"LineString","coordinates":[[8.902792,9.7779035],[8.9057064,9.7770128],[8.9094266,9.7752894],[8.9106953,9.7749339],[8.9135881,9.773295],[8.9145657,9.7731285],[8.9153302,9.7732593]]}},{"type":"Feature","properties":{"kind":"road","id":"road-555600009-0","name":"Unnamed mapped secondary","osmWay":555600009,"major":false,"bridge":false},"geometry":{"type":"LineString","coordinates":[[8.8762772,9.7876517],[8.8777471,9.7872076],[8.8794061,9.7859012],[8.8798861,9.7856587],[8.8823658,9.7849424],[8.8827869,9.784357],[8.8834105,9.7824631],[8.8838129,9.7817984],[8.8847329,9.7809459],[8.8858849,9.7805666],[8.8866708,9.7768],[8.8870932,9.7737906],[8.887977,9.7651193],[8.8884236,9.7593052],[8.8889627,9.7570133],[8.8899551,9.7539099],[8.8899203,9.7524111],[8.8896829,9.750788],[8.8903561,9.7482728],[8.8906699,9.7474665],[8.8911353,9.746721],[8.8930061,9.7448098],[8.8954698,9.7415847],[8.8970777,9.7376802],[8.898569,9.7325477],[8.8998216,9.7299939],[8.9013572,9.7278513],[8.9048065,9.7240655],[8.9066505,9.7211806]]}},{"type":"Feature","properties":{"kind":"road","id":"road-555600011-0","name":"Unnamed mapped primary","osmWay":555600011,"major":true,"bridge":false},"geometry":{"type":"LineString","coordinates":[[8.8868578,9.8703036],[8.8890392,9.8663493],[8.8894911,9.8656979],[8.8900705,9.8652738],[8.891028,9.8650148],[8.8985239,9.8649301],[8.8991067,9.8647634]]}},{"type":"Feature","properties":{"kind":"road","id":"road-555600013-0","name":"Unnamed mapped tertiary","osmWay":555600013,"major":false,"bridge":false},"geometry":{"type":"LineString","coordinates":[[8.8998216,9.7299939],[8.9082787,9.7408653],[8.9086139,9.7415133],[8.9087386,9.7425324],[8.908343,9.7498245],[8.9073238,9.7540963],[8.9078629,9.7576834],[8.9078066,9.7583205],[8.9074874,9.7593435],[8.9071897,9.7602158],[8.9065996,9.7610643],[8.9049473,9.7628724],[8.904097,9.7648172],[8.8992088,9.7725602],[8.8993093,9.773447],[8.9002991,9.7754903],[8.9023575,9.7777786]]}},{"type":"Feature","properties":{"kind":"road","id":"road-555611481-0","name":"Unnamed mapped secondary_link","osmWay":555611481,"major":false,"bridge":false},"geometry":{"type":"LineString","coordinates":[[8.9209444,9.8467166],[8.9210722,9.8470408]]}},{"type":"Feature","properties":{"kind":"road","id":"road-555611482-0","name":"Unnamed mapped secondary_link","osmWay":555611482,"major":false,"bridge":false},"geometry":{"type":"LineString","coordinates":[[8.9205235,9.8470208],[8.9209271,9.846772]]}},{"type":"Feature","properties":{"kind":"road","id":"road-555634481-0","name":"Unnamed mapped secondary","osmWay":555634481,"major":false,"bridge":false},"geometry":{"type":"LineString","coordinates":[[8.920844,9.883112],[8.921111,9.8827471]]}},{"type":"Feature","properties":{"kind":"road","id":"road-555634484-0","name":"Unnamed mapped secondary","osmWay":555634484,"major":false,"bridge":false},"geometry":{"type":"LineString","coordinates":[[8.921111,9.8827471],[8.9210867,9.882808]]}},{"type":"Feature","properties":{"kind":"road","id":"road-555634486-0","name":"Unnamed mapped secondary","osmWay":555634486,"major":false,"bridge":false},"geometry":{"type":"LineString","coordinates":[[8.9059049,9.9015434],[8.9066452,9.9010202],[8.9075866,9.8987241],[8.90933,9.8972048],[8.9118805,9.8963276],[8.914184,9.8952655]]}},{"type":"Feature","properties":{"kind":"road","id":"road-555634491-0","name":"Unnamed mapped secondary_link","osmWay":555634491,"major":false,"bridge":false},"geometry":{"type":"LineString","coordinates":[[8.9210867,9.882808],[8.9211315,9.8830606]]}},{"type":"Feature","properties":{"kind":"road","id":"road-555634493-0","name":"Unnamed mapped secondary","osmWay":555634493,"major":false,"bridge":false},"geometry":{"type":"LineString","coordinates":[[8.9210867,9.882808],[8.920844,9.883112]]}},{"type":"Feature","properties":{"kind":"road","id":"road-555645933-0","name":"Unnamed mapped secondary","osmWay":555645933,"major":false,"bridge":false},"geometry":{"type":"LineString","coordinates":[[8.920844,9.883112],[8.9204904,9.8834559],[8.920337,9.8838588],[8.9208648,9.8868909]]}},{"type":"Feature","properties":{"kind":"road","id":"road-555646075-0","name":"Unnamed mapped secondary","osmWay":555646075,"major":false,"bridge":false},"geometry":{"type":"LineString","coordinates":[[8.9260215,9.8949086],[8.9281088,9.8967369],[8.9312008,9.9015936],[8.931976,9.902241],[8.9324628,9.9024655],[8.9376645,9.9037745],[8.9423762,9.9061844]]}},{"type":"Feature","properties":{"kind":"road","id":"road-556609825-0","name":"Unnamed mapped tertiary","osmWay":556609825,"major":false,"bridge":false},"geometry":{"type":"LineString","coordinates":[[8.9024788,9.7779561],[8.9023575,9.7777786]]}},{"type":"Feature","properties":{"kind":"road","id":"road-556609826-0","name":"Unnamed mapped tertiary","osmWay":556609826,"major":false,"bridge":false},"geometry":{"type":"LineString","coordinates":[[8.9025541,9.7779153],[8.902792,9.7779035]]}},{"type":"Feature","properties":{"kind":"road","id":"road-556609827-0","name":"Unnamed mapped tertiary","osmWay":556609827,"major":false,"bridge":false},"geometry":{"type":"LineString","coordinates":[[8.9027189,9.7781612],[8.9025371,9.7780385]]}},{"type":"Feature","properties":{"kind":"road","id":"road-556609828-0","name":"Unnamed mapped tertiary","osmWay":556609828,"major":false,"bridge":false},"geometry":{"type":"LineString","coordinates":[[8.9026005,9.7779913],[8.9027189,9.7781612]]}},{"type":"Feature","properties":{"kind":"road","id":"road-556609829-0","name":"Unnamed mapped tertiary","osmWay":556609829,"major":false,"bridge":false},"geometry":{"type":"LineString","coordinates":[[8.902792,9.7779035],[8.9026022,9.7779809]]}},{"type":"Feature","properties":{"kind":"road","id":"road-556609830-0","name":"Unnamed mapped tertiary","osmWay":556609830,"major":false,"bridge":false},"geometry":{"type":"LineString","coordinates":[[8.9023575,9.7777786],[8.9025464,9.7779139]]}},{"type":"Feature","properties":{"kind":"road","id":"road-556609831-0","name":"Unnamed mapped tertiary","osmWay":556609831,"major":false,"bridge":false},"geometry":{"type":"LineString","coordinates":[[8.902277,9.7780608],[8.9024757,9.7779715]]}},{"type":"Feature","properties":{"kind":"road","id":"road-556609832-0","name":"Unnamed mapped tertiary","osmWay":556609832,"major":false,"bridge":false},"geometry":{"type":"LineString","coordinates":[[8.9025162,9.7780343],[8.902277,9.7780608]]}},{"type":"Feature","properties":{"kind":"road","id":"road-556609833-0","name":"Unnamed mapped tertiary","osmWay":556609833,"major":false,"bridge":false},"geometry":{"type":"LineString","coordinates":[[8.9024915,9.7780174],[8.9024964,9.7779296],[8.9025904,9.7779394],[8.9025772,9.7780259],[8.9024915,9.7780174]]}},{"type":"Feature","properties":{"kind":"road","id":"road-556609834-0","name":"Unnamed mapped tertiary","osmWay":556609834,"major":false,"bridge":false},"geometry":{"type":"LineString","coordinates":[[8.8858849,9.7805666],[8.8868183,9.7806552],[8.888893,9.7813953],[8.8896775,9.7814349],[8.902277,9.7780608]]}},{"type":"Feature","properties":{"kind":"road","id":"road-556616459-0","name":"Unnamed mapped tertiary","osmWay":556616459,"major":false,"bridge":false},"geometry":{"type":"LineString","coordinates":[[8.8808166,9.7053244],[8.884407,9.7059004],[8.8876377,9.7073254],[8.8901724,9.7082044],[8.8911621,9.7089421],[8.8916436,9.709603],[8.8918622,9.7102322],[8.8920178,9.7121992],[8.8922109,9.7127557],[8.8937531,9.7141397],[8.8945806,9.7143843],[8.902017,9.7153717],[8.9033023,9.715768]]}},{"type":"Feature","properties":{"kind":"road","id":"road-556624555-0","name":"Unnamed mapped secondary","osmWay":556624555,"major":false,"bridge":false},"geometry":{"type":"LineString","coordinates":[[8.863892,9.788628],[8.8705842,9.7868323],[8.8711153,9.7869922],[8.873412,9.7884159]]}},{"type":"Feature","properties":{"kind":"road","id":"road-556624556-0","name":"Unnamed mapped secondary","osmWay":556624556,"major":false,"bridge":false},"geometry":{"type":"LineString","coordinates":[[8.8733202,9.7886085],[8.8710898,9.7870834],[8.8705239,9.7869274],[8.8639654,9.788718]]}},{"type":"Feature","properties":{"kind":"road","id":"road-556624557-0","name":"Unnamed mapped tertiary","osmWay":556624557,"major":false,"bridge":false},"geometry":{"type":"LineString","coordinates":[[8.8736637,9.7889061],[8.8733985,9.7886939]]}},{"type":"Feature","properties":{"kind":"road","id":"road-556624558-0","name":"Unnamed mapped tertiary","osmWay":556624558,"major":false,"bridge":false},"geometry":{"type":"LineString","coordinates":[[8.8736024,9.7886229],[8.8736637,9.7889061]]}},{"type":"Feature","properties":{"kind":"road","id":"road-556624559-0","name":"Unnamed mapped secondary","osmWay":556624559,"major":false,"bridge":false},"geometry":{"type":"LineString","coordinates":[[8.8734712,9.7884069],[8.8762772,9.7876517]]}},{"type":"Feature","properties":{"kind":"road","id":"road-556624560-0","name":"Unnamed mapped secondary","osmWay":556624560,"major":false,"bridge":false},"geometry":{"type":"LineString","coordinates":[[8.8762772,9.7876517],[8.8736151,9.7885837]]}},{"type":"Feature","properties":{"kind":"road","id":"road-556624561-0","name":"Unnamed mapped secondary","osmWay":556624561,"major":false,"bridge":false},"geometry":{"type":"LineString","coordinates":[[8.8733202,9.7886085],[8.873412,9.7884159],[8.8736126,9.7885202],[8.8735153,9.7886999],[8.8733202,9.7886085]]}},{"type":"Feature","properties":{"kind":"road","id":"road-556637153-0","name":"Unnamed mapped tertiary","osmWay":556637153,"major":false,"bridge":false},"geometry":{"type":"LineString","coordinates":[[8.8998477,9.8409833],[8.8992728,9.8385592]]}},{"type":"Feature","properties":{"kind":"road","id":"road-556637154-0","name":"Unnamed mapped tertiary","osmWay":556637154,"major":false,"bridge":false},"geometry":{"type":"LineString","coordinates":[[8.8992728,9.8385592],[8.89919,9.8381905],[8.8993451,9.837753]]}},{"type":"Feature","properties":{"kind":"road","id":"road-556638376-0","name":"Unnamed mapped tertiary","osmWay":556638376,"major":false,"bridge":false},"geometry":{"type":"LineString","coordinates":[[8.9072649,9.8279919],[8.9075692,9.8278822],[8.9076192,9.8275465]]}},{"type":"Feature","properties":{"kind":"road","id":"road-556638377-0","name":"Rayfield-Gura Topp Road","osmWay":556638377,"major":false,"bridge":false},"geometry":{"type":"LineString","coordinates":[[8.8736637,9.7889061],[8.8782607,9.7941763],[8.8799652,9.795515],[8.8818254,9.7964679],[8.8865364,9.7981308],[8.8902006,9.8009162],[8.8931027,9.8024148],[8.8944116,9.8042596],[8.8985744,9.811105],[8.8998726,9.8165152],[8.900173,9.8172816],[8.9042762,9.8231411],[8.9063992,9.8250273],[8.9070341,9.8257362],[8.9074807,9.8266348],[8.9076192,9.8275465]]}},{"type":"Feature","properties":{"kind":"road","id":"road-556638382-0","name":"Unnamed mapped tertiary","osmWay":556638382,"major":false,"bridge":false},"geometry":{"type":"LineString","coordinates":[[8.9076192,9.8275465],[8.9076718,9.8279589],[8.9072649,9.8279919]]}},{"type":"Feature","properties":{"kind":"road","id":"road-564318530-0","name":"Unnamed mapped primary","osmWay":564318530,"major":true,"bridge":false},"geometry":{"type":"LineString","coordinates":[[8.8663135,9.8790587],[8.8660483,9.8792958]]}},{"type":"Feature","properties":{"kind":"road","id":"road-564318531-0","name":"Unnamed mapped tertiary","osmWay":564318531,"major":false,"bridge":false},"geometry":{"type":"LineString","coordinates":[[8.865889,9.8790418],[8.8652798,9.8787302]]}},{"type":"Feature","properties":{"kind":"road","id":"road-564318532-0","name":"Unnamed mapped tertiary","osmWay":564318532,"major":false,"bridge":false},"geometry":{"type":"LineString","coordinates":[[8.865889,9.8790418],[8.8663135,9.8790587]]}},{"type":"Feature","properties":{"kind":"road","id":"road-565051175-0","name":"Unnamed mapped tertiary","osmWay":565051175,"major":false,"bridge":false},"geometry":{"type":"LineString","coordinates":[[8.8641156,9.8561496],[8.8644192,9.8561549]]}},{"type":"Feature","properties":{"kind":"road","id":"road-565051176-0","name":"Unnamed mapped tertiary","osmWay":565051176,"major":false,"bridge":false},"geometry":{"type":"LineString","coordinates":[[8.8644192,9.8561549],[8.8640416,9.8563784]]}},{"type":"Feature","properties":{"kind":"road","id":"road-565051177-0","name":"Unnamed mapped tertiary","osmWay":565051177,"major":false,"bridge":false},"geometry":{"type":"LineString","coordinates":[[8.8659392,9.8559366],[8.8644192,9.8561549]]}},{"type":"Feature","properties":{"kind":"road","id":"road-565051178-0","name":"Unnamed mapped tertiary","osmWay":565051178,"major":false,"bridge":false},"geometry":{"type":"LineString","coordinates":[[8.8640416,9.8563784],[8.8641156,9.8561496]]}},{"type":"Feature","properties":{"kind":"road","id":"road-565096656-0","name":"Unnamed mapped tertiary","osmWay":565096656,"major":false,"bridge":false},"geometry":{"type":"LineString","coordinates":[[8.9000972,9.835076],[8.9000885,9.8347998]]}},{"type":"Feature","properties":{"kind":"road","id":"road-565096660-0","name":"Unnamed mapped tertiary","osmWay":565096660,"major":false,"bridge":false},"geometry":{"type":"LineString","coordinates":[[8.9002676,9.8349036],[8.9000972,9.835076]]}},{"type":"Feature","properties":{"kind":"road","id":"road-591697090-0","name":"Unnamed mapped tertiary","osmWay":591697090,"major":false,"bridge":false},"geometry":{"type":"LineString","coordinates":[[8.8912897,9.9245214],[8.8913431,9.9245113]]}},{"type":"Feature","properties":{"kind":"road","id":"road-591702169-0","name":"Unnamed mapped trunk_link","osmWay":591702169,"major":false,"bridge":false},"geometry":{"type":"LineString","coordinates":[[8.8712601,9.929309],[8.8715264,9.9293121]]}},{"type":"Feature","properties":{"kind":"road","id":"road-591741885-0","name":"Bauchi Ring Road","osmWay":591741885,"major":true,"bridge":true},"geometry":{"type":"LineString","coordinates":[[8.8973071,9.901764],[8.897692,9.901945]]}},{"type":"Feature","properties":{"kind":"road","id":"road-591741888-0","name":"Bauchi Ring Road","osmWay":591741888,"major":true,"bridge":false},"geometry":{"type":"LineString","coordinates":[[8.8912604,9.8998139],[8.8922484,9.8991746],[8.8933843,9.8988483],[8.8938712,9.8988404],[8.8947469,9.8993292],[8.8961551,9.901044],[8.8973071,9.901764]]}},{"type":"Feature","properties":{"kind":"road","id":"road-591760420-0","name":"Unnamed mapped primary_link","osmWay":591760420,"major":false,"bridge":false},"geometry":{"type":"LineString","coordinates":[[8.8761377,9.7140115],[8.876226,9.7140595]]}},{"type":"Feature","properties":{"kind":"road","id":"road-591760421-0","name":"Unnamed mapped primary_link","osmWay":591760421,"major":false,"bridge":false},"geometry":{"type":"LineString","coordinates":[[8.8694463,9.7193809],[8.8694831,9.7194655]]}},{"type":"Feature","properties":{"kind":"road","id":"road-592035361-0","name":"Unnamed mapped secondary","osmWay":592035361,"major":false,"bridge":false},"geometry":{"type":"LineString","coordinates":[[8.8447047,9.7120903],[8.8446484,9.7122609]]}},{"type":"Feature","properties":{"kind":"road","id":"road-592035362-0","name":"Unnamed mapped secondary","osmWay":592035362,"major":false,"bridge":false},"geometry":{"type":"LineString","coordinates":[[8.8447366,9.7119599],[8.8447047,9.7120903]]}},{"type":"Feature","properties":{"kind":"road","id":"road-592253076-0","name":"Unnamed mapped tertiary_link","osmWay":592253076,"major":false,"bridge":false},"geometry":{"type":"LineString","coordinates":[[8.8868878,9.8808622],[8.8867868,9.8803888]]}},{"type":"Feature","properties":{"kind":"road","id":"road-592253080-0","name":"Bauchi Ring Road","osmWay":592253080,"major":true,"bridge":true},"geometry":{"type":"LineString","coordinates":[[8.9124562,9.9118559],[8.9124668,9.9119654]]}},{"type":"Feature","properties":{"kind":"road","id":"road-592253082-0","name":"Bauchi Ring Road","osmWay":592253082,"major":true,"bridge":false},"geometry":{"type":"LineString","coordinates":[[8.9069563,9.9017712],[8.9082464,9.9021445],[8.9097176,9.9030124],[8.9104452,9.9036038],[8.9109118,9.9042606],[8.9112758,9.9052026],[8.9115657,9.9101385],[8.9119251,9.9110223],[8.9124562,9.9118559]]}},{"type":"Feature","properties":{"kind":"road","id":"road-592262029-0","name":"old buruku park road","osmWay":592262029,"major":false,"bridge":false},"geometry":{"type":"LineString","coordinates":[[8.8849696,9.9292205],[8.8849448,9.929498]]}},{"type":"Feature","properties":{"kind":"road","id":"road-592262030-0","name":"old buruku park road","osmWay":592262030,"major":false,"bridge":false},"geometry":{"type":"LineString","coordinates":[[8.8848761,9.9294149],[8.8849696,9.9292205]]}},{"type":"Feature","properties":{"kind":"road","id":"road-592262031-0","name":"old buruku park road","osmWay":592262031,"major":false,"bridge":false},"geometry":{"type":"LineString","coordinates":[[8.8849448,9.929498],[8.8848193,9.9298031]]}},{"type":"Feature","properties":{"kind":"road","id":"road-592262032-0","name":"old buruku park road","osmWay":592262032,"major":false,"bridge":false},"geometry":{"type":"LineString","coordinates":[[8.8848193,9.9298031],[8.8848565,9.9294974]]}},{"type":"Feature","properties":{"kind":"road","id":"road-592262033-0","name":"old buruku park road","osmWay":592262033,"major":false,"bridge":false},"geometry":{"type":"LineString","coordinates":[[8.8848193,9.9298031],[8.8844038,9.9311173],[8.8829639,9.9337635]]}},{"type":"Feature","properties":{"kind":"road","id":"road-592262034-0","name":"old buruku park road","osmWay":592262034,"major":false,"bridge":false},"geometry":{"type":"LineString","coordinates":[[8.8848565,9.9294974],[8.8848761,9.9294149]]}},{"type":"Feature","properties":{"kind":"road","id":"road-592262035-0","name":"Unnamed mapped primary_link","osmWay":592262035,"major":false,"bridge":false},"geometry":{"type":"LineString","coordinates":[[8.8904232,9.9095367],[8.8906291,9.9094484]]}},{"type":"Feature","properties":{"kind":"road","id":"road-592262037-0","name":"Unnamed mapped primary","osmWay":592262037,"major":true,"bridge":false},"geometry":{"type":"LineString","coordinates":[[8.8875371,9.9080684],[8.8876281,9.9081795]]}},{"type":"Feature","properties":{"kind":"road","id":"road-592262038-0","name":"Unnamed mapped primary","osmWay":592262038,"major":true,"bridge":false},"geometry":{"type":"LineString","coordinates":[[8.8880795,9.9089857],[8.8875371,9.9080684]]}},{"type":"Feature","properties":{"kind":"road","id":"road-592262039-0","name":"Unnamed mapped primary","osmWay":592262039,"major":true,"bridge":false},"geometry":{"type":"LineString","coordinates":[[8.8880795,9.9089857],[8.8884352,9.9104518]]}},{"type":"Feature","properties":{"kind":"road","id":"road-592262040-0","name":"Unnamed mapped primary","osmWay":592262040,"major":true,"bridge":false},"geometry":{"type":"LineString","coordinates":[[8.8876281,9.9081795],[8.8880795,9.9089857]]}},{"type":"Feature","properties":{"kind":"road","id":"road-592268122-0","name":"Unnamed mapped tertiary","osmWay":592268122,"major":false,"bridge":false},"geometry":{"type":"LineString","coordinates":[[8.8920667,9.9285541],[8.8921752,9.9285955]]}},{"type":"Feature","properties":{"kind":"road","id":"road-592268123-0","name":"Unnamed mapped tertiary","osmWay":592268123,"major":false,"bridge":false},"geometry":{"type":"LineString","coordinates":[[8.8921752,9.9285955],[8.8920781,9.928639]]}},{"type":"Feature","properties":{"kind":"road","id":"road-599999306-0","name":"Unnamed mapped secondary_link","osmWay":599999306,"major":false,"bridge":false},"geometry":{"type":"LineString","coordinates":[[8.9804224,9.8826873],[8.9806745,9.8824215]]}},{"type":"Feature","properties":{"kind":"road","id":"road-599999308-0","name":"Unnamed mapped tertiary","osmWay":599999308,"major":false,"bridge":false},"geometry":{"type":"LineString","coordinates":[[8.9806433,9.8825945],[8.9806745,9.8824215]]}},{"type":"Feature","properties":{"kind":"road","id":"road-599999310-0","name":"Unnamed mapped tertiary","osmWay":599999310,"major":false,"bridge":false},"geometry":{"type":"LineString","coordinates":[[8.9806745,9.8824215],[8.9807855,9.8825354]]}},{"type":"Feature","properties":{"kind":"road","id":"road-600044455-0","name":"Unnamed mapped secondary_link","osmWay":600044455,"major":false,"bridge":false},"geometry":{"type":"LineString","coordinates":[[8.8883083,9.7602702],[8.8886336,9.7606562]]}},{"type":"Feature","properties":{"kind":"road","id":"road-600044456-0","name":"Unnamed mapped secondary_link","osmWay":600044456,"major":false,"bridge":false},"geometry":{"type":"LineString","coordinates":[[8.8999514,9.7301525],[8.8997165,9.730177]]}},{"type":"Feature","properties":{"kind":"road","id":"road-600107516-0","name":"Unnamed mapped secondary","osmWay":600107516,"major":false,"bridge":false},"geometry":{"type":"LineString","coordinates":[[8.920844,9.883112],[8.9210504,9.8830659]]}},{"type":"Feature","properties":{"kind":"road","id":"road-600140114-0","name":"Unnamed mapped tertiary_link","osmWay":600140114,"major":false,"bridge":false},"geometry":{"type":"LineString","coordinates":[[8.903432,9.929542],[8.9035613,9.9294152]]}},{"type":"Feature","properties":{"kind":"road","id":"road-600140118-0","name":"Unnamed mapped tertiary","osmWay":600140118,"major":false,"bridge":true},"geometry":{"type":"LineString","coordinates":[[8.8779563,9.951362],[8.8776706,9.9510872]]}},{"type":"Feature","properties":{"kind":"road","id":"road-600140121-0","name":"Katako road","osmWay":600140121,"major":false,"bridge":false},"geometry":{"type":"LineString","coordinates":[[8.8788414,9.9590658],[8.878305,9.9522668],[8.8781816,9.9516354],[8.8779563,9.951362]]}},{"type":"Feature","properties":{"kind":"road","id":"road-600512360-0","name":"Unnamed mapped tertiary","osmWay":600512360,"major":false,"bridge":false},"geometry":{"type":"LineString","coordinates":[[8.8740075,9.9058303],[8.874359,9.905144]]}},{"type":"Feature","properties":{"kind":"road","id":"road-600515316-0","name":"Unnamed mapped tertiary","osmWay":600515316,"major":false,"bridge":false},"geometry":{"type":"LineString","coordinates":[[8.8653249,9.8191909],[8.8654239,9.8192225]]}},{"type":"Feature","properties":{"kind":"road","id":"road-600515317-0","name":"Unnamed mapped tertiary","osmWay":600515317,"major":false,"bridge":false},"geometry":{"type":"LineString","coordinates":[[8.8538219,9.8505651],[8.8534824,9.8516834]]}},{"type":"Feature","properties":{"kind":"road","id":"road-600565344-0","name":"Miango road","osmWay":600565344,"major":false,"bridge":true},"geometry":{"type":"LineString","coordinates":[[8.821473,9.9110818],[8.8213295,9.9110567]]}},{"type":"Feature","properties":{"kind":"road","id":"road-600565345-0","name":"Miango road","osmWay":600565345,"major":false,"bridge":false},"geometry":{"type":"LineString","coordinates":[[8.8213295,9.9110567],[8.8133338,9.9103625],[8.8061231,9.9101149],[8.8047778,9.9098405],[8.801176,9.9085099]]}},{"type":"Feature","properties":{"kind":"road","id":"road-688579737-0","name":"Unnamed mapped trunk_link","osmWay":688579737,"major":false,"bridge":false},"geometry":{"type":"LineString","coordinates":[[8.8772656,9.8893897],[8.8785316,9.8905607],[8.8795848,9.8909228]]}},{"type":"Feature","properties":{"kind":"road","id":"road-688579738-0","name":"A236","osmWay":688579738,"major":true,"bridge":false},"geometry":{"type":"LineString","coordinates":[[8.8794731,9.8918977],[8.8806551,9.8931246]]}},{"type":"Feature","properties":{"kind":"road","id":"road-688579739-0","name":"A236","osmWay":688579739,"major":true,"bridge":false},"geometry":{"type":"LineString","coordinates":[[8.8805766,9.8931732],[8.879387,9.8919395]]}},{"type":"Feature","properties":{"kind":"road","id":"road-688579740-0","name":"Unnamed mapped trunk","osmWay":688579740,"major":true,"bridge":false},"geometry":{"type":"LineString","coordinates":[[8.878604,9.8912992],[8.8789165,9.8910403],[8.8792182,9.8911935],[8.8791445,9.8914181],[8.8788173,9.8916229],[8.8785879,9.8914947],[8.878604,9.8912992]]}},{"type":"Feature","properties":{"kind":"road","id":"road-688579741-0","name":"Yakubu Gowon Way","osmWay":688579741,"major":true,"bridge":false},"geometry":{"type":"LineString","coordinates":[[8.8791083,9.8910574],[8.8795848,9.8909228],[8.880388,9.8910284]]}},{"type":"Feature","properties":{"kind":"road","id":"road-688579742-0","name":"Yakubu Gowon Way","osmWay":688579742,"major":true,"bridge":false},"geometry":{"type":"LineString","coordinates":[[8.8803741,9.8911413],[8.8795757,9.8910409],[8.8792199,9.8912315]]}},{"type":"Feature","properties":{"kind":"road","id":"road-688780982-0","name":"Unnamed mapped trunk","osmWay":688780982,"major":true,"bridge":false},"geometry":{"type":"LineString","coordinates":[[8.8743377,9.8843753],[8.874197,9.8842203],[8.8743764,9.8840845],[8.8744922,9.884258],[8.8743377,9.8843753]]}},{"type":"Feature","properties":{"kind":"road","id":"road-688780986-0","name":"Yakubu Gowon Way","osmWay":688780986,"major":true,"bridge":false},"geometry":{"type":"LineString","coordinates":[[8.8744468,9.8843369],[8.8748556,9.8860184],[8.8758241,9.8878048],[8.8777336,9.8899107],[8.8789956,9.8910363]]}},{"type":"Feature","properties":{"kind":"road","id":"road-688780991-0","name":"Yakubu Gowon Way","osmWay":688780991,"major":true,"bridge":false},"geometry":{"type":"LineString","coordinates":[[8.878604,9.8912992],[8.8756227,9.8877545],[8.8747685,9.8861321],[8.8742634,9.8843509]]}},{"type":"Feature","properties":{"kind":"road","id":"road-688801168-0","name":"Unnamed mapped trunk","osmWay":688801168,"major":true,"bridge":false},"geometry":{"type":"LineString","coordinates":[[8.8658901,9.8124151],[8.8660393,9.8122995],[8.8661763,9.8124766],[8.8660237,9.8125877],[8.8658901,9.8124151]]}},{"type":"Feature","properties":{"kind":"road","id":"road-688801169-0","name":"A3","osmWay":688801169,"major":true,"bridge":false},"geometry":{"type":"LineString","coordinates":[[8.8656311,9.8178081],[8.8660929,9.8144774],[8.8661036,9.8135749],[8.8659448,9.8125584]]}},{"type":"Feature","properties":{"kind":"road","id":"road-688801170-0","name":"A3","osmWay":688801170,"major":true,"bridge":false},"geometry":{"type":"LineString","coordinates":[[8.8661207,9.8125598],[8.8661908,9.8146453],[8.865736,9.8178271]]}},{"type":"Feature","properties":{"kind":"road","id":"road-688804850-0","name":"Unnamed mapped trunk","osmWay":688804850,"major":true,"bridge":false},"geometry":{"type":"LineString","coordinates":[[8.859594,9.8009657],[8.8597579,9.8008657],[8.8598534,9.8010083],[8.8596953,9.8011174],[8.859594,9.8009657]]}},{"type":"Feature","properties":{"kind":"road","id":"road-688804851-0","name":"A3","osmWay":688804851,"major":true,"bridge":false},"geometry":{"type":"LineString","coordinates":[[8.865909,9.8123681],[8.8642529,9.808088],[8.8636051,9.806756],[8.86031,9.8022892],[8.859657,9.8011029]]}},{"type":"Feature","properties":{"kind":"road","id":"road-688804852-0","name":"A3","osmWay":688804852,"major":true,"bridge":false},"geometry":{"type":"LineString","coordinates":[[8.8598366,9.8010563],[8.8604169,9.802276],[8.8630405,9.805704],[8.8638385,9.8069423],[8.8660895,9.8123103]]}},{"type":"Feature","properties":{"kind":"road","id":"road-688808578-0","name":"Yakubu Gowon Way","osmWay":688808578,"major":true,"bridge":false},"geometry":{"type":"LineString","coordinates":[[8.8742458,9.8841195],[8.8739102,9.878333],[8.8737546,9.8773685],[8.8734904,9.8767076]]}},{"type":"Feature","properties":{"kind":"road","id":"road-688808579-0","name":"Yakubu Gowon Way","osmWay":688808579,"major":true,"bridge":false},"geometry":{"type":"LineString","coordinates":[[8.8736933,9.8766873],[8.8740483,9.8784902],[8.8743764,9.8840845]]}},{"type":"Feature","properties":{"kind":"road","id":"road-688808582-0","name":"Old Airport Road","osmWay":688808582,"major":true,"bridge":false},"geometry":{"type":"LineString","coordinates":[[8.8736846,9.8764085],[8.8856375,9.8715147],[8.8865308,9.8708621]]}},{"type":"Feature","properties":{"kind":"road","id":"road-688809142-0","name":"Unnamed mapped primary","osmWay":688809142,"major":true,"bridge":false},"geometry":{"type":"LineString","coordinates":[[8.8736621,9.8777609],[8.8734388,9.8778027]]}},{"type":"Feature","properties":{"kind":"road","id":"road-688809143-0","name":"Unnamed mapped primary","osmWay":688809143,"major":true,"bridge":false},"geometry":{"type":"LineString","coordinates":[[8.8734388,9.8778027],[8.8736318,9.8775978]]}},{"type":"Feature","properties":{"kind":"road","id":"road-688809144-0","name":"Unnamed mapped trunk","osmWay":688809144,"major":true,"bridge":false},"geometry":{"type":"LineString","coordinates":[[8.8734865,9.8763971],[8.8737344,9.8764643],[8.8736572,9.8767107],[8.8734269,9.8766507],[8.8734865,9.8763971]]}},{"type":"Feature","properties":{"kind":"road","id":"road-688814600-0","name":"Miango road","osmWay":688814600,"major":false,"bridge":false},"geometry":{"type":"LineString","coordinates":[[8.8681126,9.862363],[8.8682293,9.8620739]]}},{"type":"Feature","properties":{"kind":"road","id":"road-688814601-0","name":"Miango road","osmWay":688814601,"major":false,"bridge":false},"geometry":{"type":"LineString","coordinates":[[8.868332,9.8622029],[8.8681126,9.862363]]}},{"type":"Feature","properties":{"kind":"road","id":"road-688814602-0","name":"Unnamed mapped trunk","osmWay":688814602,"major":true,"bridge":false},"geometry":{"type":"LineString","coordinates":[[8.8682314,9.8620308],[8.86839,9.8619081],[8.8685336,9.8620885],[8.868332,9.8622029],[8.8682314,9.8620308]]}},{"type":"Feature","properties":{"kind":"road","id":"road-688814603-0","name":"Yakubu Gowon Way","osmWay":688814603,"major":true,"bridge":false},"geometry":{"type":"LineString","coordinates":[[8.8734572,9.8764179],[8.8693195,9.8639828],[8.868375,9.8622111]]}},{"type":"Feature","properties":{"kind":"road","id":"road-688814604-0","name":"Yakubu Gowon Way","osmWay":688814604,"major":true,"bridge":false},"geometry":{"type":"LineString","coordinates":[[8.8685336,9.8620885],[8.8695555,9.8643365],[8.8736264,9.8763802]]}},{"type":"Feature","properties":{"kind":"road","id":"road-688820001-0","name":"Unnamed mapped trunk_link","osmWay":688820001,"major":false,"bridge":false},"geometry":{"type":"LineString","coordinates":[[8.8660236,9.8414475],[8.86614,9.8414412]]}},{"type":"Feature","properties":{"kind":"road","id":"road-688820002-0","name":"Unnamed mapped trunk_link","osmWay":688820002,"major":false,"bridge":false},"geometry":{"type":"LineString","coordinates":[[8.8665933,9.845861],[8.8666851,9.8458325]]}},{"type":"Feature","properties":{"kind":"road","id":"road-688820003-0","name":"Unnamed mapped trunk","osmWay":688820003,"major":true,"bridge":false},"geometry":{"type":"LineString","coordinates":[[8.8672046,9.8494459],[8.8673988,9.8494754],[8.8673856,9.8496444],[8.8671864,9.8496413],[8.8672046,9.8494459]]}},{"type":"Feature","properties":{"kind":"road","id":"road-688820004-0","name":"Yakubu Gowon Way","osmWay":688820004,"major":true,"bridge":false},"geometry":{"type":"LineString","coordinates":[[8.8682458,9.86199],[8.86647,9.8590453],[8.8661223,9.8581969],[8.8659131,9.8571768],[8.8659906,9.855619],[8.8670846,9.8514225],[8.8671864,9.8496413]]}},{"type":"Feature","properties":{"kind":"road","id":"road-688820005-0","name":"Yakubu Gowon Way","osmWay":688820005,"major":true,"bridge":false},"geometry":{"type":"LineString","coordinates":[[8.8674056,9.8496172],[8.8671455,9.8516696],[8.8660834,9.8557696],[8.8660431,9.8572608],[8.8662167,9.858125],[8.866587,9.8590438],[8.868433,9.8619164]]}},{"type":"Feature","properties":{"kind":"road","id":"road-688820006-0","name":"Unnamed mapped trunk_link","osmWay":688820006,"major":false,"bridge":false},"geometry":{"type":"LineString","coordinates":[[8.8665643,9.8534524],[8.8666754,9.8534834]]}},{"type":"Feature","properties":{"kind":"road","id":"road-688820007-0","name":"Unnamed mapped trunk_link","osmWay":688820007,"major":false,"bridge":false},"geometry":{"type":"LineString","coordinates":[[8.8659922,9.8576676],[8.8660983,9.8576373]]}},{"type":"Feature","properties":{"kind":"road","id":"road-688825552-0","name":"Gold and Base","osmWay":688825552,"major":true,"bridge":false},"geometry":{"type":"LineString","coordinates":[[8.9032723,9.8651694],[8.9012576,9.8649785],[8.8993263,9.8649931]]}},{"type":"Feature","properties":{"kind":"road","id":"road-688825553-0","name":"Gold and Base","osmWay":688825553,"major":true,"bridge":false},"geometry":{"type":"LineString","coordinates":[[8.8993733,9.8648909],[8.9015489,9.8649276],[8.9032723,9.8651694]]}},{"type":"Feature","properties":{"kind":"road","id":"road-688825554-0","name":"Unnamed mapped primary","osmWay":688825554,"major":true,"bridge":false},"geometry":{"type":"LineString","coordinates":[[8.8992222,9.8650387],[8.8990536,9.8648917],[8.899213,9.8647233],[8.8993725,9.8648623],[8.8992222,9.8650387]]}},{"type":"Feature","properties":{"kind":"road","id":"road-688825555-0","name":"Unnamed mapped primary","osmWay":688825555,"major":true,"bridge":false},"geometry":{"type":"LineString","coordinates":[[8.8991237,9.8650118],[8.8910334,9.8650914],[8.890328,9.8652513],[8.8896829,9.8656503],[8.8892323,9.8661789],[8.8869251,9.870351]]}},{"type":"Feature","properties":{"kind":"road","id":"road-688844962-0","name":"Unnamed mapped trunk","osmWay":688844962,"major":true,"bridge":false},"geometry":{"type":"LineString","coordinates":[[8.8602532,9.7820785],[8.8604169,9.7819354],[8.8605598,9.7821042],[8.8603837,9.7822367],[8.8602532,9.7820785]]}},{"type":"Feature","properties":{"kind":"road","id":"road-688844963-0","name":"A3","osmWay":688844963,"major":true,"bridge":false},"geometry":{"type":"LineString","coordinates":[[8.8596078,9.8009281],[8.8592505,9.7989312],[8.859618,9.7949904],[8.8596113,9.7938419],[8.858667,9.7874205]]}},{"type":"Feature","properties":{"kind":"road","id":"road-688844964-0","name":"A3","osmWay":688844964,"major":true,"bridge":false},"geometry":{"type":"LineString","coordinates":[[8.8588113,9.7874102],[8.8597234,9.7938787],[8.8593546,9.7984447],[8.8593867,9.7993499],[8.8597195,9.8008625]]}},{"type":"Feature","properties":{"kind":"road","id":"road-689030345-0","name":"Unnamed mapped trunk","osmWay":689030345,"major":true,"bridge":false},"geometry":{"type":"LineString","coordinates":[[8.8586163,9.7872824],[8.858779,9.7872085],[8.8588463,9.7873606],[8.858695,9.7874334],[8.8586163,9.7872824]]}},{"type":"Feature","properties":{"kind":"road","id":"road-689030346-0","name":"A3","osmWay":689030346,"major":true,"bridge":false},"geometry":{"type":"LineString","coordinates":[[8.8604268,9.7822371],[8.8588643,9.7851499],[8.8586698,9.7863182],[8.858779,9.7872085]]}},{"type":"Feature","properties":{"kind":"road","id":"road-689030347-0","name":"A3","osmWay":689030347,"major":true,"bridge":false},"geometry":{"type":"LineString","coordinates":[[8.8586431,9.7872374],[8.8585639,9.786161],[8.8587329,9.7851922],[8.8602596,9.7821307]]}},{"type":"Feature","properties":{"kind":"road","id":"road-689030348-0","name":"Unnamed mapped trunk_link","osmWay":689030348,"major":false,"bridge":false},"geometry":{"type":"LineString","coordinates":[[8.8631388,9.8060187],[8.8632224,9.8059561]]}},{"type":"Feature","properties":{"kind":"road","id":"road-689030349-0","name":"Unnamed mapped trunk_link","osmWay":689030349,"major":false,"bridge":false},"geometry":{"type":"LineString","coordinates":[[8.8671523,9.8327371],[8.8672611,9.8327452]]}},{"type":"Feature","properties":{"kind":"road","id":"road-689031415-0","name":"Unnamed mapped trunk","osmWay":689031415,"major":true,"bridge":false},"geometry":{"type":"LineString","coordinates":[[8.860196,9.7691921],[8.8600625,9.7690767],[8.8601706,9.7689349],[8.8603241,9.7690747],[8.860196,9.7691921]]}},{"type":"Feature","properties":{"kind":"road","id":"road-689031416-0","name":"A3","osmWay":689031416,"major":true,"bridge":false},"geometry":{"type":"LineString","coordinates":[[8.8602782,9.7691614],[8.8605609,9.7733701],[8.8605527,9.7820381]]}},{"type":"Feature","properties":{"kind":"road","id":"road-689031417-0","name":"A3","osmWay":689031417,"major":true,"bridge":false},"geometry":{"type":"LineString","coordinates":[[8.8602944,9.7819832],[8.8604663,9.7813451],[8.8604491,9.7734402],[8.8601519,9.7691856]]}},{"type":"Feature","properties":{"kind":"road","id":"road-689040205-0","name":"Unnamed mapped trunk","osmWay":689040205,"major":true,"bridge":false},"geometry":{"type":"LineString","coordinates":[[8.8594006,9.7608069],[8.8595848,9.7607648],[8.8596314,9.7609553],[8.8594437,9.7609982],[8.8594006,9.7608069]]}},{"type":"Feature","properties":{"kind":"road","id":"road-689040206-0","name":"A3","osmWay":689040206,"major":true,"bridge":false},"geometry":{"type":"LineString","coordinates":[[8.860129,9.7689495],[8.8597079,9.7631949],[8.8594162,9.7609765]]}},{"type":"Feature","properties":{"kind":"road","id":"road-689040207-0","name":"A3","osmWay":689040207,"major":true,"bridge":false},"geometry":{"type":"LineString","coordinates":[[8.8596075,9.7609831],[8.8602955,9.7689811]]}},{"type":"Feature","properties":{"kind":"road","id":"road-689050081-0","name":"Unnamed mapped primary","osmWay":689050081,"major":true,"bridge":false},"geometry":{"type":"LineString","coordinates":[[8.8698304,9.8042422],[8.8708756,9.8062658],[8.8714136,9.8089717],[8.8720645,9.8105863],[8.8732415,9.8125324],[8.8741551,9.8156187],[8.8747487,9.8163211],[8.8754591,9.8178446],[8.8759553,9.8185568],[8.8782647,9.820321],[8.8792813,9.8214046],[8.8813513,9.8249197]]}},{"type":"Feature","properties":{"kind":"road","id":"road-689050082-0","name":"Unnamed mapped primary","osmWay":689050082,"major":true,"bridge":false},"geometry":{"type":"LineString","coordinates":[[8.8639287,9.7887876],[8.8644987,9.7905452],[8.8654563,9.7944431],[8.8680589,9.8001708],[8.8683851,9.8013903],[8.8669718,9.8118752],[8.866754,9.812182],[8.8661763,9.8124766]]}},{"type":"Feature","properties":{"kind":"road","id":"road-689050083-0","name":"Unnamed mapped tertiary","osmWay":689050083,"major":false,"bridge":false},"geometry":{"type":"LineString","coordinates":[[8.8858548,9.8278649],[8.8858699,9.8277571]]}},{"type":"Feature","properties":{"kind":"road","id":"road-689050084-0","name":"Unnamed mapped primary_link","osmWay":689050084,"major":false,"bridge":false},"geometry":{"type":"LineString","coordinates":[[8.8970547,9.8383612],[8.8971278,9.8383036]]}},{"type":"Feature","properties":{"kind":"road","id":"road-689052164-0","name":"Unnamed mapped primary_link","osmWay":689052164,"major":false,"bridge":false},"geometry":{"type":"LineString","coordinates":[[8.8658263,9.7953781],[8.8658962,9.7953343]]}},{"type":"Feature","properties":{"kind":"road","id":"road-689052165-0","name":"Unnamed mapped primary_link","osmWay":689052165,"major":false,"bridge":false},"geometry":{"type":"LineString","coordinates":[[8.8620652,9.784958],[8.8621459,9.7849268]]}},{"type":"Feature","properties":{"kind":"road","id":"road-689052166-0","name":"Unnamed mapped primary_link","osmWay":689052166,"major":false,"bridge":false},"geometry":{"type":"LineString","coordinates":[[8.8681502,9.8025666],[8.8682399,9.8025837]]}},{"type":"Feature","properties":{"kind":"road","id":"road-689052167-0","name":"Unnamed mapped primary","osmWay":689052167,"major":true,"bridge":false},"geometry":{"type":"LineString","coordinates":[[8.8682373,9.8009479],[8.8654357,9.7945728],[8.8645184,9.7909028],[8.8638248,9.7887905]]}},{"type":"Feature","properties":{"kind":"road","id":"road-689052168-0","name":"Unnamed mapped primary_link","osmWay":689052168,"major":false,"bridge":false},"geometry":{"type":"LineString","coordinates":[[8.8752983,9.8177062],[8.8753799,9.8176708]]}},{"type":"Feature","properties":{"kind":"road","id":"road-689052169-0","name":"Unnamed mapped primary_link","osmWay":689052169,"major":false,"bridge":false},"geometry":{"type":"LineString","coordinates":[[8.8734565,9.8136037],[8.8735423,9.8135757]]}},{"type":"Feature","properties":{"kind":"road","id":"road-689052170-0","name":"Unnamed mapped primary","osmWay":689052170,"major":true,"bridge":false},"geometry":{"type":"LineString","coordinates":[[8.8698304,9.8042422],[8.8686731,9.8017025],[8.8684785,9.8015389]]}},{"type":"Feature","properties":{"kind":"road","id":"road-689052172-0","name":"Unnamed mapped primary","osmWay":689052172,"major":true,"bridge":false},"geometry":{"type":"LineString","coordinates":[[8.8811675,9.8249997],[8.8813075,9.8249061],[8.8814156,9.8250641],[8.8812738,9.8251567],[8.8811675,9.8249997]]}},{"type":"Feature","properties":{"kind":"road","id":"road-689052940-0","name":"Unnamed mapped primary","osmWay":689052940,"major":true,"bridge":false},"geometry":{"type":"LineString","coordinates":[[8.8684785,9.8015389],[8.8683854,9.8015632]]}},{"type":"Feature","properties":{"kind":"road","id":"road-689052941-0","name":"Unnamed mapped primary","osmWay":689052941,"major":true,"bridge":false},"geometry":{"type":"LineString","coordinates":[[8.8683851,9.8013903],[8.8684785,9.8015389]]}},{"type":"Feature","properties":{"kind":"road","id":"road-689057383-0","name":"Unnamed mapped primary","osmWay":689057383,"major":true,"bridge":false},"geometry":{"type":"LineString","coordinates":[[8.8637851,9.7887015],[8.863892,9.788628],[8.8639654,9.788718],[8.8638588,9.7888038],[8.8637851,9.7887015]]}},{"type":"Feature","properties":{"kind":"road","id":"road-702904926-0","name":"Unnamed mapped secondary_link","osmWay":702904926,"major":false,"bridge":false},"geometry":{"type":"LineString","coordinates":[[8.850842,9.8682064],[8.8505401,9.8682717],[8.8502308,9.8685381]]}},{"type":"Feature","properties":{"kind":"road","id":"road-702904929-0","name":"Miango road","osmWay":702904929,"major":false,"bridge":false},"geometry":{"type":"LineString","coordinates":[[8.8681126,9.862363],[8.8666897,9.8628757],[8.8646179,9.8630339],[8.8613405,9.863559],[8.8580402,9.8632145],[8.8560405,9.8623701],[8.855516,9.8624205],[8.8541463,9.8630514],[8.8536327,9.8634425],[8.8521655,9.8657138],[8.850878,9.8674037]]}},{"type":"Feature","properties":{"kind":"road","id":"road-702904930-0","name":"Miango road","osmWay":702904930,"major":false,"bridge":false},"geometry":{"type":"LineString","coordinates":[[8.850878,9.8674037],[8.8504755,9.868099]]}},{"type":"Feature","properties":{"kind":"road","id":"road-702904931-0","name":"Miango road","osmWay":702904931,"major":false,"bridge":false},"geometry":{"type":"LineString","coordinates":[[8.8504095,9.8680661],[8.850878,9.8674037]]}},{"type":"Feature","properties":{"kind":"road","id":"road-702904932-0","name":"Unnamed mapped secondary_link","osmWay":702904932,"major":false,"bridge":false},"geometry":{"type":"LineString","coordinates":[[8.8507603,9.8676226],[8.8513648,9.8681908]]}},{"type":"Feature","properties":{"kind":"road","id":"road-702904933-0","name":"Unnamed mapped tertiary","osmWay":702904933,"major":false,"bridge":false},"geometry":{"type":"LineString","coordinates":[[8.8513648,9.8681908],[8.8520789,9.8685026]]}},{"type":"Feature","properties":{"kind":"road","id":"road-702904934-0","name":"Unnamed mapped tertiary","osmWay":702904934,"major":false,"bridge":false},"geometry":{"type":"LineString","coordinates":[[8.8504831,9.8681125],[8.8513648,9.8681908]]}},{"type":"Feature","properties":{"kind":"road","id":"road-702904935-0","name":"Unnamed mapped tertiary","osmWay":702904935,"major":false,"bridge":false},"geometry":{"type":"LineString","coordinates":[[8.8520789,9.8685026],[8.8512093,9.8682361],[8.8504826,9.8681731]]}},{"type":"Feature","properties":{"kind":"road","id":"road-702908768-0","name":"Unnamed mapped trunk_link","osmWay":702908768,"major":false,"bridge":false},"geometry":{"type":"LineString","coordinates":[[8.874805,9.8760711],[8.873831,9.876618],[8.8738552,9.8773315]]}},{"type":"Feature","properties":{"kind":"road","id":"road-704781337-0","name":"Unnamed mapped secondary_link","osmWay":704781337,"major":false,"bridge":false},"geometry":{"type":"LineString","coordinates":[[8.8501144,9.8686518],[8.8501905,9.8681028]]}},{"type":"Feature","properties":{"kind":"road","id":"road-704781338-0","name":"Unnamed mapped secondary","osmWay":704781338,"major":false,"bridge":false},"geometry":{"type":"LineString","coordinates":[[8.8503445,9.8681049],[8.8504349,9.8680695],[8.8504826,9.8681731],[8.850385,9.8682136],[8.8503445,9.8681049]]}},{"type":"Feature","properties":{"kind":"road","id":"road-704781339-0","name":"Miango road","osmWay":704781339,"major":false,"bridge":false},"geometry":{"type":"LineString","coordinates":[[8.8504373,9.8682142],[8.850083,9.8687505]]}},{"type":"Feature","properties":{"kind":"road","id":"road-704781340-0","name":"Miango road","osmWay":704781340,"major":false,"bridge":false},"geometry":{"type":"LineString","coordinates":[[8.850083,9.8687505],[8.850345,9.8681804]]}},{"type":"Feature","properties":{"kind":"road","id":"road-848668986-0","name":"Unnamed mapped secondary","osmWay":848668986,"major":false,"bridge":true},"geometry":{"type":"LineString","coordinates":[[8.9256299,9.8945572],[8.9260215,9.8949086]]}},{"type":"Feature","properties":{"kind":"road","id":"road-848668987-0","name":"Unnamed mapped secondary","osmWay":848668987,"major":false,"bridge":false},"geometry":{"type":"LineString","coordinates":[[8.9210737,9.8877904],[8.9216736,9.8903691],[8.9237729,9.8927787],[8.9256299,9.8945572]]}},{"type":"Feature","properties":{"kind":"road","id":"road-848668988-0","name":"Unnamed mapped secondary","osmWay":848668988,"major":false,"bridge":false},"geometry":{"type":"LineString","coordinates":[[8.9255494,9.8946602],[8.9244905,9.8936886],[8.9217031,9.8905699],[8.9214016,9.889948],[8.9209848,9.8878962]]}},{"type":"Feature","properties":{"kind":"road","id":"road-848668989-0","name":"Unnamed mapped secondary","osmWay":848668989,"major":false,"bridge":true},"geometry":{"type":"LineString","coordinates":[[8.9259502,9.8949927],[8.9255494,9.8946602]]}},{"type":"Feature","properties":{"kind":"road","id":"road-848668991-0","name":"Unnamed mapped secondary","osmWay":848668991,"major":false,"bridge":false},"geometry":{"type":"LineString","coordinates":[[8.9209596,9.8878919],[8.9173765,9.892388],[8.9161885,9.8937751],[8.9152747,9.8945864],[8.9137617,9.8955992],[8.9116555,9.8965231],[8.9096171,9.8971678],[8.9079916,9.8984044],[8.9076751,9.898843],[8.9067927,9.9010123],[8.9060114,9.901838]]}},{"type":"Feature","properties":{"kind":"road","id":"road-848668992-0","name":"Unnamed mapped secondary","osmWay":848668992,"major":false,"bridge":false},"geometry":{"type":"LineString","coordinates":[[8.9423132,9.9062386],[8.9377373,9.9038976],[8.9324427,9.9025475],[8.9316434,9.90213],[8.9309862,9.9014588],[8.9279366,9.896671],[8.9259502,9.8949927]]}},{"type":"Feature","properties":{"kind":"road","id":"road-848668993-0","name":"Unnamed mapped secondary","osmWay":848668993,"major":false,"bridge":false},"geometry":{"type":"LineString","coordinates":[[8.9204876,9.8882543],[8.9209087,9.8877682],[8.9208648,9.8868909]]}},{"type":"Feature","properties":{"kind":"road","id":"road-848668994-0","name":"Unnamed mapped secondary","osmWay":848668994,"major":false,"bridge":false},"geometry":{"type":"LineString","coordinates":[[8.9210737,9.8877904],[8.9210076,9.8878939],[8.9208989,9.8878172],[8.9209721,9.8877229],[8.9210737,9.8877904]]}},{"type":"Feature","properties":{"kind":"road","id":"road-1036764782-0","name":"Abbatoir Road","osmWay":1036764782,"major":false,"bridge":false},"geometry":{"type":"LineString","coordinates":[[8.8867794,9.8712934],[8.8878858,9.8748952],[8.8880575,9.8763776],[8.8864481,9.8830629],[8.886601,9.8867068],[8.8866989,9.8873766],[8.888661,9.8920655],[8.8887575,9.8926257],[8.8887186,9.8941113],[8.8889225,9.8945473],[8.8887273,9.8946447]]}},{"type":"Feature","properties":{"kind":"road","id":"road-1060930353-0","name":"Unnamed mapped trunk_link","osmWay":1060930353,"major":false,"bridge":false},"geometry":{"type":"LineString","coordinates":[[8.8869375,9.893401],[8.8869872,9.8933034]]}},{"type":"Feature","properties":{"kind":"road","id":"road-1061374220-0","name":"Unnamed mapped secondary","osmWay":1061374220,"major":false,"bridge":false},"geometry":{"type":"LineString","coordinates":[[8.914184,9.8952655],[8.9161628,9.8935857],[8.9204876,9.8882543]]}},{"type":"Feature","properties":{"kind":"road","id":"road-1061378552-0","name":"Bauchi Ring Road","osmWay":1061378552,"major":true,"bridge":false},"geometry":{"type":"LineString","coordinates":[[8.9065164,9.9017693],[8.9069563,9.9017712]]}},{"type":"Feature","properties":{"kind":"road","id":"road-1061378553-0","name":"Bauchi Ring Road","osmWay":1061378553,"major":true,"bridge":false},"geometry":{"type":"LineString","coordinates":[[8.9065164,9.9017693],[8.9060114,9.901838]]}},{"type":"Feature","properties":{"kind":"road","id":"road-1061378554-0","name":"Unnamed mapped primary_link","osmWay":1061378554,"major":false,"bridge":false},"geometry":{"type":"LineString","coordinates":[[8.906395,9.9014303],[8.9062789,9.9017157]]}},{"type":"Feature","properties":{"kind":"road","id":"road-1061378555-0","name":"Bauchi Ring Road","osmWay":1061378555,"major":true,"bridge":false},"geometry":{"type":"LineString","coordinates":[[8.897692,9.901945],[8.8995869,9.9026386],[8.9023536,9.9031103],[8.9037323,9.902813],[8.9059049,9.9015434],[8.9065164,9.9017693]]}},{"type":"Feature","properties":{"kind":"road","id":"road-1061378556-0","name":"Bauchi Ring Road","osmWay":1061378556,"major":true,"bridge":false},"geometry":{"type":"LineString","coordinates":[[8.9060114,9.901838],[8.9052545,9.9020851],[8.9043841,9.902632]]}},{"type":"Feature","properties":{"kind":"road","id":"road-1061378557-0","name":"Bauchi Ring Road","osmWay":1061378557,"major":true,"bridge":false},"geometry":{"type":"LineString","coordinates":[[8.9043841,9.902632],[8.9031583,9.9031261],[8.9020908,9.9031935],[8.8994233,9.9027047],[8.897649,9.9020322]]}},{"type":"Feature","properties":{"kind":"road","id":"road-1062006375-0","name":"Unnamed mapped tertiary_link","osmWay":1062006375,"major":false,"bridge":false},"geometry":{"type":"LineString","coordinates":[[8.9523286,9.9101412],[8.9523151,9.9100144]]}},{"type":"Feature","properties":{"kind":"road","id":"road-1062006376-0","name":"Unnamed mapped tertiary_link","osmWay":1062006376,"major":false,"bridge":false},"geometry":{"type":"LineString","coordinates":[[8.9520233,9.9100432],[8.9520308,9.9101491]]}},{"type":"Feature","properties":{"kind":"road","id":"road-1062006377-0","name":"Unnamed mapped tertiary","osmWay":1062006377,"major":false,"bridge":false},"geometry":{"type":"LineString","coordinates":[[8.9528623,9.9100091],[8.9523286,9.9101412],[8.9479673,9.9103843],[8.9464411,9.9107991],[8.9443533,9.9109302]]}},{"type":"Feature","properties":{"kind":"road","id":"road-1062006378-0","name":"Unnamed mapped tertiary","osmWay":1062006378,"major":false,"bridge":false},"geometry":{"type":"LineString","coordinates":[[8.9443754,9.9108467],[8.9462694,9.9107278],[8.9479458,9.9102892],[8.9528623,9.9100091]]}},{"type":"Feature","properties":{"kind":"road","id":"road-1062006380-0","name":"Unnamed mapped secondary","osmWay":1062006380,"major":false,"bridge":false},"geometry":{"type":"LineString","coordinates":[[8.9442691,9.9108194],[8.943724,9.907388],[8.9432225,9.9067486],[8.9423132,9.9062386]]}},{"type":"Feature","properties":{"kind":"road","id":"road-1062006381-0","name":"Unnamed mapped secondary","osmWay":1062006381,"major":false,"bridge":false},"geometry":{"type":"LineString","coordinates":[[8.9443247,9.9109427],[8.944247,9.9109029],[8.9442977,9.9108069],[8.9443754,9.9108467],[8.9443247,9.9109427]]}},{"type":"Feature","properties":{"kind":"road","id":"road-1062006382-0","name":"Unnamed mapped secondary","osmWay":1062006382,"major":false,"bridge":false},"geometry":{"type":"LineString","coordinates":[[8.9423762,9.9061844],[8.9434236,9.9067882],[8.9438287,9.9073863],[8.9443567,9.910822]]}},{"type":"Feature","properties":{"kind":"road","id":"road-1062782764-0","name":"Unnamed mapped secondary","osmWay":1062782764,"major":false,"bridge":false},"geometry":{"type":"LineString","coordinates":[[8.9208648,9.8868909],[8.9210737,9.8877904]]}},{"type":"Feature","properties":{"kind":"road","id":"road-1093734231-0","name":"Unnamed mapped secondary","osmWay":1093734231,"major":false,"bridge":false},"geometry":{"type":"LineString","coordinates":[[8.8354689,9.7445995],[8.8376333,9.7451574],[8.8390589,9.7460985],[8.8423835,9.7522882],[8.843274,9.754658],[8.8529246,9.7658488],[8.8534825,9.7661977],[8.8597331,9.7689828]]}},{"type":"Feature","properties":{"kind":"road","id":"road-1124072635-0","name":"Unnamed mapped tertiary_link","osmWay":1124072635,"major":false,"bridge":false},"geometry":{"type":"LineString","coordinates":[[8.825577,9.9237688],[8.8256823,9.9240221],[8.8259894,9.9242014]]}},{"type":"Feature","properties":{"kind":"road","id":"road-1388137527-0","name":"Unnamed mapped secondary_link","osmWay":1388137527,"major":false,"bridge":false},"geometry":{"type":"LineString","coordinates":[[8.8698855,9.787057],[8.8698601,9.7869685]]}},{"type":"Feature","properties":{"kind":"road","id":"road-1388137528-0","name":"Unnamed mapped secondary_link","osmWay":1388137528,"major":false,"bridge":false},"geometry":{"type":"LineString","coordinates":[[8.8668211,9.7879042],[8.8667983,9.7878302]]}},{"type":"Feature","properties":{"kind":"road","id":"road-1427110916-0","name":"Unnamed mapped trunk_link","osmWay":1427110916,"major":false,"bridge":false},"geometry":{"type":"LineString","coordinates":[[8.8566185,9.9599379],[8.8565723,9.959856]]}},{"type":"Feature","properties":{"kind":"road","id":"road-1499612667-0","name":"Unnamed mapped trunk_link","osmWay":1499612667,"major":false,"bridge":false},"geometry":{"type":"LineString","coordinates":[[8.8913802,9.900106],[8.8916785,9.9007996],[8.8918729,9.9018367],[8.8918109,9.902203]]}},{"type":"Feature","properties":{"kind":"road","id":"road-1499612668-0","name":"Unnamed mapped trunk_link","osmWay":1499612668,"major":false,"bridge":false},"geometry":{"type":"LineString","coordinates":[[8.8916865,9.9020031],[8.8913861,9.9007309],[8.8910714,9.9001879]]}},{"type":"Feature","properties":{"kind":"road","id":"road-1499612669-0","name":"Unnamed mapped trunk_link","osmWay":1499612669,"major":false,"bridge":false},"geometry":{"type":"LineString","coordinates":[[8.8909753,9.9000167],[8.8905948,9.8992618],[8.8905881,9.8989487]]}},{"type":"Feature","properties":{"kind":"road","id":"road-1499612670-0","name":"Unnamed mapped trunk_link","osmWay":1499612670,"major":false,"bridge":false},"geometry":{"type":"LineString","coordinates":[[8.8906914,9.8989077],[8.891305,9.8998005]]}},{"type":"Feature","properties":{"kind":"road","id":"road-1499612671-0","name":"Unnamed mapped primary","osmWay":1499612671,"major":true,"bridge":false},"geometry":{"type":"LineString","coordinates":[[8.8911677,9.9002216],[8.8909805,9.8999662]]}},{"type":"Feature","properties":{"kind":"road","id":"road-1499612672-0","name":"Unnamed mapped primary","osmWay":1499612672,"major":true,"bridge":false},"geometry":{"type":"LineString","coordinates":[[8.8909805,9.8999662],[8.8911587,9.8998039],[8.891376,9.8999104],[8.8913519,9.9001484],[8.8911677,9.9002216]]}},{"type":"Feature","properties":{"kind":"road","id":"road-1499612673-0","name":"A3","osmWay":1499612673,"major":true,"bridge":true},"geometry":{"type":"LineString","coordinates":[[8.8907286,9.8990213],[8.8914733,9.900501],[8.8917562,9.9017482]]}},{"type":"Feature","properties":{"kind":"road","id":"road-1499612674-0","name":"A3","osmWay":1499612674,"major":true,"bridge":false},"geometry":{"type":"LineString","coordinates":[[8.8805669,9.8910523],[8.8828794,9.8914164],[8.8846748,9.8920377],[8.8888434,9.8944416],[8.8903212,9.8970092],[8.8907286,9.8990213]]}},{"type":"Feature","properties":{"kind":"road","id":"road-1499612675-0","name":"A3","osmWay":1499612675,"major":true,"bridge":false},"geometry":{"type":"LineString","coordinates":[[8.890627,9.8990544],[8.8902085,9.8969643],[8.8890559,9.8950269],[8.888442,9.8943204],[8.884828,9.892216],[8.8825764,9.8914511],[8.8805566,9.8911606]]}},{"type":"Feature","properties":{"kind":"road","id":"road-1499612676-0","name":"A3","osmWay":1499612676,"major":true,"bridge":true},"geometry":{"type":"LineString","coordinates":[[8.8916543,9.9017759],[8.8914022,9.9005499],[8.890627,9.8990544]]}},{"type":"Feature","properties":{"kind":"road","id":"road-1499612677-0","name":"Bauchi Ring Road","osmWay":1499612677,"major":true,"bridge":true},"geometry":{"type":"LineString","coordinates":[[8.897649,9.9020322],[8.8972571,9.9018675]]}},{"type":"Feature","properties":{"kind":"road","id":"road-1499612678-0","name":"Bauchi Ring Road","osmWay":1499612678,"major":true,"bridge":false},"geometry":{"type":"LineString","coordinates":[[8.8972571,9.9018675],[8.8961611,9.9011821],[8.89459,9.8993662],[8.8938443,9.8989606],[8.8923222,9.8992526],[8.8913953,9.8999575]]}},{"type":"Feature","properties":{"kind":"road","id":"road-1545709860-0","name":"Bauchi Road","osmWay":1545709860,"major":true,"bridge":false},"geometry":{"type":"LineString","coordinates":[[8.8923163,9.9570681],[8.891769,9.9550857],[8.8921224,9.9524055],[8.8912962,9.9488456],[8.8915151,9.9471513]]}},{"type":"Feature","properties":{"kind":"road","id":"road-1545709861-0","name":"Bauchi Road","osmWay":1545709861,"major":true,"bridge":true},"geometry":{"type":"LineString","coordinates":[[8.8915151,9.9471513],[8.8915357,9.9470643]]}},{"type":"Feature","properties":{"kind":"road","id":"road-1545709862-0","name":"Bauchi Road","osmWay":1545709862,"major":true,"bridge":false},"geometry":{"type":"LineString","coordinates":[[8.8915794,9.9472153],[8.8913613,9.9487584],[8.8921988,9.9524165],[8.8918608,9.955223],[8.8924536,9.9572634]]}},{"type":"Feature","properties":{"kind":"road","id":"road-1545709863-0","name":"Bauchi Road","osmWay":1545709863,"major":true,"bridge":true},"geometry":{"type":"LineString","coordinates":[[8.891599,9.9471277],[8.8915794,9.9472153]]}},{"type":"Feature","properties":{"kind":"road","id":"road-1563605566-0","name":"Unnamed mapped secondary_link","osmWay":1563605566,"major":false,"bridge":false},"geometry":{"type":"LineString","coordinates":[[8.9210504,9.8830659],[8.9209635,9.8828958]]}},{"type":"Feature","properties":{"kind":"rail","id":"rail-170114873-0","name":"Eastern Rail Line","osmWay":170114873,"major":false,"bridge":false},"geometry":{"type":"LineString","coordinates":[[8.7693451,9.6156291],[8.7714617,9.6180297],[8.7723039,9.6186433],[8.7784354,9.6209598],[8.7794925,9.6215845],[8.7800772,9.6221715],[8.7845833,9.6283384],[8.7850605,9.6293583],[8.7851356,9.6305166],[8.7849803,9.6312102],[8.7836338,9.6347696],[8.7835209,9.635927],[8.7838749,9.6373761],[8.7841914,9.637942],[8.7848942,9.6387353],[8.7854843,9.6391478],[8.7863375,9.6395083],[8.7945987,9.6413276],[8.7991564,9.6429036]]}},{"type":"Feature","properties":{"kind":"rail","id":"rail-170114873-1","name":"Eastern Rail Line","osmWay":170114873,"major":false,"bridge":false},"geometry":{"type":"LineString","coordinates":[[8.8048256,9.6446391],[8.8111452,9.6497443]]}},{"type":"Feature","properties":{"kind":"rail","id":"rail-171460903-0","name":"Eastern Rail Line","osmWay":171460903,"major":false,"bridge":false},"geometry":{"type":"LineString","coordinates":[[8.8110864,9.649691],[8.8119069,9.6504207],[8.8135054,9.6525602],[8.8181483,9.6578433],[8.8190549,9.6587318],[8.8200037,9.6594093],[8.8286787,9.6640386],[8.8297302,9.6644667],[8.8309923,9.6647689],[8.8370284,9.6656119],[8.8387503,9.6656962],[8.8408612,9.6653025],[8.8431122,9.6644151],[8.8538965,9.6559863],[8.869033,9.6447664]]}}]}
