{"type":"FeatureCollection","metadata":{"source":"Geofabrik Nigeria OSM extract, OpenStreetMap contributors, ODbL 1.0; geoBoundaries gbOpen GRID3 2022, CC BY 4.0","surfaceFormatVersion":1,"pbfUrl":"https://download.geofabrik.de/africa/nigeria-261003.osm.pbf","pbfDate":"2026-10-03","pbfSha256":"6dfa568106792fb8a9bba0b12a91e1edfb789d38c452087b2c48bc58326880b5","pbfBytes":709273731,"boundaryRelease":"9469f09","adm1Sha256":"64fa218ac3d453cc1e66412ff461c5dfa1a4a1ade0da93b239a9891b587d28f9","adm2Sha256":"bef7f2cfa45e012f4772eaa61c7b99e5188aeba4d5c6badae7e9f9aae8c02fcd","cityId":"kaduna","stateId":"kaduna","stateSourceName":"Kaduna","localUnits":[["kaduna-north","Kaduna North"],["kaduna-south","Kaduna South"]],"coordinatePrecisionDegrees":1e-07,"transportSimplificationDegrees":8e-05,"locationIndex":"sparse_file_array","waterObjects":[["relation",2317463],["relation",2317464],["relation",2317465],["relation",2317466],["relation",2317467],["relation",2317471],["relation",2317472],["relation",2317474],["relation",2317475],["way",39012630],["way",39024308],["way",39024326],["way",39267801],["way",39273198],["way",39273288],["way",39274316],["way",39407876],["way",39469539],["way",39560886],["way",39560897],["way",39560933],["way",39653945],["way",39727387],["way",39729764],["way",39734999],["way",39736780],["way",39736784],["way",39762069],["way",39764629],["way",39772149],["way",39772174],["way",39772204],["way",39772207],["way",39772213],["way",39772214],["way",39772219],["way",39772236],["way",39772255],["way",39772272],["way",39772276],["way",39783122],["way",39816696],["way",39816805],["way",359611245],["way",1245003926],["way",1540337130]]},"features":[{"type":"Feature","properties":{"kind":"state","id":"state:kaduna","localUnitId":"kaduna","name":"Kaduna"},"geometry":{"type":"Polygon","coordinates":[[[7.7209212,9.3306405],[7.69297,9.3494028],[7.6787092,9.3683517],[7.6707232,9.3839228],[7.6674908,9.4013691],[7.6469552,9.408685],[7.6140604,9.4060588],[7.5420941,9.3873511],[7.5210707,9.3675515],[7.520007,9.3665497],[7.509101,9.3550313],[7.4969318,9.3524047],[7.4737342,9.3503409],[7.4337634,9.34347],[7.3896907,9.335894],[7.3786453,9.3364684],[7.3535847,9.3377715],[7.3339786,9.3407723],[7.2897677,9.3328463],[7.273703,9.3293271],[7.263402,9.3265849],[7.2493445,9.3228428],[7.2370338,9.3195656],[7.235021,9.3185083],[7.2337271,9.3179368],[7.2322574,9.3177189],[7.2278783,9.3257621],[7.2223642,9.3323291],[7.2214836,9.3721229],[7.2214134,9.3752931],[7.2193853,9.3838316],[7.2050611,9.4441369],[7.2008966,9.4598212],[7.2189823,9.4926801],[7.2295184,9.4998038],[7.251373,9.5210335],[7.2484819,9.5350116],[7.2339423,9.5648212],[7.2457518,9.5754084],[7.2588718,9.5890952],[7.29614,9.6134676],[7.3056471,9.6277153],[7.2978512,9.6488983],[7.2881539,9.6674557],[7.276365,9.6899482],[7.2560196,9.7126266],[7.2227099,9.7409489],[7.2222379,9.7414209],[7.2147098,9.7489491],[7.20474,9.758296],[7.2065501,9.7651353],[7.2067251,9.7657967],[7.2075467,9.7688999],[7.2105041,9.7800713],[7.2149053,9.782547],[7.2208371,9.7858839],[7.2239623,9.7876415],[7.2315326,9.7910061],[7.25172,9.7943707],[7.2567668,9.7901649],[7.2601314,9.7868004],[7.2677016,9.7834358],[7.2735896,9.7834358],[7.2786365,9.7868004],[7.2853656,9.7893238],[7.2912536,9.8002586],[7.2917542,9.8035129],[7.2929358,9.8111935],[7.2920947,9.8238106],[7.2910843,9.8288631],[7.2887301,9.8406334],[7.2929358,9.8515682],[7.2949047,9.8530455],[7.2965002,9.8698483],[7.2954593,9.8717566],[7.2954593,9.8737263],[7.2954593,9.880003],[7.2954593,9.8814686],[7.2954593,9.8877382],[7.293777,9.9079256],[7.2892196,9.9196447],[7.287889,9.9230661],[7.2871375,9.9260721],[7.2853656,9.9331598],[7.2854667,9.9351835],[7.2857652,9.9411488],[7.2862067,9.9499826],[7.2845244,9.9575529],[7.2831368,9.9605465],[7.2810755,9.9649944],[7.2803187,9.9735346],[7.2803187,9.9836283],[7.2803187,9.9890394],[7.2803187,9.9996099],[7.2777953,10.0164328],[7.2732434,10.0235138],[7.270225,10.0282087],[7.2646546,10.0321875],[7.2584491,10.0366201],[7.2540669,10.0392265],[7.2507272,10.0394173],[7.2407851,10.0399847],[7.2323737,10.0433493],[7.2290883,10.0384207],[7.2266879,10.0388403],[7.2221322,10.0372601],[7.2160158,10.0374079],[7.2138686,10.0399847],[7.2071395,10.041667],[7.2004104,10.0332556],[7.1886344,10.0273676],[7.1793818,10.0273676],[7.1752385,10.0293012],[7.1667647,10.0332556],[7.156671,10.0340967],[7.1499419,10.0349379],[7.138166,10.035779],[7.1248698,10.032965],[7.1230254,10.029891],[7.1120906,10.0265265],[7.1053615,10.0265265],[7.1036792,10.0315733],[7.1003146,10.029891],[7.0919032,10.0324144],[7.0851741,10.0366201],[7.0649867,10.0425081],[7.0586655,10.0428498],[7.033864,10.0441904],[7.0187235,10.0383024],[7.0084915,10.044805],[6.9833956,10.0458727],[6.9522734,10.047555],[6.9404974,10.0610132],[6.926198,10.0677423],[6.914422,10.077836],[6.906363,10.077836],[6.9011788,10.0763817],[6.8925295,10.0930157],[6.8820882,10.1171112],[6.8822638,10.1189551],[6.8837398,10.1344519],[6.8853011,10.1508446],[6.8883476,10.1531296],[6.8949389,10.1580734],[6.9009741,10.1652059],[6.9037743,10.1685152],[6.9054589,10.170948],[6.9110031,10.178956],[6.915019,10.1885948],[6.9167474,10.1892428],[6.9214444,10.1910038],[6.923635,10.189126],[6.9270668,10.1861849],[6.9286728,10.180563],[6.9326777,10.180563],[6.9367051,10.180563],[6.9399176,10.180563],[6.942327,10.180563],[6.947036,10.1852714],[6.9471464,10.1853819],[6.9544725,10.1919985],[6.9591942,10.2022486],[6.9597923,10.2040427],[6.9608006,10.2070675],[6.9656196,10.2150993],[6.967226,10.2223282],[6.9672697,10.2224702],[6.970439,10.23277],[6.9746813,10.2365882],[6.9784708,10.2399988],[6.9824867,10.2440147],[6.9840927,10.2399988],[6.984889,10.2368145],[6.9873056,10.2367859],[6.9890521,10.2390041],[6.9904952,10.2408371],[6.996141,10.2448177],[7.0025663,10.2472277],[7.0028958,10.2449188],[7.0033693,10.2416048],[7.0081887,10.2424078],[7.009129,10.2471094],[7.0095159,10.249045],[7.0097947,10.2504396],[7.010662,10.2522855],[7.013609,10.2585578],[7.017128,10.2660475],[7.019433,10.2737322],[7.0246829,10.2789821],[7.0258589,10.280158],[7.0322843,10.2873869],[7.0403161,10.2889929],[7.0459385,10.2914028],[7.0491248,10.3009621],[7.0491509,10.3010406],[7.0499544,10.3106794],[7.0507574,10.3171043],[7.0466285,10.3226099],[7.0435286,10.3267431],[7.0338907,10.3436098],[7.029108,10.3472672],[7.024765,10.3505888],[7.0202365,10.3540516],[7.006393,10.3561668],[7.0033813,10.3566275],[7.0003939,10.3565502],[6.996944,10.3564606],[6.9911985,10.359333],[6.9889121,10.3604765],[6.9862795,10.3614559],[6.9772139,10.36483],[6.9650607,10.3627968],[6.9608006,10.3620834],[6.9511786,10.3607998],[6.9487529,10.3604765],[6.9416713,10.3608702],[6.940587,10.3609304],[6.9342952,10.3612795],[6.9302111,10.3657722],[6.9274701,10.3687877],[6.9262633,10.3701153],[6.9256671,10.3723517],[6.924768,10.3757238],[6.9230509,10.382163],[6.9284282,10.4030361],[6.9317737,10.412594],[6.9383111,10.433567],[6.9463429,10.4504337],[6.9543748,10.4624815],[6.954133,10.4680471],[6.9535198,10.4821787],[6.9479494,10.491396],[6.9359016,10.5002317],[6.9300155,10.5108828],[6.9298578,10.5110533],[6.9295572,10.511147],[6.9274602,10.5114352],[6.9269225,10.5115827],[6.9259221,10.5115213],[6.9252528,10.5113636],[6.9243049,10.5114131],[6.9234511,10.5122507],[6.9236034,10.512522],[6.9239222,10.5127123],[6.9245235,10.5130938],[6.9251612,10.5137315],[6.9255057,10.5141199],[6.9257885,10.5150142],[6.9261916,10.515718],[6.926364,10.5161167],[6.9264124,10.5164718],[6.9266153,10.5167487],[6.926657,10.5168891],[6.9266221,10.5170232],[6.9265908,10.5170799],[6.919035,10.5307522],[6.9126091,10.537981],[6.9052567,10.5407696],[6.9002352,10.5426741],[6.8957329,10.5443821],[6.889317,10.5468159],[6.8820882,10.5508318],[6.8743029,10.5532646],[6.8691025,10.555357],[6.8612051,10.5508318],[6.8563862,10.537981],[6.8491573,10.5307522],[6.8446253,10.5284866],[6.8443384,10.5283432],[6.839519,10.5315552],[6.8355031,10.537981],[6.839519,10.5492258],[6.8411255,10.5572577],[6.8416529,10.5672731],[6.841929,10.5725183],[6.8413849,10.5746937],[6.838716,10.5853691],[6.8360686,10.5930166],[6.8351016,10.5958109],[6.8294792,10.5998268],[6.8297915,10.6045094],[6.8302827,10.6118746],[6.83009,10.6149559],[6.8294792,10.6247253],[6.8234992,10.6310787],[6.8191047,10.6357479],[6.8166285,10.6383791],[6.8144436,10.6391506],[6.8110964,10.6403321],[6.8029742,10.643199],[6.7992296,10.6420755],[6.7959041,10.6410776],[6.7949424,10.640789],[6.7853041,10.639183],[6.7822838,10.6396475],[6.7748628,10.640789],[6.7653575,10.6436405],[6.7598991,10.6452779],[6.7587015,10.6445201],[6.7563682,10.6433685],[6.7547127,10.6429811],[6.7539316,10.6432924],[6.7531702,10.6426376],[6.7510579,10.6421387],[6.7503453,10.6421512],[6.7494696,10.6424548],[6.7488079,10.6428078],[6.7486035,10.6427223],[6.7484274,10.64257],[6.7481628,10.6425157],[6.7479611,10.6425324],[6.7476242,10.642561],[6.7474841,10.6425431],[6.7472758,10.6426467],[6.7467333,10.6427666],[6.7464649,10.6428751],[6.7462879,10.6428408],[6.7460537,10.642738],[6.7458367,10.6427552],[6.745325,10.6432843],[6.7442286,10.643528],[6.7418073,10.6438783],[6.7409392,10.6435128],[6.7317202,10.6421441],[6.7296073,10.6418586],[6.7271362,10.6423813],[6.7266377,10.6424868],[6.7231827,10.6424582],[6.7197802,10.6435033],[6.7165734,10.6415028],[6.7150358,10.6367939],[6.7141612,10.6341154],[6.7194379,10.6247681],[6.7242623,10.6176823],[6.7265755,10.6090127],[6.7266712,10.6086617],[6.7282715,10.6058611],[6.7313259,10.5964022],[6.7258682,10.589385],[6.7098455,10.5875359],[6.7004881,10.5890198],[6.6961226,10.5909881],[6.6959913,10.5910473],[6.6861806,10.589942],[6.6839894,10.5897113],[6.6808896,10.589385],[6.6777816,10.5898628],[6.6712332,10.5908689],[6.6685686,10.5912619],[6.6532888,10.592802],[6.6470699,10.5934296],[6.6364989,10.5900106],[6.6305056,10.5881071],[6.6241078,10.5860844],[6.6181116,10.5841885],[6.6142254,10.5829592],[6.6107798,10.5817289],[6.6062403,10.5801077],[6.6029806,10.5789433],[6.5970235,10.5771561],[6.5869169,10.5741243],[6.5831819,10.5698566],[6.5812945,10.5676994],[6.5777845,10.5626297],[6.5740657,10.5572577],[6.5694008,10.554925],[6.5665455,10.5534973],[6.5612149,10.5508318],[6.5561008,10.5469408],[6.5515895,10.5455561],[6.5491672,10.5452099],[6.5403318,10.5452099],[6.5371351,10.5484066],[6.5347328,10.5508089],[6.5327872,10.5527545],[6.5323,10.5532417],[6.5300291,10.5567744],[6.5261508,10.5628078],[6.5250716,10.5644865],[6.5244006,10.5660969],[6.5227078,10.5701598],[6.5215931,10.572835],[6.5214078,10.5760494],[6.5212668,10.5784939],[6.5210557,10.5821562],[6.5215402,10.5840946],[6.5231506,10.5905364],[6.5242682,10.5950069],[6.521684,10.5975913],[6.5182966,10.600979],[6.5151479,10.6041276],[6.5138268,10.6054487],[6.5117543,10.6066001],[6.5091717,10.6080348],[6.5074602,10.6089856],[6.506598,10.6094646],[6.5057092,10.609798],[6.5020659,10.6111645],[6.5014595,10.6115295],[6.4945436,10.6156928],[6.491728,10.6134119],[6.4907149,10.6125912],[6.4864578,10.6092215],[6.4856586,10.6082356],[6.4829639,10.6049113],[6.4815612,10.6062709],[6.480397,10.6073993],[6.4777615,10.6079343],[6.477117,10.6080651],[6.4724109,10.6061027],[6.4712974,10.6041008],[6.4692029,10.6003352],[6.4635937,10.5967841],[6.4598971,10.5941879],[6.4572945,10.5938725],[6.4557757,10.595733],[6.4503751,10.5950069],[6.4466574,10.5942105],[6.4465276,10.59191],[6.4458859,10.5906134],[6.4418216,10.5906484],[6.4386842,10.5899475],[6.4359841,10.5907102],[6.4355825,10.5908237],[6.4335866,10.5893271],[6.4332161,10.5890493],[6.4312329,10.5868986],[6.4295216,10.5829385],[6.426919,10.5796793],[6.4244234,10.5770859],[6.4182477,10.5765343],[6.413443,10.5756446],[6.4133788,10.5756302],[6.4124136,10.5754342],[6.4104641,10.5750766],[6.409944,10.5749968],[6.4099361,10.574988],[6.4084157,10.5733008],[6.4063835,10.5728102],[6.403806,10.5738602],[6.4036598,10.5739198],[6.4024261,10.5744223],[6.397983,10.5728352],[6.39724,10.5726975],[6.3972379,10.5726436],[6.3972026,10.5717342],[6.397114,10.5694457],[6.3954384,10.5675882],[6.3949114,10.5658837],[6.3935901,10.5643466],[6.3927386,10.5620051],[6.3926826,10.5619798],[6.3912028,10.5613106],[6.3915418,10.5588426],[6.3915546,10.5587493],[6.3918095,10.556893],[6.391488,10.5563758],[6.3903831,10.5555278],[6.3898243,10.5550989],[6.3897754,10.5550336],[6.3891588,10.5542106],[6.3886062,10.5534049],[6.388205,10.5527862],[6.3879662,10.5524178],[6.3876307,10.55207],[6.3864671,10.5508638],[6.3863472,10.5506045],[6.3862977,10.5504975],[6.3857243,10.5492574],[6.3851895,10.5481767],[6.3848627,10.5464826],[6.3841444,10.5429572],[6.3829465,10.5404336],[6.369829,10.5279204],[6.3553326,10.5112025],[6.3270886,10.4952077],[6.3154239,10.4801565],[6.3225897,10.4562437],[6.3238168,10.4535473],[6.3230182,10.450518],[6.3225429,10.4468156],[6.3216302,10.4435058],[6.3206604,10.4415798],[6.320052,10.44057],[6.318796,10.4396294],[6.3170287,10.4389619],[6.3112001,10.4335287],[6.3106918,10.4330549],[6.3099934,10.4325852],[6.3093849,10.4324917],[6.3034905,10.4317998],[6.3022926,10.431351],[6.3025017,10.4300981],[6.302825,10.4293127],[6.3039088,10.427611],[6.3045743,10.4256848],[6.304251,10.4246937],[6.3037368,10.4239768],[6.302729,10.4233025],[6.3021404,10.4231228],[6.3014179,10.4228984],[6.3006193,10.4223561],[6.2991923,10.4202262],[6.2970775,10.4181438],[6.2963021,10.4180008],[6.2959504,10.4180101],[6.2957127,10.4183],[6.2951613,10.4191228],[6.2946194,10.4199924],[6.2932028,10.4220308],[6.2914059,10.4230967],[6.2894665,10.4238822],[6.2887059,10.4240411],[6.2874795,10.4239944],[6.2870136,10.4238167],[6.2861868,10.4235081],[6.2866999,10.4226292],[6.2874034,10.4217877],[6.287565,10.4202636],[6.2873939,10.4184309],[6.2870707,10.4165889],[6.2870136,10.4159904],[6.2871657,10.4144102],[6.2867731,10.4139622],[6.2864147,10.4137743],[6.2859065,10.4137592],[6.2853604,10.4141876],[6.254454,10.4274483],[6.2442224,10.4119373],[6.2356511,10.3847976],[6.2339801,10.385784],[6.2318925,10.3864616],[6.2281285,10.3848984],[6.2259982,10.3845883],[6.2238665,10.3851314],[6.2219303,10.385793],[6.2193581,10.3894338],[6.2192524,10.3894524],[6.2181274,10.3896505],[6.2167133,10.3893816],[6.2152277,10.3857578],[6.2138129,10.3823065],[6.2113298,10.3787911],[6.209262,10.3748868],[6.2071466,10.3730632],[6.2059107,10.3724787],[6.2046272,10.3725021],[6.2032962,10.3733671],[6.201371,10.3747465],[6.1990655,10.3761259],[6.1967363,10.3783235],[6.1945734,10.3788612],[6.1927779,10.3786916],[6.1912934,10.3771545],[6.1870865,10.3757518],[6.1842343,10.3752608],[6.1825706,10.3737645],[6.1815248,10.3700706],[6.1816436,10.3692757],[6.1805471,10.3660059],[6.1779825,10.3637209],[6.1759393,10.3621915],[6.1733961,10.3591404],[6.1721126,10.3586611],[6.1697121,10.3584682],[6.1697834,10.3598301],[6.1702112,10.3618174],[6.1705413,10.3619836],[6.1708519,10.3650323],[6.1705915,10.3655115],[6.1697359,10.3660025],[6.169308,10.3663532],[6.1692605,10.3668441],[6.1700659,10.3675297],[6.1700924,10.3690185],[6.1696883,10.3697433],[6.1699022,10.3704446],[6.1698072,10.3708421],[6.1693793,10.3710525],[6.169213,10.3713097],[6.1697674,10.3718687],[6.1702188,10.3724157],[6.1701874,10.3730632],[6.1703368,10.3733522],[6.1710669,10.373671],[6.1715185,10.3745828],[6.1713286,10.3752714],[6.1710193,10.3757284],[6.1709005,10.376383],[6.1712808,10.3767103],[6.1720342,10.3766367],[6.1723575,10.3771043],[6.1723535,10.3776635],[6.1728518,10.3796292],[6.173099,10.380901],[6.1735197,10.3812658],[6.1749101,10.3822477],[6.1755526,10.3836992],[6.175947,10.3843695],[6.1759982,10.3844565],[6.176845,10.3848215],[6.1772758,10.3850702],[6.1773055,10.3857716],[6.1768592,10.3861681],[6.1765483,10.3861688],[6.1762318,10.3862944],[6.1760207,10.3863442],[6.175821,10.3866808],[6.1756428,10.3872209],[6.1753718,10.387824],[6.1751009,10.3880625],[6.1746231,10.3881186],[6.1736748,10.3882028],[6.1727978,10.3882518],[6.1722844,10.3885043],[6.1719778,10.3889111],[6.1715785,10.3897738],[6.1705802,10.390917],[6.1698386,10.3924178],[6.1699908,10.392834],[6.170257,10.3933249],[6.1703711,10.3937223],[6.1702855,10.3943115],[6.1695724,10.395471],[6.168783,10.3958238],[6.167671,10.3959853],[6.1663115,10.3963874],[6.1664113,10.396677],[6.1665967,10.397229],[6.1664351,10.3976311],[6.1656782,10.3984964],[6.1653322,10.3988842],[6.165028,10.3989496],[6.1647048,10.3986597],[6.1643815,10.3986223],[6.1642009,10.3990338],[6.1641534,10.3999034],[6.1642865,10.4004364],[6.1639157,10.4010816],[6.1637945,10.4013341],[6.163957,10.4017543],[6.16332,10.4030915],[6.1629302,10.4036526],[6.1629178,10.403931],[6.1629368,10.4043798],[6.1635453,10.4053336],[6.1636594,10.4063248],[6.1636943,10.4066677],[6.1642552,10.4075186],[6.1645119,10.4081264],[6.1641886,10.4087248],[6.1635421,10.4092298],[6.1629432,10.4092111],[6.1626199,10.4092952],[6.1622848,10.4095933],[6.1624372,10.4101878],[6.1624108,10.4106359],[6.162185,10.4111209],[6.1619473,10.411343],[6.1617069,10.4119544],[6.1615642,10.4125154],[6.1622654,10.4134037],[6.1625744,10.4139063],[6.1626649,10.4143552],[6.1623011,10.4147362],[6.1619657,10.414806],[6.161822,10.4149223],[6.1615311,10.4154092],[6.1614602,10.4156251],[6.1616356,10.4159985],[6.1616792,10.4166578],[6.161386,10.4175764],[6.1748962,10.4422003],[6.1583318,10.5008317],[6.092243,10.5217838],[6.09317,10.5249152],[6.0939543,10.5285606],[6.0942871,10.5310376],[6.0945675,10.5376996],[6.0945105,10.5413729],[6.0940399,10.5448358],[6.0936943,10.5460129],[6.0936402,10.5461971],[6.0963929,10.5469388],[6.0997014,10.5475417],[6.1002576,10.5465883],[6.1017392,10.5463001],[6.1042934,10.5458032],[6.1050635,10.5457611],[6.1059048,10.5455789],[6.1072596,10.5452144],[6.1090008,10.5451933],[6.1120227,10.5474996],[6.1144185,10.5485791],[6.1164578,10.54921],[6.1171046,10.5496133],[6.1200349,10.5500746],[6.121556,10.5513597],[6.1230415,10.5528668],[6.1244557,10.554187],[6.1251807,10.5553086],[6.1257392,10.5567339],[6.1260007,10.5585681],[6.1258343,10.5598648],[6.1254421,10.5615705],[6.1256204,10.5622715],[6.1257511,10.562622],[6.1265949,10.563393],[6.1274505,10.5651454],[6.1281873,10.5673417],[6.1287102,10.5687903],[6.1290667,10.5702389],[6.1295183,10.5739539],[6.1298666,10.5777048],[6.1311617,10.581649],[6.1340052,10.5901275],[6.1333777,10.591791],[6.1314383,10.5935105],[6.1275403,10.5962953],[6.1241177,10.5980522],[6.1207698,10.5997397],[6.1185655,10.6011174],[6.1170824,10.6020705],[6.1155993,10.6040703],[6.1148007,10.6053039],[6.1147056,10.6067616],[6.115181,10.6079764],[6.1161887,10.6101257],[6.1163409,10.6121628],[6.1182613,10.6182928],[6.1192881,10.6211709],[6.1202388,10.6237125],[6.1205125,10.6266386],[6.1213607,10.6286276],[6.1219121,10.6297488],[6.1229008,10.6309823],[6.1230719,10.6316737],[6.1234142,10.6322157],[6.1239466,10.6324025],[6.125753,10.6328884],[6.1267988,10.633393],[6.1275023,10.6344395],[6.1272361,10.6355608],[6.1267607,10.6371119],[6.1270269,10.6385882],[6.1278931,10.6405441],[6.1291328,10.6433348],[6.1308203,10.6459743],[6.1307965,10.6500388],[6.1311531,10.6531688],[6.1306302,10.6552477],[6.1305214,10.657708],[6.132164,10.6596241],[6.1327959,10.6598578],[6.1330545,10.6604565],[6.1331096,10.6607271],[6.1331496,10.6609236],[6.1330981,10.6614842],[6.1329555,10.6669148],[6.133104,10.6673937],[6.1337101,10.6677323],[6.1365741,10.6688768],[6.1368521,10.6690033],[6.1401928,10.6705235],[6.141041,10.673199],[6.138999,10.6776139],[6.1372306,10.6792395],[6.135525,10.6795092],[6.1338461,10.6788097],[6.1325721,10.6789779],[6.1309178,10.6801737],[6.1281444,10.6840169],[6.1273241,10.6843778],[6.125765,10.685312],[6.1239206,10.6851626],[6.1198325,10.6862836],[6.1176265,10.6868289],[6.1167141,10.6877224],[6.1156303,10.6896282],[6.1142042,10.6919077],[6.1146796,10.6927484],[6.1158204,10.6934958],[6.1163909,10.6942245],[6.1150979,10.6971205],[6.1119415,10.7003528],[6.1074541,10.7018475],[6.103328,10.7010815],[6.1002096,10.7010254],[6.0988976,10.7016607],[6.0969168,10.6981771],[6.0952912,10.6978814],[6.0952453,10.6978874],[6.0936687,10.6980921],[6.092813,10.6989515],[6.092813,10.699347],[6.092813,10.7020904],[6.0943722,10.7055282],[6.0942391,10.7089846],[6.0938398,10.7105914],[6.0948123,10.7112719],[6.0958146,10.7119733],[6.0988786,10.713674],[6.0999434,10.7141972],[6.1016737,10.714795],[6.1036512,10.7161589],[6.1051534,10.7185689],[6.10734,10.7209603],[6.1079104,10.7227538],[6.1071499,10.7250331],[6.1071234,10.7276672],[6.1078914,10.7285079],[6.1083858,10.728975],[6.1106105,10.7319267],[6.1116183,10.7361301],[6.1146225,10.7376993],[6.1166761,10.740296],[6.1165049,10.7428554],[6.1141091,10.7465355],[6.1117514,10.7487772],[6.1110292,10.7499285],[6.111295,10.7532793],[6.1116563,10.7572208],[6.1130536,10.7602276],[6.1115612,10.7627314],[6.1090703,10.7653466],[6.1067792,10.7668063],[6.1050726,10.7680738],[6.1038937,10.7695122],[6.1025056,10.7725195],[6.101987,10.7746709],[6.1028289,10.7759192],[6.105662,10.7774695],[6.1063666,10.7789124],[6.107012,10.780234],[6.1081149,10.7831479],[6.1088567,10.7866813],[6.1100958,10.7896515],[6.1107337,10.7929308],[6.111136,10.7963701],[6.1111255,10.7980126],[6.1112015,10.7997309],[6.113198,10.8033357],[6.1135213,10.8052221],[6.113122,10.8083412],[6.1121903,10.8111987],[6.1125305,10.8134747],[6.1125896,10.8138695],[6.1137875,10.8143738],[6.1176094,10.8146913],[6.1217262,10.8149359],[6.1223249,10.8149715],[6.1251391,10.8167831],[6.1267933,10.8186134],[6.1285807,10.8186507],[6.1302729,10.8179784],[6.131554,10.818671],[6.1336932,10.8227565],[6.1358323,10.8245307],[6.1363552,10.8253244],[6.1334079,10.8299701],[6.1317917,10.8317676],[6.1304132,10.8339386],[6.1277,10.8343096],[6.1220221,10.8360945],[6.1218329,10.83688],[6.1218092,10.8378838],[6.1225935,10.8392844],[6.1225994,10.844664],[6.1225996,10.8448655],[6.1249462,10.8459348],[6.1304845,10.8484585],[6.132172,10.8487152],[6.1378763,10.8501158],[6.1398491,10.8513763],[6.1411801,10.8517498],[6.1435093,10.8525201],[6.1448992,10.8528309],[6.1464328,10.8531737],[6.1488254,10.8550032],[6.1533265,10.8547025],[6.1540663,10.8546531],[6.155156,10.8541859],[6.1567045,10.8527623],[6.1581662,10.8526573],[6.1605549,10.8540228],[6.1628054,10.8561428],[6.1636669,10.8600235],[6.1633698,10.8626495],[6.1625677,10.8648087],[6.1623956,10.865573],[6.1624458,10.8660728],[6.1629011,10.8664734],[6.1629836,10.8668219],[6.1639573,10.8681624],[6.1632853,10.8700226],[6.1578326,10.8851165],[6.1633572,10.8916301],[6.164607,10.8931037],[6.2092289,10.9017727],[6.217795,10.905104],[6.2213642,10.9086732],[6.2230298,10.9105768],[6.2261037,10.9134974],[6.2310293,10.9186003],[6.23302,10.9221188],[6.233963,10.9266043],[6.2320818,10.9332238],[6.2325171,10.9353487],[6.2333763,10.9367478],[6.2345917,10.9375502],[6.2355975,10.9391344],[6.236078,10.940405],[6.2374835,10.9453273],[6.2386989,10.9458828],[6.2398095,10.9455742],[6.2418003,10.9452656],[6.243791,10.9463766],[6.2454465,10.9476316],[6.2481707,10.9485574],[6.2510206,10.9483105],[6.2513349,10.9487426],[6.2525084,10.9517463],[6.2544154,10.955429],[6.2557984,10.9566017],[6.2585645,10.9577743],[6.2608277,10.9595231],[6.2614773,10.9614158],[6.2622822,10.9629313],[6.2634681,10.9632879],[6.2646206,10.9631439],[6.265354,10.9636171],[6.2661887,10.9649476],[6.2665485,10.9661064],[6.2671771,10.9666824],[6.2688745,10.9666001],[6.2719549,10.9646251],[6.2731704,10.9641314],[6.2747112,10.9645556],[6.2786397,10.9634525],[6.2802323,10.9636377],[6.28128,10.9646869],[6.282705,10.967135],[6.2830612,10.9684311],[6.2824535,10.972093],[6.2832079,10.9745616],[6.2840042,10.9752816],[6.2869799,10.9752405],[6.2870218,10.9758576],[6.2871056,10.9773388],[6.2874601,10.9793871],[6.2898927,10.9817823],[6.2927216,10.9853206],[6.2951734,10.9906897],[6.2963888,10.9926233],[6.3003703,10.9931787],[6.3013971,10.9941456],[6.3016905,10.9949684],[6.3003164,10.9977707],[6.3008603,10.9990748],[6.3041676,11.003068],[6.3080655,11.0046545],[6.3093015,11.0062877],[6.3108602,11.0071401],[6.3120273,11.0093694],[6.3130968,11.0103842],[6.3157441,11.0108915],[6.3177672,11.0100693],[6.3201203,11.0102093],[6.3221881,11.0116791],[6.3236855,11.0146187],[6.3242559,11.0176632],[6.3250402,11.0183281],[6.3267872,11.0188181],[6.3274289,11.019588],[6.3273576,11.0208828],[6.3262167,11.0227025],[6.3247993,11.0227348],[6.323935,11.0215476],[6.322879,11.0211195],[6.3219725,11.0213914],[6.3220631,11.0227964],[6.3224257,11.0240655],[6.3233,11.0249104],[6.3241912,11.0254725],[6.3248658,11.0257283],[6.3286054,11.0271467],[6.3297106,11.0271817],[6.3301385,11.0269717],[6.3326341,11.0258519],[6.3347019,11.0246621],[6.336021,11.0234723],[6.3370347,11.0214892],[6.3383028,11.0209527],[6.3396575,11.0209178],[6.3409054,11.0210927],[6.3419749,11.0220726],[6.3424688,11.0226785],[6.3435436,11.0239972],[6.344197,11.0241834],[6.3452905,11.0239623],[6.3457,11.0235],[6.3467523,11.0222125],[6.3480973,11.0223013],[6.349961,11.0229474],[6.3521357,11.0227375],[6.3538101,11.0223126],[6.3547027,11.0215476],[6.3563024,11.0204652],[6.3579826,11.0198329],[6.3588976,11.019552],[6.3641188,11.0178827],[6.3648047,11.0176634],[6.3656953,11.0178162],[6.3660786,11.0181499],[6.3679974,11.0209666],[6.3708742,11.0235722],[6.37178,11.0246971],[6.3740471,11.0302507],[6.3748536,11.0309563],[6.3763434,11.030856],[6.3782686,11.0305061],[6.3824755,11.0326057],[6.3840799,11.0329906],[6.3864686,11.0321508],[6.3874218,11.0322805],[6.3895374,11.033467],[6.3906457,11.0336695],[6.3916111,11.0338458],[6.3918655,11.0336695],[6.3933494,11.0326407],[6.3955955,11.0318358],[6.397485,11.0317308],[6.3990305,11.0320428],[6.4025119,11.0327456],[6.4037241,11.0329206],[6.405831,11.0302782],[6.4069328,11.0288964],[6.408038,11.0287914],[6.4101587,11.0302782],[6.4112823,11.031066],[6.4132075,11.0304711],[6.4149188,11.0289314],[6.4178066,11.0282315],[6.4189831,11.0277416],[6.4200884,11.0257469],[6.4204805,11.0209178],[6.4215501,11.0177682],[6.4242953,11.0142337],[6.4262561,11.0126589],[6.4271306,11.0095286],[6.4290238,11.0083883],[6.4317646,11.0074686],[6.437006,11.0076096],[6.4435495,11.0098701],[6.4474756,11.0121306],[6.4527104,11.014629],[6.4581832,11.0159377],[6.4685339,11.0226002],[6.4791225,11.0295006],[6.4886403,11.0327129],[6.5002997,11.0384236],[6.5107693,11.0436584],[6.5333742,11.0479415],[6.5411074,11.0450861],[6.5515771,11.0417549],[6.5595482,11.0361631],[6.5646641,11.0303334],[6.5681143,11.028073],[6.5697799,11.0264073],[6.5721594,11.0245038],[6.5724893,11.0233743],[6.5723704,11.0227557],[6.5720413,11.0221455],[6.5740569,11.0215674],[6.5772894,11.0215674],[6.5780776,11.0252735],[6.5845624,11.0239004],[6.5858934,11.0249735],[6.5875571,11.0308525],[6.5987756,11.041257],[6.5998214,11.0446628],[6.6031965,11.0459692],[6.6054542,11.0464861],[6.6067617,11.0465757],[6.6144655,11.0473396],[6.6184555,11.0470889],[6.6226862,11.0470422],[6.6241598,11.0490951],[6.6253482,11.0491417],[6.6271546,11.0480687],[6.6308148,11.0492817],[6.6430316,11.0506347],[6.6438397,11.0497482],[6.64425,11.0488167],[6.6450281,11.049375],[6.6464221,11.0492944],[6.6490686,11.0504947],[6.6565318,11.0519876],[6.6577202,11.0536205],[6.6583382,11.0539938],[6.6596673,11.0554286],[6.6607813,11.0558412],[6.662046,11.0546936],[6.6632344,11.0553934],[6.6638048,11.0556267],[6.6638,11.0615],[6.666911,11.0625219],[6.6686059,11.0628112],[6.6706975,11.0608518],[6.6716482,11.0602453],[6.672587,11.0593596],[6.6733356,11.0579607],[6.6753085,11.0563731],[6.6767821,11.0573062],[6.6782627,11.0594031],[6.6791589,11.0613184],[6.6803473,11.0621581],[6.6821,11.0628],[6.6829814,11.0650405],[6.6830385,11.0676103],[6.6816818,11.0708025],[6.6806971,11.0779467],[6.6810969,11.0811447],[6.6825817,11.0852564],[6.6847517,11.0882259],[6.6869,11.0906],[6.6874185,11.091663],[6.6942278,11.0933671],[6.6959842,11.0935956],[6.6962054,11.0937595],[6.6986962,11.0953263],[6.7009304,11.0965858],[6.7036115,11.0948945],[6.7049971,11.095137],[6.707015,11.0942534],[6.7096294,11.0966324],[6.7120062,11.1014837],[6.7137175,11.1028364],[6.7155239,11.1046556],[6.716,11.1062218],[6.7142037,11.1109983],[6.7104918,11.1125212],[6.7063991,11.1130922],[6.7020209,11.1128067],[6.6985945,11.114044],[6.6955488,11.1159476],[6.6908754,11.1208907],[6.68822,11.1279401],[6.684984,11.1515443],[6.6860504,11.1794326],[6.6890766,11.2036165],[6.6927886,11.2163228],[6.6976427,11.2280297],[6.7033534,11.2390228],[6.7112056,11.2491593],[6.7304792,11.2581537],[6.7536953,11.2622295],[6.7555492,11.2630221],[6.7584013,11.2634416],[6.7595422,11.2640477],[6.7601601,11.2666118],[6.7606355,11.267078],[6.7642958,11.2672645],[6.7667735,11.2721623],[6.7665366,11.2969063],[6.7678935,11.3082135],[6.7706432,11.3201186],[6.7739983,11.3224029],[6.777265,11.3222336],[6.7871329,11.3198331],[6.8153295,11.3081261],[6.8195456,11.3084089],[6.8207814,11.3099228],[6.8210487,11.3104472],[6.8225045,11.3106511],[6.8238712,11.3101558],[6.8246139,11.3096606],[6.8251487,11.3080291],[6.8275849,11.307563],[6.8284,11.3075],[6.8294864,11.3071842],[6.8356768,11.3100185],[6.8364385,11.3109133],[6.836839,11.3134659],[6.8362008,11.316128],[6.8369733,11.3169729],[6.8389401,11.3181143],[6.839857,11.3188645],[6.8353213,11.3288277],[6.8333583,11.3373938],[6.8322875,11.3472686],[6.8328824,11.351968],[6.8346075,11.3536336],[6.8375818,11.356251],[6.8445418,11.3603556],[6.8589375,11.3631515],[6.8628636,11.3633894],[6.8680389,11.3641032],[6.873185,11.3646975],[6.8746024,11.3656881],[6.8766432,11.3657461],[6.877891,11.3662005],[6.8791745,11.367319],[6.8798519,11.3690316],[6.8815275,11.3729812],[6.882864,11.3742399],[6.8854849,11.3787133],[6.8874101,11.3815793],[6.8878379,11.3823482],[6.8894423,11.3836414],[6.8917597,11.3833967],[6.893403,11.3822569],[6.8952892,11.3812647],[6.8977492,11.3812997],[6.8979914,11.3840701],[6.9110154,11.3850445],[6.9192881,11.3849134],[6.9239676,11.3825248],[6.9286231,11.3789783],[6.9344616,11.3754058],[6.9403472,11.3741589],[6.9461621,11.3694284],[6.9496365,11.3658971],[6.954316,11.3635085],[6.958996,11.3611199],[6.9613122,11.3587628],[6.9683799,11.3574996],[6.9754704,11.3573848],[6.9814272,11.3596214],[6.9885409,11.3606752],[6.9956331,11.36057],[7.0026722,11.3617697],[7.0061932,11.3617897],[7.0136285,11.3492297],[7.0134217,11.3460119],[7.0122499,11.3464333],[7.0098969,11.3474004],[7.0081894,11.3407525],[7.0096188,11.330912],[7.0087156,11.3146216],[7.0075748,11.3109858],[7.0077278,11.3086538],[7.0087477,11.3044367],[7.0086999,11.2938404],[7.005187,11.2903605],[7.0028448,11.2880402],[6.9993348,11.2834101],[6.9969931,11.2810898],[6.9934769,11.27876],[6.988791,11.2752705],[6.9864478,11.2729502],[6.984107,11.2706299],[6.980597,11.2659998],[6.9782538,11.26367],[6.975915,11.2601995],[6.9737683,11.2573685],[6.972405,11.2555704],[6.971901,11.2547401],[6.9688969,11.2497902],[6.9677339,11.2451696],[6.9700871,11.2428799],[6.9757004,11.2390373],[6.9839513,11.2343178],[6.9990677,11.2267645],[7.0138989,11.2171126],[7.0254502,11.2095588],[7.0304598,11.2080412],[7.0367163,11.2057465],[7.0402465,11.2048384],[7.0433692,11.2052127],[7.0433832,11.2052144],[7.0469016,11.2048384],[7.0492784,11.2039524],[7.0518928,11.2031597],[7.0538893,11.2020406],[7.0584213,11.2002572],[7.0613564,11.2077535],[7.0689605,11.2032907],[7.0737438,11.19889],[7.0766554,11.1953052],[7.0845583,11.181024],[7.0898939,11.1748499],[7.0957539,11.1695233],[7.1014213,11.1664556],[7.1092648,11.1624915],[7.1186788,11.1560863],[7.1213063,11.1492949],[7.1233505,11.145044],[7.1292925,11.1381646],[7.1338084,11.1353661],[7.1442663,11.130119],[7.1521097,11.1288363],[7.1615542,11.1308666],[7.1730255,11.1348997],[7.1818914,11.1403685],[7.1858644,11.1419954],[7.2001341,11.1516326],[7.2002762,11.1517286],[7.2010247,11.1533851],[7.200074,11.173159],[7.2064671,11.1855718],[7.2197114,11.194186],[7.2184993,11.1998516],[7.2162175,11.2000615],[7.2113689,11.2024396],[7.2087306,11.2078953],[7.2065673,11.2154981],[7.2027411,11.2221635],[7.2005782,11.2285048],[7.1997463,11.2345661],[7.1997463,11.2387623],[7.1990333,11.2434247],[7.1965204,11.2494049],[7.1953293,11.2522393],[7.1947859,11.2575612],[7.2099573,11.2611072],[7.2151268,11.269965],[7.2221218,11.2761176],[7.2273983,11.2786349],[7.2328325,11.2768077],[7.2328937,11.2767872],[7.2348852,11.2761176],[7.2384506,11.2757719],[7.2406153,11.2750642],[7.243917,11.2739848],[7.2495619,11.2729358],[7.2522971,11.2728852],[7.2527111,11.2728776],[7.2570488,11.2751502],[7.2584619,11.2764971],[7.2604979,11.2785284],[7.2605626,11.2784994],[7.2626958,11.2775423],[7.2656527,11.2781165],[7.2677918,11.2772774],[7.2701972,11.2754122],[7.2732822,11.2744104],[7.2750845,11.2747992],[7.2768474,11.2751796],[7.2809831,11.2756691],[7.283993,11.2754504],[7.2895771,11.2843288],[7.2910324,11.2819042],[7.2938619,11.2771901],[7.2975697,11.2736471],[7.3018479,11.2714093],[7.3066015,11.2693581],[7.3201968,11.2650691],[7.3298942,11.263484],[7.3412077,11.2623651],[7.3504297,11.2627381],[7.3577819,11.2642571],[7.3589703,11.2704575],[7.3602062,11.2743735],[7.3611094,11.2783361],[7.3632644,11.2865135],[7.3646144,11.2903439],[7.364336,11.29284],[7.3643231,11.2986002],[7.3642931,11.3112698],[7.366621,11.3193598],[7.3666129,11.3228102],[7.37011,11.3332005],[7.37362,11.3378401],[7.3760784,11.3418907],[7.3771281,11.3436203],[7.3806348,11.3494101],[7.3829718,11.3540297],[7.3835842,11.3552418],[7.388813,11.3655901],[7.3899786,11.3702084],[7.392313,11.3748302],[7.3979141,11.3780423],[7.4054531,11.3753362],[7.4063301,11.3753001],[7.4150605,11.3749409],[7.4181228,11.374815],[7.4237979,11.3741392],[7.4275716,11.3740469],[7.4291117,11.3744943],[7.4336182,11.3750535],[7.4404633,11.3760042],[7.4477366,11.3770795],[7.4543701,11.3784062],[7.4676372,11.3776825],[7.4677244,11.3776586],[7.472504,11.3760158],[7.47723,11.3683085],[7.4774463,11.3675296],[7.4829758,11.3576132],[7.4894992,11.3521819],[7.4963585,11.3515691],[7.5011359,11.3535615],[7.5036672,11.3553441],[7.505628,11.3564627],[7.5106193,11.3580006],[7.5202952,11.3616008],[7.5218925,11.3535475],[7.5216643,11.346948],[7.5217252,11.3404041],[7.5224069,11.3404154],[7.5249025,11.3402057],[7.5299014,11.3391587],[7.5341166,11.3365291],[7.5373477,11.3349782],[7.538319,11.3345119],[7.5445111,11.3334242],[7.5509284,11.3313967],[7.5558484,11.3272717],[7.5621839,11.3232474],[7.5699666,11.3213988],[7.5739838,11.3190521],[7.5775613,11.3154805],[7.5823742,11.3065707],[7.5857846,11.3027415],[7.5931379,11.2920177],[7.599452,11.282605],[7.6019683,11.2788978],[7.6052813,11.2743883],[7.6075021,11.2718021],[7.6076015,11.2718545],[7.6186676,11.2776903],[7.6279031,11.2835314],[7.6290922,11.2840614],[7.6310405,11.2849299],[7.634594,11.2862943],[7.6389552,11.2877968],[7.64195,11.2888457],[7.6479291,11.2900184],[7.6481486,11.2902379],[7.6483198,11.2907133],[7.6484148,11.290993],[7.6484624,11.2912168],[7.64928,11.2912727],[7.6495215,11.2910738],[7.6498331,11.2912687],[7.6504494,11.2916084],[7.6500976,11.2918135],[7.649917,11.2920466],[7.6504969,11.2923822],[7.6508582,11.2926712],[7.6516663,11.2930068],[7.6522272,11.2930255],[7.6524839,11.2925873],[7.6527026,11.2923076],[7.6532635,11.2921864],[7.6537579,11.2919813],[7.6550128,11.2920372],[7.6554763,11.2923635],[7.6557378,11.2928414],[7.655821,11.2930045],[7.6561062,11.2930977],[7.6563201,11.2931677],[7.6565756,11.2928815],[7.6569618,11.2928763],[7.6570259,11.2930254],[7.6575441,11.293191],[7.6577622,11.2930468],[7.6579911,11.2929745],[7.658067,11.293121],[7.6580433,11.293494],[7.6585899,11.2937853],[7.6604082,11.2944496],[7.6607053,11.2951488],[7.661038,11.2953469],[7.6621076,11.2961743],[7.662987,11.2966755],[7.6639852,11.2974796],[7.6639734,11.2979341],[7.6638902,11.2986566],[7.6639377,11.2990179],[7.664009,11.2992509],[7.6640922,11.2996005],[7.6643116,11.3000225],[7.6683009,11.2974394],[7.6687151,11.2969552],[7.66883,11.2969097],[7.6692697,11.2977138],[7.6693443,11.2977482],[7.6695226,11.2981444],[7.6697701,11.2987551],[7.6700811,11.299368],[7.6710794,11.3005567],[7.6715017,11.3010141],[7.6717512,11.3011539],[7.6720246,11.3012588],[7.6723336,11.3014103],[7.6733556,11.3032865],[7.6739379,11.304044],[7.6743895,11.3044635],[7.6748648,11.3051394],[7.6750074,11.305524],[7.6753283,11.3061533],[7.6760414,11.3065378],[7.676695,11.3064679],[7.6770927,11.3063493],[7.6774496,11.3061645],[7.6780438,11.3059781],[7.678436,11.3059548],[7.6788281,11.306013],[7.6790896,11.3059198],[7.6794105,11.3059081],[7.6797908,11.3059198],[7.6802186,11.3058615],[7.6804681,11.3059315],[7.6809792,11.3059548],[7.6818229,11.3062228],[7.6823102,11.3062461],[7.6827736,11.3064442],[7.6833797,11.3064908],[7.6842472,11.3063976],[7.6844849,11.3062577],[7.6841046,11.3070152],[7.6838788,11.3074813],[7.6837006,11.3078193],[7.6836055,11.3081339],[7.6836205,11.3082588],[7.6834223,11.3088265],[7.6831938,11.309143],[7.682997,11.309379],[7.6831819,11.309444],[7.6834861,11.3096584],[7.6837808,11.3095745],[7.6840185,11.3094067],[7.6842942,11.3091923],[7.6848266,11.3094999],[7.6857108,11.3096864],[7.6859675,11.309705],[7.686072,11.3096025],[7.6865379,11.3097889],[7.68669,11.3094254],[7.6869562,11.3093694],[7.687337,11.3093827],[7.6876312,11.3093881],[7.6885534,11.3091457],[7.6889622,11.3091084],[7.689314,11.3089313],[7.6898084,11.3088473],[7.7061761,11.3100416],[7.7064137,11.3126309],[7.7068981,11.3135094],[7.7070164,11.3140773],[7.7069783,11.3147485],[7.7070577,11.3159302],[7.7068167,11.3170232],[7.7065678,11.3180931],[7.7070924,11.3180673],[7.7073301,11.3181978],[7.7076629,11.3182817],[7.7076914,11.317452],[7.707891,11.3166409],[7.7081667,11.3160163],[7.7083759,11.3158019],[7.7089749,11.3158485],[7.7096594,11.3160816],[7.7101347,11.316296],[7.7105721,11.316324],[7.711133,11.3164079],[7.7117224,11.3166409],[7.7122805,11.3169682],[7.7125305,11.3172469],[7.7130249,11.3176664],[7.7140137,11.3183749],[7.714798,11.3179356],[7.7151022,11.3178928],[7.7153732,11.3178995],[7.7156679,11.3179554],[7.7159912,11.318319],[7.7160838,11.3185228],[7.7168088,11.3191207],[7.7187102,11.3213394],[7.7171298,11.3224745],[7.718713,11.3233578],[7.7200222,11.3242386],[7.7210775,11.324947],[7.7211797,11.3249921],[7.7211374,11.3250927],[7.7210079,11.3254061],[7.7191884,11.3293109],[7.717287,11.333832],[7.7164614,11.3360826],[7.7166468,11.3362364],[7.7179731,11.3368096],[7.7154331,11.3423613],[7.7144792,11.3444067],[7.713267,11.3483916],[7.7136711,11.350419],[7.7146693,11.3527493],[7.7159528,11.3563146],[7.716856,11.3585284],[7.7175206,11.361397],[7.7177895,11.3616718],[7.7179983,11.363082],[7.7177481,11.3645613],[7.7195735,11.3678888],[7.7197161,11.3683222],[7.7198444,11.3687556],[7.7200013,11.3690073],[7.7204862,11.3697063],[7.7209948,11.3701727],[7.7211697,11.3701979],[7.72179,11.3703027],[7.7226385,11.3704705],[7.7232731,11.3705474],[7.7240361,11.3707641],[7.7256829,11.3708867],[7.7261396,11.3709948],[7.7265467,11.370951],[7.7268811,11.370841],[7.7270594,11.3708829],[7.7272043,11.3709726],[7.7275229,11.3709458],[7.7278722,11.3709458],[7.7285425,11.3710996],[7.728899,11.3712534],[7.7291628,11.3714002],[7.7298402,11.3716519],[7.7301254,11.3716379],[7.7304035,11.3714701],[7.7308527,11.3712744],[7.7310115,11.371241],[7.7311522,11.3712115],[7.7319651,11.3709668],[7.7325783,11.3707641],[7.7336265,11.3705753],[7.7347959,11.3706173],[7.7353734,11.3705823],[7.7357157,11.3704868],[7.7364529,11.3700481],[7.7368237,11.3697778],[7.7373276,11.3696939],[7.7376603,11.3694982],[7.7378219,11.3693956],[7.7379455,11.3691347],[7.7388487,11.3689482],[7.7394382,11.3689296],[7.7397234,11.368855],[7.7409975,11.3688583],[7.7412065,11.3686779],[7.7413301,11.368417],[7.7415868,11.3682972],[7.7424614,11.3684915],[7.7430842,11.3685661],[7.7435595,11.3686768],[7.7441181,11.368869],[7.7445221,11.3689331],[7.7450991,11.3691155],[7.7455576,11.369278],[7.7458523,11.3694551],[7.7460805,11.3695296],[7.7464616,11.3695365],[7.7465939,11.3695389],[7.7468234,11.36961],[7.7470693,11.3696881],[7.7472932,11.3698057],[7.7475232,11.3698302],[7.7477657,11.3700399],[7.7480224,11.3702147],[7.7485785,11.3704594],[7.7490135,11.3707739],[7.7493843,11.3709347],[7.7497764,11.3710955],[7.7501971,11.3712493],[7.7504182,11.3713751],[7.7506672,11.3714341],[7.7508747,11.3714466],[7.7511764,11.3714976],[7.7516238,11.3714925],[7.7518423,11.3715282],[7.7520713,11.3716558],[7.7524875,11.3719108],[7.7529037,11.3720842],[7.7537517,11.3723749],[7.7540222,11.3724667],[7.7543186,11.3724996],[7.7548164,11.3724302],[7.7555902,11.3741889],[7.7562676,11.3757268],[7.7570875,11.3771132],[7.7600052,11.3754064],[7.7630264,11.3778014],[7.7648042,11.3792833],[7.7652226,11.3793486],[7.7659356,11.3793486],[7.7666581,11.379479],[7.7669814,11.3794697],[7.7675708,11.3791528],[7.7683219,11.3789757],[7.7684645,11.3789757],[7.7689589,11.3791155],[7.7693772,11.3791249],[7.7695483,11.3788359],[7.7696814,11.3787334],[7.770461,11.3785097],[7.7708888,11.3783047],[7.7711833,11.3781373],[7.7714498,11.3777361],[7.7716874,11.3774379],[7.7726096,11.3764872],[7.7754998,11.37494],[7.7751874,11.3745136],[7.7751755,11.3740126],[7.7749021,11.3734534],[7.7749734,11.3726728],[7.775223,11.3720903],[7.7751279,11.3719039],[7.7754845,11.3704708],[7.7754726,11.3702495],[7.7759717,11.3690611],[7.7764471,11.3685018],[7.7778018,11.3675348],[7.7780395,11.3674183],[7.7787882,11.3665096],[7.7792279,11.3660202],[7.7774703,11.3649446],[7.7786218,11.3641211],[7.7809686,11.3621245],[7.7831077,11.3611458],[7.7889965,11.3598801],[7.7898878,11.3612316],[7.7909218,11.3644124],[7.7934649,11.3692592],[7.7940873,11.3703482],[7.7946055,11.3710099],[7.794943,11.3714806],[7.7954786,11.3720118],[7.7961965,11.3717705],[7.7966421,11.3724579],[7.797367,11.3738909],[7.7979276,11.3749829],[7.7982466,11.375732],[7.7983766,11.3761216],[7.7984148,11.3764035],[7.7984425,11.3767361],[7.8004655,11.3767392],[7.8013338,11.374113],[7.8016333,11.3736068],[7.8028397,11.3726383],[7.8035661,11.3725485],[7.8040774,11.3723768],[7.804764,11.3720312],[7.8051205,11.3717097],[7.8055198,11.3716957],[7.805496,11.3720208],[7.8054105,11.3725101],[7.8053962,11.3734049],[7.8056814,11.3738103],[7.8058526,11.3743975],[7.8060642,11.3753623],[7.8060665,11.3758095],[7.806152,11.376215],[7.8060807,11.3770398],[7.8061604,11.3774988],[7.8082282,11.3783097],[7.809447,11.3786718],[7.8097683,11.3788829],[7.810039,11.378936],[7.8112581,11.3791751],[7.8117363,11.3790087],[7.8120449,11.3789152],[7.8134999,11.378474],[7.8134714,11.3783062],[7.8135331,11.3775466],[7.8138588,11.3774222],[7.8184365,11.3734377],[7.8194924,11.3722358],[7.8197131,11.3723277],[7.8200622,11.372473],[7.8208406,11.3729064],[7.8210546,11.3730171],[7.8212328,11.3733433],[7.8213612,11.3734936],[7.8215074,11.3732702],[7.8218448,11.3728307],[7.8222548,11.3721841],[7.8223327,11.3720658],[7.822405,11.3720111],[7.822498,11.3719376],[7.8225528,11.3719149],[7.8226337,11.3718392],[7.8230796,11.3716682],[7.82314,11.3716535],[7.8231699,11.3715957],[7.8235336,11.3715689],[7.8238661,11.3713402],[7.8240971,11.3712786],[7.8242669,11.3712546],[7.8247885,11.3708839],[7.8250842,11.3707168],[7.8252639,11.3705896],[7.8252839,11.3707266],[7.8253433,11.3708839],[7.8254562,11.3710179],[7.8257444,11.3712538],[7.8267015,11.3698029],[7.8267179,11.3697705],[7.8268044,11.3695988],[7.8277266,11.3699437],[7.8278216,11.3699776],[7.8290814,11.3704283],[7.8305509,11.370924],[7.8318361,11.371599],[7.8320583,11.3716644],[7.8325491,11.3718087],[7.8327417,11.3718646],[7.8328629,11.3718856],[7.8329342,11.3724658],[7.8330271,11.3728956],[7.8330722,11.373104],[7.8331655,11.3732327],[7.8334807,11.3734719],[7.8336504,11.3736008],[7.8337824,11.3738434],[7.8339404,11.3740342],[7.8340469,11.3743118],[7.8342303,11.3745934],[7.8345155,11.3748125],[7.834737,11.3752365],[7.8349855,11.3755961],[7.8350195,11.3756453],[7.8352215,11.3760521],[7.835327,11.3762333],[7.8353584,11.3762872],[7.8354868,11.3766507],[7.8355484,11.3768385],[7.8359382,11.377385],[7.83624,11.3773434],[7.8365881,11.3772841],[7.8368519,11.3773144],[7.8373273,11.3772038],[7.8375353,11.3772329],[7.8380875,11.3773956],[7.8385038,11.3775183],[7.8387251,11.3775355],[7.8390106,11.3776021],[7.8392485,11.3776354],[7.8394508,11.3777001],[7.8396721,11.3777501],[7.8398006,11.3777453],[7.8399434,11.3776977],[7.8400917,11.3775801],[7.8401952,11.3775409],[7.8402987,11.3775123],[7.8403594,11.3774481],[7.84042,11.3773517],[7.8404914,11.377291],[7.8405771,11.3772767],[7.8406939,11.3773164],[7.8407653,11.3773432],[7.8408575,11.3773699],[7.8409586,11.3774056],[7.8410538,11.3774354],[7.8411311,11.3774621],[7.8412263,11.377477],[7.8413661,11.377483],[7.8415059,11.377477],[7.8416605,11.377477],[7.841842,11.377474],[7.8420383,11.3774651],[7.8421572,11.3774443],[7.8422732,11.3774235],[7.8423446,11.3774026],[7.8423982,11.377361],[7.8424874,11.3773283],[7.842645,11.3773134],[7.8428741,11.3773104],[7.8430138,11.3772956],[7.8431477,11.3773164],[7.8434421,11.3774294],[7.8438258,11.3774978],[7.8442182,11.3774595],[7.8449788,11.3774711],[7.8451998,11.3774968],[7.8455563,11.3774456],[7.8460079,11.3774316],[7.8468792,11.3773803],[7.847799,11.3777229],[7.8482126,11.3779955],[7.8487331,11.3781493],[7.8489256,11.3780794],[7.8495034,11.3782746],[7.8505799,11.3783869],[7.851136,11.378317],[7.8513286,11.378366],[7.8519703,11.3782471],[7.8520505,11.3782448],[7.8520862,11.3782448],[7.8521432,11.3782378],[7.8522145,11.3782588],[7.8523143,11.3782798],[7.8525069,11.3783357],[7.8526495,11.3783217],[7.8528349,11.3783217],[7.8530488,11.3783077],[7.8532983,11.3783007],[7.8535622,11.3782798],[7.8537333,11.3782867],[7.8540542,11.3782098],[7.8543446,11.3781193],[7.8549772,11.377974],[7.8552804,11.3779965],[7.8554019,11.3780278],[7.8556703,11.3780654],[7.8557853,11.3780654],[7.8558519,11.3782257],[7.8558709,11.3788315],[7.8558899,11.3793255],[7.8558009,11.379576],[7.855712,11.379826],[7.8557663,11.3802575],[7.8557473,11.3804905],[7.8557283,11.380854],[7.855947,11.3815623],[7.8562892,11.3821308],[7.8562702,11.3825409],[7.8564223,11.3836034],[7.8567456,11.384843],[7.8571269,11.3854706],[7.8578362,11.3854528],[7.8581498,11.3852643],[7.8584635,11.3852783],[7.8586632,11.385432],[7.8593192,11.3853202],[7.8592336,11.3849148],[7.8597042,11.3849148],[7.8599467,11.3845233],[7.8604173,11.3845373],[7.863412,11.3835727],[7.8642392,11.3829995],[7.8648238,11.382622],[7.8652802,11.3824822],[7.8658791,11.3821607],[7.866036,11.3817832],[7.8665757,11.3819642],[7.8671341,11.3820488],[7.8679897,11.3824962],[7.8684461,11.3829156],[7.868717,11.3832232],[7.8693017,11.3838383],[7.872653,11.3849614],[7.8741742,11.385474],[7.8750393,11.3857163],[7.8764084,11.3858934],[7.8776349,11.3860574],[7.8789183,11.3862289],[7.8790557,11.3872488],[7.879081,11.3884111],[7.8792121,11.389048],[7.8791906,11.3898802],[7.879067,11.3913434],[7.8790283,11.3914419],[7.8789816,11.3919494],[7.8793253,11.3919343],[7.8797903,11.3919139],[7.8798616,11.3923053],[7.8801539,11.3930043],[7.8806032,11.3935774],[7.8811665,11.3941157],[7.8816513,11.394556],[7.8820578,11.3948356],[7.8822503,11.3951082],[7.8822708,11.3952029],[7.8822978,11.395564],[7.8823129,11.3956413],[7.8824489,11.3961043],[7.8825925,11.3967612],[7.8827929,11.3972077],[7.8828211,11.3972896],[7.8829063,11.3975677],[7.8830112,11.3977551],[7.8830271,11.3980319],[7.8830083,11.3982195],[7.88304,11.3984216],[7.8829475,11.3985777],[7.882868,11.3987376],[7.8828558,11.3988023],[7.8828203,11.398991],[7.8826528,11.3994601],[7.8833485,11.3997905],[7.883503,11.4000177],[7.8846018,11.4015516],[7.8851133,11.4021428],[7.8852559,11.4019049],[7.8852991,11.4017503],[7.8854282,11.4012875],[7.8860462,11.4020389],[7.8865474,11.4025495],[7.8870029,11.4032679],[7.8879511,11.4040644],[7.8884249,11.4044623],[7.8891182,11.4052366],[7.8893,11.4056],[7.8894212,11.4061744],[7.8896821,11.4066352],[7.8898806,11.4070409],[7.8902917,11.4076118],[7.8906364,11.4083457],[7.8905755,11.4090553],[7.8917401,11.4107794],[7.8924532,11.4107682],[7.8937738,11.4131218],[7.8941485,11.4136096],[7.8941927,11.4137457],[7.8949539,11.416086],[7.8956861,11.4171789],[7.8961434,11.418276],[7.8961855,11.4183636],[7.8966343,11.418941],[7.8965616,11.419073],[7.8956671,11.4200305],[7.8951917,11.4208319],[7.8947074,11.4212972],[7.8943171,11.4222297],[7.8937657,11.4230125],[7.8931002,11.4241867],[7.892948,11.4251559],[7.8930241,11.4260691],[7.8930241,11.4263673],[7.8936706,11.427001],[7.8937847,11.4272433],[7.8942981,11.427206],[7.8947164,11.4275042],[7.8951347,11.4273365],[7.895572,11.4274856],[7.8956291,11.4277651],[7.8959523,11.4279701],[7.8963706,11.4279329],[7.8966368,11.4275787],[7.8967889,11.4276533],[7.8974806,11.4286467],[7.8973248,11.4288496],[7.8974417,11.4291698],[7.8972833,11.4298339],[7.8976446,11.4302625],[7.8982994,11.4303212],[7.8985514,11.4304421],[7.8984052,11.4309335],[7.8986143,11.4310826],[7.899354,11.4308271],[7.8995301,11.4307811],[7.8996601,11.4307471],[7.8998801,11.4310551],[7.9000594,11.4313062],[7.9004777,11.4315858],[7.9006738,11.4314263],[7.9014271,11.4315736],[7.9014797,11.4314921],[7.9015996,11.4313062],[7.9019038,11.4313062],[7.901915,11.431611],[7.9019172,11.4316694],[7.9026073,11.4319585],[7.9029078,11.4319132],[7.9033489,11.4318467],[7.9033297,11.4320817],[7.9033109,11.4323126],[7.9039455,11.4323275],[7.9049746,11.4320307],[7.9051424,11.4321409],[7.9054856,11.4319259],[7.9058184,11.4315415],[7.9065314,11.4317628],[7.906674,11.431658],[7.9066503,11.4313784],[7.9069117,11.4313901],[7.9072682,11.4317512],[7.9077555,11.4318677],[7.9082546,11.4321123],[7.9088146,11.4327931],[7.9093955,11.4335217],[7.90955,11.43351],[7.909907,11.4331583],[7.9101576,11.4333445],[7.9107027,11.4335916],[7.9109567,11.4334716],[7.9109892,11.4334562],[7.9112665,11.4333252],[7.9115346,11.4332887],[7.9118174,11.4337414],[7.9118911,11.4338595],[7.9126755,11.4344535],[7.913341,11.4345467],[7.9139371,11.4341541],[7.913984,11.4341233],[7.9141015,11.4340459],[7.9144984,11.4342378],[7.9146661,11.4347],[7.9152468,11.4349971],[7.9158916,11.4353271],[7.9166871,11.435285],[7.9168412,11.4353474],[7.9169842,11.4355762],[7.9169248,11.4361586],[7.9166871,11.4365662],[7.9168412,11.4369474],[7.9172085,11.4373134],[7.9177822,11.4376156],[7.9180917,11.4379066],[7.9181903,11.4382462],[7.9181613,11.4384011],[7.9180791,11.4388405],[7.9178782,11.4388767],[7.9176766,11.4389144],[7.9176142,11.4390226],[7.917739,11.4391967],[7.9177534,11.4393755],[7.9176038,11.4396481],[7.9177036,11.4401094],[7.9179033,11.4401653],[7.9180463,11.4401049],[7.9182313,11.4398158],[7.9184592,11.4398791],[7.9184994,11.4400315],[7.9183454,11.4404588],[7.9184309,11.4407383],[7.9187161,11.4408362],[7.9189393,11.4406367],[7.9191206,11.4404259],[7.9191457,11.4403967],[7.9193489,11.440434],[7.9201444,11.4407449],[7.9204949,11.4409143],[7.9206699,11.4410598],[7.92144,11.4416748],[7.9216148,11.4420682],[7.9223914,11.4426523],[7.9228232,11.442835],[7.9229431,11.4432362],[7.9230213,11.4434984],[7.9234353,11.4437715],[7.9238532,11.4439285],[7.9240138,11.4439889],[7.9241511,11.4444191],[7.9242928,11.4447197],[7.9249851,11.4455111],[7.9253678,11.4456289],[7.9260479,11.4460546],[7.926191,11.4463251],[7.9265254,11.4463292],[7.9272233,11.4461411],[7.927486,11.4464355],[7.9272125,11.4470191],[7.9271535,11.4471449],[7.927486,11.4475576],[7.9294029,11.4485635],[7.9301512,11.4484406],[7.930829,11.449175],[7.930997,11.4503273],[7.9308081,11.4507952],[7.930658,11.4514206],[7.9312838,11.452295],[7.9314946,11.4525895],[7.9315401,11.4526531],[7.9312586,11.4530026],[7.93139,11.4532602],[7.9326366,11.4535098],[7.932952,11.4535729],[7.9333841,11.4540068],[7.9331918,11.4543823],[7.9333232,11.454695],[7.9346182,11.4553388],[7.9351813,11.4551181],[7.9357711,11.455179],[7.9358203,11.4551841],[7.9365514,11.4554308],[7.9366662,11.4560776],[7.9367016,11.456277],[7.9369339,11.4563545],[7.9372015,11.4564438],[7.9376588,11.4568472],[7.9376681,11.4571141],[7.9376769,11.4573658],[7.9383157,11.4581348],[7.9392002,11.458699],[7.9397948,11.4591361],[7.9405304,11.4590914],[7.9410184,11.4592201],[7.9418811,11.4596866],[7.9420132,11.4603422],[7.9417623,11.4609387],[7.9418262,11.4616483],[7.9422376,11.4629478],[7.9424953,11.4631878],[7.9426807,11.4631878],[7.9430559,11.4630847],[7.9441211,11.4631319],[7.9444419,11.4630061],[7.9447771,11.4630551],[7.9450266,11.4631319],[7.9450552,11.4632996],[7.9449197,11.4635093],[7.9446074,11.4638209],[7.9445275,11.4639006],[7.9445346,11.4640893],[7.944663,11.464257],[7.9447952,11.4643962],[7.9448533,11.4643321],[7.9487432,11.4661832],[7.9540482,11.4661832],[7.955983,11.4671601],[7.9564853,11.4674136],[7.9568719,11.4676088],[7.9591821,11.4693698],[7.9626903,11.4713823],[7.964823,11.4735085],[7.9668023,11.4754816],[7.967653,11.4763298],[7.9684231,11.4786777],[7.9713696,11.4785257],[7.9737738,11.4784017],[7.974926,11.4783422],[7.9779208,11.4790131],[7.9786909,11.4832896],[7.980231,11.4842958],[7.9825413,11.483038],[7.9858783,11.4845473],[7.9886149,11.4847353],[7.9910122,11.4876498],[7.994777,11.4868952],[7.9954616,11.4880691],[7.9949482,11.4900815],[7.9957183,11.4915908],[7.996657,11.4914107],[7.9976007,11.4893268],[7.9994831,11.4895784],[8.0009,11.4921],[8.005986,11.4919262],[8.0090867,11.4908271],[8.0123178,11.4918423],[8.0199971,11.4893266],[8.0225,11.4888],[8.0256659,11.4906684],[8.027805,11.4930162],[8.0302864,11.4941063],[8.0334523,11.4935193],[8.0358303,11.4933791],[8.0391,11.4917],[8.0391725,11.4908333],[8.0394696,11.4897037],[8.0395647,11.4891097],[8.0396717,11.4885041],[8.0398618,11.4880965],[8.0399688,11.4877239],[8.0401233,11.4873978],[8.0402302,11.4871532],[8.0405511,11.4870368],[8.0408363,11.4869436],[8.0412028,11.4871086],[8.0413386,11.487313],[8.0415493,11.4874909],[8.0417989,11.4875375],[8.0421792,11.4873978],[8.0424942,11.4874874],[8.0425476,11.4875026],[8.0431061,11.4875608],[8.0437241,11.4877006],[8.0440093,11.4877937],[8.0442224,11.4877437],[8.0446511,11.4878636],[8.0454489,11.4874557],[8.045685,11.4871882],[8.0458038,11.487095],[8.0460534,11.4869203],[8.0463742,11.4867922],[8.0466713,11.486536],[8.0469566,11.4864777],[8.0473,11.4866],[8.0473844,11.4868038],[8.04742,11.4870717],[8.0477052,11.4874327],[8.0478479,11.487654],[8.0480499,11.4878054],[8.048347,11.4878986],[8.0486441,11.4879684],[8.0489768,11.4880267],[8.0495473,11.4881082],[8.0498087,11.4879801],[8.0502603,11.4878753],[8.0507951,11.4878054],[8.0511516,11.4879568],[8.0513655,11.4881664],[8.0513655,11.4885041],[8.05132,11.4889108],[8.0512942,11.4890864],[8.0514368,11.4892611],[8.0516745,11.4894358],[8.0519478,11.489529],[8.05234,11.4896687],[8.0526728,11.4897852],[8.0527559,11.4899133],[8.0529104,11.4900763],[8.05316,11.4902277],[8.0535165,11.4902394],[8.0538968,11.4902161],[8.0540988,11.4903558],[8.0544273,11.4905282],[8.0547604,11.49092],[8.0547643,11.4913807],[8.0548356,11.4918931],[8.0549426,11.4922657],[8.0551209,11.4926384],[8.0554655,11.4929295],[8.0556913,11.4931392],[8.0560122,11.4933139],[8.0564994,11.4939078],[8.0565826,11.4942106],[8.0565113,11.4945716],[8.0565216,11.4949644],[8.0565501,11.4953837],[8.0565596,11.4957796],[8.0566547,11.4962361],[8.0568353,11.4966787],[8.057363,11.4970699],[8.057767,11.4972935],[8.0580665,11.4974519],[8.0584611,11.4975171],[8.0588643,11.4975296],[8.0596104,11.4973943],[8.0601296,11.4974612],[8.0606786,11.4977116],[8.0609353,11.4981658],[8.0611563,11.4985082],[8.0611349,11.4989484],[8.061085,11.4994095],[8.0611064,11.4999755],[8.0613845,11.5005834],[8.0618908,11.5009188],[8.0625753,11.5010445],[8.063545,11.5007092],[8.0643365,11.5003249],[8.065185,11.5000454],[8.0657768,11.5000663],[8.0664685,11.50022],[8.0671744,11.5003808],[8.0677001,11.5012484],[8.0679611,11.5018504],[8.0684079,11.5021858],[8.0688453,11.5023127],[8.0714388,11.5028305],[8.0721424,11.5036503],[8.0726748,11.5041906],[8.0734924,11.5046192],[8.0746523,11.5048987],[8.0766112,11.5049246],[8.0785122,11.5051782],[8.0800578,11.5052481],[8.0812503,11.5054017],[8.0819158,11.5055135],[8.082239,11.5059607],[8.082277,11.5066501],[8.0818587,11.507414],[8.0816686,11.5084202],[8.0817446,11.5091095],[8.0824482,11.5098921],[8.0829425,11.5107492],[8.0828665,11.511569],[8.0834986,11.5138132],[8.0852218,11.5159675],[8.0865933,11.5173867],[8.0889463,11.5186443],[8.0899802,11.5190286],[8.0917985,11.5194129],[8.0934028,11.5195526],[8.0947932,11.5196924],[8.0963976,11.519902],[8.0975741,11.5201116],[8.0983941,11.5212993],[8.0994637,11.5227316],[8.1007471,11.5236049],[8.1015315,11.5239892],[8.1021551,11.5232799],[8.1029932,11.5226617],[8.1040984,11.5227665],[8.1054175,11.5235001],[8.1068741,11.5237475],[8.1085144,11.5227214],[8.1099999,11.5208583],[8.1118705,11.5210897],[8.1139889,11.5222855],[8.1144665,11.5216975],[8.1209971,11.5202081],[8.1500814,11.5191704],[8.1583661,11.5092266],[8.1617887,11.5055375],[8.1624732,11.503106],[8.1617031,11.4971528],[8.158965,11.4952243],[8.1560917,11.4923765],[8.1524552,11.4890225],[8.1534535,11.4857383],[8.1538813,11.477423],[8.1487474,11.4686881],[8.1428852,11.4603184],[8.1403895,11.4567544],[8.1425584,11.437099],[8.1433245,11.4202676],[8.1405797,11.4162891],[8.1285769,11.4112801],[8.1137219,11.4084843],[8.1172455,11.4025023],[8.1187429,11.3984483],[8.1206681,11.3946738],[8.1223081,11.3917381],[8.1229138,11.3866728],[8.137068,11.3806931],[8.1433301,11.3779346],[8.1461338,11.3773195],[8.149932,11.3753931],[8.1487544,11.373382],[8.1543243,11.36953],[8.1652462,11.3629682],[8.1674486,11.3543435],[8.1754646,11.3483801],[8.1873913,11.3406095],[8.1934557,11.3338203],[8.1972491,11.3283038],[8.2002428,11.3243576],[8.2067808,11.3187017],[8.2167279,11.3228944],[8.2267569,11.3259464],[8.2373669,11.3270651],[8.2410177,11.3265617],[8.2487755,11.3257227],[8.2506009,11.323765],[8.2511713,11.3221989],[8.2529397,11.3189548],[8.2542517,11.3172208],[8.255681,11.3150357],[8.258606,11.312858],[8.2644053,11.3132309],[8.2634546,11.3102477],[8.2621236,11.3073577],[8.260032,11.3041879],[8.2585109,11.3022301],[8.2563242,11.3012046],[8.2555637,11.2984078],[8.254708,11.2957973],[8.2548982,11.2916019],[8.2564193,11.2845163],[8.257275,11.279668],[8.2607034,11.2763228],[8.2630403,11.2765368],[8.2660793,11.2774245],[8.2695257,11.2768417],[8.2730908,11.2764921],[8.2742079,11.2778906],[8.2766323,11.2777508],[8.2780239,11.274904],[8.2818375,11.2719468],[8.2861157,11.2682405],[8.2873718,11.2646174],[8.2877557,11.2620168],[8.287827,11.2589398],[8.289467,11.2577509],[8.2916774,11.2560026],[8.2909644,11.2523661],[8.2914307,11.2511478],[8.2937452,11.2494989],[8.2936383,11.2455033],[8.2939805,11.2424821],[8.2958629,11.2378383],[8.2979079,11.2342239],[8.3082088,11.2354349],[8.3149826,11.2328472],[8.3196174,11.2303994],[8.3229687,11.228511],[8.3251791,11.2271822],[8.3306695,11.2279515],[8.3340208,11.2294902],[8.3351616,11.2317282],[8.3361721,11.2332795],[8.3458482,11.2302513],[8.3533945,11.2273663],[8.3557416,11.2269875],[8.3593068,11.2265795],[8.3659619,11.2268126],[8.3694986,11.2265968],[8.3726305,11.226666],[8.3729338,11.2266727],[8.3743998,11.226705],[8.3876993,11.2271063],[8.389493,11.2271605],[8.3939261,11.2276487],[8.3984388,11.2277556],[8.4029274,11.2278617],[8.4089481,11.2296622],[8.4115182,11.2299449],[8.4150704,11.2306476],[8.4168886,11.230591],[8.4169574,11.2305889],[8.4211222,11.2305699],[8.4280387,11.2291012],[8.4338143,11.2265834],[8.4378787,11.2167917],[8.4377814,11.2100207],[8.4434109,11.2059128],[8.4460805,11.2045406],[8.4471753,11.2039779],[8.4475232,11.2032158],[8.4478858,11.2028395],[8.4505908,11.1969141],[8.4512924,11.1955093],[8.4574924,11.1841093],[8.4618724,11.1717666],[8.4646533,11.1695981],[8.4668637,11.168129],[8.4700724,11.1693183],[8.4732811,11.16666],[8.4779158,11.1649811],[8.4834062,11.1616233],[8.4873992,11.1616233],[8.4918201,11.1625327],[8.4975957,11.1626027],[8.5020878,11.158895],[8.5061081,11.1582092],[8.5090043,11.1586152],[8.5109291,11.1604647],[8.5146454,11.1630426],[8.5187017,11.1623228],[8.5147755,11.1573435],[8.5129973,11.1539281],[8.5099313,11.1511998],[8.50822,11.1419652],[8.5060473,11.1322356],[8.5132746,11.1221569],[8.5196321,11.1149074],[8.5339523,11.1073276],[8.5416625,11.1046015],[8.5464811,11.1024949],[8.5554179,11.1010722],[8.5592445,11.0997661],[8.5705886,11.0944164],[8.5740824,11.0928303],[8.58373,11.0871533],[8.5892457,11.08506],[8.5896256,11.0848808],[8.5899477,11.0821339],[8.5906128,11.0821284],[8.5915829,11.0817234],[8.5924196,11.0815554],[8.5932823,11.0817022],[8.5946393,11.0825156],[8.5954715,11.0818717],[8.6015484,11.0768976],[8.6073121,11.0712412],[8.6079063,11.0675674],[8.6086788,11.054213],[8.6093918,11.0454653],[8.6098672,11.0403331],[8.6110516,11.0318775],[8.6147594,11.01774],[8.6099108,11.0139605],[8.6075102,11.0114175],[8.5989952,11.0020599],[8.5981569,10.9927101],[8.5971146,10.9891796],[8.5949087,10.98561],[8.5939064,10.9809198],[8.5918226,10.9738598],[8.5885334,10.9679203],[8.5865717,10.9573698],[8.5833635,10.94911],[8.5812798,10.94205],[8.576827,10.9360704],[8.5735788,10.9289703],[8.5714941,10.9219103],[8.5704927,10.9172201],[8.5684878,10.9074679],[8.5780031,10.9074116],[8.58077,10.9016937],[8.58077,10.897901],[8.583741,10.8879817],[8.5850433,10.8614876],[8.5814781,10.8589199],[8.579339,10.8542514],[8.5771999,10.8484156],[8.5755361,10.845381],[8.5739021,10.8420837],[8.573189,10.8396326],[8.573845,10.8312847],[8.5746664,10.8291603],[8.5750107,10.8272484],[8.5749981,10.827132],[8.5724913,10.8276394],[8.5704651,10.8280946],[8.5700024,10.8282104],[8.5684001,10.8279164],[8.5677821,10.8277016],[8.5674589,10.8274869],[8.5669712,10.8271842],[8.5674347,10.8254917],[8.5675951,10.8237408],[8.5674589,10.8213424],[8.5675254,10.8209409],[8.5680863,10.8199791],[8.5683507,10.8190815],[8.5691519,10.8173738],[8.5630544,10.8164514],[8.56253,10.7964532],[8.5586677,10.7891571],[8.5592619,10.7846335],[8.5628446,10.7783148],[8.5664763,10.7761532],[8.5729472,10.7736536],[8.5733975,10.768674],[8.5725324,10.7635744],[8.5717537,10.7589848],[8.5714942,10.753885],[8.5715807,10.7504852],[8.571637,10.7482724],[8.5688987,10.7478503],[8.5585169,10.7420704],[8.5547967,10.7401154],[8.5500384,10.7384154],[8.5445879,10.7358654],[8.539379,10.7334428],[8.5206022,10.7314014],[8.5014297,10.725784],[8.4875492,10.7196188],[8.4812343,10.7158619],[8.4839554,10.7092575],[8.4896638,10.7028649],[8.4898368,10.6974242],[8.4973829,10.6797797],[8.4982288,10.6646929],[8.5009973,10.6605268],[8.5073994,10.6558505],[8.5069199,10.6535151],[8.5063304,10.6504571],[8.5095439,10.6479113],[8.5142123,10.6433233],[8.5190313,10.6416952],[8.5226456,10.6375511],[8.5304764,10.634739],[8.5330567,10.633424],[8.5345425,10.6326668],[8.5437287,10.6317788],[8.5539346,10.6361823],[8.582732,10.6413327],[8.587532,10.6425327],[8.5936465,10.6450654],[8.6008545,10.6438144],[8.6156075,10.6397515],[8.6165948,10.6390722],[8.6280803,10.6346553],[8.6388121,10.6305282],[8.64393,10.6304796],[8.6495617,10.6240655],[8.6563709,10.6106749],[8.6608726,10.6019002],[8.6664343,10.5933028],[8.6839006,10.5715533],[8.7035225,10.5493403],[8.7111282,10.5433585],[8.7194946,10.5485926],[8.7281008,10.5550111],[8.7360371,10.5609298],[8.7497274,10.565042],[8.7584642,10.5731336],[8.7603755,10.5818644],[8.7651291,10.584668],[8.7706432,10.5872848],[8.7791945,10.598132],[8.7831768,10.5969687],[8.7930802,10.5654626],[8.7909801,10.5601616],[8.7882724,10.5533272],[8.7842861,10.543265],[8.7828622,10.5333263],[8.7819093,10.5266742],[8.7821352,10.5258843],[8.7752688,10.5191147],[8.774614,10.5172217],[8.7736632,10.5137865],[8.773012,10.5101829],[8.77305,10.5044621],[8.7741624,10.5010969],[8.7761097,10.4962574],[8.7767493,10.4794686],[8.7726529,10.4740068],[8.7716449,10.4726627],[8.7714919,10.4725191],[8.767081,10.4683765],[8.7639451,10.4654313],[8.7617547,10.4627048],[8.758337,10.4578626],[8.7528461,10.454558],[8.7493978,10.4451975],[8.7492195,10.440698],[8.7503245,10.4404337],[8.7516229,10.4401231],[8.7536166,10.4396462],[8.7552209,10.4391202],[8.756975,10.4357135],[8.7575597,10.4350022],[8.7615475,10.4322878],[8.7625341,10.4321263],[8.7649758,10.4317265],[8.7650252,10.4304131],[8.7672832,10.4277249],[8.7701948,10.428134],[8.7736933,10.4270976],[8.7743034,10.4269169],[8.7751266,10.426673],[8.7765407,10.4258923],[8.7780382,10.4242186],[8.782257,10.4241601],[8.7930862,10.4107178],[8.793907,10.408478],[8.7933723,10.4078819],[8.7927305,10.4076014],[8.7930157,10.4067949],[8.7933366,10.4060935],[8.794121,10.4057429],[8.7935505,10.4051818],[8.793087,10.404761],[8.7930157,10.4042351],[8.7937644,10.4038143],[8.7942279,10.4036039],[8.7936218,10.4030078],[8.7936931,10.4024116],[8.7944984,10.4021857],[8.795547,10.4022012],[8.796367,10.4025168],[8.7969018,10.4030428],[8.7976861,10.4023415],[8.7983279,10.4017103],[8.798114,10.4012194],[8.7971514,10.4009038],[8.7966522,10.4003778],[8.7962244,10.4002375],[8.7959392,10.3998167],[8.795547,10.3993959],[8.7964383,10.398905],[8.7973611,10.3987715],[8.7978644,10.398905],[8.7982209,10.3981686],[8.7990766,10.3975024],[8.7993618,10.3966257],[8.7998988,10.3962278],[8.8002531,10.3958542],[8.8010731,10.3956438],[8.8016792,10.3949776],[8.8022139,10.3944516],[8.8028557,10.3942412],[8.8033548,10.3933294],[8.803747,10.3928385],[8.8043531,10.3930489],[8.8051018,10.3928034],[8.805387,10.3931891],[8.8062068,10.3931864],[8.8065991,10.3932242],[8.8069913,10.3924527],[8.8075974,10.392067],[8.8074191,10.3913657],[8.8073478,10.3908747],[8.8068844,10.3903487],[8.8068844,10.3897876],[8.8067417,10.3894019],[8.8061,10.3892967],[8.8056722,10.3887356],[8.8053157,10.3880693],[8.8058504,10.3876485],[8.8069726,10.3873661],[8.8075974,10.387368],[8.8082748,10.3868069],[8.8088938,10.3862573],[8.8090948,10.3854392],[8.8090514,10.3844486],[8.8094869,10.3834754],[8.8099861,10.3826338],[8.8102356,10.3820026],[8.8103069,10.3812311],[8.8107348,10.3807401],[8.8119315,10.3802966],[8.8131199,10.3797823],[8.8144985,10.3801096],[8.8155443,10.3804369],[8.8169228,10.3803434],[8.8183184,10.3804462],[8.8107991,10.3678885],[8.8050948,10.3556138],[8.8040252,10.345443],[8.8010931,10.3384765],[8.8002161,10.3298593],[8.7992749,10.3228725],[8.800045,10.316138],[8.7992749,10.3083932],[8.7992749,10.3029212],[8.7957667,10.2990487],[8.7954835,10.2986904],[8.7945688,10.2975333],[8.7907184,10.2934924],[8.7833598,10.2902932],[8.7692417,10.2851577],[8.7634233,10.2813691],[8.7572626,10.2801063],[8.7495618,10.2809482],[8.7424374,10.2781401],[8.7385921,10.2779703],[8.7342771,10.2751033],[8.7325507,10.2668239],[8.7299501,10.2543521],[8.728684,10.2482804],[8.7245332,10.2436476],[8.7125313,10.2302518],[8.7007697,10.2220428],[8.6991261,10.2208956],[8.6892182,10.2135594],[8.6860728,10.2112304],[8.6832957,10.1929569],[8.6808723,10.1770115],[8.6782008,10.1686176],[8.6720307,10.1462235],[8.6731715,10.1376135],[8.6721257,10.1288162],[8.6716504,10.1246046],[8.6721257,10.1191762],[8.6724109,10.1079449],[8.6723304,10.0931375],[8.6722683,10.0817368],[8.673796,10.0675306],[8.6794739,10.0147305],[8.6796438,10.0110515],[8.6799192,10.0050898],[8.6766081,9.9933624],[8.6730299,9.9874125],[8.6649235,9.9639022],[8.6465989,9.9051987],[8.6447942,9.9010256],[8.6381494,9.8856614],[8.6346924,9.8668341],[8.6393132,9.855808],[8.6413057,9.8482006],[8.6421653,9.8449188],[8.6439479,9.8347318],[8.6433351,9.829297],[8.6428784,9.8252471],[8.6426602,9.8164331],[8.6425218,9.8108439],[8.64339,9.7892423],[8.6439479,9.7753601],[8.635091,9.7576019],[8.6336089,9.7546302],[8.6194297,9.7463351],[8.6181095,9.7455729],[8.6167534,9.7447899],[8.6154652,9.7423964],[8.61064,9.7412604],[8.5988601,9.727924],[8.6015221,9.715275],[8.6018786,9.7061383],[8.6018786,9.6906756],[8.6006908,9.6856993],[8.5990265,9.6787267],[8.5923497,9.6779967],[8.5858884,9.677026],[8.5816226,9.6758185],[8.5800596,9.6727344],[8.5833784,9.6689456],[8.5833044,9.6659993],[8.5852029,9.6643768],[8.5778135,9.6564092],[8.574191,9.6484095],[8.570386,9.640007],[8.5656164,9.624315],[8.5669842,9.6139774],[8.5669053,9.6034108],[8.5658636,9.5965538],[8.5622845,9.5906029],[8.5604506,9.5885916],[8.5556763,9.5815678],[8.5550385,9.5806293],[8.5536499,9.568984],[8.5543991,9.5646277],[8.5562859,9.5536575],[8.5616838,9.5405902],[8.5657719,9.5274639],[8.568529,9.5196817],[8.5743284,9.5136809],[8.5754692,9.5094615],[8.5777509,9.4992409],[8.5801277,9.4955839],[8.5843109,9.4932396],[8.5882088,9.4893013],[8.5955294,9.4859255],[8.6014238,9.4833937],[8.6026598,9.4825497],[8.6022425,9.4765472],[8.6024189,9.4726944],[8.6051178,9.4667425],[8.6075706,9.4640017],[8.6081162,9.4613514],[8.6084128,9.4599084],[8.6089001,9.4575377],[8.6095911,9.4560142],[8.6131916,9.4480762],[8.6176615,9.434761],[8.6196728,9.4329205],[8.6236963,9.4292374],[8.626935,9.423431],[8.6278992,9.4217024],[8.6318331,9.4199457],[8.6361246,9.4104843],[8.6366824,9.4094839],[8.6382256,9.4067163],[8.6423388,9.4011078],[8.6481119,9.3958245],[8.6483746,9.3955841],[8.6546667,9.3943022],[8.6561546,9.3939991],[8.6625164,9.3934004],[8.6648903,9.393177],[8.6695251,9.3965235],[8.6794071,9.3911715],[8.683342,9.3894148],[8.6872768,9.3876591],[8.6913004,9.383976],[8.6923045,9.3826065],[8.6954126,9.3783674],[8.69561,9.3740826],[8.695858,9.3687344],[8.6924582,9.3589315],[8.6907248,9.3550174],[8.6907139,9.3549929],[8.689415,9.3414221],[8.6914263,9.3395805],[8.6939726,9.3261805],[8.6941509,9.3223276],[8.6980858,9.3205709],[8.6926737,9.3126087],[8.6892738,9.3028049],[8.6875286,9.2988672],[8.6874858,9.2986543],[8.6848285,9.2854357],[8.6843958,9.2832832],[8.6789837,9.275322],[8.671452,9.2512674],[8.6578074,9.2076893],[8.6563482,9.1970797],[8.6547747,9.1872711],[8.649805,9.1731188],[8.6471516,9.1676145],[8.6411362,9.1578264],[8.6357031,9.1467838],[8.6303072,9.1369667],[8.6242445,9.1230096],[8.6207151,9.1148844],[8.616389,9.1108318],[8.6099182,9.1053277],[8.605247,9.1003929],[8.5936316,9.0905665],[8.5866175,9.0829382],[8.5789665,9.0734768],[8.5734908,9.0667054],[8.5707302,9.0632915],[8.5668335,9.0608311],[8.564023,9.0522461],[8.566468,9.050725],[8.5677243,9.0494686],[8.5696089,9.0439863],[8.5758336,9.0419876],[8.5763475,9.0343924],[8.5715595,9.0342155],[8.5681812,9.0341068],[8.5640124,9.0326791],[8.5622421,9.0301664],[8.5620707,9.0266829],[8.5576041,9.0259267],[8.5541315,9.020359],[8.547574,9.0142164],[8.5410919,9.0105238],[8.5370164,9.0073248],[8.5332613,9.0043774],[8.5217199,9.0018978],[8.5175002,9.0012141],[8.514039,9.0006533],[8.5089426,9.0006409],[8.5043459,9.0014315],[8.500904,9.0073327],[8.4985867,9.0113058],[8.4941816,9.0236397],[8.4937489,9.0253705],[8.4906578,9.037735],[8.4866161,9.0427866],[8.481605,9.0490501],[8.4790831,9.0522022],[8.4765615,9.0553541],[8.474369,9.069973],[8.4739189,9.0729733],[8.4714193,9.0765972],[8.4693617,9.0795812],[8.4667015,9.0834389],[8.4655712,9.0850778],[8.4627592,9.0891553],[8.4623337,9.0897722],[8.4562998,9.0985212],[8.4543247,9.1013937],[8.4522395,9.1044267],[8.4466085,9.1126175],[8.4419746,9.1164789],[8.4369678,9.1206512],[8.4307518,9.1258316],[8.4293178,9.1274704],[8.4243948,9.1330968],[8.4241829,9.1333389],[8.4194355,9.138764],[8.4184179,9.1399269],[8.4129553,9.1451788],[8.4017649,9.1559391],[8.3955126,9.1619511],[8.3917818,9.168169],[8.3896917,9.1716986],[8.3893986,9.1721936],[8.3873119,9.1757174],[8.3814964,9.1774216],[8.3645684,9.1813915],[8.358681,9.1842949],[8.3552795,9.1867783],[8.350369,9.1893518],[8.3469046,9.1920813],[8.3456375,9.1939082],[8.3432942,9.1944873],[8.3380695,9.1924025],[8.3360268,9.188175],[8.3339766,9.1851019],[8.3282639,9.1811256],[8.3185349,9.1803617],[8.308826,9.1863723],[8.3008631,9.1885081],[8.2897166,9.186421],[8.2850629,9.1849105],[8.2711807,9.1831482],[8.2584078,9.1828919],[8.2559739,9.1601977],[8.253502,9.1472448],[8.2327763,9.1048163],[8.1918954,9.0524308],[8.1740123,9.0470725],[8.1553212,9.0414721],[8.1375713,9.0361538],[8.0990671,9.0396747],[8.0669788,9.0502911],[8.0616469,9.0520552],[8.0673512,9.1181462],[8.0700791,9.1470379],[8.0707976,9.1546482],[8.0785413,9.1904774],[8.087243,9.2307391],[8.083456,9.2368116],[8.0782251,9.2452002],[8.0780792,9.2463271],[8.0728487,9.252256],[8.0609339,9.2657621],[8.0442012,9.2732685],[8.0149191,9.2849032],[8.0000049,9.2928757],[7.9976883,9.2941141],[7.9966653,9.294661],[7.9839257,9.2978509],[7.9405719,9.3141752],[7.9190866,9.3173656],[7.8974102,9.3059196],[7.8725014,9.2899697],[7.8267984,9.276433],[7.8083873,9.2728463],[7.7929296,9.2755966],[7.7700248,9.2923346],[7.7638578,9.2958584],[7.7515343,9.3069986],[7.7311889,9.3261374],[7.7240805,9.3292549],[7.7209212,9.3306405]]]}},{"type":"Feature","properties":{"kind":"administrative","id":"administrative:kaduna-north","localUnitId":"kaduna-north","name":"Kaduna North"},"geometry":{"type":"Polygon","coordinates":[[[7.4399937,10.4892576],[7.4376358,10.4925644],[7.4360315,10.4938264],[7.4344883,10.4948332],[7.433698,10.4950447],[7.4325381,10.495026],[7.4309409,10.494596],[7.4292026,10.4940695],[7.4279432,10.4941256],[7.4264791,10.4941817],[7.4250721,10.4942004],[7.4241213,10.4948173],[7.4232657,10.4961261],[7.4220868,10.4980144],[7.4217915,10.4989208],[7.4209817,10.5002272],[7.4199465,10.5012009],[7.4190674,10.5018117],[7.4185204,10.5021918],[7.4184824,10.5027153],[7.4184824,10.5049027],[7.4190148,10.5058561],[7.4188313,10.5069881],[7.4188056,10.5071461],[7.4188817,10.5082118],[7.4188957,10.5083142],[7.4190084,10.5091407],[7.419028,10.5092839],[7.4190909,10.5097448],[7.4191782,10.5099389],[7.4192304,10.5100549],[7.4193988,10.5104289],[7.4196042,10.5108852],[7.4210919,10.5112587],[7.4215784,10.5114814],[7.4215887,10.5117463],[7.4228627,10.5152204],[7.4228716,10.5152262],[7.4230337,10.5155498],[7.4235169,10.5165149],[7.423534,10.5165576],[7.423484,10.5166759],[7.4234804,10.5168374],[7.4238014,10.5175987],[7.423843,10.5176957],[7.4242173,10.5185685],[7.4242773,10.5186949],[7.4245649,10.5193014],[7.4247521,10.5196961],[7.4251205,10.520514],[7.425207,10.5207207],[7.4252132,10.5207356],[7.4254651,10.5213377],[7.4255842,10.5216319],[7.4261366,10.5229968],[7.426158,10.5241723],[7.4258977,10.5250404],[7.425004,10.5267977],[7.4239392,10.5283493],[7.4237379,10.5287652],[7.4234258,10.529714],[7.4234276,10.5298196],[7.4234449,10.5308543],[7.4237583,10.5322795],[7.4238906,10.532807],[7.4240903,10.5336029],[7.4243836,10.5346479],[7.423537,10.5348868],[7.4230806,10.5370647],[7.4230487,10.5371931],[7.4226892,10.5388681],[7.4225469,10.5396564],[7.4223391,10.5408314],[7.4221968,10.5408703],[7.421871,10.5409592],[7.4205161,10.5413292],[7.4200427,10.541472],[7.4197959,10.5415465],[7.4191898,10.5429474],[7.4189616,10.5433493],[7.4183532,10.544527],[7.4182296,10.5462374],[7.4181511,10.5472548],[7.4202636,10.5478417],[7.4207418,10.5480435],[7.4216719,10.5479848],[7.421868,10.5482273],[7.4227258,10.5483499],[7.4226262,10.548531],[7.4226636,10.5486727],[7.4231455,10.5488114],[7.4240932,10.548718],[7.4246461,10.54881],[7.4249669,10.5488414],[7.4254848,10.5488229],[7.4259782,10.5489782],[7.4267959,10.5493989],[7.4268066,10.5494327],[7.427001,10.5499739],[7.4267999,10.5502747],[7.4254548,10.5498346],[7.4249879,10.5495738],[7.423763,10.5495401],[7.4221402,10.5496008],[7.4215696,10.5531444],[7.42045,10.5555414],[7.4179071,10.556777],[7.4171594,10.5578481],[7.4171444,10.558103],[7.4165479,10.5584208],[7.4163791,10.5583911],[7.4150593,10.5592723],[7.4149056,10.5589188],[7.4135295,10.5595622],[7.413572,10.5603426],[7.411839,10.5604615],[7.4121908,10.5610819],[7.4122809,10.5612409],[7.4127022,10.5614407],[7.4133915,10.5619201],[7.4143537,10.5622306],[7.4136412,10.5669282],[7.4143542,10.5705264],[7.4136887,10.5736572],[7.413479,10.5742715],[7.4131937,10.5757761],[7.4127374,10.5796078],[7.4132334,10.5809605],[7.4138592,10.5821498],[7.4144297,10.5827666],[7.4152283,10.5845236],[7.4162242,10.5873552],[7.4150617,10.588008],[7.4189938,10.5955518],[7.421567,10.5976651],[7.4238206,10.6040332],[7.4245439,10.6047233],[7.4278377,10.6038047],[7.4279782,10.6044153],[7.4282628,10.6049242],[7.4283854,10.6051371],[7.4288591,10.605662],[7.4296231,10.6070313],[7.4300539,10.6068653],[7.4304403,10.6071265],[7.4306893,10.6084936],[7.4328946,10.6084759],[7.432652,10.6096852],[7.4344986,10.6098416],[7.4342389,10.6110336],[7.4351176,10.6114839],[7.4430009,10.6151502],[7.4513197,10.6186077],[7.4530786,10.6168322],[7.455463,10.6133848],[7.4604488,10.6116528],[7.4612505,10.6104342],[7.4627083,10.6120066],[7.4650473,10.6102938],[7.4632511,10.6082793],[7.4561041,10.6021536],[7.4550206,10.6011227],[7.4567401,10.5992007],[7.4571622,10.5990567],[7.4572127,10.5990395],[7.4575405,10.5984906],[7.458594,10.5985465],[7.4591288,10.5987334],[7.461458,10.5975419],[7.4618502,10.5970513],[7.4626583,10.5957664],[7.4633595,10.5947618],[7.4639557,10.5932023],[7.4640084,10.5922312],[7.4640745,10.591012],[7.4634218,10.5906003],[7.4627849,10.5902154],[7.4622299,10.589871],[7.461722,10.5905838],[7.4612277,10.5904598],[7.4607562,10.5904646],[7.4605996,10.5887917],[7.4601821,10.5854251],[7.4600268,10.5845814],[7.4610827,10.5848109],[7.461012,10.5845031],[7.4620307,10.584258],[7.465216,10.5834722],[7.4654898,10.5835814],[7.4659865,10.5838653],[7.4661591,10.5840625],[7.466729,10.5842279],[7.4669031,10.58362],[7.4669649,10.5835416],[7.4671116,10.5835377],[7.4675198,10.5832485],[7.4676198,10.5832581],[7.4677833,10.582924],[7.468006,10.5828744],[7.4681704,10.58274],[7.4682557,10.5826749],[7.4683442,10.5825889],[7.4684809,10.5825889],[7.4686532,10.5825305],[7.4688018,10.5825071],[7.4688374,10.5823903],[7.4689479,10.5823047],[7.4692525,10.5822989],[7.4693801,10.5822949],[7.4695086,10.5822321],[7.4695854,10.5821377],[7.4696764,10.5820584],[7.4700237,10.5818964],[7.4701724,10.5816521],[7.4703318,10.5815071],[7.4705832,10.5814285],[7.4710599,10.581281],[7.4711648,10.5810822],[7.471288,10.5809633],[7.4714365,10.5808074],[7.4714686,10.5806723],[7.4716388,10.5799535],[7.4713097,10.5792088],[7.4706874,10.5783284],[7.4703784,10.5769266],[7.4708775,10.5745434],[7.4713529,10.5721602],[7.4714717,10.5715995],[7.4723307,10.569426],[7.4729359,10.5684704],[7.4754209,10.5676901],[7.4773818,10.567585],[7.4803409,10.5674799],[7.4830148,10.5667789],[7.4854391,10.5648864],[7.4870533,10.5625392],[7.4871504,10.562398],[7.4872217,10.5610311],[7.4873955,10.5577499],[7.487298,10.5569237],[7.4862985,10.5555299],[7.4853567,10.554848],[7.4835126,10.5517547],[7.4832837,10.5513255],[7.4825608,10.5499701],[7.4819533,10.5492714],[7.4811411,10.5483374],[7.4808952,10.5480546],[7.4795032,10.5461986],[7.4785752,10.5449851],[7.4781231,10.5441285],[7.476926,10.543574],[7.4761892,10.5428263],[7.4755237,10.5421253],[7.4750483,10.5411205],[7.4752147,10.5396484],[7.4754467,10.5379987],[7.4734713,10.5322312],[7.4725671,10.5305656],[7.4713774,10.5284241],[7.4709015,10.5271392],[7.4699153,10.5243606],[7.4688075,10.5221899],[7.4657618,10.5182876],[7.4649072,10.5169692],[7.4642998,10.5144621],[7.4632529,10.5110357],[7.4621583,10.5087038],[7.4579705,10.5066575],[7.4539193,10.5049249],[7.4514664,10.5006622],[7.4491847,10.4994844],[7.4471311,10.4972969],[7.4452046,10.4947245],[7.444737,10.4938179],[7.4470376,10.4910965],[7.4465527,10.4905777],[7.4460008,10.4899073],[7.4455629,10.489361],[7.4444601,10.4894171],[7.4440038,10.4898471],[7.4426699,10.4894647],[7.4419438,10.4888839],[7.4407713,10.4879962],[7.4399937,10.4892576]]]}},{"type":"Feature","properties":{"kind":"administrative","id":"administrative:kaduna-south","localUnitId":"kaduna-south","name":"Kaduna South"},"geometry":{"type":"Polygon","coordinates":[[[7.3793391,10.4928774],[7.3798739,10.4945951],[7.3815591,10.4965999],[7.3827892,10.499417],[7.3828861,10.4995987],[7.3828363,10.4997226],[7.3828872,10.5009716],[7.3836174,10.503429],[7.3855069,10.5050765],[7.3875391,10.5063736],[7.3886443,10.5070396],[7.3895185,10.5074866],[7.3902486,10.5084768],[7.3916789,10.5095258],[7.3932936,10.5111643],[7.3934385,10.5117311],[7.3940025,10.51201],[7.3944303,10.5126644],[7.3954286,10.5145806],[7.395595,10.5158659],[7.3947869,10.5182962],[7.3943991,10.5192438],[7.3943477,10.5204022],[7.3948032,10.5214887],[7.3952385,10.5223927],[7.3958279,10.5233462],[7.3962936,10.5241295],[7.3967878,10.5254041],[7.396984,10.5264009],[7.3969944,10.5272458],[7.3969876,10.5280712],[7.3971608,10.5289867],[7.3971662,10.5294778],[7.3974656,10.5305188],[7.3973871,10.5309964],[7.3979816,10.5328763],[7.3988078,10.5332572],[7.3988962,10.5334896],[7.3996975,10.5339145],[7.4002941,10.5341914],[7.4002486,10.5344648],[7.4009016,10.534663],[7.4015998,10.5346324],[7.4018452,10.5343666],[7.4022775,10.5344909],[7.4032153,10.5343241],[7.4054997,10.5337288],[7.4078329,10.5372306],[7.4068137,10.5375289],[7.4061787,10.5381197],[7.4076049,10.5409395],[7.4080327,10.5434164],[7.408413,10.5460334],[7.4091593,10.5472562],[7.4081713,10.5488278],[7.4073155,10.5503855],[7.4084149,10.5506111],[7.4075852,10.5531245],[7.4066738,10.5532746],[7.4070345,10.555006],[7.4080521,10.5560967],[7.4072969,10.5566342],[7.4075197,10.5572464],[7.4083306,10.5570434],[7.4086354,10.5579764],[7.4100455,10.5573504],[7.4101125,10.5585953],[7.4110474,10.5587468],[7.4111701,10.5591651],[7.4116631,10.5594453],[7.411839,10.5604615],[7.413572,10.5603426],[7.4135295,10.5595622],[7.4149056,10.5589188],[7.4150593,10.5592723],[7.4163791,10.5583911],[7.4165479,10.5584208],[7.4171444,10.558103],[7.4171594,10.5578481],[7.4179071,10.556777],[7.42045,10.5555414],[7.4215696,10.5531444],[7.4221402,10.5496008],[7.423763,10.5495401],[7.4249879,10.5495738],[7.4254548,10.5498346],[7.4267999,10.5502747],[7.427001,10.5499739],[7.4268066,10.5494327],[7.4267959,10.5493989],[7.4259782,10.5489782],[7.4254848,10.5488229],[7.4249669,10.5488414],[7.4246461,10.54881],[7.4240932,10.548718],[7.4231455,10.5488114],[7.4226636,10.5486727],[7.4226262,10.548531],[7.4227258,10.5483499],[7.421868,10.5482273],[7.4216719,10.5479848],[7.4207418,10.5480435],[7.4202636,10.5478417],[7.4181511,10.5472548],[7.4182296,10.5462374],[7.4183532,10.544527],[7.4189616,10.5433493],[7.4191898,10.5429474],[7.4197959,10.5415465],[7.4200427,10.541472],[7.4205161,10.5413292],[7.421871,10.5409592],[7.4221968,10.5408703],[7.4223391,10.5408314],[7.4225469,10.5396564],[7.4226892,10.5388681],[7.4230487,10.5371931],[7.4230806,10.5370647],[7.423537,10.5348868],[7.4243836,10.5346479],[7.4240903,10.5336029],[7.4238906,10.532807],[7.4237583,10.5322795],[7.4234449,10.5308543],[7.4234276,10.5298196],[7.4234258,10.529714],[7.4237379,10.5287652],[7.4239392,10.5283493],[7.425004,10.5267977],[7.4258977,10.5250404],[7.426158,10.5241723],[7.4261366,10.5229968],[7.4255842,10.5216319],[7.4254651,10.5213377],[7.4252132,10.5207356],[7.425207,10.5207207],[7.4251205,10.520514],[7.4247521,10.5196961],[7.4245649,10.5193014],[7.4242773,10.5186949],[7.4242173,10.5185685],[7.423843,10.5176957],[7.4238014,10.5175987],[7.4234804,10.5168374],[7.423484,10.5166759],[7.423534,10.5165576],[7.4235169,10.5165149],[7.4230337,10.5155498],[7.4228716,10.5152262],[7.4228627,10.5152204],[7.4215887,10.5117463],[7.4215784,10.5114814],[7.4210919,10.5112587],[7.4196042,10.5108852],[7.4193988,10.5104289],[7.4192304,10.5100549],[7.4191782,10.5099389],[7.4190909,10.5097448],[7.419028,10.5092839],[7.4190084,10.5091407],[7.4188957,10.5083142],[7.4188817,10.5082118],[7.4188056,10.5071461],[7.4188313,10.5069881],[7.4190148,10.5058561],[7.4184824,10.5049027],[7.4184824,10.5027153],[7.4185204,10.5021918],[7.4190674,10.5018117],[7.4199465,10.5012009],[7.4209817,10.5002272],[7.4217915,10.4989208],[7.4220868,10.4980144],[7.4232657,10.4961261],[7.4241213,10.4948173],[7.4250721,10.4942004],[7.4264791,10.4941817],[7.4279432,10.4941256],[7.4292026,10.4940695],[7.4309409,10.494596],[7.4325381,10.495026],[7.433698,10.4950447],[7.4344883,10.4948332],[7.4360315,10.4938264],[7.4376358,10.4925644],[7.4399937,10.4892576],[7.4407713,10.4879962],[7.4404291,10.4870426],[7.4404481,10.4860143],[7.4405241,10.4850234],[7.4406763,10.4843503],[7.4413418,10.4836211],[7.4414026,10.4832858],[7.4410794,10.482996],[7.4410019,10.4824153],[7.441222,10.4817246],[7.441336,10.4813133],[7.4415357,10.4810608],[7.4416593,10.4808832],[7.4414954,10.4807552],[7.4415262,10.480313],[7.4415357,10.4799858],[7.4413075,10.4797146],[7.441222,10.4794903],[7.4413931,10.4790602],[7.4409463,10.4783217],[7.4412315,10.4779197],[7.4414121,10.4776205],[7.4411269,10.4770409],[7.4409938,10.4762369],[7.4409938,10.4759004],[7.4410889,10.4753769],[7.4407656,10.4752179],[7.4406991,10.4747692],[7.4408641,10.4746181],[7.4410964,10.4743379],[7.4411463,10.474214],[7.4411725,10.4741533],[7.4411677,10.4741042],[7.4411891,10.4740504],[7.4411939,10.4739803],[7.4412105,10.4739359],[7.4411986,10.4739055],[7.4412058,10.4738541],[7.4412058,10.4737816],[7.4412129,10.4736765],[7.4411868,10.4735947],[7.4410251,10.4736274],[7.4408944,10.4736531],[7.4406135,10.4732453],[7.4404689,10.4726359],[7.440623,10.4724507],[7.4406135,10.4715813],[7.4405755,10.4708988],[7.4401265,10.4699853],[7.4401595,10.4693422],[7.4402451,10.4687813],[7.4403378,10.4674841],[7.4404376,10.4669792],[7.4401809,10.4665095],[7.4399171,10.466257],[7.4398334,10.4655859],[7.4399028,10.4651912],[7.4395392,10.4645602],[7.4390971,10.4636487],[7.4388761,10.4630456],[7.4385529,10.4628811],[7.4382628,10.4624637],[7.437614,10.462653],[7.437138,10.4609531],[7.4368813,10.4607498],[7.4361262,10.459573],[7.4350605,10.454675],[7.4347366,10.4527751],[7.4339979,10.4497939],[7.4339403,10.4494931],[7.4335289,10.4481068],[7.4328523,10.4460436],[7.4323297,10.4444519],[7.4318395,10.4442437],[7.4259693,10.444528],[7.4251044,10.4444598],[7.4236634,10.4445183],[7.4234377,10.4445387],[7.4227573,10.4445679],[7.4214916,10.4446001],[7.420327,10.4445855],[7.4195041,10.4445533],[7.4191669,10.4445328],[7.4191683,10.4444423],[7.4190525,10.4441326],[7.4189465,10.4439834],[7.4188415,10.443817],[7.4187431,10.4436939],[7.4187113,10.4436176],[7.4186157,10.4434986],[7.4185771,10.4434051],[7.4184909,10.4433291],[7.4184523,10.4432444],[7.4184107,10.4431479],[7.4183881,10.4430085],[7.4183483,10.4429171],[7.4182443,10.4428061],[7.4181463,10.4427798],[7.4180542,10.4427564],[7.4180186,10.4426571],[7.4180542,10.4425373],[7.4181089,10.4424076],[7.4180394,10.4423035],[7.4178997,10.4422276],[7.4177987,10.4422042],[7.4177244,10.4420786],[7.4177201,10.4419493],[7.4176472,10.4417922],[7.417561,10.4415322],[7.417467,10.4414603],[7.4173382,10.4413832],[7.4173649,10.4411845],[7.4172669,10.4410968],[7.4171186,10.4410416],[7.4170411,10.4409508],[7.4170203,10.4408514],[7.4169757,10.4407053],[7.416949,10.4405359],[7.4169401,10.4403722],[7.416935,10.4401603],[7.4168809,10.4399367],[7.4167612,10.4396446],[7.4161881,10.4389395],[7.4160518,10.4388295],[7.4159234,10.4387635],[7.4158913,10.438625],[7.4158497,10.4385403],[7.4157695,10.4384409],[7.4156834,10.4383854],[7.4155913,10.4383766],[7.4155021,10.4383533],[7.4153506,10.4383328],[7.4152436,10.438324],[7.4151337,10.4383562],[7.4149982,10.4383252],[7.4149911,10.4382095],[7.4150054,10.4380973],[7.4149555,10.4380202],[7.4149584,10.4378941],[7.4148929,10.4377598],[7.4148164,10.4377257],[7.4147451,10.437652],[7.4145847,10.4375223],[7.4141675,10.4371541],[7.4140454,10.4370032],[7.4139189,10.4368573],[7.4138788,10.4367685],[7.413836,10.4367229],[7.4137183,10.4366177],[7.4135587,10.4365633],[7.4134723,10.436495],[7.4133369,10.4364354],[7.4132941,10.4365265],[7.4132656,10.4366387],[7.4132121,10.4366948],[7.4131479,10.4366843],[7.4130409,10.4366072],[7.4129982,10.4365546],[7.4128591,10.436502],[7.4127272,10.4364529],[7.4126274,10.4363197],[7.4125454,10.4362565],[7.4124812,10.4362425],[7.4123992,10.4362846],[7.4122388,10.4363302],[7.4120748,10.4363898],[7.4119422,10.436336],[7.4118145,10.4362601],[7.4117111,10.4361969],[7.4116113,10.436211],[7.4115507,10.4361794],[7.4115329,10.4361093],[7.4115079,10.4359971],[7.4114758,10.4359024],[7.4114426,10.435704],[7.411243,10.4356573],[7.4111194,10.4357134],[7.4107771,10.4358162],[7.4105142,10.4358584],[7.4102733,10.4358256],[7.4102377,10.4357213],[7.4098264,10.4356292],[7.4096648,10.4357695],[7.4094271,10.4358162],[7.4091884,10.4358188],[7.4091146,10.4355423],[7.4083975,10.4355544],[7.4077985,10.4356246],[7.4065436,10.4355404],[7.4056594,10.4354142],[7.4048038,10.4352739],[7.4052202,10.4364472],[7.4054579,10.4382587],[7.4045666,10.4410929],[7.4035565,10.443209],[7.401655,10.4433142],[7.4007994,10.443583],[7.3995595,10.4443699],[7.3988282,10.4449215],[7.3982617,10.4456181],[7.398086,10.4488203],[7.3979442,10.4514053],[7.3979052,10.452116],[7.3978383,10.4541639],[7.3978993,10.4567373],[7.3983606,10.4633087],[7.3985623,10.4671113],[7.398658,10.467809],[7.3988632,10.4682997],[7.3991294,10.4687765],[7.4009085,10.4704326],[7.4018775,10.471361],[7.4045991,10.4725828],[7.4045991,10.4732865],[7.4043135,10.474242],[7.4039852,10.4749293],[7.4031332,10.4756118],[7.4031902,10.4763784],[7.4016501,10.4776686],[7.4012888,10.4789587],[7.4009085,10.479987],[7.4005472,10.480978],[7.3991972,10.482829],[7.3984236,10.4842441],[7.3962705,10.4828545],[7.3934323,10.4815798],[7.391008,10.4808786],[7.390476,10.4810122],[7.3876567,10.48172],[7.3864802,10.48477],[7.3842644,10.4865645],[7.37802,10.490143],[7.3793391,10.4928774]]]}},{"type":"Feature","properties":{"kind":"land","id":"kaduna-north","localUnitId":"kaduna-north","name":"Kaduna North"},"geometry":{"type":"MultiPolygon","coordinates":[[[[7.4383852,10.4917871],[7.4383932,10.4917502],[7.4383812,10.4917356],[7.4383557,10.4917403],[7.4383222,10.4917647],[7.4382779,10.4918135],[7.4382591,10.4918378],[7.4382531,10.4918642],[7.4382578,10.4918893],[7.4382699,10.4918965],[7.4382859,10.4918972],[7.4383208,10.4918754],[7.438353,10.4918372],[7.4383691,10.4918141],[7.4383852,10.4917871]]],[[[7.4381572,10.492248],[7.4380901,10.4923376],[7.4379963,10.4924669],[7.4379078,10.4925486],[7.4377871,10.4926436],[7.4376798,10.4927464],[7.4375966,10.492844],[7.4375886,10.4929152],[7.4376449,10.4929548],[7.4376878,10.4929548],[7.4377629,10.4929231],[7.4379158,10.4928677],[7.4381143,10.492728],[7.4382162,10.4925961],[7.4383181,10.4925038],[7.4384281,10.4923851],[7.4385019,10.4923054],[7.4385636,10.4922189],[7.438644,10.4921398],[7.4386802,10.4920594],[7.4386869,10.4920106],[7.4387138,10.492004],[7.4387231,10.4920409],[7.4387379,10.4921029],[7.4387553,10.4921372],[7.4387781,10.492153],[7.4388009,10.4921438],[7.4388224,10.4921029],[7.4388532,10.4919869],[7.4388868,10.4918774],[7.4389176,10.4918194],[7.4389216,10.4917798],[7.438923,10.491706],[7.4389364,10.4916611],[7.4389981,10.491644],[7.4390236,10.4916203],[7.4390426,10.4915965],[7.4390732,10.4915425],[7.4390665,10.4914937],[7.4390718,10.4914633],[7.4390933,10.4914119],[7.4390987,10.4913354],[7.4390987,10.4912906],[7.4390611,10.4912563],[7.4390101,10.4912392],[7.4389578,10.4912458],[7.4389337,10.4912748],[7.4389216,10.4912945],[7.4388961,10.4913513],[7.4388881,10.4914093],[7.4388814,10.4914699],[7.4388573,10.491495],[7.438821,10.4914989],[7.4387768,10.4914897],[7.4387446,10.4915121],[7.4386802,10.4916124],[7.4386319,10.4917521],[7.4385837,10.491855],[7.4384933,10.4919847],[7.4384254,10.4920607],[7.4383718,10.4921108],[7.4382701,10.4921704],[7.4381572,10.492248]]],[[[7.4379004,10.4922427],[7.4379513,10.4922051],[7.4379916,10.4921754],[7.4380539,10.4921332],[7.4380861,10.4921042],[7.4381103,10.4920633],[7.4381196,10.4920238],[7.4381196,10.4920053],[7.4381036,10.4919961],[7.4380848,10.4919928],[7.4380539,10.492004],[7.4380074,10.4920433],[7.4377127,10.4924566],[7.4377173,10.4924642],[7.4377341,10.4924688],[7.4377696,10.4924451],[7.4378078,10.4923752],[7.4378494,10.492308],[7.4379004,10.4922427]]],[[[7.4382336,10.4927794],[7.4381766,10.4928209],[7.438127,10.4928559],[7.4380727,10.4928974],[7.4380506,10.4929093],[7.4380439,10.4929284],[7.4380378,10.4929475],[7.4380452,10.4929534],[7.4380694,10.4929502],[7.438127,10.4929277],[7.4382236,10.4928737],[7.4382383,10.4928585],[7.4382591,10.4928315],[7.4382719,10.4928104],[7.4382819,10.4927919],[7.4382853,10.4927814],[7.4382752,10.4927728],[7.4382598,10.4927649],[7.4382336,10.4927794]]],[[[7.4374739,10.4928321],[7.4374397,10.4928704],[7.4374095,10.492902],[7.4373706,10.4929416],[7.4373069,10.4930088],[7.4372131,10.4930748],[7.4371889,10.4931077],[7.4371903,10.4931249],[7.4371963,10.4931308],[7.4372171,10.4931315],[7.4372774,10.4931315],[7.4373592,10.4931183],[7.4374229,10.4930886],[7.4374866,10.4930497],[7.4375255,10.4930095],[7.4375416,10.4929726],[7.4375611,10.4929192],[7.4375644,10.4928789],[7.4375577,10.4928334],[7.4375403,10.492815],[7.4375115,10.4928203],[7.4374739,10.4928321]]],[[[7.4361289,10.4948376],[7.4360136,10.4948613],[7.4358554,10.4949721],[7.4356891,10.4950987],[7.4355442,10.4952068],[7.4354289,10.4953018],[7.4353243,10.4954152],[7.4353028,10.4954758],[7.4353149,10.4955009],[7.4353384,10.4955062],[7.4353538,10.4955022],[7.4354047,10.4954257],[7.4355415,10.495278],[7.4358098,10.4952016],[7.4360351,10.4951805],[7.4362899,10.4951937],[7.4365661,10.4951567],[7.4368451,10.4950961],[7.4370355,10.4950539],[7.4372447,10.4950275],[7.4373808,10.495009],[7.4375773,10.4949378],[7.4377141,10.4948851],[7.4379046,10.4948508],[7.4381299,10.4947374],[7.4382991,10.4945533],[7.4384966,10.4944183],[7.4386127,10.4943523],[7.4387361,10.4943101],[7.4389801,10.494231],[7.4391786,10.4941414],[7.4394173,10.4940121],[7.4396638,10.4938275],[7.4398269,10.4936249],[7.4399213,10.4934899],[7.4400158,10.4933042],[7.4401359,10.4931101],[7.4402132,10.4929329],[7.4402475,10.4926797],[7.4402217,10.4924518],[7.4401359,10.4923168],[7.440093,10.492148],[7.4401188,10.4920383],[7.4401874,10.4918864],[7.4403848,10.4916754],[7.4405822,10.4915573],[7.4407196,10.4914391],[7.4408054,10.4912534],[7.4408242,10.4909673],[7.4408309,10.4907972],[7.4408054,10.4907009],[7.4407853,10.4906416],[7.4407303,10.4905888],[7.440627,10.4905374],[7.440576,10.4905216],[7.4404866,10.4905625],[7.4404218,10.490631],[7.4403534,10.4907418],[7.4402381,10.4909053],[7.4401804,10.4909356],[7.440049,10.4909647],[7.4399565,10.490966],[7.4398518,10.4910029],[7.4397767,10.4910767],[7.4397312,10.4912271],[7.4396453,10.4913115],[7.4395694,10.4913547],[7.4394725,10.4914075],[7.4393825,10.4914565],[7.4392671,10.4915304],[7.4391733,10.4916886],[7.439125,10.4918337],[7.4390545,10.4919539],[7.4389506,10.4921449],[7.4388702,10.4923269],[7.4387226,10.4925115],[7.4386339,10.4926206],[7.438504,10.4928583],[7.438433,10.4929532],[7.4383699,10.4929862],[7.4383149,10.4930469],[7.438264,10.4931866],[7.4382613,10.4933211],[7.438272,10.4934161],[7.438264,10.4934926],[7.4382157,10.4935822],[7.4381473,10.49366],[7.4380977,10.4937247],[7.4379797,10.4938855],[7.4378536,10.4941308],[7.4376819,10.4943919],[7.4375478,10.4945686],[7.4373949,10.4946635],[7.4372179,10.4947743],[7.4370221,10.4948824],[7.4368075,10.4949299],[7.4366412,10.4949537],[7.4365071,10.4949246],[7.4363757,10.494864],[7.4361289,10.4948376]]],[[[7.4368751,10.4933121],[7.4368027,10.4933332],[7.4367034,10.4934018],[7.4365988,10.4934809],[7.436462,10.4935917],[7.4364097,10.4936405],[7.4363883,10.4936629],[7.4363816,10.4936807],[7.4363883,10.4936998],[7.4364205,10.4937038],[7.4364567,10.4936919],[7.436572,10.4936247],[7.4366069,10.4935904],[7.4366458,10.4935561],[7.4367034,10.4935218],[7.4367759,10.4934902],[7.4369086,10.4934334],[7.436977,10.4933781],[7.4369891,10.4933411],[7.4369824,10.4933187],[7.4369515,10.4933042],[7.4368751,10.4933121]]],[[[7.4342895,10.4952875],[7.4343498,10.4953139],[7.4346649,10.49536],[7.4347964,10.4952717],[7.4349613,10.49531],[7.435078,10.4952875],[7.4351638,10.4952605],[7.4352912,10.4952347],[7.4354274,10.4952354],[7.4354589,10.4951174],[7.4355321,10.4950145],[7.4358183,10.4948378],[7.4360141,10.4947007],[7.4360758,10.494669],[7.4361563,10.4946506],[7.4362445,10.4946685],[7.4364325,10.4947323],[7.4366096,10.494793],[7.4367866,10.4947877],[7.4370334,10.4946954],[7.4373432,10.4945081],[7.4375492,10.4943394],[7.4376368,10.4941996],[7.4377637,10.4940018],[7.4378648,10.4938383],[7.4379668,10.4936853],[7.4380606,10.4935429],[7.4381223,10.4934295],[7.4381384,10.4933214],[7.4381089,10.4931526],[7.4380633,10.4930603],[7.4380204,10.493026],[7.4379547,10.4930141],[7.4378836,10.493026],[7.4377575,10.4930735],[7.4376449,10.4931104],[7.4374933,10.4931893],[7.4374169,10.4932291],[7.4372131,10.4933319],[7.4371114,10.4934011],[7.4370038,10.4934743],[7.4367893,10.4936405],[7.4366954,10.4937433],[7.4365371,10.4938145],[7.4364272,10.4938647],[7.4362528,10.4938963],[7.4359632,10.4939992],[7.43577,10.494131],[7.4354401,10.4942312],[7.4352706,10.4943228],[7.4344883,10.4948332],[7.433835,10.495008],[7.4338362,10.4950304],[7.4338576,10.4950462],[7.4339569,10.4951016],[7.4341366,10.4952097],[7.4342895,10.4952875]]],[[[7.4283765,10.494317],[7.4284047,10.4942879],[7.4284168,10.4942484],[7.4284181,10.4941825],[7.4284101,10.4941231],[7.4284001,10.4941052],[7.4281553,10.4941161],[7.4281351,10.4941376],[7.4281231,10.4941745],[7.4281472,10.494251],[7.4281754,10.4942919],[7.428229,10.4943209],[7.4283256,10.4943222],[7.4283765,10.494317]]],[[[7.4282719,10.4943565],[7.4281472,10.4943341],[7.4280493,10.4943262],[7.4280077,10.4943539],[7.4279822,10.4943816],[7.4279635,10.4944007],[7.4279615,10.4944205],[7.4279702,10.4944409],[7.4280359,10.4944607],[7.4280828,10.4944792],[7.4281499,10.4944923],[7.4282049,10.4945095],[7.4282639,10.4945279],[7.4283068,10.494557],[7.4283282,10.4945649],[7.4283799,10.4945609],[7.4284342,10.4945464],[7.4284557,10.4945326],[7.4284567,10.494523],[7.4284526,10.4945171],[7.4284295,10.4945022],[7.4284194,10.4944963],[7.4284141,10.4944792],[7.4284255,10.4944666],[7.4284624,10.4944561],[7.4285006,10.4944534],[7.4285435,10.4944528],[7.4285931,10.4944436],[7.4286233,10.494433],[7.4286327,10.4944218],[7.42863,10.494404],[7.4286166,10.4943895],[7.4285844,10.494375],[7.4285334,10.4943776],[7.4284932,10.4943855],[7.4284449,10.4943868],[7.4284074,10.4943723],[7.4283618,10.4943618],[7.4282719,10.4943565]]],[[[7.4274123,10.4943447],[7.427364,10.4943334],[7.427307,10.4943414],[7.4272748,10.4943671],[7.427246,10.4944192],[7.4272171,10.4944495],[7.427193,10.4944647],[7.4271876,10.4944765],[7.4272044,10.4945049],[7.4272319,10.4945266],[7.4272594,10.4945497],[7.4272969,10.4945688],[7.4273425,10.4945688],[7.4274485,10.4945537],[7.4275692,10.4945266],[7.4276671,10.4944923],[7.4276872,10.4944772],[7.4276939,10.4944554],[7.4276892,10.494435],[7.4276698,10.4944106],[7.4276295,10.4943684],[7.4275806,10.4943486],[7.4274773,10.4943427],[7.4274123,10.4943447]]],[[[7.4246362,10.4946585],[7.4247904,10.4946137],[7.4249098,10.4945649],[7.4249948,10.4945337],[7.4250962,10.494495],[7.4251807,10.4944739],[7.4251927,10.4944851],[7.4251921,10.4945049],[7.4251646,10.4945365],[7.4251176,10.4945649],[7.4250969,10.4945893],[7.4250948,10.4946163],[7.4251123,10.4946308],[7.4251364,10.4946427],[7.4251927,10.4946519],[7.425294,10.4946255],[7.4253476,10.4946156],[7.4253758,10.4946242],[7.4253896,10.4946434],[7.4254006,10.4946796],[7.4253979,10.4947099],[7.4253751,10.49476],[7.4253872,10.4947785],[7.4254395,10.4948035],[7.4254918,10.4948035],[7.4255267,10.4947943],[7.4255575,10.4947627],[7.4256071,10.4947389],[7.4256192,10.4947389],[7.4256434,10.4947653],[7.4256366,10.4948009],[7.4255937,10.4948378],[7.4255535,10.4948589],[7.4255227,10.49488],[7.4255052,10.4948998],[7.4255186,10.4949262],[7.4255535,10.4949394],[7.4256179,10.4949644],[7.425689,10.4949644],[7.42576,10.4949592],[7.4258164,10.4949051],[7.4258687,10.4948194],[7.4258888,10.494731],[7.4259371,10.4946638],[7.4259706,10.4946057],[7.4259666,10.4945411],[7.4259397,10.4944739],[7.4258874,10.4944132],[7.4257547,10.4942616],[7.4256692,10.4941925],[7.4250721,10.4942004],[7.424279,10.4947149],[7.4242768,10.4947666],[7.4242942,10.4947838],[7.4243224,10.4947811],[7.4244471,10.4947192],[7.4246362,10.4946585]]],[[[7.4270971,10.4946242],[7.427073,10.4945873],[7.427014,10.4945583],[7.4269643,10.4945108],[7.426904,10.4944937],[7.4268463,10.4944976],[7.4268316,10.4945062],[7.4268222,10.4945253],[7.4268369,10.4945833],[7.4268624,10.4946308],[7.4269268,10.4946611],[7.4270113,10.4946888],[7.4270502,10.4946915],[7.4270864,10.4946836],[7.4270998,10.4946545],[7.4270971,10.4946242]]],[[[7.4295205,10.4943974],[7.4295044,10.4945214],[7.4295312,10.4946137],[7.4295326,10.4946559],[7.4295245,10.4947046],[7.4295098,10.4947587],[7.429499,10.4947917],[7.4295031,10.4948405],[7.4295165,10.4948761],[7.4295312,10.4948787],[7.4295433,10.4948734],[7.4295574,10.4948537],[7.4295701,10.4948464],[7.4295835,10.494849],[7.4295949,10.4948603],[7.4296184,10.4948748],[7.4296331,10.4948814],[7.4296673,10.4948827],[7.4296774,10.4948668],[7.4296841,10.4948497],[7.4296794,10.4948088],[7.429664,10.4947818],[7.4296559,10.4947646],[7.4296345,10.4947455],[7.4296251,10.4947284],[7.4296305,10.4946967],[7.4296486,10.4946809],[7.4296667,10.4946644],[7.4296828,10.4946301],[7.4296901,10.49458],[7.4297009,10.4945398],[7.4296948,10.4944937],[7.4296868,10.4944653],[7.4296794,10.4944488],[7.4296647,10.4944429],[7.4296405,10.4944495],[7.4296326,10.4944577],[7.4296274,10.4944699],[7.429616,10.4944815],[7.4296063,10.4944815],[7.429601,10.494478],[7.4295988,10.4944684],[7.4296015,10.4944518],[7.4296077,10.4944304],[7.4296144,10.494406],[7.4296157,10.4943783],[7.4295996,10.4943644],[7.4295782,10.4943638],[7.429546,10.4943855],[7.4295205,10.4943974]]],[[[7.4280989,10.4945596],[7.4280104,10.4945332],[7.4279501,10.4945451],[7.4278924,10.4945715],[7.4277972,10.4946084],[7.4277382,10.494644],[7.4277328,10.4946651],[7.4277402,10.4946763],[7.4277636,10.4946862],[7.4278294,10.4946888],[7.4278897,10.4946928],[7.427934,10.4947218],[7.4279742,10.4947363],[7.4280069,10.4947415],[7.4281043,10.4947376],[7.4281619,10.4947178],[7.4281995,10.4946888],[7.4282545,10.4946756],[7.4282907,10.4946598],[7.4282987,10.4946374],[7.4283028,10.4946189],[7.428288,10.4945965],[7.4282411,10.4945754],[7.4281982,10.4945715],[7.4281445,10.4945754],[7.4280989,10.4945596]]],[[[7.4261034,10.4947139],[7.4260363,10.494764],[7.4260095,10.4948352],[7.4259652,10.4949341],[7.4259371,10.4950185],[7.4259035,10.4950739],[7.4258432,10.4951148],[7.4258298,10.4951319],[7.4258324,10.4951622],[7.425878,10.4951992],[7.4259518,10.4952123],[7.4260122,10.4951926],[7.4261181,10.495149],[7.4261905,10.4951174],[7.4262308,10.4951121],[7.4262817,10.4951042],[7.4262938,10.4950792],[7.4262965,10.4950449],[7.4263166,10.4950198],[7.4263407,10.495004],[7.4263716,10.4950145],[7.4263984,10.495029],[7.4264172,10.495095],[7.4264118,10.4951411],[7.4263971,10.4951662],[7.426389,10.4952005],[7.426393,10.4952321],[7.4264547,10.4952559],[7.4265057,10.4952479],[7.4265298,10.4952334],[7.4265365,10.4952044],[7.4265379,10.4951649],[7.4265446,10.4950884],[7.4265473,10.4950462],[7.4265701,10.4950053],[7.4266317,10.4949684],[7.4266894,10.4949407],[7.4267779,10.4949275],[7.4268664,10.4949407],[7.4269134,10.4949631],[7.4269268,10.4949987],[7.4269295,10.4950805],[7.4269402,10.4951517],[7.4269469,10.4951939],[7.426955,10.4952216],[7.4269831,10.495269],[7.427014,10.4952888],[7.4270582,10.4953086],[7.4270877,10.4952941],[7.4271347,10.4952413],[7.427136,10.495186],[7.4270944,10.4951082],[7.4270394,10.4950093],[7.4269818,10.4948893],[7.4269295,10.4947956],[7.4268597,10.4947231],[7.4268195,10.4946585],[7.4267873,10.4946005],[7.4267632,10.4945662],[7.4267095,10.4944818],[7.4266827,10.4943895],[7.4266733,10.4943512],[7.4266472,10.4943229],[7.426621,10.4943209],[7.4265801,10.4943545],[7.426562,10.4943948],[7.4265459,10.4944501],[7.4265754,10.4945425],[7.4265835,10.4945649],[7.4265754,10.4945926],[7.4265499,10.4946176],[7.4265057,10.4946255],[7.4263743,10.4946532],[7.4262321,10.4946638],[7.4261034,10.4947139]]],[[[7.4315429,10.4949974],[7.4315053,10.4949789],[7.4314255,10.494946],[7.4313511,10.494915],[7.4313015,10.4949011],[7.431284,10.4949024],[7.4312747,10.4949104],[7.4312706,10.4949255],[7.43128,10.494942],[7.4313202,10.4949644],[7.4314034,10.4949934],[7.4315067,10.4950277],[7.4315234,10.4950277],[7.4315375,10.4950264],[7.4315452,10.4950089],[7.4315429,10.4949974]]],[[[7.4247931,10.4948352],[7.424722,10.494855],[7.4246257,10.4948966],[7.4244833,10.4949605],[7.4243854,10.4950027],[7.4243197,10.4950422],[7.4242781,10.4950871],[7.4242727,10.4951279],[7.4242982,10.4951424],[7.4243438,10.4951359],[7.4244149,10.4951108],[7.4245611,10.4950765],[7.4247421,10.4950211],[7.4248159,10.4949842],[7.4248642,10.4949526],[7.4248883,10.4949315],[7.4249366,10.4949196],[7.4249782,10.4949275],[7.4250077,10.4949222],[7.4250224,10.4949156],[7.4250358,10.4948893],[7.425013,10.4948457],[7.4249701,10.4948246],[7.4249205,10.4948115],[7.424866,10.4948122],[7.4247931,10.4948352]]],[[[7.4318714,10.4948814],[7.4318419,10.4948603],[7.4318004,10.4948695],[7.4317655,10.4949288],[7.4317346,10.4949974],[7.4317306,10.4950488],[7.4317186,10.4951042],[7.4317373,10.4951359],[7.4317655,10.4951332],[7.4317843,10.4951227],[7.4318513,10.4950396],[7.4318741,10.4949776],[7.4318795,10.4949209],[7.4318714,10.4948814]]],[[[7.423853,10.4952278],[7.4238664,10.4952282],[7.4238972,10.4952189],[7.423912,10.4951978],[7.4239241,10.4951517],[7.4239402,10.4951148],[7.4239376,10.4950983],[7.423853,10.4952278]]],[[[7.42736,10.495091],[7.4273479,10.4950857],[7.4272808,10.4950871],[7.4272299,10.495091],[7.4271635,10.4950798],[7.4271306,10.4950811],[7.4271105,10.4950923],[7.4271085,10.4951213],[7.4271286,10.4951576],[7.4271548,10.4952097],[7.4271702,10.4952519],[7.4271789,10.4952961],[7.4271782,10.495337],[7.4271856,10.495364],[7.427199,10.4953745],[7.4272232,10.4953679],[7.4272902,10.4953046],[7.4273251,10.4952532],[7.4273412,10.4952018],[7.4273533,10.4951715],[7.4273667,10.4951082],[7.42736,10.495091]]],[[[7.4240203,10.4953043],[7.4240085,10.4952941],[7.423977,10.4952934],[7.4239549,10.4953126],[7.4239334,10.4953574],[7.4239039,10.4954022],[7.4238677,10.4954655],[7.423853,10.4954893],[7.4238563,10.4955123],[7.4238731,10.4955242],[7.4238892,10.4955209],[7.42392,10.4955011],[7.4239422,10.4954748],[7.4239549,10.4954246],[7.4239636,10.4954002],[7.423979,10.4953785],[7.4240193,10.4953468],[7.4240267,10.4953185],[7.4240203,10.4953043]]],[[[7.4248213,10.495186],[7.4246737,10.4952413],[7.4244136,10.4952994],[7.424258,10.4953838],[7.4241373,10.4955446],[7.424081,10.4956686],[7.4240112,10.4957715],[7.4239737,10.4958242],[7.4239871,10.4958875],[7.4240085,10.495906],[7.4240568,10.4959086],[7.4241319,10.4958796],[7.4242312,10.4958242],[7.4244712,10.4956983],[7.4245959,10.4955921],[7.4247716,10.4955295],[7.4248481,10.4955605],[7.4249473,10.4955552],[7.4250466,10.4954893],[7.4252179,10.4954451],[7.4253724,10.4954873],[7.4255106,10.4955367],[7.425752,10.4955868],[7.4258459,10.4956449],[7.4259236,10.4956818],[7.425988,10.4956923],[7.4261007,10.4956871],[7.42622,10.4956396],[7.4263448,10.4955934],[7.426452,10.4955684],[7.4265338,10.495513],[7.4265942,10.4954616],[7.4266291,10.4954589],[7.4267149,10.4954866],[7.4268088,10.4955024],[7.4269161,10.4955209],[7.4269623,10.4955024],[7.4269938,10.4954708],[7.4270381,10.4953811],[7.4270388,10.4953594],[7.4270274,10.4953455],[7.4269764,10.4953191],[7.4268973,10.4952901],[7.4268664,10.4952374],[7.4268208,10.4952321],[7.426786,10.4952453],[7.4267337,10.4952967],[7.4266492,10.4953455],[7.4265701,10.4953759],[7.4264587,10.4954075],[7.4263702,10.4953798],[7.4263313,10.4953429],[7.4262965,10.4953297],[7.426275,10.4953376],[7.4262267,10.4953864],[7.4262093,10.4954167],[7.4261275,10.4954326],[7.4260095,10.4954128],[7.425929,10.495389],[7.425896,10.4953354],[7.4258056,10.4951965],[7.425701,10.4951464],[7.4255428,10.4951042],[7.4253952,10.4950304],[7.4253094,10.4950119],[7.4252343,10.4950172],[7.4251887,10.4950699],[7.4251002,10.495149],[7.4249768,10.4951781],[7.4248213,10.495186]]],[[[7.4234513,10.4958684],[7.4234361,10.4958654],[7.423302,10.4960706],[7.4233078,10.4960695],[7.4233326,10.4960563],[7.4233722,10.4960147],[7.4234051,10.4959791],[7.423448,10.4959271],[7.4234661,10.4958894],[7.4234513,10.4958684]]],[[[7.4232488,10.4962125],[7.4232267,10.4962462],[7.4232193,10.4962732],[7.4231958,10.4963147],[7.4231838,10.4963391],[7.4231757,10.4963668],[7.423173,10.4963932],[7.4231831,10.4964051],[7.423216,10.496407],[7.4232294,10.4963985],[7.4232481,10.4963642],[7.4232763,10.4963095],[7.4232931,10.4962745],[7.4233226,10.4962475],[7.4233574,10.496231],[7.4234138,10.4961947],[7.4234513,10.4961618],[7.4234667,10.4961354],[7.4234902,10.4961123],[7.4235184,10.4960991],[7.4235331,10.4960906],[7.4235432,10.4960688],[7.4235385,10.4960438],[7.4235284,10.4960213],[7.423509,10.4960095],[7.4234909,10.4960075],[7.4234734,10.4960134],[7.4234413,10.4960365],[7.4233943,10.4960629],[7.4233641,10.4960833],[7.4233246,10.496113],[7.4232937,10.4961446],[7.4232602,10.4961881],[7.4232488,10.4962125]]],[[[7.4232951,10.4964427],[7.4232146,10.4965376],[7.423169,10.4966187],[7.4231315,10.4967024],[7.4231087,10.4967651],[7.4230798,10.4968739],[7.4230684,10.4969141],[7.4230664,10.4969629],[7.4230745,10.4969787],[7.4230953,10.4969767],[7.4231449,10.496949],[7.4231952,10.4969042],[7.4233353,10.4967763],[7.4235257,10.4965943],[7.4236572,10.4964519],[7.4236746,10.496411],[7.4236853,10.4963609],[7.4237068,10.4963134],[7.4237443,10.4962646],[7.4238087,10.496204],[7.4238516,10.496138],[7.4238865,10.496022],[7.4238905,10.4959785],[7.423865,10.4959007],[7.423853,10.4958585],[7.4238047,10.4958427],[7.4237685,10.4958624],[7.4237283,10.4959191],[7.4236263,10.4961011],[7.4235459,10.4962079],[7.4234627,10.4962818],[7.4233668,10.4963767],[7.4232951,10.4964427]]],[[[7.4189425,10.5021999],[7.4189539,10.5021715],[7.4189465,10.5021333],[7.4189278,10.5021109],[7.4188916,10.5020983],[7.4188339,10.5021089],[7.4188051,10.5021346],[7.4187923,10.5021728],[7.4187997,10.5021933],[7.4188346,10.5022157],[7.4188922,10.502217],[7.4189425,10.5021999]]],[[[7.4413222,10.4889486],[7.4412283,10.4888629],[7.4411036,10.4887363],[7.4410419,10.4886809],[7.4409762,10.4886677],[7.4409454,10.4886717],[7.4409319,10.4887297],[7.4409279,10.4887706],[7.4409293,10.4888444],[7.4409494,10.4888972],[7.4409802,10.488942],[7.4411251,10.4890501],[7.4412189,10.4891134],[7.4412994,10.4891293],[7.4413517,10.4891293],[7.4413878,10.489108],[7.4413946,10.489062],[7.4413705,10.4890066],[7.4413222,10.4889486]]],[[[7.4416548,10.4890686],[7.4415784,10.4890053],[7.4415247,10.4889763],[7.441467,10.4889684],[7.4414489,10.4889822],[7.4414442,10.4890093],[7.4414416,10.4890468],[7.441459,10.4890831],[7.4415019,10.4891385],[7.4415636,10.4891675],[7.441636,10.4891596],[7.4416655,10.4891424],[7.4416682,10.489097],[7.4416548,10.4890686]]],[[[7.4412163,10.4891668],[7.4411894,10.4891372],[7.4411465,10.4891227],[7.4411264,10.4891134],[7.4410895,10.489126],[7.4410728,10.4891477],[7.4410701,10.4891774],[7.4410768,10.4892189],[7.4411029,10.4892486],[7.4411271,10.4892552],[7.4411579,10.4892506],[7.4411975,10.4892348],[7.4412243,10.489215],[7.4412283,10.4891919],[7.4412163,10.4891668]]],[[[7.4419928,10.4892849],[7.4420223,10.4892743],[7.442033,10.4892519],[7.4420303,10.4892137],[7.4419954,10.489186],[7.4419257,10.4891622],[7.4418774,10.4891517],[7.4418546,10.4891622],[7.4418667,10.4891939],[7.4418962,10.4892203],[7.4419324,10.4892585],[7.4419686,10.4892835],[7.4419928,10.4892849]]],[[[7.4420303,10.4895057],[7.4420726,10.4894952],[7.4420927,10.4894649],[7.4420974,10.4894207],[7.4420504,10.4893561],[7.4419874,10.4893548],[7.4419606,10.4893917],[7.4419498,10.4894444],[7.4419793,10.4894945],[7.4420303,10.4895057]]],[[[7.4418814,10.4895044],[7.4418848,10.4894833],[7.4418768,10.4894655],[7.4418486,10.4894563],[7.4418117,10.4894537],[7.4417876,10.4894517],[7.4417567,10.4894576],[7.4417487,10.4894787],[7.4417607,10.4895071],[7.4418144,10.4895222],[7.4418586,10.489517],[7.4418814,10.4895044]]],[[[7.4401997,10.4893838],[7.4401776,10.4894624],[7.4401175,10.4895975],[7.440066,10.4897663],[7.440024,10.4898387],[7.4399888,10.4899519],[7.4399623,10.4902238],[7.4399543,10.4902805],[7.4399382,10.4903596],[7.4398725,10.4904559],[7.4398658,10.4904875],[7.4398939,10.4905033],[7.4399194,10.4905112],[7.4399797,10.4904901],[7.4401139,10.4904018],[7.4401306,10.4904058],[7.44014,10.4904176],[7.4401394,10.4904387],[7.4401367,10.4904836],[7.440142,10.4905389],[7.4401581,10.4906102],[7.4401769,10.4906589],[7.4402064,10.4907011],[7.4402225,10.4907104],[7.4402413,10.4906952],[7.4402466,10.4906616],[7.4402748,10.4905548],[7.4403016,10.4904598],[7.4403244,10.4903899],[7.4403553,10.490357],[7.4404116,10.49032],[7.4404559,10.4902844],[7.4405484,10.4901354],[7.440594,10.4900471],[7.4406476,10.4899099],[7.4407026,10.4898295],[7.4407402,10.4896897],[7.4407737,10.4895156],[7.4407978,10.4893666],[7.4408153,10.4893073],[7.4408421,10.4892664],[7.4408743,10.4891715],[7.440889,10.4891424],[7.4409185,10.4891319],[7.4409749,10.4891134],[7.4410017,10.4890871],[7.4410084,10.4890475],[7.4410044,10.4890172],[7.4409672,10.4889645],[7.4409157,10.4888717],[7.4408881,10.4887509],[7.44089,10.4886185],[7.4408689,10.4884462],[7.4408635,10.4883011],[7.4408354,10.4882774],[7.4407952,10.4882734],[7.4407549,10.4883064],[7.4407026,10.4883262],[7.4406248,10.488309],[7.4405795,10.4883073],[7.4404541,10.4885107],[7.4404344,10.488578],[7.4403915,10.4886558],[7.4403043,10.4888009],[7.440252,10.4889657],[7.4402292,10.48912],[7.4402198,10.4892321],[7.4401997,10.4893838]]],[[[7.4436222,10.4899258],[7.4436879,10.4898717],[7.443706,10.4898077],[7.4437265,10.4897676],[7.4434874,10.4896991],[7.4434928,10.4897299],[7.4435122,10.4897767],[7.4435337,10.4898301],[7.4435451,10.4898776],[7.4435598,10.4899139],[7.4435873,10.4899343],[7.4436222,10.4899258]]],[[[7.4434157,10.4901869],[7.4434103,10.4901222],[7.4433795,10.4900576],[7.4433298,10.489997],[7.4432762,10.4899917],[7.4432065,10.4900339],[7.4431796,10.4900642],[7.4431676,10.4901011],[7.4431823,10.4901605],[7.4432185,10.490208],[7.4432695,10.4902449],[7.4433459,10.4902567],[7.4434009,10.4902225],[7.4434157,10.4901869]]],[[[7.4408501,10.4895882],[7.4408381,10.4896515],[7.4407697,10.489902],[7.4407428,10.4899877],[7.4407026,10.4900906],[7.4406463,10.4902066],[7.4406168,10.4903003],[7.440594,10.4903754],[7.4406034,10.4904506],[7.4406423,10.490502],[7.4407428,10.4905495],[7.4409051,10.4905759],[7.4411117,10.4905442],[7.4412672,10.4905086],[7.441408,10.4904862],[7.4415649,10.4904862],[7.4416883,10.4905284],[7.4418037,10.4906233],[7.441919,10.4907288],[7.4420317,10.4908422],[7.4421725,10.4909306],[7.4423026,10.4909306],[7.4424554,10.4909016],[7.4425976,10.4908541],[7.4427237,10.4907869],[7.4428698,10.490655],[7.4429221,10.490593],[7.4429798,10.4905231],[7.4429812,10.4904493],[7.4429463,10.4903042],[7.4429047,10.4901961],[7.4428403,10.490109],[7.4427438,10.4900444],[7.4426405,10.4899429],[7.4425185,10.4898756],[7.4424072,10.4898466],[7.4421658,10.4897781],[7.4419431,10.4897279],[7.4417983,10.4897029],[7.4415958,10.4896647],[7.4414523,10.4896093],[7.4413303,10.4895737],[7.4411666,10.4895315],[7.44105,10.4895156],[7.4409601,10.4895235],[7.4408931,10.4895486],[7.4408501,10.4895882]]],[[[7.438754,10.4913367],[7.4388195,10.491242],[7.4388975,10.4911455],[7.4390289,10.4910611],[7.4391738,10.4910189],[7.4393025,10.4909609],[7.4394312,10.4908818],[7.4394608,10.490808],[7.4394983,10.4907183],[7.4395439,10.4906603],[7.4396712,10.4905343],[7.4397102,10.4904625],[7.4397665,10.4903253],[7.4397999,10.4901798],[7.4398282,10.4900537],[7.4398792,10.4898005],[7.4398833,10.4897375],[7.4398914,10.489612],[7.4398953,10.4895526],[7.4399304,10.4893464],[7.4386243,10.4911781],[7.4386078,10.4912247],[7.4385703,10.4913262],[7.4385756,10.4913789],[7.4386051,10.4913987],[7.4386628,10.4913921],[7.438754,10.4913367]]],[[[7.4450679,10.4905112],[7.4450444,10.4905027],[7.4450108,10.4904898],[7.4449546,10.4904836],[7.4449103,10.4904967],[7.4448735,10.4905297],[7.444852,10.4905574],[7.444846,10.490591],[7.4448614,10.4906121],[7.4448936,10.4906319],[7.4449445,10.4906603],[7.4449948,10.4906787],[7.4450518,10.4906965],[7.4451035,10.4906893],[7.445137,10.4906721],[7.4451792,10.4906497],[7.4452101,10.4906398],[7.4452469,10.4906319],[7.4452731,10.4906121],[7.4452879,10.4905937],[7.4453194,10.4905739],[7.4453536,10.4905607],[7.4453817,10.4905429],[7.4453844,10.4905304],[7.4453784,10.4905178],[7.4453536,10.4905086],[7.4453174,10.4904901],[7.4452778,10.4904447],[7.4452651,10.4904321],[7.4452369,10.4904216],[7.4452188,10.4904275],[7.4452148,10.4904391],[7.4452128,10.4904526],[7.4452054,10.4904737],[7.4451946,10.4904822],[7.4451477,10.4904994],[7.4450907,10.4905106],[7.4450679,10.4905112]]],[[[7.4414161,10.4908633],[7.4413303,10.4908291],[7.4412096,10.4908159],[7.4410245,10.4908633],[7.4409172,10.4909293],[7.4408475,10.4910374],[7.440826,10.491164],[7.4408475,10.4912484],[7.4408931,10.4912721],[7.4409735,10.49128],[7.4410674,10.4912484],[7.441231,10.491222],[7.4413303,10.491197],[7.4414027,10.4911693],[7.441569,10.4911271],[7.4415877,10.4910796],[7.4416012,10.4910137],[7.4415556,10.4909451],[7.4414161,10.4908633]]],[[[7.4460992,10.4913776],[7.446055,10.491433],[7.4460241,10.4915003],[7.4460067,10.4915629],[7.4459879,10.4915833],[7.445951,10.491611],[7.4459108,10.491644],[7.4458913,10.4916737],[7.4458907,10.4916928],[7.4459021,10.491706],[7.4459175,10.4917073],[7.4459383,10.4916987],[7.4459661,10.4916911],[7.4459815,10.4916902],[7.4459953,10.4916925],[7.4460017,10.4916984],[7.4460087,10.4917106],[7.4460201,10.4917231],[7.4460348,10.4917297],[7.4460536,10.4917284],[7.4460972,10.4917264],[7.446169,10.4917113],[7.4462192,10.4916928],[7.4462387,10.491677],[7.4462615,10.49164],[7.4463037,10.4915926],[7.446354,10.4915556],[7.4463748,10.4915227],[7.4463862,10.4914831],[7.4463835,10.4914317],[7.4463641,10.4913295],[7.4463406,10.4912365],[7.4463212,10.4911739],[7.4462997,10.4911211],[7.4462783,10.4910921],[7.4462648,10.4910565],[7.4462669,10.4909873],[7.4462789,10.4908923],[7.4462756,10.4908238],[7.4462682,10.490802],[7.4462555,10.4907934],[7.44624,10.4907961],[7.4462327,10.4908053],[7.4462293,10.4908172],[7.4462213,10.4908449],[7.4462119,10.4908831],[7.4461958,10.4910282],[7.446173,10.4911719],[7.4461435,10.491255],[7.446118,10.4913302],[7.4460992,10.4913776]]],[[[7.4463413,10.4916954],[7.4463285,10.4916869],[7.4463051,10.4916882],[7.446295,10.4916935],[7.4462843,10.4917053],[7.4462736,10.4917231],[7.4462689,10.4917416],[7.4462528,10.4917594],[7.4462286,10.4917745],[7.4461958,10.4917904],[7.4461639,10.4918105],[7.4461425,10.4918296],[7.4461254,10.4918392],[7.4461032,10.4918411],[7.4460804,10.4918405],[7.4460342,10.4918258],[7.4459758,10.491826],[7.4459423,10.4918352],[7.4459141,10.4918721],[7.445894,10.4919315],[7.4458806,10.4920291],[7.4458672,10.4921253],[7.4458753,10.4922071],[7.4458954,10.4922664],[7.4459155,10.4923432],[7.4459316,10.4924048],[7.4463612,10.4918966],[7.4463654,10.4918741],[7.4463567,10.4918062],[7.4463487,10.4917614],[7.446348,10.4917389],[7.446348,10.4917132],[7.4463413,10.4916954]]],[[[7.4456453,10.4956495],[7.4456104,10.4956165],[7.4455742,10.4955737],[7.4455594,10.4955499],[7.4455494,10.4955394],[7.4455366,10.49554],[7.4455333,10.4955446],[7.4455319,10.4955651],[7.4455373,10.4955934],[7.4455547,10.4956389],[7.4455648,10.4956844],[7.4455695,10.4957161],[7.4455856,10.4957569],[7.4456265,10.4958301],[7.4457049,10.4959369],[7.4457693,10.4960121],[7.4458162,10.4960431],[7.4458531,10.4960589],[7.44589,10.4960668],[7.4459262,10.4960622],[7.4459758,10.4960471],[7.4460107,10.4960174],[7.4460375,10.4959864],[7.4460536,10.4959567],[7.4460798,10.4959429],[7.4460986,10.4959363],[7.4461066,10.4959289],[7.4460092,10.4957988],[7.4459141,10.4957972],[7.4458303,10.4957688],[7.44577,10.4957279],[7.4457291,10.4956983],[7.4456855,10.4956785],[7.4456453,10.4956495]]],[[[7.4467619,10.4968039],[7.4461886,10.4960384],[7.4461877,10.4960391],[7.4461643,10.4960668],[7.4460784,10.4961486],[7.4460261,10.4961855],[7.4459732,10.4962211],[7.4459396,10.4962303],[7.4459034,10.4962238],[7.4458632,10.4962027],[7.445837,10.4961756],[7.4458028,10.496113],[7.4457733,10.4960906],[7.4457572,10.4960853],[7.4457438,10.4960932],[7.4457344,10.4961117],[7.4457009,10.4962594],[7.4456406,10.4964374],[7.4455896,10.4965798],[7.4455668,10.4966563],[7.4455601,10.4967301],[7.4455561,10.4968237],[7.4455453,10.4968725],[7.4455038,10.4969648],[7.4454729,10.4970624],[7.4454354,10.497164],[7.4454246,10.4972286],[7.44543,10.4972695],[7.4454488,10.4973051],[7.445489,10.4973341],[7.4455883,10.4973657],[7.4457438,10.4973908],[7.4458377,10.4974026],[7.4459812,10.4974105],[7.4461515,10.4974013],[7.4462226,10.4974119],[7.4462843,10.4974224],[7.4463822,10.4974607],[7.4464519,10.4974818],[7.4464868,10.4974804],[7.446523,10.4974633],[7.4465673,10.497433],[7.4465961,10.4973954],[7.4466075,10.4973796],[7.4466196,10.497369],[7.446643,10.4973657],[7.4466792,10.4973677],[7.4467081,10.4973842],[7.4467235,10.4974073],[7.4467282,10.4974442],[7.4467269,10.4975464],[7.4467269,10.4977007],[7.4467349,10.4978549],[7.4467644,10.4979604],[7.4468207,10.4980686],[7.446861,10.498153],[7.4468958,10.498273],[7.4469294,10.4983244],[7.4470125,10.498385],[7.4471171,10.4984562],[7.4471976,10.4985024],[7.4472687,10.4985367],[7.4473216,10.4985617],[7.4473471,10.4985663],[7.4473652,10.4985617],[7.4473853,10.4985518],[7.4474048,10.4985499],[7.4474283,10.4985578],[7.4474779,10.4986158],[7.4475262,10.4986844],[7.4475677,10.4987305],[7.4476267,10.4987648],[7.4476723,10.498778],[7.4477206,10.4987965],[7.4477582,10.4987938],[7.4477756,10.498782],[7.4477944,10.4987424],[7.4478064,10.4986554],[7.4478279,10.498538],[7.447848,10.4984523],[7.4478494,10.4983587],[7.4478427,10.4982914],[7.4478185,10.4982281],[7.4477823,10.4981609],[7.4477327,10.4980725],[7.4476804,10.4980132],[7.4476428,10.4979855],[7.4476187,10.4979644],[7.4476039,10.4979341],[7.4475731,10.4978391],[7.4475516,10.4977705],[7.4475503,10.4977434],[7.4471311,10.4972969],[7.4470203,10.4971489],[7.4470201,10.4971486],[7.4469401,10.4970585],[7.446861,10.4969622],[7.4467979,10.496891],[7.4467698,10.4968383],[7.4467619,10.4968039]]],[[[7.4465378,10.4974778],[7.4464761,10.4974982],[7.44646,10.4975002],[7.4464358,10.4974936],[7.446405,10.4974824],[7.4463976,10.4974857],[7.4463949,10.4974949],[7.446405,10.4975108],[7.4464358,10.4975404],[7.4464586,10.4975741],[7.4464774,10.4976057],[7.4464888,10.4976367],[7.4464888,10.4976683],[7.4464875,10.4976835],[7.4464942,10.4976934],[7.4465116,10.4976993],[7.4465371,10.4977152],[7.4465465,10.4977277],[7.4465515,10.4977382],[7.4465525,10.4977508],[7.4465485,10.497789],[7.4465465,10.4978457],[7.4465482,10.4978589],[7.4465539,10.4978694],[7.446572,10.4978826],[7.4466088,10.4978985],[7.446641,10.4979176],[7.4466625,10.4979215],[7.4466833,10.497911],[7.4466967,10.4978879],[7.4467081,10.4978358],[7.4467054,10.4977422],[7.4467014,10.4976466],[7.4467,10.4975404],[7.446688,10.4974574],[7.4466752,10.4974323],[7.4466497,10.4974218],[7.4466303,10.4974204],[7.4466028,10.4974323],[7.4465378,10.4974778]]],[[[7.4482557,10.498865],[7.4483389,10.4989085],[7.4484676,10.4989534],[7.4487144,10.4990272],[7.4487677,10.4990402],[7.4480419,10.4982671],[7.4480546,10.4983415],[7.448076,10.4984655],[7.4481028,10.498625],[7.4481431,10.4987266],[7.4481846,10.4987991],[7.4482557,10.498865]]],[[[7.451878,10.5023172],[7.4518982,10.5023515],[7.4519273,10.5024184],[7.4519277,10.5025203],[7.4519411,10.5025955],[7.4519786,10.5026574],[7.4520564,10.5027089],[7.4521771,10.5027537],[7.4522991,10.5028104],[7.4524185,10.5028829],[7.4524869,10.5029054],[7.452558,10.502908],[7.4526224,10.5028948],[7.45268,10.5028724],[7.4527135,10.5028612],[7.4527303,10.5028586],[7.4518772,10.5013761],[7.451874,10.5013942],[7.4518415,10.5016757],[7.4517788,10.5019678],[7.4517895,10.5021498],[7.4518231,10.5022368],[7.451878,10.5023172]]],[[[7.4529784,10.5034209],[7.45303,10.5034473],[7.4530502,10.5034691],[7.4530522,10.5034869],[7.4530441,10.5035185],[7.4530327,10.5035535],[7.4530267,10.5035825],[7.45303,10.5036082],[7.4530381,10.5036187],[7.4530508,10.50362],[7.4530743,10.5036207],[7.4531313,10.5036543],[7.4531668,10.5036932],[7.4531883,10.5037341],[7.4532305,10.5037783],[7.453254,10.5038132],[7.4532641,10.5038436],[7.4532668,10.5038864],[7.4532694,10.5039227],[7.4532782,10.5039609],[7.4532936,10.50398],[7.4533184,10.5039847],[7.4533412,10.5039701],[7.4533613,10.5039552],[7.4530039,10.503334],[7.4530038,10.503334],[7.4529697,10.5033365],[7.4529556,10.503351],[7.4529476,10.5033768],[7.4529509,10.5033985],[7.4529784,10.5034209]]],[[[7.4538387,10.5048833],[7.4539009,10.504893],[7.4536506,10.504458],[7.4536496,10.5045761],[7.4536403,10.5046776],[7.4536403,10.5047264],[7.453659,10.5047593],[7.4536939,10.5047963],[7.4537623,10.5048477],[7.4538387,10.5048833]]],[[[7.453893,10.5050165],[7.4538307,10.5050072],[7.453777,10.5049855],[7.4536926,10.5049426],[7.4535987,10.504878],[7.4535812,10.5048734],[7.4535591,10.5048701],[7.4535517,10.5048793],[7.4535517,10.5048899],[7.4535584,10.5049136],[7.4535879,10.5050415],[7.4536376,10.5051628],[7.4537154,10.5052973],[7.4537583,10.5053699],[7.4538159,10.5054121],[7.4539125,10.5054516],[7.4540828,10.5055031],[7.4542545,10.5055571],[7.4544516,10.5056178],[7.4545817,10.5056468],[7.4546769,10.5056468],[7.4548231,10.5056389],[7.4549103,10.5056441],[7.4549894,10.5056639],[7.4550913,10.5057233],[7.4552174,10.505809],[7.4552777,10.5058644],[7.4553756,10.5059131],[7.4554655,10.5059567],[7.4556506,10.5060041],[7.4558879,10.5060701],[7.4561642,10.5061703],[7.456246,10.5062019],[7.4563292,10.5062243],[7.4563828,10.5062296],[7.4564472,10.5062257],[7.4564894,10.5062316],[7.4565223,10.5062375],[7.4566007,10.5062692],[7.456645,10.5062791],[7.4566832,10.5062876],[7.4567074,10.5062837],[7.4567201,10.5062744],[7.4567255,10.5062613],[7.4567281,10.5062322],[7.4567221,10.5062079],[7.4567121,10.5061848],[7.4566872,10.5061597],[7.4566168,10.5061103],[7.4565344,10.5060542],[7.4564033,10.5059873],[7.4561601,10.5058833],[7.4559972,10.5058195],[7.4558712,10.5057635],[7.4558118,10.5057343],[7.4541061,10.5050048],[7.4540915,10.505004],[7.4539896,10.5050165],[7.453893,10.5050165]]],[[[7.4567878,10.506225],[7.4567744,10.5062441],[7.4567657,10.5062659],[7.4567644,10.5062863],[7.4567731,10.5063074],[7.4567932,10.5063206],[7.456826,10.5063358],[7.4568911,10.5063575],[7.4570187,10.506405],[7.457111,10.5064393],[7.45728,10.5064854],[7.4574205,10.5065283],[7.4575507,10.5065953],[7.4575858,10.5066133],[7.4576931,10.5066476],[7.4578285,10.5066542],[7.4579063,10.5066476],[7.4579315,10.5066408],[7.4572213,10.5063371],[7.4570896,10.5062982],[7.4569709,10.5062573],[7.4568884,10.506229],[7.4568381,10.506221],[7.4568032,10.5062171],[7.4567878,10.506225]]],[[[7.4700634,10.525407],[7.4700634,10.5255231],[7.4700701,10.5256325],[7.4700782,10.5256787],[7.4700996,10.5257433],[7.4701264,10.5258712],[7.4701546,10.525945],[7.4701774,10.5260109],[7.4702069,10.5260742],[7.4702592,10.5261256],[7.470345,10.5261797],[7.4704389,10.5262285],[7.4704925,10.5262331],[7.4705435,10.5262456],[7.4705677,10.5262878],[7.4705905,10.5263155],[7.4706109,10.5263205],[7.4700222,10.5246619],[7.4700232,10.5247214],[7.4700192,10.5248994],[7.4700259,10.524997],[7.470054,10.5251275],[7.4700634,10.5252383],[7.4700634,10.525407]]],[[[7.4699716,10.5259246],[7.4699568,10.5258936],[7.4699481,10.5258705],[7.4699333,10.525852],[7.4699166,10.5258455],[7.4699072,10.5258461],[7.4699011,10.5258593],[7.4698924,10.525885],[7.4698864,10.5259107],[7.4698864,10.5259832],[7.4699065,10.5260703],[7.4699642,10.5262522],[7.4700795,10.5265278],[7.4701479,10.5266768],[7.4701895,10.5267328],[7.4702659,10.5267783],[7.4703162,10.526806],[7.4703705,10.5268152],[7.4704389,10.5268152],[7.4704885,10.5267955],[7.4705382,10.5267678],[7.4705556,10.5267361],[7.4705677,10.5267018],[7.4705744,10.5266451],[7.4705576,10.526603],[7.4705268,10.5265453],[7.4704631,10.526483],[7.470402,10.5264296],[7.4703732,10.5263887],[7.4703571,10.526334],[7.470338,10.5262921],[7.4702901,10.5262516],[7.4702324,10.52621],[7.4701747,10.5261903],[7.4700876,10.5261448],[7.4700467,10.5261045],[7.4700218,10.5260703],[7.4700198,10.5260465],[7.4700192,10.5260169],[7.4700118,10.5259859],[7.4699964,10.5259588],[7.4699716,10.5259246]]],[[[7.419028,10.5092839],[7.4190909,10.5097448],[7.4191782,10.5099389],[7.4192304,10.5100549],[7.4193988,10.5104289],[7.4196042,10.5108852],[7.4210919,10.5112587],[7.4215784,10.5114814],[7.4215887,10.5117463],[7.4228627,10.5152204],[7.4228716,10.5152262],[7.4230337,10.5155498],[7.4235169,10.5165149],[7.423534,10.5165576],[7.423484,10.5166759],[7.4234804,10.5168374],[7.4238014,10.5175987],[7.423843,10.5176957],[7.4242173,10.5185685],[7.4242773,10.5186949],[7.4245649,10.5193014],[7.4247521,10.5196961],[7.4251205,10.520514],[7.425207,10.5207207],[7.4252132,10.5207356],[7.4254651,10.5213377],[7.4255842,10.5216319],[7.4261366,10.5229968],[7.426158,10.5241723],[7.4258977,10.5250404],[7.425004,10.5267977],[7.4239392,10.5283493],[7.4237379,10.5287652],[7.4234258,10.529714],[7.4234276,10.5298196],[7.4234449,10.5308543],[7.4237583,10.5322795],[7.4238906,10.532807],[7.4240903,10.5336029],[7.4243836,10.5346479],[7.423537,10.5348868],[7.4230806,10.5370647],[7.4230487,10.5371931],[7.4226892,10.5388681],[7.4225469,10.5396564],[7.4223391,10.5408314],[7.4221968,10.5408703],[7.421871,10.5409592],[7.4205161,10.5413292],[7.4200427,10.541472],[7.4197959,10.5415465],[7.4191898,10.5429474],[7.4189616,10.5433493],[7.4183532,10.544527],[7.4182296,10.5462374],[7.4181511,10.5472548],[7.4202636,10.5478417],[7.4207418,10.5480435],[7.4216719,10.5479848],[7.421868,10.5482273],[7.4227258,10.5483499],[7.4226262,10.548531],[7.4226636,10.5486727],[7.4231455,10.5488114],[7.4240932,10.548718],[7.4246461,10.54881],[7.4249669,10.5488414],[7.4254848,10.5488229],[7.4259782,10.5489782],[7.4267959,10.5493989],[7.4268066,10.5494327],[7.427001,10.5499739],[7.4267999,10.5502747],[7.4254548,10.5498346],[7.4249879,10.5495738],[7.423763,10.5495401],[7.4221402,10.5496008],[7.4215696,10.5531444],[7.42045,10.5555414],[7.4179071,10.556777],[7.4171594,10.5578481],[7.4171444,10.558103],[7.4165479,10.5584208],[7.4163791,10.5583911],[7.4150593,10.5592723],[7.4149056,10.5589188],[7.4135295,10.5595622],[7.413572,10.5603426],[7.411839,10.5604615],[7.4121908,10.5610819],[7.4122809,10.5612409],[7.4127022,10.5614407],[7.4133915,10.5619201],[7.4143537,10.5622306],[7.4136412,10.5669282],[7.4143542,10.5705264],[7.4136887,10.5736572],[7.413479,10.5742715],[7.4131937,10.5757761],[7.4127374,10.5796078],[7.4132334,10.5809605],[7.4138592,10.5821498],[7.4144297,10.5827666],[7.4152283,10.5845236],[7.4162242,10.5873552],[7.4150617,10.588008],[7.4189938,10.5955518],[7.421567,10.5976651],[7.4238206,10.6040332],[7.4245439,10.6047233],[7.4278377,10.6038047],[7.4279782,10.6044153],[7.4282628,10.6049242],[7.4283854,10.6051371],[7.4288591,10.605662],[7.4296231,10.6070313],[7.4300539,10.6068653],[7.4304403,10.6071265],[7.4306893,10.6084936],[7.4328946,10.6084759],[7.432652,10.6096852],[7.4344986,10.6098416],[7.4342389,10.6110336],[7.4351176,10.6114839],[7.4430009,10.6151502],[7.4513197,10.6186077],[7.4530786,10.6168322],[7.455463,10.6133848],[7.4604488,10.6116528],[7.4612505,10.6104342],[7.4627083,10.6120066],[7.4650473,10.6102938],[7.4632511,10.6082793],[7.4561041,10.6021536],[7.4550206,10.6011227],[7.4567401,10.5992007],[7.4571622,10.5990567],[7.4572127,10.5990395],[7.4575405,10.5984906],[7.458594,10.5985465],[7.4591288,10.5987334],[7.461458,10.5975419],[7.4618502,10.5970513],[7.4626583,10.5957664],[7.4633595,10.5947618],[7.4639557,10.5932023],[7.4640084,10.5922312],[7.4640745,10.591012],[7.4634218,10.5906003],[7.4627849,10.5902154],[7.4622299,10.589871],[7.4621914,10.589925],[7.4624836,10.5901149],[7.4627759,10.5902859],[7.4628651,10.5903359],[7.4632929,10.5905856],[7.4638436,10.59094],[7.4639692,10.5912052],[7.4639517,10.5914502],[7.4638144,10.5915176],[7.4636342,10.591737],[7.4635226,10.5917539],[7.4634024,10.5916864],[7.4633338,10.5916864],[7.4631793,10.5918298],[7.4631278,10.5917792],[7.4630076,10.5917792],[7.4628617,10.5918129],[7.4627759,10.5919226],[7.4626643,10.5919142],[7.4624583,10.5920239],[7.4623467,10.592007],[7.462012,10.5919817],[7.4617717,10.5919901],[7.4616172,10.5921504],[7.4615142,10.5923276],[7.4614884,10.5920323],[7.4616343,10.5918298],[7.4615742,10.5915514],[7.4618575,10.5911633],[7.4617545,10.5910114],[7.4616515,10.5910621],[7.4617287,10.5908596],[7.4618403,10.5906065],[7.4619176,10.5903702],[7.4620721,10.5902859],[7.4620436,10.5901324],[7.461722,10.5905838],[7.4612277,10.5904598],[7.4607562,10.5904646],[7.4605996,10.5887917],[7.4601821,10.5854251],[7.4600268,10.5845814],[7.4610827,10.5848109],[7.461012,10.5845031],[7.4620307,10.584258],[7.465216,10.5834722],[7.4654898,10.5835814],[7.4659865,10.5838653],[7.4661591,10.5840625],[7.466729,10.5842279],[7.4669031,10.58362],[7.4669649,10.5835416],[7.4671116,10.5835377],[7.4675198,10.5832485],[7.4676198,10.5832581],[7.4677833,10.582924],[7.468006,10.5828744],[7.4681704,10.58274],[7.4682557,10.5826749],[7.4683442,10.5825889],[7.4684809,10.5825889],[7.4686532,10.5825305],[7.4688018,10.5825071],[7.4688374,10.5823903],[7.4689479,10.5823047],[7.4692525,10.5822989],[7.4693801,10.5822949],[7.4695086,10.5822321],[7.4695854,10.5821377],[7.4696764,10.5820584],[7.4700237,10.5818964],[7.4701724,10.5816521],[7.4703318,10.5815071],[7.4705832,10.5814285],[7.4710599,10.581281],[7.4711648,10.5810822],[7.471288,10.5809633],[7.4714365,10.5808074],[7.4714686,10.5806723],[7.4715354,10.5803902],[7.4713415,10.5801875],[7.4710947,10.5798777],[7.4707541,10.5794479],[7.4706388,10.5792778],[7.4704859,10.5791183],[7.4702901,10.5788098],[7.4701855,10.5785831],[7.4700245,10.5782219],[7.4699253,10.577945],[7.4698368,10.5776919],[7.4697912,10.5774309],[7.469767,10.5769075],[7.4697617,10.5765608],[7.469755,10.5762365],[7.4697617,10.5759675],[7.4697442,10.5757803],[7.4697107,10.5755338],[7.4696731,10.5752926],[7.4696812,10.5751594],[7.4697161,10.5750619],[7.4697804,10.5749182],[7.4698462,10.5747665],[7.4699481,10.5745082],[7.4700285,10.5742656],[7.4700969,10.5740204],[7.4701962,10.5736671],[7.4702606,10.5733718],[7.4703518,10.5730962],[7.470451,10.5728682],[7.4705167,10.5727864],[7.4705744,10.5727258],[7.4707246,10.5725992],[7.4708198,10.5724964],[7.4708708,10.5724239],[7.4709579,10.5722551],[7.471198,10.5717397],[7.4712516,10.5715986],[7.4712798,10.571501],[7.4713388,10.5713297],[7.4714676,10.5710225],[7.4716258,10.5706678],[7.4717077,10.5705215],[7.4718042,10.5704108],[7.4718632,10.5703725],[7.4719705,10.5703374],[7.4723307,10.569426],[7.4729359,10.5684704],[7.473782,10.5682047],[7.4738051,10.568132],[7.4738333,10.5680549],[7.4738494,10.5680061],[7.4738909,10.5679481],[7.473966,10.5678736],[7.4740626,10.5678222],[7.4741987,10.5677411],[7.4743657,10.5676594],[7.4745333,10.5676014],[7.4746191,10.5675513],[7.4747398,10.567488],[7.4747908,10.5674181],[7.4747908,10.567372],[7.4747694,10.567339],[7.4747331,10.5672863],[7.4747197,10.5672507],[7.4747177,10.5672283],[7.4747302,10.5672042],[7.4747519,10.5672012],[7.4748451,10.5671966],[7.4750724,10.5671729],[7.4752897,10.5671544],[7.4754064,10.5671373],[7.4754949,10.5671267],[7.4758087,10.5671083],[7.4760434,10.5670674],[7.476199,10.5670569],[7.4763197,10.5670687],[7.4764296,10.5670832],[7.4765356,10.5671136],[7.476604,10.567136],[7.4766844,10.5671452],[7.4767287,10.567161],[7.4767488,10.5671821],[7.4767495,10.5672197],[7.4767649,10.5672797],[7.4768239,10.5673232],[7.4769124,10.5673561],[7.4769929,10.5673865],[7.4770586,10.5673851],[7.4771083,10.5673917],[7.4771726,10.5673719],[7.4772262,10.5673561],[7.4772625,10.5673403],[7.4773255,10.5673258],[7.4773658,10.5673047],[7.4774307,10.5672817],[7.4774898,10.5672553],[7.4776004,10.5671953],[7.4776554,10.5671755],[7.4777627,10.5671716],[7.4778606,10.5671716],[7.477996,10.5671716],[7.4782334,10.5671794],[7.4784212,10.5672151],[7.4785647,10.5672401],[7.4787444,10.5672507],[7.4789616,10.5672573],[7.4792728,10.5672362],[7.4794619,10.5672164],[7.4797904,10.5671663],[7.4800533,10.5671202],[7.4805428,10.5670476],[7.4813797,10.5669237],[7.4821441,10.5668235],[7.4823734,10.5667919],[7.4825478,10.5667471],[7.4826913,10.5667062],[7.4828307,10.5666825],[7.482993,10.5666733],[7.4831124,10.5666574],[7.4831877,10.5666439],[7.4853844,10.5649291],[7.4853963,10.5648789],[7.485403,10.5648354],[7.485407,10.5648064],[7.485409,10.5647465],[7.4854016,10.5647372],[7.4853936,10.5647313],[7.4853795,10.5647346],[7.4853171,10.5647985],[7.4852353,10.5649172],[7.4851361,10.5650305],[7.4851106,10.565078],[7.4850945,10.5651031],[7.4850328,10.5651492],[7.4849993,10.5651676],[7.4849523,10.565165],[7.4849349,10.5651466],[7.4849322,10.5651321],[7.4849376,10.5650978],[7.4849738,10.5650437],[7.4850288,10.5649673],[7.4850892,10.5648921],[7.4851669,10.5648183],[7.4852112,10.5647761],[7.4853051,10.5646627],[7.4854271,10.5644979],[7.4855612,10.5642804],[7.485643,10.5641314],[7.4856953,10.563993],[7.4857812,10.5638572],[7.4858724,10.5637392],[7.4859032,10.5636911],[7.4859146,10.563668],[7.4859401,10.563637],[7.4859636,10.5636126],[7.4860125,10.5635968],[7.4860682,10.5635764],[7.4861366,10.5635474],[7.4861875,10.5635131],[7.4862103,10.5634828],[7.486218,10.5634551],[7.4862217,10.5634363],[7.4862251,10.5634099],[7.4862224,10.5633994],[7.4862157,10.5633931],[7.4862036,10.5633918],[7.4861895,10.5633971],[7.4861687,10.5634122],[7.4861288,10.5634554],[7.4861205,10.563464],[7.4861141,10.5634643],[7.4861084,10.5634597],[7.4861077,10.5634518],[7.4861158,10.563438],[7.4861594,10.5633846],[7.4861868,10.5633404],[7.486276,10.5631585],[7.48639,10.5629436],[7.4864584,10.562784],[7.4865536,10.5625599],[7.4866301,10.5623332],[7.4866717,10.5622567],[7.486728,10.5621723],[7.4867535,10.562138],[7.4867696,10.5621011],[7.4867763,10.5620629],[7.4867763,10.5620022],[7.4867937,10.5618664],[7.4867843,10.5617517],[7.486787,10.5616515],[7.4868125,10.5615527],[7.4868366,10.5614446],[7.4868929,10.5611084],[7.4869238,10.5609133],[7.4869815,10.5605138],[7.4870203,10.5601143],[7.4870391,10.5598599],[7.4870257,10.5596621],[7.4870029,10.5594854],[7.4869935,10.5593022],[7.4869922,10.5590807],[7.4869519,10.5588592],[7.486897,10.5586931],[7.4867964,10.5584228],[7.4867079,10.5580787],[7.4866515,10.5578467],[7.4865979,10.5576805],[7.4865456,10.5575751],[7.4865067,10.5575131],[7.4864705,10.5574531],[7.4864437,10.5574057],[7.4863974,10.5572976],[7.4863739,10.5572376],[7.4862707,10.5569989],[7.4861003,10.556556],[7.4860292,10.5564057],[7.4859636,10.5563173],[7.4859019,10.556192],[7.4858509,10.556047],[7.4858107,10.5559455],[7.4857946,10.5558677],[7.4857865,10.5558005],[7.4857838,10.5557227],[7.4857879,10.5556186],[7.4857664,10.5553944],[7.4857423,10.5552494],[7.4857181,10.555165],[7.4856947,10.5550928],[7.4853567,10.554848],[7.4835126,10.5517547],[7.4832837,10.5513255],[7.4825608,10.5499701],[7.4823527,10.5497307],[7.4823526,10.5497306],[7.4822661,10.5496712],[7.4821367,10.5495677],[7.4820502,10.5495189],[7.4819503,10.549449],[7.4818323,10.5493145],[7.481778,10.5492493],[7.4816653,10.5491642],[7.4815506,10.5491003],[7.4815044,10.5490561],[7.481442,10.5489843],[7.4814112,10.5489434],[7.4813776,10.5488953],[7.4813481,10.548863],[7.481322,10.5488485],[7.4812623,10.5488175],[7.48121,10.5487871],[7.4811691,10.5487509],[7.4811141,10.5486612],[7.4810752,10.5486072],[7.4810645,10.548565],[7.4810511,10.548503],[7.4810243,10.5484358],[7.4810001,10.5484121],[7.4809585,10.5483606],[7.4808942,10.5482235],[7.4808808,10.5481615],[7.4808513,10.5481049],[7.4808365,10.5480653],[7.4808392,10.5480126],[7.4808438,10.5479861],[7.4795032,10.5461986],[7.4785752,10.5449851],[7.4781231,10.5441285],[7.4769908,10.543604],[7.4769798,10.543603],[7.476944,10.5435977],[7.4768702,10.5435707],[7.4768226,10.5435476],[7.476775,10.5435213],[7.4767334,10.5434936],[7.4766804,10.5434415],[7.4766429,10.5433782],[7.4766261,10.5433314],[7.476602,10.5432681],[7.4765921,10.5432352],[7.4765921,10.5432351],[7.4763024,10.5429412],[7.4762875,10.5429365],[7.4762017,10.5429181],[7.4761453,10.5428943],[7.4760541,10.5428521],[7.4759978,10.5428179],[7.475975,10.5427915],[7.4759562,10.5427519],[7.4759348,10.5426781],[7.4758704,10.5425884],[7.475806,10.5425357],[7.4757024,10.5424686],[7.475574,10.542359],[7.4754989,10.5422608],[7.4754533,10.5421798],[7.475405,10.5421177],[7.4753574,10.542065],[7.4753118,10.5420044],[7.4752441,10.5419371],[7.4752086,10.541858],[7.4751643,10.5417275],[7.4750657,10.541564],[7.4749705,10.5413689],[7.474886,10.5411645],[7.4748498,10.5410524],[7.4748337,10.5409549],[7.474831,10.5408599],[7.4748404,10.5407492],[7.4748726,10.5406846],[7.4749209,10.5406226],[7.4749477,10.5405738],[7.4749665,10.5405237],[7.4749799,10.5404512],[7.474988,10.5403523],[7.4749665,10.5401743],[7.4749571,10.5399871],[7.4749571,10.5398157],[7.4749504,10.5396957],[7.4749196,10.539556],[7.4748807,10.5394689],[7.4748619,10.5394294],[7.4747962,10.5393213],[7.4747693,10.5392434],[7.4747573,10.5391815],[7.4747519,10.5391077],[7.4747573,10.539022],[7.474768,10.5389613],[7.4747962,10.5389073],[7.4748284,10.5388717],[7.4748726,10.5388229],[7.4749276,10.538749],[7.4749866,10.5386633],[7.4750631,10.5385236],[7.4750765,10.538397],[7.4750912,10.5383733],[7.4751502,10.5383403],[7.4751663,10.5383219],[7.475165,10.5382665],[7.4751422,10.5382428],[7.4751019,10.5382256],[7.4750671,10.538219],[7.4750496,10.5382058],[7.4750322,10.5381201],[7.4750403,10.5380357],[7.4750644,10.5379461],[7.4751542,10.5378788],[7.4751824,10.5378393],[7.4751998,10.537809],[7.4752146,10.53778],[7.4751945,10.5377259],[7.4751717,10.5377009],[7.4751301,10.5376798],[7.4751194,10.5376244],[7.4751489,10.537565],[7.4751288,10.5374899],[7.4751046,10.5374517],[7.4750694,10.5373824],[7.474988,10.5372117],[7.4749471,10.5370681],[7.4749021,10.5369467],[7.4748618,10.5368113],[7.4748109,10.5366698],[7.4747305,10.5365103],[7.4746473,10.5363309],[7.474572,10.5361827],[7.4745092,10.5360593],[7.4744542,10.5359183],[7.4744166,10.5357442],[7.4744073,10.5356163],[7.4744005,10.5354291],[7.4743925,10.5353131],[7.4743773,10.5352309],[7.474359,10.5351324],[7.4742946,10.5349821],[7.4742436,10.5348608],[7.4741793,10.5347633],[7.4740894,10.5346077],[7.4740287,10.5344522],[7.4739955,10.5343492],[7.4739768,10.534249],[7.4739432,10.5341251],[7.4738748,10.534013],[7.4738078,10.5338917],[7.4737045,10.5336953],[7.4736254,10.5336241],[7.473502,10.5334962],[7.473392,10.5334144],[7.4732003,10.5332391],[7.4729978,10.5330294],[7.472873,10.5329187],[7.4727657,10.5328251],[7.4726558,10.532738],[7.4725284,10.5326734],[7.4723969,10.5325943],[7.4722172,10.5325363],[7.4721059,10.5324862],[7.4719919,10.5324506],[7.4718779,10.5324282],[7.4717894,10.5323899],[7.4716684,10.5323088],[7.4714354,10.5321091],[7.4711645,10.5318269],[7.4710223,10.5316779],[7.4709164,10.5315421],[7.4708748,10.5314287],[7.47086,10.5313852],[7.4708533,10.5312758],[7.4708641,10.531144],[7.4708319,10.5309383],[7.4707782,10.5307009],[7.4707018,10.5303528],[7.4706522,10.530068],[7.4706361,10.5299916],[7.4706347,10.5298742],[7.4706709,10.529741],[7.4707018,10.5295156],[7.4707179,10.5294127],[7.4707487,10.5293086],[7.4707729,10.5290976],[7.4707715,10.528971],[7.4707595,10.5288695],[7.4707232,10.5287258],[7.4706133,10.5284687],[7.4705261,10.5282643],[7.4703772,10.5278239],[7.4703189,10.5276485],[7.4703082,10.5275839],[7.4702921,10.5275477],[7.4702445,10.5275167],[7.4702083,10.5274725],[7.4701888,10.5274323],[7.4701392,10.5273242],[7.4701211,10.5272794],[7.470101,10.5271792],[7.4700996,10.5271495],[7.4701083,10.5271178],[7.4701264,10.5270934],[7.4701486,10.5270506],[7.4701492,10.5270315],[7.4701446,10.527011],[7.4701231,10.5269688],[7.4700976,10.5269234],[7.4700728,10.5268943],[7.4700433,10.5268746],[7.4700031,10.5268594],[7.4699561,10.526839],[7.4699313,10.5268185],[7.4699092,10.5268129],[7.4698824,10.5268324],[7.4698696,10.5268469],[7.4698492,10.5268482],[7.4698307,10.5268469],[7.4697925,10.52681],[7.4697469,10.5267322],[7.4696718,10.5265608],[7.4696513,10.5264018],[7.4696477,10.5262773],[7.4696825,10.5260663],[7.46972,10.5257858],[7.4697174,10.525585],[7.4697372,10.5253048],[7.4697174,10.5251196],[7.4697188,10.5247847],[7.4697107,10.5246858],[7.4696852,10.5245566],[7.469641,10.5243733],[7.4695846,10.524165],[7.4695645,10.5241201],[7.4695377,10.5240911],[7.4695162,10.5240714],[7.4694948,10.5240476],[7.469468,10.524012],[7.4694023,10.5238182],[7.4693111,10.5235756],[7.4692789,10.5234912],[7.4692735,10.52342],[7.4692681,10.5233356],[7.4692507,10.5232855],[7.4692172,10.5232249],[7.4691971,10.5231866],[7.4691649,10.5231418],[7.4691434,10.523093],[7.4691246,10.5230231],[7.4691139,10.5229704],[7.4690442,10.5228332],[7.4690013,10.522733],[7.4689436,10.52265],[7.4688028,10.522435],[7.4687237,10.522319],[7.4686418,10.5221937],[7.4685761,10.5221028],[7.4684957,10.5219195],[7.4684514,10.5218272],[7.4684286,10.5217468],[7.4684149,10.5216869],[7.4684149,10.5216868],[7.4657618,10.5182876],[7.4649072,10.5169692],[7.4642998,10.5144621],[7.4632529,10.5110357],[7.4621583,10.5087038],[7.4580386,10.5066908],[7.4580082,10.5067149],[7.457972,10.5067637],[7.457964,10.5067775],[7.4579412,10.50679],[7.4579144,10.5067913],[7.4578862,10.5067887],[7.4578473,10.5067782],[7.4577038,10.5067267],[7.457563,10.5066687],[7.4574557,10.5066186],[7.4573846,10.5065843],[7.4573082,10.5065632],[7.4572143,10.5065382],[7.4571258,10.5065276],[7.4570212,10.5065197],[7.4569783,10.5065131],[7.4569206,10.5064815],[7.4568334,10.5064314],[7.4567355,10.5063786],[7.4566202,10.5063285],[7.4565209,10.5063061],[7.4564029,10.5062916],[7.4562913,10.5062749],[7.4560353,10.5061801],[7.4558316,10.506103],[7.4556707,10.5060582],[7.455554,10.5060331],[7.4554709,10.5060186],[7.4554038,10.5059909],[7.455322,10.5059395],[7.4551798,10.5058419],[7.4550457,10.5057655],[7.4549103,10.5057127],[7.4547882,10.5056995],[7.4544479,10.5057022],[7.454199,10.5056009],[7.4540016,10.5055587],[7.4538579,10.5055219],[7.4537251,10.5054533],[7.4536554,10.50539],[7.453595,10.505299],[7.4535011,10.5050643],[7.453481,10.5048784],[7.4534743,10.5047268],[7.4534703,10.504587],[7.4534515,10.5044749],[7.4533992,10.5043233],[7.4532798,10.5040991],[7.4532007,10.5039765],[7.4531591,10.5039066],[7.4531229,10.5038736],[7.4530827,10.5038604],[7.453025,10.5038631],[7.4529801,10.5038683],[7.4529191,10.5038756],[7.4528614,10.5038683],[7.4528111,10.5038545],[7.4527823,10.5038354],[7.4527521,10.503805],[7.452732,10.503774],[7.4527273,10.5037253],[7.4527199,10.5036738],[7.4526931,10.5036132],[7.4526851,10.5035644],[7.452667,10.5034642],[7.4526039,10.5033481],[7.4525483,10.5032466],[7.4524913,10.503176],[7.4524242,10.5031246],[7.4523444,10.503089],[7.4522686,10.5030613],[7.452156,10.5030059],[7.4520836,10.5029789],[7.4520259,10.5029565],[7.4519501,10.502944],[7.4518905,10.5029506],[7.4518029,10.5029462],[7.4517238,10.5029442],[7.4516393,10.5029416],[7.4516004,10.5029297],[7.4515454,10.5028922],[7.4514616,10.5027834],[7.4514341,10.5027458],[7.451416,10.5027043],[7.45141,10.5026607],[7.4514133,10.5026271],[7.4514308,10.5025915],[7.4514583,10.5025355],[7.4514931,10.5024557],[7.4515239,10.502393],[7.4515595,10.5022915],[7.4515729,10.5022309],[7.4515864,10.5021465],[7.4515957,10.5020463],[7.4515971,10.5019329],[7.4516199,10.5017832],[7.4516353,10.5016836],[7.4516541,10.5016236],[7.4516594,10.5015729],[7.4516615,10.5015122],[7.4516675,10.5014403],[7.4516802,10.5013869],[7.451693,10.5013527],[7.451701,10.501325],[7.4517003,10.5012749],[7.4516903,10.5012003],[7.4516782,10.5011404],[7.4516748,10.5011013],[7.4516722,10.5010711],[7.4516673,10.5010113],[7.4514664,10.5006622],[7.4497942,10.499799],[7.449794,10.4997989],[7.4497329,10.4997749],[7.4496847,10.4997676],[7.4496377,10.499763],[7.4495874,10.4997472],[7.4495018,10.4997082],[7.4494473,10.4996938],[7.4493816,10.4996745],[7.449161,10.499585],[7.4489008,10.4994808],[7.4487533,10.4994241],[7.4485561,10.4993688],[7.4484676,10.4993331],[7.4483483,10.4992553],[7.4482343,10.4992026],[7.4481592,10.4991525],[7.4481176,10.4991406],[7.448068,10.499134],[7.448013,10.4991301],[7.447958,10.4991103],[7.4479178,10.499076],[7.4478802,10.4990219],[7.4478561,10.4989692],[7.44784,10.4989046],[7.4477984,10.4988492],[7.4477488,10.4988241],[7.447667,10.4987991],[7.4475315,10.4987477],[7.447435,10.4987081],[7.4473813,10.4986765],[7.4473357,10.4986158],[7.4472834,10.4985696],[7.4471672,10.4985099],[7.4470728,10.4984592],[7.4469736,10.4984009],[7.4469139,10.4983606],[7.4468744,10.4983264],[7.4468583,10.4982888],[7.4468382,10.498178],[7.4468268,10.4981404],[7.4467926,10.4980817],[7.4467108,10.4979868],[7.4466732,10.4979499],[7.4466383,10.4979327],[7.4465867,10.4979103],[7.4465478,10.4978826],[7.446517,10.4978338],[7.4464928,10.4977396],[7.4464462,10.4976153],[7.4464117,10.4975523],[7.4463594,10.4974943],[7.4463024,10.4974547],[7.4462199,10.4974363],[7.4461046,10.4974475],[7.4459484,10.4974634],[7.44589,10.4974686],[7.445833,10.4974659],[7.4457774,10.4974574],[7.4457183,10.4974363],[7.4456855,10.4974231],[7.4456365,10.4974152],[7.4455588,10.4974059],[7.4455018,10.4973855],[7.4454407,10.4973466],[7.4453958,10.4973084],[7.4453844,10.4972912],[7.4453797,10.4972774],[7.4453831,10.4972629],[7.4454052,10.4972167],[7.44542,10.4971692],[7.4454649,10.497038],[7.4454957,10.4969464],[7.4455232,10.4968804],[7.4455286,10.4968481],[7.4455299,10.4967578],[7.4455306,10.496715],[7.4455386,10.4966728],[7.4455588,10.4965917],[7.4455965,10.496476],[7.4456394,10.4963494],[7.4456949,10.4961802],[7.4456996,10.496138],[7.4456982,10.4961024],[7.4456888,10.4960609],[7.4456694,10.4960055],[7.4456292,10.4959574],[7.4456097,10.4959264],[7.4455956,10.4958967],[7.4455829,10.4958717],[7.4455628,10.4958427],[7.4455339,10.4958104],[7.445493,10.4957246],[7.4454763,10.4956573],[7.4454515,10.4955473],[7.4454287,10.4954365],[7.4454139,10.4952967],[7.4454166,10.4951761],[7.4454267,10.4951002],[7.4454403,10.4950392],[7.4452046,10.4947245],[7.444737,10.4938179],[7.445045,10.4934536],[7.4450324,10.493444],[7.4450297,10.4934334],[7.4450337,10.4934229],[7.445076,10.4934169],[7.4454219,10.4930077],[7.4454226,10.4930036],[7.4454381,10.4929759],[7.4454682,10.4929495],[7.4454726,10.4929477],[7.4454727,10.4929477],[7.4455398,10.4928683],[7.4455013,10.4928734],[7.4455011,10.4928796],[7.4454877,10.4928091],[7.4454883,10.4927695],[7.4454917,10.4927464],[7.445489,10.4927332],[7.4454729,10.4927194],[7.4454434,10.4927148],[7.4453576,10.4927233],[7.4452731,10.4927313],[7.4452282,10.4927299],[7.4451289,10.4927174],[7.4450894,10.4927148],[7.4450478,10.49272],[7.4449479,10.4927537],[7.4448996,10.4927792],[7.4448755,10.4927919],[7.4447849,10.4928229],[7.4447105,10.4928447],[7.444689,10.4928394],[7.4446817,10.4928249],[7.4446857,10.4928064],[7.4447159,10.4927451],[7.4447588,10.4927286],[7.4448211,10.4927135],[7.4448815,10.4927016],[7.4450029,10.4926686],[7.4451645,10.4926389],[7.4452604,10.4926185],[7.4453381,10.4926106],[7.4454012,10.4926159],[7.4454669,10.4926383],[7.4455199,10.492668],[7.445543,10.4926841],[7.4456145,10.4927506],[7.4456134,10.4927812],[7.4457794,10.4925848],[7.4457814,10.4925803],[7.4458216,10.4925183],[7.4458288,10.4924646],[7.4458216,10.4924154],[7.4458015,10.492364],[7.4457706,10.4923178],[7.4457291,10.4922915],[7.4457049,10.4922691],[7.4456982,10.4922203],[7.4456996,10.4921504],[7.4457331,10.4920304],[7.4457586,10.491946],[7.4457961,10.4918563],[7.4458686,10.4917073],[7.4459128,10.4915702],[7.4459484,10.4914713],[7.44606,10.4912857],[7.446122,10.4910862],[7.4461395,10.4909754],[7.4461368,10.4909095],[7.4461167,10.4908422],[7.4461032,10.4907869],[7.4460868,10.4907171],[7.4460275,10.4906389],[7.4459752,10.4905756],[7.4458961,10.4905037],[7.4458652,10.4905633],[7.4458344,10.4906003],[7.4457787,10.490624],[7.4457492,10.4906365],[7.4457083,10.4906352],[7.4456359,10.4906115],[7.4455943,10.4906055],[7.44555,10.4906069],[7.4455145,10.4906174],[7.445487,10.4906174],[7.4454488,10.4905983],[7.4453871,10.4905956],[7.4453214,10.490622],[7.4452651,10.4906491],[7.4451651,10.4907031],[7.4451209,10.4907262],[7.4450693,10.4907374],[7.4450116,10.4907203],[7.4449244,10.4906952],[7.4448714,10.4906741],[7.444803,10.490655],[7.4447212,10.4906543],[7.4446515,10.490657],[7.4445643,10.4906629],[7.4444919,10.4906622],[7.4444088,10.4906853],[7.4443705,10.4906992],[7.444282,10.4907334],[7.4442156,10.490775],[7.4441613,10.4908449],[7.4441352,10.4909069],[7.4440495,10.4911228],[7.443998,10.4912831],[7.4439682,10.4913552],[7.4439294,10.4914519],[7.4439038,10.4915003],[7.4438944,10.4915662],[7.4439079,10.4916546],[7.4439347,10.4917429],[7.4439467,10.4918088],[7.4439467,10.4918484],[7.4439186,10.4918998],[7.4438395,10.4919829],[7.4437749,10.4920511],[7.4435946,10.4922199],[7.4433285,10.4923803],[7.4431397,10.4924309],[7.4429251,10.4924815],[7.4426934,10.49249],[7.4425732,10.49249],[7.4425818,10.4925744],[7.4424445,10.4926081],[7.4423157,10.4924731],[7.4422385,10.4924478],[7.4421012,10.4924393],[7.4419209,10.492414],[7.4416806,10.4923465],[7.4414918,10.4923549],[7.4415004,10.4923887],[7.4413029,10.4923803],[7.4413287,10.492279],[7.4414574,10.4923128],[7.4416119,10.4921946],[7.4417836,10.4922115],[7.4420153,10.4922284],[7.4421784,10.4923128],[7.4423844,10.4923803],[7.4425308,10.4923883],[7.4426934,10.4923971],[7.4428994,10.4923634],[7.4432599,10.4922284],[7.4434315,10.4921271],[7.4436719,10.4919667],[7.4437483,10.4919328],[7.4438167,10.4918787],[7.4438354,10.4918313],[7.4438328,10.4917956],[7.443814,10.4917192],[7.4437979,10.4916532],[7.4437912,10.4915662],[7.443814,10.4914831],[7.4438475,10.4914185],[7.4438779,10.4913506],[7.4439122,10.4912072],[7.4439655,10.4910414],[7.4440753,10.4908274],[7.4441332,10.4907011],[7.4441954,10.4906164],[7.4443142,10.4905759],[7.4444,10.4905712],[7.4444798,10.4905739],[7.4445559,10.4905826],[7.4446072,10.4905811],[7.4446756,10.490562],[7.4447521,10.4905264],[7.4447963,10.4905073],[7.4448574,10.4904658],[7.4449251,10.4904031],[7.4449646,10.4903622],[7.4450156,10.4903306],[7.4450431,10.4903207],[7.4450733,10.4903207],[7.4451182,10.4903339],[7.4451618,10.4903477],[7.445196,10.4903655],[7.4452208,10.4903893],[7.4452463,10.4904038],[7.4453469,10.490477],[7.4454233,10.490504],[7.4455065,10.4905376],[7.445597,10.49056],[7.44565,10.4905726],[7.4456969,10.4905739],[7.4457465,10.4905647],[7.4457794,10.4905416],[7.4458102,10.4905014],[7.4458344,10.4904569],[7.4458277,10.4903712],[7.4458371,10.4902624],[7.4458418,10.4902064],[7.4458445,10.4901774],[7.4458418,10.4901352],[7.4458371,10.4900982],[7.4458405,10.490062],[7.4458512,10.4900369],[7.4458606,10.4900092],[7.4458586,10.4899914],[7.4458512,10.4899862],[7.4458418,10.4899862],[7.4458297,10.4899855],[7.4458083,10.4899875],[7.4457969,10.4899815],[7.4457996,10.4899644],[7.445813,10.4899486],[7.445818,10.4899327],[7.4458089,10.489907],[7.4457882,10.4898952],[7.4457674,10.4898873],[7.4457607,10.4898622],[7.4457573,10.4898259],[7.4457721,10.4897844],[7.4457836,10.4897639],[7.4458123,10.4897415],[7.4458244,10.4897237],[7.4458257,10.4896974],[7.4458237,10.4896864],[7.4458237,10.4896863],[7.4457038,10.4895368],[7.4456494,10.4894976],[7.4455622,10.4894508],[7.4455139,10.4894297],[7.4454891,10.4894073],[7.4454534,10.4893666],[7.445239,10.4893775],[7.4452182,10.4893901],[7.4451565,10.4894191],[7.4450982,10.4894317],[7.4450499,10.4894349],[7.4449962,10.4894409],[7.4448963,10.4894699],[7.4447937,10.4895055],[7.4447126,10.4895576],[7.4446476,10.4895873],[7.4446154,10.489613],[7.4445564,10.4896802],[7.4445255,10.4897125],[7.4445041,10.4897204],[7.4444906,10.4897152],[7.4444846,10.4897059],[7.4444913,10.4896809],[7.4445014,10.4896624],[7.4445101,10.4896426],[7.4445148,10.4896031],[7.4445188,10.4895747],[7.4445289,10.4895276],[7.4445322,10.4895052],[7.4445302,10.4894959],[7.4445242,10.4894926],[7.444503,10.489491],[7.4444652,10.4894969],[7.4443813,10.489524],[7.4443401,10.4895302],[7.4441301,10.4897281],[7.4441192,10.4897501],[7.4440897,10.4897831],[7.4440561,10.4898095],[7.4440025,10.4898582],[7.4438804,10.4900191],[7.4438456,10.4900732],[7.4437838,10.4901943],[7.4437269,10.4902967],[7.4436726,10.4903429],[7.4436297,10.4904009],[7.4435894,10.490453],[7.4435653,10.4904826],[7.4435452,10.4905183],[7.4435271,10.4905453],[7.4435096,10.4905545],[7.4434801,10.4905578],[7.4434573,10.4905479],[7.4434392,10.4905215],[7.4434278,10.4904945],[7.4434178,10.4904793],[7.4433943,10.4904754],[7.4433748,10.4904787],[7.4433588,10.4904932],[7.4433507,10.4905057],[7.4433474,10.4905183],[7.4433507,10.4905426],[7.4433554,10.4905783],[7.4433574,10.4906125],[7.4433474,10.4906495],[7.4433319,10.4906824],[7.4433138,10.4907029],[7.4432904,10.4907101],[7.4432743,10.4907068],[7.4432461,10.4906818],[7.443228,10.4906567],[7.4432146,10.4906066],[7.4432085,10.4905954],[7.4432005,10.4905954],[7.4431931,10.4906],[7.4431871,10.4906185],[7.443177,10.4906488],[7.4431663,10.4906989],[7.4431616,10.4907932],[7.4431643,10.4908532],[7.4431723,10.4908908],[7.4431683,10.4909099],[7.4431616,10.4909264],[7.4431066,10.4909778],[7.4430208,10.4910701],[7.4428773,10.4911888],[7.4427713,10.4912613],[7.4426614,10.4913418],[7.4425286,10.4913892],[7.4424307,10.4914169],[7.4423181,10.4914328],[7.4422269,10.4914486],[7.4420767,10.4914196],[7.4419372,10.4913879],[7.4418111,10.4913563],[7.4417065,10.4913642],[7.4415931,10.4913916],[7.4414007,10.4914143],[7.4412559,10.4914354],[7.4409126,10.4915936],[7.4407677,10.4918099],[7.4406497,10.4920947],[7.4406164,10.4923784],[7.4405116,10.4926912],[7.4404601,10.4929444],[7.4403399,10.4932904],[7.4402125,10.4935453],[7.4400811,10.4937273],[7.4399709,10.4938222],[7.4397477,10.4940416],[7.439491,10.4942864],[7.439263,10.494413],[7.4389667,10.4945564],[7.4387435,10.4946661],[7.4384517,10.4947758],[7.4381472,10.4949246],[7.4380748,10.4949879],[7.4380238,10.4950618],[7.4380989,10.4951198],[7.438276,10.4951462],[7.4386748,10.4950881],[7.4389237,10.4951556],[7.4390954,10.4951556],[7.4393271,10.4951303],[7.4395331,10.4950712],[7.4396876,10.4949953],[7.4398679,10.4948687],[7.440031,10.4948096],[7.4401597,10.4948771],[7.439988,10.4949278],[7.4398936,10.4949615],[7.4397431,10.4950644],[7.4396018,10.4951219],[7.4394645,10.4951978],[7.4394186,10.4952411],[7.4393032,10.4953031],[7.439255,10.4953123],[7.4391718,10.495311],[7.4390565,10.4953149],[7.4389653,10.4953255],[7.438913,10.4952991],[7.4388714,10.4952675],[7.4387226,10.4952464],[7.4386179,10.4952174],[7.4385214,10.4952305],[7.4384002,10.4952569],[7.4382572,10.4953004],[7.4381915,10.495311],[7.4381097,10.4952846],[7.4380252,10.4952332],[7.4379702,10.49522],[7.4379125,10.4952292],[7.4378414,10.4952437],[7.4377261,10.495253],[7.4376444,10.495269],[7.4374904,10.4952991],[7.4372165,10.495336],[7.4369965,10.4953466],[7.4368142,10.4953334],[7.4367149,10.4953466],[7.4365647,10.4953835],[7.4364279,10.4954389],[7.4362321,10.4955127],[7.4359478,10.4956051],[7.4356581,10.4956868],[7.435398,10.4957738],[7.435237,10.4958398],[7.4351002,10.4958714],[7.4349326,10.4958814],[7.4345879,10.495882],[7.4344471,10.4958266],[7.4343224,10.4957607],[7.4342245,10.4957211],[7.4341092,10.4956129],[7.4338905,10.4954652],[7.4337873,10.4954178],[7.4337329,10.4953178],[7.4336618,10.4953046],[7.4336323,10.4953455],[7.4336699,10.4954431],[7.4336538,10.495513],[7.4333541,10.4956182],[7.4331395,10.4955629],[7.4328056,10.4954785],[7.4326487,10.4954231],[7.4325669,10.4953624],[7.4324845,10.4952844],[7.4324274,10.4952503],[7.432359,10.4952266],[7.4322732,10.4952108],[7.432023,10.4952545],[7.4318966,10.4952743],[7.4317843,10.4952756],[7.4316703,10.4952704],[7.4314946,10.4952677],[7.4312974,10.4953033],[7.4312344,10.4953231],[7.4311727,10.4953297],[7.4310869,10.4953139],[7.4309428,10.495251],[7.4307798,10.4952004],[7.4305773,10.4951596],[7.4304458,10.4951266],[7.4303493,10.4951042],[7.4300958,10.4950304],[7.4299504,10.4949757],[7.4297807,10.4949631],[7.4295486,10.4949341],[7.4293864,10.4949209],[7.4292091,10.4948966],[7.4290645,10.4948721],[7.4289458,10.4948378],[7.4287936,10.4947917],[7.4286877,10.494797],[7.4286159,10.4948174],[7.4285093,10.4948537],[7.4284463,10.4948781],[7.4283678,10.4949024],[7.4282994,10.494917],[7.4282243,10.494915],[7.4281278,10.4949117],[7.4280419,10.494917],[7.4279152,10.4949466],[7.4278166,10.4949677],[7.4276825,10.4950066],[7.4276047,10.4950106],[7.4275068,10.4950238],[7.4274438,10.4950435],[7.4274103,10.495091],[7.4274062,10.4951359],[7.4273968,10.4951721],[7.4273881,10.4952361],[7.4273828,10.4953257],[7.4272969,10.495397],[7.4271843,10.4954314],[7.4270314,10.4954919],[7.4269187,10.4955684],[7.4266747,10.4956607],[7.4264359,10.4956871],[7.4262804,10.4957293],[7.4261758,10.4957635],[7.4259827,10.4957728],[7.4259089,10.4957569],[7.4258016,10.495695],[7.4256554,10.4956185],[7.4255414,10.4955948],[7.4254529,10.4955776],[7.4253067,10.495604],[7.4251954,10.4956541],[7.4251565,10.4956937],[7.4251136,10.4957161],[7.4250828,10.4957134],[7.425064,10.4956989],[7.4250144,10.4956791],[7.4249527,10.495666],[7.4247904,10.4956897],[7.4246965,10.4957306],[7.424604,10.4958097],[7.4245034,10.4958901],[7.4244404,10.4959244],[7.4243747,10.4959627],[7.4242795,10.4960128],[7.4242124,10.4960471],[7.4241534,10.4960668],[7.4241118,10.4960721],[7.4240769,10.4960787],[7.4240488,10.496113],[7.4239804,10.4962356],[7.4239294,10.4963451],[7.423865,10.4964796],[7.4237055,10.4966721],[7.4235593,10.4968422],[7.4233474,10.4970624],[7.4230926,10.4973393],[7.4229732,10.4974541],[7.4228472,10.4975807],[7.4226741,10.4978286],[7.4225105,10.4980857],[7.4223657,10.4983639],[7.4222383,10.4985947],[7.4221793,10.4987121],[7.4221578,10.4988611],[7.4221578,10.4989138],[7.4221632,10.4989916],[7.4221337,10.4991116],[7.4220841,10.4992408],[7.4220023,10.499312],[7.4219124,10.4994268],[7.4218735,10.499552],[7.4218132,10.4997472],[7.4217797,10.4998359],[7.4217729,10.499854],[7.421734,10.4999384],[7.4216777,10.5000439],[7.4215986,10.5001679],[7.4215329,10.5002364],[7.4214913,10.5002707],[7.4213907,10.5003235],[7.4212861,10.500396],[7.421215,10.5004527],[7.421148,10.5005569],[7.4210715,10.5006347],[7.4209549,10.5007481],[7.4208677,10.5008483],[7.4207738,10.5009551],[7.4207255,10.5010329],[7.4206652,10.5011436],[7.4206008,10.5012096],[7.4204761,10.5013177],[7.4203768,10.5013902],[7.420228,10.5015867],[7.4201046,10.5017397],[7.4199799,10.5018438],[7.4198659,10.5019137],[7.41978,10.5019718],[7.4196111,10.5021076],[7.4195065,10.5022078],[7.4194019,10.5022263],[7.4193375,10.5022447],[7.4192825,10.5022975],[7.4192463,10.50237],[7.4192114,10.5024702],[7.4191806,10.5025243],[7.4190894,10.5025744],[7.4189204,10.5026363],[7.4187756,10.5026904],[7.418616,10.5027287],[7.4184993,10.5027577],[7.4184824,10.5027609],[7.4184824,10.5049027],[7.4190148,10.5058561],[7.4188313,10.5069881],[7.4188056,10.5071461],[7.4188817,10.5082118],[7.4188957,10.5083142],[7.4190084,10.5091407],[7.419028,10.5092839]],[[7.4409735,10.4923879],[7.4410511,10.4920776],[7.4411689,10.4921617],[7.4411914,10.4921777],[7.4411999,10.4923128],[7.4410969,10.4923887],[7.4409735,10.4923879]],[[7.4411046,10.4940367],[7.4410102,10.4940367],[7.4409072,10.4940789],[7.4408127,10.4941717],[7.4407012,10.4941548],[7.4406497,10.4940114],[7.4407097,10.4938763],[7.4408385,10.4939607],[7.4409844,10.4939692],[7.4410874,10.4939523],[7.4411818,10.4939101],[7.4412591,10.4938426],[7.4413277,10.4938173],[7.4413792,10.4938257],[7.4414136,10.4936738],[7.4414651,10.4936316],[7.4416539,10.4936231],[7.4417826,10.4935725],[7.4419886,10.4935725],[7.442289,10.4935978],[7.442598,10.4935472],[7.442907,10.4935725],[7.4431817,10.4935641],[7.4434992,10.4934881],[7.4436967,10.4934966],[7.4438855,10.493505],[7.4440829,10.4935303],[7.4443061,10.4935725],[7.4441859,10.4936569],[7.4440571,10.4937329],[7.4438168,10.4938173],[7.4441945,10.4939354],[7.4440571,10.4939945],[7.4439112,10.4939607],[7.4437825,10.4939607],[7.4436537,10.4939607],[7.4435336,10.493851],[7.443319,10.4938763],[7.4431388,10.4938763],[7.44301,10.4938679],[7.4427868,10.4938848],[7.4425894,10.4938763],[7.4424264,10.4938848],[7.4422547,10.4939101],[7.4420315,10.493986],[7.4418427,10.4940536],[7.4416453,10.4941295],[7.4415251,10.4941295],[7.4413621,10.4940873],[7.4412676,10.4941717],[7.4411904,10.4942646],[7.4410702,10.494408],[7.4408986,10.4945093],[7.4409587,10.4943236],[7.4411046,10.4942561],[7.4411303,10.4941633],[7.4411046,10.4940367]],[[7.4457163,10.5231673],[7.4457335,10.5230323],[7.4458365,10.5230407],[7.4458966,10.5230829],[7.4458279,10.523218],[7.4457163,10.5231673]],[[7.4415353,10.5236228],[7.4415954,10.5236565],[7.4416297,10.5237325],[7.4415868,10.5237578],[7.4415095,10.5237325],[7.4415095,10.5236734],[7.4415353,10.5236228]],[[7.4424537,10.5239941],[7.4424794,10.5239097],[7.4426253,10.5238759],[7.4426682,10.5239434],[7.4426082,10.5240278],[7.4425309,10.5240278],[7.4424537,10.5239941]],[[7.4446681,10.5241729],[7.4447282,10.5241645],[7.4447711,10.5242067],[7.4447539,10.5242657],[7.4447024,10.5243079],[7.4446509,10.5242995],[7.4446252,10.524232],[7.4446681,10.5241729]],[[7.4441483,10.5244854],[7.4441998,10.5244094],[7.4442599,10.5244347],[7.4442856,10.5244769],[7.4442341,10.524536],[7.4441826,10.524536],[7.4441483,10.5244854]],[[7.445236,10.5257597],[7.4452961,10.5257935],[7.4452617,10.5258526],[7.4451931,10.5258948],[7.4451416,10.5259032],[7.4450986,10.5258779],[7.4450901,10.5257851],[7.445133,10.5257429],[7.445236,10.5257597]],[[7.4435703,10.5265005],[7.443639,10.5265511],[7.4436218,10.5266439],[7.4435789,10.5266946],[7.443536,10.526703],[7.4435017,10.5266439],[7.4434931,10.526568],[7.4435703,10.5265005]],[[7.4454769,10.5265869],[7.4455298,10.526552],[7.4455918,10.5265647],[7.4456267,10.5266176],[7.445614,10.5266796],[7.4455612,10.5267145],[7.4455038,10.5267017],[7.4454642,10.526649],[7.4454769,10.5265869]],[[7.4238223,10.5927961],[7.4237355,10.5927748],[7.4235816,10.5928471],[7.4234277,10.5930302],[7.4232699,10.5929869],[7.4230542,10.5930206],[7.4227738,10.5920093],[7.422816,10.5915858],[7.4230735,10.5915183],[7.4233653,10.5916871],[7.4237086,10.5916702],[7.4240519,10.5915605],[7.4243781,10.591434],[7.4248759,10.5917293],[7.4255797,10.5918136],[7.4261634,10.5920246],[7.4264809,10.5921089],[7.4269702,10.5924464],[7.427468,10.5926573],[7.4275367,10.5929948],[7.4271075,10.5929695],[7.4266269,10.5928261],[7.4262835,10.5929104],[7.4256655,10.5927417],[7.4251935,10.5927839],[7.4246965,10.5927452],[7.4242981,10.5927316],[7.4240706,10.5926339],[7.4239234,10.5926832],[7.4238633,10.5928337],[7.4238223,10.5927961]],[[7.4470885,10.5218422],[7.4470456,10.5217831],[7.4471228,10.5217325],[7.4472087,10.5217325],[7.4472173,10.5218],[7.4471572,10.5218338],[7.4470885,10.5218422]],[[7.4468044,10.5221488],[7.4468044,10.5222332],[7.4467529,10.522326],[7.4467529,10.5222163],[7.4467185,10.5220475],[7.4466585,10.5220813],[7.446667,10.5219884],[7.4466842,10.5219378],[7.44671,10.5218619],[7.44671,10.5217353],[7.4467014,10.5215749],[7.4467421,10.5215515],[7.4467644,10.5215805],[7.44677,10.5218281],[7.4467872,10.5220138],[7.4468044,10.5221488]],[[7.4473117,10.522011],[7.4473889,10.5220025],[7.4474576,10.5220363],[7.447449,10.5221038],[7.4473718,10.5221376],[7.4473117,10.5220954],[7.4473117,10.522011]],[[7.4465661,10.5225802],[7.446652,10.5225802],[7.4466863,10.5226393],[7.446652,10.5227068],[7.4466005,10.5227152],[7.446549,10.5226899],[7.4465318,10.5226393],[7.4465661,10.5225802]],[[7.4465637,10.5260555],[7.4466541,10.5260302],[7.4467302,10.5260851],[7.4467347,10.5261789],[7.4466643,10.5262409],[7.4465719,10.5262244],[7.4465271,10.526142],[7.4465637,10.5260555]],[[7.4547304,10.5468751],[7.4547733,10.5469005],[7.4547905,10.5471199],[7.4547132,10.5471452],[7.4546531,10.5471283],[7.4546274,10.5469005],[7.4547304,10.5468751]],[[7.4845245,10.5572257],[7.4845232,10.5573872],[7.4845191,10.5575078],[7.4844601,10.5575289],[7.4844661,10.5577142],[7.4830145,10.5576795],[7.4830172,10.5574506],[7.4828681,10.5574485],[7.4828734,10.557333],[7.4830188,10.5573367],[7.4830166,10.5570662],[7.4844801,10.5570609],[7.4844601,10.557165],[7.4845245,10.5572257]],[[7.4559487,10.5972623],[7.4560563,10.5976557],[7.4554823,10.5978074],[7.4553748,10.5974139],[7.4559487,10.5972623]],[[7.4545273,10.5979413],[7.4541153,10.5980341],[7.4540638,10.5978148],[7.4544758,10.5977304],[7.4545273,10.5979413]]],[[[7.4705757,10.5268324],[7.4705087,10.5268495],[7.4704255,10.5268442],[7.4703652,10.5268469],[7.4703263,10.5268587],[7.4702793,10.5268812],[7.4702579,10.5269247],[7.4702592,10.5269721],[7.4703008,10.5270816],[7.470337,10.5271805],[7.4703813,10.5272556],[7.470455,10.527307],[7.4705046,10.5273413],[7.4705341,10.5273809],[7.4705516,10.5274033],[7.4705771,10.5274059],[7.4706374,10.5273967],[7.4706709,10.5273782],[7.4707273,10.5273624],[7.4707554,10.5273532],[7.4708077,10.5273492],[7.4708627,10.5273664],[7.4709271,10.5274204],[7.4709901,10.5275207],[7.4710753,10.5276085],[7.4709015,10.5271392],[7.4707909,10.5268276],[7.4707541,10.5267862],[7.4707139,10.5267717],[7.4706803,10.5267691],[7.4706455,10.5267717],[7.4706213,10.5267941],[7.4705757,10.5268324]]],[[[7.4711376,10.5278912],[7.4710692,10.5277909],[7.4709888,10.5276881],[7.4708104,10.5275141],[7.4707286,10.5274692],[7.470624,10.5274587],[7.4705167,10.5274903],[7.4704725,10.5275365],[7.4704671,10.5276446],[7.4704792,10.5277514],[7.4705087,10.5278595],[7.4705784,10.5280072],[7.4706776,10.5282247],[7.470793,10.528528],[7.4708681,10.528706],[7.4709257,10.5288959],[7.4709553,10.5290541],[7.4709177,10.5292888],[7.4708346,10.5296369],[7.4707769,10.5299164],[7.4708104,10.5302038],[7.47086,10.5304267],[7.4709016,10.5305506],[7.4710156,10.5309],[7.4710411,10.5309844],[7.4711095,10.5311703],[7.4711296,10.5312283],[7.4711618,10.5312468],[7.4712409,10.5312718],[7.471257,10.5312811],[7.4712811,10.5312982],[7.4712972,10.5313312],[7.4712999,10.5313655],[7.4712999,10.5313852],[7.4713013,10.5314947],[7.4713039,10.5315804],[7.4713254,10.5316371],[7.4713576,10.5316714],[7.4714421,10.5317637],[7.4715279,10.5318151],[7.4715775,10.5318309],[7.4716365,10.5318678],[7.4716754,10.5319456],[7.4716982,10.532026],[7.4717666,10.5321289],[7.4718618,10.5322119],[7.4720415,10.5322871],[7.4721596,10.5323135],[7.472342,10.5323702],[7.4724586,10.5324321],[7.4725042,10.5324572],[7.472531,10.5324756],[7.4725659,10.5324862],[7.4726035,10.5324664],[7.4726283,10.532446],[7.4726316,10.5323992],[7.472643,10.5323893],[7.4726678,10.5323932],[7.4727175,10.5324124],[7.4728073,10.5324651],[7.4729301,10.532562],[7.4729542,10.5326194],[7.4730038,10.5326543],[7.4730467,10.5326688],[7.4731198,10.5326906],[7.4731654,10.532738],[7.4732311,10.5328527],[7.47327,10.5329279],[7.473325,10.5329675],[7.4733451,10.5329872],[7.4733625,10.5329899],[7.47338,10.532982],[7.4734054,10.5329595],[7.4734189,10.5329424],[7.4734202,10.5329002],[7.4734014,10.5328567],[7.4733692,10.5328409],[7.4733223,10.5327947],[7.4732734,10.5326042],[7.4732351,10.5325192],[7.4731989,10.5324743],[7.4731748,10.5324335],[7.4731426,10.5324058],[7.4730916,10.5323847],[7.4730809,10.5323517],[7.4731171,10.5323122],[7.4731627,10.5322752],[7.4731976,10.5322528],[7.473219,10.5322106],[7.4732231,10.5321698],[7.4732204,10.5321342],[7.4732076,10.5321256],[7.4731641,10.5321407],[7.4731386,10.5321579],[7.4731091,10.5321763],[7.4730594,10.5321856],[7.4730273,10.5321711],[7.4730125,10.5321394],[7.4729978,10.5320893],[7.4729736,10.5320603],[7.4729334,10.5320366],[7.4729002,10.5320341],[7.4728876,10.5320353],[7.4728663,10.5320445],[7.4728442,10.5320498],[7.4728261,10.5320445],[7.4727631,10.5319608],[7.4726413,10.53185],[7.4725203,10.5317544],[7.472464,10.5316911],[7.4724412,10.531616],[7.472355,10.531465],[7.4722642,10.5313391],[7.4721998,10.5312125],[7.4721569,10.5311334],[7.4720885,10.5310569],[7.4720268,10.530987],[7.471945,10.5309185],[7.4718846,10.5308605],[7.4718162,10.5307444],[7.4717733,10.5306245],[7.4717237,10.5304873],[7.4717113,10.5302836],[7.4717063,10.5301854],[7.4716768,10.5300535],[7.4716271,10.52989],[7.4715681,10.5297331],[7.4715145,10.5296026],[7.4714984,10.5295195],[7.471489,10.5294141],[7.4714796,10.5293323],[7.4714421,10.5292281],[7.4714109,10.52906],[7.4713898,10.5288761],[7.471379,10.5287047],[7.4713508,10.5285706],[7.4713039,10.5283764],[7.4712785,10.5283012],[7.4712135,10.5280305],[7.4711376,10.5278912]]],[[[7.4715158,10.5289302],[7.4715266,10.5289908],[7.4715547,10.5291424],[7.4716017,10.5293059],[7.4716104,10.5294497],[7.4716218,10.5295466],[7.4716613,10.5296764],[7.4717277,10.5298109],[7.4717814,10.5299837],[7.4718229,10.5301168],[7.4718538,10.5303357],[7.4718585,10.5304445],[7.4718887,10.5305216],[7.4719705,10.5306442],[7.472055,10.5308196],[7.4721059,10.5308974],[7.4721743,10.5309857],[7.4723272,10.5311848],[7.4723969,10.5313114],[7.4724586,10.5314195],[7.4725083,10.5315421],[7.4725257,10.5315843],[7.4725451,10.5316054],[7.4725659,10.5316114],[7.4725901,10.5316008],[7.4726041,10.531583],[7.4726283,10.5315507],[7.4726323,10.5315276],[7.4726229,10.5315138],[7.4725974,10.5315085],[7.4725746,10.5314828],[7.4725579,10.5314419],[7.4725525,10.5313984],[7.4725505,10.5313701],[7.4725378,10.5313226],[7.472517,10.5312593],[7.4724922,10.5312099],[7.4724707,10.5311664],[7.4723969,10.5310774],[7.4723037,10.5309818],[7.4722347,10.5308578],[7.4721777,10.5307886],[7.4721287,10.5307121],[7.4721039,10.5306614],[7.4720932,10.5306179],[7.4720731,10.5305836],[7.4720342,10.5305533],[7.4720047,10.5304847],[7.4719899,10.5304076],[7.4719805,10.5303502],[7.4719872,10.5303192],[7.472002,10.5302909],[7.4720114,10.5302698],[7.4720134,10.5302467],[7.4719611,10.530157],[7.4719155,10.530074],[7.4718934,10.5300034],[7.471882,10.5299164],[7.4719101,10.529836],[7.4719557,10.5297753],[7.4719825,10.5297265],[7.4720027,10.5296909],[7.4720174,10.5296593],[7.4720147,10.5296316],[7.4719892,10.5295934],[7.4719638,10.5295485],[7.4718873,10.5293613],[7.4718715,10.5293136],[7.4716811,10.5289708],[7.471658,10.5289473],[7.4716218,10.5288959],[7.4715802,10.5288688],[7.4715467,10.5288636],[7.4715266,10.5288833],[7.4715158,10.5289302]]],[[[7.4721555,10.5303779],[7.4722253,10.5304755],[7.4722964,10.5306231],[7.4723554,10.5307932],[7.4723795,10.5308618],[7.4724533,10.5309805],[7.4725055,10.531082],[7.4725525,10.5311597],[7.4725914,10.5312626],[7.4726075,10.531318],[7.4726209,10.5313457],[7.472636,10.53135],[7.4726477,10.531347],[7.4726548,10.5313289],[7.4726598,10.5313065],[7.4726692,10.5311901],[7.4726839,10.53114],[7.4727134,10.531082],[7.4727148,10.5310306],[7.4726973,10.5309712],[7.4726638,10.5309],[7.4726343,10.530842],[7.4726125,10.5307308],[7.4725552,10.5305849],[7.4725166,10.5304747],[7.4721285,10.5297761],[7.472126,10.5297859],[7.4721006,10.5298637],[7.4720912,10.5299441],[7.4720992,10.53013],[7.4721166,10.5302658],[7.4721555,10.5303779]]],[[[7.4712416,10.5315863],[7.4712322,10.5315112],[7.4711846,10.531434],[7.4710981,10.5313701],[7.4710257,10.5313226],[7.4709848,10.5313154],[7.470964,10.5313318],[7.4709566,10.531347],[7.4709613,10.5313641],[7.4709868,10.5313773],[7.4710257,10.5314024],[7.4710491,10.5314202],[7.4710746,10.5314452],[7.4711162,10.5315257],[7.4711551,10.531612],[7.4711725,10.5316522],[7.4711869,10.5316674],[7.4712027,10.531676],[7.4712262,10.5316766],[7.4712389,10.5316325],[7.4712416,10.5315863]]],[[[7.4716406,10.5320339],[7.4716466,10.5320122],[7.4716325,10.5319838],[7.471599,10.5319469],[7.4715346,10.5319113],[7.471479,10.5318988],[7.4714655,10.5318981],[7.4714548,10.5319074],[7.4714548,10.5319212],[7.4714689,10.531939],[7.4715091,10.5319805],[7.4715701,10.53203],[7.4715842,10.5320432],[7.4716097,10.5320452],[7.4716318,10.5320405],[7.4716406,10.5320339]]],[[[7.4750818,10.5389574],[7.4750698,10.538902],[7.4750577,10.538869],[7.4750403,10.5388519],[7.4750228,10.5388578],[7.475,10.5388783],[7.4749652,10.538931],[7.4749517,10.5389785],[7.4749437,10.539047],[7.4749504,10.5391334],[7.4749564,10.5392481],[7.474945,10.5393569],[7.4749484,10.5393944],[7.4749799,10.5395059],[7.4749967,10.5395751],[7.4750275,10.5396799],[7.4750282,10.5397544],[7.4750228,10.5398355],[7.4750154,10.539968],[7.4750188,10.5400623],[7.4750295,10.5401361],[7.4750275,10.5402033],[7.4750396,10.5402317],[7.475053,10.540229],[7.4750651,10.5402172],[7.4751019,10.5401321],[7.4751201,10.5400728],[7.4751261,10.53997],[7.475118,10.5398691],[7.475112,10.5397827],[7.4751033,10.539674],[7.4751107,10.5396041],[7.475106,10.539548],[7.4750885,10.5394623],[7.4750865,10.5393958],[7.4750718,10.5392527],[7.4750778,10.5391578],[7.4750865,10.5390991],[7.4750899,10.5390437],[7.4750818,10.5389574]]],[[[7.4749464,10.5410472],[7.4749417,10.5410847],[7.4749484,10.5411421],[7.4750034,10.5412667],[7.4751113,10.5414506],[7.4752052,10.5416563],[7.475291,10.5418725],[7.4754064,10.5420228],[7.4755459,10.5421771],[7.4756424,10.5423076],[7.4757618,10.5424144],[7.4758473,10.5424856],[7.4758795,10.5425093],[7.4758926,10.5425139],[7.4755237,10.5421253],[7.4750598,10.5411447],[7.4750597,10.5411446],[7.4750034,10.5410887],[7.4749652,10.5410485],[7.4749544,10.5410425],[7.4749464,10.5410472]]],[[[7.4762344,10.5428722],[7.4761892,10.5428263],[7.4760772,10.5427083],[7.476081,10.5427493],[7.4760944,10.5427849],[7.4761292,10.5428324],[7.4761775,10.5428614],[7.4762344,10.5428722]]],[[[7.4766948,10.5433466],[7.4767086,10.5433763],[7.4767321,10.5434079],[7.4767683,10.5434395],[7.4768139,10.5434603],[7.4766949,10.5433395],[7.4766948,10.5433466]]],[[[7.4867682,10.5563793],[7.4867293,10.5562896],[7.4867065,10.5562066],[7.4867012,10.5561611],[7.4866911,10.5561387],[7.486677,10.5561288],[7.4866596,10.5561327],[7.4866475,10.5561499],[7.4866529,10.5562184],[7.486677,10.556312],[7.4867186,10.5563964],[7.4867612,10.5564581],[7.4867742,10.556466],[7.486782,10.5564653],[7.4867853,10.55646],[7.4867843,10.5564333],[7.4867682,10.5563793]]],[[[7.4870713,10.5612514],[7.4870659,10.5612349],[7.4870532,10.561231],[7.4870237,10.5612363],[7.4870016,10.5612521],[7.4869788,10.5612758],[7.4869506,10.5613259],[7.4869251,10.561376],[7.4869157,10.5614142],[7.4869211,10.5614419],[7.4869312,10.5614597],[7.486956,10.5614861],[7.4869882,10.5614887],[7.4870063,10.5614736],[7.4870217,10.5614505],[7.4870458,10.5613707],[7.4870673,10.5612923],[7.4870713,10.5612514]]],[[[7.487135,10.5614274],[7.4871263,10.5614103],[7.4871229,10.5613826],[7.4871236,10.5613404],[7.4871223,10.5613061],[7.4871149,10.5612956],[7.4871028,10.5612949],[7.4870894,10.5613101],[7.48707,10.5613668],[7.4870519,10.5614525],[7.4870398,10.5615171],[7.4870297,10.5615711],[7.4870338,10.5616726],[7.4870505,10.56173],[7.4870566,10.5617669],[7.4870592,10.5618262],[7.4870539,10.5619126],[7.4870519,10.5619264],[7.4870405,10.5619699],[7.4870485,10.5619877],[7.4870626,10.561991],[7.4870827,10.5619844],[7.4870908,10.561968],[7.4871001,10.5619479],[7.4871089,10.5619347],[7.4871196,10.561931],[7.4871303,10.5619366],[7.4871397,10.5619455],[7.4871531,10.5619518],[7.4871615,10.5619502],[7.4871682,10.5619462],[7.4871712,10.5619437],[7.4871743,10.5619392],[7.4872077,10.5612997],[7.487192,10.561343],[7.4871786,10.561374],[7.4871618,10.5614175],[7.4871545,10.5614307],[7.4871451,10.561434],[7.487135,10.5614274]]],[[[7.4868822,10.561757],[7.4868802,10.5618183],[7.4868768,10.5618816],[7.4868628,10.5619851],[7.4868487,10.5620642],[7.4868225,10.5621301],[7.4867843,10.5621967],[7.4867608,10.562233],[7.4867515,10.5622606],[7.4867595,10.5622738],[7.4867749,10.5622758],[7.4867991,10.5622633],[7.4868353,10.5622369],[7.4868701,10.5621908],[7.4869251,10.5621209],[7.4869452,10.5620892],[7.4869546,10.5620655],[7.4869573,10.5620365],[7.4869493,10.5619825],[7.4869493,10.5619139],[7.4869613,10.561819],[7.486964,10.5616476],[7.4869553,10.561585],[7.4869426,10.5615738],[7.4869278,10.5615705],[7.486911,10.5615771],[7.4869023,10.5615876],[7.4868949,10.56161],[7.4868936,10.5616337],[7.4868889,10.5616812],[7.4868822,10.561757]]],[[[7.487133,10.5623094],[7.4871162,10.5623767],[7.4870918,10.5624832],[7.4871504,10.562398],[7.4871574,10.5622635],[7.487133,10.5623094]]],[[[7.4869144,10.5624406],[7.486905,10.5624511],[7.4868882,10.5624841],[7.4868795,10.5625138],[7.4868701,10.5625395],[7.4868621,10.5625665],[7.4868433,10.5625988],[7.4868406,10.5626117],[7.48685,10.5626229],[7.4868651,10.5626281],[7.4868889,10.5626245],[7.486901,10.5626159],[7.4869124,10.5625995],[7.4869332,10.5625487],[7.4869473,10.5624973],[7.4869513,10.5624617],[7.4869506,10.5624465],[7.4869442,10.5624386],[7.4869234,10.5624353],[7.4869144,10.5624406]]],[[[7.4865335,10.5630662],[7.4865275,10.5630503],[7.4865154,10.5630431],[7.486498,10.5630438],[7.4864779,10.5630556],[7.4864638,10.5630754],[7.4864464,10.5631018],[7.4864289,10.563136],[7.4864128,10.5631697],[7.4864135,10.5631875],[7.4864249,10.5632059],[7.4864423,10.5632178],[7.4864691,10.5632125],[7.486504,10.5631914],[7.4865282,10.56314],[7.4865349,10.5631018],[7.4865335,10.5630662]]],[[[7.4752971,10.5672461],[7.4752401,10.5672388],[7.4752025,10.5672362],[7.475171,10.5672388],[7.4751422,10.5672533],[7.4751107,10.5672731],[7.4750932,10.5672896],[7.4750825,10.5673192],[7.4750859,10.567335],[7.4750946,10.5673528],[7.475108,10.5673733],[7.4751247,10.5673898],[7.4751436,10.5673937],[7.4751925,10.5673812],[7.4752474,10.5673549],[7.4752763,10.5673304],[7.4752984,10.567314],[7.4753219,10.5672876],[7.4753232,10.5672665],[7.4753098,10.5672513],[7.4752971,10.5672461]]],[[[7.4769976,10.5675934],[7.4769909,10.5676059],[7.4771169,10.5675992],[7.4771042,10.5675822],[7.4770947,10.5675781],[7.4770814,10.5675743],[7.477062,10.5675705],[7.4770338,10.5675737],[7.4769976,10.5675934]]],[[[7.4761768,10.5675697],[7.4761547,10.5675862],[7.4761373,10.5676251],[7.4761309,10.567652],[7.4763345,10.5676411],[7.4763096,10.5676231],[7.4762808,10.5675987],[7.4762566,10.5675796],[7.4762305,10.5675585],[7.4762137,10.567548],[7.476199,10.5675493],[7.4761768,10.5675697]]],[[[7.4709512,10.5733322],[7.4709143,10.5733889],[7.4709083,10.5734219],[7.470907,10.5734574],[7.470917,10.5735036],[7.4709251,10.573551],[7.4709345,10.5736097],[7.4709593,10.5736644],[7.4709901,10.5737593],[7.4710035,10.573874],[7.4710059,10.5738997],[7.4713409,10.5722203],[7.4712892,10.5723263],[7.4711041,10.572731],[7.4710411,10.572884],[7.4710102,10.5729657],[7.4709794,10.5731582],[7.470966,10.5732571],[7.4709512,10.5733322]]],[[[7.470799,10.5741541],[7.4707729,10.5742003],[7.470732,10.5742867],[7.4707051,10.5743823],[7.4706884,10.5744343],[7.4706662,10.5744884],[7.4706528,10.5745246],[7.4706535,10.5745418],[7.4706596,10.5745523],[7.4706736,10.5745563],[7.4706904,10.574549],[7.4707205,10.5745161],[7.4707635,10.574437],[7.4708124,10.5743387],[7.4708419,10.5742735],[7.4708701,10.5742313],[7.4708983,10.5741977],[7.4709238,10.574168],[7.4709445,10.5741298],[7.4709613,10.5740718],[7.4709673,10.5740322],[7.4709767,10.5739835],[7.4709807,10.5739347],[7.4709807,10.5738793],[7.4709761,10.5738213],[7.4709606,10.5738022],[7.4709418,10.5737923],[7.4709231,10.5738002],[7.4709116,10.5738068],[7.4708983,10.5738371],[7.4708969,10.5738642],[7.4708989,10.5739228],[7.4708956,10.5739709],[7.4708949,10.5739986],[7.4708889,10.574023],[7.4708829,10.5740414],[7.470852,10.5740876],[7.4708238,10.5741298],[7.470799,10.5741541]]],[[[7.470333,10.5748101],[7.4703222,10.5748391],[7.4702887,10.5749393],[7.4702646,10.5750065],[7.4702257,10.5751383],[7.4702136,10.5752069],[7.4702156,10.5752346],[7.4702304,10.575255],[7.4702552,10.5752609],[7.470282,10.5752497],[7.4703142,10.5752161],[7.4704631,10.5749274],[7.470514,10.5747784],[7.4705194,10.574727],[7.4705274,10.5746716],[7.4705489,10.5746123],[7.4705744,10.574578],[7.4706307,10.5745147],[7.470675,10.5743987],[7.470742,10.5741693],[7.4707715,10.5740902],[7.470797,10.573998],[7.4707903,10.5739281],[7.4707608,10.5737936],[7.4707259,10.5736684],[7.4707152,10.5736341],[7.4707038,10.5736169],[7.4706851,10.573613],[7.4706643,10.5736242],[7.470616,10.5736796],[7.470563,10.5737633],[7.4705301,10.5738239],[7.4704577,10.5741179],[7.4704483,10.5742274],[7.4704376,10.5743196],[7.4704456,10.5744211],[7.4704416,10.5744765],[7.4704282,10.5745517],[7.4704108,10.5745925],[7.4703839,10.57464],[7.4703652,10.5746716],[7.4703464,10.5747112],[7.470341,10.5747626],[7.470333,10.5748101]]],[[[7.4705918,10.5747705],[7.4705234,10.5749406],[7.4704872,10.5750381],[7.4704416,10.5752108],[7.4704282,10.5753295],[7.4704027,10.5755246],[7.4703652,10.5757131],[7.470341,10.5758489],[7.4703343,10.575899],[7.4703383,10.5759359],[7.4703524,10.5759675],[7.4703712,10.5759933],[7.4703933,10.576011],[7.4704155,10.5760242],[7.4704248,10.5760335],[7.4704275,10.5760513],[7.4704242,10.5760783],[7.4704161,10.5761145],[7.4703927,10.5762398],[7.470386,10.5763143],[7.4703799,10.5763907],[7.4703779,10.5764421],[7.4703779,10.5764889],[7.4704,10.5765562],[7.4704255,10.5765779],[7.4704504,10.5765829],[7.4708775,10.5745434],[7.4709428,10.5742159],[7.4709284,10.5742564],[7.470856,10.574404],[7.4707782,10.5745055],[7.4707273,10.5745569],[7.470675,10.5746334],[7.4705918,10.5747705]]],[[[7.4705355,10.5777196],[7.47059,10.5778864],[7.4705167,10.577554],[7.4705127,10.5776102],[7.4705355,10.5777196]]],[[[7.4702807,10.5778211],[7.470276,10.5778448],[7.4702693,10.5778804],[7.4702606,10.5779397],[7.4702545,10.5779951],[7.4702532,10.5780841],[7.4702585,10.5781454],[7.4702921,10.5782146],[7.4703296,10.5782713],[7.4703591,10.5783188],[7.4703893,10.5783451],[7.4704034,10.5783497],[7.4704222,10.5783445],[7.4704403,10.5783188],[7.470451,10.5782074],[7.4704322,10.5781335],[7.4704148,10.5780017],[7.4703772,10.5778606],[7.4703632,10.5778211],[7.470331,10.5777545],[7.4703196,10.577746],[7.4703088,10.5777466],[7.4703008,10.5777539],[7.4702921,10.5777664],[7.4702887,10.5777842],[7.4702807,10.5778211]]],[[[7.4707876,10.5784855],[7.4708815,10.578616],[7.4709308,10.5786728],[7.4707296,10.5783881],[7.4707326,10.5783959],[7.4707876,10.5784855]]]]}},{"type":"Feature","properties":{"kind":"water","id":"water:kaduna-north","localUnitId":"kaduna-north","name":"Mapped water in Kaduna North"},"geometry":{"type":"MultiPolygon","coordinates":[[[[7.4456494,10.4894976],[7.4457038,10.4895368],[7.4455629,10.489361],[7.4454534,10.4893666],[7.4454891,10.4894073],[7.4455139,10.4894297],[7.4455622,10.4894508],[7.4456494,10.4894976]]],[[[7.4445242,10.4894926],[7.4445302,10.4894959],[7.4445322,10.4895052],[7.4445289,10.4895276],[7.4445188,10.4895747],[7.4445148,10.4896031],[7.4445101,10.4896426],[7.4445014,10.4896624],[7.4444913,10.4896809],[7.4444846,10.4897059],[7.4444906,10.4897152],[7.4445041,10.4897204],[7.4445255,10.4897125],[7.4445564,10.4896802],[7.4446154,10.489613],[7.4446476,10.4895873],[7.4447126,10.4895576],[7.4447937,10.4895055],[7.4448963,10.4894699],[7.4449962,10.4894409],[7.4450499,10.4894349],[7.4450982,10.4894317],[7.4451565,10.4894191],[7.4452182,10.4893901],[7.445239,10.4893775],[7.4444601,10.4894171],[7.4443401,10.4895302],[7.4443813,10.489524],[7.4444652,10.4894969],[7.444503,10.489491],[7.4445242,10.4894926]]],[[[7.4458672,10.4921253],[7.4458806,10.4920291],[7.445894,10.4919315],[7.4459141,10.4918721],[7.4459423,10.4918352],[7.4459758,10.491826],[7.4460342,10.4918258],[7.4460804,10.4918405],[7.4461032,10.4918411],[7.4461254,10.4918392],[7.4461425,10.4918296],[7.4461639,10.4918105],[7.4461958,10.4917904],[7.4462286,10.4917745],[7.4462528,10.4917594],[7.4462689,10.4917416],[7.4462736,10.4917231],[7.4462843,10.4917053],[7.446295,10.4916935],[7.4463051,10.4916882],[7.4463285,10.4916869],[7.4463413,10.4916954],[7.446348,10.4917132],[7.446348,10.4917389],[7.4463487,10.4917614],[7.4463567,10.4918062],[7.4463654,10.4918741],[7.4463612,10.4918966],[7.4470376,10.4910965],[7.4465527,10.4905777],[7.4460008,10.4899073],[7.4458237,10.4896864],[7.4458257,10.4896974],[7.4458244,10.4897237],[7.4458123,10.4897415],[7.4457836,10.4897639],[7.4457721,10.4897844],[7.4457573,10.4898259],[7.4457607,10.4898622],[7.4457674,10.4898873],[7.4457882,10.4898952],[7.4458089,10.489907],[7.445818,10.4899327],[7.445813,10.4899486],[7.4457996,10.4899644],[7.4457969,10.4899815],[7.4458083,10.4899875],[7.4458297,10.4899855],[7.4458418,10.4899862],[7.4458512,10.4899862],[7.4458586,10.4899914],[7.4458606,10.4900092],[7.4458512,10.4900369],[7.4458405,10.490062],[7.4458371,10.4900982],[7.4458418,10.4901352],[7.4458445,10.4901774],[7.4458418,10.4902064],[7.4458371,10.4902624],[7.4458277,10.4903712],[7.4458344,10.4904569],[7.4458102,10.4905014],[7.4457794,10.4905416],[7.4457465,10.4905647],[7.4456969,10.4905739],[7.44565,10.4905726],[7.445597,10.49056],[7.4455065,10.4905376],[7.4454233,10.490504],[7.4453469,10.490477],[7.4452463,10.4904038],[7.4452208,10.4903893],[7.445196,10.4903655],[7.4451618,10.4903477],[7.4451182,10.4903339],[7.4450733,10.4903207],[7.4450431,10.4903207],[7.4450156,10.4903306],[7.4449646,10.4903622],[7.4449251,10.4904031],[7.4448574,10.4904658],[7.4447963,10.4905073],[7.4447521,10.4905264],[7.4446756,10.490562],[7.4446072,10.4905811],[7.4445559,10.4905826],[7.4444798,10.4905739],[7.4444,10.4905712],[7.4443142,10.4905759],[7.4441954,10.4906164],[7.4441332,10.4907011],[7.4440753,10.4908274],[7.4439655,10.4910414],[7.4439122,10.4912072],[7.4438779,10.4913506],[7.4438475,10.4914185],[7.443814,10.4914831],[7.4437912,10.4915662],[7.4437979,10.4916532],[7.443814,10.4917192],[7.4438328,10.4917956],[7.4438354,10.4918313],[7.4438167,10.4918787],[7.4437483,10.4919328],[7.4436719,10.4919667],[7.4434315,10.4921271],[7.4432599,10.4922284],[7.4428994,10.4923634],[7.4426934,10.4923971],[7.4425308,10.4923883],[7.4423844,10.4923803],[7.4421784,10.4923128],[7.4420153,10.4922284],[7.4417836,10.4922115],[7.4416119,10.4921946],[7.4414574,10.4923128],[7.4413287,10.492279],[7.4413029,10.4923803],[7.4415004,10.4923887],[7.4414918,10.4923549],[7.4416806,10.4923465],[7.4419209,10.492414],[7.4421012,10.4924393],[7.4422385,10.4924478],[7.4423157,10.4924731],[7.4424445,10.4926081],[7.4425818,10.4925744],[7.4425732,10.49249],[7.4426934,10.49249],[7.4429251,10.4924815],[7.4431397,10.4924309],[7.4433285,10.4923803],[7.4435946,10.4922199],[7.4437749,10.4920511],[7.4438395,10.4919829],[7.4439186,10.4918998],[7.4439467,10.4918484],[7.4439467,10.4918088],[7.4439347,10.4917429],[7.4439079,10.4916546],[7.4438944,10.4915662],[7.4439038,10.4915003],[7.4439294,10.4914519],[7.4439682,10.4913552],[7.443998,10.4912831],[7.4440495,10.4911228],[7.4441352,10.4909069],[7.4441613,10.4908449],[7.4442156,10.490775],[7.444282,10.4907334],[7.4443705,10.4906992],[7.4444088,10.4906853],[7.4444919,10.4906622],[7.4445643,10.4906629],[7.4446515,10.490657],[7.4447212,10.4906543],[7.444803,10.490655],[7.4448714,10.4906741],[7.4449244,10.4906952],[7.4450116,10.4907203],[7.4450693,10.4907374],[7.4451209,10.4907262],[7.4451651,10.4907031],[7.4452651,10.4906491],[7.4453214,10.490622],[7.4453871,10.4905956],[7.4454488,10.4905983],[7.445487,10.4906174],[7.4455145,10.4906174],[7.44555,10.4906069],[7.4455943,10.4906055],[7.4456359,10.4906115],[7.4457083,10.4906352],[7.4457492,10.4906365],[7.4457787,10.490624],[7.4458344,10.4906003],[7.4458652,10.4905633],[7.4458961,10.4905037],[7.4459752,10.4905756],[7.4460275,10.4906389],[7.4460868,10.4907171],[7.4461032,10.4907869],[7.4461167,10.4908422],[7.4461368,10.4909095],[7.4461395,10.4909754],[7.446122,10.4910862],[7.44606,10.4912857],[7.4459484,10.4914713],[7.4459128,10.4915702],[7.4458686,10.4917073],[7.4457961,10.4918563],[7.4457586,10.491946],[7.4457331,10.4920304],[7.4456996,10.4921504],[7.4456982,10.4922203],[7.4457049,10.4922691],[7.4457291,10.4922915],[7.4457706,10.4923178],[7.4458015,10.492364],[7.4458216,10.4924154],[7.4458288,10.4924646],[7.4458216,10.4925183],[7.4457814,10.4925803],[7.4457794,10.4925848],[7.4459204,10.4924181],[7.4459316,10.4924048],[7.4459155,10.4923432],[7.4458954,10.4922664],[7.4458753,10.4922071],[7.4458672,10.4921253]],[[7.4453844,10.4905304],[7.4453817,10.4905429],[7.4453536,10.4905607],[7.4453194,10.4905739],[7.4452879,10.4905937],[7.4452731,10.4906121],[7.4452469,10.4906319],[7.4452101,10.4906398],[7.4451792,10.4906497],[7.445137,10.4906721],[7.4451035,10.4906893],[7.4450518,10.4906965],[7.4449948,10.4906787],[7.4449445,10.4906603],[7.4448936,10.4906319],[7.4448614,10.4906121],[7.444846,10.490591],[7.444852,10.4905574],[7.4448735,10.4905297],[7.4449103,10.4904967],[7.4449546,10.4904836],[7.4450108,10.4904898],[7.4450444,10.4905027],[7.4450679,10.4905112],[7.4450907,10.4905106],[7.4451477,10.4904994],[7.4451946,10.4904822],[7.4452054,10.4904737],[7.4452128,10.4904526],[7.4452148,10.4904391],[7.4452188,10.4904275],[7.4452369,10.4904216],[7.4452651,10.4904321],[7.4452778,10.4904447],[7.4453174,10.4904901],[7.4453536,10.4905086],[7.4453784,10.4905178],[7.4453844,10.4905304]],[[7.4462789,10.4908923],[7.4462669,10.4909873],[7.4462648,10.4910565],[7.4462783,10.4910921],[7.4462997,10.4911211],[7.4463212,10.4911739],[7.4463406,10.4912365],[7.4463641,10.4913295],[7.4463835,10.4914317],[7.4463862,10.4914831],[7.4463748,10.4915227],[7.446354,10.4915556],[7.4463037,10.4915926],[7.4462615,10.49164],[7.4462387,10.491677],[7.4462192,10.4916928],[7.446169,10.4917113],[7.4460972,10.4917264],[7.4460536,10.4917284],[7.4460348,10.4917297],[7.4460201,10.4917231],[7.4460087,10.4917106],[7.4460017,10.4916984],[7.4459953,10.4916925],[7.4459815,10.4916902],[7.4459661,10.4916911],[7.4459383,10.4916987],[7.4459175,10.4917073],[7.4459021,10.491706],[7.4458907,10.4916928],[7.4458913,10.4916737],[7.4459108,10.491644],[7.445951,10.491611],[7.4459879,10.4915833],[7.4460067,10.4915629],[7.4460241,10.4915003],[7.446055,10.491433],[7.4460992,10.4913776],[7.446118,10.4913302],[7.4461435,10.491255],[7.446173,10.4911719],[7.4461958,10.4910282],[7.4462119,10.4908831],[7.4462213,10.4908449],[7.4462293,10.4908172],[7.4462327,10.4908053],[7.44624,10.4907961],[7.4462555,10.4907934],[7.4462682,10.490802],[7.4462756,10.4908238],[7.4462789,10.4908923]]],[[[7.4411999,10.4923128],[7.4411914,10.4921777],[7.4411689,10.4921617],[7.4410511,10.4920776],[7.4409735,10.4923879],[7.4410969,10.4923887],[7.4411999,10.4923128]]],[[[7.4454012,10.4926159],[7.4453381,10.4926106],[7.4452604,10.4926185],[7.4451645,10.4926389],[7.4450029,10.4926686],[7.4448815,10.4927016],[7.4448211,10.4927135],[7.4447588,10.4927286],[7.4447159,10.4927451],[7.4446857,10.4928064],[7.4446817,10.4928249],[7.444689,10.4928394],[7.4447105,10.4928447],[7.4447849,10.4928229],[7.4448755,10.4927919],[7.4448996,10.4927792],[7.4449479,10.4927537],[7.4450478,10.49272],[7.4450894,10.4927148],[7.4451289,10.4927174],[7.4452282,10.4927299],[7.4452731,10.4927313],[7.4453576,10.4927233],[7.4454434,10.4927148],[7.4454729,10.4927194],[7.445489,10.4927332],[7.4454917,10.4927464],[7.4454883,10.4927695],[7.4454877,10.4928091],[7.4455011,10.4928796],[7.4455013,10.4928734],[7.4455398,10.4928683],[7.4456134,10.4927812],[7.4456145,10.4927506],[7.445543,10.4926841],[7.4455199,10.492668],[7.4454669,10.4926383],[7.4454012,10.4926159]]],[[[7.4454219,10.4930077],[7.4454362,10.4929909],[7.4454726,10.4929477],[7.4454682,10.4929495],[7.4454381,10.4929759],[7.4454226,10.4930036],[7.4454219,10.4930077]]],[[[7.445076,10.4934169],[7.4450337,10.4934229],[7.4450297,10.4934334],[7.4450324,10.493444],[7.445045,10.4934536],[7.445076,10.4934169]]],[[[7.4425894,10.4938763],[7.4427868,10.4938848],[7.44301,10.4938679],[7.4431388,10.4938763],[7.443319,10.4938763],[7.4435336,10.493851],[7.4436537,10.4939607],[7.4437825,10.4939607],[7.4439112,10.4939607],[7.4440571,10.4939945],[7.4441945,10.4939354],[7.4438168,10.4938173],[7.4440571,10.4937329],[7.4441859,10.4936569],[7.4443061,10.4935725],[7.4440829,10.4935303],[7.4438855,10.493505],[7.4436967,10.4934966],[7.4434992,10.4934881],[7.4431817,10.4935641],[7.442907,10.4935725],[7.442598,10.4935472],[7.442289,10.4935978],[7.4419886,10.4935725],[7.4417826,10.4935725],[7.4416539,10.4936231],[7.4414651,10.4936316],[7.4414136,10.4936738],[7.4413792,10.4938257],[7.4413277,10.4938173],[7.4412591,10.4938426],[7.4411818,10.4939101],[7.4410874,10.4939523],[7.4409844,10.4939692],[7.4408385,10.4939607],[7.4407097,10.4938763],[7.4406497,10.4940114],[7.4407012,10.4941548],[7.4408127,10.4941717],[7.4409072,10.4940789],[7.4410102,10.4940367],[7.4411046,10.4940367],[7.4411303,10.4941633],[7.4411046,10.4942561],[7.4409587,10.4943236],[7.4408986,10.4945093],[7.4410702,10.494408],[7.4411904,10.4942646],[7.4412676,10.4941717],[7.4413621,10.4940873],[7.4415251,10.4941295],[7.4416453,10.4941295],[7.4418427,10.4940536],[7.4420315,10.493986],[7.4422547,10.4939101],[7.4424264,10.4938848],[7.4425894,10.4938763]]],[[[7.4397999,10.4901798],[7.4397665,10.4903253],[7.4397102,10.4904625],[7.4396712,10.4905343],[7.4395439,10.4906603],[7.4394983,10.4907183],[7.4394608,10.490808],[7.4394312,10.4908818],[7.4393025,10.4909609],[7.4391738,10.4910189],[7.4390289,10.4910611],[7.4388975,10.4911455],[7.4388195,10.491242],[7.438754,10.4913367],[7.4386628,10.4913921],[7.4386051,10.4913987],[7.4385756,10.4913789],[7.4385703,10.4913262],[7.4386078,10.4912247],[7.4386243,10.4911781],[7.4380074,10.4920433],[7.4380539,10.492004],[7.4380848,10.4919928],[7.4381036,10.4919961],[7.4381196,10.4920053],[7.4381196,10.4920238],[7.4381103,10.4920633],[7.4380861,10.4921042],[7.4380539,10.4921332],[7.4379916,10.4921754],[7.4379513,10.4922051],[7.4379004,10.4922427],[7.4378494,10.492308],[7.4378078,10.4923752],[7.4377696,10.4924451],[7.4377341,10.4924688],[7.4377173,10.4924642],[7.4377127,10.4924566],[7.4376358,10.4925644],[7.4360315,10.4938264],[7.4352706,10.4943228],[7.4354401,10.4942312],[7.43577,10.494131],[7.4359632,10.4939992],[7.4362528,10.4938963],[7.4364272,10.4938647],[7.4365371,10.4938145],[7.4366954,10.4937433],[7.4367893,10.4936405],[7.4370038,10.4934743],[7.4371114,10.4934011],[7.4372131,10.4933319],[7.4374169,10.4932291],[7.4374933,10.4931893],[7.4376449,10.4931104],[7.4377575,10.4930735],[7.4378836,10.493026],[7.4379547,10.4930141],[7.4380204,10.493026],[7.4380633,10.4930603],[7.4381089,10.4931526],[7.4381384,10.4933214],[7.4381223,10.4934295],[7.4380606,10.4935429],[7.4379668,10.4936853],[7.4378648,10.4938383],[7.4377637,10.4940018],[7.4376368,10.4941996],[7.4375492,10.4943394],[7.4373432,10.4945081],[7.4370334,10.4946954],[7.4367866,10.4947877],[7.4366096,10.494793],[7.4364325,10.4947323],[7.4362445,10.4946685],[7.4361563,10.4946506],[7.4360758,10.494669],[7.4360141,10.4947007],[7.4358183,10.4948378],[7.4355321,10.4950145],[7.4354589,10.4951174],[7.4354274,10.4952354],[7.4352912,10.4952347],[7.4351638,10.4952605],[7.435078,10.4952875],[7.4349613,10.49531],[7.4347964,10.4952717],[7.4346649,10.49536],[7.4343498,10.4953139],[7.4342895,10.4952875],[7.4341366,10.4952097],[7.4339569,10.4951016],[7.4338576,10.4950462],[7.4338362,10.4950304],[7.433835,10.495008],[7.433698,10.4950447],[7.4325381,10.495026],[7.4309409,10.494596],[7.4292026,10.4940695],[7.4284001,10.4941052],[7.4284101,10.4941231],[7.4284181,10.4941825],[7.4284168,10.4942484],[7.4284047,10.4942879],[7.4283765,10.494317],[7.4283256,10.4943222],[7.428229,10.4943209],[7.4281754,10.4942919],[7.4281472,10.494251],[7.4281231,10.4941745],[7.4281351,10.4941376],[7.4281553,10.4941161],[7.4279432,10.4941256],[7.4264791,10.4941817],[7.4256692,10.4941925],[7.4257547,10.4942616],[7.4258874,10.4944132],[7.4259397,10.4944739],[7.4259666,10.4945411],[7.4259706,10.4946057],[7.4259371,10.4946638],[7.4258888,10.494731],[7.4258687,10.4948194],[7.4258164,10.4949051],[7.42576,10.4949592],[7.425689,10.4949644],[7.4256179,10.4949644],[7.4255535,10.4949394],[7.4255186,10.4949262],[7.4255052,10.4948998],[7.4255227,10.49488],[7.4255535,10.4948589],[7.4255937,10.4948378],[7.4256366,10.4948009],[7.4256434,10.4947653],[7.4256192,10.4947389],[7.4256071,10.4947389],[7.4255575,10.4947627],[7.4255267,10.4947943],[7.4254918,10.4948035],[7.4254395,10.4948035],[7.4253872,10.4947785],[7.4253751,10.49476],[7.4253979,10.4947099],[7.4254006,10.4946796],[7.4253896,10.4946434],[7.4253758,10.4946242],[7.4253476,10.4946156],[7.425294,10.4946255],[7.4251927,10.4946519],[7.4251364,10.4946427],[7.4251123,10.4946308],[7.4250948,10.4946163],[7.4250969,10.4945893],[7.4251176,10.4945649],[7.4251646,10.4945365],[7.4251921,10.4945049],[7.4251927,10.4944851],[7.4251807,10.4944739],[7.4250962,10.494495],[7.4249948,10.4945337],[7.4249098,10.4945649],[7.4247904,10.4946137],[7.4246362,10.4946585],[7.4244471,10.4947192],[7.4243224,10.4947811],[7.4242942,10.4947838],[7.4242768,10.4947666],[7.424279,10.4947149],[7.4241213,10.4948173],[7.4239376,10.4950983],[7.4239402,10.4951148],[7.4239241,10.4951517],[7.423912,10.4951978],[7.4238972,10.4952189],[7.4238664,10.4952282],[7.423853,10.4952278],[7.4234361,10.4958654],[7.4234513,10.4958684],[7.4234661,10.4958894],[7.423448,10.4959271],[7.4234051,10.4959791],[7.4233722,10.4960147],[7.4233326,10.4960563],[7.4233078,10.4960695],[7.423302,10.4960706],[7.4232657,10.4961261],[7.4220868,10.4980144],[7.4217915,10.4989208],[7.4209817,10.5002272],[7.4199465,10.5012009],[7.4190674,10.5018117],[7.4185204,10.5021918],[7.4184824,10.5027153],[7.4184824,10.5027609],[7.4184993,10.5027577],[7.418616,10.5027287],[7.4187756,10.5026904],[7.4189204,10.5026363],[7.4190894,10.5025744],[7.4191806,10.5025243],[7.4192114,10.5024702],[7.4192463,10.50237],[7.4192825,10.5022975],[7.4193375,10.5022447],[7.4194019,10.5022263],[7.4195065,10.5022078],[7.4196111,10.5021076],[7.41978,10.5019718],[7.4198659,10.5019137],[7.4199799,10.5018438],[7.4201046,10.5017397],[7.420228,10.5015867],[7.4203768,10.5013902],[7.4204761,10.5013177],[7.4206008,10.5012096],[7.4206652,10.5011436],[7.4207255,10.5010329],[7.4207738,10.5009551],[7.4208677,10.5008483],[7.4209549,10.5007481],[7.4210715,10.5006347],[7.421148,10.5005569],[7.421215,10.5004527],[7.4212861,10.500396],[7.4213907,10.5003235],[7.4214913,10.5002707],[7.4215329,10.5002364],[7.4215986,10.5001679],[7.4216777,10.5000439],[7.421734,10.4999384],[7.4217729,10.499854],[7.4217797,10.4998359],[7.4218132,10.4997472],[7.4218735,10.499552],[7.4219124,10.4994268],[7.4220023,10.499312],[7.4220841,10.4992408],[7.4221337,10.4991116],[7.4221632,10.4989916],[7.4221578,10.4989138],[7.4221578,10.4988611],[7.4221793,10.4987121],[7.4222383,10.4985947],[7.4223657,10.4983639],[7.4225105,10.4980857],[7.4226741,10.4978286],[7.4228472,10.4975807],[7.4229732,10.4974541],[7.4230926,10.4973393],[7.4233474,10.4970624],[7.4235593,10.4968422],[7.4237055,10.4966721],[7.423865,10.4964796],[7.4239294,10.4963451],[7.4239804,10.4962356],[7.4240488,10.496113],[7.4240769,10.4960787],[7.4241118,10.4960721],[7.4241534,10.4960668],[7.4242124,10.4960471],[7.4242795,10.4960128],[7.4243747,10.4959627],[7.4244404,10.4959244],[7.4245034,10.4958901],[7.424604,10.4958097],[7.4246965,10.4957306],[7.4247904,10.4956897],[7.4249527,10.495666],[7.4250144,10.4956791],[7.425064,10.4956989],[7.4250828,10.4957134],[7.4251136,10.4957161],[7.4251565,10.4956937],[7.4251954,10.4956541],[7.4253067,10.495604],[7.4254529,10.4955776],[7.4255414,10.4955948],[7.4256554,10.4956185],[7.4258016,10.495695],[7.4259089,10.4957569],[7.4259827,10.4957728],[7.4261758,10.4957635],[7.4262804,10.4957293],[7.4264359,10.4956871],[7.4266747,10.4956607],[7.4269187,10.4955684],[7.4270314,10.4954919],[7.4271843,10.4954314],[7.4272969,10.495397],[7.4273828,10.4953257],[7.4273881,10.4952361],[7.4273968,10.4951721],[7.4274062,10.4951359],[7.4274103,10.495091],[7.4274438,10.4950435],[7.4275068,10.4950238],[7.4276047,10.4950106],[7.4276825,10.4950066],[7.4278166,10.4949677],[7.4279152,10.4949466],[7.4280419,10.494917],[7.4281278,10.4949117],[7.4282243,10.494915],[7.4282994,10.494917],[7.4283678,10.4949024],[7.4284463,10.4948781],[7.4285093,10.4948537],[7.4286159,10.4948174],[7.4286877,10.494797],[7.4287936,10.4947917],[7.4289458,10.4948378],[7.4290645,10.4948721],[7.4292091,10.4948966],[7.4293864,10.4949209],[7.4295486,10.4949341],[7.4297807,10.4949631],[7.4299504,10.4949757],[7.4300958,10.4950304],[7.4303493,10.4951042],[7.4304458,10.4951266],[7.4305773,10.4951596],[7.4307798,10.4952004],[7.4309428,10.495251],[7.4310869,10.4953139],[7.4311727,10.4953297],[7.4312344,10.4953231],[7.4312974,10.4953033],[7.4314946,10.4952677],[7.4316703,10.4952704],[7.4317843,10.4952756],[7.4318966,10.4952743],[7.432023,10.4952545],[7.4322732,10.4952108],[7.432359,10.4952266],[7.4324274,10.4952503],[7.4324845,10.4952844],[7.4325669,10.4953624],[7.4326487,10.4954231],[7.4328056,10.4954785],[7.4331395,10.4955629],[7.4333541,10.4956182],[7.4336538,10.495513],[7.4336699,10.4954431],[7.4336323,10.4953455],[7.4336618,10.4953046],[7.4337329,10.4953178],[7.4337873,10.4954178],[7.4338905,10.4954652],[7.4341092,10.4956129],[7.4342245,10.4957211],[7.4343224,10.4957607],[7.4344471,10.4958266],[7.4345879,10.495882],[7.4349326,10.4958814],[7.4351002,10.4958714],[7.435237,10.4958398],[7.435398,10.4957738],[7.4356581,10.4956868],[7.4359478,10.4956051],[7.4362321,10.4955127],[7.4364279,10.4954389],[7.4365647,10.4953835],[7.4367149,10.4953466],[7.4368142,10.4953334],[7.4369965,10.4953466],[7.4372165,10.495336],[7.4374904,10.4952991],[7.4376444,10.495269],[7.4377261,10.495253],[7.4378414,10.4952437],[7.4379125,10.4952292],[7.4379702,10.49522],[7.4380252,10.4952332],[7.4381097,10.4952846],[7.4381915,10.495311],[7.4382572,10.4953004],[7.4384002,10.4952569],[7.4385214,10.4952305],[7.4386179,10.4952174],[7.4387226,10.4952464],[7.4388714,10.4952675],[7.438913,10.4952991],[7.4389653,10.4953255],[7.4390565,10.4953149],[7.4391718,10.495311],[7.439255,10.4953123],[7.4393032,10.4953031],[7.4394186,10.4952411],[7.4394645,10.4951978],[7.4396018,10.4951219],[7.4397431,10.4950644],[7.4398936,10.4949615],[7.439988,10.4949278],[7.4401597,10.4948771],[7.440031,10.4948096],[7.4398679,10.4948687],[7.4396876,10.4949953],[7.4395331,10.4950712],[7.4393271,10.4951303],[7.4390954,10.4951556],[7.4389237,10.4951556],[7.4386748,10.4950881],[7.438276,10.4951462],[7.4380989,10.4951198],[7.4380238,10.4950618],[7.4380748,10.4949879],[7.4381472,10.4949246],[7.4384517,10.4947758],[7.4387435,10.4946661],[7.4389667,10.4945564],[7.439263,10.494413],[7.439491,10.4942864],[7.4397477,10.4940416],[7.4399709,10.4938222],[7.4400811,10.4937273],[7.4402125,10.4935453],[7.4403399,10.4932904],[7.4404601,10.4929444],[7.4405116,10.4926912],[7.4406164,10.4923784],[7.4406497,10.4920947],[7.4407677,10.4918099],[7.4409126,10.4915936],[7.4412559,10.4914354],[7.4414007,10.4914143],[7.4415931,10.4913916],[7.4417065,10.4913642],[7.4418111,10.4913563],[7.4419372,10.4913879],[7.4420767,10.4914196],[7.4422269,10.4914486],[7.4423181,10.4914328],[7.4424307,10.4914169],[7.4425286,10.4913892],[7.4426614,10.4913418],[7.4427713,10.4912613],[7.4428773,10.4911888],[7.4430208,10.4910701],[7.4431066,10.4909778],[7.4431616,10.4909264],[7.4431683,10.4909099],[7.4431723,10.4908908],[7.4431643,10.4908532],[7.4431616,10.4907932],[7.4431663,10.4906989],[7.443177,10.4906488],[7.4431871,10.4906185],[7.4431931,10.4906],[7.4432005,10.4905954],[7.4432085,10.4905954],[7.4432146,10.4906066],[7.443228,10.4906567],[7.4432461,10.4906818],[7.4432743,10.4907068],[7.4432904,10.4907101],[7.4433138,10.4907029],[7.4433319,10.4906824],[7.4433474,10.4906495],[7.4433574,10.4906125],[7.4433554,10.4905783],[7.4433507,10.4905426],[7.4433474,10.4905183],[7.4433507,10.4905057],[7.4433588,10.4904932],[7.4433748,10.4904787],[7.4433943,10.4904754],[7.4434178,10.4904793],[7.4434278,10.4904945],[7.4434392,10.4905215],[7.4434573,10.4905479],[7.4434801,10.4905578],[7.4435096,10.4905545],[7.4435271,10.4905453],[7.4435452,10.4905183],[7.4435653,10.4904826],[7.4435894,10.490453],[7.4436297,10.4904009],[7.4436726,10.4903429],[7.4437269,10.4902967],[7.4437838,10.4901943],[7.4438456,10.4900732],[7.4438804,10.4900191],[7.4440025,10.4898582],[7.4440561,10.4898095],[7.4440897,10.4897831],[7.4441192,10.4897501],[7.4441301,10.4897281],[7.4440038,10.4898471],[7.4437265,10.4897676],[7.443706,10.4898077],[7.4436879,10.4898717],[7.4436222,10.4899258],[7.4435873,10.4899343],[7.4435598,10.4899139],[7.4435451,10.4898776],[7.4435337,10.4898301],[7.4435122,10.4897767],[7.4434928,10.4897299],[7.4434874,10.4896991],[7.4434874,10.489699],[7.4426699,10.4894647],[7.4419438,10.4888839],[7.4407713,10.4879962],[7.4405795,10.4883073],[7.4406248,10.488309],[7.4407026,10.4883262],[7.4407549,10.4883064],[7.4407952,10.4882734],[7.4408354,10.4882774],[7.4408635,10.4883011],[7.4408689,10.4884462],[7.44089,10.4886185],[7.4408881,10.4887509],[7.4409157,10.4888717],[7.4409672,10.4889645],[7.4410044,10.4890172],[7.4410084,10.4890475],[7.4410017,10.4890871],[7.4409749,10.4891134],[7.4409185,10.4891319],[7.440889,10.4891424],[7.4408743,10.4891715],[7.4408421,10.4892664],[7.4408153,10.4893073],[7.4407978,10.4893666],[7.4407737,10.4895156],[7.4407402,10.4896897],[7.4407026,10.4898295],[7.4406476,10.4899099],[7.440594,10.4900471],[7.4405484,10.4901354],[7.4404559,10.4902844],[7.4404116,10.49032],[7.4403553,10.490357],[7.4403244,10.4903899],[7.4403016,10.4904598],[7.4402748,10.4905548],[7.4402466,10.4906616],[7.4402413,10.4906952],[7.4402225,10.4907104],[7.4402064,10.4907011],[7.4401769,10.4906589],[7.4401581,10.4906102],[7.440142,10.4905389],[7.4401367,10.4904836],[7.4401394,10.4904387],[7.44014,10.4904176],[7.4401306,10.4904058],[7.4401139,10.4904018],[7.4399797,10.4904901],[7.4399194,10.4905112],[7.4398939,10.4905033],[7.4398658,10.4904875],[7.4398725,10.4904559],[7.4399382,10.4903596],[7.4399543,10.4902805],[7.4399623,10.4902238],[7.4399888,10.4899519],[7.440024,10.4898387],[7.440066,10.4897663],[7.4401175,10.4895975],[7.4401776,10.4894624],[7.4401997,10.4893838],[7.4402198,10.4892321],[7.4402292,10.48912],[7.440252,10.4889657],[7.4403043,10.4888009],[7.4403915,10.4886558],[7.4404344,10.488578],[7.4404541,10.4885107],[7.4399937,10.4892576],[7.4399304,10.4893464],[7.4398953,10.4895526],[7.4398914,10.489612],[7.4398833,10.4897375],[7.4398792,10.4898005],[7.4398282,10.4900537],[7.4397999,10.4901798]],[[7.4382157,10.4935822],[7.438264,10.4934926],[7.438272,10.4934161],[7.4382613,10.4933211],[7.438264,10.4931866],[7.4383149,10.4930469],[7.4383699,10.4929862],[7.438433,10.4929532],[7.438504,10.4928583],[7.4386339,10.4926206],[7.4387226,10.4925115],[7.4388702,10.4923269],[7.4389506,10.4921449],[7.4390545,10.4919539],[7.439125,10.4918337],[7.4391733,10.4916886],[7.4392671,10.4915304],[7.4393825,10.4914565],[7.4394725,10.4914075],[7.4395694,10.4913547],[7.4396453,10.4913115],[7.4397312,10.4912271],[7.4397767,10.4910767],[7.4398518,10.4910029],[7.4399565,10.490966],[7.440049,10.4909647],[7.4401804,10.4909356],[7.4402381,10.4909053],[7.4403534,10.4907418],[7.4404218,10.490631],[7.4404866,10.4905625],[7.440576,10.4905216],[7.440627,10.4905374],[7.4407303,10.4905888],[7.4407853,10.4906416],[7.4408054,10.4907009],[7.4408309,10.4907972],[7.4408242,10.4909673],[7.4408054,10.4912534],[7.4407196,10.4914391],[7.4405822,10.4915573],[7.4403848,10.4916754],[7.4401874,10.4918864],[7.4401188,10.4920383],[7.440093,10.492148],[7.4401359,10.4923168],[7.4402217,10.4924518],[7.4402475,10.4926797],[7.4402132,10.4929329],[7.4401359,10.4931101],[7.4400158,10.4933042],[7.4399213,10.4934899],[7.4398269,10.4936249],[7.4396638,10.4938275],[7.4394173,10.4940121],[7.4391786,10.4941414],[7.4389801,10.494231],[7.4387361,10.4943101],[7.4386127,10.4943523],[7.4384966,10.4944183],[7.4382991,10.4945533],[7.4381299,10.4947374],[7.4379046,10.4948508],[7.4377141,10.4948851],[7.4375773,10.4949378],[7.4373808,10.495009],[7.4372447,10.4950275],[7.4370355,10.4950539],[7.4368451,10.4950961],[7.4365661,10.4951567],[7.4362899,10.4951937],[7.4360351,10.4951805],[7.4358098,10.4952016],[7.4355415,10.495278],[7.4354047,10.4954257],[7.4353538,10.4955022],[7.4353384,10.4955062],[7.4353149,10.4955009],[7.4353028,10.4954758],[7.4353243,10.4954152],[7.4354289,10.4953018],[7.4355442,10.4952068],[7.4356891,10.4950987],[7.4358554,10.4949721],[7.4360136,10.4948613],[7.4361289,10.4948376],[7.4363757,10.494864],[7.4365071,10.4949246],[7.4366412,10.4949537],[7.4368075,10.4949299],[7.4370221,10.4948824],[7.4372179,10.4947743],[7.4373949,10.4946635],[7.4375478,10.4945686],[7.4376819,10.4943919],[7.4378536,10.4941308],[7.4379797,10.4938855],[7.4380977,10.4937247],[7.4381473,10.49366],[7.4382157,10.4935822]],[[7.4363816,10.4936807],[7.4363883,10.4936629],[7.4364097,10.4936405],[7.436462,10.4935917],[7.4365988,10.4934809],[7.4367034,10.4934018],[7.4368027,10.4933332],[7.4368751,10.4933121],[7.4369515,10.4933042],[7.4369824,10.4933187],[7.4369891,10.4933411],[7.436977,10.4933781],[7.4369086,10.4934334],[7.4367759,10.4934902],[7.4367034,10.4935218],[7.4366458,10.4935561],[7.4366069,10.4935904],[7.436572,10.4936247],[7.4364567,10.4936919],[7.4364205,10.4937038],[7.4363883,10.4936998],[7.4363816,10.4936807]],[[7.4371889,10.4931077],[7.4372131,10.4930748],[7.4373069,10.4930088],[7.4373706,10.4929416],[7.4374095,10.492902],[7.4374397,10.4928704],[7.4374739,10.4928321],[7.4375115,10.4928203],[7.4375403,10.492815],[7.4375577,10.4928334],[7.4375644,10.4928789],[7.4375611,10.4929192],[7.4375416,10.4929726],[7.4375255,10.4930095],[7.4374866,10.4930497],[7.4374229,10.4930886],[7.4373592,10.4931183],[7.4372774,10.4931315],[7.4372171,10.4931315],[7.4371963,10.4931308],[7.4371903,10.4931249],[7.4371889,10.4931077]],[[7.4388961,10.4913513],[7.4389216,10.4912945],[7.4389337,10.4912748],[7.4389578,10.4912458],[7.4390101,10.4912392],[7.4390611,10.4912563],[7.4390987,10.4912906],[7.4390987,10.4913354],[7.4390933,10.4914119],[7.4390718,10.4914633],[7.4390665,10.4914937],[7.4390732,10.4915425],[7.4390426,10.4915965],[7.4390236,10.4916203],[7.4389981,10.491644],[7.4389364,10.4916611],[7.438923,10.491706],[7.4389216,10.4917798],[7.4389176,10.4918194],[7.4388868,10.4918774],[7.4388532,10.4919869],[7.4388224,10.4921029],[7.4388009,10.4921438],[7.4387781,10.492153],[7.4387553,10.4921372],[7.4387379,10.4921029],[7.4387231,10.4920409],[7.4387138,10.492004],[7.4386869,10.4920106],[7.4386802,10.4920594],[7.438644,10.4921398],[7.4385636,10.4922189],[7.4385019,10.4923054],[7.4384281,10.4923851],[7.4383181,10.4925038],[7.4382162,10.4925961],[7.4381143,10.492728],[7.4379158,10.4928677],[7.4377629,10.4929231],[7.4376878,10.4929548],[7.4376449,10.4929548],[7.4375886,10.4929152],[7.4375966,10.492844],[7.4376798,10.4927464],[7.4377871,10.4926436],[7.4379078,10.4925486],[7.4379963,10.4924669],[7.4380901,10.4923376],[7.4381572,10.492248],[7.4382701,10.4921704],[7.4383718,10.4921108],[7.4384254,10.4920607],[7.4384933,10.4919847],[7.4385837,10.491855],[7.4386319,10.4917521],[7.4386802,10.4916124],[7.4387446,10.4915121],[7.4387768,10.4914897],[7.438821,10.4914989],[7.4388573,10.491495],[7.4388814,10.4914699],[7.4388881,10.4914093],[7.4388961,10.4913513]],[[7.4380727,10.4928974],[7.438127,10.4928559],[7.4381766,10.4928209],[7.4382336,10.4927794],[7.4382598,10.4927649],[7.4382752,10.4927728],[7.4382853,10.4927814],[7.4382819,10.4927919],[7.4382719,10.4928104],[7.4382591,10.4928315],[7.4382383,10.4928585],[7.4382236,10.4928737],[7.438127,10.4929277],[7.4380694,10.4929502],[7.4380452,10.4929534],[7.4380378,10.4929475],[7.4380439,10.4929284],[7.4380506,10.4929093],[7.4380727,10.4928974]],[[7.4383852,10.4917871],[7.4383691,10.4918141],[7.438353,10.4918372],[7.4383208,10.4918754],[7.4382859,10.4918972],[7.4382699,10.4918965],[7.4382578,10.4918893],[7.4382531,10.4918642],[7.4382591,10.4918378],[7.4382779,10.4918135],[7.4383222,10.4917647],[7.4383557,10.4917403],[7.4383812,10.4917356],[7.4383932,10.4917502],[7.4383852,10.4917871]],[[7.4427438,10.4900444],[7.4428403,10.490109],[7.4429047,10.4901961],[7.4429463,10.4903042],[7.4429812,10.4904493],[7.4429798,10.4905231],[7.4429221,10.490593],[7.4428698,10.490655],[7.4427237,10.4907869],[7.4425976,10.4908541],[7.4424554,10.4909016],[7.4423026,10.4909306],[7.4421725,10.4909306],[7.4420317,10.4908422],[7.441919,10.4907288],[7.4418037,10.4906233],[7.4416883,10.4905284],[7.4415649,10.4904862],[7.441408,10.4904862],[7.4412672,10.4905086],[7.4411117,10.4905442],[7.4409051,10.4905759],[7.4407428,10.4905495],[7.4406423,10.490502],[7.4406034,10.4904506],[7.440594,10.4903754],[7.4406168,10.4903003],[7.4406463,10.4902066],[7.4407026,10.4900906],[7.4407428,10.4899877],[7.4407697,10.489902],[7.4408381,10.4896515],[7.4408501,10.4895882],[7.4408931,10.4895486],[7.4409601,10.4895235],[7.44105,10.4895156],[7.4411666,10.4895315],[7.4413303,10.4895737],[7.4414523,10.4896093],[7.4415958,10.4896647],[7.4417983,10.4897029],[7.4419431,10.4897279],[7.4421658,10.4897781],[7.4424072,10.4898466],[7.4425185,10.4898756],[7.4426405,10.4899429],[7.4427438,10.4900444]],[[7.4410245,10.4908633],[7.4412096,10.4908159],[7.4413303,10.4908291],[7.4414161,10.4908633],[7.4415556,10.4909451],[7.4416012,10.4910137],[7.4415877,10.4910796],[7.441569,10.4911271],[7.4414027,10.4911693],[7.4413303,10.491197],[7.441231,10.491222],[7.4410674,10.4912484],[7.4409735,10.49128],[7.4408931,10.4912721],[7.4408475,10.4912484],[7.440826,10.491164],[7.4408475,10.4910374],[7.4409172,10.4909293],[7.4410245,10.4908633]],[[7.4409762,10.4886677],[7.4410419,10.4886809],[7.4411036,10.4887363],[7.4412283,10.4888629],[7.4413222,10.4889486],[7.4413705,10.4890066],[7.4413946,10.489062],[7.4413878,10.489108],[7.4413517,10.4891293],[7.4412994,10.4891293],[7.4412189,10.4891134],[7.4411251,10.4890501],[7.4409802,10.488942],[7.4409494,10.4888972],[7.4409293,10.4888444],[7.4409279,10.4887706],[7.4409319,10.4887297],[7.4409454,10.4886717],[7.4409762,10.4886677]],[[7.4412283,10.4891919],[7.4412243,10.489215],[7.4411975,10.4892348],[7.4411579,10.4892506],[7.4411271,10.4892552],[7.4411029,10.4892486],[7.4410768,10.4892189],[7.4410701,10.4891774],[7.4410728,10.4891477],[7.4410895,10.489126],[7.4411264,10.4891134],[7.4411465,10.4891227],[7.4411894,10.4891372],[7.4412163,10.4891668],[7.4412283,10.4891919]],[[7.4416655,10.4891424],[7.441636,10.4891596],[7.4415636,10.4891675],[7.4415019,10.4891385],[7.441459,10.4890831],[7.4414416,10.4890468],[7.4414442,10.4890093],[7.4414489,10.4889822],[7.441467,10.4889684],[7.4415247,10.4889763],[7.4415784,10.4890053],[7.4416548,10.4890686],[7.4416682,10.489097],[7.4416655,10.4891424]],[[7.4417607,10.4895071],[7.4417487,10.4894787],[7.4417567,10.4894576],[7.4417876,10.4894517],[7.4418117,10.4894537],[7.4418486,10.4894563],[7.4418768,10.4894655],[7.4418848,10.4894833],[7.4418814,10.4895044],[7.4418586,10.489517],[7.4418144,10.4895222],[7.4417607,10.4895071]],[[7.4419324,10.4892585],[7.4418962,10.4892203],[7.4418667,10.4891939],[7.4418546,10.4891622],[7.4418774,10.4891517],[7.4419257,10.4891622],[7.4419954,10.489186],[7.4420303,10.4892137],[7.442033,10.4892519],[7.4420223,10.4892743],[7.4419928,10.4892849],[7.4419686,10.4892835],[7.4419324,10.4892585]],[[7.4420504,10.4893561],[7.4420974,10.4894207],[7.4420927,10.4894649],[7.4420726,10.4894952],[7.4420303,10.4895057],[7.4419793,10.4894945],[7.4419498,10.4894444],[7.4419606,10.4893917],[7.4419874,10.4893548],[7.4420504,10.4893561]],[[7.4434009,10.4902225],[7.4433459,10.4902567],[7.4432695,10.4902449],[7.4432185,10.490208],[7.4431823,10.4901605],[7.4431676,10.4901011],[7.4431796,10.4900642],[7.4432065,10.4900339],[7.4432762,10.4899917],[7.4433298,10.489997],[7.4433795,10.4900576],[7.4434103,10.4901222],[7.4434157,10.4901869],[7.4434009,10.4902225]],[[7.4187997,10.5021933],[7.4187923,10.5021728],[7.4188051,10.5021346],[7.4188339,10.5021089],[7.4188916,10.5020983],[7.4189278,10.5021109],[7.4189465,10.5021333],[7.4189539,10.5021715],[7.4189425,10.5021999],[7.4188922,10.502217],[7.4188346,10.5022157],[7.4187997,10.5021933]],[[7.4237443,10.4962646],[7.4237068,10.4963134],[7.4236853,10.4963609],[7.4236746,10.496411],[7.4236572,10.4964519],[7.4235257,10.4965943],[7.4233353,10.4967763],[7.4231952,10.4969042],[7.4231449,10.496949],[7.4230953,10.4969767],[7.4230745,10.4969787],[7.4230664,10.4969629],[7.4230684,10.4969141],[7.4230798,10.4968739],[7.4231087,10.4967651],[7.4231315,10.4967024],[7.423169,10.4966187],[7.4232146,10.4965376],[7.4232951,10.4964427],[7.4233668,10.4963767],[7.4234627,10.4962818],[7.4235459,10.4962079],[7.4236263,10.4961011],[7.4237283,10.4959191],[7.4237685,10.4958624],[7.4238047,10.4958427],[7.423853,10.4958585],[7.423865,10.4959007],[7.4238905,10.4959785],[7.4238865,10.496022],[7.4238516,10.496138],[7.4238087,10.496204],[7.4237443,10.4962646]],[[7.4234902,10.4961123],[7.4234667,10.4961354],[7.4234513,10.4961618],[7.4234138,10.4961947],[7.4233574,10.496231],[7.4233226,10.4962475],[7.4232931,10.4962745],[7.4232763,10.4963095],[7.4232481,10.4963642],[7.4232294,10.4963985],[7.423216,10.496407],[7.4231831,10.4964051],[7.423173,10.4963932],[7.4231757,10.4963668],[7.4231838,10.4963391],[7.4231958,10.4963147],[7.4232193,10.4962732],[7.4232267,10.4962462],[7.4232488,10.4962125],[7.4232602,10.4961881],[7.4232937,10.4961446],[7.4233246,10.496113],[7.4233641,10.4960833],[7.4233943,10.4960629],[7.4234413,10.4960365],[7.4234734,10.4960134],[7.4234909,10.4960075],[7.423509,10.4960095],[7.4235284,10.4960213],[7.4235385,10.4960438],[7.4235432,10.4960688],[7.4235331,10.4960906],[7.4235184,10.4960991],[7.4234902,10.4961123]],[[7.4239334,10.4953574],[7.4239549,10.4953126],[7.423977,10.4952934],[7.4240085,10.4952941],[7.4240203,10.4953043],[7.4240267,10.4953185],[7.4240193,10.4953468],[7.423979,10.4953785],[7.4239636,10.4954002],[7.4239549,10.4954246],[7.4239422,10.4954748],[7.42392,10.4955011],[7.4238892,10.4955209],[7.4238731,10.4955242],[7.4238563,10.4955123],[7.423853,10.4954893],[7.4238677,10.4954655],[7.4239039,10.4954022],[7.4239334,10.4953574]],[[7.4262093,10.4954167],[7.4262267,10.4953864],[7.426275,10.4953376],[7.4262965,10.4953297],[7.4263313,10.4953429],[7.4263702,10.4953798],[7.4264587,10.4954075],[7.4265701,10.4953759],[7.4266492,10.4953455],[7.4267337,10.4952967],[7.426786,10.4952453],[7.4268208,10.4952321],[7.4268664,10.4952374],[7.4268973,10.4952901],[7.4269764,10.4953191],[7.4270274,10.4953455],[7.4270388,10.4953594],[7.4270381,10.4953811],[7.4269938,10.4954708],[7.4269623,10.4955024],[7.4269161,10.4955209],[7.4268088,10.4955024],[7.4267149,10.4954866],[7.4266291,10.4954589],[7.4265942,10.4954616],[7.4265338,10.495513],[7.426452,10.4955684],[7.4263448,10.4955934],[7.42622,10.4956396],[7.4261007,10.4956871],[7.425988,10.4956923],[7.4259236,10.4956818],[7.4258459,10.4956449],[7.425752,10.4955868],[7.4255106,10.4955367],[7.4253724,10.4954873],[7.4252179,10.4954451],[7.4250466,10.4954893],[7.4249473,10.4955552],[7.4248481,10.4955605],[7.4247716,10.4955295],[7.4245959,10.4955921],[7.4244712,10.4956983],[7.4242312,10.4958242],[7.4241319,10.4958796],[7.4240568,10.4959086],[7.4240085,10.495906],[7.4239871,10.4958875],[7.4239737,10.4958242],[7.4240112,10.4957715],[7.424081,10.4956686],[7.4241373,10.4955446],[7.424258,10.4953838],[7.4244136,10.4952994],[7.4246737,10.4952413],[7.4248213,10.495186],[7.4249768,10.4951781],[7.4251002,10.495149],[7.4251887,10.4950699],[7.4252343,10.4950172],[7.4253094,10.4950119],[7.4253952,10.4950304],[7.4255428,10.4951042],[7.425701,10.4951464],[7.4258056,10.4951965],[7.425896,10.4953354],[7.425929,10.495389],[7.4260095,10.4954128],[7.4261275,10.4954326],[7.4262093,10.4954167]],[[7.4245611,10.4950765],[7.4244149,10.4951108],[7.4243438,10.4951359],[7.4242982,10.4951424],[7.4242727,10.4951279],[7.4242781,10.4950871],[7.4243197,10.4950422],[7.4243854,10.4950027],[7.4244833,10.4949605],[7.4246257,10.4948966],[7.424722,10.494855],[7.4247931,10.4948352],[7.424866,10.4948122],[7.4249205,10.4948115],[7.4249701,10.4948246],[7.425013,10.4948457],[7.4250358,10.4948893],[7.4250224,10.4949156],[7.4250077,10.4949222],[7.4249782,10.4949275],[7.4249366,10.4949196],[7.4248883,10.4949315],[7.4248642,10.4949526],[7.4248159,10.4949842],[7.4247421,10.4950211],[7.4245611,10.4950765]],[[7.4266827,10.4943895],[7.4267095,10.4944818],[7.4267632,10.4945662],[7.4267873,10.4946005],[7.4268195,10.4946585],[7.4268597,10.4947231],[7.4269295,10.4947956],[7.4269818,10.4948893],[7.4270394,10.4950093],[7.4270944,10.4951082],[7.427136,10.495186],[7.4271347,10.4952413],[7.4270877,10.4952941],[7.4270582,10.4953086],[7.427014,10.4952888],[7.4269831,10.495269],[7.426955,10.4952216],[7.4269469,10.4951939],[7.4269402,10.4951517],[7.4269295,10.4950805],[7.4269268,10.4949987],[7.4269134,10.4949631],[7.4268664,10.4949407],[7.4267779,10.4949275],[7.4266894,10.4949407],[7.4266317,10.4949684],[7.4265701,10.4950053],[7.4265473,10.4950462],[7.4265446,10.4950884],[7.4265379,10.4951649],[7.4265365,10.4952044],[7.4265298,10.4952334],[7.4265057,10.4952479],[7.4264547,10.4952559],[7.426393,10.4952321],[7.426389,10.4952005],[7.4263971,10.4951662],[7.4264118,10.4951411],[7.4264172,10.495095],[7.4263984,10.495029],[7.4263716,10.4950145],[7.4263407,10.495004],[7.4263166,10.4950198],[7.4262965,10.4950449],[7.4262938,10.4950792],[7.4262817,10.4951042],[7.4262308,10.4951121],[7.4261905,10.4951174],[7.4261181,10.495149],[7.4260122,10.4951926],[7.4259518,10.4952123],[7.425878,10.4951992],[7.4258324,10.4951622],[7.4258298,10.4951319],[7.4258432,10.4951148],[7.4259035,10.4950739],[7.4259371,10.4950185],[7.4259652,10.4949341],[7.4260095,10.4948352],[7.4260363,10.494764],[7.4261034,10.4947139],[7.4262321,10.4946638],[7.4263743,10.4946532],[7.4265057,10.4946255],[7.4265499,10.4946176],[7.4265754,10.4945926],[7.4265835,10.4945649],[7.4265754,10.4945425],[7.4265459,10.4944501],[7.426562,10.4943948],[7.4265801,10.4943545],[7.426621,10.4943209],[7.4266472,10.4943229],[7.4266733,10.4943512],[7.4266827,10.4943895]],[[7.427073,10.4945873],[7.4270971,10.4946242],[7.4270998,10.4946545],[7.4270864,10.4946836],[7.4270502,10.4946915],[7.4270113,10.4946888],[7.4269268,10.4946611],[7.4268624,10.4946308],[7.4268369,10.4945833],[7.4268222,10.4945253],[7.4268316,10.4945062],[7.4268463,10.4944976],[7.426904,10.4944937],[7.4269643,10.4945108],[7.427014,10.4945583],[7.427073,10.4945873]],[[7.4271085,10.4951213],[7.4271105,10.4950923],[7.4271306,10.4950811],[7.4271635,10.4950798],[7.4272299,10.495091],[7.4272808,10.4950871],[7.4273479,10.4950857],[7.42736,10.495091],[7.4273667,10.4951082],[7.4273533,10.4951715],[7.4273412,10.4952018],[7.4273251,10.4952532],[7.4272902,10.4953046],[7.4272232,10.4953679],[7.427199,10.4953745],[7.4271856,10.495364],[7.4271782,10.495337],[7.4271789,10.4952961],[7.4271702,10.4952519],[7.4271548,10.4952097],[7.4271286,10.4951576],[7.4271085,10.4951213]],[[7.4272319,10.4945266],[7.4272044,10.4945049],[7.4271876,10.4944765],[7.427193,10.4944647],[7.4272171,10.4944495],[7.427246,10.4944192],[7.4272748,10.4943671],[7.427307,10.4943414],[7.427364,10.4943334],[7.4274123,10.4943447],[7.4274773,10.4943427],[7.4275806,10.4943486],[7.4276295,10.4943684],[7.4276698,10.4944106],[7.4276892,10.494435],[7.4276939,10.4944554],[7.4276872,10.4944772],[7.4276671,10.4944923],[7.4275692,10.4945266],[7.4274485,10.4945537],[7.4273425,10.4945688],[7.4272969,10.4945688],[7.4272594,10.4945497],[7.4272319,10.4945266]],[[7.4278897,10.4946928],[7.4278294,10.4946888],[7.4277636,10.4946862],[7.4277402,10.4946763],[7.4277328,10.4946651],[7.4277382,10.494644],[7.4277972,10.4946084],[7.4278924,10.4945715],[7.4279501,10.4945451],[7.4280104,10.4945332],[7.4280989,10.4945596],[7.4281445,10.4945754],[7.4281982,10.4945715],[7.4282411,10.4945754],[7.428288,10.4945965],[7.4283028,10.4946189],[7.4282987,10.4946374],[7.4282907,10.4946598],[7.4282545,10.4946756],[7.4281995,10.4946888],[7.4281619,10.4947178],[7.4281043,10.4947376],[7.4280069,10.4947415],[7.4279742,10.4947363],[7.427934,10.4947218],[7.4278897,10.4946928]],[[7.4284255,10.4944666],[7.4284141,10.4944792],[7.4284194,10.4944963],[7.4284295,10.4945022],[7.4284526,10.4945171],[7.4284567,10.494523],[7.4284557,10.4945326],[7.4284342,10.4945464],[7.4283799,10.4945609],[7.4283282,10.4945649],[7.4283068,10.494557],[7.4282639,10.4945279],[7.4282049,10.4945095],[7.4281499,10.4944923],[7.4280828,10.4944792],[7.4280359,10.4944607],[7.4279702,10.4944409],[7.4279615,10.4944205],[7.4279635,10.4944007],[7.4279822,10.4943816],[7.4280077,10.4943539],[7.4280493,10.4943262],[7.4281472,10.4943341],[7.4282719,10.4943565],[7.4283618,10.4943618],[7.4284074,10.4943723],[7.4284449,10.4943868],[7.4284932,10.4943855],[7.4285334,10.4943776],[7.4285844,10.494375],[7.4286166,10.4943895],[7.42863,10.494404],[7.4286327,10.4944218],[7.4286233,10.494433],[7.4285931,10.4944436],[7.4285435,10.4944528],[7.4285006,10.4944534],[7.4284624,10.4944561],[7.4284255,10.4944666]],[[7.4296647,10.4944429],[7.4296794,10.4944488],[7.4296868,10.4944653],[7.4296948,10.4944937],[7.4297009,10.4945398],[7.4296901,10.49458],[7.4296828,10.4946301],[7.4296667,10.4946644],[7.4296486,10.4946809],[7.4296305,10.4946967],[7.4296251,10.4947284],[7.4296345,10.4947455],[7.4296559,10.4947646],[7.429664,10.4947818],[7.4296794,10.4948088],[7.4296841,10.4948497],[7.4296774,10.4948668],[7.4296673,10.4948827],[7.4296331,10.4948814],[7.4296184,10.4948748],[7.4295949,10.4948603],[7.4295835,10.494849],[7.4295701,10.4948464],[7.4295574,10.4948537],[7.4295433,10.4948734],[7.4295312,10.4948787],[7.4295165,10.4948761],[7.4295031,10.4948405],[7.429499,10.4947917],[7.4295098,10.4947587],[7.4295245,10.4947046],[7.4295326,10.4946559],[7.4295312,10.4946137],[7.4295044,10.4945214],[7.4295205,10.4943974],[7.429546,10.4943855],[7.4295782,10.4943638],[7.4295996,10.4943644],[7.4296157,10.4943783],[7.4296144,10.494406],[7.4296077,10.4944304],[7.4296015,10.4944518],[7.4295988,10.4944684],[7.429601,10.494478],[7.4296063,10.4944815],[7.429616,10.4944815],[7.4296274,10.4944699],[7.4296326,10.4944577],[7.4296405,10.4944495],[7.4296647,10.4944429]],[[7.4315053,10.4949789],[7.4315429,10.4949974],[7.4315452,10.4950089],[7.4315375,10.4950264],[7.4315234,10.4950277],[7.4315067,10.4950277],[7.4314034,10.4949934],[7.4313202,10.4949644],[7.43128,10.494942],[7.4312706,10.4949255],[7.4312747,10.4949104],[7.431284,10.4949024],[7.4313015,10.4949011],[7.4313511,10.494915],[7.4314255,10.494946],[7.4315053,10.4949789]],[[7.4318741,10.4949776],[7.4318513,10.4950396],[7.4317843,10.4951227],[7.4317655,10.4951332],[7.4317373,10.4951359],[7.4317186,10.4951042],[7.4317306,10.4950488],[7.4317346,10.4949974],[7.4317655,10.4949288],[7.4318004,10.4948695],[7.4318419,10.4948603],[7.4318714,10.4948814],[7.4318795,10.4949209],[7.4318741,10.4949776]]],[[[7.4465661,10.5225802],[7.4465318,10.5226393],[7.446549,10.5226899],[7.4466005,10.5227152],[7.446652,10.5227068],[7.4466863,10.5226393],[7.446652,10.5225802],[7.4465661,10.5225802]]],[[[7.4457335,10.5230323],[7.4457163,10.5231673],[7.4458279,10.523218],[7.4458966,10.5230829],[7.4458365,10.5230407],[7.4457335,10.5230323]]],[[[7.4415095,10.5237325],[7.4415868,10.5237578],[7.4416297,10.5237325],[7.4415954,10.5236565],[7.4415353,10.5236228],[7.4415095,10.5236734],[7.4415095,10.5237325]]],[[[7.4426682,10.5239434],[7.4426253,10.5238759],[7.4424794,10.5239097],[7.4424537,10.5239941],[7.4425309,10.5240278],[7.4426082,10.5240278],[7.4426682,10.5239434]]],[[[7.4446252,10.524232],[7.4446509,10.5242995],[7.4447024,10.5243079],[7.4447539,10.5242657],[7.4447711,10.5242067],[7.4447282,10.5241645],[7.4446681,10.5241729],[7.4446252,10.524232]]],[[[7.4442341,10.524536],[7.4442856,10.5244769],[7.4442599,10.5244347],[7.4441998,10.5244094],[7.4441483,10.5244854],[7.4441826,10.524536],[7.4442341,10.524536]]],[[[7.4452617,10.5258526],[7.4452961,10.5257935],[7.445236,10.5257597],[7.445133,10.5257429],[7.4450901,10.5257851],[7.4450986,10.5258779],[7.4451416,10.5259032],[7.4451931,10.5258948],[7.4452617,10.5258526]]],[[[7.4435703,10.5265005],[7.4434931,10.526568],[7.4435017,10.5266439],[7.443536,10.526703],[7.4435789,10.5266946],[7.4436218,10.5266439],[7.443639,10.5265511],[7.4435703,10.5265005]]],[[[7.4455298,10.526552],[7.4454769,10.5265869],[7.4454642,10.526649],[7.4455038,10.5267017],[7.4455612,10.5267145],[7.445614,10.5266796],[7.4456267,10.5266176],[7.4455918,10.5265647],[7.4455298,10.526552]]],[[[7.4261634,10.5920246],[7.4255797,10.5918136],[7.4248759,10.5917293],[7.4243781,10.591434],[7.4240519,10.5915605],[7.4237086,10.5916702],[7.4233653,10.5916871],[7.4230735,10.5915183],[7.422816,10.5915858],[7.4227738,10.5920093],[7.4230542,10.5930206],[7.4232699,10.5929869],[7.4234277,10.5930302],[7.4235816,10.5928471],[7.4237355,10.5927748],[7.4238223,10.5927961],[7.4238633,10.5928337],[7.4239234,10.5926832],[7.4240706,10.5926339],[7.4242981,10.5927316],[7.4246965,10.5927452],[7.4251935,10.5927839],[7.4256655,10.5927417],[7.4262835,10.5929104],[7.4266269,10.5928261],[7.4271075,10.5929695],[7.4275367,10.5929948],[7.427468,10.5926573],[7.4269702,10.5924464],[7.4264809,10.5921089],[7.4261634,10.5920246]]],[[[7.4470201,10.4971486],[7.4467619,10.4968039],[7.4467698,10.4968383],[7.4467979,10.496891],[7.446861,10.4969622],[7.4469401,10.4970585],[7.4470201,10.4971486]]],[[[7.4482557,10.498865],[7.4481846,10.4987991],[7.4481431,10.4987266],[7.4481028,10.498625],[7.448076,10.4984655],[7.4480546,10.4983415],[7.4480419,10.4982671],[7.4480419,10.498267],[7.4475503,10.4977434],[7.4475516,10.4977705],[7.4475731,10.4978391],[7.4476039,10.4979341],[7.4476187,10.4979644],[7.4476428,10.4979855],[7.4476804,10.4980132],[7.4477327,10.4980725],[7.4477823,10.4981609],[7.4478185,10.4982281],[7.4478427,10.4982914],[7.4478494,10.4983587],[7.447848,10.4984523],[7.4478279,10.498538],[7.4478064,10.4986554],[7.4477944,10.4987424],[7.4477756,10.498782],[7.4477582,10.4987938],[7.4477206,10.4987965],[7.4476723,10.498778],[7.4476267,10.4987648],[7.4475677,10.4987305],[7.4475262,10.4986844],[7.4474779,10.4986158],[7.4474283,10.4985578],[7.4474048,10.4985499],[7.4473853,10.4985518],[7.4473652,10.4985617],[7.4473471,10.4985663],[7.4473216,10.4985617],[7.4472687,10.4985367],[7.4471976,10.4985024],[7.4471171,10.4984562],[7.4470125,10.498385],[7.4469294,10.4983244],[7.4468958,10.498273],[7.446861,10.498153],[7.4468207,10.4980686],[7.4467644,10.4979604],[7.4467349,10.4978549],[7.4467269,10.4977007],[7.4467269,10.4975464],[7.4467282,10.4974442],[7.4467235,10.4974073],[7.4467081,10.4973842],[7.4466792,10.4973677],[7.446643,10.4973657],[7.4466196,10.497369],[7.4466075,10.4973796],[7.4465961,10.4973954],[7.4465673,10.497433],[7.446523,10.4974633],[7.4464868,10.4974804],[7.4464519,10.4974818],[7.4463822,10.4974607],[7.4462843,10.4974224],[7.4462226,10.4974119],[7.4461515,10.4974013],[7.4459812,10.4974105],[7.4458377,10.4974026],[7.4457438,10.4973908],[7.4455883,10.4973657],[7.445489,10.4973341],[7.4454488,10.4973051],[7.44543,10.4972695],[7.4454246,10.4972286],[7.4454354,10.497164],[7.4454729,10.4970624],[7.4455038,10.4969648],[7.4455453,10.4968725],[7.4455561,10.4968237],[7.4455601,10.4967301],[7.4455668,10.4966563],[7.4455896,10.4965798],[7.4456406,10.4964374],[7.4457009,10.4962594],[7.4457344,10.4961117],[7.4457438,10.4960932],[7.4457572,10.4960853],[7.4457733,10.4960906],[7.4458028,10.496113],[7.445837,10.4961756],[7.4458632,10.4962027],[7.4459034,10.4962238],[7.4459396,10.4962303],[7.4459732,10.4962211],[7.4460261,10.4961855],[7.4460784,10.4961486],[7.4461643,10.4960668],[7.4461877,10.4960391],[7.4461886,10.4960384],[7.4461066,10.4959289],[7.4460986,10.4959363],[7.4460798,10.4959429],[7.4460536,10.4959567],[7.4460375,10.4959864],[7.4460107,10.4960174],[7.4459758,10.4960471],[7.4459262,10.4960622],[7.44589,10.4960668],[7.4458531,10.4960589],[7.4458162,10.4960431],[7.4457693,10.4960121],[7.4457049,10.4959369],[7.4456265,10.4958301],[7.4455856,10.4957569],[7.4455695,10.4957161],[7.4455648,10.4956844],[7.4455547,10.4956389],[7.4455373,10.4955934],[7.4455319,10.4955651],[7.4455333,10.4955446],[7.4455366,10.49554],[7.4455494,10.4955394],[7.4455594,10.4955499],[7.4455742,10.4955737],[7.4456104,10.4956165],[7.4456453,10.4956495],[7.4456855,10.4956785],[7.4457291,10.4956983],[7.44577,10.4957279],[7.4458303,10.4957688],[7.4459141,10.4957972],[7.4460092,10.4957988],[7.4454403,10.4950392],[7.4454267,10.4951002],[7.4454166,10.4951761],[7.4454139,10.4952967],[7.4454287,10.4954365],[7.4454515,10.4955473],[7.4454763,10.4956573],[7.445493,10.4957246],[7.4455339,10.4958104],[7.4455628,10.4958427],[7.4455829,10.4958717],[7.4455956,10.4958967],[7.4456097,10.4959264],[7.4456292,10.4959574],[7.4456694,10.4960055],[7.4456888,10.4960609],[7.4456982,10.4961024],[7.4456996,10.496138],[7.4456949,10.4961802],[7.4456394,10.4963494],[7.4455965,10.496476],[7.4455588,10.4965917],[7.4455386,10.4966728],[7.4455306,10.496715],[7.4455299,10.4967578],[7.4455286,10.4968481],[7.4455232,10.4968804],[7.4454957,10.4969464],[7.4454649,10.497038],[7.44542,10.4971692],[7.4454052,10.4972167],[7.4453831,10.4972629],[7.4453797,10.4972774],[7.4453844,10.4972912],[7.4453958,10.4973084],[7.4454407,10.4973466],[7.4455018,10.4973855],[7.4455588,10.4974059],[7.4456365,10.4974152],[7.4456855,10.4974231],[7.4457183,10.4974363],[7.4457774,10.4974574],[7.445833,10.4974659],[7.44589,10.4974686],[7.4459484,10.4974634],[7.4461046,10.4974475],[7.4462199,10.4974363],[7.4463024,10.4974547],[7.4463594,10.4974943],[7.4464117,10.4975523],[7.4464462,10.4976153],[7.4464928,10.4977396],[7.446517,10.4978338],[7.4465478,10.4978826],[7.4465867,10.4979103],[7.4466383,10.4979327],[7.4466732,10.4979499],[7.4467108,10.4979868],[7.4467926,10.4980817],[7.4468268,10.4981404],[7.4468382,10.498178],[7.4468583,10.4982888],[7.4468744,10.4983264],[7.4469139,10.4983606],[7.4469736,10.4984009],[7.4470728,10.4984592],[7.4471672,10.4985099],[7.4472834,10.4985696],[7.4473357,10.4986158],[7.4473813,10.4986765],[7.447435,10.4987081],[7.4475315,10.4987477],[7.447667,10.4987991],[7.4477488,10.4988241],[7.4477984,10.4988492],[7.44784,10.4989046],[7.4478561,10.4989692],[7.4478802,10.4990219],[7.4479178,10.499076],[7.447958,10.4991103],[7.448013,10.4991301],[7.448068,10.499134],[7.4481176,10.4991406],[7.4481592,10.4991525],[7.4482343,10.4992026],[7.4483483,10.4992553],[7.4484676,10.4993331],[7.4485561,10.4993688],[7.4487533,10.4994241],[7.4489008,10.4994808],[7.449161,10.499585],[7.4493816,10.4996745],[7.4494473,10.4996938],[7.4495018,10.4997082],[7.4495874,10.4997472],[7.4496377,10.499763],[7.4496847,10.4997676],[7.4497329,10.4997749],[7.449794,10.4997989],[7.4491847,10.4994844],[7.4487677,10.4990402],[7.4487144,10.4990272],[7.4484676,10.4989534],[7.4483389,10.4989085],[7.4482557,10.498865]],[[7.4466088,10.4978985],[7.446572,10.4978826],[7.4465539,10.4978694],[7.4465482,10.4978589],[7.4465465,10.4978457],[7.4465485,10.497789],[7.4465525,10.4977508],[7.4465515,10.4977382],[7.4465465,10.4977277],[7.4465371,10.4977152],[7.4465116,10.4976993],[7.4464942,10.4976934],[7.4464875,10.4976835],[7.4464888,10.4976683],[7.4464888,10.4976367],[7.4464774,10.4976057],[7.4464586,10.4975741],[7.4464358,10.4975404],[7.446405,10.4975108],[7.4463949,10.4974949],[7.4463976,10.4974857],[7.446405,10.4974824],[7.4464358,10.4974936],[7.44646,10.4975002],[7.4464761,10.4974982],[7.4465378,10.4974778],[7.4466028,10.4974323],[7.4466303,10.4974204],[7.4466497,10.4974218],[7.4466752,10.4974323],[7.446688,10.4974574],[7.4467,10.4975404],[7.4467014,10.4976466],[7.4467054,10.4977422],[7.4467081,10.4978358],[7.4466967,10.4978879],[7.4466833,10.497911],[7.4466625,10.4979215],[7.446641,10.4979176],[7.4466088,10.4978985]]],[[[7.4575858,10.5066133],[7.4575507,10.5065953],[7.4574205,10.5065283],[7.45728,10.5064854],[7.457111,10.5064393],[7.4570187,10.506405],[7.4568911,10.5063575],[7.456826,10.5063358],[7.4567932,10.5063206],[7.4567731,10.5063074],[7.4567644,10.5062863],[7.4567657,10.5062659],[7.4567744,10.5062441],[7.4567878,10.506225],[7.4568032,10.5062171],[7.4568381,10.506221],[7.4568884,10.506229],[7.4569709,10.5062573],[7.4570896,10.5062982],[7.4572213,10.5063371],[7.4564033,10.5059873],[7.4565344,10.5060542],[7.4566168,10.5061103],[7.4566872,10.5061597],[7.4567121,10.5061848],[7.4567221,10.5062079],[7.4567281,10.5062322],[7.4567255,10.5062613],[7.4567201,10.5062744],[7.4567074,10.5062837],[7.4566832,10.5062876],[7.456645,10.5062791],[7.4566007,10.5062692],[7.4565223,10.5062375],[7.4564894,10.5062316],[7.4564472,10.5062257],[7.4563828,10.5062296],[7.4563292,10.5062243],[7.456246,10.5062019],[7.4561642,10.5061703],[7.4558879,10.5060701],[7.4556506,10.5060041],[7.4554655,10.5059567],[7.4553756,10.5059131],[7.4552777,10.5058644],[7.4552174,10.505809],[7.4550913,10.5057233],[7.4549894,10.5056639],[7.4549103,10.5056441],[7.4548231,10.5056389],[7.4546769,10.5056468],[7.4545817,10.5056468],[7.4544516,10.5056178],[7.4542545,10.5055571],[7.4540828,10.5055031],[7.4539125,10.5054516],[7.4538159,10.5054121],[7.4537583,10.5053699],[7.4537154,10.5052973],[7.4536376,10.5051628],[7.4535879,10.5050415],[7.4535584,10.5049136],[7.4535517,10.5048899],[7.4535517,10.5048793],[7.4535591,10.5048701],[7.4535812,10.5048734],[7.4535987,10.504878],[7.4536926,10.5049426],[7.453777,10.5049855],[7.4538307,10.5050072],[7.453893,10.5050165],[7.4539896,10.5050165],[7.4540915,10.505004],[7.4541061,10.5050048],[7.4539193,10.5049249],[7.4539009,10.504893],[7.4538387,10.5048833],[7.4537623,10.5048477],[7.4536939,10.5047963],[7.453659,10.5047593],[7.4536403,10.5047264],[7.4536403,10.5046776],[7.4536496,10.5045761],[7.4536506,10.504458],[7.4533613,10.5039552],[7.4533412,10.5039701],[7.4533184,10.5039847],[7.4532936,10.50398],[7.4532782,10.5039609],[7.4532694,10.5039227],[7.4532668,10.5038864],[7.4532641,10.5038436],[7.453254,10.5038132],[7.4532305,10.5037783],[7.4531883,10.5037341],[7.4531668,10.5036932],[7.4531313,10.5036543],[7.4530743,10.5036207],[7.4530508,10.50362],[7.4530381,10.5036187],[7.45303,10.5036082],[7.4530267,10.5035825],[7.4530327,10.5035535],[7.4530441,10.5035185],[7.4530522,10.5034869],[7.4530502,10.5034691],[7.45303,10.5034473],[7.4529784,10.5034209],[7.4529509,10.5033985],[7.4529476,10.5033768],[7.4529556,10.503351],[7.4529697,10.5033365],[7.4530038,10.503334],[7.4527303,10.5028586],[7.4527135,10.5028612],[7.45268,10.5028724],[7.4526224,10.5028948],[7.452558,10.502908],[7.4524869,10.5029054],[7.4524185,10.5028829],[7.4522991,10.5028104],[7.4521771,10.5027537],[7.4520564,10.5027089],[7.4519786,10.5026574],[7.4519411,10.5025955],[7.4519277,10.5025203],[7.4519273,10.5024184],[7.4518982,10.5023515],[7.451878,10.5023172],[7.4518231,10.5022368],[7.4517895,10.5021498],[7.4517788,10.5019678],[7.4518415,10.5016757],[7.451874,10.5013942],[7.4518772,10.5013761],[7.4518772,10.501376],[7.4516673,10.5010113],[7.4516722,10.5010711],[7.4516748,10.5011013],[7.4516782,10.5011404],[7.4516903,10.5012003],[7.4517003,10.5012749],[7.451701,10.501325],[7.451693,10.5013527],[7.4516802,10.5013869],[7.4516675,10.5014403],[7.4516615,10.5015122],[7.4516594,10.5015729],[7.4516541,10.5016236],[7.4516353,10.5016836],[7.4516199,10.5017832],[7.4515971,10.5019329],[7.4515957,10.5020463],[7.4515864,10.5021465],[7.4515729,10.5022309],[7.4515595,10.5022915],[7.4515239,10.502393],[7.4514931,10.5024557],[7.4514583,10.5025355],[7.4514308,10.5025915],[7.4514133,10.5026271],[7.45141,10.5026607],[7.451416,10.5027043],[7.4514341,10.5027458],[7.4514616,10.5027834],[7.4515454,10.5028922],[7.4516004,10.5029297],[7.4516393,10.5029416],[7.4517238,10.5029442],[7.4518029,10.5029462],[7.4518905,10.5029506],[7.4519501,10.502944],[7.4520259,10.5029565],[7.4520836,10.5029789],[7.452156,10.5030059],[7.4522686,10.5030613],[7.4523444,10.503089],[7.4524242,10.5031246],[7.4524913,10.503176],[7.4525483,10.5032466],[7.4526039,10.5033481],[7.452667,10.5034642],[7.4526851,10.5035644],[7.4526931,10.5036132],[7.4527199,10.5036738],[7.4527273,10.5037253],[7.452732,10.503774],[7.4527521,10.503805],[7.4527823,10.5038354],[7.4528111,10.5038545],[7.4528614,10.5038683],[7.4529191,10.5038756],[7.4529801,10.5038683],[7.453025,10.5038631],[7.4530827,10.5038604],[7.4531229,10.5038736],[7.4531591,10.5039066],[7.4532007,10.5039765],[7.4532798,10.5040991],[7.4533992,10.5043233],[7.4534515,10.5044749],[7.4534703,10.504587],[7.4534743,10.5047268],[7.453481,10.5048784],[7.4535011,10.5050643],[7.453595,10.505299],[7.4536554,10.50539],[7.4537251,10.5054533],[7.4538579,10.5055219],[7.4540016,10.5055587],[7.454199,10.5056009],[7.4544479,10.5057022],[7.4547882,10.5056995],[7.4549103,10.5057127],[7.4550457,10.5057655],[7.4551798,10.5058419],[7.455322,10.5059395],[7.4554038,10.5059909],[7.4554709,10.5060186],[7.455554,10.5060331],[7.4556707,10.5060582],[7.4558316,10.506103],[7.4560353,10.5061801],[7.4562913,10.5062749],[7.4564029,10.5062916],[7.4565209,10.5063061],[7.4566202,10.5063285],[7.4567355,10.5063786],[7.4568334,10.5064314],[7.4569206,10.5064815],[7.4569783,10.5065131],[7.4570212,10.5065197],[7.4571258,10.5065276],[7.4572143,10.5065382],[7.4573082,10.5065632],[7.4573846,10.5065843],[7.4574557,10.5066186],[7.457563,10.5066687],[7.4577038,10.5067267],[7.4578473,10.5067782],[7.4578862,10.5067887],[7.4579144,10.5067913],[7.4579412,10.50679],[7.457964,10.5067775],[7.457972,10.5067637],[7.4580082,10.5067149],[7.4580386,10.5066908],[7.4579705,10.5066575],[7.4579315,10.5066408],[7.4579063,10.5066476],[7.4578285,10.5066542],[7.4576931,10.5066476],[7.4575858,10.5066133]]],[[[7.4558712,10.5057635],[7.4559972,10.5058195],[7.4561601,10.5058833],[7.4558118,10.5057343],[7.4558712,10.5057635]]],[[[7.4472173,10.5218],[7.4472087,10.5217325],[7.4471228,10.5217325],[7.4470456,10.5217831],[7.4470885,10.5218422],[7.4471572,10.5218338],[7.4472173,10.5218]]],[[[7.4468044,10.5222332],[7.4468044,10.5221488],[7.4467872,10.5220138],[7.44677,10.5218281],[7.4467644,10.5215805],[7.4467421,10.5215515],[7.4467014,10.5215749],[7.44671,10.5217353],[7.44671,10.5218619],[7.4466842,10.5219378],[7.446667,10.5219884],[7.4466585,10.5220813],[7.4467185,10.5220475],[7.4467529,10.5222163],[7.4467529,10.522326],[7.4468044,10.5222332]]],[[[7.4473718,10.5221376],[7.447449,10.5221038],[7.4474576,10.5220363],[7.4473889,10.5220025],[7.4473117,10.522011],[7.4473117,10.5220954],[7.4473718,10.5221376]]],[[[7.4465271,10.526142],[7.4465719,10.5262244],[7.4466643,10.5262409],[7.4467347,10.5261789],[7.4467302,10.5260851],[7.4466541,10.5260302],[7.4465637,10.5260555],[7.4465271,10.526142]]],[[[7.4759773,10.5426031],[7.4758926,10.5425139],[7.4758795,10.5425093],[7.4758473,10.5424856],[7.4757618,10.5424144],[7.4756424,10.5423076],[7.4755459,10.5421771],[7.4754064,10.5420228],[7.475291,10.5418725],[7.4752052,10.5416563],[7.4751113,10.5414506],[7.4750034,10.5412667],[7.4749484,10.5411421],[7.4749417,10.5410847],[7.4749464,10.5410472],[7.4749544,10.5410425],[7.4749652,10.5410485],[7.4750034,10.5410887],[7.4750597,10.5411446],[7.4750483,10.5411205],[7.4752147,10.5396484],[7.4754467,10.5379987],[7.4734713,10.5322312],[7.4725671,10.5305656],[7.4725166,10.5304747],[7.4725552,10.5305849],[7.4726125,10.5307308],[7.4726343,10.530842],[7.4726638,10.5309],[7.4726973,10.5309712],[7.4727148,10.5310306],[7.4727134,10.531082],[7.4726839,10.53114],[7.4726692,10.5311901],[7.4726598,10.5313065],[7.4726548,10.5313289],[7.4726477,10.531347],[7.472636,10.53135],[7.4726209,10.5313457],[7.4726075,10.531318],[7.4725914,10.5312626],[7.4725525,10.5311597],[7.4725055,10.531082],[7.4724533,10.5309805],[7.4723795,10.5308618],[7.4723554,10.5307932],[7.4722964,10.5306231],[7.4722253,10.5304755],[7.4721555,10.5303779],[7.4721166,10.5302658],[7.4720992,10.53013],[7.4720912,10.5299441],[7.4721006,10.5298637],[7.472126,10.5297859],[7.4721285,10.5297761],[7.4721161,10.5297537],[7.4718715,10.5293136],[7.4718873,10.5293613],[7.4719638,10.5295485],[7.4719892,10.5295934],[7.4720147,10.5296316],[7.4720174,10.5296593],[7.4720027,10.5296909],[7.4719825,10.5297265],[7.4719557,10.5297753],[7.4719101,10.529836],[7.471882,10.5299164],[7.4718934,10.5300034],[7.4719155,10.530074],[7.4719611,10.530157],[7.4720134,10.5302467],[7.4720114,10.5302698],[7.472002,10.5302909],[7.4719872,10.5303192],[7.4719805,10.5303502],[7.4719899,10.5304076],[7.4720047,10.5304847],[7.4720342,10.5305533],[7.4720731,10.5305836],[7.4720932,10.5306179],[7.4721039,10.5306614],[7.4721287,10.5307121],[7.4721777,10.5307886],[7.4722347,10.5308578],[7.4723037,10.5309818],[7.4723969,10.5310774],[7.4724707,10.5311664],[7.4724922,10.5312099],[7.472517,10.5312593],[7.4725378,10.5313226],[7.4725505,10.5313701],[7.4725525,10.5313984],[7.4725579,10.5314419],[7.4725746,10.5314828],[7.4725974,10.5315085],[7.4726229,10.5315138],[7.4726323,10.5315276],[7.4726283,10.5315507],[7.4726041,10.531583],[7.4725901,10.5316008],[7.4725659,10.5316114],[7.4725451,10.5316054],[7.4725257,10.5315843],[7.4725083,10.5315421],[7.4724586,10.5314195],[7.4723969,10.5313114],[7.4723272,10.5311848],[7.4721743,10.5309857],[7.4721059,10.5308974],[7.472055,10.5308196],[7.4719705,10.5306442],[7.4718887,10.5305216],[7.4718585,10.5304445],[7.4718538,10.5303357],[7.4718229,10.5301168],[7.4717814,10.5299837],[7.4717277,10.5298109],[7.4716613,10.5296764],[7.4716218,10.5295466],[7.4716104,10.5294497],[7.4716017,10.5293059],[7.4715547,10.5291424],[7.4715266,10.5289908],[7.4715158,10.5289302],[7.4715266,10.5288833],[7.4715467,10.5288636],[7.4715802,10.5288688],[7.4716218,10.5288959],[7.471658,10.5289473],[7.4716811,10.5289708],[7.4713774,10.5284241],[7.4710753,10.5276085],[7.4709901,10.5275207],[7.4709271,10.5274204],[7.4708627,10.5273664],[7.4708077,10.5273492],[7.4707554,10.5273532],[7.4707273,10.5273624],[7.4706709,10.5273782],[7.4706374,10.5273967],[7.4705771,10.5274059],[7.4705516,10.5274033],[7.4705341,10.5273809],[7.4705046,10.5273413],[7.470455,10.527307],[7.4703813,10.5272556],[7.470337,10.5271805],[7.4703008,10.5270816],[7.4702592,10.5269721],[7.4702579,10.5269247],[7.4702793,10.5268812],[7.4703263,10.5268587],[7.4703652,10.5268469],[7.4704255,10.5268442],[7.4705087,10.5268495],[7.4705757,10.5268324],[7.4706213,10.5267941],[7.4706455,10.5267717],[7.4706803,10.5267691],[7.4707139,10.5267717],[7.4707541,10.5267862],[7.4707909,10.5268276],[7.4706109,10.5263205],[7.4705905,10.5263155],[7.4705677,10.5262878],[7.4705435,10.5262456],[7.4704925,10.5262331],[7.4704389,10.5262285],[7.470345,10.5261797],[7.4702592,10.5261256],[7.4702069,10.5260742],[7.4701774,10.5260109],[7.4701546,10.525945],[7.4701264,10.5258712],[7.4700996,10.5257433],[7.4700782,10.5256787],[7.4700701,10.5256325],[7.4700634,10.5255231],[7.4700634,10.525407],[7.4700634,10.5252383],[7.470054,10.5251275],[7.4700259,10.524997],[7.4700192,10.5248994],[7.4700232,10.5247214],[7.4700222,10.5246619],[7.4699153,10.5243606],[7.4688075,10.5221899],[7.4684149,10.5216869],[7.4684286,10.5217468],[7.4684514,10.5218272],[7.4684957,10.5219195],[7.4685761,10.5221028],[7.4686418,10.5221937],[7.4687237,10.522319],[7.4688028,10.522435],[7.4689436,10.52265],[7.4690013,10.522733],[7.4690442,10.5228332],[7.4691139,10.5229704],[7.4691246,10.5230231],[7.4691434,10.523093],[7.4691649,10.5231418],[7.4691971,10.5231866],[7.4692172,10.5232249],[7.4692507,10.5232855],[7.4692681,10.5233356],[7.4692735,10.52342],[7.4692789,10.5234912],[7.4693111,10.5235756],[7.4694023,10.5238182],[7.469468,10.524012],[7.4694948,10.5240476],[7.4695162,10.5240714],[7.4695377,10.5240911],[7.4695645,10.5241201],[7.4695846,10.524165],[7.469641,10.5243733],[7.4696852,10.5245566],[7.4697107,10.5246858],[7.4697188,10.5247847],[7.4697174,10.5251196],[7.4697372,10.5253048],[7.4697174,10.525585],[7.46972,10.5257858],[7.4696825,10.5260663],[7.4696477,10.5262773],[7.4696513,10.5264018],[7.4696718,10.5265608],[7.4697469,10.5267322],[7.4697925,10.52681],[7.4698307,10.5268469],[7.4698492,10.5268482],[7.4698696,10.5268469],[7.4698824,10.5268324],[7.4699092,10.5268129],[7.4699313,10.5268185],[7.4699561,10.526839],[7.4700031,10.5268594],[7.4700433,10.5268746],[7.4700728,10.5268943],[7.4700976,10.5269234],[7.4701231,10.5269688],[7.4701446,10.527011],[7.4701492,10.5270315],[7.4701486,10.5270506],[7.4701264,10.5270934],[7.4701083,10.5271178],[7.4700996,10.5271495],[7.470101,10.5271792],[7.4701211,10.5272794],[7.4701392,10.5273242],[7.4701888,10.5274323],[7.4702083,10.5274725],[7.4702445,10.5275167],[7.4702921,10.5275477],[7.4703082,10.5275839],[7.4703189,10.5276485],[7.4703772,10.5278239],[7.4705261,10.5282643],[7.4706133,10.5284687],[7.4707232,10.5287258],[7.4707595,10.5288695],[7.4707715,10.528971],[7.4707729,10.5290976],[7.4707487,10.5293086],[7.4707179,10.5294127],[7.4707018,10.5295156],[7.4706709,10.529741],[7.4706347,10.5298742],[7.4706361,10.5299916],[7.4706522,10.530068],[7.4707018,10.5303528],[7.4707782,10.5307009],[7.4708319,10.5309383],[7.4708641,10.531144],[7.4708533,10.5312758],[7.47086,10.5313852],[7.4708748,10.5314287],[7.4709164,10.5315421],[7.4710223,10.5316779],[7.4711645,10.5318269],[7.4714354,10.5321091],[7.4716684,10.5323088],[7.4717894,10.5323899],[7.4718779,10.5324282],[7.4719919,10.5324506],[7.4721059,10.5324862],[7.4722172,10.5325363],[7.4723969,10.5325943],[7.4725284,10.5326734],[7.4726558,10.532738],[7.4727657,10.5328251],[7.472873,10.5329187],[7.4729978,10.5330294],[7.4732003,10.5332391],[7.473392,10.5334144],[7.473502,10.5334962],[7.4736254,10.5336241],[7.4737045,10.5336953],[7.4738078,10.5338917],[7.4738748,10.534013],[7.4739432,10.5341251],[7.4739768,10.534249],[7.4739955,10.5343492],[7.4740287,10.5344522],[7.4740894,10.5346077],[7.4741793,10.5347633],[7.4742436,10.5348608],[7.4742946,10.5349821],[7.474359,10.5351324],[7.4743773,10.5352309],[7.4743925,10.5353131],[7.4744005,10.5354291],[7.4744073,10.5356163],[7.4744166,10.5357442],[7.4744542,10.5359183],[7.4745092,10.5360593],[7.474572,10.5361827],[7.4746473,10.5363309],[7.4747305,10.5365103],[7.4748109,10.5366698],[7.4748618,10.5368113],[7.4749021,10.5369467],[7.4749471,10.5370681],[7.474988,10.5372117],[7.4750694,10.5373824],[7.4751046,10.5374517],[7.4751288,10.5374899],[7.4751489,10.537565],[7.4751194,10.5376244],[7.4751301,10.5376798],[7.4751717,10.5377009],[7.4751945,10.5377259],[7.4752146,10.53778],[7.4751998,10.537809],[7.4751824,10.5378393],[7.4751542,10.5378788],[7.4750644,10.5379461],[7.4750403,10.5380357],[7.4750322,10.5381201],[7.4750496,10.5382058],[7.4750671,10.538219],[7.4751019,10.5382256],[7.4751422,10.5382428],[7.475165,10.5382665],[7.4751663,10.5383219],[7.4751502,10.5383403],[7.4750912,10.5383733],[7.4750765,10.538397],[7.4750631,10.5385236],[7.4749866,10.5386633],[7.4749276,10.538749],[7.4748726,10.5388229],[7.4748284,10.5388717],[7.4747962,10.5389073],[7.474768,10.5389613],[7.4747573,10.539022],[7.4747519,10.5391077],[7.4747573,10.5391815],[7.4747693,10.5392434],[7.4747962,10.5393213],[7.4748619,10.5394294],[7.4748807,10.5394689],[7.4749196,10.539556],[7.4749504,10.5396957],[7.4749571,10.5398157],[7.4749571,10.5399871],[7.4749665,10.5401743],[7.474988,10.5403523],[7.4749799,10.5404512],[7.4749665,10.5405237],[7.4749477,10.5405738],[7.4749209,10.5406226],[7.4748726,10.5406846],[7.4748404,10.5407492],[7.474831,10.5408599],[7.4748337,10.5409549],[7.4748498,10.5410524],[7.474886,10.5411645],[7.4749705,10.5413689],[7.4750657,10.541564],[7.4751643,10.5417275],[7.4752086,10.541858],[7.4752441,10.5419371],[7.4753118,10.5420044],[7.4753574,10.542065],[7.475405,10.5421177],[7.4754533,10.5421798],[7.4754989,10.5422608],[7.475574,10.542359],[7.4757024,10.5424686],[7.475806,10.5425357],[7.4758704,10.5425884],[7.4759348,10.5426781],[7.4759562,10.5427519],[7.475975,10.5427915],[7.4759978,10.5428179],[7.4760541,10.5428521],[7.4761453,10.5428943],[7.4762017,10.5429181],[7.4762875,10.5429365],[7.4763024,10.5429412],[7.4762344,10.5428722],[7.4761775,10.5428614],[7.4761292,10.5428324],[7.4760944,10.5427849],[7.476081,10.5427493],[7.4760772,10.5427083],[7.4759773,10.5426031]],[[7.470402,10.5264296],[7.4704631,10.526483],[7.4705268,10.5265453],[7.4705576,10.526603],[7.4705744,10.5266451],[7.4705677,10.5267018],[7.4705556,10.5267361],[7.4705382,10.5267678],[7.4704885,10.5267955],[7.4704389,10.5268152],[7.4703705,10.5268152],[7.4703162,10.526806],[7.4702659,10.5267783],[7.4701895,10.5267328],[7.4701479,10.5266768],[7.4700795,10.5265278],[7.4699642,10.5262522],[7.4699065,10.5260703],[7.4698864,10.5259832],[7.4698864,10.5259107],[7.4698924,10.525885],[7.4699011,10.5258593],[7.4699072,10.5258461],[7.4699166,10.5258455],[7.4699333,10.525852],[7.4699481,10.5258705],[7.4699568,10.5258936],[7.4699716,10.5259246],[7.4699964,10.5259588],[7.4700118,10.5259859],[7.4700192,10.5260169],[7.4700198,10.5260465],[7.4700218,10.5260703],[7.4700467,10.5261045],[7.4700876,10.5261448],[7.4701747,10.5261903],[7.4702324,10.52621],[7.4702901,10.5262516],[7.470338,10.5262921],[7.4703571,10.526334],[7.4703732,10.5263887],[7.470402,10.5264296]],[[7.4716271,10.52989],[7.4716768,10.5300535],[7.4717063,10.5301854],[7.4717113,10.5302836],[7.4717237,10.5304873],[7.4717733,10.5306245],[7.4718162,10.5307444],[7.4718846,10.5308605],[7.471945,10.5309185],[7.4720268,10.530987],[7.4720885,10.5310569],[7.4721569,10.5311334],[7.4721998,10.5312125],[7.4722642,10.5313391],[7.472355,10.531465],[7.4724412,10.531616],[7.472464,10.5316911],[7.4725203,10.5317544],[7.4726413,10.53185],[7.4727631,10.5319608],[7.4728261,10.5320445],[7.4728442,10.5320498],[7.4728663,10.5320445],[7.4728876,10.5320353],[7.4729002,10.5320341],[7.4729334,10.5320366],[7.4729736,10.5320603],[7.4729978,10.5320893],[7.4730125,10.5321394],[7.4730273,10.5321711],[7.4730594,10.5321856],[7.4731091,10.5321763],[7.4731386,10.5321579],[7.4731641,10.5321407],[7.4732076,10.5321256],[7.4732204,10.5321342],[7.4732231,10.5321698],[7.473219,10.5322106],[7.4731976,10.5322528],[7.4731627,10.5322752],[7.4731171,10.5323122],[7.4730809,10.5323517],[7.4730916,10.5323847],[7.4731426,10.5324058],[7.4731748,10.5324335],[7.4731989,10.5324743],[7.4732351,10.5325192],[7.4732734,10.5326042],[7.4733223,10.5327947],[7.4733692,10.5328409],[7.4734014,10.5328567],[7.4734202,10.5329002],[7.4734189,10.5329424],[7.4734054,10.5329595],[7.47338,10.532982],[7.4733625,10.5329899],[7.4733451,10.5329872],[7.473325,10.5329675],[7.47327,10.5329279],[7.4732311,10.5328527],[7.4731654,10.532738],[7.4731198,10.5326906],[7.4730467,10.5326688],[7.4730038,10.5326543],[7.4729542,10.5326194],[7.4729301,10.532562],[7.4728073,10.5324651],[7.4727175,10.5324124],[7.4726678,10.5323932],[7.472643,10.5323893],[7.4726316,10.5323992],[7.4726283,10.532446],[7.4726035,10.5324664],[7.4725659,10.5324862],[7.472531,10.5324756],[7.4725042,10.5324572],[7.4724586,10.5324321],[7.472342,10.5323702],[7.4721596,10.5323135],[7.4720415,10.5322871],[7.4718618,10.5322119],[7.4717666,10.5321289],[7.4716982,10.532026],[7.4716754,10.5319456],[7.4716365,10.5318678],[7.4715775,10.5318309],[7.4715279,10.5318151],[7.4714421,10.5317637],[7.4713576,10.5316714],[7.4713254,10.5316371],[7.4713039,10.5315804],[7.4713013,10.5314947],[7.4712999,10.5313852],[7.4712999,10.5313655],[7.4712972,10.5313312],[7.4712811,10.5312982],[7.471257,10.5312811],[7.4712409,10.5312718],[7.4711618,10.5312468],[7.4711296,10.5312283],[7.4711095,10.5311703],[7.4710411,10.5309844],[7.4710156,10.5309],[7.4709016,10.5305506],[7.47086,10.5304267],[7.4708104,10.5302038],[7.4707769,10.5299164],[7.4708346,10.5296369],[7.4709177,10.5292888],[7.4709553,10.5290541],[7.4709257,10.5288959],[7.4708681,10.528706],[7.470793,10.528528],[7.4706776,10.5282247],[7.4705784,10.5280072],[7.4705087,10.5278595],[7.4704792,10.5277514],[7.4704671,10.5276446],[7.4704725,10.5275365],[7.4705167,10.5274903],[7.470624,10.5274587],[7.4707286,10.5274692],[7.4708104,10.5275141],[7.4709888,10.5276881],[7.4710692,10.5277909],[7.4711376,10.5278912],[7.4712135,10.5280305],[7.4712785,10.5283012],[7.4713039,10.5283764],[7.4713508,10.5285706],[7.471379,10.5287047],[7.4713898,10.5288761],[7.4714109,10.52906],[7.4714421,10.5292281],[7.4714796,10.5293323],[7.471489,10.5294141],[7.4714984,10.5295195],[7.4715145,10.5296026],[7.4715681,10.5297331],[7.4716271,10.52989]],[[7.4709848,10.5313154],[7.4710257,10.5313226],[7.4710981,10.5313701],[7.4711846,10.531434],[7.4712322,10.5315112],[7.4712416,10.5315863],[7.4712389,10.5316325],[7.4712262,10.5316766],[7.4712027,10.531676],[7.4711869,10.5316674],[7.4711725,10.5316522],[7.4711551,10.531612],[7.4711162,10.5315257],[7.4710746,10.5314452],[7.4710491,10.5314202],[7.4710257,10.5314024],[7.4709868,10.5313773],[7.4709613,10.5313641],[7.4709566,10.531347],[7.470964,10.5313318],[7.4709848,10.5313154]],[[7.4716406,10.5320339],[7.4716318,10.5320405],[7.4716097,10.5320452],[7.4715842,10.5320432],[7.4715701,10.53203],[7.4715091,10.5319805],[7.4714689,10.531939],[7.4714548,10.5319212],[7.4714548,10.5319074],[7.4714655,10.5318981],[7.471479,10.5318988],[7.4715346,10.5319113],[7.471599,10.5319469],[7.4716325,10.5319838],[7.4716466,10.5320122],[7.4716406,10.5320339]],[[7.4751019,10.5401321],[7.4750651,10.5402172],[7.475053,10.540229],[7.4750396,10.5402317],[7.4750275,10.5402033],[7.4750295,10.5401361],[7.4750188,10.5400623],[7.4750154,10.539968],[7.4750228,10.5398355],[7.4750282,10.5397544],[7.4750275,10.5396799],[7.4749967,10.5395751],[7.4749799,10.5395059],[7.4749484,10.5393944],[7.474945,10.5393569],[7.4749564,10.5392481],[7.4749504,10.5391334],[7.4749437,10.539047],[7.4749517,10.5389785],[7.4749652,10.538931],[7.475,10.5388783],[7.4750228,10.5388578],[7.4750403,10.5388519],[7.4750577,10.538869],[7.4750698,10.538902],[7.4750818,10.5389574],[7.4750899,10.5390437],[7.4750865,10.5390991],[7.4750778,10.5391578],[7.4750718,10.5392527],[7.4750865,10.5393958],[7.4750885,10.5394623],[7.475106,10.539548],[7.4751107,10.5396041],[7.4751033,10.539674],[7.475112,10.5397827],[7.475118,10.5398691],[7.4751261,10.53997],[7.4751201,10.5400728],[7.4751019,10.5401321]]],[[[7.4767086,10.5433763],[7.4766948,10.5433466],[7.4766949,10.5433395],[7.4766949,10.5433394],[7.4765921,10.5432352],[7.476602,10.5432681],[7.4766261,10.5433314],[7.4766429,10.5433782],[7.4766804,10.5434415],[7.4767334,10.5434936],[7.476775,10.5435213],[7.4768226,10.5435476],[7.4768702,10.5435707],[7.476944,10.5435977],[7.4769798,10.543603],[7.4769908,10.543604],[7.476926,10.543574],[7.476814,10.5434603],[7.4768139,10.5434603],[7.4767683,10.5434395],[7.4767321,10.5434079],[7.4767086,10.5433763]]],[[[7.4546531,10.5471283],[7.4547132,10.5471452],[7.4547905,10.5471199],[7.4547733,10.5469005],[7.4547304,10.5468751],[7.4546274,10.5469005],[7.4546531,10.5471283]]],[[[7.4808365,10.5480653],[7.4808513,10.5481049],[7.4808808,10.5481615],[7.4808942,10.5482235],[7.4809585,10.5483606],[7.4810001,10.5484121],[7.4810243,10.5484358],[7.4810511,10.548503],[7.4810645,10.548565],[7.4810752,10.5486072],[7.4811141,10.5486612],[7.4811691,10.5487509],[7.48121,10.5487871],[7.4812623,10.5488175],[7.481322,10.5488485],[7.4813481,10.548863],[7.4813776,10.5488953],[7.4814112,10.5489434],[7.481442,10.5489843],[7.4815044,10.5490561],[7.4815506,10.5491003],[7.4816653,10.5491642],[7.481778,10.5492493],[7.4818323,10.5493145],[7.4819503,10.549449],[7.4820502,10.5495189],[7.4821367,10.5495677],[7.4822661,10.5496712],[7.4823526,10.5497306],[7.4819533,10.5492714],[7.4811411,10.5483374],[7.4808952,10.5480546],[7.4808438,10.5479861],[7.4808392,10.5480126],[7.4808365,10.5480653]]],[[[7.4844801,10.5570609],[7.4830166,10.5570662],[7.4830188,10.5573367],[7.4828734,10.557333],[7.4828681,10.5574485],[7.4830172,10.5574506],[7.4830145,10.5576795],[7.4844661,10.5577142],[7.4844601,10.5575289],[7.4845191,10.5575078],[7.4845232,10.5573872],[7.4845245,10.5572257],[7.4844601,10.557165],[7.4844801,10.5570609]]],[[[7.4871574,10.5622635],[7.4871743,10.5619392],[7.4871712,10.5619437],[7.4871682,10.5619462],[7.4871615,10.5619502],[7.4871531,10.5619518],[7.4871397,10.5619455],[7.4871303,10.5619366],[7.4871196,10.561931],[7.4871089,10.5619347],[7.4871001,10.5619479],[7.4870908,10.561968],[7.4870827,10.5619844],[7.4870626,10.561991],[7.4870485,10.5619877],[7.4870405,10.5619699],[7.4870519,10.5619264],[7.4870539,10.5619126],[7.4870592,10.5618262],[7.4870566,10.5617669],[7.4870505,10.56173],[7.4870338,10.5616726],[7.4870297,10.5615711],[7.4870398,10.5615171],[7.4870519,10.5614525],[7.48707,10.5613668],[7.4870894,10.5613101],[7.4871028,10.5612949],[7.4871149,10.5612956],[7.4871223,10.5613061],[7.4871236,10.5613404],[7.4871229,10.5613826],[7.4871263,10.5614103],[7.487135,10.5614274],[7.4871451,10.561434],[7.4871545,10.5614307],[7.4871618,10.5614175],[7.4871786,10.561374],[7.487192,10.561343],[7.4872077,10.5612997],[7.4872217,10.5610311],[7.4873955,10.5577499],[7.487298,10.5569237],[7.4862985,10.5555299],[7.4856947,10.5550928],[7.4857181,10.555165],[7.4857423,10.5552494],[7.4857664,10.5553944],[7.4857879,10.5556186],[7.4857838,10.5557227],[7.4857865,10.5558005],[7.4857946,10.5558677],[7.4858107,10.5559455],[7.4858509,10.556047],[7.4859019,10.556192],[7.4859636,10.5563173],[7.4860292,10.5564057],[7.4861003,10.556556],[7.4862707,10.5569989],[7.4863739,10.5572376],[7.4863974,10.5572976],[7.4864437,10.5574057],[7.4864705,10.5574531],[7.4865067,10.5575131],[7.4865456,10.5575751],[7.4865979,10.5576805],[7.4866515,10.5578467],[7.4867079,10.5580787],[7.4867964,10.5584228],[7.486897,10.5586931],[7.4869519,10.5588592],[7.4869922,10.5590807],[7.4869935,10.5593022],[7.4870029,10.5594854],[7.4870257,10.5596621],[7.4870391,10.5598599],[7.4870203,10.5601143],[7.4869815,10.5605138],[7.4869238,10.5609133],[7.4868929,10.5611084],[7.4868366,10.5614446],[7.4868125,10.5615527],[7.486787,10.5616515],[7.4867843,10.5617517],[7.4867937,10.5618664],[7.4867763,10.5620022],[7.4867763,10.5620629],[7.4867696,10.5621011],[7.4867535,10.562138],[7.486728,10.5621723],[7.4866717,10.5622567],[7.4866301,10.5623332],[7.4865536,10.5625599],[7.4864584,10.562784],[7.48639,10.5629436],[7.486276,10.5631585],[7.4861868,10.5633404],[7.4861594,10.5633846],[7.4861158,10.563438],[7.4861077,10.5634518],[7.4861084,10.5634597],[7.4861141,10.5634643],[7.4861205,10.563464],[7.4861288,10.5634554],[7.4861687,10.5634122],[7.4861895,10.5633971],[7.4862036,10.5633918],[7.4862157,10.5633931],[7.4862224,10.5633994],[7.4862251,10.5634099],[7.4862217,10.5634363],[7.486218,10.5634551],[7.4862103,10.5634828],[7.4861875,10.5635131],[7.4861366,10.5635474],[7.4860682,10.5635764],[7.4860125,10.5635968],[7.4859636,10.5636126],[7.4859401,10.563637],[7.4859146,10.563668],[7.4859032,10.5636911],[7.4858724,10.5637392],[7.4857812,10.5638572],[7.4856953,10.563993],[7.485643,10.5641314],[7.4855612,10.5642804],[7.4854271,10.5644979],[7.4853051,10.5646627],[7.4852112,10.5647761],[7.4851669,10.5648183],[7.4850892,10.5648921],[7.4850288,10.5649673],[7.4849738,10.5650437],[7.4849376,10.5650978],[7.4849322,10.5651321],[7.4849349,10.5651466],[7.4849523,10.565165],[7.4849993,10.5651676],[7.4850328,10.5651492],[7.4850945,10.5651031],[7.4851106,10.565078],[7.4851361,10.5650305],[7.4852353,10.5649172],[7.4853171,10.5647985],[7.4853795,10.5647346],[7.4853936,10.5647313],[7.4854016,10.5647372],[7.485409,10.5647465],[7.485407,10.5648064],[7.485403,10.5648354],[7.4853963,10.5648789],[7.4853844,10.5649291],[7.4854391,10.5648864],[7.4870533,10.5625392],[7.4870918,10.5624833],[7.4870918,10.5624832],[7.4871162,10.5623767],[7.487133,10.5623094],[7.4871574,10.5622635]],[[7.4865154,10.5630431],[7.4865275,10.5630503],[7.4865335,10.5630662],[7.4865349,10.5631018],[7.4865282,10.56314],[7.486504,10.5631914],[7.4864691,10.5632125],[7.4864423,10.5632178],[7.4864249,10.5632059],[7.4864135,10.5631875],[7.4864128,10.5631697],[7.4864289,10.563136],[7.4864464,10.5631018],[7.4864638,10.5630754],[7.4864779,10.5630556],[7.486498,10.5630438],[7.4865154,10.5630431]],[[7.4867293,10.5562896],[7.4867682,10.5563793],[7.4867843,10.5564333],[7.4867853,10.55646],[7.486782,10.5564653],[7.4867742,10.556466],[7.4867612,10.5564581],[7.4867186,10.5563964],[7.486677,10.556312],[7.4866529,10.5562184],[7.4866475,10.5561499],[7.4866596,10.5561327],[7.486677,10.5561288],[7.4866911,10.5561387],[7.4867012,10.5561611],[7.4867065,10.5562066],[7.4867293,10.5562896]],[[7.4869546,10.5620655],[7.4869452,10.5620892],[7.4869251,10.5621209],[7.4868701,10.5621908],[7.4868353,10.5622369],[7.4867991,10.5622633],[7.4867749,10.5622758],[7.4867595,10.5622738],[7.4867515,10.5622606],[7.4867608,10.562233],[7.4867843,10.5621967],[7.4868225,10.5621301],[7.4868487,10.5620642],[7.4868628,10.5619851],[7.4868768,10.5618816],[7.4868802,10.5618183],[7.4868822,10.561757],[7.4868889,10.5616812],[7.4868936,10.5616337],[7.4868949,10.56161],[7.4869023,10.5615876],[7.486911,10.5615771],[7.4869278,10.5615705],[7.4869426,10.5615738],[7.4869553,10.561585],[7.486964,10.5616476],[7.4869613,10.561819],[7.4869493,10.5619139],[7.4869493,10.5619825],[7.4869573,10.5620365],[7.4869546,10.5620655]],[[7.4868701,10.5625395],[7.4868795,10.5625138],[7.4868882,10.5624841],[7.486905,10.5624511],[7.4869144,10.5624406],[7.4869234,10.5624353],[7.4869442,10.5624386],[7.4869506,10.5624465],[7.4869513,10.5624617],[7.4869473,10.5624973],[7.4869332,10.5625487],[7.4869124,10.5625995],[7.486901,10.5626159],[7.4868889,10.5626245],[7.4868651,10.5626281],[7.48685,10.5626229],[7.4868406,10.5626117],[7.4868433,10.5625988],[7.4868621,10.5625665],[7.4868701,10.5625395]],[[7.4870237,10.5612363],[7.4870532,10.561231],[7.4870659,10.5612349],[7.4870713,10.5612514],[7.4870673,10.5612923],[7.4870458,10.5613707],[7.4870217,10.5614505],[7.4870063,10.5614736],[7.4869882,10.5614887],[7.486956,10.5614861],[7.4869312,10.5614597],[7.4869211,10.5614419],[7.4869157,10.5614142],[7.4869251,10.561376],[7.4869506,10.5613259],[7.4869788,10.5612758],[7.4870016,10.5612521],[7.4870237,10.5612363]]],[[[7.476199,10.5675493],[7.4762137,10.567548],[7.4762305,10.5675585],[7.4762566,10.5675796],[7.4762808,10.5675987],[7.4763096,10.5676231],[7.4763345,10.5676411],[7.4766,10.5676269],[7.4769909,10.567606],[7.4769909,10.5676059],[7.4769976,10.5675934],[7.4770338,10.5675737],[7.477062,10.5675705],[7.4770814,10.5675743],[7.4770947,10.5675781],[7.4771042,10.5675822],[7.4771169,10.5675992],[7.4773818,10.567585],[7.4803409,10.5674799],[7.4830148,10.5667789],[7.4831877,10.5666439],[7.4831124,10.5666574],[7.482993,10.5666733],[7.4828307,10.5666825],[7.4826913,10.5667062],[7.4825478,10.5667471],[7.4823734,10.5667919],[7.4821441,10.5668235],[7.4813797,10.5669237],[7.4805428,10.5670476],[7.4800533,10.5671202],[7.4797904,10.5671663],[7.4794619,10.5672164],[7.4792728,10.5672362],[7.4789616,10.5672573],[7.4787444,10.5672507],[7.4785647,10.5672401],[7.4784212,10.5672151],[7.4782334,10.5671794],[7.477996,10.5671716],[7.4778606,10.5671716],[7.4777627,10.5671716],[7.4776554,10.5671755],[7.4776004,10.5671953],[7.4774898,10.5672553],[7.4774307,10.5672817],[7.4773658,10.5673047],[7.4773255,10.5673258],[7.4772625,10.5673403],[7.4772262,10.5673561],[7.4771726,10.5673719],[7.4771083,10.5673917],[7.4770586,10.5673851],[7.4769929,10.5673865],[7.4769124,10.5673561],[7.4768239,10.5673232],[7.4767649,10.5672797],[7.4767495,10.5672197],[7.4767488,10.5671821],[7.4767287,10.567161],[7.4766844,10.5671452],[7.476604,10.567136],[7.4765356,10.5671136],[7.4764296,10.5670832],[7.4763197,10.5670687],[7.476199,10.5670569],[7.4760434,10.5670674],[7.4758087,10.5671083],[7.4754949,10.5671267],[7.4754064,10.5671373],[7.4752897,10.5671544],[7.4750724,10.5671729],[7.4748451,10.5671966],[7.4747519,10.5672012],[7.4747302,10.5672042],[7.4747177,10.5672283],[7.4747197,10.5672507],[7.4747331,10.5672863],[7.4747694,10.567339],[7.4747908,10.567372],[7.4747908,10.5674181],[7.4747398,10.567488],[7.4746191,10.5675513],[7.4745333,10.5676014],[7.4743657,10.5676594],[7.4741987,10.5677411],[7.4740626,10.5678222],[7.473966,10.5678736],[7.4738909,10.5679481],[7.4738494,10.5680061],[7.4738333,10.5680549],[7.4738051,10.568132],[7.473782,10.5682047],[7.4754209,10.5676901],[7.4761309,10.567652],[7.4761373,10.5676251],[7.4761547,10.5675862],[7.4761768,10.5675697],[7.476199,10.5675493]],[[7.4750825,10.5673192],[7.4750932,10.5672896],[7.4751107,10.5672731],[7.4751422,10.5672533],[7.475171,10.5672388],[7.4752025,10.5672362],[7.4752401,10.5672388],[7.4752971,10.5672461],[7.4753098,10.5672513],[7.4753232,10.5672665],[7.4753219,10.5672876],[7.4752984,10.567314],[7.4752763,10.5673304],[7.4752474,10.5673549],[7.4751925,10.5673812],[7.4751436,10.5673937],[7.4751247,10.5673898],[7.475108,10.5673733],[7.4750946,10.5673528],[7.4750859,10.567335],[7.4750825,10.5673192]]],[[[7.4707326,10.5783959],[7.4707296,10.5783881],[7.4706874,10.5783284],[7.4705901,10.5778868],[7.47059,10.5778864],[7.4705355,10.5777196],[7.4705127,10.5776102],[7.4705167,10.577554],[7.4705167,10.5775539],[7.4703784,10.5769266],[7.4704504,10.5765829],[7.4704255,10.5765779],[7.4704,10.5765562],[7.4703779,10.5764889],[7.4703779,10.5764421],[7.4703799,10.5763907],[7.470386,10.5763143],[7.4703927,10.5762398],[7.4704161,10.5761145],[7.4704242,10.5760783],[7.4704275,10.5760513],[7.4704248,10.5760335],[7.4704155,10.5760242],[7.4703933,10.576011],[7.4703712,10.5759933],[7.4703524,10.5759675],[7.4703383,10.5759359],[7.4703343,10.575899],[7.470341,10.5758489],[7.4703652,10.5757131],[7.4704027,10.5755246],[7.4704282,10.5753295],[7.4704416,10.5752108],[7.4704872,10.5750381],[7.4705234,10.5749406],[7.4705918,10.5747705],[7.470675,10.5746334],[7.4707273,10.5745569],[7.4707782,10.5745055],[7.470856,10.574404],[7.4709284,10.5742564],[7.4709428,10.5742159],[7.4710059,10.5738997],[7.4710035,10.573874],[7.4709901,10.5737593],[7.4709593,10.5736644],[7.4709345,10.5736097],[7.4709251,10.573551],[7.470917,10.5735036],[7.470907,10.5734574],[7.4709083,10.5734219],[7.4709143,10.5733889],[7.4709512,10.5733322],[7.470966,10.5732571],[7.4709794,10.5731582],[7.4710102,10.5729657],[7.4710411,10.572884],[7.4711041,10.572731],[7.4712892,10.5723263],[7.4713409,10.5722203],[7.4713529,10.5721602],[7.4714717,10.5715995],[7.4719705,10.5703374],[7.4718632,10.5703725],[7.4718042,10.5704108],[7.4717077,10.5705215],[7.4716258,10.5706678],[7.4714676,10.5710225],[7.4713388,10.5713297],[7.4712798,10.571501],[7.4712516,10.5715986],[7.471198,10.5717397],[7.4709579,10.5722551],[7.4708708,10.5724239],[7.4708198,10.5724964],[7.4707246,10.5725992],[7.4705744,10.5727258],[7.4705167,10.5727864],[7.470451,10.5728682],[7.4703518,10.5730962],[7.4702606,10.5733718],[7.4701962,10.5736671],[7.4700969,10.5740204],[7.4700285,10.5742656],[7.4699481,10.5745082],[7.4698462,10.5747665],[7.4697804,10.5749182],[7.4697161,10.5750619],[7.4696812,10.5751594],[7.4696731,10.5752926],[7.4697107,10.5755338],[7.4697442,10.5757803],[7.4697617,10.5759675],[7.469755,10.5762365],[7.4697617,10.5765608],[7.469767,10.5769075],[7.4697912,10.5774309],[7.4698368,10.5776919],[7.4699253,10.577945],[7.4700245,10.5782219],[7.4701855,10.5785831],[7.4702901,10.5788098],[7.4704859,10.5791183],[7.4706388,10.5792778],[7.4707541,10.5794479],[7.4710947,10.5798777],[7.4713415,10.5801875],[7.4715354,10.5803902],[7.4716388,10.5799535],[7.4713097,10.5792088],[7.4709308,10.5786728],[7.4708815,10.578616],[7.4707876,10.5784855],[7.4707326,10.5783959]],[[7.470616,10.5736796],[7.4706643,10.5736242],[7.4706851,10.573613],[7.4707038,10.5736169],[7.4707152,10.5736341],[7.4707259,10.5736684],[7.4707608,10.5737936],[7.4707903,10.5739281],[7.470797,10.573998],[7.4707715,10.5740902],[7.470742,10.5741693],[7.470675,10.5743987],[7.4706307,10.5745147],[7.4705744,10.574578],[7.4705489,10.5746123],[7.4705274,10.5746716],[7.4705194,10.574727],[7.470514,10.5747784],[7.4704631,10.5749274],[7.4703142,10.5752161],[7.470282,10.5752497],[7.4702552,10.5752609],[7.4702304,10.575255],[7.4702156,10.5752346],[7.4702136,10.5752069],[7.4702257,10.5751383],[7.4702646,10.5750065],[7.4702887,10.5749393],[7.4703222,10.5748391],[7.470333,10.5748101],[7.470341,10.5747626],[7.4703464,10.5747112],[7.4703652,10.5746716],[7.4703839,10.57464],[7.4704108,10.5745925],[7.4704282,10.5745517],[7.4704416,10.5744765],[7.4704456,10.5744211],[7.4704376,10.5743196],[7.4704483,10.5742274],[7.4704577,10.5741179],[7.4705301,10.5738239],[7.470563,10.5737633],[7.470616,10.5736796]],[[7.4704034,10.5783497],[7.4703893,10.5783451],[7.4703591,10.5783188],[7.4703296,10.5782713],[7.4702921,10.5782146],[7.4702585,10.5781454],[7.4702532,10.5780841],[7.4702545,10.5779951],[7.4702606,10.5779397],[7.4702693,10.5778804],[7.470276,10.5778448],[7.4702807,10.5778211],[7.4702887,10.5777842],[7.4702921,10.5777664],[7.4703008,10.5777539],[7.4703088,10.5777466],[7.4703196,10.577746],[7.470331,10.5777545],[7.4703632,10.5778211],[7.4703772,10.5778606],[7.4704148,10.5780017],[7.4704322,10.5781335],[7.470451,10.5782074],[7.4704403,10.5783188],[7.4704222,10.5783445],[7.4704034,10.5783497]],[[7.4709606,10.5738022],[7.4709761,10.5738213],[7.4709807,10.5738793],[7.4709807,10.5739347],[7.4709767,10.5739835],[7.4709673,10.5740322],[7.4709613,10.5740718],[7.4709445,10.5741298],[7.4709238,10.574168],[7.4708983,10.5741977],[7.4708701,10.5742313],[7.4708419,10.5742735],[7.4708124,10.5743387],[7.4707635,10.574437],[7.4707205,10.5745161],[7.4706904,10.574549],[7.4706736,10.5745563],[7.4706596,10.5745523],[7.4706535,10.5745418],[7.4706528,10.5745246],[7.4706662,10.5744884],[7.4706884,10.5744343],[7.4707051,10.5743823],[7.470732,10.5742867],[7.4707729,10.5742003],[7.470799,10.5741541],[7.4708238,10.5741298],[7.470852,10.5740876],[7.4708829,10.5740414],[7.4708889,10.574023],[7.4708949,10.5739986],[7.4708956,10.5739709],[7.4708989,10.5739228],[7.4708969,10.5738642],[7.4708983,10.5738371],[7.4709116,10.5738068],[7.4709231,10.5738002],[7.4709418,10.5737923],[7.4709606,10.5738022]]],[[[7.4616515,10.5910621],[7.4617545,10.5910114],[7.4618575,10.5911633],[7.4615742,10.5915514],[7.4616343,10.5918298],[7.4614884,10.5920323],[7.4615142,10.5923276],[7.4616172,10.5921504],[7.4617717,10.5919901],[7.462012,10.5919817],[7.4623467,10.592007],[7.4624583,10.5920239],[7.4626643,10.5919142],[7.4627759,10.5919226],[7.4628617,10.5918129],[7.4630076,10.5917792],[7.4631278,10.5917792],[7.4631793,10.5918298],[7.4633338,10.5916864],[7.4634024,10.5916864],[7.4635226,10.5917539],[7.4636342,10.591737],[7.4638144,10.5915176],[7.4639517,10.5914502],[7.4639692,10.5912052],[7.4638436,10.59094],[7.4632929,10.5905856],[7.4628651,10.5903359],[7.4627759,10.5902859],[7.4624836,10.5901149],[7.4621914,10.589925],[7.4620436,10.5901324],[7.4620721,10.5902859],[7.4619176,10.5903702],[7.4618403,10.5906065],[7.4617287,10.5908596],[7.4616515,10.5910621]]],[[[7.4560563,10.5976557],[7.4559487,10.5972623],[7.4553748,10.5974139],[7.4554823,10.5978074],[7.4560563,10.5976557]]],[[[7.4541153,10.5980341],[7.4545273,10.5979413],[7.4544758,10.5977304],[7.4540638,10.5978148],[7.4541153,10.5980341]]]]}},{"type":"Feature","properties":{"kind":"land","id":"kaduna-south","localUnitId":"kaduna-south","name":"Kaduna South"},"geometry":{"type":"MultiPolygon","coordinates":[[[[7.3911072,10.4812513],[7.3910911,10.4812526],[7.3910757,10.4812572],[7.3910657,10.4812697],[7.3910563,10.4813812],[7.3910442,10.481428],[7.3910308,10.481461],[7.3910294,10.4814979],[7.3910394,10.4815281],[7.391065,10.4815671],[7.3910817,10.4815994],[7.3911005,10.481612],[7.391117,10.4816156],[7.3911338,10.4816125],[7.3911756,10.4816021],[7.391203,10.4815841],[7.3912118,10.4815783],[7.391218,10.4815711],[7.3912197,10.4815618],[7.3912078,10.4814847],[7.3912092,10.4814544],[7.3912164,10.4814422],[7.3912282,10.4814352],[7.3912936,10.481428],[7.3913446,10.481428],[7.3913674,10.4814267],[7.3913875,10.4814207],[7.3914009,10.4814095],[7.391408,10.4813927],[7.3914103,10.4813726],[7.391407,10.4813565],[7.3913996,10.4813423],[7.3913942,10.4813347],[7.3913808,10.4813238],[7.391348,10.4813185],[7.391254,10.4813086],[7.3912105,10.4812961],[7.391183,10.4812895],[7.3911227,10.4812559],[7.3911072,10.4812513]]],[[[7.3915713,10.4815236],[7.3915203,10.4815183],[7.391468,10.481519],[7.3914304,10.4815163],[7.3913915,10.4815183],[7.3913721,10.4815223],[7.3913667,10.4815294],[7.3913667,10.4815381],[7.3913728,10.4815513],[7.3913902,10.4815638],[7.3916182,10.4816535],[7.3918059,10.481701],[7.3918676,10.4817056],[7.3918998,10.4817122],[7.3919561,10.4817353],[7.392038,10.4817656],[7.3920929,10.4817827],[7.3922079,10.4817946],[7.3922539,10.4817959],[7.3922861,10.4818038],[7.3923055,10.4818134],[7.3923182,10.4818236],[7.3923357,10.4818487],[7.3923461,10.4818572],[7.3923585,10.4818605],[7.3923756,10.4818582],[7.392384,10.4818526],[7.3924001,10.4818394],[7.3924064,10.481823],[7.3924108,10.4818058],[7.3924202,10.481755],[7.3924202,10.4817326],[7.3924135,10.4817128],[7.3923933,10.4816891],[7.3923652,10.4816693],[7.392325,10.4816561],[7.3923011,10.4816509],[7.3922767,10.4816509],[7.3922646,10.4816525],[7.3922566,10.481664],[7.3922539,10.4816865],[7.3922549,10.4817013],[7.3922539,10.4817135],[7.3922502,10.4817175],[7.3922445,10.4817201],[7.3922301,10.4817181],[7.3921717,10.4816944],[7.392162,10.4816868],[7.3921493,10.4816716],[7.3921362,10.4816489],[7.3921285,10.4816364],[7.3921144,10.4816248],[7.3920903,10.4816166],[7.3920366,10.4816087],[7.3918247,10.4815744],[7.3916457,10.4815374],[7.3915713,10.4815236]]],[[[7.3878688,10.481819],[7.3878758,10.4818355],[7.3878856,10.4818401],[7.387898,10.4818398],[7.38791,10.4818358],[7.3880381,10.4817425],[7.3880904,10.4816996],[7.3881702,10.481641],[7.3882399,10.4816126],[7.3882855,10.4815994],[7.3883137,10.4815813],[7.3883167,10.4815684],[7.3883167,10.4815589],[7.388314,10.481555],[7.3881129,10.4816055],[7.3880596,10.4816344],[7.3878963,10.4817547],[7.3878789,10.4817682],[7.3878708,10.4817864],[7.3878681,10.4818048],[7.3878688,10.481819]]],[[[7.3930129,10.4815678],[7.3929553,10.4815572],[7.392911,10.481552],[7.3928413,10.4815361],[7.3928203,10.4815365],[7.3928091,10.4815401],[7.3928007,10.4815457],[7.3927984,10.4815559],[7.3928022,10.4815706],[7.3928158,10.4815876],[7.3928601,10.4816416],[7.3929057,10.481697],[7.3929767,10.4817603],[7.3930652,10.4818276],[7.3931417,10.4818632],[7.3932262,10.4818869],[7.3933785,10.4819073],[7.3935816,10.4819317],[7.3936151,10.4819304],[7.3936339,10.4819225],[7.3936392,10.4819156],[7.3936419,10.4819027],[7.3936379,10.481883],[7.3936218,10.4818249],[7.3936178,10.4818078],[7.3936057,10.4817847],[7.3935883,10.4817682],[7.3935641,10.4817537],[7.3935427,10.4817498],[7.3933785,10.4817047],[7.393249,10.4816456],[7.3931149,10.4815994],[7.3930129,10.4815678]]],[[[7.3942186,10.4820267],[7.3942079,10.4820372],[7.3942105,10.482057],[7.3942186,10.4820702],[7.3942441,10.4820887],[7.3943675,10.4821783],[7.394456,10.4822416],[7.3945096,10.4822733],[7.3945579,10.4822891],[7.3946491,10.4823181],[7.3947027,10.4823366],[7.3947725,10.4823946],[7.3948824,10.4824619],[7.3949857,10.4825001],[7.3950702,10.482537],[7.3951386,10.4825489],[7.3951735,10.4825476],[7.3952043,10.4825278],[7.3952278,10.4824995],[7.3952365,10.4824737],[7.3952365,10.4824553],[7.3952271,10.4824388],[7.3952137,10.4824249],[7.3951956,10.4824124],[7.3951547,10.4824038],[7.3951346,10.4824091],[7.3951205,10.4824197],[7.3951208,10.4824352],[7.3951228,10.4824428],[7.3951205,10.482449],[7.3951114,10.4824559],[7.395086,10.4824569],[7.3950219,10.482446],[7.3949736,10.4824315],[7.3949267,10.4824025],[7.3948932,10.4823696],[7.3948663,10.4823313],[7.3948503,10.4822838],[7.3948342,10.4822324],[7.3948158,10.4822012],[7.3945703,10.4820909],[7.3944506,10.4820702],[7.3944063,10.4820557],[7.3943581,10.4820333],[7.3943098,10.4820227],[7.3942387,10.4820188],[7.3942186,10.4820267]]],[[[7.3871724,10.4833283],[7.3871027,10.4834351],[7.3869739,10.4836184],[7.3869176,10.4837265],[7.386876,10.4838558],[7.3868348,10.4840025],[7.3868311,10.4840279],[7.3868318,10.4840473],[7.3868372,10.4840684],[7.3868492,10.4840819],[7.3868603,10.4840865],[7.3868734,10.4840852],[7.3868978,10.4840697],[7.3869471,10.484018],[7.3869807,10.4839936],[7.3870081,10.4839725],[7.3870266,10.4839636],[7.3870318,10.4839585],[7.3870321,10.4839527],[7.3870278,10.4839471],[7.3870088,10.4839342],[7.3869739,10.4839118],[7.3869605,10.4838999],[7.3869511,10.4838848],[7.3869498,10.4838558],[7.3869532,10.48383],[7.3869622,10.483802],[7.3869914,10.4837384],[7.3870464,10.4836474],[7.3871262,10.4835505],[7.3871664,10.4835155],[7.3872016,10.4834977],[7.387265,10.4834733],[7.3872817,10.4834628],[7.3872864,10.4834522],[7.3872831,10.483443],[7.3872653,10.4834318],[7.3872536,10.4834222],[7.3872505,10.4834146],[7.3872502,10.4834005],[7.3872569,10.4833823],[7.3873072,10.4833078],[7.3873555,10.4832676],[7.3874393,10.4832102],[7.3876204,10.4830843],[7.3878148,10.4830006],[7.3879851,10.4829063],[7.3882681,10.4827098],[7.3884867,10.4825858],[7.3886624,10.4825107],[7.3887952,10.4824619],[7.3889387,10.482421],[7.3890835,10.4823814],[7.3891975,10.4823326],[7.3892511,10.4822957],[7.3893638,10.4821823],[7.3894215,10.4821124],[7.3894952,10.4820597],[7.3896736,10.4819898],[7.3899756,10.4819047],[7.3902245,10.4818541],[7.3905051,10.4818065],[7.3907129,10.4817682],[7.3908605,10.4817234],[7.3908994,10.4816944],[7.3909197,10.4816515],[7.3909007,10.481606],[7.3908597,10.4815756],[7.39078,10.4815137],[7.3907049,10.4814702],[7.3905788,10.4814412],[7.3904776,10.4814399],[7.3904233,10.4814445],[7.3903502,10.4814577],[7.3903133,10.4814544],[7.3902744,10.4814399],[7.3902134,10.4814082],[7.3901638,10.4813937],[7.3900766,10.4813713],[7.3899887,10.4813561],[7.3899224,10.4813555],[7.3898359,10.4813568],[7.3897004,10.4813805],[7.3896521,10.4813977],[7.389629,10.4814128],[7.3895019,10.4815124],[7.3894443,10.4815414],[7.3893987,10.481548],[7.3892699,10.4815526],[7.389221,10.4815599],[7.3891848,10.4815684],[7.389103,10.4815968],[7.388942,10.4816456],[7.3887274,10.4817128],[7.3885491,10.4817999],[7.3883519,10.4819179],[7.3882996,10.4819495],[7.3882259,10.4819766],[7.3881488,10.4820056],[7.3880904,10.4820333],[7.3880287,10.4820748],[7.3879181,10.4821836],[7.3878269,10.4822918],[7.3877411,10.4823775],[7.3876727,10.4824513],[7.3875748,10.4825621],[7.3874836,10.4827375],[7.3873816,10.4829511],[7.3873119,10.4830962],[7.3872475,10.4832188],[7.3871724,10.4833283]]],[[[7.3979844,10.4839969],[7.397969,10.4839738],[7.3979542,10.4839599],[7.3979267,10.4839474],[7.3978999,10.4839428],[7.3978805,10.4839474],[7.3978744,10.4839548],[7.3978718,10.4839652],[7.3978758,10.483985],[7.3978946,10.484014],[7.3979167,10.4840328],[7.3979378,10.4840377],[7.3979596,10.4840377],[7.397975,10.4840311],[7.3979851,10.4840153],[7.3979844,10.4839969]]],[[[7.3994301,10.4843542],[7.3993953,10.4843529],[7.3993678,10.4843608],[7.3993403,10.484372],[7.3993188,10.4843978],[7.3993104,10.4844212],[7.3993067,10.4844505],[7.3993128,10.4844782],[7.3993349,10.4845079],[7.3993698,10.4845316],[7.3993899,10.4845375],[7.399406,10.4845382],[7.3994207,10.4845382],[7.3994321,10.4845336],[7.3994409,10.4845253],[7.3994677,10.4844821],[7.3995146,10.4844073],[7.3995153,10.4843981],[7.3995143,10.4843895],[7.3995103,10.4843819],[7.3994999,10.484374],[7.3994717,10.4843635],[7.3994301,10.4843542]]],[[[7.3995864,10.4844221],[7.3995709,10.4844228],[7.3995579,10.4844278],[7.3995458,10.484438],[7.3995334,10.4844558],[7.3994999,10.4845085],[7.3994771,10.4845613],[7.3994797,10.4845817],[7.3994898,10.4845989],[7.3995106,10.484614],[7.3995274,10.484618],[7.3995428,10.4846167],[7.3995723,10.4845972],[7.3995857,10.4845824],[7.3996373,10.4845342],[7.3996816,10.4844795],[7.3996859,10.4844667],[7.3996846,10.4844571],[7.3996715,10.4844439],[7.3996541,10.4844373],[7.3996313,10.484434],[7.3996031,10.4844268],[7.3995864,10.4844221]]],[[[7.3988897,10.4845224],[7.3988655,10.4845204],[7.3988414,10.4845257],[7.3988159,10.4845408],[7.3987918,10.484558],[7.3987844,10.4845705],[7.3987783,10.4845863],[7.398779,10.4846015],[7.3987864,10.484618],[7.3987991,10.4846417],[7.3988125,10.4846615],[7.3988374,10.4847017],[7.3988669,10.4847413],[7.3988997,10.4847756],[7.3989192,10.4847907],[7.3989379,10.484796],[7.3989567,10.4847881],[7.3989668,10.4847749],[7.3989728,10.4847538],[7.3989674,10.4847195],[7.3989741,10.4847011],[7.3989835,10.4846892],[7.3990063,10.4846786],[7.3990211,10.4846655],[7.3990278,10.4846457],[7.3990197,10.4846285],[7.3990037,10.4846008],[7.3989996,10.4845718],[7.3989809,10.4845494],[7.3989567,10.4845323],[7.3988897,10.4845224]]],[[[7.39849,10.4847709],[7.3984243,10.484738],[7.3984009,10.4847306],[7.3983874,10.4847283],[7.398374,10.4847314],[7.3983682,10.4847411],[7.3983673,10.4847518],[7.39837,10.484769],[7.3983814,10.4848211],[7.3984042,10.4848633],[7.3984458,10.4849147],[7.398486,10.484945],[7.3985195,10.4849674],[7.3985772,10.4849819],[7.3986174,10.4849859],[7.3986456,10.484979],[7.398658,10.4849585],[7.3986617,10.4849384],[7.3986576,10.48492],[7.3986382,10.4848896],[7.3986161,10.4848659],[7.3985946,10.4848448],[7.3985718,10.4848263],[7.398549,10.4848066],[7.39849,10.4847709]]],[[[7.3987814,10.4849401],[7.3987737,10.4849496],[7.3987606,10.4849559],[7.3987395,10.4849579],[7.3987207,10.4849608],[7.3987046,10.4849714],[7.3986992,10.4849846],[7.3987019,10.485007],[7.3987153,10.4850281],[7.3987274,10.4850439],[7.3987596,10.4850663],[7.3988239,10.4850861],[7.3988709,10.4850914],[7.3989004,10.4851006],[7.3989151,10.4851164],[7.3989218,10.4851415],[7.3989406,10.4851771],[7.3989755,10.4852127],[7.399005,10.485247],[7.3990244,10.4852615],[7.3990493,10.4852694],[7.3990881,10.4852681],[7.3991525,10.4852628],[7.3992853,10.4852734],[7.3993979,10.485305],[7.3995401,10.4853406],[7.3996367,10.485367],[7.3998003,10.4854066],[7.3998767,10.4854105],[7.3999419,10.4854092],[7.4000712,10.4854158],[7.4001181,10.4854158],[7.4001329,10.4854092],[7.4001423,10.4853934],[7.4001382,10.4853551],[7.4001195,10.4853156],[7.4000884,10.4852955],[7.4000148,10.4852773],[7.3999196,10.4852523],[7.3998727,10.4852457],[7.3998418,10.4852365],[7.3998217,10.4852246],[7.399815,10.485214],[7.399815,10.4851956],[7.3998311,10.485189],[7.3998606,10.4851916],[7.3998821,10.4851863],[7.3998874,10.4851718],[7.3998767,10.4851547],[7.3998405,10.4851468],[7.399748,10.4851178],[7.3996635,10.4851006],[7.3995906,10.4850929],[7.3993859,10.4850466],[7.3993188,10.4850123],[7.3992893,10.4849925],[7.3992759,10.484974],[7.3992719,10.4849529],[7.3992732,10.4849094],[7.3992705,10.4848764],[7.3992647,10.4848634],[7.3992571,10.484854],[7.399243,10.4848464],[7.3992303,10.4848448],[7.3992186,10.4848443],[7.3992075,10.4848461],[7.3992006,10.4848512],[7.3991954,10.484858],[7.3991928,10.4848715],[7.3991927,10.4848989],[7.3991891,10.4849068],[7.3991807,10.484912],[7.3991418,10.4849134],[7.3990814,10.4849055],[7.3990345,10.4849028],[7.3990073,10.4849028],[7.3989822,10.4849088],[7.3989594,10.4849252],[7.3989433,10.4849411],[7.3989269,10.4849496],[7.3989031,10.4849463],[7.3988843,10.4849331],[7.3988548,10.4849015],[7.398836,10.4848659],[7.3988065,10.4848356],[7.3987797,10.4848277],[7.3987663,10.4848313],[7.3987596,10.4848408],[7.3987599,10.4848544],[7.3987649,10.4848685],[7.398776,10.4848923],[7.3987857,10.4849071],[7.3987877,10.4849203],[7.3987814,10.4849401]]],[[[7.4034078,10.4851732],[7.4033663,10.485069],[7.4033609,10.4850607],[7.4033542,10.4850535],[7.4033431,10.4850515],[7.4033368,10.4850541],[7.4033324,10.4850588],[7.4033301,10.4850703],[7.4033314,10.4850888],[7.4033311,10.4851069],[7.4033327,10.4851277],[7.4033327,10.4851817],[7.4033301,10.4853011],[7.4033448,10.4854395],[7.4033488,10.4854725],[7.4033547,10.4854865],[7.4033636,10.4854949],[7.4033787,10.4854982],[7.4033936,10.4854957],[7.4034145,10.4854923],[7.4034454,10.4854857],[7.4034789,10.4854804],[7.403533,10.4854834],[7.4035741,10.4854976],[7.4035996,10.4855173],[7.4036197,10.4855266],[7.4036392,10.4855259],[7.4036586,10.4855226],[7.4036781,10.4855147],[7.4036942,10.4855032],[7.4037029,10.48549],[7.4037015,10.4854751],[7.4036918,10.4854554],[7.4036761,10.4854369],[7.4036452,10.4854158],[7.403605,10.4854026],[7.4035728,10.4853973],[7.4035446,10.4853934],[7.4035044,10.4853868],[7.4034829,10.4853729],[7.4034715,10.4853472],[7.4034601,10.4853063],[7.4034213,10.4852167],[7.4034078,10.4851732]]],[[[7.4045746,10.4854501],[7.4045572,10.4855068],[7.4045169,10.4855332],[7.4044619,10.4855384],[7.4043962,10.4855147],[7.4043426,10.4855121],[7.404297,10.4855279],[7.4042648,10.4855674],[7.4042568,10.4855912],[7.4042782,10.4856202],[7.4043238,10.4856545],[7.4043962,10.4856914],[7.404466,10.485731],[7.404525,10.4857679],[7.404592,10.4858075],[7.4046618,10.4858338],[7.4047261,10.485847],[7.4047878,10.4858391],[7.4048442,10.4858417],[7.4049622,10.4858497],[7.4050775,10.4858497],[7.4051633,10.4858523],[7.4052599,10.4858839],[7.4053511,10.4859288],[7.4054953,10.4859897],[7.4055791,10.4860079],[7.4056837,10.4860211],[7.4058098,10.4860211],[7.4058446,10.4860343],[7.4058661,10.486058],[7.4059036,10.4860923],[7.4059586,10.4861015],[7.4060109,10.4860923],[7.4060807,10.4860686],[7.4061571,10.4860593],[7.4062175,10.4860613],[7.4062657,10.4860593],[7.4063234,10.4860593],[7.4063824,10.4860666],[7.4064387,10.4860864],[7.4064991,10.4861331],[7.4065521,10.4861978],[7.4065957,10.4862651],[7.4066278,10.4863007],[7.4066842,10.4863402],[7.4067566,10.4863692],[7.4068136,10.4863943],[7.4068612,10.4864246],[7.4068987,10.4864826],[7.4069443,10.4865697],[7.4069819,10.4865934],[7.4070382,10.4865987],[7.4070919,10.4865802],[7.4071535,10.4865802],[7.4071965,10.4866119],[7.4072206,10.4866541],[7.4072417,10.4866841],[7.4072659,10.486692],[7.4072957,10.4866936],[7.4073319,10.4866883],[7.4073654,10.4866593],[7.407403,10.4866171],[7.4074513,10.4865565],[7.4074781,10.4864879],[7.4074788,10.486447],[7.4074721,10.4864226],[7.4074533,10.4863996],[7.4074271,10.4863778],[7.4073795,10.4863501],[7.4073514,10.4863244],[7.4073292,10.4862927],[7.4072823,10.4862545],[7.4072206,10.4862334],[7.4071509,10.4862209],[7.4071026,10.4862176],[7.4070677,10.486209],[7.4070489,10.4861886],[7.4070342,10.4861582],[7.40701,10.4860672],[7.4069866,10.4860114],[7.4069728,10.4859947],[7.4069323,10.4859637],[7.4069095,10.4859466],[7.4068464,10.4858958],[7.4067928,10.4858721],[7.4067271,10.4858549],[7.4066667,10.4858365],[7.4065836,10.4858088],[7.4065272,10.4858127],[7.4064575,10.485847],[7.4064253,10.4858655],[7.4063878,10.4858773],[7.4063636,10.4859011],[7.4063341,10.485905],[7.4063086,10.4859011],[7.4062657,10.4858523],[7.4062094,10.4857956],[7.4061477,10.485756],[7.4060284,10.4856901],[7.4058849,10.4856255],[7.4056864,10.4855437],[7.4055281,10.4854672],[7.405276,10.4853538],[7.4051231,10.4853169],[7.4050614,10.4853116],[7.4050158,10.4853222],[7.4049622,10.4853644],[7.4048978,10.4853644],[7.404812,10.4853195],[7.4047503,10.4852589],[7.4047074,10.4851877],[7.4046671,10.4851217],[7.4046457,10.4850986],[7.4046236,10.4850861],[7.40459,10.4850802],[7.4045652,10.4850901],[7.4045572,10.4851049],[7.4045558,10.4851168],[7.4045625,10.4851296],[7.4045719,10.4851521],[7.4045733,10.4852061],[7.4045759,10.4852734],[7.40458,10.4853393],[7.4045867,10.4853868],[7.4045746,10.4854501]]],[[[7.4033542,10.4859116],[7.4033596,10.485934],[7.4033587,10.4859512],[7.4033542,10.4859644],[7.4033394,10.4859749],[7.4033207,10.4859828],[7.4033073,10.4859987],[7.4033032,10.4860171],[7.4033086,10.4860382],[7.4033274,10.486058],[7.4033421,10.4860659],[7.4033596,10.4860633],[7.4033743,10.4860541],[7.403385,10.4860448],[7.4033985,10.4860409],[7.4034099,10.4860451],[7.4034166,10.4860531],[7.4034202,10.486062],[7.4034259,10.4860695],[7.4034333,10.4860725],[7.4034427,10.4860722],[7.4034508,10.4860672],[7.4034588,10.4860593],[7.4034668,10.4860224],[7.4034896,10.4859664],[7.4034987,10.4859222],[7.4034997,10.485907],[7.4034962,10.4858877],[7.4034873,10.4858726],[7.4034796,10.4858638],[7.4034695,10.485849],[7.4034635,10.4858279],[7.4034645,10.4858154],[7.4034719,10.4858081],[7.4034816,10.4857999],[7.4034886,10.4857933],[7.40349,10.485789],[7.4034896,10.4857847],[7.4034878,10.4857796],[7.4034845,10.4857768],[7.4034736,10.4857699],[7.4034632,10.4857613],[7.4034525,10.4857401],[7.4034481,10.485731],[7.403442,10.4857277],[7.4034313,10.4857303],[7.4034253,10.4857369],[7.4034226,10.4857455],[7.4034233,10.4857692],[7.4034206,10.485791],[7.4034152,10.4857982],[7.4034018,10.4858127],[7.403385,10.4858299],[7.4033663,10.4858464],[7.4033515,10.4858688],[7.4033475,10.4858919],[7.4033542,10.4859116]]],[[[7.4046497,10.4860537],[7.404637,10.4860531],[7.4046175,10.486062],[7.4046078,10.4860738],[7.4045914,10.4861048],[7.404578,10.4861378],[7.4045672,10.4862176],[7.4045659,10.4862387],[7.4045719,10.4862617],[7.4045833,10.4862743],[7.4045981,10.4862802],[7.4046182,10.4862842],[7.4046557,10.4862947],[7.4046671,10.4863059],[7.4046712,10.4863442],[7.4046712,10.4863732],[7.4046745,10.4863829],[7.4046832,10.4863949],[7.404698,10.4864141],[7.4047121,10.4864238],[7.4047261,10.4864272],[7.4047396,10.4864256],[7.4047516,10.4864207],[7.404761,10.4864061],[7.4047624,10.4863798],[7.404761,10.4863468],[7.4047516,10.4863112],[7.4047436,10.4862624],[7.4047175,10.4861586],[7.4047074,10.4861213],[7.4046886,10.4860844],[7.4046779,10.4860699],[7.4046658,10.4860606],[7.4046497,10.4860537]]],[[[7.4039966,10.4861774],[7.4039899,10.4861965],[7.4039872,10.4862228],[7.4039859,10.4862505],[7.4039818,10.4863231],[7.4039765,10.4863722],[7.4039657,10.4863982],[7.4039607,10.486421],[7.4039631,10.4864497],[7.4039681,10.4864737],[7.4039738,10.4864879],[7.4039832,10.4865077],[7.4040006,10.4865116],[7.4040167,10.4865077],[7.4040301,10.4864998],[7.4040462,10.486476],[7.4040576,10.4864378],[7.4040677,10.4864009],[7.404073,10.4863692],[7.4040764,10.4863363],[7.4040724,10.4863132],[7.404065,10.4862914],[7.4040475,10.4862637],[7.4040361,10.4862499],[7.4040274,10.4862268],[7.4040261,10.4861925],[7.4040201,10.4861754],[7.404014,10.4861675],[7.4040073,10.4861688],[7.4039966,10.4861774]]],[[[7.3836174,10.503429],[7.3855069,10.5050765],[7.3875391,10.5063736],[7.3886443,10.5070396],[7.3895185,10.5074866],[7.3902486,10.5084768],[7.3916789,10.5095258],[7.3932936,10.5111643],[7.3934385,10.5117311],[7.3940025,10.51201],[7.3944303,10.5126644],[7.3954286,10.5145806],[7.395595,10.5158659],[7.3947869,10.5182962],[7.3943991,10.5192438],[7.3943477,10.5204022],[7.3948032,10.5214887],[7.3952385,10.5223927],[7.3958279,10.5233462],[7.3962936,10.5241295],[7.3967878,10.5254041],[7.396984,10.5264009],[7.3969944,10.5272458],[7.3969876,10.5280712],[7.3971608,10.5289867],[7.3971662,10.5294778],[7.3974656,10.5305188],[7.3973871,10.5309964],[7.3979816,10.5328763],[7.3988078,10.5332572],[7.3988962,10.5334896],[7.3996975,10.5339145],[7.4002941,10.5341914],[7.4002486,10.5344648],[7.4009016,10.534663],[7.4015998,10.5346324],[7.4018452,10.5343666],[7.4022775,10.5344909],[7.4032153,10.5343241],[7.4054997,10.5337288],[7.4078329,10.5372306],[7.4068137,10.5375289],[7.4061787,10.5381197],[7.4076049,10.5409395],[7.4080327,10.5434164],[7.408413,10.5460334],[7.4091593,10.5472562],[7.4081713,10.5488278],[7.4073155,10.5503855],[7.4084149,10.5506111],[7.4075852,10.5531245],[7.4066738,10.5532746],[7.4070345,10.555006],[7.4080521,10.5560967],[7.4072969,10.5566342],[7.4075197,10.5572464],[7.4083306,10.5570434],[7.4086354,10.5579764],[7.4100455,10.5573504],[7.4101125,10.5585953],[7.4110474,10.5587468],[7.4111701,10.5591651],[7.4116631,10.5594453],[7.411839,10.5604615],[7.413572,10.5603426],[7.4135295,10.5595622],[7.4149056,10.5589188],[7.4150593,10.5592723],[7.4163791,10.5583911],[7.4165479,10.5584208],[7.4171444,10.558103],[7.4171594,10.5578481],[7.4179071,10.556777],[7.42045,10.5555414],[7.4215696,10.5531444],[7.4221402,10.5496008],[7.423763,10.5495401],[7.4249879,10.5495738],[7.4254548,10.5498346],[7.4267999,10.5502747],[7.427001,10.5499739],[7.4268066,10.5494327],[7.4267959,10.5493989],[7.4259782,10.5489782],[7.4254848,10.5488229],[7.4249669,10.5488414],[7.4246461,10.54881],[7.4240932,10.548718],[7.4231455,10.5488114],[7.4226636,10.5486727],[7.4226262,10.548531],[7.4227258,10.5483499],[7.421868,10.5482273],[7.4216719,10.5479848],[7.4207418,10.5480435],[7.4202636,10.5478417],[7.4181511,10.5472548],[7.4182296,10.5462374],[7.4183532,10.544527],[7.4189616,10.5433493],[7.4191898,10.5429474],[7.4197959,10.5415465],[7.4200427,10.541472],[7.4205161,10.5413292],[7.421871,10.5409592],[7.4221968,10.5408703],[7.4223391,10.5408314],[7.4225469,10.5396564],[7.4226892,10.5388681],[7.4230487,10.5371931],[7.4230806,10.5370647],[7.423537,10.5348868],[7.4243836,10.5346479],[7.4240903,10.5336029],[7.4238906,10.532807],[7.4237583,10.5322795],[7.4234449,10.5308543],[7.4234276,10.5298196],[7.4234258,10.529714],[7.4237379,10.5287652],[7.4239392,10.5283493],[7.425004,10.5267977],[7.4258977,10.5250404],[7.426158,10.5241723],[7.4261366,10.5229968],[7.4255842,10.5216319],[7.4254651,10.5213377],[7.4252132,10.5207356],[7.425207,10.5207207],[7.4251205,10.520514],[7.4247521,10.5196961],[7.4245649,10.5193014],[7.4242773,10.5186949],[7.4242173,10.5185685],[7.423843,10.5176957],[7.4238014,10.5175987],[7.4234804,10.5168374],[7.423484,10.5166759],[7.423534,10.5165576],[7.4235169,10.5165149],[7.4230337,10.5155498],[7.4228716,10.5152262],[7.4228627,10.5152204],[7.4215887,10.5117463],[7.4215784,10.5114814],[7.4210919,10.5112587],[7.4196042,10.5108852],[7.4193988,10.5104289],[7.4192304,10.5100549],[7.4191782,10.5099389],[7.4190909,10.5097448],[7.419028,10.5092839],[7.4190084,10.5091407],[7.4188957,10.5083142],[7.4188817,10.5082118],[7.4188056,10.5071461],[7.4188313,10.5069881],[7.4190148,10.5058561],[7.4184824,10.5049027],[7.4184824,10.5027609],[7.4184014,10.5027761],[7.4183075,10.502759],[7.4181533,10.502784],[7.4180594,10.5028605],[7.417928,10.5029528],[7.4178046,10.5030425],[7.4176142,10.5031533],[7.4172708,10.5033168],[7.4170402,10.5034249],[7.4169007,10.5034565],[7.4166861,10.5035066],[7.4164367,10.503533],[7.4161121,10.5035884],[7.4159485,10.5036042],[7.4157098,10.5036306],[7.415522,10.5036807],[7.4152055,10.5036807],[7.4149266,10.5036886],[7.4147013,10.5036728],[7.414602,10.5036148],[7.414476,10.5035594],[7.4143526,10.503533],[7.41413,10.5035277],[7.4139784,10.5035343],[7.4138752,10.5035172],[7.4137987,10.5035093],[7.4137423,10.5035125],[7.4136552,10.503506],[7.4135734,10.5034941],[7.4134815,10.5034882],[7.4134172,10.5034763],[7.4132609,10.5034302],[7.4132053,10.5034117],[7.4131302,10.5033656],[7.4130397,10.5033154],[7.4129652,10.50327],[7.4128452,10.5032067],[7.4127553,10.5031618],[7.4126648,10.5031064],[7.4125743,10.5030636],[7.412463,10.5030267],[7.4124033,10.5030029],[7.4122886,10.5029515],[7.4121706,10.5028968],[7.4120788,10.5028506],[7.4119882,10.5028216],[7.4118601,10.5027785],[7.4118327,10.5027722],[7.4117428,10.5027537],[7.411665,10.5027168],[7.4115926,10.502639],[7.411551,10.5025757],[7.4115014,10.5025084],[7.4114759,10.5024676],[7.4114531,10.5024135],[7.4114169,10.502341],[7.4113981,10.5022605],[7.4113727,10.502188],[7.4113673,10.5021274],[7.4113485,10.5020799],[7.4113244,10.5020377],[7.4113043,10.5019797],[7.4112761,10.5018597],[7.4112117,10.5017423],[7.411138,10.501592],[7.4110937,10.501439],[7.4110508,10.501265],[7.4110052,10.5010065],[7.4109462,10.5007955],[7.4109053,10.5006795],[7.4107665,10.5004922],[7.4107316,10.5003736],[7.4107021,10.5002232],[7.4106941,10.5000175],[7.41069,10.4999694],[7.4106894,10.4999114],[7.4106538,10.4997775],[7.4105988,10.4996734],[7.410576,10.4995811],[7.4105546,10.4995059],[7.410538,10.4994126],[7.4104916,10.4993002],[7.4104419,10.4991011],[7.4104325,10.498927],[7.4104352,10.4988413],[7.4104245,10.4987622],[7.4103883,10.498691],[7.4103735,10.4986224],[7.4103722,10.4985551],[7.4103722,10.4984338],[7.4103749,10.4983297],[7.4103695,10.4982162],[7.4103346,10.4980844],[7.410277,10.497938],[7.4102689,10.4978602],[7.4102743,10.49776],[7.4102837,10.4977046],[7.4102984,10.4976215],[7.4102823,10.4975464],[7.4102555,10.4974923],[7.410222,10.4974066],[7.4102207,10.4973169],[7.4102059,10.4971877],[7.4101777,10.4970875],[7.4101469,10.4969925],[7.4101268,10.4969029],[7.410104,10.4968356],[7.4100852,10.496771],[7.4100584,10.4967103],[7.4100329,10.496655],[7.4100275,10.4966207],[7.4100289,10.4965448],[7.4100302,10.4965264],[7.4100286,10.4965037],[7.4100252,10.4964908],[7.4100168,10.4964763],[7.409994,10.4964479],[7.4099538,10.4963794],[7.409935,10.4963292],[7.4099189,10.4962462],[7.4099283,10.4961064],[7.4099524,10.4958901],[7.4099524,10.4957147],[7.4099725,10.4955539],[7.4099793,10.4954457],[7.4100061,10.4953455],[7.4100155,10.4952618],[7.4100403,10.4951794],[7.4100731,10.4951213],[7.4101683,10.495033],[7.4102019,10.4949829],[7.410216,10.4949229],[7.4102314,10.4948866],[7.4102528,10.4948497],[7.4103051,10.4947851],[7.4103427,10.4946638],[7.4103695,10.4945794],[7.4103883,10.4944923],[7.4104017,10.4944013],[7.4103963,10.4942893],[7.4104097,10.4941284],[7.4104419,10.4939583],[7.4104795,10.4938528],[7.4105117,10.4937948],[7.4105345,10.4937447],[7.4105412,10.4936932],[7.4105197,10.4936326],[7.4104835,10.4935152],[7.4104206,10.4932924],[7.4103883,10.4931724],[7.4103588,10.4930102],[7.410332,10.4928255],[7.4103132,10.4926831],[7.4102676,10.4924932],[7.4101764,10.492248],[7.4101335,10.4920633],[7.4101281,10.4918682],[7.4101388,10.4916124],[7.4101429,10.4915319],[7.4101462,10.4915177],[7.4101469,10.4915039],[7.4101419,10.4914858],[7.4101281,10.4914581],[7.4101,10.4914185],[7.4100852,10.4913789],[7.4100678,10.4913262],[7.4100758,10.4912721],[7.4100906,10.491222],[7.4101134,10.4911877],[7.4101281,10.4911759],[7.4101429,10.4911614],[7.4101576,10.4911508],[7.4101657,10.4911363],[7.4101643,10.4911126],[7.4101536,10.4910902],[7.4101429,10.4910796],[7.4101335,10.4910427],[7.4101415,10.4909794],[7.4101321,10.4909477],[7.4101026,10.490862],[7.4101026,10.4907974],[7.4101053,10.4907539],[7.4101026,10.4907091],[7.4100959,10.4906761],[7.4100664,10.4906154],[7.4100436,10.4905864],[7.4100235,10.490568],[7.4099987,10.4905574],[7.4099799,10.4905481],[7.4099591,10.490531],[7.4099377,10.4905047],[7.4098559,10.4904018],[7.4098129,10.4903253],[7.4097821,10.4902383],[7.4097419,10.4901407],[7.4096453,10.4899508],[7.4095769,10.4898255],[7.4094978,10.4897293],[7.4094307,10.4896211],[7.4093724,10.48954],[7.4093409,10.4894919],[7.4093201,10.4894642],[7.4092872,10.4894392],[7.4092577,10.4894273],[7.4092269,10.4894022],[7.4092028,10.4893759],[7.40918,10.489331],[7.4091726,10.4893126],[7.4091625,10.4893007],[7.4091451,10.4892941],[7.4091119,10.4892882],[7.4090908,10.4892822],[7.4090713,10.4892756],[7.4090569,10.4892661],[7.4090418,10.4892506],[7.409023,10.4892295],[7.409013,10.4892143],[7.4089875,10.4891998],[7.4089299,10.4891748],[7.4089084,10.4891583],[7.4088889,10.4891359],[7.4088675,10.4891187],[7.4088474,10.4891134],[7.4088205,10.4891108],[7.4087951,10.4891082],[7.4087696,10.4891016],[7.4087495,10.4890831],[7.4087052,10.489037],[7.4086636,10.4890132],[7.4086355,10.4890066],[7.4085885,10.489004],[7.408551,10.4890211],[7.4085255,10.4890633],[7.4085215,10.4891134],[7.4085389,10.4891662],[7.4085309,10.489215],[7.4084855,10.4892644],[7.4084343,10.4892822],[7.4083833,10.489306],[7.4083364,10.4893033],[7.4082841,10.4892967],[7.4082345,10.489277],[7.4082036,10.4892334],[7.4081942,10.4891926],[7.4081781,10.4891359],[7.4081647,10.4891134],[7.4081299,10.4890937],[7.4080534,10.4890515],[7.4080132,10.4890106],[7.407981,10.4889671],[7.4079609,10.4889275],[7.4079475,10.4888959],[7.4079059,10.488797],[7.407867,10.4887416],[7.4077637,10.48864],[7.4077155,10.4886057],[7.4076229,10.4885385],[7.4075438,10.4884976],[7.4075022,10.4884739],[7.4074258,10.4884027],[7.4073051,10.4883354],[7.4072206,10.4882827],[7.4071817,10.4882655],[7.4071468,10.4882616],[7.4071214,10.4882536],[7.4070717,10.488222],[7.40701,10.4881389],[7.4068625,10.4879886],[7.4066694,10.4877433],[7.4065272,10.4876154],[7.4064696,10.4875521],[7.4064334,10.487498],[7.4063918,10.4874558],[7.4063603,10.4874136],[7.4063509,10.4874021],[7.4063395,10.4873991],[7.4063086,10.4873991],[7.4062939,10.4873991],[7.4062738,10.4873978],[7.406259,10.4873859],[7.4062537,10.4873675],[7.4062537,10.48735],[7.4062577,10.4873391],[7.4062684,10.4873329],[7.4062805,10.4873312],[7.4062942,10.4873325],[7.4063043,10.4873339],[7.406314,10.4873345],[7.4063251,10.4873315],[7.4063368,10.4873253],[7.4064169,10.4872388],[7.4064468,10.4872],[7.4064656,10.4871697],[7.406479,10.4871328],[7.4064843,10.4871156],[7.4064857,10.4870906],[7.406479,10.4870734],[7.4064649,10.4870599],[7.4064468,10.4870589],[7.4064334,10.4870602],[7.406424,10.4870597],[7.4064158,10.4870564],[7.4064116,10.4870474],[7.4064121,10.4870396],[7.4064226,10.4870312],[7.4064267,10.4870167],[7.4064213,10.4869996],[7.4064092,10.486989],[7.4063636,10.4869692],[7.4063314,10.486964],[7.4062845,10.4869706],[7.4062604,10.4869917],[7.4062389,10.4870134],[7.4062141,10.4870273],[7.4061826,10.4870338],[7.4061035,10.4870431],[7.4059989,10.4870233],[7.4059466,10.4870233],[7.4059224,10.4870312],[7.4058929,10.4870338],[7.4058513,10.4870207],[7.4057829,10.4870035],[7.4057454,10.4869969],[7.4057239,10.4869867],[7.4057014,10.4869712],[7.4056716,10.4869396],[7.4056384,10.4869079],[7.4056183,10.4869007],[7.4055959,10.4868964],[7.405569,10.4868924],[7.4055455,10.4868915],[7.4055308,10.4868941],[7.4055134,10.4869073],[7.4054946,10.4869204],[7.4054705,10.4869277],[7.4054584,10.4869284],[7.4054369,10.4869218],[7.4054195,10.486904],[7.4054021,10.4868842],[7.405388,10.4868604],[7.4053726,10.4868347],[7.4053591,10.4868196],[7.4053317,10.4868051],[7.4051714,10.4867352],[7.4050433,10.4866574],[7.4049629,10.4866356],[7.4049025,10.4866297],[7.4048194,10.4866336],[7.4047831,10.4866475],[7.4047248,10.4866607],[7.4046738,10.486662],[7.4045873,10.4866363],[7.4044841,10.486596],[7.4043419,10.486569],[7.4042501,10.4865433],[7.4041602,10.4865182],[7.4041294,10.4865179],[7.4041056,10.4865212],[7.4040828,10.4865285],[7.4040643,10.4865367],[7.4040382,10.486567],[7.4039966,10.4866],[7.403955,10.4866105],[7.4039342,10.4866072],[7.4039108,10.4865908],[7.4038906,10.4865664],[7.4038752,10.4865472],[7.4038571,10.4865327],[7.4038196,10.4865196],[7.4037619,10.486505],[7.4037042,10.4864523],[7.4036358,10.4863442],[7.4035701,10.4862743],[7.4033931,10.4861714],[7.403259,10.486116],[7.4031034,10.4860817],[7.4029639,10.4860184],[7.4028379,10.4859696],[7.4027225,10.4859393],[7.4024611,10.4858748],[7.4022934,10.4858233],[7.4021426,10.4857872],[7.4019366,10.4857197],[7.4018146,10.4856769],[7.4017569,10.485665],[7.4016859,10.4856571],[7.4016255,10.4856571],[7.4015665,10.4856439],[7.4014726,10.4856031],[7.4013653,10.4855714],[7.4012554,10.4855424],[7.4010408,10.4855147],[7.4009731,10.485516],[7.4009261,10.4855187],[7.4008618,10.4855272],[7.4008222,10.4855246],[7.4007545,10.4855206],[7.4006975,10.4855114],[7.4005929,10.4854896],[7.4005043,10.4854685],[7.4004212,10.4854494],[7.4003622,10.4854422],[7.4002978,10.4854356],[7.4002066,10.4854356],[7.4000504,10.4854389],[7.3999612,10.4854455],[7.3998941,10.4854448],[7.3998016,10.4854382],[7.3995307,10.4853795],[7.3994737,10.4853604],[7.3993517,10.4853274],[7.3992766,10.4853202],[7.3991968,10.4853222],[7.399125,10.4853268],[7.3990895,10.485336],[7.3990539,10.4853456],[7.3990228,10.4853439],[7.3989983,10.4853377],[7.3989574,10.4853202],[7.3989339,10.4852958],[7.398906,10.4852612],[7.398758,10.4851605],[7.3986378,10.4851014],[7.3984779,10.4850505],[7.398439,10.4850373],[7.3983814,10.4849925],[7.3983358,10.4849186],[7.3982835,10.4848079],[7.3982516,10.4847504],[7.3981179,10.4846035],[7.3980622,10.4845461],[7.3979931,10.484492],[7.3979174,10.4844426],[7.3978181,10.4843687],[7.3977712,10.4843318],[7.397745,10.4843021],[7.3977283,10.484281],[7.3976733,10.4842224],[7.3975056,10.4840747],[7.3974279,10.4840114],[7.3971811,10.4838729],[7.396988,10.4837845],[7.3969531,10.4837687],[7.3969293,10.4837651],[7.3969052,10.4837654],[7.3968874,10.483771],[7.3968706,10.4837776],[7.3968522,10.4837789],[7.3968341,10.483778],[7.3968123,10.4837717],[7.3967935,10.4837602],[7.396766,10.4837423],[7.3966788,10.4836784],[7.3965937,10.4835907],[7.3965481,10.4835472],[7.3964918,10.4835116],[7.396422,10.4834773],[7.3963365,10.4834479],[7.3963054,10.4834338],[7.3962822,10.4834222],[7.3962517,10.4834021],[7.3962259,10.4833738],[7.3961726,10.4833302],[7.3961397,10.4833085],[7.3961102,10.483296],[7.3960787,10.4832874],[7.3960277,10.4832735],[7.395964,10.4832584],[7.3958903,10.4832333],[7.3958366,10.4832083],[7.3957998,10.4831773],[7.3956928,10.4831047],[7.3956147,10.4830507],[7.3955915,10.4830296],[7.3955738,10.4830138],[7.3955537,10.4829933],[7.3955278,10.482962],[7.3955134,10.4829376],[7.3954936,10.4829132],[7.3954762,10.4828997],[7.3954675,10.4828974],[7.3954563,10.4828961],[7.3954403,10.4828971],[7.3954289,10.4829018],[7.3954196,10.4829125],[7.3953988,10.4829346],[7.395381,10.4829547],[7.3953719,10.4829589],[7.3953619,10.48296],[7.395352,10.4829595],[7.3953455,10.4829571],[7.3953297,10.4829425],[7.3953109,10.4829218],[7.3952831,10.4828901],[7.3952556,10.4828727],[7.3952382,10.4828651],[7.3952234,10.4828624],[7.3952013,10.4828614],[7.3951674,10.4828595],[7.3951492,10.4828558],[7.3951362,10.4828502],[7.3951255,10.4828418],[7.3951076,10.4828314],[7.395093,10.4828258],[7.395042,10.4828087],[7.3950025,10.4827988],[7.3948771,10.4827612],[7.3946759,10.4827164],[7.3945525,10.4826821],[7.3944808,10.4826498],[7.394352,10.4825819],[7.3942394,10.4825107],[7.394169,10.4824579],[7.394118,10.4824315],[7.3940617,10.4824236],[7.3940107,10.4824104],[7.393941,10.4823735],[7.3932887,10.4822423],[7.3929593,10.4821652],[7.3928681,10.4821599],[7.3928037,10.4821533],[7.3927568,10.4821375],[7.3925918,10.4820728],[7.3923102,10.4820043],[7.3921042,10.4819638],[7.3917845,10.4818777],[7.3917335,10.4818671],[7.3917174,10.4818592],[7.3916692,10.4818025],[7.3916544,10.4817867],[7.3916262,10.4817775],[7.3914009,10.4817405],[7.3913473,10.4817366],[7.3913017,10.4817484],[7.3912574,10.4817709],[7.3910576,10.4818777],[7.3908682,10.4819047],[7.3907579,10.4818994],[7.3906606,10.4818968],[7.3905902,10.481906],[7.3905326,10.4819199],[7.3904863,10.4819397],[7.3904273,10.481968],[7.3903656,10.4819898],[7.3903294,10.481995],[7.3901856,10.4820109],[7.3901591,10.4820142],[7.3901245,10.4820148],[7.39009,10.4820079],[7.3900655,10.4820033],[7.3900323,10.4820016],[7.3899847,10.4820076],[7.3899418,10.4820181],[7.3896776,10.4821223],[7.3895676,10.4821678],[7.3895234,10.4821896],[7.3894764,10.4822159],[7.3894121,10.4822693],[7.389339,10.4823313],[7.3892505,10.4823973],[7.3891173,10.4824702],[7.3889896,10.4825397],[7.3888381,10.482599],[7.3887107,10.4826472],[7.3885457,10.4827236],[7.3883922,10.4827988],[7.3882762,10.4828509],[7.3881105,10.4829505],[7.3878068,10.4831456],[7.3877035,10.4831977],[7.3876056,10.4832887],[7.387503,10.4833757],[7.3874272,10.4834496],[7.3873562,10.4835234],[7.3872556,10.4836342],[7.387151,10.483774],[7.3871094,10.4838782],[7.3870732,10.483956],[7.3870343,10.4840285],[7.3869726,10.4841103],[7.3868975,10.4842184],[7.38686,10.484312],[7.3868224,10.4844175],[7.3867674,10.4846417],[7.3867097,10.4848474],[7.3866346,10.484974],[7.3865207,10.4851389],[7.3863329,10.4854066],[7.3859976,10.4858853],[7.3858649,10.4860963],[7.3856691,10.4863666],[7.385606,10.4864457],[7.3855296,10.4865393],[7.3854679,10.486596],[7.3851983,10.486807],[7.3848952,10.487018],[7.3846619,10.4871433],[7.3840249,10.4874835],[7.3836241,10.4876691],[7.3833932,10.4877881],[7.3829506,10.4880018],[7.3827401,10.4880928],[7.3826006,10.4881389],[7.382492,10.4881627],[7.3823498,10.4881798],[7.3822533,10.4882114],[7.3821808,10.4882457],[7.3820025,10.4883578],[7.3818697,10.4884409],[7.3816578,10.4885635],[7.381462,10.4886558],[7.3811428,10.4887877],[7.3807552,10.4889644],[7.3800552,10.4892625],[7.3798044,10.4893706],[7.3792264,10.4895967],[7.3790038,10.4896983],[7.3788911,10.4897451],[7.3785947,10.4898479],[7.3785008,10.4898842],[7.3784408,10.4899066],[7.3784083,10.4899205],[7.378408,10.4899206],[7.3782153,10.4900311],[7.3781937,10.4900517],[7.3781463,10.4900826],[7.3780603,10.4901334],[7.3780212,10.4901455],[7.3793391,10.4928774],[7.3798739,10.4945951],[7.3815591,10.4965999],[7.3827892,10.499417],[7.3828861,10.4995987],[7.3828363,10.4997226],[7.3828872,10.5009716],[7.3836174,10.503429]]],[[[7.4410019,10.4824153],[7.441222,10.4817246],[7.441336,10.4813133],[7.4415357,10.4810608],[7.4416593,10.4808832],[7.4414954,10.4807552],[7.4415262,10.480313],[7.4415357,10.4799858],[7.4413075,10.4797146],[7.441222,10.4794903],[7.4413931,10.4790602],[7.4409463,10.4783217],[7.4412315,10.4779197],[7.4414121,10.4776205],[7.4411269,10.4770409],[7.4409938,10.4762369],[7.4409938,10.4759004],[7.4410889,10.4753769],[7.4407656,10.4752179],[7.4406991,10.4747692],[7.4408641,10.4746181],[7.4410964,10.4743379],[7.4411463,10.474214],[7.4411725,10.4741533],[7.4411677,10.4741042],[7.4411891,10.4740504],[7.4411939,10.4739803],[7.4412105,10.4739359],[7.4411986,10.4739055],[7.4412058,10.4738541],[7.4412058,10.4737816],[7.4412129,10.4736765],[7.4411868,10.4735947],[7.4410251,10.4736274],[7.4408944,10.4736531],[7.4406135,10.4732453],[7.4404689,10.4726359],[7.440623,10.4724507],[7.4406135,10.4715813],[7.4405755,10.4708988],[7.4401265,10.4699853],[7.4401595,10.4693422],[7.4402451,10.4687813],[7.4403378,10.4674841],[7.4404376,10.4669792],[7.4401809,10.4665095],[7.4399171,10.466257],[7.4398334,10.4655859],[7.4399028,10.4651912],[7.4395392,10.4645602],[7.4390971,10.4636487],[7.4388761,10.4630456],[7.4385529,10.4628811],[7.4382628,10.4624637],[7.437614,10.462653],[7.437138,10.4609531],[7.4368813,10.4607498],[7.4361262,10.459573],[7.4350605,10.454675],[7.4347366,10.4527751],[7.4339979,10.4497939],[7.4339403,10.4494931],[7.4335289,10.4481068],[7.4328523,10.4460436],[7.4323297,10.4444519],[7.4318395,10.4442437],[7.4259693,10.444528],[7.4251044,10.4444598],[7.4236634,10.4445183],[7.4234377,10.4445387],[7.4227573,10.4445679],[7.4214916,10.4446001],[7.420327,10.4445855],[7.4195041,10.4445533],[7.4191669,10.4445328],[7.4191683,10.4444423],[7.4190525,10.4441326],[7.4189465,10.4439834],[7.4188415,10.443817],[7.4187431,10.4436939],[7.4187113,10.4436176],[7.4186157,10.4434986],[7.4185771,10.4434051],[7.4184909,10.4433291],[7.4184523,10.4432444],[7.4184107,10.4431479],[7.4183881,10.4430085],[7.4183483,10.4429171],[7.4182443,10.4428061],[7.4181463,10.4427798],[7.4180542,10.4427564],[7.4180186,10.4426571],[7.4180542,10.4425373],[7.4181089,10.4424076],[7.4180394,10.4423035],[7.4178997,10.4422276],[7.4177987,10.4422042],[7.4177244,10.4420786],[7.4177201,10.4419493],[7.4176472,10.4417922],[7.417561,10.4415322],[7.417467,10.4414603],[7.4173382,10.4413832],[7.4173649,10.4411845],[7.4172669,10.4410968],[7.4171186,10.4410416],[7.4170411,10.4409508],[7.4170203,10.4408514],[7.4169757,10.4407053],[7.416949,10.4405359],[7.4169401,10.4403722],[7.416935,10.4401603],[7.4168809,10.4399367],[7.4167612,10.4396446],[7.4161881,10.4389395],[7.4160518,10.4388295],[7.4159234,10.4387635],[7.4158913,10.438625],[7.4158497,10.4385403],[7.4157695,10.4384409],[7.4156834,10.4383854],[7.4155913,10.4383766],[7.4155021,10.4383533],[7.4153506,10.4383328],[7.4152436,10.438324],[7.4151337,10.4383562],[7.4149982,10.4383252],[7.4149911,10.4382095],[7.4150054,10.4380973],[7.4149555,10.4380202],[7.4149584,10.4378941],[7.4148929,10.4377598],[7.4148164,10.4377257],[7.4147451,10.437652],[7.4145847,10.4375223],[7.4141675,10.4371541],[7.4140454,10.4370032],[7.4139189,10.4368573],[7.4138788,10.4367685],[7.413836,10.4367229],[7.4137183,10.4366177],[7.4135587,10.4365633],[7.4134723,10.436495],[7.4133369,10.4364354],[7.4132941,10.4365265],[7.4132656,10.4366387],[7.4132121,10.4366948],[7.4131479,10.4366843],[7.4130409,10.4366072],[7.4129982,10.4365546],[7.4128591,10.436502],[7.4127272,10.4364529],[7.4126274,10.4363197],[7.4125454,10.4362565],[7.4124812,10.4362425],[7.4123992,10.4362846],[7.4122388,10.4363302],[7.4120748,10.4363898],[7.4119422,10.436336],[7.4118145,10.4362601],[7.4117111,10.4361969],[7.4116113,10.436211],[7.4115507,10.4361794],[7.4115329,10.4361093],[7.4115079,10.4359971],[7.4114758,10.4359024],[7.4114426,10.435704],[7.411243,10.4356573],[7.4111194,10.4357134],[7.4107771,10.4358162],[7.4105142,10.4358584],[7.4102733,10.4358256],[7.4102377,10.4357213],[7.4098264,10.4356292],[7.4096648,10.4357695],[7.4094271,10.4358162],[7.4091884,10.4358188],[7.4091146,10.4355423],[7.4083975,10.4355544],[7.4077985,10.4356246],[7.4065436,10.4355404],[7.4056594,10.4354142],[7.4048038,10.4352739],[7.4052202,10.4364472],[7.4054579,10.4382587],[7.4045666,10.4410929],[7.4035565,10.443209],[7.401655,10.4433142],[7.4007994,10.443583],[7.3995595,10.4443699],[7.3988282,10.4449215],[7.3982617,10.4456181],[7.398086,10.4488203],[7.3979442,10.4514053],[7.3979052,10.452116],[7.3978383,10.4541639],[7.3978993,10.4567373],[7.3983606,10.4633087],[7.3985623,10.4671113],[7.398658,10.467809],[7.3988632,10.4682997],[7.3991294,10.4687765],[7.4009085,10.4704326],[7.4018775,10.471361],[7.4045991,10.4725828],[7.4045991,10.4732865],[7.4043135,10.474242],[7.4039852,10.4749293],[7.4031332,10.4756118],[7.4031902,10.4763784],[7.4016501,10.4776686],[7.4012888,10.4789587],[7.4009085,10.479987],[7.4005472,10.480978],[7.3991972,10.482829],[7.3987557,10.4836365],[7.398964,10.4837172],[7.3993161,10.4838531],[7.3994275,10.4838692],[7.3995173,10.4838742],[7.3995844,10.483898],[7.3996729,10.4839322],[7.3998499,10.4840509],[7.4000457,10.4841854],[7.4003545,10.4843756],[7.4005768,10.4844624],[7.4007895,10.4845135],[7.4012313,10.4845969],[7.4013533,10.4846365],[7.4015316,10.484676],[7.4017127,10.4847182],[7.4020573,10.4847973],[7.4022733,10.4848665],[7.4023289,10.4848903],[7.402396,10.4849199],[7.4024617,10.4849417],[7.4025106,10.4849503],[7.4025529,10.484949],[7.4026202,10.4849275],[7.402693,10.4849094],[7.4027675,10.4849028],[7.4028513,10.4849022],[7.4029639,10.4849035],[7.4030417,10.4849055],[7.403098,10.4848975],[7.4031866,10.4848844],[7.4032429,10.4848791],[7.403271,10.4848807],[7.4033019,10.484887],[7.4033361,10.4849074],[7.4033797,10.4849318],[7.4034333,10.4849925],[7.4035031,10.4850743],[7.4035674,10.4851666],[7.4036077,10.4852127],[7.4036486,10.4852535],[7.4036935,10.4852984],[7.4037552,10.4853327],[7.4038605,10.4853788],[7.4039825,10.4854244],[7.4040677,10.4854587],[7.4040953,10.4854672],[7.4041215,10.4854738],[7.4041486,10.48547],[7.4041783,10.4854613],[7.4042159,10.4854362],[7.4042712,10.4853652],[7.4043016,10.4853169],[7.4043328,10.4852505],[7.4043285,10.4852008],[7.4043138,10.4851574],[7.4042715,10.4850733],[7.4042651,10.4850528],[7.4042594,10.4850321],[7.4042608,10.4850228],[7.4042661,10.485007],[7.4042749,10.4849941],[7.4042896,10.4849855],[7.4043121,10.4849843],[7.4043346,10.4849813],[7.4043748,10.4849737],[7.4044126,10.4849602],[7.4044351,10.4849496],[7.4044559,10.4849447],[7.4044894,10.4849381],[7.4045054,10.4849401],[7.4045196,10.484945],[7.4045334,10.484951],[7.4045445,10.4849611],[7.4045598,10.4849872],[7.4045974,10.4850241],[7.404694,10.4850637],[7.4047744,10.4850921],[7.4048535,10.4851125],[7.4050936,10.4851692],[7.4052063,10.4851929],[7.4053243,10.4852219],[7.4054798,10.4852589],[7.4055992,10.4853063],[7.4058161,10.485399],[7.4062141,10.4855762],[7.406477,10.4856437],[7.4065692,10.485682],[7.4066175,10.485702],[7.4066882,10.4857217],[7.406863,10.4857584],[7.4069648,10.4857917],[7.4070141,10.485814],[7.4072817,10.486014],[7.4073949,10.4861108],[7.4075451,10.4862374],[7.4077557,10.4864563],[7.4078469,10.4865222],[7.4079327,10.4865565],[7.4080279,10.4865987],[7.4081513,10.4866488],[7.4082345,10.4866936],[7.4083297,10.4867385],[7.4084517,10.4867938],[7.4085107,10.4868334],[7.4085832,10.4868716],[7.4086341,10.4868941],[7.4087387,10.4869231],[7.4088702,10.48696],[7.4089265,10.4869824],[7.4089627,10.4869982],[7.4090029,10.4870154],[7.4090472,10.4870339],[7.4090834,10.4870484],[7.4091142,10.4870563],[7.409137,10.4870609],[7.4091746,10.4870721],[7.409196,10.487078],[7.4092162,10.4870873],[7.4092484,10.4871037],[7.4093241,10.4871631],[7.4093784,10.487204],[7.4094281,10.4872409],[7.4094951,10.4872831],[7.4095662,10.4873688],[7.4096104,10.4874598],[7.409644,10.4875903],[7.4096842,10.4877895],[7.409711,10.4878936],[7.4097379,10.488069],[7.4097345,10.4881086],[7.4097204,10.4881521],[7.4097137,10.4882049],[7.4097144,10.4882418],[7.4097218,10.488284],[7.4097338,10.4883222],[7.4097513,10.4883671],[7.4097781,10.488404],[7.4098143,10.488429],[7.4098307,10.4884429],[7.4098425,10.488458],[7.409876,10.4885227],[7.4099712,10.4887284],[7.410159,10.4890079],[7.4102904,10.4892994],[7.4105304,10.4897741],[7.4106954,10.4901064],[7.4107866,10.4903042],[7.4108215,10.4903636],[7.4108523,10.4904058],[7.4108765,10.4904295],[7.4109167,10.4904915],[7.4109569,10.4905666],[7.4110883,10.4908989],[7.411197,10.49128],[7.411256,10.4914356],[7.4113002,10.4915398],[7.4113606,10.4917719],[7.4114276,10.4920976],[7.4114786,10.4922651],[7.4115041,10.4923455],[7.4115872,10.4925077],[7.411659,10.4926251],[7.4117113,10.492724],[7.4117401,10.4927622],[7.411775,10.4927926],[7.4118125,10.4928387],[7.4118454,10.4929033],[7.4118662,10.4929798],[7.4118716,10.4930286],[7.4118689,10.4930629],[7.4118541,10.493173],[7.411828,10.4933214],[7.4118065,10.493444],[7.4117971,10.4935023],[7.411783,10.493533],[7.4117683,10.4935465],[7.4117562,10.4935554],[7.4117502,10.4935666],[7.4117495,10.4935851],[7.4117495,10.4936471],[7.4117485,10.4937229],[7.4117462,10.4937394],[7.4117348,10.4937565],[7.411724,10.4937691],[7.4117083,10.4937803],[7.4116939,10.4937875],[7.4116758,10.4937921],[7.4116613,10.4938033],[7.4116576,10.4938149],[7.411657,10.4938291],[7.4116697,10.4938666],[7.4116768,10.4939016],[7.4116838,10.4939649],[7.4117093,10.4940559],[7.4117455,10.4941271],[7.4117871,10.4941666],[7.4118514,10.4941917],[7.4118957,10.4942194],[7.4119225,10.4942418],[7.4119547,10.4942919],[7.4119815,10.4943532],[7.412005,10.4944139],[7.4120137,10.4944554],[7.4120137,10.4945306],[7.412011,10.4946044],[7.4120218,10.4946453],[7.4120311,10.4946664],[7.4120606,10.4946954],[7.4120928,10.4947363],[7.412121,10.4947838],[7.4121693,10.4948932],[7.4121934,10.4950007],[7.4122283,10.495153],[7.4122377,10.4952189],[7.4122417,10.4952915],[7.4122444,10.4953666],[7.4122417,10.4954405],[7.4122685,10.495658],[7.4122967,10.495786],[7.4123208,10.4958479],[7.4123852,10.4959574],[7.412416,10.496026],[7.412467,10.4961249],[7.4125099,10.4962185],[7.4125247,10.4962778],[7.4125314,10.4963451],[7.4125555,10.4965758],[7.4125622,10.4966985],[7.4125743,10.4968448],[7.4125676,10.4968976],[7.4125569,10.4969371],[7.4125099,10.497073],[7.4124429,10.497218],[7.4124241,10.4972695],[7.412412,10.4973103],[7.4123865,10.4973565],[7.4123651,10.4974165],[7.4123423,10.4974554],[7.4123356,10.4974785],[7.4123302,10.4974943],[7.4123289,10.4975101],[7.4123262,10.497522],[7.4123231,10.4975517],[7.4123289,10.4975938],[7.4123369,10.497665],[7.4123356,10.4977165],[7.4123289,10.4978694],[7.4123248,10.4979275],[7.4123248,10.4979697],[7.4123248,10.4980046],[7.4123255,10.4980336],[7.4123235,10.4980758],[7.4123181,10.4981206],[7.4123208,10.4981727],[7.4123155,10.4982136],[7.4123094,10.4983086],[7.4123108,10.498354],[7.4123168,10.498445],[7.4123228,10.4984951],[7.4123517,10.4986224],[7.4123946,10.4987358],[7.4123839,10.4989415],[7.4123946,10.4990655],[7.412412,10.4992422],[7.4124134,10.4994848],[7.4123798,10.4996074],[7.4123557,10.4997011],[7.4123383,10.4997775],[7.4123584,10.5000729],[7.4123557,10.5003353],[7.4123289,10.5004197],[7.4122846,10.5005002],[7.412239,10.5005423],[7.41218,10.5006043],[7.4121425,10.5006953],[7.4121062,10.5008865],[7.4120486,10.5010263],[7.412003,10.5011582],[7.4119869,10.5012768],[7.4119762,10.5013599],[7.4119802,10.5014759],[7.4119963,10.5015814],[7.4120526,10.5016882],[7.4121103,10.5017964],[7.4121827,10.5018979],[7.4123181,10.5020509],[7.412404,10.5021405],[7.4125502,10.5022882],[7.4126574,10.50237],[7.412762,10.5024478],[7.4128693,10.5025084],[7.4129847,10.502548],[7.4132971,10.5026693],[7.4134943,10.5027102],[7.4136928,10.502755],[7.4138591,10.5027946],[7.4139932,10.5028157],[7.4140871,10.5028394],[7.4145967,10.5028632],[7.4148354,10.5028843],[7.4150231,10.502879],[7.4154013,10.5028157],[7.4157044,10.5027498],[7.4161148,10.5026021],[7.4163374,10.5025071],[7.4165225,10.5024649],[7.4168283,10.5023779],[7.4170107,10.5023489],[7.4170992,10.5023067],[7.4172172,10.5022223],[7.4173003,10.5021696],[7.4174237,10.5021221],[7.4174854,10.5021168],[7.4176356,10.5021379],[7.4178448,10.5021326],[7.4180835,10.5021142],[7.4182217,10.502072],[7.4183612,10.5020126],[7.4184631,10.501952],[7.4185395,10.5019098],[7.4187756,10.5017924],[7.4189311,10.5017028],[7.4191363,10.5015907],[7.4192865,10.5014997],[7.4194193,10.5013968],[7.4196178,10.5012096],[7.4197747,10.501021],[7.4199651,10.5008087],[7.4201046,10.5006492],[7.4203165,10.5004711],[7.4204345,10.5003894],[7.420527,10.5003208],[7.4206504,10.5002404],[7.4207349,10.5001507],[7.4207523,10.5000795],[7.4207631,10.4999701],[7.4207577,10.4998923],[7.4207564,10.4998092],[7.4207671,10.4997129],[7.4208204,10.499492],[7.4208476,10.4993793],[7.4208583,10.4992989],[7.4208865,10.4992066],[7.4208851,10.4990773],[7.4208556,10.4989494],[7.42081,10.4988558],[7.4207632,10.4987696],[7.4206893,10.4986804],[7.4206518,10.4986013],[7.420641,10.4985433],[7.4206477,10.4984971],[7.4206518,10.4984233],[7.4207483,10.498236],[7.4207886,10.4981345],[7.420814,10.4980514],[7.420865,10.4979341],[7.4209589,10.4977996],[7.4210916,10.4975609],[7.4212311,10.4973604],[7.4213277,10.4971917],[7.4214499,10.4970395],[7.4215503,10.4969437],[7.4216254,10.4968396],[7.4216737,10.4967143],[7.42173,10.496593],[7.4218118,10.4964954],[7.4219392,10.4963833],[7.422072,10.4962936],[7.4221699,10.4962396],[7.4222048,10.4961934],[7.4222209,10.4961196],[7.4222678,10.4960932],[7.4223456,10.4960919],[7.4223992,10.4960787],[7.4224582,10.4960497],[7.4224783,10.4960141],[7.4225011,10.4959323],[7.422532,10.4958769],[7.4225602,10.4958176],[7.4225736,10.4957477],[7.4225964,10.4957174],[7.4226487,10.4956923],[7.422705,10.4956884],[7.4227707,10.4956857],[7.4228713,10.4956435],[7.4229088,10.4955987],[7.4229142,10.4955644],[7.422929,10.4955156],[7.4229451,10.4954655],[7.4229799,10.4954207],[7.4230215,10.4954154],[7.4230483,10.4954154],[7.4230818,10.4954049],[7.4231127,10.495364],[7.4231341,10.4953297],[7.4231811,10.4952545],[7.4232414,10.4951846],[7.4232844,10.4951411],[7.4233393,10.495091],[7.4234064,10.4950422],[7.4234654,10.4949816],[7.4235995,10.4948537],[7.4237403,10.4947785],[7.4238691,10.4947112],[7.4239308,10.4946875],[7.4239804,10.4946967],[7.4240139,10.494702],[7.4240448,10.4946901],[7.4240764,10.4946603],[7.4241064,10.4945583],[7.4241536,10.4944577],[7.4242808,10.4942945],[7.4244082,10.4940836],[7.4244994,10.4939332],[7.4245772,10.4937829],[7.4245919,10.493688],[7.4246134,10.4935851],[7.4246134,10.493506],[7.4246415,10.4933649],[7.4246563,10.4933174],[7.4247086,10.4932502],[7.424828,10.4931803],[7.4249943,10.4930932],[7.4252276,10.4930207],[7.4253537,10.4930141],[7.4254623,10.492997],[7.4256192,10.492997],[7.4258365,10.4929917],[7.4260135,10.4930669],[7.4262241,10.493142],[7.426503,10.493295],[7.4266908,10.4934625],[7.4268208,10.4935614],[7.4269134,10.4936167],[7.4270287,10.4936576],[7.4271065,10.4936695],[7.4271749,10.4936497],[7.42725,10.4935956],[7.4274243,10.4934598],[7.4275182,10.4933965],[7.4276872,10.4933517],[7.4278548,10.4933227],[7.4280171,10.4932792],[7.4281338,10.4933214],[7.4282075,10.4933926],[7.428273,10.4934751],[7.4283832,10.4936273],[7.4284725,10.4937461],[7.4286099,10.4938594],[7.42874,10.4938989],[7.4288808,10.493895],[7.4290323,10.4938633],[7.4291061,10.4938225],[7.4291584,10.4937829],[7.4292684,10.4937196],[7.4293475,10.4936985],[7.4294642,10.493688],[7.4295822,10.4936945],[7.4298477,10.4937908],[7.4300677,10.4938304],[7.4302849,10.4938884],[7.4304539,10.4939425],[7.430592,10.4940044],[7.4307047,10.4940625],[7.4308401,10.4941271],[7.4310091,10.4941983],[7.4312076,10.4942629],[7.4313779,10.4943196],[7.4315751,10.4943447],[7.4317843,10.4943763],[7.4320176,10.4944106],[7.4325136,10.4944988],[7.4328981,10.4945211],[7.4331959,10.4945132],[7.4333434,10.4945053],[7.433515,10.4945053],[7.4336036,10.494471],[7.4336518,10.4944051],[7.4336813,10.4943655],[7.4337041,10.4943365],[7.4337162,10.4943128],[7.4337095,10.4942851],[7.4336773,10.494264],[7.4336331,10.4942745],[7.4335888,10.4943246],[7.4335432,10.4943615],[7.4334493,10.4943787],[7.4333782,10.4943945],[7.4333031,10.4943945],[7.433224,10.4943958],[7.4331489,10.4943919],[7.4330805,10.4944117],[7.4329934,10.4944103],[7.4328619,10.49438],[7.4327466,10.4943141],[7.432705,10.4942824],[7.432642,10.4942561],[7.432587,10.494227],[7.4325629,10.4941901],[7.4325709,10.4941651],[7.4326004,10.4941413],[7.4326165,10.4941202],[7.4326178,10.4940886],[7.4326514,10.49402],[7.4327372,10.4940042],[7.4328499,10.4940174],[7.4330698,10.4940147],[7.4331932,10.4940147],[7.4333622,10.4939857],[7.4334292,10.4939884],[7.4335794,10.4939989],[7.4337001,10.4939884],[7.4338637,10.4939303],[7.4342178,10.4938143],[7.4344484,10.4937563],[7.4346282,10.4937088],[7.4349098,10.4936191],[7.4350922,10.4935374],[7.4352531,10.4934583],[7.435457,10.4933711],[7.4356474,10.4933078],[7.4358512,10.493205],[7.4359451,10.4931258],[7.4360685,10.4930705],[7.4363099,10.4930151],[7.4365433,10.4929228],[7.4366479,10.4928674],[7.436881,10.4926996],[7.4371575,10.4924244],[7.4373023,10.4922292],[7.437482,10.4921053],[7.4375437,10.4920341],[7.4376403,10.4919128],[7.4377221,10.4918051],[7.4378495,10.4916622],[7.4379997,10.4915462],[7.4380721,10.4914486],[7.438166,10.4912851],[7.4382465,10.4910767],[7.4383001,10.4909027],[7.4383618,10.4906205],[7.4385946,10.4895516],[7.4384181,10.4902248],[7.4384664,10.4899796],[7.4385415,10.4895576],[7.4385996,10.4890887],[7.4386783,10.4886688],[7.43874,10.4883418],[7.4387749,10.4881097],[7.4389116,10.4877457],[7.4390202,10.4874598],[7.4391661,10.487215],[7.4392948,10.4870547],[7.4394293,10.4868726],[7.4395178,10.4866854],[7.4395715,10.4865589],[7.439609,10.4864824],[7.4396467,10.4864645],[7.4396922,10.4864428],[7.4397887,10.4864666],[7.4398638,10.4865061],[7.4399148,10.4865905],[7.439955,10.486659],[7.4400328,10.4867196],[7.4401321,10.4867671],[7.4402045,10.4868251],[7.4403122,10.4869083],[7.4404304,10.4869731],[7.4404481,10.4860143],[7.4405241,10.4850234],[7.4406763,10.4843503],[7.4413418,10.4836211],[7.4414026,10.4832858],[7.4410794,10.482996],[7.4410019,10.4824153]],[[7.409606,10.4838501],[7.4095845,10.4839541],[7.4095518,10.4840406],[7.4094772,10.4841023],[7.4094021,10.4841224],[7.4092658,10.4841145],[7.4091693,10.4840812],[7.4091167,10.4839915],[7.4091456,10.483875],[7.4092057,10.4837953],[7.4093157,10.4837394],[7.409453,10.4837325],[7.409556,10.4837789],[7.409606,10.4838501]]],[[[7.4076605,10.4869244],[7.4076219,10.4869023],[7.4075679,10.4868941],[7.4074419,10.4869086],[7.4072541,10.4869007],[7.4069323,10.4868611],[7.4069081,10.4868664],[7.4069014,10.4868862],[7.4069095,10.4869086],[7.4071388,10.4870853],[7.4072099,10.4871565],[7.4072582,10.4871961],[7.4073292,10.4872237],[7.4074942,10.4872646],[7.4075612,10.4872831],[7.4076082,10.4872976],[7.4076471,10.4873029],[7.4076927,10.4872936],[7.4077557,10.487262],[7.4077892,10.4872317],[7.4078107,10.4871802],[7.4078107,10.4871064],[7.4077772,10.4870391],[7.4077235,10.4869798],[7.4076605,10.4869244]]],[[[7.4066352,10.4871417],[7.4066252,10.4871591],[7.4066151,10.4871628],[7.4065997,10.4871618],[7.4065715,10.4871525],[7.406548,10.4871506],[7.406534,10.4871539],[7.4065152,10.4871723],[7.4065098,10.487204],[7.4065199,10.4872396],[7.4065407,10.4872765],[7.4065836,10.4873398],[7.4066305,10.4873793],[7.406707,10.4874387],[7.4068062,10.4875218],[7.4068505,10.48756],[7.406892,10.4876035],[7.406951,10.4876536],[7.4069792,10.4876708],[7.40701,10.4876945],[7.4070288,10.4877196],[7.4070449,10.4877644],[7.4070583,10.4878066],[7.4070744,10.4878646],[7.4070919,10.4879002],[7.4071059,10.487917],[7.407118,10.4879283],[7.4071281,10.4879467],[7.4071321,10.4879701],[7.4071361,10.4879952],[7.4071398,10.4880074],[7.4071522,10.4880163],[7.4071626,10.4880186],[7.4071737,10.4880136],[7.4071817,10.4879991],[7.4071961,10.4879398],[7.4072045,10.4878989],[7.4072152,10.4878145],[7.4072179,10.4877196],[7.4072112,10.4876616],[7.4071777,10.4875762],[7.4071663,10.487557],[7.4071468,10.4875386],[7.4071314,10.487527],[7.407118,10.4875198],[7.4070959,10.4875178],[7.4070758,10.4875099],[7.4070523,10.4874914],[7.4070436,10.487473],[7.4070409,10.4874453],[7.4070543,10.4874084],[7.4070583,10.4873596],[7.407057,10.4873121],[7.4070456,10.4872851],[7.4070342,10.4872633],[7.4070047,10.4872448],[7.4069859,10.4872396],[7.4069242,10.4872277],[7.4068558,10.4871974],[7.4068096,10.4871657],[7.4067593,10.4871328],[7.4067291,10.4871117],[7.4067056,10.4870813],[7.4066989,10.4870513],[7.4066976,10.4870273],[7.4066989,10.4870101],[7.4066946,10.4870001],[7.406687,10.4869918],[7.4066731,10.4869856],[7.4066622,10.4869839],[7.4066359,10.4869824],[7.4066091,10.4869824],[7.4065963,10.4869872],[7.4065903,10.4869943],[7.4065854,10.4870068],[7.4065876,10.4870193],[7.406605,10.4870457],[7.4066288,10.4870968],[7.4066359,10.4871182],[7.4066352,10.4871417]]],[[[7.4093288,10.4872752],[7.4092913,10.48726],[7.4092457,10.4872554],[7.4092148,10.4872554],[7.4091813,10.4872659],[7.4091303,10.4873081],[7.4091102,10.4873437],[7.4091062,10.487382],[7.4091411,10.4875139],[7.4091893,10.4876431],[7.409251,10.4877354],[7.4093248,10.4878172],[7.4093771,10.4878554],[7.4094388,10.4879147],[7.4095154,10.4880153],[7.4095488,10.4880835],[7.409597,10.4881231],[7.4096426,10.4881336],[7.4096695,10.4881125],[7.4096802,10.4880862],[7.4096721,10.4879306],[7.4096131,10.4877064],[7.4095434,10.4874954],[7.4094763,10.4874044],[7.4093959,10.487324],[7.4093288,10.4872752]]],[[[7.4076819,10.4874888],[7.4076042,10.4874387],[7.4075156,10.4873793],[7.4074566,10.4873332],[7.4073936,10.4873095],[7.4073118,10.4873068],[7.4072642,10.4873266],[7.4072541,10.4873451],[7.4072548,10.4873826],[7.4072555,10.4874466],[7.4073265,10.4876655],[7.407399,10.4878462],[7.4074432,10.4879108],[7.4074754,10.4879319],[7.4075626,10.4879688],[7.4076229,10.4879952],[7.4077061,10.4880427],[7.4078549,10.4881429],[7.4079475,10.4881811],[7.4079649,10.4881831],[7.4079823,10.4881778],[7.4079944,10.488158],[7.4080112,10.488129],[7.4080467,10.4881099],[7.408087,10.4881099],[7.4081352,10.4881284],[7.4081808,10.4881758],[7.4082291,10.4882286],[7.4082465,10.4882602],[7.4082512,10.4882932],[7.4082546,10.488342],[7.4082559,10.4884106],[7.408272,10.4885121],[7.4082982,10.4885998],[7.4083116,10.4886473],[7.4083257,10.4886552],[7.4083424,10.4886532],[7.4083572,10.4886473],[7.4084118,10.4886196],[7.4084507,10.4886229],[7.4084631,10.4886196],[7.4084739,10.488615],[7.4085208,10.488582],[7.4085939,10.4885273],[7.4086033,10.4885167],[7.408606,10.4885016],[7.4085966,10.4884857],[7.4085791,10.4884726],[7.4085201,10.4884567],[7.4084316,10.4884422],[7.4084021,10.4884435],[7.4083766,10.4884383],[7.4083538,10.4884238],[7.4083404,10.4884119],[7.4083284,10.4883802],[7.4083082,10.4883288],[7.4083056,10.4882985],[7.4083096,10.4882919],[7.408317,10.4882886],[7.4083451,10.4882896],[7.4083743,10.4883008],[7.4083981,10.4883143],[7.4084544,10.4883499],[7.4084786,10.4883882],[7.4084973,10.4884086],[7.4085195,10.4884211],[7.4085362,10.4884224],[7.408551,10.4884139],[7.408559,10.4884053],[7.4085704,10.4883842],[7.4085684,10.4883631],[7.4085268,10.4882906],[7.4085121,10.4882418],[7.4085148,10.4881917],[7.4085309,10.4881455],[7.408555,10.4881294],[7.4085845,10.4881323],[7.4086086,10.4881508],[7.4086197,10.4881663],[7.4086261,10.4881864],[7.4086224,10.488219],[7.4086154,10.4882549],[7.408613,10.488315],[7.4086267,10.4883512],[7.4086375,10.4883855],[7.4086462,10.4883987],[7.4086589,10.4884053],[7.408673,10.4884066],[7.4086951,10.4883961],[7.40872,10.4883723],[7.4087602,10.488338],[7.4087924,10.4882998],[7.4088044,10.4882563],[7.4088058,10.4881508],[7.4088004,10.4881007],[7.408787,10.4880611],[7.4087474,10.4880216],[7.4087401,10.4879965],[7.4087495,10.4879701],[7.4087689,10.4879438],[7.4087897,10.4879312],[7.4087971,10.4879207],[7.4087977,10.4879081],[7.4087837,10.4878936],[7.4087689,10.4878798],[7.4087575,10.4878646],[7.4087434,10.4878257],[7.4087354,10.4878125],[7.408726,10.4878013],[7.4087045,10.4877901],[7.4086958,10.4877789],[7.4086951,10.4877558],[7.4087005,10.4877308],[7.4087106,10.4877169],[7.408726,10.487713],[7.4087515,10.4877117],[7.4087796,10.487709],[7.4088085,10.4876991],[7.4088417,10.4876764],[7.4088621,10.4876569],[7.4088769,10.4876451],[7.4088883,10.4876322],[7.4088901,10.4876231],[7.4088889,10.4876161],[7.4088755,10.4875923],[7.4088638,10.4875798],[7.408843,10.4875663],[7.4088293,10.4875567],[7.4088199,10.4875468],[7.4088192,10.487527],[7.4088407,10.4874944],[7.408846,10.4874492],[7.4088299,10.4874136],[7.4088004,10.4874031],[7.4087656,10.4874004],[7.4087401,10.4874123],[7.408724,10.4874453],[7.4087186,10.4874717],[7.408677,10.487533],[7.4086636,10.4875679],[7.4086603,10.4875851],[7.4086623,10.4875983],[7.4086677,10.4876273],[7.4086569,10.4876616],[7.4086408,10.4876675],[7.4086234,10.4876681],[7.408606,10.4876602],[7.4085718,10.4876378],[7.4085329,10.487624],[7.4085094,10.487624],[7.40849,10.4876325],[7.4084645,10.4876365],[7.4084477,10.4876365],[7.4084276,10.4876312],[7.4082667,10.4875389],[7.40816,10.4874664],[7.4081366,10.4874499],[7.4081265,10.4874374],[7.4081218,10.4874183],[7.4081252,10.4873925],[7.4081326,10.4873681],[7.4081433,10.4873147],[7.4081527,10.487293],[7.4081634,10.4872771],[7.4081802,10.4872745],[7.4081963,10.4872831],[7.408204,10.4872917],[7.4082134,10.4873055],[7.4082211,10.4873081],[7.4082331,10.4873068],[7.4082935,10.4872765],[7.4083284,10.4872673],[7.4083579,10.4872435],[7.408374,10.4872026],[7.4083766,10.4871763],[7.4083714,10.4871545],[7.4083598,10.4871422],[7.408331,10.4871301],[7.4082305,10.4871077],[7.4080266,10.4870629],[7.4080035,10.4870625],[7.4079823,10.4870681],[7.4079666,10.4870754],[7.4079555,10.4870892],[7.4079475,10.4871169],[7.4079368,10.4871354],[7.4079277,10.4871515],[7.4079227,10.4871654],[7.4079213,10.4871816],[7.4079207,10.4872053],[7.4079099,10.487262],[7.4079019,10.4873253],[7.4079005,10.4874084],[7.4079113,10.4874598],[7.4079435,10.4875402],[7.4079595,10.4875897],[7.4079636,10.4876332],[7.4079522,10.4876635],[7.4079368,10.4876728],[7.4079193,10.4876734],[7.4078871,10.4876642],[7.4078456,10.4876339],[7.4077758,10.4875547],[7.4077275,10.4875218],[7.4076819,10.4874888]]],[[[7.4116704,10.4927702],[7.4116476,10.4927431],[7.4116084,10.4926821],[7.411599,10.4926778],[7.4115926,10.4926778],[7.4115886,10.4926825],[7.4115862,10.492691],[7.4115846,10.4927174],[7.4116087,10.4929258],[7.4116006,10.4931789],[7.4116355,10.4934005],[7.4116637,10.4934638],[7.4116918,10.4934981],[7.4117227,10.4935126],[7.4117455,10.4935086],[7.411771,10.4934902],[7.411775,10.4934585],[7.4117723,10.4934255],[7.4117616,10.4933306],[7.4117589,10.4932449],[7.4117649,10.4931545],[7.4117683,10.4931104],[7.4117656,10.4930629],[7.4117723,10.4929825],[7.4117804,10.4928921],[7.4117777,10.4928677],[7.4117716,10.4928519],[7.4117596,10.4928381],[7.4117415,10.4928262],[7.4117019,10.4927972],[7.4116704,10.4927702]]],[[[7.4115001,10.4933543],[7.4114893,10.4933448],[7.4114836,10.4933438],[7.4114773,10.4933451],[7.4114732,10.4933537],[7.4114692,10.4933721],[7.4114652,10.4935073],[7.4114639,10.4936299],[7.4114706,10.4938508],[7.4114773,10.4938805],[7.411486,10.4938963],[7.4114981,10.4939045],[7.4115121,10.4939082],[7.4115289,10.4939022],[7.411539,10.4938884],[7.4115671,10.4938251],[7.4115886,10.4937631],[7.411602,10.4937038],[7.4116067,10.4936187],[7.411598,10.4935521],[7.4115805,10.4935113],[7.4115483,10.4934387],[7.4115323,10.4933978],[7.4115108,10.4933672],[7.4115001,10.4933543]]],[[[7.4250077,10.493295],[7.4249017,10.4933596],[7.4248615,10.4934031],[7.4247837,10.4934743],[7.4247421,10.4935587],[7.4247274,10.4936589],[7.4247274,10.4937961],[7.4247193,10.4939649],[7.4247354,10.4940097],[7.4247622,10.4940176],[7.4248052,10.4940176],[7.4249205,10.4939807],[7.4250251,10.4939464],[7.4252719,10.4939833],[7.4253684,10.4939939],[7.425532,10.4940361],[7.4257064,10.4941099],[7.4257761,10.494131],[7.4258241,10.4941249],[7.4258917,10.4941106],[7.4259459,10.49408],[7.4260082,10.4940521],[7.4260843,10.4940463],[7.4261495,10.4940558],[7.4262321,10.4940414],[7.4262804,10.4940097],[7.4262908,10.4939767],[7.4262388,10.4939121],[7.4262053,10.4938792],[7.4261825,10.4938449],[7.4261838,10.4938172],[7.4261932,10.4937855],[7.4262133,10.4937723],[7.4262509,10.4937987],[7.4262831,10.4938106],[7.4263112,10.4937948],[7.4263206,10.4937789],[7.426322,10.4937539],[7.4263166,10.4937341],[7.4262844,10.4936919],[7.4262549,10.4936774],[7.426212,10.4936484],[7.4261919,10.493593],[7.4261838,10.49356],[7.4262187,10.4935165],[7.4262348,10.4934677],[7.426208,10.4933939],[7.4261516,10.49332],[7.4260926,10.4932778],[7.4260162,10.4932567],[7.4258713,10.4932291],[7.4256957,10.4932251],[7.4254905,10.4932409],[7.4253456,10.4932317],[7.4251485,10.4932422],[7.4250077,10.493295]]],[[[7.4250463,10.4940526],[7.4249406,10.494077],[7.4248575,10.4941139],[7.4247274,10.494226],[7.4245879,10.4943644],[7.4245048,10.4944541],[7.4244337,10.494553],[7.424317,10.4946532],[7.4242795,10.4947046],[7.424279,10.4947149],[7.4250721,10.4942004],[7.4256692,10.4941925],[7.4256487,10.4941759],[7.4255092,10.4941112],[7.4253617,10.4940928],[7.4252094,10.4940611],[7.4250463,10.4940526]]],[[[7.4117314,10.4947277],[7.4117401,10.4947178],[7.4117401,10.4946743],[7.4117126,10.4945774],[7.4116704,10.4944686],[7.4116489,10.4944633],[7.4116335,10.4944778],[7.4116268,10.4944963],[7.4116261,10.494524],[7.4116462,10.4946005],[7.4116704,10.4946809],[7.4116932,10.4947126],[7.41172,10.494731],[7.4117314,10.4947277]]],[[[7.4238141,10.4951372],[7.4237712,10.4951715],[7.4237376,10.4952044],[7.4237093,10.4952293],[7.4237068,10.4952374],[7.4237063,10.4952448],[7.4237105,10.4952496],[7.4237175,10.4952519],[7.4237618,10.4952348],[7.4237886,10.4952268],[7.4238208,10.4952268],[7.423853,10.4952278],[7.4239376,10.4950983],[7.4239361,10.4950884],[7.4239174,10.4950818],[7.4238932,10.4950884],[7.4238758,10.4951002],[7.4238583,10.4951161],[7.4238141,10.4951372]]],[[[7.4235781,10.4955591],[7.4235633,10.4955486],[7.4235445,10.4955433],[7.4235043,10.4955512],[7.4234533,10.4955934],[7.423393,10.4956528],[7.4233796,10.4956739],[7.4233782,10.4956976],[7.4234104,10.4957029],[7.4234547,10.4956989],[7.4235271,10.4956633],[7.4235606,10.4956396],[7.4235794,10.4956145],[7.4235848,10.4955829],[7.4235781,10.4955591]]],[[[7.4121854,10.4951385],[7.4121451,10.4949446],[7.4120834,10.4947851],[7.4119909,10.4946242],[7.4119507,10.4944778],[7.4119091,10.4943974],[7.4118689,10.4943763],[7.4118394,10.4943882],[7.41183,10.4944304],[7.411842,10.4945134],[7.4118809,10.4946928],[7.4119078,10.4948655],[7.4119279,10.495029],[7.4119346,10.4951781],[7.4119399,10.4953956],[7.4119641,10.4955776],[7.4119882,10.4956963],[7.4120191,10.495898],[7.4120539,10.4960958],[7.4120647,10.4962369],[7.4120647,10.4964295],[7.4120902,10.496535],[7.4120942,10.4965917],[7.4120767,10.4966523],[7.4120513,10.4966985],[7.4120392,10.4967288],[7.4120446,10.4967631],[7.4120754,10.496804],[7.4121478,10.4968699],[7.4121666,10.4968976],[7.41218,10.496949],[7.412176,10.4970387],[7.41218,10.4971191],[7.4121854,10.4971969],[7.4122028,10.4972655],[7.4122202,10.4973275],[7.4122417,10.4973763],[7.4122632,10.4973934],[7.4122967,10.4973894],[7.4123168,10.4973486],[7.412349,10.4972734],[7.4123865,10.4971758],[7.412416,10.4970993],[7.4124683,10.4969978],[7.4125032,10.4968211],[7.4125072,10.4966312],[7.4124938,10.4965086],[7.4124764,10.4964136],[7.4124469,10.4963385],[7.4124093,10.496262],[7.412345,10.4961433],[7.4122967,10.4959864],[7.4122806,10.4958901],[7.4122632,10.4957912],[7.4122363,10.4956739],[7.4122176,10.4955802],[7.4122095,10.4954972],[7.4122068,10.4953943],[7.4122041,10.4952651],[7.4121854,10.4951385]]],[[[7.4232756,10.4960497],[7.423279,10.4960682],[7.4232897,10.4960728],[7.423302,10.4960706],[7.4234361,10.4958654],[7.4234312,10.4958644],[7.4234071,10.495871],[7.4233836,10.4959053],[7.4233273,10.4959725],[7.4232857,10.4960312],[7.4232756,10.4960497]]],[[[7.4104084,10.4952163],[7.4103735,10.4953297],[7.4103507,10.4953864],[7.4103212,10.495451],[7.410277,10.4955183],[7.4102488,10.4955789],[7.4102381,10.4956422],[7.4102193,10.4957174],[7.4102354,10.4958031],[7.4102931,10.4959244],[7.4103306,10.4960471],[7.4103776,10.4961881],[7.4103963,10.4963464],[7.4104285,10.4964611],[7.4104393,10.4965389],[7.4104406,10.4966286],[7.4104661,10.4967037],[7.4105036,10.4967987],[7.4105372,10.4968857],[7.4105787,10.4969477],[7.4106337,10.4969833],[7.4106686,10.4970321],[7.4106672,10.4971086],[7.4106793,10.4972009],[7.41069,10.4972932],[7.4107209,10.4973697],[7.4107544,10.4974475],[7.4107745,10.4975253],[7.4107732,10.4975899],[7.4107591,10.4976637],[7.410749,10.4977072],[7.410743,10.4977672],[7.4107423,10.4978563],[7.4107343,10.4979683],[7.4107289,10.4981345],[7.4107504,10.4983112],[7.4107289,10.4984299],[7.410745,10.4986356],[7.4107826,10.4987674],[7.4109167,10.4989916],[7.4110096,10.4991789],[7.411044,10.4993477],[7.4111212,10.4995756],[7.4111634,10.4997775],[7.4111702,10.4999015],[7.4111608,10.4999991],[7.4111246,10.5000637],[7.4111406,10.500185],[7.4111836,10.5002404],[7.411197,10.500276],[7.411197,10.5003155],[7.4111822,10.5003406],[7.4111514,10.500367],[7.4111299,10.5004039],[7.4111219,10.5004632],[7.4111313,10.5005476],[7.4111339,10.5006412],[7.4111339,10.5007256],[7.4111608,10.5007652],[7.411201,10.5007876],[7.4112295,10.5007879],[7.4112536,10.5007794],[7.4112852,10.5007771],[7.4112976,10.500781],[7.4113133,10.5007909],[7.4113304,10.5008064],[7.4113351,10.5008377],[7.4113341,10.5008641],[7.4113271,10.5008921],[7.4113264,10.5009073],[7.4113351,10.5009251],[7.4113479,10.500937],[7.41137,10.500935],[7.4113844,10.500928],[7.4114156,10.5008852],[7.4114545,10.5008522],[7.4114947,10.5007995],[7.4115282,10.5007678],[7.4115544,10.5007336],[7.4115732,10.5007085],[7.4115913,10.5006801],[7.4116027,10.5006683],[7.4116255,10.5006696],[7.4116449,10.5006834],[7.411663,10.5006881],[7.4116892,10.5006914],[7.4117234,10.5006742],[7.4117522,10.500634],[7.4117743,10.5005872],[7.4117991,10.5005015],[7.4118213,10.5004415],[7.411832,10.5003643],[7.41184,10.5002971],[7.4118434,10.50021],[7.4118521,10.5001283],[7.4118655,10.5000775],[7.4118937,10.5000301],[7.4119279,10.4999635],[7.4119534,10.4998712],[7.4119574,10.4997617],[7.4119359,10.4995349],[7.4119145,10.4994109],[7.4118984,10.4993239],[7.4119011,10.4991551],[7.4118689,10.4988571],[7.411834,10.498654],[7.4118018,10.4984879],[7.4117696,10.4982479],[7.4117321,10.4980211],[7.4117106,10.4978365],[7.4116938,10.4977586],[7.4116838,10.4975602],[7.4116758,10.4974547],[7.411665,10.4973538],[7.411655,10.4972365],[7.4116375,10.4970987],[7.4116248,10.496978],[7.4116248,10.4968409],[7.4116094,10.4967519],[7.4115986,10.4967123],[7.4115792,10.4966576],[7.4115631,10.4966062],[7.411551,10.4965482],[7.4115282,10.4964512],[7.4115128,10.4963728],[7.4114974,10.4963286],[7.411486,10.4962897],[7.4114732,10.4962468],[7.4114638,10.496208],[7.4114585,10.4961598],[7.4114464,10.4961216],[7.4114384,10.4960649],[7.4114256,10.4959725],[7.4114089,10.4958394],[7.4113961,10.495753],[7.4113921,10.4956884],[7.4113894,10.4956468],[7.4113807,10.4956007],[7.411376,10.4955493],[7.4113767,10.4954754],[7.4113686,10.495424],[7.4113539,10.4953864],[7.4113463,10.4953488],[7.4113492,10.4952882],[7.4113411,10.4952235],[7.4113324,10.4951438],[7.411319,10.495029],[7.4112882,10.4948102],[7.41126,10.4947165],[7.4111836,10.4944594],[7.4111205,10.4941627],[7.4110495,10.4939688],[7.4110025,10.4938594],[7.4109864,10.4937816],[7.4109945,10.4936774],[7.4109744,10.4935759],[7.4109744,10.4935166],[7.4109771,10.493473],[7.410973,10.4934401],[7.4109516,10.4934041],[7.4109408,10.4933635],[7.4109429,10.4933359],[7.4109522,10.4933095],[7.4109925,10.4932389],[7.4110213,10.4931842],[7.411032,10.4931064],[7.411015,10.4929696],[7.4109998,10.4928611],[7.4109435,10.4926225],[7.4108577,10.4923719],[7.4107839,10.4920858],[7.4107759,10.4920277],[7.4107786,10.4919842],[7.4107742,10.491948],[7.4107584,10.4919025],[7.4107276,10.4918484],[7.4106867,10.4918016],[7.4106619,10.4917666],[7.4106444,10.4917337],[7.410631,10.4916862],[7.4105975,10.4916044],[7.4105667,10.4914937],[7.4105335,10.4913572],[7.4105278,10.491342],[7.4105144,10.4913354],[7.4104996,10.4913387],[7.410458,10.4913776],[7.4104218,10.4914251],[7.4104057,10.4914818],[7.410399,10.4916018],[7.410399,10.4917284],[7.4104165,10.4919143],[7.4104486,10.492062],[7.4104822,10.4921978],[7.4105036,10.4922981],[7.4105331,10.4924062],[7.4106109,10.4926238],[7.410623,10.4927003],[7.4106283,10.4928348],[7.4106525,10.4929943],[7.4106726,10.4930787],[7.4107289,10.4931869],[7.4107853,10.4932963],[7.4108161,10.4933596],[7.4108081,10.493506],[7.4108013,10.4935574],[7.4107879,10.4936484],[7.4107745,10.4937051],[7.4107812,10.4937618],[7.4107987,10.4938172],[7.4108174,10.4938699],[7.4108537,10.4939438],[7.4108778,10.4940189],[7.4108778,10.4941099],[7.4108711,10.4942352],[7.4108604,10.4943605],[7.4108469,10.4944686],[7.410792,10.4945952],[7.4107584,10.4946704],[7.4107075,10.4947574],[7.4106579,10.4948181],[7.4106243,10.4948616],[7.4105439,10.4949486],[7.4104983,10.4950449],[7.4104607,10.4951121],[7.4104084,10.4952163]]],[[[7.4227238,10.4958506],[7.4227358,10.4958888],[7.4227479,10.4959482],[7.4227506,10.4960154],[7.4227452,10.4960668],[7.4227238,10.4961051],[7.4226674,10.4961908],[7.4226379,10.4962528],[7.4226151,10.4963213],[7.4226165,10.4963649],[7.4226326,10.4964084],[7.4226621,10.4964492],[7.4226782,10.4965033],[7.4226956,10.4965284],[7.4227211,10.4965402],[7.4227828,10.4965007],[7.422823,10.4964572],[7.4228404,10.4963991],[7.4228351,10.4963385],[7.4228565,10.4962989],[7.4229075,10.4962699],[7.4229451,10.4962449],[7.4229665,10.4962145],[7.4229893,10.4961314],[7.4229947,10.496026],[7.422992,10.4959271],[7.4229846,10.4958888],[7.4229705,10.4958651],[7.4229437,10.4958493],[7.4228954,10.4958545],[7.4228539,10.4958572],[7.4228176,10.4958479],[7.4227747,10.495811],[7.4227613,10.4958031],[7.4227332,10.4958044],[7.4227238,10.4958506]]],[[[7.4214873,10.4971956],[7.4213961,10.4973301],[7.4212754,10.4974778],[7.4211574,10.4976914],[7.4210393,10.4978971],[7.4209321,10.4981767],[7.4208784,10.4983323],[7.4208194,10.4985723],[7.4208382,10.4987252],[7.4208999,10.4988809],[7.4209776,10.4990813],[7.4210313,10.499229],[7.4210715,10.4992448],[7.4211198,10.4992369],[7.4211466,10.4992118],[7.4212271,10.4991459],[7.421261,10.4990903],[7.4213773,10.4988927],[7.4215543,10.4985921],[7.4216536,10.49836],[7.4217233,10.4982057],[7.4218494,10.4979525],[7.4219486,10.497673],[7.4220948,10.4973749],[7.422186,10.4971508],[7.4222048,10.4970769],[7.4222423,10.4969728],[7.4222892,10.4968897],[7.4224462,10.4967328],[7.4224783,10.4966523],[7.422473,10.4965917],[7.4224663,10.4965521],[7.4224529,10.4965257],[7.4224113,10.4964361],[7.4224167,10.4963846],[7.4224301,10.4963385],[7.4224824,10.4962923],[7.422536,10.4962475],[7.4225588,10.4962158],[7.4225736,10.4961802],[7.4225628,10.4961512],[7.4225347,10.4961591],[7.4225132,10.496171],[7.4224716,10.4962185],[7.4223818,10.4963121],[7.4222852,10.4963622],[7.4222235,10.4964031],[7.4221256,10.496473],[7.4220304,10.4965996],[7.4218494,10.4967776],[7.4216911,10.4969398],[7.4215946,10.4970321],[7.4214873,10.4971956]]],[[[7.4168026,10.5028468],[7.4166621,10.502887],[7.4165124,10.5029433],[7.4164341,10.5030136],[7.4163306,10.5030848],[7.416167,10.5031586],[7.4159626,10.503243],[7.415961,10.503267],[7.4159664,10.503282],[7.4160141,10.5032899],[7.4161079,10.503301],[7.4162662,10.5032989],[7.4163601,10.503283],[7.4164474,10.503264],[7.4165547,10.5032456],[7.41667,10.5032271],[7.4167505,10.5032376],[7.4167746,10.5032772],[7.4168256,10.5033089],[7.4168792,10.5033115],[7.4169517,10.5032878],[7.4169879,10.5032416],[7.4170308,10.5032165],[7.4171086,10.5031981],[7.4171837,10.5032073],[7.4172668,10.5031941],[7.417409,10.5031836],[7.4175617,10.5031243],[7.4176209,10.5031018],[7.417698,10.5030447],[7.4177608,10.5029909],[7.4178139,10.5029175],[7.4178434,10.50286],[7.4179065,10.5027972],[7.4179622,10.5027451],[7.4180064,10.5026944],[7.4180192,10.5026502],[7.4180084,10.5026153],[7.4180064,10.5026001],[7.4179836,10.5025922],[7.417936,10.5026034],[7.4178991,10.5026212],[7.4178603,10.5026528],[7.4178361,10.5026944],[7.4177825,10.5027392],[7.417757,10.5027656],[7.4177375,10.5028018],[7.4177288,10.502844],[7.4176866,10.502879],[7.4176517,10.5028908],[7.4175981,10.5028994],[7.417521,10.5028981],[7.4174814,10.5028875],[7.4174512,10.5028645],[7.4174418,10.5028467],[7.4174438,10.5028269],[7.4174619,10.5028018],[7.4174814,10.5027774],[7.4174841,10.502753],[7.4174834,10.5027491],[7.417478,10.5027484],[7.4174613,10.5027583],[7.4174284,10.5027728],[7.4173708,10.5028018],[7.4173231,10.5028302],[7.4172883,10.5028289],[7.4172708,10.5028065],[7.4172775,10.5027748],[7.4173111,10.5027313],[7.4173567,10.5027023],[7.4174063,10.5026917],[7.4174459,10.5026733],[7.4174747,10.5026456],[7.4174754,10.5026304],[7.4174666,10.5026258],[7.4174385,10.5026205],[7.4173889,10.5026298],[7.4173419,10.5026377],[7.4172373,10.5026838],[7.417161,10.5027266],[7.4170805,10.5027614],[7.4169738,10.5028004],[7.4168026,10.5028468]]],[[[7.4396217,10.4869574],[7.4395452,10.4871697],[7.4395332,10.4873081],[7.4395077,10.4874123],[7.4394688,10.4875692],[7.4394272,10.487655],[7.4393803,10.4877868],[7.439336,10.48792],[7.4393401,10.4879741],[7.4393454,10.4880084],[7.4393629,10.4880229],[7.4394004,10.4880136],[7.4394742,10.4879899],[7.4396069,10.4878923],[7.4397357,10.4877908],[7.4398148,10.4876761],[7.4398859,10.4874809],[7.439965,10.487353],[7.4400522,10.4872382],[7.4400669,10.4871908],[7.4400589,10.4871407],[7.4400403,10.4870656],[7.4399704,10.4869415],[7.4398738,10.4868651],[7.4397999,10.4868546],[7.439729,10.486869],[7.4396619,10.4869086],[7.4396217,10.4869574]]],[[[7.4391831,10.487295],[7.4391375,10.4873754],[7.4391054,10.48744],[7.439041,10.4875574],[7.4389498,10.4877789],[7.4389216,10.4878409],[7.4389029,10.4879174],[7.4389002,10.4879543],[7.4389069,10.4879794],[7.4389324,10.487986],[7.4389726,10.4879794],[7.4390423,10.4879556],[7.4391268,10.4879134],[7.4391778,10.4878646],[7.439218,10.4878264],[7.4393193,10.4876564],[7.4393897,10.4874901],[7.4394205,10.4874136],[7.4394353,10.4873503],[7.4394178,10.4872369],[7.439388,10.4872006],[7.439328,10.4871868],[7.4392609,10.4872132],[7.43921,10.487262],[7.4391831,10.487295]]],[[[7.4399154,10.4876022],[7.4399033,10.4876273],[7.4398993,10.4876787],[7.4398912,10.4877248],[7.4398698,10.487767],[7.4397974,10.4878211],[7.4396673,10.4879161],[7.4396472,10.487949],[7.4396525,10.4879675],[7.4396874,10.487978],[7.439741,10.4879754],[7.4398188,10.487953],[7.4398939,10.4879306],[7.439969,10.4879042],[7.4400267,10.4878356],[7.4400656,10.4877512],[7.4401005,10.4876642],[7.4401514,10.4875745],[7.4401622,10.4875205],[7.4401554,10.4874796],[7.4401367,10.4874703],[7.4400978,10.4874967],[7.4400495,10.4875626],[7.4400052,10.4875983],[7.439957,10.4876022],[7.4399154,10.4876022]]],[[[7.4391013,10.4880044],[7.4390973,10.4879794],[7.4390692,10.4879649],[7.4390021,10.4879807],[7.4389417,10.4880136],[7.4389015,10.4880387],[7.4388666,10.488098],[7.4388398,10.4881745],[7.4388412,10.4882391],[7.4388626,10.4883064],[7.4388988,10.488313],[7.4389417,10.4883038],[7.4389753,10.4882774],[7.4390142,10.488218],[7.439037,10.4881587],[7.4390571,10.4881046],[7.4391013,10.4880044]]],[[[7.4400455,10.4879965],[7.4400133,10.4880941],[7.439957,10.4882022],[7.4399382,10.4883183],[7.4399087,10.4884],[7.4398363,10.4885002],[7.4397853,10.4886137],[7.4397504,10.4887455],[7.4397477,10.4887983],[7.4397739,10.488824],[7.4397994,10.488826],[7.4398255,10.4888088],[7.4398604,10.4887772],[7.4398845,10.4887376],[7.4399248,10.4886664],[7.4400643,10.4885121],[7.4401394,10.4884317],[7.4402051,10.4883974],[7.4402761,10.488371],[7.4403432,10.4883051],[7.4403861,10.4882128],[7.440488,10.4880387],[7.4405739,10.4878673],[7.4405953,10.4877433],[7.44059,10.4876853],[7.4405551,10.487651],[7.4404451,10.4876062],[7.4403405,10.4875798],[7.4402842,10.4875983],[7.4402118,10.4876536],[7.4401689,10.4877618],[7.4401259,10.4878805],[7.4400455,10.4879965]]],[[[7.4405564,10.4883064],[7.4405015,10.4883631],[7.4404746,10.4884409],[7.4404541,10.4885107],[7.4405795,10.4883073],[7.4405564,10.4883064]]],[[[7.4395184,10.4880703],[7.4394406,10.4881416],[7.4393561,10.4882523],[7.4392448,10.4883829],[7.4390893,10.488582],[7.4390128,10.4887402],[7.4389619,10.4888537],[7.4389364,10.4889315],[7.4389364,10.4889671],[7.4389712,10.4889921],[7.4389981,10.4889934],[7.4390396,10.4889908],[7.4390826,10.488975],[7.4391443,10.4889011],[7.4391791,10.4888167],[7.4392422,10.4887429],[7.439332,10.4886769],[7.4394849,10.4885952],[7.4395854,10.4885088],[7.4397141,10.4884075],[7.4398255,10.4883262],[7.4398792,10.4882431],[7.439898,10.4881402],[7.4398738,10.4880308],[7.4398094,10.4879873],[7.4396203,10.4880084],[7.4395184,10.4880703]]],[[[7.4389216,10.488375],[7.4388894,10.4884093],[7.438864,10.4885358],[7.4388371,10.4886387],[7.4387889,10.488764],[7.4387513,10.4889038],[7.4387258,10.4890119],[7.4387057,10.4891003],[7.4387151,10.4891504],[7.4387299,10.4891635],[7.4387513,10.4891635],[7.4387741,10.489155],[7.4387982,10.4891332],[7.4388117,10.4890871],[7.4388371,10.4889671],[7.438876,10.4888365],[7.4389498,10.4886282],[7.4390088,10.4884449],[7.4389994,10.4884],[7.4389766,10.4883789],[7.4389216,10.488375]]],[[[7.4389686,10.4892585],[7.4389806,10.4892163],[7.4389806,10.4891504],[7.4389592,10.4891253],[7.438923,10.4891068],[7.4388908,10.4891161],[7.438876,10.489153],[7.4388599,10.4892163],[7.4388613,10.4892611],[7.4388707,10.4892849],[7.4389055,10.489306],[7.4389525,10.4892928],[7.4389686,10.4892585]]],[[[7.4399033,10.4889499],[7.4398148,10.4889249],[7.4395939,10.4888885],[7.4394004,10.4888853],[7.4392837,10.4889077],[7.4391456,10.4890079],[7.4390504,10.4890844],[7.4389994,10.4892585],[7.4389122,10.4894115],[7.4388251,10.4895578],[7.4387848,10.4896528],[7.4387728,10.4897609],[7.4387486,10.4901789],[7.4387553,10.490295],[7.4387486,10.4903992],[7.4387272,10.4905798],[7.4387272,10.4907077],[7.4387138,10.4908488],[7.4386843,10.4909794],[7.43864,10.4911337],[7.4386243,10.4911781],[7.4399304,10.4893464],[7.4399368,10.4893086],[7.4399556,10.4892216],[7.4399704,10.4890831],[7.4399637,10.4890198],[7.4399342,10.488975],[7.4399033,10.4889499]]],[[[7.4379118,10.4916572],[7.4378836,10.4916809],[7.4378474,10.4917258],[7.4377937,10.491797],[7.4377254,10.4918682],[7.4376744,10.4919407],[7.4376382,10.4919987],[7.4376328,10.4920277],[7.4376395,10.4920429],[7.437657,10.4920462],[7.4376851,10.4920251],[7.4377897,10.491942],[7.4378753,10.4918666],[7.4379268,10.4917822],[7.4379426,10.4917416],[7.4379587,10.4916902],[7.437952,10.4916638],[7.4379359,10.4916493],[7.4379118,10.4916572]]],[[[7.4374813,10.4921922],[7.4374779,10.4921847],[7.4374682,10.4921827],[7.4374541,10.4921952],[7.4374437,10.4922166],[7.4374206,10.4922529],[7.4373965,10.4922786],[7.4373898,10.4922869],[7.4373871,10.4922961],[7.4373911,10.4923089],[7.4373951,10.4923132],[7.4374032,10.4923152],[7.4374216,10.4923136],[7.437433,10.4923086],[7.4374451,10.4922911],[7.4374561,10.4922598],[7.4374699,10.4922193],[7.4374813,10.4921922]]],[[[7.437716,10.4924102],[7.4377093,10.492451],[7.4377127,10.4924566],[7.4380074,10.4920433],[7.438007,10.4920436],[7.4379654,10.4920884],[7.4378823,10.4921702],[7.4377627,10.4923086],[7.4377401,10.4923376],[7.437716,10.4924102]]],[[[7.4281633,10.4935376],[7.4281137,10.4935192],[7.4280748,10.4935284],[7.428056,10.4935825],[7.4280319,10.4936458],[7.4280064,10.4937117],[7.4279943,10.4937882],[7.4279916,10.4938567],[7.4280024,10.4938923],[7.4280238,10.4939306],[7.4280868,10.4939603],[7.4282008,10.4939662],[7.4282706,10.4939477],[7.4282806,10.4939306],[7.4282739,10.4939101],[7.4282558,10.4938956],[7.4282478,10.4938792],[7.4282451,10.4938581],[7.4282511,10.4938409],[7.4282585,10.4937974],[7.4282679,10.493746],[7.4282733,10.4936998],[7.4282813,10.4936392],[7.42828,10.4936167],[7.4282679,10.4935891],[7.4281633,10.4935376]]],[[[7.4276751,10.4936154],[7.4276215,10.4936115],[7.4275732,10.4936115],[7.4275196,10.4936339],[7.4274713,10.4936603],[7.427431,10.4937025],[7.4274056,10.4937473],[7.4273895,10.4938027],[7.4273922,10.4938409],[7.4274109,10.4938871],[7.4274565,10.4939214],[7.4275075,10.4939359],[7.427596,10.4939477],[7.4276496,10.4939491],[7.4277234,10.493928],[7.4277489,10.4939042],[7.4277543,10.4938765],[7.4277569,10.4938343],[7.4277536,10.4938],[7.4277449,10.4937631],[7.4277435,10.4937143],[7.4277328,10.4936774],[7.427718,10.4936497],[7.4276751,10.4936154]]],[[[7.4267886,10.4938163],[7.4267189,10.4937869],[7.4266685,10.4937826],[7.4266304,10.4938],[7.4265861,10.4938396],[7.4265379,10.4938567],[7.426503,10.4938607],[7.4264775,10.4938726],[7.4264842,10.4939069],[7.426495,10.4939491],[7.4265352,10.4939847],[7.4266143,10.4940189],[7.4267457,10.4940358],[7.4268799,10.4940414],[7.4269389,10.4940361],[7.4269952,10.4940308],[7.4270448,10.4940123],[7.4270783,10.493982],[7.4270783,10.4939636],[7.4270582,10.4939345],[7.4270113,10.4939214],[7.4269375,10.4938792],[7.4268745,10.4938501],[7.4267886,10.4938163]]],[[[7.4281553,10.4941161],[7.4284001,10.4941052],[7.4283873,10.4940822],[7.4283484,10.4940743],[7.4282867,10.4940717],[7.4282357,10.494073],[7.4281687,10.494102],[7.4281553,10.4941161]]],[[[7.4340829,10.4949117],[7.4339569,10.4949433],[7.4338831,10.4949776],[7.4338348,10.495004],[7.433835,10.495008],[7.4344883,10.4948332],[7.4352706,10.4943228],[7.435175,10.4943745],[7.4350351,10.4944501],[7.4346462,10.4946532],[7.4344772,10.4947192],[7.4340829,10.4949117]]]]}},{"type":"Feature","properties":{"kind":"water","id":"water:kaduna-south","localUnitId":"kaduna-south","name":"Mapped water in Kaduna South"},"geometry":{"type":"MultiPolygon","coordinates":[[[[7.4094021,10.4841224],[7.4094772,10.4841023],[7.4095518,10.4840406],[7.4095845,10.4839541],[7.409606,10.4838501],[7.409556,10.4837789],[7.409453,10.4837325],[7.4093157,10.4837394],[7.4092057,10.4837953],[7.4091456,10.483875],[7.4091167,10.4839915],[7.4091693,10.4840812],[7.4092658,10.4841145],[7.4094021,10.4841224]]],[[[7.3780603,10.4901334],[7.3781463,10.4900826],[7.3781937,10.4900517],[7.3782153,10.4900311],[7.37802,10.490143],[7.3780212,10.4901455],[7.3780603,10.4901334]]],[[[7.4190674,10.5018117],[7.4199465,10.5012009],[7.4209817,10.5002272],[7.4217915,10.4989208],[7.4220868,10.4980144],[7.4232657,10.4961261],[7.423302,10.4960706],[7.4232897,10.4960728],[7.423279,10.4960682],[7.4232756,10.4960497],[7.4232857,10.4960312],[7.4233273,10.4959725],[7.4233836,10.4959053],[7.4234071,10.495871],[7.4234312,10.4958644],[7.4234361,10.4958654],[7.423853,10.4952278],[7.4238208,10.4952268],[7.4237886,10.4952268],[7.4237618,10.4952348],[7.4237175,10.4952519],[7.4237105,10.4952496],[7.4237063,10.4952448],[7.4237068,10.4952374],[7.4237093,10.4952293],[7.4237376,10.4952044],[7.4237712,10.4951715],[7.4238141,10.4951372],[7.4238583,10.4951161],[7.4238758,10.4951002],[7.4238932,10.4950884],[7.4239174,10.4950818],[7.4239361,10.4950884],[7.4239376,10.4950983],[7.4241213,10.4948173],[7.424279,10.4947149],[7.4242795,10.4947046],[7.424317,10.4946532],[7.4244337,10.494553],[7.4245048,10.4944541],[7.4245879,10.4943644],[7.4247274,10.494226],[7.4248575,10.4941139],[7.4249406,10.494077],[7.4250463,10.4940526],[7.4252094,10.4940611],[7.4253617,10.4940928],[7.4255092,10.4941112],[7.4256487,10.4941759],[7.4256692,10.4941925],[7.4264791,10.4941817],[7.4279432,10.4941256],[7.4281553,10.4941161],[7.4281687,10.494102],[7.4282357,10.494073],[7.4282867,10.4940717],[7.4283484,10.4940743],[7.4283873,10.4940822],[7.4284001,10.4941052],[7.4292026,10.4940695],[7.4309409,10.494596],[7.4325381,10.495026],[7.433698,10.4950447],[7.433835,10.495008],[7.4338348,10.495004],[7.4338831,10.4949776],[7.4339569,10.4949433],[7.4340829,10.4949117],[7.4344772,10.4947192],[7.4346462,10.4946532],[7.4350351,10.4944501],[7.435175,10.4943745],[7.4352706,10.4943228],[7.4360315,10.4938264],[7.4376358,10.4925644],[7.4377127,10.4924566],[7.4377093,10.492451],[7.437716,10.4924102],[7.4377401,10.4923376],[7.4377627,10.4923086],[7.4378823,10.4921702],[7.4379654,10.4920884],[7.438007,10.4920436],[7.4380074,10.4920433],[7.4386243,10.4911781],[7.43864,10.4911337],[7.4386843,10.4909794],[7.4387138,10.4908488],[7.4387272,10.4907077],[7.4387272,10.4905798],[7.4387486,10.4903992],[7.4387553,10.490295],[7.4387486,10.4901789],[7.4387728,10.4897609],[7.4387848,10.4896528],[7.4388251,10.4895578],[7.4389122,10.4894115],[7.4389994,10.4892585],[7.4390504,10.4890844],[7.4391456,10.4890079],[7.4392837,10.4889077],[7.4394004,10.4888853],[7.4395939,10.4888885],[7.4398148,10.4889249],[7.4399033,10.4889499],[7.4399342,10.488975],[7.4399637,10.4890198],[7.4399704,10.4890831],[7.4399556,10.4892216],[7.4399368,10.4893086],[7.4399304,10.4893464],[7.4399937,10.4892576],[7.4404541,10.4885107],[7.4404746,10.4884409],[7.4405015,10.4883631],[7.4405564,10.4883064],[7.4405795,10.4883073],[7.4407713,10.4879962],[7.4404291,10.4870426],[7.4404304,10.4869731],[7.4403122,10.4869083],[7.4402045,10.4868251],[7.4401321,10.4867671],[7.4400328,10.4867196],[7.439955,10.486659],[7.4399148,10.4865905],[7.4398638,10.4865061],[7.4397887,10.4864666],[7.4396922,10.4864428],[7.4396467,10.4864645],[7.439609,10.4864824],[7.4395715,10.4865589],[7.4395178,10.4866854],[7.4394293,10.4868726],[7.4392948,10.4870547],[7.4391661,10.487215],[7.4390202,10.4874598],[7.4389116,10.4877457],[7.4387749,10.4881097],[7.43874,10.4883418],[7.4386783,10.4886688],[7.4385996,10.4890887],[7.4385415,10.4895576],[7.4384664,10.4899796],[7.4384181,10.4902248],[7.4385946,10.4895516],[7.4383618,10.4906205],[7.4383001,10.4909027],[7.4382465,10.4910767],[7.438166,10.4912851],[7.4380721,10.4914486],[7.4379997,10.4915462],[7.4378495,10.4916622],[7.4377221,10.4918051],[7.4376403,10.4919128],[7.4375437,10.4920341],[7.437482,10.4921053],[7.4373023,10.4922292],[7.4371575,10.4924244],[7.436881,10.4926996],[7.4366479,10.4928674],[7.4365433,10.4929228],[7.4363099,10.4930151],[7.4360685,10.4930705],[7.4359451,10.4931258],[7.4358512,10.493205],[7.4356474,10.4933078],[7.435457,10.4933711],[7.4352531,10.4934583],[7.4350922,10.4935374],[7.4349098,10.4936191],[7.4346282,10.4937088],[7.4344484,10.4937563],[7.4342178,10.4938143],[7.4338637,10.4939303],[7.4337001,10.4939884],[7.4335794,10.4939989],[7.4334292,10.4939884],[7.4333622,10.4939857],[7.4331932,10.4940147],[7.4330698,10.4940147],[7.4328499,10.4940174],[7.4327372,10.4940042],[7.4326514,10.49402],[7.4326178,10.4940886],[7.4326165,10.4941202],[7.4326004,10.4941413],[7.4325709,10.4941651],[7.4325629,10.4941901],[7.432587,10.494227],[7.432642,10.4942561],[7.432705,10.4942824],[7.4327466,10.4943141],[7.4328619,10.49438],[7.4329934,10.4944103],[7.4330805,10.4944117],[7.4331489,10.4943919],[7.433224,10.4943958],[7.4333031,10.4943945],[7.4333782,10.4943945],[7.4334493,10.4943787],[7.4335432,10.4943615],[7.4335888,10.4943246],[7.4336331,10.4942745],[7.4336773,10.494264],[7.4337095,10.4942851],[7.4337162,10.4943128],[7.4337041,10.4943365],[7.4336813,10.4943655],[7.4336518,10.4944051],[7.4336036,10.494471],[7.433515,10.4945053],[7.4333434,10.4945053],[7.4331959,10.4945132],[7.4328981,10.4945211],[7.4325136,10.4944988],[7.4320176,10.4944106],[7.4317843,10.4943763],[7.4315751,10.4943447],[7.4313779,10.4943196],[7.4312076,10.4942629],[7.4310091,10.4941983],[7.4308401,10.4941271],[7.4307047,10.4940625],[7.430592,10.4940044],[7.4304539,10.4939425],[7.4302849,10.4938884],[7.4300677,10.4938304],[7.4298477,10.4937908],[7.4295822,10.4936945],[7.4294642,10.493688],[7.4293475,10.4936985],[7.4292684,10.4937196],[7.4291584,10.4937829],[7.4291061,10.4938225],[7.4290323,10.4938633],[7.4288808,10.493895],[7.42874,10.4938989],[7.4286099,10.4938594],[7.4284725,10.4937461],[7.4283832,10.4936273],[7.428273,10.4934751],[7.4282075,10.4933926],[7.4281338,10.4933214],[7.4280171,10.4932792],[7.4278548,10.4933227],[7.4276872,10.4933517],[7.4275182,10.4933965],[7.4274243,10.4934598],[7.42725,10.4935956],[7.4271749,10.4936497],[7.4271065,10.4936695],[7.4270287,10.4936576],[7.4269134,10.4936167],[7.4268208,10.4935614],[7.4266908,10.4934625],[7.426503,10.493295],[7.4262241,10.493142],[7.4260135,10.4930669],[7.4258365,10.4929917],[7.4256192,10.492997],[7.4254623,10.492997],[7.4253537,10.4930141],[7.4252276,10.4930207],[7.4249943,10.4930932],[7.424828,10.4931803],[7.4247086,10.4932502],[7.4246563,10.4933174],[7.4246415,10.4933649],[7.4246134,10.493506],[7.4246134,10.4935851],[7.4245919,10.493688],[7.4245772,10.4937829],[7.4244994,10.4939332],[7.4244082,10.4940836],[7.4242808,10.4942945],[7.4241536,10.4944577],[7.4241064,10.4945583],[7.4240764,10.4946603],[7.4240448,10.4946901],[7.4240139,10.494702],[7.4239804,10.4946967],[7.4239308,10.4946875],[7.4238691,10.4947112],[7.4237403,10.4947785],[7.4235995,10.4948537],[7.4234654,10.4949816],[7.4234064,10.4950422],[7.4233393,10.495091],[7.4232844,10.4951411],[7.4232414,10.4951846],[7.4231811,10.4952545],[7.4231341,10.4953297],[7.4231127,10.495364],[7.4230818,10.4954049],[7.4230483,10.4954154],[7.4230215,10.4954154],[7.4229799,10.4954207],[7.4229451,10.4954655],[7.422929,10.4955156],[7.4229142,10.4955644],[7.4229088,10.4955987],[7.4228713,10.4956435],[7.4227707,10.4956857],[7.422705,10.4956884],[7.4226487,10.4956923],[7.4225964,10.4957174],[7.4225736,10.4957477],[7.4225602,10.4958176],[7.422532,10.4958769],[7.4225011,10.4959323],[7.4224783,10.4960141],[7.4224582,10.4960497],[7.4223992,10.4960787],[7.4223456,10.4960919],[7.4222678,10.4960932],[7.4222209,10.4961196],[7.4222048,10.4961934],[7.4221699,10.4962396],[7.422072,10.4962936],[7.4219392,10.4963833],[7.4218118,10.4964954],[7.42173,10.496593],[7.4216737,10.4967143],[7.4216254,10.4968396],[7.4215503,10.4969437],[7.4214499,10.4970395],[7.4213277,10.4971917],[7.4212311,10.4973604],[7.4210916,10.4975609],[7.4209589,10.4977996],[7.420865,10.4979341],[7.420814,10.4980514],[7.4207886,10.4981345],[7.4207483,10.498236],[7.4206518,10.4984233],[7.4206477,10.4984971],[7.420641,10.4985433],[7.4206518,10.4986013],[7.4206893,10.4986804],[7.4207632,10.4987696],[7.42081,10.4988558],[7.4208556,10.4989494],[7.4208851,10.4990773],[7.4208865,10.4992066],[7.4208583,10.4992989],[7.4208476,10.4993793],[7.4208204,10.499492],[7.4207671,10.4997129],[7.4207564,10.4998092],[7.4207577,10.4998923],[7.4207631,10.4999701],[7.4207523,10.5000795],[7.4207349,10.5001507],[7.4206504,10.5002404],[7.420527,10.5003208],[7.4204345,10.5003894],[7.4203165,10.5004711],[7.4201046,10.5006492],[7.4199651,10.5008087],[7.4197747,10.501021],[7.4196178,10.5012096],[7.4194193,10.5013968],[7.4192865,10.5014997],[7.4191363,10.5015907],[7.4189311,10.5017028],[7.4187756,10.5017924],[7.4185395,10.5019098],[7.4184631,10.501952],[7.4183612,10.5020126],[7.4182217,10.502072],[7.4180835,10.5021142],[7.4178448,10.5021326],[7.4176356,10.5021379],[7.4174854,10.5021168],[7.4174237,10.5021221],[7.4173003,10.5021696],[7.4172172,10.5022223],[7.4170992,10.5023067],[7.4170107,10.5023489],[7.4168283,10.5023779],[7.4165225,10.5024649],[7.4163374,10.5025071],[7.4161148,10.5026021],[7.4157044,10.5027498],[7.4154013,10.5028157],[7.4150231,10.502879],[7.4148354,10.5028843],[7.4145967,10.5028632],[7.4140871,10.5028394],[7.4139932,10.5028157],[7.4138591,10.5027946],[7.4136928,10.502755],[7.4134943,10.5027102],[7.4132971,10.5026693],[7.4129847,10.502548],[7.4128693,10.5025084],[7.412762,10.5024478],[7.4126574,10.50237],[7.4125502,10.5022882],[7.412404,10.5021405],[7.4123181,10.5020509],[7.4121827,10.5018979],[7.4121103,10.5017964],[7.4120526,10.5016882],[7.4119963,10.5015814],[7.4119802,10.5014759],[7.4119762,10.5013599],[7.4119869,10.5012768],[7.412003,10.5011582],[7.4120486,10.5010263],[7.4121062,10.5008865],[7.4121425,10.5006953],[7.41218,10.5006043],[7.412239,10.5005423],[7.4122846,10.5005002],[7.4123289,10.5004197],[7.4123557,10.5003353],[7.4123584,10.5000729],[7.4123383,10.4997775],[7.4123557,10.4997011],[7.4123798,10.4996074],[7.4124134,10.4994848],[7.412412,10.4992422],[7.4123946,10.4990655],[7.4123839,10.4989415],[7.4123946,10.4987358],[7.4123517,10.4986224],[7.4123228,10.4984951],[7.4123168,10.498445],[7.4123108,10.498354],[7.4123094,10.4983086],[7.4123155,10.4982136],[7.4123208,10.4981727],[7.4123181,10.4981206],[7.4123235,10.4980758],[7.4123255,10.4980336],[7.4123248,10.4980046],[7.4123248,10.4979697],[7.4123248,10.4979275],[7.4123289,10.4978694],[7.4123356,10.4977165],[7.4123369,10.497665],[7.4123289,10.4975938],[7.4123231,10.4975517],[7.4123262,10.497522],[7.4123289,10.4975101],[7.4123302,10.4974943],[7.4123356,10.4974785],[7.4123423,10.4974554],[7.4123651,10.4974165],[7.4123865,10.4973565],[7.412412,10.4973103],[7.4124241,10.4972695],[7.4124429,10.497218],[7.4125099,10.497073],[7.4125569,10.4969371],[7.4125676,10.4968976],[7.4125743,10.4968448],[7.4125622,10.4966985],[7.4125555,10.4965758],[7.4125314,10.4963451],[7.4125247,10.4962778],[7.4125099,10.4962185],[7.412467,10.4961249],[7.412416,10.496026],[7.4123852,10.4959574],[7.4123208,10.4958479],[7.4122967,10.495786],[7.4122685,10.495658],[7.4122417,10.4954405],[7.4122444,10.4953666],[7.4122417,10.4952915],[7.4122377,10.4952189],[7.4122283,10.495153],[7.4121934,10.4950007],[7.4121693,10.4948932],[7.412121,10.4947838],[7.4120928,10.4947363],[7.4120606,10.4946954],[7.4120311,10.4946664],[7.4120218,10.4946453],[7.412011,10.4946044],[7.4120137,10.4945306],[7.4120137,10.4944554],[7.412005,10.4944139],[7.4119815,10.4943532],[7.4119547,10.4942919],[7.4119225,10.4942418],[7.4118957,10.4942194],[7.4118514,10.4941917],[7.4117871,10.4941666],[7.4117455,10.4941271],[7.4117093,10.4940559],[7.4116838,10.4939649],[7.4116768,10.4939016],[7.4116697,10.4938666],[7.411657,10.4938291],[7.4116576,10.4938149],[7.4116613,10.4938033],[7.4116758,10.4937921],[7.4116939,10.4937875],[7.4117083,10.4937803],[7.411724,10.4937691],[7.4117348,10.4937565],[7.4117462,10.4937394],[7.4117485,10.4937229],[7.4117495,10.4936471],[7.4117495,10.4935851],[7.4117502,10.4935666],[7.4117562,10.4935554],[7.4117683,10.4935465],[7.411783,10.493533],[7.4117971,10.4935023],[7.4118065,10.493444],[7.411828,10.4933214],[7.4118541,10.493173],[7.4118689,10.4930629],[7.4118716,10.4930286],[7.4118662,10.4929798],[7.4118454,10.4929033],[7.4118125,10.4928387],[7.411775,10.4927926],[7.4117401,10.4927622],[7.4117113,10.492724],[7.411659,10.4926251],[7.4115872,10.4925077],[7.4115041,10.4923455],[7.4114786,10.4922651],[7.4114276,10.4920976],[7.4113606,10.4917719],[7.4113002,10.4915398],[7.411256,10.4914356],[7.411197,10.49128],[7.4110883,10.4908989],[7.4109569,10.4905666],[7.4109167,10.4904915],[7.4108765,10.4904295],[7.4108523,10.4904058],[7.4108215,10.4903636],[7.4107866,10.4903042],[7.4106954,10.4901064],[7.4105304,10.4897741],[7.4102904,10.4892994],[7.410159,10.4890079],[7.4099712,10.4887284],[7.409876,10.4885227],[7.4098425,10.488458],[7.4098307,10.4884429],[7.4098143,10.488429],[7.4097781,10.488404],[7.4097513,10.4883671],[7.4097338,10.4883222],[7.4097218,10.488284],[7.4097144,10.4882418],[7.4097137,10.4882049],[7.4097204,10.4881521],[7.4097345,10.4881086],[7.4097379,10.488069],[7.409711,10.4878936],[7.4096842,10.4877895],[7.409644,10.4875903],[7.4096104,10.4874598],[7.4095662,10.4873688],[7.4094951,10.4872831],[7.4094281,10.4872409],[7.4093784,10.487204],[7.4093241,10.4871631],[7.4092484,10.4871037],[7.4092162,10.4870873],[7.409196,10.487078],[7.4091746,10.4870721],[7.409137,10.4870609],[7.4091142,10.4870563],[7.4090834,10.4870484],[7.4090472,10.4870339],[7.4090029,10.4870154],[7.4089627,10.4869982],[7.4089265,10.4869824],[7.4088702,10.48696],[7.4087387,10.4869231],[7.4086341,10.4868941],[7.4085832,10.4868716],[7.4085107,10.4868334],[7.4084517,10.4867938],[7.4083297,10.4867385],[7.4082345,10.4866936],[7.4081513,10.4866488],[7.4080279,10.4865987],[7.4079327,10.4865565],[7.4078469,10.4865222],[7.4077557,10.4864563],[7.4075451,10.4862374],[7.4073949,10.4861108],[7.4072817,10.486014],[7.4070141,10.485814],[7.4069648,10.4857917],[7.406863,10.4857584],[7.4066882,10.4857217],[7.4066175,10.485702],[7.4065692,10.485682],[7.406477,10.4856437],[7.4062141,10.4855762],[7.4058161,10.485399],[7.4055992,10.4853063],[7.4054798,10.4852589],[7.4053243,10.4852219],[7.4052063,10.4851929],[7.4050936,10.4851692],[7.4048535,10.4851125],[7.4047744,10.4850921],[7.404694,10.4850637],[7.4045974,10.4850241],[7.4045598,10.4849872],[7.4045445,10.4849611],[7.4045334,10.484951],[7.4045196,10.484945],[7.4045054,10.4849401],[7.4044894,10.4849381],[7.4044559,10.4849447],[7.4044351,10.4849496],[7.4044126,10.4849602],[7.4043748,10.4849737],[7.4043346,10.4849813],[7.4043121,10.4849843],[7.4042896,10.4849855],[7.4042749,10.4849941],[7.4042661,10.485007],[7.4042608,10.4850228],[7.4042594,10.4850321],[7.4042651,10.4850528],[7.4042715,10.4850733],[7.4043138,10.4851574],[7.4043285,10.4852008],[7.4043328,10.4852505],[7.4043016,10.4853169],[7.4042712,10.4853652],[7.4042159,10.4854362],[7.4041783,10.4854613],[7.4041486,10.48547],[7.4041215,10.4854738],[7.4040953,10.4854672],[7.4040677,10.4854587],[7.4039825,10.4854244],[7.4038605,10.4853788],[7.4037552,10.4853327],[7.4036935,10.4852984],[7.4036486,10.4852535],[7.4036077,10.4852127],[7.4035674,10.4851666],[7.4035031,10.4850743],[7.4034333,10.4849925],[7.4033797,10.4849318],[7.4033361,10.4849074],[7.4033019,10.484887],[7.403271,10.4848807],[7.4032429,10.4848791],[7.4031866,10.4848844],[7.403098,10.4848975],[7.4030417,10.4849055],[7.4029639,10.4849035],[7.4028513,10.4849022],[7.4027675,10.4849028],[7.402693,10.4849094],[7.4026202,10.4849275],[7.4025529,10.484949],[7.4025106,10.4849503],[7.4024617,10.4849417],[7.402396,10.4849199],[7.4023289,10.4848903],[7.4022733,10.4848665],[7.4020573,10.4847973],[7.4017127,10.4847182],[7.4015316,10.484676],[7.4013533,10.4846365],[7.4012313,10.4845969],[7.4007895,10.4845135],[7.4005768,10.4844624],[7.4003545,10.4843756],[7.4000457,10.4841854],[7.3998499,10.4840509],[7.3996729,10.4839322],[7.3995844,10.483898],[7.3995173,10.4838742],[7.3994275,10.4838692],[7.3993161,10.4838531],[7.398964,10.4837172],[7.3987557,10.4836365],[7.3984236,10.4842441],[7.3962705,10.4828545],[7.3948158,10.4822012],[7.3948342,10.4822324],[7.3948503,10.4822838],[7.3948663,10.4823313],[7.3948932,10.4823696],[7.3949267,10.4824025],[7.3949736,10.4824315],[7.3950219,10.482446],[7.395086,10.4824569],[7.3951114,10.4824559],[7.3951205,10.482449],[7.3951228,10.4824428],[7.3951208,10.4824352],[7.3951205,10.4824197],[7.3951346,10.4824091],[7.3951547,10.4824038],[7.3951956,10.4824124],[7.3952137,10.4824249],[7.3952271,10.4824388],[7.3952365,10.4824553],[7.3952365,10.4824737],[7.3952278,10.4824995],[7.3952043,10.4825278],[7.3951735,10.4825476],[7.3951386,10.4825489],[7.3950702,10.482537],[7.3949857,10.4825001],[7.3948824,10.4824619],[7.3947725,10.4823946],[7.3947027,10.4823366],[7.3946491,10.4823181],[7.3945579,10.4822891],[7.3945096,10.4822733],[7.394456,10.4822416],[7.3943675,10.4821783],[7.3942441,10.4820887],[7.3942186,10.4820702],[7.3942105,10.482057],[7.3942079,10.4820372],[7.3942186,10.4820267],[7.3942387,10.4820188],[7.3943098,10.4820227],[7.3943581,10.4820333],[7.3944063,10.4820557],[7.3944506,10.4820702],[7.3945703,10.4820909],[7.3934323,10.4815798],[7.391008,10.4808786],[7.390476,10.4810122],[7.388314,10.481555],[7.3883167,10.4815589],[7.3883167,10.4815684],[7.3883137,10.4815813],[7.3882855,10.4815994],[7.3882399,10.4816126],[7.3881702,10.481641],[7.3880904,10.4816996],[7.3880381,10.4817425],[7.38791,10.4818358],[7.387898,10.4818398],[7.3878856,10.4818401],[7.3878758,10.4818355],[7.3878688,10.481819],[7.3878681,10.4818048],[7.3878708,10.4817864],[7.3878789,10.4817682],[7.3878963,10.4817547],[7.3880596,10.4816344],[7.3881129,10.4816055],[7.3876567,10.48172],[7.3864802,10.48477],[7.3842644,10.4865645],[7.3784083,10.4899205],[7.3784408,10.4899066],[7.3785008,10.4898842],[7.3785947,10.4898479],[7.3788911,10.4897451],[7.3790038,10.4896983],[7.3792264,10.4895967],[7.3798044,10.4893706],[7.3800552,10.4892625],[7.3807552,10.4889644],[7.3811428,10.4887877],[7.381462,10.4886558],[7.3816578,10.4885635],[7.3818697,10.4884409],[7.3820025,10.4883578],[7.3821808,10.4882457],[7.3822533,10.4882114],[7.3823498,10.4881798],[7.382492,10.4881627],[7.3826006,10.4881389],[7.3827401,10.4880928],[7.3829506,10.4880018],[7.3833932,10.4877881],[7.3836241,10.4876691],[7.3840249,10.4874835],[7.3846619,10.4871433],[7.3848952,10.487018],[7.3851983,10.486807],[7.3854679,10.486596],[7.3855296,10.4865393],[7.385606,10.4864457],[7.3856691,10.4863666],[7.3858649,10.4860963],[7.3859976,10.4858853],[7.3863329,10.4854066],[7.3865207,10.4851389],[7.3866346,10.484974],[7.3867097,10.4848474],[7.3867674,10.4846417],[7.3868224,10.4844175],[7.38686,10.484312],[7.3868975,10.4842184],[7.3869726,10.4841103],[7.3870343,10.4840285],[7.3870732,10.483956],[7.3871094,10.4838782],[7.387151,10.483774],[7.3872556,10.4836342],[7.3873562,10.4835234],[7.3874272,10.4834496],[7.387503,10.4833757],[7.3876056,10.4832887],[7.3877035,10.4831977],[7.3878068,10.4831456],[7.3881105,10.4829505],[7.3882762,10.4828509],[7.3883922,10.4827988],[7.3885457,10.4827236],[7.3887107,10.4826472],[7.3888381,10.482599],[7.3889896,10.4825397],[7.3891173,10.4824702],[7.3892505,10.4823973],[7.389339,10.4823313],[7.3894121,10.4822693],[7.3894764,10.4822159],[7.3895234,10.4821896],[7.3895676,10.4821678],[7.3896776,10.4821223],[7.3899418,10.4820181],[7.3899847,10.4820076],[7.3900323,10.4820016],[7.3900655,10.4820033],[7.39009,10.4820079],[7.3901245,10.4820148],[7.3901591,10.4820142],[7.3901856,10.4820109],[7.3903294,10.481995],[7.3903656,10.4819898],[7.3904273,10.481968],[7.3904863,10.4819397],[7.3905326,10.4819199],[7.3905902,10.481906],[7.3906606,10.4818968],[7.3907579,10.4818994],[7.3908682,10.4819047],[7.3910576,10.4818777],[7.3912574,10.4817709],[7.3913017,10.4817484],[7.3913473,10.4817366],[7.3914009,10.4817405],[7.3916262,10.4817775],[7.3916544,10.4817867],[7.3916692,10.4818025],[7.3917174,10.4818592],[7.3917335,10.4818671],[7.3917845,10.4818777],[7.3921042,10.4819638],[7.3923102,10.4820043],[7.3925918,10.4820728],[7.3927568,10.4821375],[7.3928037,10.4821533],[7.3928681,10.4821599],[7.3929593,10.4821652],[7.3932887,10.4822423],[7.393941,10.4823735],[7.3940107,10.4824104],[7.3940617,10.4824236],[7.394118,10.4824315],[7.394169,10.4824579],[7.3942394,10.4825107],[7.394352,10.4825819],[7.3944808,10.4826498],[7.3945525,10.4826821],[7.3946759,10.4827164],[7.3948771,10.4827612],[7.3950025,10.4827988],[7.395042,10.4828087],[7.395093,10.4828258],[7.3951076,10.4828314],[7.3951255,10.4828418],[7.3951362,10.4828502],[7.3951492,10.4828558],[7.3951674,10.4828595],[7.3952013,10.4828614],[7.3952234,10.4828624],[7.3952382,10.4828651],[7.3952556,10.4828727],[7.3952831,10.4828901],[7.3953109,10.4829218],[7.3953297,10.4829425],[7.3953455,10.4829571],[7.395352,10.4829595],[7.3953619,10.48296],[7.3953719,10.4829589],[7.395381,10.4829547],[7.3953988,10.4829346],[7.3954196,10.4829125],[7.3954289,10.4829018],[7.3954403,10.4828971],[7.3954563,10.4828961],[7.3954675,10.4828974],[7.3954762,10.4828997],[7.3954936,10.4829132],[7.3955134,10.4829376],[7.3955278,10.482962],[7.3955537,10.4829933],[7.3955738,10.4830138],[7.3955915,10.4830296],[7.3956147,10.4830507],[7.3956928,10.4831047],[7.3957998,10.4831773],[7.3958366,10.4832083],[7.3958903,10.4832333],[7.395964,10.4832584],[7.3960277,10.4832735],[7.3960787,10.4832874],[7.3961102,10.483296],[7.3961397,10.4833085],[7.3961726,10.4833302],[7.3962259,10.4833738],[7.3962517,10.4834021],[7.3962822,10.4834222],[7.3963054,10.4834338],[7.3963365,10.4834479],[7.396422,10.4834773],[7.3964918,10.4835116],[7.3965481,10.4835472],[7.3965937,10.4835907],[7.3966788,10.4836784],[7.396766,10.4837423],[7.3967935,10.4837602],[7.3968123,10.4837717],[7.3968341,10.483778],[7.3968522,10.4837789],[7.3968706,10.4837776],[7.3968874,10.483771],[7.3969052,10.4837654],[7.3969293,10.4837651],[7.3969531,10.4837687],[7.396988,10.4837845],[7.3971811,10.4838729],[7.3974279,10.4840114],[7.3975056,10.4840747],[7.3976733,10.4842224],[7.3977283,10.484281],[7.397745,10.4843021],[7.3977712,10.4843318],[7.3978181,10.4843687],[7.3979174,10.4844426],[7.3979931,10.484492],[7.3980622,10.4845461],[7.3981179,10.4846035],[7.3982516,10.4847504],[7.3982835,10.4848079],[7.3983358,10.4849186],[7.3983814,10.4849925],[7.398439,10.4850373],[7.3984779,10.4850505],[7.3986378,10.4851014],[7.398758,10.4851605],[7.398906,10.4852612],[7.3989339,10.4852958],[7.3989574,10.4853202],[7.3989983,10.4853377],[7.3990228,10.4853439],[7.3990539,10.4853456],[7.3990895,10.485336],[7.399125,10.4853268],[7.3991968,10.4853222],[7.3992766,10.4853202],[7.3993517,10.4853274],[7.3994737,10.4853604],[7.3995307,10.4853795],[7.3998016,10.4854382],[7.3998941,10.4854448],[7.3999612,10.4854455],[7.4000504,10.4854389],[7.4002066,10.4854356],[7.4002978,10.4854356],[7.4003622,10.4854422],[7.4004212,10.4854494],[7.4005043,10.4854685],[7.4005929,10.4854896],[7.4006975,10.4855114],[7.4007545,10.4855206],[7.4008222,10.4855246],[7.4008618,10.4855272],[7.4009261,10.4855187],[7.4009731,10.485516],[7.4010408,10.4855147],[7.4012554,10.4855424],[7.4013653,10.4855714],[7.4014726,10.4856031],[7.4015665,10.4856439],[7.4016255,10.4856571],[7.4016859,10.4856571],[7.4017569,10.485665],[7.4018146,10.4856769],[7.4019366,10.4857197],[7.4021426,10.4857872],[7.4022934,10.4858233],[7.4024611,10.4858748],[7.4027225,10.4859393],[7.4028379,10.4859696],[7.4029639,10.4860184],[7.4031034,10.4860817],[7.403259,10.486116],[7.4033931,10.4861714],[7.4035701,10.4862743],[7.4036358,10.4863442],[7.4037042,10.4864523],[7.4037619,10.486505],[7.4038196,10.4865196],[7.4038571,10.4865327],[7.4038752,10.4865472],[7.4038906,10.4865664],[7.4039108,10.4865908],[7.4039342,10.4866072],[7.403955,10.4866105],[7.4039966,10.4866],[7.4040382,10.486567],[7.4040643,10.4865367],[7.4040828,10.4865285],[7.4041056,10.4865212],[7.4041294,10.4865179],[7.4041602,10.4865182],[7.4042501,10.4865433],[7.4043419,10.486569],[7.4044841,10.486596],[7.4045873,10.4866363],[7.4046738,10.486662],[7.4047248,10.4866607],[7.4047831,10.4866475],[7.4048194,10.4866336],[7.4049025,10.4866297],[7.4049629,10.4866356],[7.4050433,10.4866574],[7.4051714,10.4867352],[7.4053317,10.4868051],[7.4053591,10.4868196],[7.4053726,10.4868347],[7.405388,10.4868604],[7.4054021,10.4868842],[7.4054195,10.486904],[7.4054369,10.4869218],[7.4054584,10.4869284],[7.4054705,10.4869277],[7.4054946,10.4869204],[7.4055134,10.4869073],[7.4055308,10.4868941],[7.4055455,10.4868915],[7.405569,10.4868924],[7.4055959,10.4868964],[7.4056183,10.4869007],[7.4056384,10.4869079],[7.4056716,10.4869396],[7.4057014,10.4869712],[7.4057239,10.4869867],[7.4057454,10.4869969],[7.4057829,10.4870035],[7.4058513,10.4870207],[7.4058929,10.4870338],[7.4059224,10.4870312],[7.4059466,10.4870233],[7.4059989,10.4870233],[7.4061035,10.4870431],[7.4061826,10.4870338],[7.4062141,10.4870273],[7.4062389,10.4870134],[7.4062604,10.4869917],[7.4062845,10.4869706],[7.4063314,10.486964],[7.4063636,10.4869692],[7.4064092,10.486989],[7.4064213,10.4869996],[7.4064267,10.4870167],[7.4064226,10.4870312],[7.4064121,10.4870396],[7.4064116,10.4870474],[7.4064158,10.4870564],[7.406424,10.4870597],[7.4064334,10.4870602],[7.4064468,10.4870589],[7.4064649,10.4870599],[7.406479,10.4870734],[7.4064857,10.4870906],[7.4064843,10.4871156],[7.406479,10.4871328],[7.4064656,10.4871697],[7.4064468,10.4872],[7.4064169,10.4872388],[7.4063368,10.4873253],[7.4063251,10.4873315],[7.406314,10.4873345],[7.4063043,10.4873339],[7.4062942,10.4873325],[7.4062805,10.4873312],[7.4062684,10.4873329],[7.4062577,10.4873391],[7.4062537,10.48735],[7.4062537,10.4873675],[7.406259,10.4873859],[7.4062738,10.4873978],[7.4062939,10.4873991],[7.4063086,10.4873991],[7.4063395,10.4873991],[7.4063509,10.4874021],[7.4063603,10.4874136],[7.4063918,10.4874558],[7.4064334,10.487498],[7.4064696,10.4875521],[7.4065272,10.4876154],[7.4066694,10.4877433],[7.4068625,10.4879886],[7.40701,10.4881389],[7.4070717,10.488222],[7.4071214,10.4882536],[7.4071468,10.4882616],[7.4071817,10.4882655],[7.4072206,10.4882827],[7.4073051,10.4883354],[7.4074258,10.4884027],[7.4075022,10.4884739],[7.4075438,10.4884976],[7.4076229,10.4885385],[7.4077155,10.4886057],[7.4077637,10.48864],[7.407867,10.4887416],[7.4079059,10.488797],[7.4079475,10.4888959],[7.4079609,10.4889275],[7.407981,10.4889671],[7.4080132,10.4890106],[7.4080534,10.4890515],[7.4081299,10.4890937],[7.4081647,10.4891134],[7.4081781,10.4891359],[7.4081942,10.4891926],[7.4082036,10.4892334],[7.4082345,10.489277],[7.4082841,10.4892967],[7.4083364,10.4893033],[7.4083833,10.489306],[7.4084343,10.4892822],[7.4084855,10.4892644],[7.4085309,10.489215],[7.4085389,10.4891662],[7.4085215,10.4891134],[7.4085255,10.4890633],[7.408551,10.4890211],[7.4085885,10.489004],[7.4086355,10.4890066],[7.4086636,10.4890132],[7.4087052,10.489037],[7.4087495,10.4890831],[7.4087696,10.4891016],[7.4087951,10.4891082],[7.4088205,10.4891108],[7.4088474,10.4891134],[7.4088675,10.4891187],[7.4088889,10.4891359],[7.4089084,10.4891583],[7.4089299,10.4891748],[7.4089875,10.4891998],[7.409013,10.4892143],[7.409023,10.4892295],[7.4090418,10.4892506],[7.4090569,10.4892661],[7.4090713,10.4892756],[7.4090908,10.4892822],[7.4091119,10.4892882],[7.4091451,10.4892941],[7.4091625,10.4893007],[7.4091726,10.4893126],[7.40918,10.489331],[7.4092028,10.4893759],[7.4092269,10.4894022],[7.4092577,10.4894273],[7.4092872,10.4894392],[7.4093201,10.4894642],[7.4093409,10.4894919],[7.4093724,10.48954],[7.4094307,10.4896211],[7.4094978,10.4897293],[7.4095769,10.4898255],[7.4096453,10.4899508],[7.4097419,10.4901407],[7.4097821,10.4902383],[7.4098129,10.4903253],[7.4098559,10.4904018],[7.4099377,10.4905047],[7.4099591,10.490531],[7.4099799,10.4905481],[7.4099987,10.4905574],[7.4100235,10.490568],[7.4100436,10.4905864],[7.4100664,10.4906154],[7.4100959,10.4906761],[7.4101026,10.4907091],[7.4101053,10.4907539],[7.4101026,10.4907974],[7.4101026,10.490862],[7.4101321,10.4909477],[7.4101415,10.4909794],[7.4101335,10.4910427],[7.4101429,10.4910796],[7.4101536,10.4910902],[7.4101643,10.4911126],[7.4101657,10.4911363],[7.4101576,10.4911508],[7.4101429,10.4911614],[7.4101281,10.4911759],[7.4101134,10.4911877],[7.4100906,10.491222],[7.4100758,10.4912721],[7.4100678,10.4913262],[7.4100852,10.4913789],[7.4101,10.4914185],[7.4101281,10.4914581],[7.4101419,10.4914858],[7.4101469,10.4915039],[7.4101462,10.4915177],[7.4101429,10.4915319],[7.4101388,10.4916124],[7.4101281,10.4918682],[7.4101335,10.4920633],[7.4101764,10.492248],[7.4102676,10.4924932],[7.4103132,10.4926831],[7.410332,10.4928255],[7.4103588,10.4930102],[7.4103883,10.4931724],[7.4104206,10.4932924],[7.4104835,10.4935152],[7.4105197,10.4936326],[7.4105412,10.4936932],[7.4105345,10.4937447],[7.4105117,10.4937948],[7.4104795,10.4938528],[7.4104419,10.4939583],[7.4104097,10.4941284],[7.4103963,10.4942893],[7.4104017,10.4944013],[7.4103883,10.4944923],[7.4103695,10.4945794],[7.4103427,10.4946638],[7.4103051,10.4947851],[7.4102528,10.4948497],[7.4102314,10.4948866],[7.410216,10.4949229],[7.4102019,10.4949829],[7.4101683,10.495033],[7.4100731,10.4951213],[7.4100403,10.4951794],[7.4100155,10.4952618],[7.4100061,10.4953455],[7.4099793,10.4954457],[7.4099725,10.4955539],[7.4099524,10.4957147],[7.4099524,10.4958901],[7.4099283,10.4961064],[7.4099189,10.4962462],[7.409935,10.4963292],[7.4099538,10.4963794],[7.409994,10.4964479],[7.4100168,10.4964763],[7.4100252,10.4964908],[7.4100286,10.4965037],[7.4100302,10.4965264],[7.4100289,10.4965448],[7.4100275,10.4966207],[7.4100329,10.496655],[7.4100584,10.4967103],[7.4100852,10.496771],[7.410104,10.4968356],[7.4101268,10.4969029],[7.4101469,10.4969925],[7.4101777,10.4970875],[7.4102059,10.4971877],[7.4102207,10.4973169],[7.410222,10.4974066],[7.4102555,10.4974923],[7.4102823,10.4975464],[7.4102984,10.4976215],[7.4102837,10.4977046],[7.4102743,10.49776],[7.4102689,10.4978602],[7.410277,10.497938],[7.4103346,10.4980844],[7.4103695,10.4982162],[7.4103749,10.4983297],[7.4103722,10.4984338],[7.4103722,10.4985551],[7.4103735,10.4986224],[7.4103883,10.498691],[7.4104245,10.4987622],[7.4104352,10.4988413],[7.4104325,10.498927],[7.4104419,10.4991011],[7.4104916,10.4993002],[7.410538,10.4994126],[7.4105546,10.4995059],[7.410576,10.4995811],[7.4105988,10.4996734],[7.4106538,10.4997775],[7.4106894,10.4999114],[7.41069,10.4999694],[7.4106941,10.5000175],[7.4107021,10.5002232],[7.4107316,10.5003736],[7.4107665,10.5004922],[7.4109053,10.5006795],[7.4109462,10.5007955],[7.4110052,10.5010065],[7.4110508,10.501265],[7.4110937,10.501439],[7.411138,10.501592],[7.4112117,10.5017423],[7.4112761,10.5018597],[7.4113043,10.5019797],[7.4113244,10.5020377],[7.4113485,10.5020799],[7.4113673,10.5021274],[7.4113727,10.502188],[7.4113981,10.5022605],[7.4114169,10.502341],[7.4114531,10.5024135],[7.4114759,10.5024676],[7.4115014,10.5025084],[7.411551,10.5025757],[7.4115926,10.502639],[7.411665,10.5027168],[7.4117428,10.5027537],[7.4118327,10.5027722],[7.4118601,10.5027785],[7.4119882,10.5028216],[7.4120788,10.5028506],[7.4121706,10.5028968],[7.4122886,10.5029515],[7.4124033,10.5030029],[7.412463,10.5030267],[7.4125743,10.5030636],[7.4126648,10.5031064],[7.4127553,10.5031618],[7.4128452,10.5032067],[7.4129652,10.50327],[7.4130397,10.5033154],[7.4131302,10.5033656],[7.4132053,10.5034117],[7.4132609,10.5034302],[7.4134172,10.5034763],[7.4134815,10.5034882],[7.4135734,10.5034941],[7.4136552,10.503506],[7.4137423,10.5035125],[7.4137987,10.5035093],[7.4138752,10.5035172],[7.4139784,10.5035343],[7.41413,10.5035277],[7.4143526,10.503533],[7.414476,10.5035594],[7.414602,10.5036148],[7.4147013,10.5036728],[7.4149266,10.5036886],[7.4152055,10.5036807],[7.415522,10.5036807],[7.4157098,10.5036306],[7.4159485,10.5036042],[7.4161121,10.5035884],[7.4164367,10.503533],[7.4166861,10.5035066],[7.4169007,10.5034565],[7.4170402,10.5034249],[7.4172708,10.5033168],[7.4176142,10.5031533],[7.4178046,10.5030425],[7.417928,10.5029528],[7.4180594,10.5028605],[7.4181533,10.502784],[7.4183075,10.502759],[7.4184014,10.5027761],[7.4184824,10.5027609],[7.4184824,10.5027153],[7.4185204,10.5021918],[7.4190674,10.5018117]],[[7.3880287,10.4820748],[7.3880904,10.4820333],[7.3881488,10.4820056],[7.3882259,10.4819766],[7.3882996,10.4819495],[7.3883519,10.4819179],[7.3885491,10.4817999],[7.3887274,10.4817128],[7.388942,10.4816456],[7.389103,10.4815968],[7.3891848,10.4815684],[7.389221,10.4815599],[7.3892699,10.4815526],[7.3893987,10.481548],[7.3894443,10.4815414],[7.3895019,10.4815124],[7.389629,10.4814128],[7.3896521,10.4813977],[7.3897004,10.4813805],[7.3898359,10.4813568],[7.3899224,10.4813555],[7.3899887,10.4813561],[7.3900766,10.4813713],[7.3901638,10.4813937],[7.3902134,10.4814082],[7.3902744,10.4814399],[7.3903133,10.4814544],[7.3903502,10.4814577],[7.3904233,10.4814445],[7.3904776,10.4814399],[7.3905788,10.4814412],[7.3907049,10.4814702],[7.39078,10.4815137],[7.3908597,10.4815756],[7.3909007,10.481606],[7.3909197,10.4816515],[7.3908994,10.4816944],[7.3908605,10.4817234],[7.3907129,10.4817682],[7.3905051,10.4818065],[7.3902245,10.4818541],[7.3899756,10.4819047],[7.3896736,10.4819898],[7.3894952,10.4820597],[7.3894215,10.4821124],[7.3893638,10.4821823],[7.3892511,10.4822957],[7.3891975,10.4823326],[7.3890835,10.4823814],[7.3889387,10.482421],[7.3887952,10.4824619],[7.3886624,10.4825107],[7.3884867,10.4825858],[7.3882681,10.4827098],[7.3879851,10.4829063],[7.3878148,10.4830006],[7.3876204,10.4830843],[7.3874393,10.4832102],[7.3873555,10.4832676],[7.3873072,10.4833078],[7.3872569,10.4833823],[7.3872502,10.4834005],[7.3872505,10.4834146],[7.3872536,10.4834222],[7.3872653,10.4834318],[7.3872831,10.483443],[7.3872864,10.4834522],[7.3872817,10.4834628],[7.387265,10.4834733],[7.3872016,10.4834977],[7.3871664,10.4835155],[7.3871262,10.4835505],[7.3870464,10.4836474],[7.3869914,10.4837384],[7.3869622,10.483802],[7.3869532,10.48383],[7.3869498,10.4838558],[7.3869511,10.4838848],[7.3869605,10.4838999],[7.3869739,10.4839118],[7.3870088,10.4839342],[7.3870278,10.4839471],[7.3870321,10.4839527],[7.3870318,10.4839585],[7.3870266,10.4839636],[7.3870081,10.4839725],[7.3869807,10.4839936],[7.3869471,10.484018],[7.3868978,10.4840697],[7.3868734,10.4840852],[7.3868603,10.4840865],[7.3868492,10.4840819],[7.3868372,10.4840684],[7.3868318,10.4840473],[7.3868311,10.4840279],[7.3868348,10.4840025],[7.386876,10.4838558],[7.3869176,10.4837265],[7.3869739,10.4836184],[7.3871027,10.4834351],[7.3871724,10.4833283],[7.3872475,10.4832188],[7.3873119,10.4830962],[7.3873816,10.4829511],[7.3874836,10.4827375],[7.3875748,10.4825621],[7.3876727,10.4824513],[7.3877411,10.4823775],[7.3878269,10.4822918],[7.3879181,10.4821836],[7.3880287,10.4820748]],[[7.391407,10.4813565],[7.3914103,10.4813726],[7.391408,10.4813927],[7.3914009,10.4814095],[7.3913875,10.4814207],[7.3913674,10.4814267],[7.3913446,10.481428],[7.3912936,10.481428],[7.3912282,10.4814352],[7.3912164,10.4814422],[7.3912092,10.4814544],[7.3912078,10.4814847],[7.3912197,10.4815618],[7.391218,10.4815711],[7.3912118,10.4815783],[7.391203,10.4815841],[7.3911756,10.4816021],[7.3911338,10.4816125],[7.391117,10.4816156],[7.3911005,10.481612],[7.3910817,10.4815994],[7.391065,10.4815671],[7.3910394,10.4815281],[7.3910294,10.4814979],[7.3910308,10.481461],[7.3910442,10.481428],[7.3910563,10.4813812],[7.3910657,10.4812697],[7.3910757,10.4812572],[7.3910911,10.4812526],[7.3911072,10.4812513],[7.3911227,10.4812559],[7.391183,10.4812895],[7.3912105,10.4812961],[7.391254,10.4813086],[7.391348,10.4813185],[7.3913808,10.4813238],[7.3913942,10.4813347],[7.3913996,10.4813423],[7.391407,10.4813565]],[[7.3921717,10.4816944],[7.3922301,10.4817181],[7.3922445,10.4817201],[7.3922502,10.4817175],[7.3922539,10.4817135],[7.3922549,10.4817013],[7.3922539,10.4816865],[7.3922566,10.481664],[7.3922646,10.4816525],[7.3922767,10.4816509],[7.3923011,10.4816509],[7.392325,10.4816561],[7.3923652,10.4816693],[7.3923933,10.4816891],[7.3924135,10.4817128],[7.3924202,10.4817326],[7.3924202,10.481755],[7.3924108,10.4818058],[7.3924064,10.481823],[7.3924001,10.4818394],[7.392384,10.4818526],[7.3923756,10.4818582],[7.3923585,10.4818605],[7.3923461,10.4818572],[7.3923357,10.4818487],[7.3923182,10.4818236],[7.3923055,10.4818134],[7.3922861,10.4818038],[7.3922539,10.4817959],[7.3922079,10.4817946],[7.3920929,10.4817827],[7.392038,10.4817656],[7.3919561,10.4817353],[7.3918998,10.4817122],[7.3918676,10.4817056],[7.3918059,10.481701],[7.3916182,10.4816535],[7.3913902,10.4815638],[7.3913728,10.4815513],[7.3913667,10.4815381],[7.3913667,10.4815294],[7.3913721,10.4815223],[7.3913915,10.4815183],[7.3914304,10.4815163],[7.391468,10.481519],[7.3915203,10.4815183],[7.3915713,10.4815236],[7.3916457,10.4815374],[7.3918247,10.4815744],[7.3920366,10.4816087],[7.3920903,10.4816166],[7.3921144,10.4816248],[7.3921285,10.4816364],[7.3921362,10.4816489],[7.3921493,10.4816716],[7.392162,10.4816868],[7.3921717,10.4816944]],[[7.3936218,10.4818249],[7.3936379,10.481883],[7.3936419,10.4819027],[7.3936392,10.4819156],[7.3936339,10.4819225],[7.3936151,10.4819304],[7.3935816,10.4819317],[7.3933785,10.4819073],[7.3932262,10.4818869],[7.3931417,10.4818632],[7.3930652,10.4818276],[7.3929767,10.4817603],[7.3929057,10.481697],[7.3928601,10.4816416],[7.3928158,10.4815876],[7.3928022,10.4815706],[7.3927984,10.4815559],[7.3928007,10.4815457],[7.3928091,10.4815401],[7.3928203,10.4815365],[7.3928413,10.4815361],[7.392911,10.481552],[7.3929553,10.4815572],[7.3930129,10.4815678],[7.3931149,10.4815994],[7.393249,10.4816456],[7.3933785,10.4817047],[7.3935427,10.4817498],[7.3935641,10.4817537],[7.3935883,10.4817682],[7.3936057,10.4817847],[7.3936178,10.4818078],[7.3936218,10.4818249]],[[7.3978744,10.4839548],[7.3978805,10.4839474],[7.3978999,10.4839428],[7.3979267,10.4839474],[7.3979542,10.4839599],[7.397969,10.4839738],[7.3979844,10.4839969],[7.3979851,10.4840153],[7.397975,10.4840311],[7.3979596,10.4840377],[7.3979378,10.4840377],[7.3979167,10.4840328],[7.3978946,10.484014],[7.3978758,10.483985],[7.3978718,10.4839652],[7.3978744,10.4839548]],[[7.3986174,10.4849859],[7.3985772,10.4849819],[7.3985195,10.4849674],[7.398486,10.484945],[7.3984458,10.4849147],[7.3984042,10.4848633],[7.3983814,10.4848211],[7.39837,10.484769],[7.3983673,10.4847518],[7.3983682,10.4847411],[7.398374,10.4847314],[7.3983874,10.4847283],[7.3984009,10.4847306],[7.3984243,10.484738],[7.39849,10.4847709],[7.398549,10.4848066],[7.3985718,10.4848263],[7.3985946,10.4848448],[7.3986161,10.4848659],[7.3986382,10.4848896],[7.3986576,10.48492],[7.3986617,10.4849384],[7.398658,10.4849585],[7.3986456,10.484979],[7.3986174,10.4849859]],[[7.398836,10.4848659],[7.3988548,10.4849015],[7.3988843,10.4849331],[7.3989031,10.4849463],[7.3989269,10.4849496],[7.3989433,10.4849411],[7.3989594,10.4849252],[7.3989822,10.4849088],[7.3990073,10.4849028],[7.3990345,10.4849028],[7.3990814,10.4849055],[7.3991418,10.4849134],[7.3991807,10.484912],[7.3991891,10.4849068],[7.3991927,10.4848989],[7.3991928,10.4848715],[7.3991954,10.484858],[7.3992006,10.4848512],[7.3992075,10.4848461],[7.3992186,10.4848443],[7.3992303,10.4848448],[7.399243,10.4848464],[7.3992571,10.484854],[7.3992647,10.4848634],[7.3992705,10.4848764],[7.3992732,10.4849094],[7.3992719,10.4849529],[7.3992759,10.484974],[7.3992893,10.4849925],[7.3993188,10.4850123],[7.3993859,10.4850466],[7.3995906,10.4850929],[7.3996635,10.4851006],[7.399748,10.4851178],[7.3998405,10.4851468],[7.3998767,10.4851547],[7.3998874,10.4851718],[7.3998821,10.4851863],[7.3998606,10.4851916],[7.3998311,10.485189],[7.399815,10.4851956],[7.399815,10.485214],[7.3998217,10.4852246],[7.3998418,10.4852365],[7.3998727,10.4852457],[7.3999196,10.4852523],[7.4000148,10.4852773],[7.4000884,10.4852955],[7.4001195,10.4853156],[7.4001382,10.4853551],[7.4001423,10.4853934],[7.4001329,10.4854092],[7.4001181,10.4854158],[7.4000712,10.4854158],[7.3999419,10.4854092],[7.3998767,10.4854105],[7.3998003,10.4854066],[7.3996367,10.485367],[7.3995401,10.4853406],[7.3993979,10.485305],[7.3992853,10.4852734],[7.3991525,10.4852628],[7.3990881,10.4852681],[7.3990493,10.4852694],[7.3990244,10.4852615],[7.399005,10.485247],[7.3989755,10.4852127],[7.3989406,10.4851771],[7.3989218,10.4851415],[7.3989151,10.4851164],[7.3989004,10.4851006],[7.3988709,10.4850914],[7.3988239,10.4850861],[7.3987596,10.4850663],[7.3987274,10.4850439],[7.3987153,10.4850281],[7.3987019,10.485007],[7.3986992,10.4849846],[7.3987046,10.4849714],[7.3987207,10.4849608],[7.3987395,10.4849579],[7.3987606,10.4849559],[7.3987737,10.4849496],[7.3987814,10.4849401],[7.3987877,10.4849203],[7.3987857,10.4849071],[7.398776,10.4848923],[7.3987649,10.4848685],[7.3987599,10.4848544],[7.3987596,10.4848408],[7.3987663,10.4848313],[7.3987797,10.4848277],[7.3988065,10.4848356],[7.398836,10.4848659]],[[7.3989741,10.4847011],[7.3989674,10.4847195],[7.3989728,10.4847538],[7.3989668,10.4847749],[7.3989567,10.4847881],[7.3989379,10.484796],[7.3989192,10.4847907],[7.3988997,10.4847756],[7.3988669,10.4847413],[7.3988374,10.4847017],[7.3988125,10.4846615],[7.3987991,10.4846417],[7.3987864,10.484618],[7.398779,10.4846015],[7.3987783,10.4845863],[7.3987844,10.4845705],[7.3987918,10.484558],[7.3988159,10.4845408],[7.3988414,10.4845257],[7.3988655,10.4845204],[7.3988897,10.4845224],[7.3989567,10.4845323],[7.3989809,10.4845494],[7.3989996,10.4845718],[7.3990037,10.4846008],[7.3990197,10.4846285],[7.3990278,10.4846457],[7.3990211,10.4846655],[7.3990063,10.4846786],[7.3989835,10.4846892],[7.3989741,10.4847011]],[[7.3994207,10.4845382],[7.399406,10.4845382],[7.3993899,10.4845375],[7.3993698,10.4845316],[7.3993349,10.4845079],[7.3993128,10.4844782],[7.3993067,10.4844505],[7.3993104,10.4844212],[7.3993188,10.4843978],[7.3993403,10.484372],[7.3993678,10.4843608],[7.3993953,10.4843529],[7.3994301,10.4843542],[7.3994717,10.4843635],[7.3994999,10.484374],[7.3995103,10.4843819],[7.3995143,10.4843895],[7.3995153,10.4843981],[7.3995146,10.4844073],[7.3994677,10.4844821],[7.3994409,10.4845253],[7.3994321,10.4845336],[7.3994207,10.4845382]],[[7.3995723,10.4845972],[7.3995428,10.4846167],[7.3995274,10.484618],[7.3995106,10.484614],[7.3994898,10.4845989],[7.3994797,10.4845817],[7.3994771,10.4845613],[7.3994999,10.4845085],[7.3995334,10.4844558],[7.3995458,10.484438],[7.3995579,10.4844278],[7.3995709,10.4844228],[7.3995864,10.4844221],[7.3996031,10.4844268],[7.3996313,10.484434],[7.3996541,10.4844373],[7.3996715,10.4844439],[7.3996846,10.4844571],[7.3996859,10.4844667],[7.3996816,10.4844795],[7.3996373,10.4845342],[7.3995857,10.4845824],[7.3995723,10.4845972]],[[7.4373871,10.4922961],[7.4373898,10.4922869],[7.4373965,10.4922786],[7.4374206,10.4922529],[7.4374437,10.4922166],[7.4374541,10.4921952],[7.4374682,10.4921827],[7.4374779,10.4921847],[7.4374813,10.4921922],[7.4374699,10.4922193],[7.4374561,10.4922598],[7.4374451,10.4922911],[7.437433,10.4923086],[7.4374216,10.4923136],[7.4374032,10.4923152],[7.4373951,10.4923132],[7.4373911,10.4923089],[7.4373871,10.4922961]],[[7.4376395,10.4920429],[7.4376328,10.4920277],[7.4376382,10.4919987],[7.4376744,10.4919407],[7.4377254,10.4918682],[7.4377937,10.491797],[7.4378474,10.4917258],[7.4378836,10.4916809],[7.4379118,10.4916572],[7.4379359,10.4916493],[7.437952,10.4916638],[7.4379587,10.4916902],[7.4379426,10.4917416],[7.4379268,10.4917822],[7.4378753,10.4918666],[7.4377897,10.491942],[7.4376851,10.4920251],[7.437657,10.4920462],[7.4376395,10.4920429]],[[7.4387513,10.4891635],[7.4387299,10.4891635],[7.4387151,10.4891504],[7.4387057,10.4891003],[7.4387258,10.4890119],[7.4387513,10.4889038],[7.4387889,10.488764],[7.4388371,10.4886387],[7.438864,10.4885358],[7.4388894,10.4884093],[7.4389216,10.488375],[7.4389766,10.4883789],[7.4389994,10.4884],[7.4390088,10.4884449],[7.4389498,10.4886282],[7.438876,10.4888365],[7.4388371,10.4889671],[7.4388117,10.4890871],[7.4387982,10.4891332],[7.4387741,10.489155],[7.4387513,10.4891635]],[[7.4388666,10.488098],[7.4389015,10.4880387],[7.4389417,10.4880136],[7.4390021,10.4879807],[7.4390692,10.4879649],[7.4390973,10.4879794],[7.4391013,10.4880044],[7.4390571,10.4881046],[7.439037,10.4881587],[7.4390142,10.488218],[7.4389753,10.4882774],[7.4389417,10.4883038],[7.4388988,10.488313],[7.4388626,10.4883064],[7.4388412,10.4882391],[7.4388398,10.4881745],[7.4388666,10.488098]],[[7.4389806,10.4891504],[7.4389806,10.4892163],[7.4389686,10.4892585],[7.4389525,10.4892928],[7.4389055,10.489306],[7.4388707,10.4892849],[7.4388613,10.4892611],[7.4388599,10.4892163],[7.438876,10.489153],[7.4388908,10.4891161],[7.438923,10.4891068],[7.4389592,10.4891253],[7.4389806,10.4891504]],[[7.439218,10.4878264],[7.4391778,10.4878646],[7.4391268,10.4879134],[7.4390423,10.4879556],[7.4389726,10.4879794],[7.4389324,10.487986],[7.4389069,10.4879794],[7.4389002,10.4879543],[7.4389029,10.4879174],[7.4389216,10.4878409],[7.4389498,10.4877789],[7.439041,10.4875574],[7.4391054,10.48744],[7.4391375,10.4873754],[7.4391831,10.487295],[7.43921,10.487262],[7.4392609,10.4872132],[7.439328,10.4871868],[7.439388,10.4872006],[7.4394178,10.4872369],[7.4394353,10.4873503],[7.4394205,10.4874136],[7.4393897,10.4874901],[7.4393193,10.4876564],[7.439218,10.4878264]],[[7.439332,10.4886769],[7.4392422,10.4887429],[7.4391791,10.4888167],[7.4391443,10.4889011],[7.4390826,10.488975],[7.4390396,10.4889908],[7.4389981,10.4889934],[7.4389712,10.4889921],[7.4389364,10.4889671],[7.4389364,10.4889315],[7.4389619,10.4888537],[7.4390128,10.4887402],[7.4390893,10.488582],[7.4392448,10.4883829],[7.4393561,10.4882523],[7.4394406,10.4881416],[7.4395184,10.4880703],[7.4396203,10.4880084],[7.4398094,10.4879873],[7.4398738,10.4880308],[7.439898,10.4881402],[7.4398792,10.4882431],[7.4398255,10.4883262],[7.4397141,10.4884075],[7.4395854,10.4885088],[7.4394849,10.4885952],[7.439332,10.4886769]],[[7.439965,10.487353],[7.4398859,10.4874809],[7.4398148,10.4876761],[7.4397357,10.4877908],[7.4396069,10.4878923],[7.4394742,10.4879899],[7.4394004,10.4880136],[7.4393629,10.4880229],[7.4393454,10.4880084],[7.4393401,10.4879741],[7.439336,10.48792],[7.4393803,10.4877868],[7.4394272,10.487655],[7.4394688,10.4875692],[7.4395077,10.4874123],[7.4395332,10.4873081],[7.4395452,10.4871697],[7.4396217,10.4869574],[7.4396619,10.4869086],[7.439729,10.486869],[7.4397999,10.4868546],[7.4398738,10.4868651],[7.4399704,10.4869415],[7.4400403,10.4870656],[7.4400589,10.4871407],[7.4400669,10.4871908],[7.4400522,10.4872382],[7.439965,10.487353]],[[7.4400656,10.4877512],[7.4400267,10.4878356],[7.439969,10.4879042],[7.4398939,10.4879306],[7.4398188,10.487953],[7.439741,10.4879754],[7.4396874,10.487978],[7.4396525,10.4879675],[7.4396472,10.487949],[7.4396673,10.4879161],[7.4397974,10.4878211],[7.4398698,10.487767],[7.4398912,10.4877248],[7.4398993,10.4876787],[7.4399033,10.4876273],[7.4399154,10.4876022],[7.439957,10.4876022],[7.4400052,10.4875983],[7.4400495,10.4875626],[7.4400978,10.4874967],[7.4401367,10.4874703],[7.4401554,10.4874796],[7.4401622,10.4875205],[7.4401514,10.4875745],[7.4401005,10.4876642],[7.4400656,10.4877512]],[[7.4405953,10.4877433],[7.4405739,10.4878673],[7.440488,10.4880387],[7.4403861,10.4882128],[7.4403432,10.4883051],[7.4402761,10.488371],[7.4402051,10.4883974],[7.4401394,10.4884317],[7.4400643,10.4885121],[7.4399248,10.4886664],[7.4398845,10.4887376],[7.4398604,10.4887772],[7.4398255,10.4888088],[7.4397994,10.488826],[7.4397739,10.488824],[7.4397477,10.4887983],[7.4397504,10.4887455],[7.4397853,10.4886137],[7.4398363,10.4885002],[7.4399087,10.4884],[7.4399382,10.4883183],[7.439957,10.4882022],[7.4400133,10.4880941],[7.4400455,10.4879965],[7.4401259,10.4878805],[7.4401689,10.4877618],[7.4402118,10.4876536],[7.4402842,10.4875983],[7.4403405,10.4875798],[7.4404451,10.4876062],[7.4405551,10.487651],[7.44059,10.4876853],[7.4405953,10.4877433]],[[7.4034253,10.4857369],[7.4034313,10.4857303],[7.403442,10.4857277],[7.4034481,10.485731],[7.4034525,10.4857401],[7.4034632,10.4857613],[7.4034736,10.4857699],[7.4034845,10.4857768],[7.4034878,10.4857796],[7.4034896,10.4857847],[7.40349,10.485789],[7.4034886,10.4857933],[7.4034816,10.4857999],[7.4034719,10.4858081],[7.4034645,10.4858154],[7.4034635,10.4858279],[7.4034695,10.485849],[7.4034796,10.4858638],[7.4034873,10.4858726],[7.4034962,10.4858877],[7.4034997,10.485907],[7.4034987,10.4859222],[7.4034896,10.4859664],[7.4034668,10.4860224],[7.4034588,10.4860593],[7.4034508,10.4860672],[7.4034427,10.4860722],[7.4034333,10.4860725],[7.4034259,10.4860695],[7.4034202,10.486062],[7.4034166,10.4860531],[7.4034099,10.4860451],[7.4033985,10.4860409],[7.403385,10.4860448],[7.4033743,10.4860541],[7.4033596,10.4860633],[7.4033421,10.4860659],[7.4033274,10.486058],[7.4033086,10.4860382],[7.4033032,10.4860171],[7.4033073,10.4859987],[7.4033207,10.4859828],[7.4033394,10.4859749],[7.4033542,10.4859644],[7.4033587,10.4859512],[7.4033596,10.485934],[7.4033542,10.4859116],[7.4033475,10.4858919],[7.4033515,10.4858688],[7.4033663,10.4858464],[7.403385,10.4858299],[7.4034018,10.4858127],[7.4034152,10.4857982],[7.4034206,10.485791],[7.4034233,10.4857692],[7.4034226,10.4857455],[7.4034253,10.4857369]],[[7.4036761,10.4854369],[7.4036918,10.4854554],[7.4037015,10.4854751],[7.4037029,10.48549],[7.4036942,10.4855032],[7.4036781,10.4855147],[7.4036586,10.4855226],[7.4036392,10.4855259],[7.4036197,10.4855266],[7.4035996,10.4855173],[7.4035741,10.4854976],[7.403533,10.4854834],[7.4034789,10.4854804],[7.4034454,10.4854857],[7.4034145,10.4854923],[7.4033936,10.4854957],[7.4033787,10.4854982],[7.4033636,10.4854949],[7.4033547,10.4854865],[7.4033488,10.4854725],[7.4033448,10.4854395],[7.4033301,10.4853011],[7.4033327,10.4851817],[7.4033327,10.4851277],[7.4033311,10.4851069],[7.4033314,10.4850888],[7.4033301,10.4850703],[7.4033324,10.4850588],[7.4033368,10.4850541],[7.4033431,10.4850515],[7.4033542,10.4850535],[7.4033609,10.4850607],[7.4033663,10.485069],[7.4034078,10.4851732],[7.4034213,10.4852167],[7.4034601,10.4853063],[7.4034715,10.4853472],[7.4034829,10.4853729],[7.4035044,10.4853868],[7.4035446,10.4853934],[7.4035728,10.4853973],[7.403605,10.4854026],[7.4036452,10.4854158],[7.4036761,10.4854369]],[[7.4040764,10.4863363],[7.404073,10.4863692],[7.4040677,10.4864009],[7.4040576,10.4864378],[7.4040462,10.486476],[7.4040301,10.4864998],[7.4040167,10.4865077],[7.4040006,10.4865116],[7.4039832,10.4865077],[7.4039738,10.4864879],[7.4039681,10.4864737],[7.4039631,10.4864497],[7.4039607,10.486421],[7.4039657,10.4863982],[7.4039765,10.4863722],[7.4039818,10.4863231],[7.4039859,10.4862505],[7.4039872,10.4862228],[7.4039899,10.4861965],[7.4039966,10.4861774],[7.4040073,10.4861688],[7.404014,10.4861675],[7.4040201,10.4861754],[7.4040261,10.4861925],[7.4040274,10.4862268],[7.4040361,10.4862499],[7.4040475,10.4862637],[7.404065,10.4862914],[7.4040724,10.4863132],[7.4040764,10.4863363]],[[7.4045652,10.4850901],[7.40459,10.4850802],[7.4046236,10.4850861],[7.4046457,10.4850986],[7.4046671,10.4851217],[7.4047074,10.4851877],[7.4047503,10.4852589],[7.404812,10.4853195],[7.4048978,10.4853644],[7.4049622,10.4853644],[7.4050158,10.4853222],[7.4050614,10.4853116],[7.4051231,10.4853169],[7.405276,10.4853538],[7.4055281,10.4854672],[7.4056864,10.4855437],[7.4058849,10.4856255],[7.4060284,10.4856901],[7.4061477,10.485756],[7.4062094,10.4857956],[7.4062657,10.4858523],[7.4063086,10.4859011],[7.4063341,10.485905],[7.4063636,10.4859011],[7.4063878,10.4858773],[7.4064253,10.4858655],[7.4064575,10.485847],[7.4065272,10.4858127],[7.4065836,10.4858088],[7.4066667,10.4858365],[7.4067271,10.4858549],[7.4067928,10.4858721],[7.4068464,10.4858958],[7.4069095,10.4859466],[7.4069323,10.4859637],[7.4069728,10.4859947],[7.4069866,10.4860114],[7.40701,10.4860672],[7.4070342,10.4861582],[7.4070489,10.4861886],[7.4070677,10.486209],[7.4071026,10.4862176],[7.4071509,10.4862209],[7.4072206,10.4862334],[7.4072823,10.4862545],[7.4073292,10.4862927],[7.4073514,10.4863244],[7.4073795,10.4863501],[7.4074271,10.4863778],[7.4074533,10.4863996],[7.4074721,10.4864226],[7.4074788,10.486447],[7.4074781,10.4864879],[7.4074513,10.4865565],[7.407403,10.4866171],[7.4073654,10.4866593],[7.4073319,10.4866883],[7.4072957,10.4866936],[7.4072659,10.486692],[7.4072417,10.4866841],[7.4072206,10.4866541],[7.4071965,10.4866119],[7.4071535,10.4865802],[7.4070919,10.4865802],[7.4070382,10.4865987],[7.4069819,10.4865934],[7.4069443,10.4865697],[7.4068987,10.4864826],[7.4068612,10.4864246],[7.4068136,10.4863943],[7.4067566,10.4863692],[7.4066842,10.4863402],[7.4066278,10.4863007],[7.4065957,10.4862651],[7.4065521,10.4861978],[7.4064991,10.4861331],[7.4064387,10.4860864],[7.4063824,10.4860666],[7.4063234,10.4860593],[7.4062657,10.4860593],[7.4062175,10.4860613],[7.4061571,10.4860593],[7.4060807,10.4860686],[7.4060109,10.4860923],[7.4059586,10.4861015],[7.4059036,10.4860923],[7.4058661,10.486058],[7.4058446,10.4860343],[7.4058098,10.4860211],[7.4056837,10.4860211],[7.4055791,10.4860079],[7.4054953,10.4859897],[7.4053511,10.4859288],[7.4052599,10.4858839],[7.4051633,10.4858523],[7.4050775,10.4858497],[7.4049622,10.4858497],[7.4048442,10.4858417],[7.4047878,10.4858391],[7.4047261,10.485847],[7.4046618,10.4858338],[7.404592,10.4858075],[7.404525,10.4857679],[7.404466,10.485731],[7.4043962,10.4856914],[7.4043238,10.4856545],[7.4042782,10.4856202],[7.4042568,10.4855912],[7.4042648,10.4855674],[7.404297,10.4855279],[7.4043426,10.4855121],[7.4043962,10.4855147],[7.4044619,10.4855384],[7.4045169,10.4855332],[7.4045572,10.4855068],[7.4045746,10.4854501],[7.4045867,10.4853868],[7.40458,10.4853393],[7.4045759,10.4852734],[7.4045733,10.4852061],[7.4045719,10.4851521],[7.4045625,10.4851296],[7.4045558,10.4851168],[7.4045572,10.4851049],[7.4045652,10.4850901]],[[7.404761,10.4864061],[7.4047516,10.4864207],[7.4047396,10.4864256],[7.4047261,10.4864272],[7.4047121,10.4864238],[7.404698,10.4864141],[7.4046832,10.4863949],[7.4046745,10.4863829],[7.4046712,10.4863732],[7.4046712,10.4863442],[7.4046671,10.4863059],[7.4046557,10.4862947],[7.4046182,10.4862842],[7.4045981,10.4862802],[7.4045833,10.4862743],[7.4045719,10.4862617],[7.4045659,10.4862387],[7.4045672,10.4862176],[7.404578,10.4861378],[7.4045914,10.4861048],[7.4046078,10.4860738],[7.4046175,10.486062],[7.404637,10.4860531],[7.4046497,10.4860537],[7.4046658,10.4860606],[7.4046779,10.4860699],[7.4046886,10.4860844],[7.4047074,10.4861213],[7.4047175,10.4861586],[7.4047436,10.4862624],[7.4047516,10.4863112],[7.404761,10.4863468],[7.4047624,10.4863798],[7.404761,10.4864061]],[[7.4066359,10.4869824],[7.4066622,10.4869839],[7.4066731,10.4869856],[7.406687,10.4869918],[7.4066946,10.4870001],[7.4066989,10.4870101],[7.4066976,10.4870273],[7.4066989,10.4870513],[7.4067056,10.4870813],[7.4067291,10.4871117],[7.4067593,10.4871328],[7.4068096,10.4871657],[7.4068558,10.4871974],[7.4069242,10.4872277],[7.4069859,10.4872396],[7.4070047,10.4872448],[7.4070342,10.4872633],[7.4070456,10.4872851],[7.407057,10.4873121],[7.4070583,10.4873596],[7.4070543,10.4874084],[7.4070409,10.4874453],[7.4070436,10.487473],[7.4070523,10.4874914],[7.4070758,10.4875099],[7.4070959,10.4875178],[7.407118,10.4875198],[7.4071314,10.487527],[7.4071468,10.4875386],[7.4071663,10.487557],[7.4071777,10.4875762],[7.4072112,10.4876616],[7.4072179,10.4877196],[7.4072152,10.4878145],[7.4072045,10.4878989],[7.4071961,10.4879398],[7.4071817,10.4879991],[7.4071737,10.4880136],[7.4071626,10.4880186],[7.4071522,10.4880163],[7.4071398,10.4880074],[7.4071361,10.4879952],[7.4071321,10.4879701],[7.4071281,10.4879467],[7.407118,10.4879283],[7.4071059,10.487917],[7.4070919,10.4879002],[7.4070744,10.4878646],[7.4070583,10.4878066],[7.4070449,10.4877644],[7.4070288,10.4877196],[7.40701,10.4876945],[7.4069792,10.4876708],[7.406951,10.4876536],[7.406892,10.4876035],[7.4068505,10.48756],[7.4068062,10.4875218],[7.406707,10.4874387],[7.4066305,10.4873793],[7.4065836,10.4873398],[7.4065407,10.4872765],[7.4065199,10.4872396],[7.4065098,10.487204],[7.4065152,10.4871723],[7.406534,10.4871539],[7.406548,10.4871506],[7.4065715,10.4871525],[7.4065997,10.4871618],[7.4066151,10.4871628],[7.4066252,10.4871591],[7.4066352,10.4871417],[7.4066359,10.4871182],[7.4066288,10.4870968],[7.406605,10.4870457],[7.4065876,10.4870193],[7.4065854,10.4870068],[7.4065903,10.4869943],[7.4065963,10.4869872],[7.4066091,10.4869824],[7.4066359,10.4869824]],[[7.4075612,10.4872831],[7.4074942,10.4872646],[7.4073292,10.4872237],[7.4072582,10.4871961],[7.4072099,10.4871565],[7.4071388,10.4870853],[7.4069095,10.4869086],[7.4069014,10.4868862],[7.4069081,10.4868664],[7.4069323,10.4868611],[7.4072541,10.4869007],[7.4074419,10.4869086],[7.4075679,10.4868941],[7.4076219,10.4869023],[7.4076605,10.4869244],[7.4077235,10.4869798],[7.4077772,10.4870391],[7.4078107,10.4871064],[7.4078107,10.4871802],[7.4077892,10.4872317],[7.4077557,10.487262],[7.4076927,10.4872936],[7.4076471,10.4873029],[7.4076082,10.4872976],[7.4075612,10.4872831]],[[7.4079435,10.4875402],[7.4079113,10.4874598],[7.4079005,10.4874084],[7.4079019,10.4873253],[7.4079099,10.487262],[7.4079207,10.4872053],[7.4079213,10.4871816],[7.4079227,10.4871654],[7.4079277,10.4871515],[7.4079368,10.4871354],[7.4079475,10.4871169],[7.4079555,10.4870892],[7.4079666,10.4870754],[7.4079823,10.4870681],[7.4080035,10.4870625],[7.4080266,10.4870629],[7.4082305,10.4871077],[7.408331,10.4871301],[7.4083598,10.4871422],[7.4083714,10.4871545],[7.4083766,10.4871763],[7.408374,10.4872026],[7.4083579,10.4872435],[7.4083284,10.4872673],[7.4082935,10.4872765],[7.4082331,10.4873068],[7.4082211,10.4873081],[7.4082134,10.4873055],[7.408204,10.4872917],[7.4081963,10.4872831],[7.4081802,10.4872745],[7.4081634,10.4872771],[7.4081527,10.487293],[7.4081433,10.4873147],[7.4081326,10.4873681],[7.4081252,10.4873925],[7.4081218,10.4874183],[7.4081265,10.4874374],[7.4081366,10.4874499],[7.40816,10.4874664],[7.4082667,10.4875389],[7.4084276,10.4876312],[7.4084477,10.4876365],[7.4084645,10.4876365],[7.40849,10.4876325],[7.4085094,10.487624],[7.4085329,10.487624],[7.4085718,10.4876378],[7.408606,10.4876602],[7.4086234,10.4876681],[7.4086408,10.4876675],[7.4086569,10.4876616],[7.4086677,10.4876273],[7.4086623,10.4875983],[7.4086603,10.4875851],[7.4086636,10.4875679],[7.408677,10.487533],[7.4087186,10.4874717],[7.408724,10.4874453],[7.4087401,10.4874123],[7.4087656,10.4874004],[7.4088004,10.4874031],[7.4088299,10.4874136],[7.408846,10.4874492],[7.4088407,10.4874944],[7.4088192,10.487527],[7.4088199,10.4875468],[7.4088293,10.4875567],[7.408843,10.4875663],[7.4088638,10.4875798],[7.4088755,10.4875923],[7.4088889,10.4876161],[7.4088901,10.4876231],[7.4088883,10.4876322],[7.4088769,10.4876451],[7.4088621,10.4876569],[7.4088417,10.4876764],[7.4088085,10.4876991],[7.4087796,10.487709],[7.4087515,10.4877117],[7.408726,10.487713],[7.4087106,10.4877169],[7.4087005,10.4877308],[7.4086951,10.4877558],[7.4086958,10.4877789],[7.4087045,10.4877901],[7.408726,10.4878013],[7.4087354,10.4878125],[7.4087434,10.4878257],[7.4087575,10.4878646],[7.4087689,10.4878798],[7.4087837,10.4878936],[7.4087977,10.4879081],[7.4087971,10.4879207],[7.4087897,10.4879312],[7.4087689,10.4879438],[7.4087495,10.4879701],[7.4087401,10.4879965],[7.4087474,10.4880216],[7.408787,10.4880611],[7.4088004,10.4881007],[7.4088058,10.4881508],[7.4088044,10.4882563],[7.4087924,10.4882998],[7.4087602,10.488338],[7.40872,10.4883723],[7.4086951,10.4883961],[7.408673,10.4884066],[7.4086589,10.4884053],[7.4086462,10.4883987],[7.4086375,10.4883855],[7.4086267,10.4883512],[7.408613,10.488315],[7.4086154,10.4882549],[7.4086224,10.488219],[7.4086261,10.4881864],[7.4086197,10.4881663],[7.4086086,10.4881508],[7.4085845,10.4881323],[7.408555,10.4881294],[7.4085309,10.4881455],[7.4085148,10.4881917],[7.4085121,10.4882418],[7.4085268,10.4882906],[7.4085684,10.4883631],[7.4085704,10.4883842],[7.408559,10.4884053],[7.408551,10.4884139],[7.4085362,10.4884224],[7.4085195,10.4884211],[7.4084973,10.4884086],[7.4084786,10.4883882],[7.4084544,10.4883499],[7.4083981,10.4883143],[7.4083743,10.4883008],[7.4083451,10.4882896],[7.408317,10.4882886],[7.4083096,10.4882919],[7.4083056,10.4882985],[7.4083082,10.4883288],[7.4083284,10.4883802],[7.4083404,10.4884119],[7.4083538,10.4884238],[7.4083766,10.4884383],[7.4084021,10.4884435],[7.4084316,10.4884422],[7.4085201,10.4884567],[7.4085791,10.4884726],[7.4085966,10.4884857],[7.408606,10.4885016],[7.4086033,10.4885167],[7.4085939,10.4885273],[7.4085208,10.488582],[7.4084739,10.488615],[7.4084631,10.4886196],[7.4084507,10.4886229],[7.4084118,10.4886196],[7.4083572,10.4886473],[7.4083424,10.4886532],[7.4083257,10.4886552],[7.4083116,10.4886473],[7.4082982,10.4885998],[7.408272,10.4885121],[7.4082559,10.4884106],[7.4082546,10.488342],[7.4082512,10.4882932],[7.4082465,10.4882602],[7.4082291,10.4882286],[7.4081808,10.4881758],[7.4081352,10.4881284],[7.408087,10.4881099],[7.4080467,10.4881099],[7.4080112,10.488129],[7.4079944,10.488158],[7.4079823,10.4881778],[7.4079649,10.4881831],[7.4079475,10.4881811],[7.4078549,10.4881429],[7.4077061,10.4880427],[7.4076229,10.4879952],[7.4075626,10.4879688],[7.4074754,10.4879319],[7.4074432,10.4879108],[7.407399,10.4878462],[7.4073265,10.4876655],[7.4072555,10.4874466],[7.4072548,10.4873826],[7.4072541,10.4873451],[7.4072642,10.4873266],[7.4073118,10.4873068],[7.4073936,10.4873095],[7.4074566,10.4873332],[7.4075156,10.4873793],[7.4076042,10.4874387],[7.4076819,10.4874888],[7.4077275,10.4875218],[7.4077758,10.4875547],[7.4078456,10.4876339],[7.4078871,10.4876642],[7.4079193,10.4876734],[7.4079368,10.4876728],[7.4079522,10.4876635],[7.4079636,10.4876332],[7.4079595,10.4875897],[7.4079435,10.4875402]],[[7.4095488,10.4880835],[7.4095154,10.4880153],[7.4094388,10.4879147],[7.4093771,10.4878554],[7.4093248,10.4878172],[7.409251,10.4877354],[7.4091893,10.4876431],[7.4091411,10.4875139],[7.4091062,10.487382],[7.4091102,10.4873437],[7.4091303,10.4873081],[7.4091813,10.4872659],[7.4092148,10.4872554],[7.4092457,10.4872554],[7.4092913,10.48726],[7.4093288,10.4872752],[7.4093959,10.487324],[7.4094763,10.4874044],[7.4095434,10.4874954],[7.4096131,10.4877064],[7.4096721,10.4879306],[7.4096802,10.4880862],[7.4096695,10.4881125],[7.4096426,10.4881336],[7.409597,10.4881231],[7.4095488,10.4880835]],[[7.4108604,10.4943605],[7.4108711,10.4942352],[7.4108778,10.4941099],[7.4108778,10.4940189],[7.4108537,10.4939438],[7.4108174,10.4938699],[7.4107987,10.4938172],[7.4107812,10.4937618],[7.4107745,10.4937051],[7.4107879,10.4936484],[7.4108013,10.4935574],[7.4108081,10.493506],[7.4108161,10.4933596],[7.4107853,10.4932963],[7.4107289,10.4931869],[7.4106726,10.4930787],[7.4106525,10.4929943],[7.4106283,10.4928348],[7.410623,10.4927003],[7.4106109,10.4926238],[7.4105331,10.4924062],[7.4105036,10.4922981],[7.4104822,10.4921978],[7.4104486,10.492062],[7.4104165,10.4919143],[7.410399,10.4917284],[7.410399,10.4916018],[7.4104057,10.4914818],[7.4104218,10.4914251],[7.410458,10.4913776],[7.4104996,10.4913387],[7.4105144,10.4913354],[7.4105278,10.491342],[7.4105335,10.4913572],[7.4105667,10.4914937],[7.4105975,10.4916044],[7.410631,10.4916862],[7.4106444,10.4917337],[7.4106619,10.4917666],[7.4106867,10.4918016],[7.4107276,10.4918484],[7.4107584,10.4919025],[7.4107742,10.491948],[7.4107786,10.4919842],[7.4107759,10.4920277],[7.4107839,10.4920858],[7.4108577,10.4923719],[7.4109435,10.4926225],[7.4109998,10.4928611],[7.411015,10.4929696],[7.411032,10.4931064],[7.4110213,10.4931842],[7.4109925,10.4932389],[7.4109522,10.4933095],[7.4109429,10.4933359],[7.4109408,10.4933635],[7.4109516,10.4934041],[7.410973,10.4934401],[7.4109771,10.493473],[7.4109744,10.4935166],[7.4109744,10.4935759],[7.4109945,10.4936774],[7.4109864,10.4937816],[7.4110025,10.4938594],[7.4110495,10.4939688],[7.4111205,10.4941627],[7.4111836,10.4944594],[7.41126,10.4947165],[7.4112882,10.4948102],[7.411319,10.495029],[7.4113324,10.4951438],[7.4113411,10.4952235],[7.4113492,10.4952882],[7.4113463,10.4953488],[7.4113539,10.4953864],[7.4113686,10.495424],[7.4113767,10.4954754],[7.411376,10.4955493],[7.4113807,10.4956007],[7.4113894,10.4956468],[7.4113921,10.4956884],[7.4113961,10.495753],[7.4114089,10.4958394],[7.4114256,10.4959725],[7.4114384,10.4960649],[7.4114464,10.4961216],[7.4114585,10.4961598],[7.4114638,10.496208],[7.4114732,10.4962468],[7.411486,10.4962897],[7.4114974,10.4963286],[7.4115128,10.4963728],[7.4115282,10.4964512],[7.411551,10.4965482],[7.4115631,10.4966062],[7.4115792,10.4966576],[7.4115986,10.4967123],[7.4116094,10.4967519],[7.4116248,10.4968409],[7.4116248,10.496978],[7.4116375,10.4970987],[7.411655,10.4972365],[7.411665,10.4973538],[7.4116758,10.4974547],[7.4116838,10.4975602],[7.4116938,10.4977586],[7.4117106,10.4978365],[7.4117321,10.4980211],[7.4117696,10.4982479],[7.4118018,10.4984879],[7.411834,10.498654],[7.4118689,10.4988571],[7.4119011,10.4991551],[7.4118984,10.4993239],[7.4119145,10.4994109],[7.4119359,10.4995349],[7.4119574,10.4997617],[7.4119534,10.4998712],[7.4119279,10.4999635],[7.4118937,10.5000301],[7.4118655,10.5000775],[7.4118521,10.5001283],[7.4118434,10.50021],[7.41184,10.5002971],[7.411832,10.5003643],[7.4118213,10.5004415],[7.4117991,10.5005015],[7.4117743,10.5005872],[7.4117522,10.500634],[7.4117234,10.5006742],[7.4116892,10.5006914],[7.411663,10.5006881],[7.4116449,10.5006834],[7.4116255,10.5006696],[7.4116027,10.5006683],[7.4115913,10.5006801],[7.4115732,10.5007085],[7.4115544,10.5007336],[7.4115282,10.5007678],[7.4114947,10.5007995],[7.4114545,10.5008522],[7.4114156,10.5008852],[7.4113844,10.500928],[7.41137,10.500935],[7.4113479,10.500937],[7.4113351,10.5009251],[7.4113264,10.5009073],[7.4113271,10.5008921],[7.4113341,10.5008641],[7.4113351,10.5008377],[7.4113304,10.5008064],[7.4113133,10.5007909],[7.4112976,10.500781],[7.4112852,10.5007771],[7.4112536,10.5007794],[7.4112295,10.5007879],[7.411201,10.5007876],[7.4111608,10.5007652],[7.4111339,10.5007256],[7.4111339,10.5006412],[7.4111313,10.5005476],[7.4111219,10.5004632],[7.4111299,10.5004039],[7.4111514,10.500367],[7.4111822,10.5003406],[7.411197,10.5003155],[7.411197,10.500276],[7.4111836,10.5002404],[7.4111406,10.500185],[7.4111246,10.5000637],[7.4111608,10.4999991],[7.4111702,10.4999015],[7.4111634,10.4997775],[7.4111212,10.4995756],[7.411044,10.4993477],[7.4110096,10.4991789],[7.4109167,10.4989916],[7.4107826,10.4987674],[7.410745,10.4986356],[7.4107289,10.4984299],[7.4107504,10.4983112],[7.4107289,10.4981345],[7.4107343,10.4979683],[7.4107423,10.4978563],[7.410743,10.4977672],[7.410749,10.4977072],[7.4107591,10.4976637],[7.4107732,10.4975899],[7.4107745,10.4975253],[7.4107544,10.4974475],[7.4107209,10.4973697],[7.41069,10.4972932],[7.4106793,10.4972009],[7.4106672,10.4971086],[7.4106686,10.4970321],[7.4106337,10.4969833],[7.4105787,10.4969477],[7.4105372,10.4968857],[7.4105036,10.4967987],[7.4104661,10.4967037],[7.4104406,10.4966286],[7.4104393,10.4965389],[7.4104285,10.4964611],[7.4103963,10.4963464],[7.4103776,10.4961881],[7.4103306,10.4960471],[7.4102931,10.4959244],[7.4102354,10.4958031],[7.4102193,10.4957174],[7.4102381,10.4956422],[7.4102488,10.4955789],[7.410277,10.4955183],[7.4103212,10.495451],[7.4103507,10.4953864],[7.4103735,10.4953297],[7.4104084,10.4952163],[7.4104607,10.4951121],[7.4104983,10.4950449],[7.4105439,10.4949486],[7.4106243,10.4948616],[7.4106579,10.4948181],[7.4107075,10.4947574],[7.4107584,10.4946704],[7.410792,10.4945952],[7.4108469,10.4944686],[7.4108604,10.4943605]],[[7.411539,10.4938884],[7.4115289,10.4939022],[7.4115121,10.4939082],[7.4114981,10.4939045],[7.411486,10.4938963],[7.4114773,10.4938805],[7.4114706,10.4938508],[7.4114639,10.4936299],[7.4114652,10.4935073],[7.4114692,10.4933721],[7.4114732,10.4933537],[7.4114773,10.4933451],[7.4114836,10.4933438],[7.4114893,10.4933448],[7.4115001,10.4933543],[7.4115108,10.4933672],[7.4115323,10.4933978],[7.4115483,10.4934387],[7.4115805,10.4935113],[7.411598,10.4935521],[7.4116067,10.4936187],[7.411602,10.4937038],[7.4115886,10.4937631],[7.4115671,10.4938251],[7.411539,10.4938884]],[[7.4117649,10.4931545],[7.4117589,10.4932449],[7.4117616,10.4933306],[7.4117723,10.4934255],[7.411775,10.4934585],[7.411771,10.4934902],[7.4117455,10.4935086],[7.4117227,10.4935126],[7.4116918,10.4934981],[7.4116637,10.4934638],[7.4116355,10.4934005],[7.4116006,10.4931789],[7.4116087,10.4929258],[7.4115846,10.4927174],[7.4115862,10.492691],[7.4115886,10.4926825],[7.4115926,10.4926778],[7.411599,10.4926778],[7.4116084,10.4926821],[7.4116476,10.4927431],[7.4116704,10.4927702],[7.4117019,10.4927972],[7.4117415,10.4928262],[7.4117596,10.4928381],[7.4117716,10.4928519],[7.4117777,10.4928677],[7.4117804,10.4928921],[7.4117723,10.4929825],[7.4117656,10.4930629],[7.4117683,10.4931104],[7.4117649,10.4931545]],[[7.4116704,10.4944686],[7.4117126,10.4945774],[7.4117401,10.4946743],[7.4117401,10.4947178],[7.4117314,10.4947277],[7.41172,10.494731],[7.4116932,10.4947126],[7.4116704,10.4946809],[7.4116462,10.4946005],[7.4116261,10.494524],[7.4116268,10.4944963],[7.4116335,10.4944778],[7.4116489,10.4944633],[7.4116704,10.4944686]],[[7.412345,10.4961433],[7.4124093,10.496262],[7.4124469,10.4963385],[7.4124764,10.4964136],[7.4124938,10.4965086],[7.4125072,10.4966312],[7.4125032,10.4968211],[7.4124683,10.4969978],[7.412416,10.4970993],[7.4123865,10.4971758],[7.412349,10.4972734],[7.4123168,10.4973486],[7.4122967,10.4973894],[7.4122632,10.4973934],[7.4122417,10.4973763],[7.4122202,10.4973275],[7.4122028,10.4972655],[7.4121854,10.4971969],[7.41218,10.4971191],[7.412176,10.4970387],[7.41218,10.496949],[7.4121666,10.4968976],[7.4121478,10.4968699],[7.4120754,10.496804],[7.4120446,10.4967631],[7.4120392,10.4967288],[7.4120513,10.4966985],[7.4120767,10.4966523],[7.4120942,10.4965917],[7.4120902,10.496535],[7.4120647,10.4964295],[7.4120647,10.4962369],[7.4120539,10.4960958],[7.4120191,10.495898],[7.4119882,10.4956963],[7.4119641,10.4955776],[7.4119399,10.4953956],[7.4119346,10.4951781],[7.4119279,10.495029],[7.4119078,10.4948655],[7.4118809,10.4946928],[7.411842,10.4945134],[7.41183,10.4944304],[7.4118394,10.4943882],[7.4118689,10.4943763],[7.4119091,10.4943974],[7.4119507,10.4944778],[7.4119909,10.4946242],[7.4120834,10.4947851],[7.4121451,10.4949446],[7.4121854,10.4951385],[7.4122041,10.4952651],[7.4122068,10.4953943],[7.4122095,10.4954972],[7.4122176,10.4955802],[7.4122363,10.4956739],[7.4122632,10.4957912],[7.4122806,10.4958901],[7.4122967,10.4959864],[7.412345,10.4961433]],[[7.4174747,10.5026456],[7.4174459,10.5026733],[7.4174063,10.5026917],[7.4173567,10.5027023],[7.4173111,10.5027313],[7.4172775,10.5027748],[7.4172708,10.5028065],[7.4172883,10.5028289],[7.4173231,10.5028302],[7.4173708,10.5028018],[7.4174284,10.5027728],[7.4174613,10.5027583],[7.417478,10.5027484],[7.4174834,10.5027491],[7.4174841,10.502753],[7.4174814,10.5027774],[7.4174619,10.5028018],[7.4174438,10.5028269],[7.4174418,10.5028467],[7.4174512,10.5028645],[7.4174814,10.5028875],[7.417521,10.5028981],[7.4175981,10.5028994],[7.4176517,10.5028908],[7.4176866,10.502879],[7.4177288,10.502844],[7.4177375,10.5028018],[7.417757,10.5027656],[7.4177825,10.5027392],[7.4178361,10.5026944],[7.4178603,10.5026528],[7.4178991,10.5026212],[7.417936,10.5026034],[7.4179836,10.5025922],[7.4180064,10.5026001],[7.4180084,10.5026153],[7.4180192,10.5026502],[7.4180064,10.5026944],[7.4179622,10.5027451],[7.4179065,10.5027972],[7.4178434,10.50286],[7.4178139,10.5029175],[7.4177608,10.5029909],[7.417698,10.5030447],[7.4176209,10.5031018],[7.4175617,10.5031243],[7.417409,10.5031836],[7.4172668,10.5031941],[7.4171837,10.5032073],[7.4171086,10.5031981],[7.4170308,10.5032165],[7.4169879,10.5032416],[7.4169517,10.5032878],[7.4168792,10.5033115],[7.4168256,10.5033089],[7.4167746,10.5032772],[7.4167505,10.5032376],[7.41667,10.5032271],[7.4165547,10.5032456],[7.4164474,10.503264],[7.4163601,10.503283],[7.4162662,10.5032989],[7.4161079,10.503301],[7.4160141,10.5032899],[7.4159664,10.503282],[7.415961,10.503267],[7.4159626,10.503243],[7.416167,10.5031586],[7.4163306,10.5030848],[7.4164341,10.5030136],[7.4165124,10.5029433],[7.4166621,10.502887],[7.4168026,10.5028468],[7.4169738,10.5028004],[7.4170805,10.5027614],[7.417161,10.5027266],[7.4172373,10.5026838],[7.4173419,10.5026377],[7.4173889,10.5026298],[7.4174385,10.5026205],[7.4174666,10.5026258],[7.4174754,10.5026304],[7.4174747,10.5026456]],[[7.4225132,10.496171],[7.4225347,10.4961591],[7.4225628,10.4961512],[7.4225736,10.4961802],[7.4225588,10.4962158],[7.422536,10.4962475],[7.4224824,10.4962923],[7.4224301,10.4963385],[7.4224167,10.4963846],[7.4224113,10.4964361],[7.4224529,10.4965257],[7.4224663,10.4965521],[7.422473,10.4965917],[7.4224783,10.4966523],[7.4224462,10.4967328],[7.4222892,10.4968897],[7.4222423,10.4969728],[7.4222048,10.4970769],[7.422186,10.4971508],[7.4220948,10.4973749],[7.4219486,10.497673],[7.4218494,10.4979525],[7.4217233,10.4982057],[7.4216536,10.49836],[7.4215543,10.4985921],[7.4213773,10.4988927],[7.421261,10.4990903],[7.4212271,10.4991459],[7.4211466,10.4992118],[7.4211198,10.4992369],[7.4210715,10.4992448],[7.4210313,10.499229],[7.4209776,10.4990813],[7.4208999,10.4988809],[7.4208382,10.4987252],[7.4208194,10.4985723],[7.4208784,10.4983323],[7.4209321,10.4981767],[7.4210393,10.4978971],[7.4211574,10.4976914],[7.4212754,10.4974778],[7.4213961,10.4973301],[7.4214873,10.4971956],[7.4215946,10.4970321],[7.4216911,10.4969398],[7.4218494,10.4967776],[7.4220304,10.4965996],[7.4221256,10.496473],[7.4222235,10.4964031],[7.4222852,10.4963622],[7.4223818,10.4963121],[7.4224716,10.4962185],[7.4225132,10.496171]],[[7.4229846,10.4958888],[7.422992,10.4959271],[7.4229947,10.496026],[7.4229893,10.4961314],[7.4229665,10.4962145],[7.4229451,10.4962449],[7.4229075,10.4962699],[7.4228565,10.4962989],[7.4228351,10.4963385],[7.4228404,10.4963991],[7.422823,10.4964572],[7.4227828,10.4965007],[7.4227211,10.4965402],[7.4226956,10.4965284],[7.4226782,10.4965033],[7.4226621,10.4964492],[7.4226326,10.4964084],[7.4226165,10.4963649],[7.4226151,10.4963213],[7.4226379,10.4962528],[7.4226674,10.4961908],[7.4227238,10.4961051],[7.4227452,10.4960668],[7.4227506,10.4960154],[7.4227479,10.4959482],[7.4227358,10.4958888],[7.4227238,10.4958506],[7.4227332,10.4958044],[7.4227613,10.4958031],[7.4227747,10.495811],[7.4228176,10.4958479],[7.4228539,10.4958572],[7.4228954,10.4958545],[7.4229437,10.4958493],[7.4229705,10.4958651],[7.4229846,10.4958888]],[[7.4234533,10.4955934],[7.4235043,10.4955512],[7.4235445,10.4955433],[7.4235633,10.4955486],[7.4235781,10.4955591],[7.4235848,10.4955829],[7.4235794,10.4956145],[7.4235606,10.4956396],[7.4235271,10.4956633],[7.4234547,10.4956989],[7.4234104,10.4957029],[7.4233782,10.4956976],[7.4233796,10.4956739],[7.423393,10.4956528],[7.4234533,10.4955934]],[[7.4262348,10.4934677],[7.4262187,10.4935165],[7.4261838,10.49356],[7.4261919,10.493593],[7.426212,10.4936484],[7.4262549,10.4936774],[7.4262844,10.4936919],[7.4263166,10.4937341],[7.426322,10.4937539],[7.4263206,10.4937789],[7.4263112,10.4937948],[7.4262831,10.4938106],[7.4262509,10.4937987],[7.4262133,10.4937723],[7.4261932,10.4937855],[7.4261838,10.4938172],[7.4261825,10.4938449],[7.4262053,10.4938792],[7.4262388,10.4939121],[7.4262908,10.4939767],[7.4262804,10.4940097],[7.4262321,10.4940414],[7.4261495,10.4940558],[7.4260843,10.4940463],[7.4260082,10.4940521],[7.4259459,10.49408],[7.4258917,10.4941106],[7.4258241,10.4941249],[7.4257761,10.494131],[7.4257064,10.4941099],[7.425532,10.4940361],[7.4253684,10.4939939],[7.4252719,10.4939833],[7.4250251,10.4939464],[7.4249205,10.4939807],[7.4248052,10.4940176],[7.4247622,10.4940176],[7.4247354,10.4940097],[7.4247193,10.4939649],[7.4247274,10.4937961],[7.4247274,10.4936589],[7.4247421,10.4935587],[7.4247837,10.4934743],[7.4248615,10.4934031],[7.4249017,10.4933596],[7.4250077,10.493295],[7.4251485,10.4932422],[7.4253456,10.4932317],[7.4254905,10.4932409],[7.4256957,10.4932251],[7.4258713,10.4932291],[7.4260162,10.4932567],[7.4260926,10.4932778],[7.4261516,10.49332],[7.426208,10.4933939],[7.4262348,10.4934677]],[[7.4268799,10.4940414],[7.4267457,10.4940358],[7.4266143,10.4940189],[7.4265352,10.4939847],[7.426495,10.4939491],[7.4264842,10.4939069],[7.4264775,10.4938726],[7.426503,10.4938607],[7.4265379,10.4938567],[7.4265861,10.4938396],[7.4266304,10.4938],[7.4266685,10.4937826],[7.4267189,10.4937869],[7.4267886,10.4938163],[7.4268745,10.4938501],[7.4269375,10.4938792],[7.4270113,10.4939214],[7.4270582,10.4939345],[7.4270783,10.4939636],[7.4270783,10.493982],[7.4270448,10.4940123],[7.4269952,10.4940308],[7.4269389,10.4940361],[7.4268799,10.4940414]],[[7.4276496,10.4939491],[7.427596,10.4939477],[7.4275075,10.4939359],[7.4274565,10.4939214],[7.4274109,10.4938871],[7.4273922,10.4938409],[7.4273895,10.4938027],[7.4274056,10.4937473],[7.427431,10.4937025],[7.4274713,10.4936603],[7.4275196,10.4936339],[7.4275732,10.4936115],[7.4276215,10.4936115],[7.4276751,10.4936154],[7.427718,10.4936497],[7.4277328,10.4936774],[7.4277435,10.4937143],[7.4277449,10.4937631],[7.4277536,10.4938],[7.4277569,10.4938343],[7.4277543,10.4938765],[7.4277489,10.4939042],[7.4277234,10.493928],[7.4276496,10.4939491]],[[7.4282558,10.4938956],[7.4282739,10.4939101],[7.4282806,10.4939306],[7.4282706,10.4939477],[7.4282008,10.4939662],[7.4280868,10.4939603],[7.4280238,10.4939306],[7.4280024,10.4938923],[7.4279916,10.4938567],[7.4279943,10.4937882],[7.4280064,10.4937117],[7.4280319,10.4936458],[7.428056,10.4935825],[7.4280748,10.4935284],[7.4281137,10.4935192],[7.4281633,10.4935376],[7.4282679,10.4935891],[7.42828,10.4936167],[7.4282813,10.4936392],[7.4282733,10.4936998],[7.4282679,10.493746],[7.4282585,10.4937974],[7.4282511,10.4938409],[7.4282451,10.4938581],[7.4282478,10.4938792],[7.4282558,10.4938956]]]]}},{"type":"Feature","properties":{"kind":"road","id":"road-28933251-0","name":"Kachia Road","osmWay":28933251,"major":true,"bridge":false},"geometry":{"type":"LineString","coordinates":[[7.4238168,10.4564569],[7.4239187,10.4591592],[7.4236679,10.4601905],[7.4232193,10.4608354],[7.4220103,10.4619135],[7.4213639,10.4626685],[7.4203835,10.4641898],[7.4200221,10.4652026],[7.4199986,10.4666619],[7.421486,10.4728093],[7.4215852,10.473929],[7.4214792,10.4746688],[7.4211706,10.475506],[7.4195051,10.4780197]]}},{"type":"Feature","properties":{"kind":"road","id":"road-38867927-0","name":"Kwato Road","osmWay":38867927,"major":false,"bridge":false},"geometry":{"type":"LineString","coordinates":[[7.4522786,10.5323001],[7.4466583,10.530407]]}},{"type":"Feature","properties":{"kind":"road","id":"road-38867932-0","name":"Golf Course Road","osmWay":38867932,"major":false,"bridge":false},"geometry":{"type":"LineString","coordinates":[[7.4496354,10.5220019],[7.4474061,10.521399],[7.4399059,10.5200681]]}},{"type":"Feature","properties":{"kind":"road","id":"road-38867933-0","name":"Bida Road","osmWay":38867933,"major":false,"bridge":false},"geometry":{"type":"LineString","coordinates":[[7.4343307,10.5224304],[7.4344624,10.5207745],[7.4348305,10.5200203],[7.4352155,10.5196423],[7.4363588,10.519401],[7.4398496,10.5199801]]}},{"type":"Feature","properties":{"kind":"road","id":"road-38867970-0","name":"Alkali Road","osmWay":38867970,"major":false,"bridge":false},"geometry":{"type":"LineString","coordinates":[[7.437933,10.5441646],[7.4403867,10.542229],[7.4408769,10.5414578],[7.4418682,10.536353]]}},{"type":"Feature","properties":{"kind":"road","id":"road-38917049-0","name":"Coronation Crescent","osmWay":38917049,"major":false,"bridge":false},"geometry":{"type":"LineString","coordinates":[[7.4370257,10.5361157],[7.4371078,10.5366522],[7.437921,10.5388117],[7.437921,10.5399002],[7.43753,10.5405514],[7.4371009,10.5408332],[7.4359859,10.5409107]]}},{"type":"Feature","properties":{"kind":"road","id":"road-38917178-0","name":"Sabon Birni Road","osmWay":38917178,"major":false,"bridge":false},"geometry":{"type":"LineString","coordinates":[[7.4511296,10.5826543],[7.4525245,10.5821979],[7.4546358,10.5823732]]}},{"type":"Feature","properties":{"kind":"road","id":"road-38917220-0","name":"Sarduna College Road","osmWay":38917220,"major":false,"bridge":false},"geometry":{"type":"LineString","coordinates":[[7.4437267,10.5612749],[7.4437845,10.5614577],[7.4525133,10.5677411],[7.4595411,10.5725214],[7.4622884,10.5742485]]}},{"type":"Feature","properties":{"kind":"road","id":"road-38917226-0","name":"Ahmed Baba Ibrahim Road","osmWay":38917226,"major":false,"bridge":false},"geometry":{"type":"LineString","coordinates":[[7.464924,10.57591],[7.4629576,10.5798579]]}},{"type":"Feature","properties":{"kind":"road","id":"road-38917286-0","name":"Kudan Street","osmWay":38917286,"major":false,"bridge":false},"geometry":{"type":"LineString","coordinates":[[7.4640404,10.5754819],[7.4620487,10.5793728],[7.4616893,10.58031],[7.4615248,10.5810047],[7.4613634,10.5830099]]}},{"type":"Feature","properties":{"kind":"road","id":"road-38917296-0","name":"Bagwai Street","osmWay":38917296,"major":false,"bridge":false},"geometry":{"type":"LineString","coordinates":[[7.4644724,10.5768271],[7.4680462,10.5781831]]}},{"type":"Feature","properties":{"kind":"road","id":"road-38917348-0","name":"Kataru Road","osmWay":38917348,"major":false,"bridge":false},"geometry":{"type":"LineString","coordinates":[[7.4529125,10.5532386],[7.4518459,10.5478319]]}},{"type":"Feature","properties":{"kind":"road","id":"road-38917352-0","name":"Isa Kaita Road","osmWay":38917352,"major":false,"bridge":false},"geometry":{"type":"LineString","coordinates":[[7.4707031,10.5382243],[7.4716713,10.539107]]}},{"type":"Feature","properties":{"kind":"road","id":"road-38917353-0","name":"New Dawaki Road","osmWay":38917353,"major":false,"bridge":false},"geometry":{"type":"LineString","coordinates":[[7.444997,10.5445031],[7.4455158,10.5436406],[7.4460764,10.5433611],[7.4529972,10.5427845]]}},{"type":"Feature","properties":{"kind":"road","id":"road-38917376-0","name":"Maska Road","osmWay":38917376,"major":false,"bridge":false},"geometry":{"type":"LineString","coordinates":[[7.4414594,10.5475571],[7.4424142,10.5461008],[7.4436225,10.5438794]]}},{"type":"Feature","properties":{"kind":"road","id":"road-38917396-0","name":"Inuwa Wada Road","osmWay":38917396,"major":false,"bridge":false},"geometry":{"type":"LineString","coordinates":[[7.4642531,10.5474122],[7.4638041,10.5397102],[7.4670726,10.5355588]]}},{"type":"Feature","properties":{"kind":"road","id":"road-38917411-0","name":"Korau Road","osmWay":38917411,"major":false,"bridge":false},"geometry":{"type":"LineString","coordinates":[[7.4528715,10.5301793],[7.4591308,10.5293031],[7.4594645,10.529138],[7.4597831,10.5284032]]}},{"type":"Feature","properties":{"kind":"road","id":"road-38917423-0","name":"Ribadu Camp Road","osmWay":38917423,"major":true,"bridge":false},"geometry":{"type":"LineString","coordinates":[[7.4543152,10.5113445],[7.4496853,10.5093257],[7.4495934,10.5089124],[7.449879,10.5066947]]}},{"type":"Feature","properties":{"kind":"road","id":"road-38917492-0","name":"Gamagira Street","osmWay":38917492,"major":false,"bridge":false},"geometry":{"type":"LineString","coordinates":[[7.3993309,10.5239164],[7.4011264,10.5240241],[7.4023755,10.5245736],[7.4034441,10.5248665],[7.4090257,10.5251865],[7.4110297,10.52543],[7.4111409,10.5256085],[7.4109958,10.5276551],[7.4100181,10.53381],[7.4101831,10.5340789],[7.4119705,10.5337437],[7.4133615,10.5320643],[7.415565,10.5310411],[7.4178847,10.5309933],[7.4199095,10.5312437],[7.4206929,10.5315049]]}},{"type":"Feature","properties":{"kind":"road","id":"road-38917811-0","name":"Unnamed mapped tertiary","osmWay":38917811,"major":false,"bridge":false},"geometry":{"type":"LineString","coordinates":[[7.4079914,10.5185414],[7.4144036,10.5209393],[7.4180077,10.5220797],[7.4188144,10.5224706],[7.4194139,10.5230581],[7.4200204,10.5253035],[7.4213987,10.5275958],[7.4220124,10.5298926]]}},{"type":"Feature","properties":{"kind":"road","id":"road-38918110-0","name":"Unnamed mapped tertiary","osmWay":38918110,"major":false,"bridge":false},"geometry":{"type":"LineString","coordinates":[[7.4227978,10.5380951],[7.4222807,10.5407729],[7.4196496,10.5416226],[7.4195547,10.5423023],[7.4183625,10.5443824],[7.4181477,10.547259]]}},{"type":"Feature","properties":{"kind":"road","id":"road-38918953-0","name":"Unnamed mapped tertiary","osmWay":38918953,"major":false,"bridge":false},"geometry":{"type":"LineString","coordinates":[[7.4529989,10.5479146],[7.4531006,10.5436308],[7.4526646,10.5401424]]}},{"type":"Feature","properties":{"kind":"road","id":"road-38919009-0","name":"Lamido Road","osmWay":38919009,"major":false,"bridge":false},"geometry":{"type":"LineString","coordinates":[[7.4516091,10.535905],[7.4575925,10.5378971]]}},{"type":"Feature","properties":{"kind":"road","id":"road-38919567-0","name":"Unnamed mapped tertiary","osmWay":38919567,"major":false,"bridge":false},"geometry":{"type":"LineString","coordinates":[[7.435764,10.4973453],[7.4384605,10.498073],[7.4419871,10.4996447]]}},{"type":"Feature","properties":{"kind":"road","id":"road-38919667-0","name":"Rimi Drive","osmWay":38919667,"major":false,"bridge":false},"geometry":{"type":"LineString","coordinates":[[7.4597831,10.5284032],[7.4600346,10.5274877],[7.4589801,10.5208954]]}},{"type":"Feature","properties":{"kind":"road","id":"road-38919724-0","name":"Ramat Road","osmWay":38919724,"major":false,"bridge":false},"geometry":{"type":"LineString","coordinates":[[7.4687129,10.5271699],[7.4686056,10.5259569],[7.468223,10.5247624],[7.4665886,10.5225194],[7.4644737,10.5210387],[7.4638273,10.5208277],[7.4628724,10.5208739]]}},{"type":"Feature","properties":{"kind":"road","id":"road-38919737-0","name":"Unnamed mapped tertiary","osmWay":38919737,"major":false,"bridge":false},"geometry":{"type":"LineString","coordinates":[[7.4687129,10.5271699],[7.4648355,10.5273793],[7.4625143,10.5270552],[7.4615517,10.5283117],[7.461125,10.5291385]]}},{"type":"Feature","properties":{"kind":"road","id":"road-38922052-0","name":"Surame Road","osmWay":38922052,"major":false,"bridge":false},"geometry":{"type":"LineString","coordinates":[[7.4516892,10.5340191],[7.4528235,10.5307022],[7.4528715,10.5301793],[7.452731,10.529596],[7.4506194,10.5252088],[7.450599,10.5244783],[7.4511702,10.5229321]]}},{"type":"Feature","properties":{"kind":"road","id":"road-38939048-0","name":"Ishaku Road","osmWay":38939048,"major":false,"bridge":false},"geometry":{"type":"LineString","coordinates":[[7.4650503,10.5576249],[7.4649236,10.5574531],[7.4635524,10.5575711],[7.4610271,10.558142],[7.4574532,10.5583175]]}},{"type":"Feature","properties":{"kind":"road","id":"road-38939210-0","name":"Liberia Road","osmWay":38939210,"major":false,"bridge":false},"geometry":{"type":"LineString","coordinates":[[7.4650503,10.5576249],[7.4671841,10.5574397],[7.4702117,10.5574287],[7.4714132,10.5575383],[7.4743107,10.5574129]]}},{"type":"Feature","properties":{"kind":"road","id":"road-38939423-0","name":"Unnamed mapped tertiary","osmWay":38939423,"major":false,"bridge":false},"geometry":{"type":"LineString","coordinates":[[7.4103655,10.4796163],[7.4066895,10.4797558],[7.4026071,10.4809915],[7.4020156,10.480488],[7.4009382,10.4799067]]}},{"type":"Feature","properties":{"kind":"road","id":"road-38991989-0","name":"Unnamed mapped tertiary","osmWay":38991989,"major":false,"bridge":false},"geometry":{"type":"LineString","coordinates":[[7.4497135,10.578591],[7.4510914,10.5781147],[7.4509111,10.5774922],[7.4541605,10.5759429]]}},{"type":"Feature","properties":{"kind":"road","id":"road-39012520-0","name":"Aliyu Barau Road","osmWay":39012520,"major":false,"bridge":false},"geometry":{"type":"LineString","coordinates":[[7.467828,10.5771517],[7.468239,10.5750733],[7.4688537,10.5733801]]}},{"type":"Feature","properties":{"kind":"road","id":"road-39041338-0","name":"Unnamed mapped tertiary","osmWay":39041338,"major":false,"bridge":false},"geometry":{"type":"LineString","coordinates":[[7.4743107,10.5574129],[7.4742965,10.5627103]]}},{"type":"Feature","properties":{"kind":"road","id":"road-39239305-0","name":"Unnamed mapped tertiary","osmWay":39239305,"major":false,"bridge":false},"geometry":{"type":"LineString","coordinates":[[7.4075103,10.5572204],[7.408893,10.5568422],[7.4092987,10.5565665]]}},{"type":"Feature","properties":{"kind":"road","id":"road-39274770-0","name":"Unnamed mapped tertiary","osmWay":39274770,"major":false,"bridge":false},"geometry":{"type":"LineString","coordinates":[[7.4698123,10.5330833],[7.4702314,10.533292]]}},{"type":"Feature","properties":{"kind":"road","id":"road-39274807-0","name":"Unnamed mapped tertiary","osmWay":39274807,"major":false,"bridge":false},"geometry":{"type":"LineString","coordinates":[[7.4705078,10.5350624],[7.4691395,10.5368917],[7.4690463,10.5371873]]}},{"type":"Feature","properties":{"kind":"road","id":"road-39274830-0","name":"Unnamed mapped tertiary","osmWay":39274830,"major":false,"bridge":false},"geometry":{"type":"LineString","coordinates":[[7.4705078,10.5350624],[7.4703062,10.5347032],[7.4707087,10.5335379]]}},{"type":"Feature","properties":{"kind":"road","id":"road-39274925-0","name":"Unnamed mapped tertiary","osmWay":39274925,"major":false,"bridge":false},"geometry":{"type":"LineString","coordinates":[[7.4101791,10.5327143],[7.4058232,10.5341627]]}},{"type":"Feature","properties":{"kind":"road","id":"road-39276233-0","name":"Unnamed mapped tertiary","osmWay":39276233,"major":false,"bridge":false},"geometry":{"type":"LineString","coordinates":[[7.3986027,10.5183027],[7.4016094,10.5185651],[7.4017811,10.5184227],[7.401832,10.5176737],[7.4061886,10.5179597],[7.4073866,10.5183595]]}},{"type":"Feature","properties":{"kind":"road","id":"road-39405725-0","name":"Nasara Street","osmWay":39405725,"major":false,"bridge":true},"geometry":{"type":"LineString","coordinates":[[7.3949432,10.517826],[7.3951386,10.5178355]]}},{"type":"Feature","properties":{"kind":"road","id":"road-39407098-0","name":"Unnamed mapped tertiary","osmWay":39407098,"major":false,"bridge":true},"geometry":{"type":"LineString","coordinates":[[7.4702314,10.533292],[7.4703186,10.5333362]]}},{"type":"Feature","properties":{"kind":"road","id":"road-39407099-0","name":"Unnamed mapped tertiary","osmWay":39407099,"major":false,"bridge":false},"geometry":{"type":"LineString","coordinates":[[7.4703186,10.5333362],[7.4707087,10.5335379]]}},{"type":"Feature","properties":{"kind":"road","id":"road-39407100-0","name":"Unnamed mapped tertiary","osmWay":39407100,"major":false,"bridge":true},"geometry":{"type":"LineString","coordinates":[[7.4658671,10.5346428],[7.4659868,10.5347163]]}},{"type":"Feature","properties":{"kind":"road","id":"road-39407101-0","name":"Lema Jibrin Road","osmWay":39407101,"major":false,"bridge":false},"geometry":{"type":"LineString","coordinates":[[7.4659868,10.5347163],[7.469574,10.5376399]]}},{"type":"Feature","properties":{"kind":"road","id":"road-39407108-0","name":"Unnamed mapped tertiary","osmWay":39407108,"major":false,"bridge":true},"geometry":{"type":"LineString","coordinates":[[7.4595355,10.5393534],[7.4596348,10.5394613]]}},{"type":"Feature","properties":{"kind":"road","id":"road-39407109-0","name":"Yahaya Road","osmWay":39407109,"major":false,"bridge":false},"geometry":{"type":"LineString","coordinates":[[7.4596348,10.5394613],[7.4603257,10.5398414],[7.4614549,10.5397814],[7.4637629,10.5402416]]}},{"type":"Feature","properties":{"kind":"road","id":"road-39407114-0","name":"Unnamed mapped tertiary","osmWay":39407114,"major":false,"bridge":true},"geometry":{"type":"LineString","coordinates":[[7.4526646,10.5401424],[7.4526412,10.5399689]]}},{"type":"Feature","properties":{"kind":"road","id":"road-39408238-0","name":"Community Bank Road","osmWay":39408238,"major":false,"bridge":false},"geometry":{"type":"LineString","coordinates":[[7.404187,10.5249258],[7.403867,10.5304727],[7.4036271,10.5308756]]}},{"type":"Feature","properties":{"kind":"road","id":"road-39412085-0","name":"Sarduna College Road","osmWay":39412085,"major":false,"bridge":true},"geometry":{"type":"LineString","coordinates":[[7.4622884,10.5742485],[7.4623849,10.5743087]]}},{"type":"Feature","properties":{"kind":"road","id":"road-39414795-0","name":"Unnamed mapped tertiary","osmWay":39414795,"major":false,"bridge":false},"geometry":{"type":"LineString","coordinates":[[7.4114831,10.5200456],[7.4127754,10.5162427]]}},{"type":"Feature","properties":{"kind":"road","id":"road-39414991-0","name":"Unnamed mapped tertiary","osmWay":39414991,"major":false,"bridge":false},"geometry":{"type":"LineString","coordinates":[[7.4049508,10.5094833],[7.4048331,10.5094908],[7.4048254,10.5093751],[7.4049432,10.5093676],[7.4049508,10.5094833]]}},{"type":"Feature","properties":{"kind":"road","id":"road-39415018-0","name":"Dutsin-Ma Road","osmWay":39415018,"major":false,"bridge":false},"geometry":{"type":"LineString","coordinates":[[7.4042652,10.5144509],[7.40475,10.5096955]]}},{"type":"Feature","properties":{"kind":"road","id":"road-39415039-0","name":"Unnamed mapped tertiary","osmWay":39415039,"major":false,"bridge":false},"geometry":{"type":"LineString","coordinates":[[7.4052845,10.5093335],[7.405913,10.508851],[7.4065125,10.5077988],[7.4075747,10.5065276],[7.4089748,10.5037348],[7.4092304,10.5036274],[7.4105182,10.5039766]]}},{"type":"Feature","properties":{"kind":"road","id":"road-39415056-0","name":"Unnamed mapped tertiary","osmWay":39415056,"major":false,"bridge":false},"geometry":{"type":"LineString","coordinates":[[7.4066399,10.5123367],[7.4061886,10.5179597]]}},{"type":"Feature","properties":{"kind":"road","id":"road-39416007-0","name":"Aliyu Makama Road","osmWay":39416007,"major":false,"bridge":false},"geometry":{"type":"LineString","coordinates":[[7.419316,10.4939266],[7.4205505,10.4937572],[7.4225294,10.4929481],[7.4232964,10.4924062],[7.4247461,10.4909253],[7.4261784,10.4903623],[7.4276617,10.4892123],[7.4284972,10.489029]]}},{"type":"Feature","properties":{"kind":"road","id":"road-39416260-0","name":"Unnamed mapped tertiary","osmWay":39416260,"major":false,"bridge":false},"geometry":{"type":"LineString","coordinates":[[7.4400891,10.4750889],[7.44071,10.4748425]]}},{"type":"Feature","properties":{"kind":"road","id":"road-39416403-0","name":"Unnamed mapped tertiary","osmWay":39416403,"major":false,"bridge":false},"geometry":{"type":"LineString","coordinates":[[7.4261948,10.4806058],[7.4263818,10.4805209],[7.4280922,10.4810746],[7.4284999,10.4810996]]}},{"type":"Feature","properties":{"kind":"road","id":"road-39416411-0","name":"Unnamed mapped tertiary","osmWay":39416411,"major":false,"bridge":false},"geometry":{"type":"LineString","coordinates":[[7.4289618,10.4844248],[7.4330991,10.4856478]]}},{"type":"Feature","properties":{"kind":"road","id":"road-39416875-0","name":"Unnamed mapped tertiary","osmWay":39416875,"major":false,"bridge":false},"geometry":{"type":"LineString","coordinates":[[7.4344893,10.4717695],[7.4320914,10.4717933],[7.4318637,10.465993],[7.4292892,10.453998]]}},{"type":"Feature","properties":{"kind":"road","id":"road-39472132-0","name":"Unnamed mapped tertiary","osmWay":39472132,"major":false,"bridge":false},"geometry":{"type":"LineString","coordinates":[[7.4052386,10.5095973],[7.4066399,10.5123367],[7.4092872,10.5127554]]}},{"type":"Feature","properties":{"kind":"road","id":"road-39472315-0","name":"Junction Road","osmWay":39472315,"major":true,"bridge":false},"geometry":{"type":"LineString","coordinates":[[7.4251864,10.5017442],[7.4250204,10.5012742],[7.4244726,10.5006168],[7.4223049,10.4992938]]}},{"type":"Feature","properties":{"kind":"road","id":"road-39520294-0","name":"Nnamdi Azikwe Way","osmWay":39520294,"major":true,"bridge":false},"geometry":{"type":"LineString","coordinates":[[7.4054464,10.5337427],[7.400043,10.5256477],[7.3995508,10.52473],[7.399056,10.5233251],[7.3964268,10.4958481],[7.3955918,10.4909026],[7.3936066,10.482637]]}},{"type":"Feature","properties":{"kind":"road","id":"road-39520294-1","name":"Nnamdi Azikwe Way","osmWay":39520294,"major":true,"bridge":false},"geometry":{"type":"LineString","coordinates":[[7.4151473,10.559981],[7.4102649,10.5420531],[7.4093697,10.5398342],[7.4077986,10.5372406]]}},{"type":"Feature","properties":{"kind":"road","id":"road-39520324-0","name":"Abuja-Kaduna Highway","osmWay":39520324,"major":true,"bridge":false},"geometry":{"type":"LineString","coordinates":[[7.4051072,10.4356665],[7.4054289,10.4368571],[7.4055281,10.4378634],[7.4053068,10.4392944],[7.4048281,10.4404749]]}},{"type":"Feature","properties":{"kind":"road","id":"road-39520325-0","name":"Abuja-Kaduna Highway","osmWay":39520325,"major":true,"bridge":true},"geometry":{"type":"LineString","coordinates":[[7.4050057,10.435307],[7.4051072,10.4356665]]}},{"type":"Feature","properties":{"kind":"road","id":"road-39551593-0","name":"Unnamed mapped tertiary","osmWay":39551593,"major":false,"bridge":false},"geometry":{"type":"LineString","coordinates":[[7.4100705,10.5407854],[7.4190632,10.5381505],[7.4193254,10.5381683],[7.4194917,10.5383324],[7.4199088,10.5396239],[7.4225825,10.539094]]}},{"type":"Feature","properties":{"kind":"road","id":"road-39551595-0","name":"Unnamed mapped tertiary","osmWay":39551595,"major":false,"bridge":false},"geometry":{"type":"LineString","coordinates":[[7.4238509,10.5347201],[7.4237072,10.5348105],[7.4236151,10.5346526],[7.4237519,10.5345728],[7.4238509,10.5347201]]}},{"type":"Feature","properties":{"kind":"road","id":"road-39551601-0","name":"Unnamed mapped primary","osmWay":39551601,"major":true,"bridge":false},"geometry":{"type":"LineString","coordinates":[[7.4291105,10.5365715],[7.428787,10.5367295],[7.4286425,10.5364068],[7.4289608,10.5362712],[7.4291105,10.5365715]]}},{"type":"Feature","properties":{"kind":"road","id":"road-39551636-0","name":"Unnamed mapped primary","osmWay":39551636,"major":true,"bridge":false},"geometry":{"type":"LineString","coordinates":[[7.4296062,10.5304578],[7.4293133,10.5306827],[7.4291051,10.5303826],[7.4293521,10.5301864],[7.4296062,10.5304578]]}},{"type":"Feature","properties":{"kind":"road","id":"road-39551832-0","name":"Katsina Roundabout","osmWay":39551832,"major":true,"bridge":false},"geometry":{"type":"LineString","coordinates":[[7.4308551,10.5127265],[7.4305063,10.5127702],[7.4304617,10.5124399],[7.4307993,10.5123848],[7.4308551,10.5127265]]}},{"type":"Feature","properties":{"kind":"road","id":"road-39561424-0","name":"Shehu Laminu Avenue","osmWay":39561424,"major":false,"bridge":false},"geometry":{"type":"LineString","coordinates":[[7.4597831,10.5284032],[7.461125,10.5291385]]}},{"type":"Feature","properties":{"kind":"road","id":"road-39563083-0","name":"Textile Road","osmWay":39563083,"major":false,"bridge":false},"geometry":{"type":"LineString","coordinates":[[7.4185761,10.4779641],[7.4177975,10.4778097],[7.4159611,10.477804]]}},{"type":"Feature","properties":{"kind":"road","id":"road-39610365-0","name":"Unnamed mapped tertiary","osmWay":39610365,"major":false,"bridge":false},"geometry":{"type":"LineString","coordinates":[[7.3974151,10.5065309],[7.3927782,10.5042161],[7.3881394,10.5026377],[7.3866843,10.5015221],[7.3843598,10.5000057],[7.3837164,10.4997551],[7.3828778,10.4996194]]}},{"type":"Feature","properties":{"kind":"road","id":"road-39633230-0","name":"Gamji Gate Road","osmWay":39633230,"major":true,"bridge":false},"geometry":{"type":"LineString","coordinates":[[7.4429313,10.5054533],[7.4426558,10.5054243]]}},{"type":"Feature","properties":{"kind":"road","id":"road-39653187-0","name":"Unnamed mapped secondary","osmWay":39653187,"major":false,"bridge":false},"geometry":{"type":"LineString","coordinates":[[7.4360342,10.5411078],[7.4359859,10.5409107]]}},{"type":"Feature","properties":{"kind":"road","id":"road-39653610-0","name":"Unnamed mapped tertiary","osmWay":39653610,"major":false,"bridge":true},"geometry":{"type":"LineString","coordinates":[[7.4181477,10.547259],[7.4181906,10.5473811]]}},{"type":"Feature","properties":{"kind":"road","id":"road-39654092-0","name":"Unnamed mapped tertiary","osmWay":39654092,"major":false,"bridge":true},"geometry":{"type":"LineString","coordinates":[[7.4066154,10.5377876],[7.4064888,10.5378926]]}},{"type":"Feature","properties":{"kind":"road","id":"road-39654290-0","name":"Unnamed mapped secondary","osmWay":39654290,"major":false,"bridge":true},"geometry":{"type":"LineString","coordinates":[[7.3964342,10.5241699],[7.3963298,10.524223]]}},{"type":"Feature","properties":{"kind":"road","id":"road-39654291-0","name":"Unnamed mapped secondary","osmWay":39654291,"major":false,"bridge":false},"geometry":{"type":"LineString","coordinates":[[7.399056,10.5233251],[7.3972052,10.5236969],[7.3964342,10.5241699]]}},{"type":"Feature","properties":{"kind":"road","id":"road-39654840-0","name":"Katsina Road","osmWay":39654840,"major":false,"bridge":true},"geometry":{"type":"LineString","coordinates":[[7.4366802,10.5131395],[7.4368033,10.5131532]]}},{"type":"Feature","properties":{"kind":"road","id":"road-39654841-0","name":"Katsina Road","osmWay":39654841,"major":false,"bridge":false},"geometry":{"type":"LineString","coordinates":[[7.4368033,10.5131532],[7.4409672,10.513863]]}},{"type":"Feature","properties":{"kind":"road","id":"road-39657519-0","name":"Unnamed mapped tertiary","osmWay":39657519,"major":false,"bridge":false},"geometry":{"type":"LineString","coordinates":[[7.4114831,10.5200456],[7.4098881,10.522944],[7.4090257,10.5251865]]}},{"type":"Feature","properties":{"kind":"road","id":"road-39662075-0","name":"Unnamed mapped secondary","osmWay":39662075,"major":false,"bridge":false},"geometry":{"type":"LineString","coordinates":[[7.4072545,10.4675163],[7.4045095,10.4662807],[7.4029264,10.4640006],[7.4016783,10.4636291],[7.3983503,10.4631614]]}},{"type":"Feature","properties":{"kind":"road","id":"road-39662209-0","name":"Unnamed mapped tertiary","osmWay":39662209,"major":false,"bridge":false},"geometry":{"type":"LineString","coordinates":[[7.4139045,10.4664708],[7.414217,10.4652717],[7.4149326,10.46356],[7.4150547,10.4620631],[7.414955,10.4590742],[7.4148736,10.4587038],[7.4126734,10.4554833]]}},{"type":"Feature","properties":{"kind":"road","id":"road-39662211-0","name":"Unnamed mapped tertiary","osmWay":39662211,"major":false,"bridge":false},"geometry":{"type":"LineString","coordinates":[[7.4149997,10.4608248],[7.4122355,10.459413],[7.4109281,10.4575435]]}},{"type":"Feature","properties":{"kind":"road","id":"road-39727530-0","name":"Kaduna-Jos Highway","osmWay":39727530,"major":true,"bridge":false},"geometry":{"type":"LineString","coordinates":[[7.4485939,10.5900283],[7.4506711,10.5959261],[7.4513191,10.5974247],[7.4522965,10.5986202],[7.4550956,10.6010389]]}},{"type":"Feature","properties":{"kind":"road","id":"road-39727530-1","name":"Kaduna-Jos Highway","osmWay":39727530,"major":true,"bridge":false},"geometry":{"type":"LineString","coordinates":[[7.4650379,10.6102832],[7.4650465,10.6102944]]}},{"type":"Feature","properties":{"kind":"road","id":"road-39742456-0","name":"Unnamed mapped tertiary","osmWay":39742456,"major":false,"bridge":false},"geometry":{"type":"LineString","coordinates":[[7.4138524,10.5058577],[7.4121076,10.5065738]]}},{"type":"Feature","properties":{"kind":"road","id":"road-39743095-0","name":"Unnamed mapped tertiary","osmWay":39743095,"major":false,"bridge":true},"geometry":{"type":"LineString","coordinates":[[7.4086928,10.5015027],[7.4086405,10.5016499]]}},{"type":"Feature","properties":{"kind":"road","id":"road-39743097-0","name":"Unnamed mapped tertiary","osmWay":39743097,"major":false,"bridge":true},"geometry":{"type":"LineString","coordinates":[[7.4084049,10.5030793],[7.408471,10.5031497]]}},{"type":"Feature","properties":{"kind":"road","id":"road-39743291-0","name":"Unnamed mapped tertiary","osmWay":39743291,"major":false,"bridge":false},"geometry":{"type":"LineString","coordinates":[[7.4086405,10.5016499],[7.4082828,10.5027207],[7.4084049,10.5030793]]}},{"type":"Feature","properties":{"kind":"road","id":"road-39743297-0","name":"Unnamed mapped tertiary","osmWay":39743297,"major":false,"bridge":false},"geometry":{"type":"LineString","coordinates":[[7.408471,10.5031497],[7.4090593,10.5036569]]}},{"type":"Feature","properties":{"kind":"road","id":"road-39761404-0","name":"Unnamed mapped tertiary","osmWay":39761404,"major":false,"bridge":true},"geometry":{"type":"LineString","coordinates":[[7.4220938,10.5053067],[7.4222704,10.5052872]]}},{"type":"Feature","properties":{"kind":"road","id":"road-39761421-0","name":"Bashama Road","osmWay":39761421,"major":false,"bridge":false},"geometry":{"type":"LineString","coordinates":[[7.4244933,10.5055211],[7.4229658,10.5053066]]}},{"type":"Feature","properties":{"kind":"road","id":"road-39764338-0","name":"Unnamed mapped tertiary","osmWay":39764338,"major":false,"bridge":false},"geometry":{"type":"LineString","coordinates":[[7.4665907,10.5273124],[7.4669595,10.5329957],[7.4661481,10.533121],[7.4657203,10.5345849],[7.4658671,10.5346428]]}},{"type":"Feature","properties":{"kind":"road","id":"road-39764853-0","name":"Unnamed mapped tertiary","osmWay":39764853,"major":false,"bridge":false},"geometry":{"type":"LineString","coordinates":[[7.4419871,10.4996447],[7.441511,10.5007379]]}},{"type":"Feature","properties":{"kind":"road","id":"road-39767738-0","name":"Tafawa Balewa Way","osmWay":39767738,"major":false,"bridge":false},"geometry":{"type":"LineString","coordinates":[[7.4511006,10.5187707],[7.4542794,10.5112366]]}},{"type":"Feature","properties":{"kind":"road","id":"road-39767991-0","name":"Tafawa Balewa Way","osmWay":39767991,"major":false,"bridge":false},"geometry":{"type":"LineString","coordinates":[[7.4473504,10.5285072],[7.4496575,10.5219383],[7.4511006,10.5187707]]}},{"type":"Feature","properties":{"kind":"road","id":"road-39768642-0","name":"Degel 2","osmWay":39768642,"major":false,"bridge":false},"geometry":{"type":"LineString","coordinates":[[7.4585863,10.5149882],[7.4612778,10.5161758],[7.4614803,10.5166373],[7.4604785,10.5189778],[7.4587993,10.5192412]]}},{"type":"Feature","properties":{"kind":"road","id":"road-39772818-0","name":"Unnamed mapped tertiary","osmWay":39772818,"major":false,"bridge":false},"geometry":{"type":"LineString","coordinates":[[7.4456231,10.5300185],[7.4466583,10.530407]]}},{"type":"Feature","properties":{"kind":"road","id":"road-40879928-0","name":"Unnamed mapped tertiary","osmWay":40879928,"major":false,"bridge":false},"geometry":{"type":"LineString","coordinates":[[7.4066154,10.5377876],[7.407804,10.5372493]]}},{"type":"Feature","properties":{"kind":"road","id":"road-43284904-0","name":"Mallam Madori Road","osmWay":43284904,"major":false,"bridge":false},"geometry":{"type":"LineString","coordinates":[[7.4281596,10.519947],[7.426051,10.5194815],[7.4246887,10.5195168],[7.4242295,10.5196577],[7.4233344,10.5200918],[7.4193037,10.5231386]]}},{"type":"Feature","properties":{"kind":"road","id":"road-43312224-0","name":"Dallaji Road","osmWay":43312224,"major":false,"bridge":false},"geometry":{"type":"LineString","coordinates":[[7.4595575,10.5477832],[7.4597434,10.5506025]]}},{"type":"Feature","properties":{"kind":"road","id":"road-43319821-0","name":"Lamido Street","osmWay":43319821,"major":false,"bridge":false},"geometry":{"type":"LineString","coordinates":[[7.4575925,10.5378971],[7.4585066,10.538291],[7.4595355,10.5393534]]}},{"type":"Feature","properties":{"kind":"road","id":"road-43692294-0","name":"Camp Road","osmWay":43692294,"major":true,"bridge":false},"geometry":{"type":"LineString","coordinates":[[7.4592669,10.5134351],[7.4543152,10.5113445]]}},{"type":"Feature","properties":{"kind":"road","id":"road-43693851-0","name":"Sardauna Crescent","osmWay":43693851,"major":false,"bridge":false},"geometry":{"type":"LineString","coordinates":[[7.4251262,10.5055697],[7.4252477,10.5048833],[7.4256541,10.5041277],[7.4263702,10.5035317]]}},{"type":"Feature","properties":{"kind":"road","id":"road-43885554-0","name":"Sultan Road","osmWay":43885554,"major":false,"bridge":false},"geometry":{"type":"LineString","coordinates":[[7.4526412,10.5399689],[7.4524802,10.5389033],[7.4514556,10.5353671],[7.4514519,10.5347811]]}},{"type":"Feature","properties":{"kind":"road","id":"road-44510404-0","name":"Unnamed mapped tertiary","osmWay":44510404,"major":false,"bridge":false},"geometry":{"type":"LineString","coordinates":[[7.4169228,10.444394],[7.4169155,10.4431153],[7.4166916,10.4421214],[7.4157259,10.4403285],[7.4147482,10.4393287],[7.4135332,10.4385559],[7.4120325,10.4378568],[7.4117616,10.4372119],[7.4116556,10.4363177]]}},{"type":"Feature","properties":{"kind":"road","id":"road-50424961-0","name":"Degel 1","osmWay":50424961,"major":false,"bridge":false},"geometry":{"type":"LineString","coordinates":[[7.4587993,10.5192412],[7.4557753,10.5195355],[7.4514955,10.5177568]]}},{"type":"Feature","properties":{"kind":"road","id":"road-50425306-0","name":"Unnamed mapped tertiary","osmWay":50425306,"major":false,"bridge":false},"geometry":{"type":"LineString","coordinates":[[7.4514221,10.5623437],[7.4502982,10.563082],[7.449339,10.5654285]]}},{"type":"Feature","properties":{"kind":"road","id":"road-50425308-0","name":"Unnamed mapped tertiary","osmWay":50425308,"major":false,"bridge":true},"geometry":{"type":"LineString","coordinates":[[7.4514872,10.5622744],[7.4514221,10.5623437]]}},{"type":"Feature","properties":{"kind":"road","id":"road-102571960-0","name":"Unnamed mapped primary","osmWay":102571960,"major":true,"bridge":false},"geometry":{"type":"LineString","coordinates":[[7.4425867,10.5054832],[7.4424358,10.5053969],[7.4425232,10.5052615],[7.442666,10.5053537],[7.4425867,10.5054832]]}},{"type":"Feature","properties":{"kind":"road","id":"road-102571962-0","name":"Unnamed mapped tertiary","osmWay":102571962,"major":false,"bridge":false},"geometry":{"type":"LineString","coordinates":[[7.4429376,10.5012089],[7.4378763,10.4995428]]}},{"type":"Feature","properties":{"kind":"road","id":"road-102675168-0","name":"Unnamed mapped tertiary","osmWay":102675168,"major":false,"bridge":false},"geometry":{"type":"LineString","coordinates":[[7.4143325,10.5693614],[7.4141552,10.5695222]]}},{"type":"Feature","properties":{"kind":"road","id":"road-102792571-0","name":"Shehu Laminu Avenue","osmWay":102792571,"major":false,"bridge":false},"geometry":{"type":"LineString","coordinates":[[7.461125,10.5291385],[7.466928,10.5318177]]}},{"type":"Feature","properties":{"kind":"road","id":"road-112603760-0","name":"Ahmadu Bello Way","osmWay":112603760,"major":true,"bridge":false},"geometry":{"type":"LineString","coordinates":[[7.435459,10.5433894],[7.4334633,10.5427282],[7.4324253,10.5419688],[7.4294132,10.5385673],[7.4290042,10.5378046],[7.4287322,10.5367017]]}},{"type":"Feature","properties":{"kind":"road","id":"road-115969316-0","name":"Kachia Road","osmWay":115969316,"major":true,"bridge":false},"geometry":{"type":"LineString","coordinates":[[7.4192446,10.4777392],[7.419702,10.4775206],[7.421082,10.4754305],[7.4213899,10.4745752],[7.4214937,10.4737994],[7.4214314,10.4730794],[7.4198962,10.4667782],[7.4198995,10.4651923],[7.4202621,10.4641501],[7.4212582,10.4625967],[7.421745,10.4620057],[7.4231181,10.4607701],[7.4235624,10.4601463],[7.4237991,10.4591656],[7.4236998,10.4564822]]}},{"type":"Feature","properties":{"kind":"road","id":"road-115969354-0","name":"Inuwa Abdulkadir Road","osmWay":115969354,"major":false,"bridge":false},"geometry":{"type":"LineString","coordinates":[[7.4179767,10.4536971],[7.4180145,10.4519527],[7.4178993,10.4513046],[7.4176693,10.4511529],[7.4153507,10.4508353],[7.4137818,10.4500485],[7.412575,10.4487658],[7.410179,10.4455968]]}},{"type":"Feature","properties":{"kind":"road","id":"road-161132534-0","name":"A2","osmWay":161132534,"major":true,"bridge":false},"geometry":{"type":"LineString","coordinates":[[7.4466109,10.5852486],[7.4408476,10.586921],[7.4398508,10.587065],[7.4383187,10.5868638],[7.4332057,10.5853275],[7.4326281,10.585362]]}},{"type":"Feature","properties":{"kind":"road","id":"road-161132535-0","name":"Ahmadu Bello Way","osmWay":161132535,"major":true,"bridge":false},"geometry":{"type":"LineString","coordinates":[[7.4292652,10.5302019],[7.4298873,10.5234851],[7.4298705,10.5222999]]}},{"type":"Feature","properties":{"kind":"road","id":"road-161132546-0","name":"Junction Road","osmWay":161132546,"major":true,"bridge":false},"geometry":{"type":"LineString","coordinates":[[7.4256242,10.5019034],[7.4256969,10.5022578],[7.4292487,10.5081272]]}},{"type":"Feature","properties":{"kind":"road","id":"road-161132548-0","name":"Unnamed mapped primary","osmWay":161132548,"major":true,"bridge":false},"geometry":{"type":"LineString","coordinates":[[7.4293157,10.5085869],[7.4290813,10.5083309],[7.4293091,10.5081169],[7.4295556,10.508314],[7.4294884,10.5085183],[7.4293157,10.5085869]]}},{"type":"Feature","properties":{"kind":"road","id":"road-161132550-0","name":"Katsina Road","osmWay":161132550,"major":false,"bridge":false},"geometry":{"type":"LineString","coordinates":[[7.4311487,10.5126088],[7.4366802,10.5131395]]}},{"type":"Feature","properties":{"kind":"road","id":"road-161132552-0","name":"Sabon Birni Road","osmWay":161132552,"major":false,"bridge":false},"geometry":{"type":"LineString","coordinates":[[7.44662,10.5839592],[7.4468679,10.5840243],[7.4473553,10.5839042],[7.4511296,10.5826543]]}},{"type":"Feature","properties":{"kind":"road","id":"road-161132555-0","name":"Ahmadu Bello Way","osmWay":161132555,"major":true,"bridge":false},"geometry":{"type":"LineString","coordinates":[[7.4290663,10.5366534],[7.4289427,10.5371953],[7.4294507,10.5384744],[7.432538,10.5419477],[7.4332541,10.5425094],[7.4341419,10.5429049],[7.4351263,10.543108],[7.4355198,10.5430637]]}},{"type":"Feature","properties":{"kind":"road","id":"road-161132556-0","name":"Bank Road","osmWay":161132556,"major":false,"bridge":false},"geometry":{"type":"LineString","coordinates":[[7.4271972,10.5331241],[7.4274495,10.5302098],[7.4279506,10.5283885]]}},{"type":"Feature","properties":{"kind":"road","id":"road-161132557-0","name":"Ahmadu Bello Way","osmWay":161132557,"major":true,"bridge":false},"geometry":{"type":"LineString","coordinates":[[7.4295565,10.5083831],[7.4295905,10.5087172],[7.4306846,10.51068],[7.4307993,10.5123848]]}},{"type":"Feature","properties":{"kind":"road","id":"road-161132559-0","name":"Sabon Birni Road","osmWay":161132559,"major":false,"bridge":false},"geometry":{"type":"LineString","coordinates":[[7.4511532,10.5827337],[7.4467015,10.5841716]]}},{"type":"Feature","properties":{"kind":"road","id":"road-161132563-0","name":"Ahmadu Bello Way","osmWay":161132563,"major":true,"bridge":false},"geometry":{"type":"LineString","coordinates":[[7.4295206,10.5306239],[7.4293681,10.5310576],[7.4290055,10.5358115],[7.4290699,10.5363508]]}},{"type":"Feature","properties":{"kind":"road","id":"road-161132573-0","name":"Ali Akilu Road","osmWay":161132573,"major":true,"bridge":false},"geometry":{"type":"LineString","coordinates":[[7.4484341,10.5900733],[7.447572,10.5875047]]}},{"type":"Feature","properties":{"kind":"road","id":"road-161132574-0","name":"Ahmadu Bello Way","osmWay":161132574,"major":true,"bridge":false},"geometry":{"type":"LineString","coordinates":[[7.4287042,10.5363198],[7.4289035,10.5358443],[7.4292715,10.531057],[7.4291815,10.5306201]]}},{"type":"Feature","properties":{"kind":"road","id":"road-161132575-0","name":"Ali Akilu Road","osmWay":161132575,"major":true,"bridge":true},"geometry":{"type":"LineString","coordinates":[[7.447572,10.5875047],[7.446296,10.5838146]]}},{"type":"Feature","properties":{"kind":"road","id":"road-161132578-0","name":"Ali Akilu Road","osmWay":161132578,"major":true,"bridge":false},"geometry":{"type":"LineString","coordinates":[[7.4358609,10.5431151],[7.4361584,10.5433206],[7.4372796,10.5436792],[7.437712,10.5439677],[7.4409843,10.5471953],[7.4439398,10.5491255],[7.4447737,10.5502293],[7.4451521,10.551177],[7.4452863,10.552063],[7.4452541,10.5528909],[7.444028,10.5593738],[7.4427693,10.5669817],[7.4426201,10.5692811],[7.4427221,10.5704307],[7.443855,10.5765467],[7.446374,10.5837966]]}},{"type":"Feature","properties":{"kind":"road","id":"road-161132581-0","name":"Unnamed mapped trunk_link","osmWay":161132581,"major":false,"bridge":false},"geometry":{"type":"LineString","coordinates":[[7.4463326,10.5851772],[7.4464376,10.5849171],[7.4462084,10.5842446]]}},{"type":"Feature","properties":{"kind":"road","id":"road-161132586-0","name":"Katsina Road","osmWay":161132586,"major":false,"bridge":false},"geometry":{"type":"LineString","coordinates":[[7.4311487,10.5126088],[7.4308807,10.5126846]]}},{"type":"Feature","properties":{"kind":"road","id":"road-161132589-0","name":"Waff Road","osmWay":161132589,"major":false,"bridge":false},"geometry":{"type":"LineString","coordinates":[[7.4380804,10.5298331],[7.4366458,10.5295511],[7.4357935,10.5295301],[7.4299199,10.5303532]]}},{"type":"Feature","properties":{"kind":"road","id":"road-161132593-0","name":"Katsina Road","osmWay":161132593,"major":false,"bridge":false},"geometry":{"type":"LineString","coordinates":[[7.4308851,10.5124894],[7.4311487,10.5126088]]}},{"type":"Feature","properties":{"kind":"road","id":"road-161132595-0","name":"A2","osmWay":161132595,"major":true,"bridge":false},"geometry":{"type":"LineString","coordinates":[[7.4327788,10.5850196],[7.4332164,10.5852589],[7.4380989,10.586742],[7.4398282,10.5869951],[7.4415831,10.5866576],[7.4461329,10.5852624],[7.4465342,10.5850331]]}},{"type":"Feature","properties":{"kind":"road","id":"road-161132596-0","name":"Ali Akilu Road","osmWay":161132596,"major":true,"bridge":false},"geometry":{"type":"LineString","coordinates":[[7.446296,10.5838146],[7.4436155,10.5762958],[7.4424353,10.5697542],[7.442647,10.5671823],[7.4450558,10.5530674],[7.4449215,10.5514196],[7.4444226,10.5501908],[7.4436793,10.5491956],[7.4409467,10.5474168],[7.4372962,10.5437678],[7.4364875,10.5434731],[7.4358019,10.5434568]]}},{"type":"Feature","properties":{"kind":"road","id":"road-161132598-0","name":"Ahmadu Bello Way","osmWay":161132598,"major":true,"bridge":false},"geometry":{"type":"LineString","coordinates":[[7.4307999,10.5127585],[7.4306772,10.5130849],[7.4299952,10.5219155]]}},{"type":"Feature","properties":{"kind":"road","id":"road-161132599-0","name":"Kaduna-Jos Highway","osmWay":161132599,"major":true,"bridge":false},"geometry":{"type":"LineString","coordinates":[[7.4558423,10.6019045],[7.4521932,10.5987315],[7.4511431,10.5975003],[7.4484341,10.5900733]]}},{"type":"Feature","properties":{"kind":"road","id":"road-161132599-1","name":"Kaduna-Jos Highway","osmWay":161132599,"major":true,"bridge":false},"geometry":{"type":"LineString","coordinates":[[7.4649064,10.6103969],[7.463209,10.6083135],[7.4603004,10.6057503]]}},{"type":"Feature","properties":{"kind":"road","id":"road-161132600-0","name":"Ali Akilu Road","osmWay":161132600,"major":true,"bridge":false},"geometry":{"type":"LineString","coordinates":[[7.4476789,10.5874722],[7.4485939,10.5900283]]}},{"type":"Feature","properties":{"kind":"road","id":"road-161132601-0","name":"Unnamed mapped tertiary","osmWay":161132601,"major":false,"bridge":false},"geometry":{"type":"LineString","coordinates":[[7.4290737,10.5336488],[7.428968,10.5334487],[7.4286364,10.5334609],[7.4238127,10.5347826]]}},{"type":"Feature","properties":{"kind":"road","id":"road-161132602-0","name":"Unnamed mapped tertiary","osmWay":161132602,"major":false,"bridge":false},"geometry":{"type":"LineString","coordinates":[[7.4238186,10.5346069],[7.4243542,10.5345909],[7.4283698,10.5334936],[7.4289465,10.5330822],[7.429149,10.5326778]]}},{"type":"Feature","properties":{"kind":"road","id":"road-161132603-0","name":"Ali Akilu Road","osmWay":161132603,"major":true,"bridge":true},"geometry":{"type":"LineString","coordinates":[[7.446374,10.5837966],[7.4476789,10.5874722]]}},{"type":"Feature","properties":{"kind":"road","id":"road-161132604-0","name":"Ahmadu Bello Way","osmWay":161132604,"major":true,"bridge":false},"geometry":{"type":"LineString","coordinates":[[7.4305175,10.5123859],[7.4306685,10.51217],[7.4307221,10.5115713],[7.4306309,10.5108171],[7.4304247,10.5102778],[7.4293508,10.5085849]]}},{"type":"Feature","properties":{"kind":"road","id":"road-161132607-0","name":"Junction Road","osmWay":161132607,"major":true,"bridge":false},"geometry":{"type":"LineString","coordinates":[[7.4290933,10.5082755],[7.4290253,10.5079285],[7.4253652,10.5020223]]}},{"type":"Feature","properties":{"kind":"road","id":"road-161132613-0","name":"Unnamed mapped primary","osmWay":161132613,"major":true,"bridge":false},"geometry":{"type":"LineString","coordinates":[[7.4358019,10.5434568],[7.435459,10.5433894],[7.4355198,10.5430637],[7.4358609,10.5431151],[7.4358019,10.5434568]]}},{"type":"Feature","properties":{"kind":"road","id":"road-161132614-0","name":"Waff Road","osmWay":161132614,"major":false,"bridge":false},"geometry":{"type":"LineString","coordinates":[[7.4299199,10.5303532],[7.4296062,10.5304578]]}},{"type":"Feature","properties":{"kind":"road","id":"road-161134204-0","name":"Junction Road","osmWay":161134204,"major":true,"bridge":false},"geometry":{"type":"LineString","coordinates":[[7.422363,10.4992355],[7.4243526,10.5003897],[7.4253706,10.5015692]]}},{"type":"Feature","properties":{"kind":"road","id":"road-161134205-0","name":"Textile Road","osmWay":161134205,"major":false,"bridge":false},"geometry":{"type":"LineString","coordinates":[[7.4185761,10.4779641],[7.4189124,10.4779795],[7.4190631,10.4778625]]}},{"type":"Feature","properties":{"kind":"road","id":"road-161134206-0","name":"Unnamed mapped primary","osmWay":161134206,"major":true,"bridge":false},"geometry":{"type":"LineString","coordinates":[[7.4189204,10.4811788],[7.4188252,10.4796569],[7.4190918,10.4781211]]}},{"type":"Feature","properties":{"kind":"road","id":"road-161134207-0","name":"Unnamed mapped trunk_link","osmWay":161134207,"major":false,"bridge":false},"geometry":{"type":"LineString","coordinates":[[7.4028481,10.4432799],[7.4021713,10.4434529],[7.4019769,10.4436521],[7.4019313,10.4440253],[7.4021593,10.4443603],[7.4025825,10.4444201],[7.4028392,10.4442693],[7.403448,10.443215]]}},{"type":"Feature","properties":{"kind":"road","id":"road-161134214-0","name":"Unnamed mapped primary","osmWay":161134214,"major":true,"bridge":false},"geometry":{"type":"LineString","coordinates":[[7.4186793,10.4941343],[7.4186601,10.4937756],[7.4190016,10.4937793],[7.4190203,10.4940932],[7.4186793,10.4941343]]}},{"type":"Feature","properties":{"kind":"road","id":"road-161134215-0","name":"Unnamed mapped tertiary","osmWay":161134215,"major":false,"bridge":false},"geometry":{"type":"LineString","coordinates":[[7.4193636,10.4940024],[7.4190203,10.4940932]]}},{"type":"Feature","properties":{"kind":"road","id":"road-161134216-0","name":"Unnamed mapped primary","osmWay":161134216,"major":true,"bridge":true},"geometry":{"type":"LineString","coordinates":[[7.4190156,10.4811512],[7.4190371,10.4813657]]}},{"type":"Feature","properties":{"kind":"road","id":"road-161134223-0","name":"Junction Road","osmWay":161134223,"major":true,"bridge":false},"geometry":{"type":"LineString","coordinates":[[7.4205485,10.4982954],[7.4196567,10.4977039],[7.4190458,10.4968369],[7.4188406,10.496142],[7.4187963,10.494431],[7.4186793,10.4941343]]}},{"type":"Feature","properties":{"kind":"road","id":"road-161134226-0","name":"Textile Road","osmWay":161134226,"major":false,"bridge":false},"geometry":{"type":"LineString","coordinates":[[7.4190635,10.4780799],[7.4185761,10.4779641]]}},{"type":"Feature","properties":{"kind":"road","id":"road-161134230-0","name":"Junction Road","osmWay":161134230,"major":true,"bridge":true},"geometry":{"type":"LineString","coordinates":[[7.4205967,10.4982433],[7.422363,10.4992355]]}},{"type":"Feature","properties":{"kind":"road","id":"road-161134231-0","name":"Kachia Road","osmWay":161134231,"major":true,"bridge":false},"geometry":{"type":"LineString","coordinates":[[7.418692,10.49375],[7.4186602,10.4853176],[7.4189465,10.482924],[7.4189366,10.4813805]]}},{"type":"Feature","properties":{"kind":"road","id":"road-161134234-0","name":"Nnamdi Azikwe Way","osmWay":161134234,"major":true,"bridge":false},"geometry":{"type":"LineString","coordinates":[[7.4032819,10.4432944],[7.4017784,10.4433765],[7.4002066,10.4439832]]}},{"type":"Feature","properties":{"kind":"road","id":"road-161134235-0","name":"Junction Road","osmWay":161134235,"major":true,"bridge":false},"geometry":{"type":"LineString","coordinates":[[7.4189848,10.4941295],[7.4188828,10.4945174],[7.4189056,10.4957635],[7.4191216,10.4967703],[7.4195682,10.4974831],[7.4205967,10.4982433]]}},{"type":"Feature","properties":{"kind":"road","id":"road-161134238-0","name":"Unnamed mapped primary","osmWay":161134238,"major":true,"bridge":false},"geometry":{"type":"LineString","coordinates":[[7.4193402,10.4781945],[7.4190635,10.4780799],[7.4191715,10.4777601],[7.4194895,10.477875],[7.4194859,10.478074],[7.4193402,10.4781945]]}},{"type":"Feature","properties":{"kind":"road","id":"road-161134239-0","name":"Constitution Road","osmWay":161134239,"major":true,"bridge":false},"geometry":{"type":"LineString","coordinates":[[7.4254379,10.5015659],[7.4261223,10.5014343],[7.4313417,10.5030128],[7.4351411,10.5038165]]}},{"type":"Feature","properties":{"kind":"road","id":"road-161134240-0","name":"Nnamdi Azikwe Way","osmWay":161134240,"major":true,"bridge":false},"geometry":{"type":"LineString","coordinates":[[7.4036519,10.4431812],[7.4087033,10.4433492],[7.4173305,10.4444434],[7.4193923,10.444603],[7.4217205,10.4446505],[7.4255022,10.4444912]]}},{"type":"Feature","properties":{"kind":"road","id":"road-161134245-0","name":"Junction Road","osmWay":161134245,"major":true,"bridge":true},"geometry":{"type":"LineString","coordinates":[[7.4223049,10.4992938],[7.4205485,10.4982954]]}},{"type":"Feature","properties":{"kind":"road","id":"road-161134247-0","name":"Stadium Roundabout","osmWay":161134247,"major":true,"bridge":false},"geometry":{"type":"LineString","coordinates":[[7.4253652,10.5020223],[7.4251864,10.5017442],[7.4254379,10.5015659],[7.4256482,10.501832],[7.4253652,10.5020223]]}},{"type":"Feature","properties":{"kind":"road","id":"road-161134248-0","name":"Unnamed mapped tertiary","osmWay":161134248,"major":false,"bridge":false},"geometry":{"type":"LineString","coordinates":[[7.4190338,10.4938191],[7.419316,10.4939266]]}},{"type":"Feature","properties":{"kind":"road","id":"road-161134249-0","name":"Constitution Road","osmWay":161134249,"major":true,"bridge":false},"geometry":{"type":"LineString","coordinates":[[7.4351263,10.5038904],[7.4313283,10.50309],[7.4261597,10.5015525],[7.4258975,10.5015802],[7.4256482,10.501832]]}},{"type":"Feature","properties":{"kind":"road","id":"road-161134250-0","name":"Nnamdi Azikwe Way","osmWay":161134250,"major":true,"bridge":true},"geometry":{"type":"LineString","coordinates":[[7.4036361,10.4432993],[7.4032819,10.4432944]]}},{"type":"Feature","properties":{"kind":"road","id":"road-161134252-0","name":"Kachia Road","osmWay":161134252,"major":true,"bridge":false},"geometry":{"type":"LineString","coordinates":[[7.4190371,10.4813657],[7.419076,10.4826669],[7.4187729,10.485334],[7.4188688,10.4932633],[7.4190016,10.4937793]]}},{"type":"Feature","properties":{"kind":"road","id":"road-161134257-0","name":"Nnamdi Azikwe Way","osmWay":161134257,"major":true,"bridge":true},"geometry":{"type":"LineString","coordinates":[[7.403571,10.4431787],[7.4036519,10.4431812]]}},{"type":"Feature","properties":{"kind":"road","id":"road-161134259-0","name":"Unnamed mapped primary","osmWay":161134259,"major":true,"bridge":false},"geometry":{"type":"LineString","coordinates":[[7.4194538,10.4781221],[7.4191692,10.4785921],[7.4189452,10.4794585],[7.4190156,10.4811512]]}},{"type":"Feature","properties":{"kind":"road","id":"road-161134261-0","name":"Unnamed mapped trunk_link","osmWay":161134261,"major":false,"bridge":false},"geometry":{"type":"LineString","coordinates":[[7.4048281,10.4404749],[7.4044257,10.4417252],[7.4044324,10.4422686],[7.4049072,10.4429452],[7.4056254,10.4432241]]}},{"type":"Feature","properties":{"kind":"road","id":"road-161134262-0","name":"Unnamed mapped primary","osmWay":161134262,"major":true,"bridge":true},"geometry":{"type":"LineString","coordinates":[[7.4189366,10.4813805],[7.4189204,10.4811788]]}},{"type":"Feature","properties":{"kind":"road","id":"road-161134263-0","name":"Nnamdi Azikwe Way","osmWay":161134263,"major":true,"bridge":true},"geometry":{"type":"LineString","coordinates":[[7.3983364,10.4455548],[7.3982606,10.4456377]]}},{"type":"Feature","properties":{"kind":"road","id":"road-161237801-0","name":"Nnamdi Azikwe Way","osmWay":161237801,"major":true,"bridge":false},"geometry":{"type":"LineString","coordinates":[[7.4319393,10.4442861],[7.422037,10.4447349],[7.4198375,10.4447243],[7.4172983,10.4445252],[7.4093355,10.4434886],[7.4036361,10.4432993]]}},{"type":"Feature","properties":{"kind":"road","id":"road-161237806-0","name":"Kachia Road","osmWay":161237806,"major":true,"bridge":false},"geometry":{"type":"LineString","coordinates":[[7.4347417,10.4528047],[7.4267692,10.454579],[7.4260803,10.4548844],[7.425377,10.4548729],[7.4251089,10.4550786],[7.4242172,10.4563571]]}},{"type":"Feature","properties":{"kind":"road","id":"road-161237807-0","name":"Unnamed mapped trunk_link","osmWay":161237807,"major":false,"bridge":false},"geometry":{"type":"LineString","coordinates":[[7.4243157,10.444637],[7.4239395,10.444787],[7.4237651,10.445033]]}},{"type":"Feature","properties":{"kind":"road","id":"road-161237810-0","name":"Unnamed mapped primary","osmWay":161237810,"major":true,"bridge":false},"geometry":{"type":"LineString","coordinates":[[7.4235271,10.4445781],[7.4237198,10.4446685],[7.4237651,10.445033]]}},{"type":"Feature","properties":{"kind":"road","id":"road-161237812-0","name":"Unnamed mapped trunk_link","osmWay":161237812,"major":false,"bridge":false},"geometry":{"type":"LineString","coordinates":[[7.4236502,10.4451521],[7.4234103,10.4448103],[7.4230497,10.4446914]]}},{"type":"Feature","properties":{"kind":"road","id":"road-161237814-0","name":"Unnamed mapped primary","osmWay":161237814,"major":true,"bridge":false},"geometry":{"type":"LineString","coordinates":[[7.4236502,10.4451521],[7.4237198,10.4446685],[7.4240258,10.4445581]]}},{"type":"Feature","properties":{"kind":"road","id":"road-161387726-0","name":"Nnamdi Azikwe Way","osmWay":161387726,"major":true,"bridge":true},"geometry":{"type":"LineString","coordinates":[[7.393443,10.4815846],[7.3936981,10.4826222]]}},{"type":"Feature","properties":{"kind":"road","id":"road-161387731-0","name":"Nnamdi Azikwe Way","osmWay":161387731,"major":true,"bridge":true},"geometry":{"type":"LineString","coordinates":[[7.3936066,10.482637],[7.3933435,10.4815541]]}},{"type":"Feature","properties":{"kind":"road","id":"road-161387733-0","name":"Nnamdi Azikwe Way","osmWay":161387733,"major":true,"bridge":false},"geometry":{"type":"LineString","coordinates":[[7.3936981,10.4826222],[7.3955905,10.4905218],[7.3963952,10.4950371],[7.3989391,10.5219831],[7.3991827,10.5234701],[7.4001335,10.525645],[7.4085121,10.5381874],[7.4097144,10.5403576],[7.4104969,10.5425133],[7.4152224,10.5599381]]}},{"type":"Feature","properties":{"kind":"road","id":"road-161388721-0","name":"Mando Road","osmWay":161388721,"major":true,"bridge":false},"geometry":{"type":"LineString","coordinates":[[7.4161913,10.5872617],[7.4193294,10.5852484],[7.4209709,10.5846881],[7.423863,10.5848028],[7.4296419,10.5854784],[7.4311428,10.5853739],[7.4322026,10.5850616]]}},{"type":"Feature","properties":{"kind":"road","id":"road-161388724-0","name":"Mando Road","osmWay":161388724,"major":true,"bridge":false},"geometry":{"type":"LineString","coordinates":[[7.4160476,10.5874544],[7.4150903,10.5880629]]}},{"type":"Feature","properties":{"kind":"road","id":"road-161388724-1","name":"Mando Road","osmWay":161388724,"major":true,"bridge":false},"geometry":{"type":"LineString","coordinates":[[7.4323341,10.5853459],[7.4320523,10.5852536],[7.4307282,10.5855167],[7.4292321,10.5855252],[7.4241694,10.5849056],[7.4210875,10.5847527],[7.4194996,10.5852484],[7.4162198,10.5873427]]}},{"type":"Feature","properties":{"kind":"road","id":"road-161388725-0","name":"A2","osmWay":161388725,"major":false,"bridge":false},"geometry":{"type":"LineString","coordinates":[[7.4035397,10.4432099],[7.4030672,10.4441302],[7.402636,10.4444922],[7.4020761,10.4443913],[7.401645,10.4438499],[7.4013466,10.443693],[7.4009523,10.4436877],[7.4002066,10.4439832]]}},{"type":"Feature","properties":{"kind":"road","id":"road-161388725-1","name":"A2","osmWay":161388725,"major":false,"bridge":false},"geometry":{"type":"LineString","coordinates":[[7.4048281,10.4404749],[7.4046261,10.4409038]]}},{"type":"Feature","properties":{"kind":"road","id":"road-161388726-0","name":"Abuja-Kaduna Highway","osmWay":161388726,"major":true,"bridge":false},"geometry":{"type":"LineString","coordinates":[[7.404853,10.4401821],[7.4051887,10.4391148]]}},{"type":"Feature","properties":{"kind":"road","id":"road-161388727-0","name":"Unnamed mapped trunk","osmWay":161388727,"major":true,"bridge":false},"geometry":{"type":"LineString","coordinates":[[7.4327103,10.5853019],[7.4324281,10.5853853],[7.432254,10.5852702],[7.4322856,10.5848975],[7.4325653,10.5848199],[7.4327327,10.5849289],[7.4327103,10.5853019]]}},{"type":"Feature","properties":{"kind":"road","id":"road-161469193-0","name":"Unnamed mapped primary_link","osmWay":161469193,"major":false,"bridge":false},"geometry":{"type":"LineString","coordinates":[[7.4242172,10.4563571],[7.4238865,10.4569291]]}},{"type":"Feature","properties":{"kind":"road","id":"road-161487362-0","name":"Nnamdi Azikwe Way","osmWay":161487362,"major":true,"bridge":false},"geometry":{"type":"LineString","coordinates":[[7.3993261,10.444546],[7.3983364,10.4455548]]}},{"type":"Feature","properties":{"kind":"road","id":"road-161487362-1","name":"Nnamdi Azikwe Way","osmWay":161487362,"major":true,"bridge":false},"geometry":{"type":"LineString","coordinates":[[7.4002066,10.4439832],[7.3999516,10.444121]]}},{"type":"Feature","properties":{"kind":"road","id":"road-232749484-0","name":"Tafawa Balewa Way","osmWay":232749484,"major":false,"bridge":false},"geometry":{"type":"LineString","coordinates":[[7.4468971,10.5301026],[7.4461369,10.5321055]]}},{"type":"Feature","properties":{"kind":"road","id":"road-232749486-0","name":"Tafawa Balewa Way","osmWay":232749486,"major":false,"bridge":false},"geometry":{"type":"LineString","coordinates":[[7.4459464,10.5323838],[7.4473504,10.5285072]]}},{"type":"Feature","properties":{"kind":"road","id":"road-232767472-0","name":"Unnamed mapped secondary","osmWay":232767472,"major":false,"bridge":false},"geometry":{"type":"LineString","coordinates":[[7.4355792,10.5430324],[7.4357671,10.5426629]]}},{"type":"Feature","properties":{"kind":"road","id":"road-295154808-0","name":"Unnamed mapped tertiary","osmWay":295154808,"major":false,"bridge":false},"geometry":{"type":"LineString","coordinates":[[7.4182384,10.5454883],[7.4212002,10.5461171],[7.4238905,10.5462393],[7.4254811,10.5457818],[7.4254221,10.5448193]]}},{"type":"Feature","properties":{"kind":"road","id":"road-322320834-0","name":"Unnamed mapped tertiary","osmWay":322320834,"major":false,"bridge":false},"geometry":{"type":"LineString","coordinates":[[7.4237525,10.534811],[7.4235233,10.5350118]]}},{"type":"Feature","properties":{"kind":"road","id":"road-322320835-0","name":"Unnamed mapped tertiary","osmWay":322320835,"major":false,"bridge":false},"geometry":{"type":"LineString","coordinates":[[7.4235233,10.5350118],[7.4236125,10.5347231]]}},{"type":"Feature","properties":{"kind":"road","id":"road-322320836-0","name":"Unnamed mapped tertiary","osmWay":322320836,"major":false,"bridge":false},"geometry":{"type":"LineString","coordinates":[[7.4236086,10.5346994],[7.4231141,10.5343035],[7.4217407,10.532233],[7.4212397,10.5316843]]}},{"type":"Feature","properties":{"kind":"road","id":"road-322320838-0","name":"Unnamed mapped tertiary","osmWay":322320838,"major":false,"bridge":false},"geometry":{"type":"LineString","coordinates":[[7.4214086,10.5315686],[7.423059,10.534042],[7.4237139,10.5345723]]}},{"type":"Feature","properties":{"kind":"road","id":"road-326986666-0","name":"Unnamed mapped primary","osmWay":326986666,"major":true,"bridge":false},"geometry":{"type":"LineString","coordinates":[[7.472046,10.5392552],[7.4721341,10.5393628],[7.4720107,10.5394731],[7.471913,10.539335],[7.472046,10.5392552]]}},{"type":"Feature","properties":{"kind":"road","id":"road-331240579-0","name":"Gobarau Road","osmWay":331240579,"major":true,"bridge":false},"geometry":{"type":"LineString","coordinates":[[7.4601278,10.5100859],[7.4602948,10.5110175],[7.4592669,10.5134351]]}},{"type":"Feature","properties":{"kind":"road","id":"road-331240586-0","name":"Patrick Yakowa Way","osmWay":331240586,"major":true,"bridge":false},"geometry":{"type":"LineString","coordinates":[[7.4610308,10.5081529],[7.4603713,10.5092031],[7.4601278,10.5100859]]}},{"type":"Feature","properties":{"kind":"road","id":"road-331240587-0","name":"Patrick Yakowa Way","osmWay":331240587,"major":true,"bridge":false},"geometry":{"type":"LineString","coordinates":[[7.4601278,10.5100859],[7.4602358,10.5093165],[7.4609523,10.5081145]]}},{"type":"Feature","properties":{"kind":"road","id":"road-364439458-0","name":"Inuwa Abdulkadir Road","osmWay":364439458,"major":false,"bridge":false},"geometry":{"type":"LineString","coordinates":[[7.3982405,10.4485003],[7.3982392,10.4503757],[7.3985799,10.450534],[7.3990747,10.4515679],[7.3992613,10.4516119]]}},{"type":"Feature","properties":{"kind":"road","id":"road-364439487-0","name":"Unnamed mapped tertiary","osmWay":364439487,"major":false,"bridge":false},"geometry":{"type":"LineString","coordinates":[[7.410179,10.4455968],[7.4094741,10.4444415],[7.4093355,10.4434886]]}},{"type":"Feature","properties":{"kind":"road","id":"road-477964166-0","name":"Unnamed mapped tertiary","osmWay":477964166,"major":false,"bridge":false},"geometry":{"type":"LineString","coordinates":[[7.4064888,10.5378926],[7.4062036,10.5381689]]}},{"type":"Feature","properties":{"kind":"road","id":"road-486637996-0","name":"Unnamed mapped tertiary","osmWay":486637996,"major":false,"bridge":false},"geometry":{"type":"LineString","coordinates":[[7.4619766,10.584271],[7.4617606,10.5831325],[7.4613634,10.5830099]]}},{"type":"Feature","properties":{"kind":"road","id":"road-486660326-0","name":"Unnamed mapped tertiary","osmWay":486660326,"major":false,"bridge":false},"geometry":{"type":"LineString","coordinates":[[7.4734827,10.5664287],[7.4742965,10.5627103]]}},{"type":"Feature","properties":{"kind":"road","id":"road-487201023-0","name":"Cameroun Avenue","osmWay":487201023,"major":false,"bridge":false},"geometry":{"type":"LineString","coordinates":[[7.4701318,10.5574299],[7.4700306,10.5627438]]}},{"type":"Feature","properties":{"kind":"road","id":"road-487201024-0","name":"Unnamed mapped tertiary","osmWay":487201024,"major":false,"bridge":true},"geometry":{"type":"LineString","coordinates":[[7.4633509,10.5635179],[7.4634421,10.5634639]]}},{"type":"Feature","properties":{"kind":"road","id":"road-487201025-0","name":"Ghana Road","osmWay":487201025,"major":false,"bridge":false},"geometry":{"type":"LineString","coordinates":[[7.4634421,10.5634639],[7.4641129,10.5630675],[7.4641927,10.5626621],[7.4700306,10.5627438]]}},{"type":"Feature","properties":{"kind":"road","id":"road-520151919-0","name":"Unnamed mapped tertiary","osmWay":520151919,"major":false,"bridge":false},"geometry":{"type":"LineString","coordinates":[[7.4425979,10.5051141],[7.4426311,10.5052898]]}},{"type":"Feature","properties":{"kind":"road","id":"road-520151920-0","name":"Unnamed mapped tertiary","osmWay":520151920,"major":false,"bridge":false},"geometry":{"type":"LineString","coordinates":[[7.4425232,10.5052615],[7.4425979,10.5051141]]}},{"type":"Feature","properties":{"kind":"road","id":"road-520151921-0","name":"Independence Way","osmWay":520151921,"major":false,"bridge":false},"geometry":{"type":"LineString","coordinates":[[7.4426273,10.5054607],[7.4370257,10.5361157]]}},{"type":"Feature","properties":{"kind":"road","id":"road-520151922-0","name":"Independence Way","osmWay":520151922,"major":false,"bridge":false},"geometry":{"type":"LineString","coordinates":[[7.4368718,10.5362543],[7.4385172,10.5276542],[7.4424595,10.5054461]]}},{"type":"Feature","properties":{"kind":"road","id":"road-520151926-0","name":"Unnamed mapped secondary_link","osmWay":520151926,"major":false,"bridge":false},"geometry":{"type":"LineString","coordinates":[[7.4367522,10.5364159],[7.4370508,10.5364124]]}},{"type":"Feature","properties":{"kind":"road","id":"road-520151943-0","name":"Umaru Musa Yar'adua Way","osmWay":520151943,"major":true,"bridge":false},"geometry":{"type":"LineString","coordinates":[[7.472046,10.5392552],[7.4742249,10.5384135]]}},{"type":"Feature","properties":{"kind":"road","id":"road-520151944-0","name":"Umaru Musa Yar'adua Way","osmWay":520151944,"major":true,"bridge":true},"geometry":{"type":"LineString","coordinates":[[7.4742249,10.5384135],[7.4754198,10.53792]]}},{"type":"Feature","properties":{"kind":"road","id":"road-520151947-0","name":"Umaru Musa Yar'adua Way","osmWay":520151947,"major":true,"bridge":true},"geometry":{"type":"LineString","coordinates":[[7.4754428,10.5379873],[7.4742437,10.5384693]]}},{"type":"Feature","properties":{"kind":"road","id":"road-520151948-0","name":"Umaru Musa Yar'adua Way","osmWay":520151948,"major":true,"bridge":false},"geometry":{"type":"LineString","coordinates":[[7.4742437,10.5384693],[7.4721096,10.5394319]]}},{"type":"Feature","properties":{"kind":"road","id":"road-534748795-0","name":"Unnamed mapped tertiary","osmWay":534748795,"major":false,"bridge":false},"geometry":{"type":"LineString","coordinates":[[7.4106056,10.4770625],[7.4108699,10.4779458],[7.4107767,10.4790989]]}},{"type":"Feature","properties":{"kind":"road","id":"road-534748796-0","name":"Unnamed mapped tertiary","osmWay":534748796,"major":false,"bridge":false},"geometry":{"type":"LineString","coordinates":[[7.4107767,10.4790989],[7.410542,10.479565],[7.4103655,10.4796163]]}},{"type":"Feature","properties":{"kind":"road","id":"road-534748800-0","name":"Kachia Road","osmWay":534748800,"major":true,"bridge":false},"geometry":{"type":"LineString","coordinates":[[7.4242172,10.4563571],[7.4238168,10.4564569]]}},{"type":"Feature","properties":{"kind":"road","id":"road-534748839-0","name":"Inuwa Abdulkadir Road","osmWay":534748839,"major":false,"bridge":false},"geometry":{"type":"LineString","coordinates":[[7.4236998,10.4564822],[7.4208328,10.456474],[7.4187056,10.4556655],[7.4182989,10.4553282],[7.4180312,10.4548888],[7.4179767,10.4536971],[7.4154362,10.4524687],[7.4143311,10.4524898],[7.4135587,10.4528855],[7.4131831,10.453231],[7.4126977,10.4542571],[7.4126467,10.454629],[7.4127674,10.4550444],[7.4139007,10.4564221],[7.4155162,10.4588682],[7.4159831,10.4597791],[7.4162395,10.4608117],[7.4159127,10.4796574]]}},{"type":"Feature","properties":{"kind":"road","id":"road-534748841-0","name":"Unnamed mapped tertiary","osmWay":534748841,"major":false,"bridge":false},"geometry":{"type":"LineString","coordinates":[[7.4075085,10.4743186],[7.4095624,10.4770615],[7.4097997,10.4772274],[7.4106056,10.4770625]]}},{"type":"Feature","properties":{"kind":"road","id":"road-534748868-0","name":"Unnamed mapped tertiary","osmWay":534748868,"major":false,"bridge":false},"geometry":{"type":"LineString","coordinates":[[7.4107767,10.4790989],[7.4116684,10.4789385]]}},{"type":"Feature","properties":{"kind":"road","id":"road-534748871-0","name":"Unnamed mapped primary","osmWay":534748871,"major":true,"bridge":false},"geometry":{"type":"LineString","coordinates":[[7.4238168,10.4564569],[7.4236998,10.4564822]]}},{"type":"Feature","properties":{"kind":"road","id":"road-534800133-0","name":"Unnamed mapped tertiary","osmWay":534800133,"major":false,"bridge":false},"geometry":{"type":"LineString","coordinates":[[7.42272,10.4820179],[7.4238355,10.4821546],[7.4247153,10.4819463],[7.4255186,10.4814636],[7.4261948,10.4806058]]}},{"type":"Feature","properties":{"kind":"road","id":"road-535988584-0","name":"Unnamed mapped tertiary","osmWay":535988584,"major":false,"bridge":false},"geometry":{"type":"LineString","coordinates":[[7.4202635,10.4446439],[7.4202658,10.4445831]]}},{"type":"Feature","properties":{"kind":"road","id":"road-537630929-0","name":"Unnamed mapped tertiary","osmWay":537630929,"major":false,"bridge":false},"geometry":{"type":"LineString","coordinates":[[7.4286555,10.4811036],[7.4292469,10.4811366],[7.4289618,10.4844248]]}},{"type":"Feature","properties":{"kind":"road","id":"road-537630930-0","name":"Unnamed mapped tertiary","osmWay":537630930,"major":false,"bridge":true},"geometry":{"type":"LineString","coordinates":[[7.4284999,10.4810996],[7.4286555,10.4811036]]}},{"type":"Feature","properties":{"kind":"road","id":"road-537631007-0","name":"Aliyu Makama Road","osmWay":537631007,"major":false,"bridge":false},"geometry":{"type":"LineString","coordinates":[[7.4339022,10.4767257],[7.4336826,10.4750373],[7.4344893,10.4717695]]}},{"type":"Feature","properties":{"kind":"road","id":"road-537653046-0","name":"Unnamed mapped tertiary","osmWay":537653046,"major":false,"bridge":false},"geometry":{"type":"LineString","coordinates":[[7.4339022,10.4767257],[7.4399618,10.4766617],[7.440137,10.4764376],[7.4400891,10.4750889]]}},{"type":"Feature","properties":{"kind":"road","id":"road-537653051-0","name":"Aliyu Makama Road","osmWay":537653051,"major":false,"bridge":false},"geometry":{"type":"LineString","coordinates":[[7.4330991,10.4856478],[7.4344211,10.4814362],[7.4343419,10.4798598],[7.4339022,10.4767257]]}},{"type":"Feature","properties":{"kind":"road","id":"road-538694194-0","name":"Mayere Road","osmWay":538694194,"major":false,"bridge":true},"geometry":{"type":"LineString","coordinates":[[7.4398416,10.4655391],[7.4397727,10.4655388]]}},{"type":"Feature","properties":{"kind":"road","id":"road-538694195-0","name":"Unnamed mapped tertiary","osmWay":538694195,"major":false,"bridge":false},"geometry":{"type":"LineString","coordinates":[[7.4389352,10.4655906],[7.4318815,10.4665347]]}},{"type":"Feature","properties":{"kind":"road","id":"road-542370276-0","name":"Unnamed mapped tertiary","osmWay":542370276,"major":false,"bridge":false},"geometry":{"type":"LineString","coordinates":[[7.4052845,10.5093335],[7.405231,10.5095083]]}},{"type":"Feature","properties":{"kind":"road","id":"road-542370277-0","name":"Unnamed mapped tertiary","osmWay":542370277,"major":false,"bridge":false},"geometry":{"type":"LineString","coordinates":[[7.405231,10.5095083],[7.4052386,10.5095973]]}},{"type":"Feature","properties":{"kind":"road","id":"road-542370278-0","name":"Unnamed mapped tertiary","osmWay":542370278,"major":false,"bridge":false},"geometry":{"type":"LineString","coordinates":[[7.4051633,10.5094286],[7.405231,10.5095083]]}},{"type":"Feature","properties":{"kind":"road","id":"road-542370279-0","name":"Unnamed mapped tertiary","osmWay":542370279,"major":false,"bridge":false},"geometry":{"type":"LineString","coordinates":[[7.404963,10.509393],[7.4051633,10.5094286]]}},{"type":"Feature","properties":{"kind":"road","id":"road-542370280-0","name":"Unnamed mapped tertiary","osmWay":542370280,"major":false,"bridge":false},"geometry":{"type":"LineString","coordinates":[[7.4051633,10.5094286],[7.4052845,10.5093335]]}},{"type":"Feature","properties":{"kind":"road","id":"road-542370284-0","name":"Unnamed mapped tertiary","osmWay":542370284,"major":false,"bridge":false},"geometry":{"type":"LineString","coordinates":[[7.4052386,10.5095973],[7.4049388,10.5094943]]}},{"type":"Feature","properties":{"kind":"road","id":"road-542370287-0","name":"Unnamed mapped tertiary","osmWay":542370287,"major":false,"bridge":false},"geometry":{"type":"LineString","coordinates":[[7.410686,10.5040329],[7.4111547,10.5041751]]}},{"type":"Feature","properties":{"kind":"road","id":"road-542370288-0","name":"Unnamed mapped tertiary","osmWay":542370288,"major":false,"bridge":true},"geometry":{"type":"LineString","coordinates":[[7.4105182,10.5039766],[7.410686,10.5040329]]}},{"type":"Feature","properties":{"kind":"road","id":"road-542370308-0","name":"Dutsin-Ma Road","osmWay":542370308,"major":false,"bridge":false},"geometry":{"type":"LineString","coordinates":[[7.40475,10.5096955],[7.4048075,10.5094504]]}},{"type":"Feature","properties":{"kind":"road","id":"road-542370312-0","name":"Dutsin-Ma Road","osmWay":542370312,"major":false,"bridge":false},"geometry":{"type":"LineString","coordinates":[[7.4049249,10.5095028],[7.40475,10.5096955]]}},{"type":"Feature","properties":{"kind":"road","id":"road-542383048-0","name":"Bashama Road","osmWay":542383048,"major":false,"bridge":false},"geometry":{"type":"LineString","coordinates":[[7.4222704,10.5052872],[7.4229658,10.5053066]]}},{"type":"Feature","properties":{"kind":"road","id":"road-542383049-0","name":"Bashama Road","osmWay":542383049,"major":false,"bridge":false},"geometry":{"type":"LineString","coordinates":[[7.4244933,10.5055211],[7.4251262,10.5055697]]}},{"type":"Feature","properties":{"kind":"road","id":"road-542383050-0","name":"Bashama Road","osmWay":542383050,"major":false,"bridge":false},"geometry":{"type":"LineString","coordinates":[[7.4229658,10.5053066],[7.423743,10.5051932],[7.4244933,10.5055211]]}},{"type":"Feature","properties":{"kind":"road","id":"road-543021018-0","name":"Unnamed mapped tertiary","osmWay":543021018,"major":false,"bridge":false},"geometry":{"type":"LineString","coordinates":[[7.3981038,10.5139276],[7.398203,10.5139415]]}},{"type":"Feature","properties":{"kind":"road","id":"road-543025111-0","name":"Unnamed mapped tertiary","osmWay":543025111,"major":false,"bridge":false},"geometry":{"type":"LineString","coordinates":[[7.398203,10.5139415],[7.4042652,10.5144509]]}},{"type":"Feature","properties":{"kind":"road","id":"road-543042915-0","name":"Unnamed mapped tertiary","osmWay":543042915,"major":false,"bridge":false},"geometry":{"type":"LineString","coordinates":[[7.4090963,10.5106446],[7.4089662,10.5106562]]}},{"type":"Feature","properties":{"kind":"road","id":"road-543042916-0","name":"Unnamed mapped tertiary","osmWay":543042916,"major":false,"bridge":false},"geometry":{"type":"LineString","coordinates":[[7.4089662,10.5106562],[7.4068545,10.5106298],[7.4060431,10.5111001]]}},{"type":"Feature","properties":{"kind":"road","id":"road-543042944-0","name":"Unnamed mapped tertiary","osmWay":543042944,"major":false,"bridge":false},"geometry":{"type":"LineString","coordinates":[[7.4197438,10.5122385],[7.4223228,10.5147425],[7.4228862,10.5159335]]}},{"type":"Feature","properties":{"kind":"road","id":"road-543042960-0","name":"Unnamed mapped tertiary","osmWay":543042960,"major":false,"bridge":false},"geometry":{"type":"LineString","coordinates":[[7.4073866,10.5183595],[7.4076403,10.5183992]]}},{"type":"Feature","properties":{"kind":"road","id":"road-543042965-0","name":"Unnamed mapped tertiary","osmWay":543042965,"major":false,"bridge":false},"geometry":{"type":"LineString","coordinates":[[7.4076403,10.5183992],[7.4079914,10.5185414]]}},{"type":"Feature","properties":{"kind":"road","id":"road-543042967-0","name":"Unnamed mapped tertiary","osmWay":543042967,"major":false,"bridge":false},"geometry":{"type":"LineString","coordinates":[[7.4079668,10.518613],[7.4076195,10.51849]]}},{"type":"Feature","properties":{"kind":"road","id":"road-543042971-0","name":"Unnamed mapped tertiary","osmWay":543042971,"major":false,"bridge":false},"geometry":{"type":"LineString","coordinates":[[7.4076195,10.51849],[7.4073866,10.5183595]]}},{"type":"Feature","properties":{"kind":"road","id":"road-543056513-0","name":"Dutsinma Street","osmWay":543056513,"major":false,"bridge":false},"geometry":{"type":"LineString","coordinates":[[7.4130017,10.5163555],[7.4141286,10.5162206],[7.4155904,10.5156312],[7.4164125,10.5144656],[7.4198989,10.5167551],[7.4207376,10.5170513],[7.4213116,10.5169419],[7.4225602,10.5161033],[7.4242419,10.5153833],[7.4303829,10.5158537]]}},{"type":"Feature","properties":{"kind":"road","id":"road-543229763-0","name":"Unnamed mapped trunk_link","osmWay":543229763,"major":false,"bridge":false},"geometry":{"type":"LineString","coordinates":[[7.4112169,10.5454936],[7.4112894,10.5454743]]}},{"type":"Feature","properties":{"kind":"road","id":"road-543229764-0","name":"Unnamed mapped trunk_link","osmWay":543229764,"major":false,"bridge":false},"geometry":{"type":"LineString","coordinates":[[7.4170162,10.5665723],[7.4169373,10.5665914]]}},{"type":"Feature","properties":{"kind":"road","id":"road-543229769-0","name":"Unnamed mapped tertiary","osmWay":543229769,"major":false,"bridge":false},"geometry":{"type":"LineString","coordinates":[[7.4211951,10.5316791],[7.4210678,10.5314427],[7.4212799,10.531331],[7.4214183,10.5315324],[7.4211951,10.5316791]]}},{"type":"Feature","properties":{"kind":"road","id":"road-543229824-0","name":"Unnamed mapped tertiary","osmWay":543229824,"major":false,"bridge":true},"geometry":{"type":"LineString","coordinates":[[7.4228046,10.538021],[7.4227978,10.5380951]]}},{"type":"Feature","properties":{"kind":"road","id":"road-543229826-0","name":"Unnamed mapped tertiary","osmWay":543229826,"major":false,"bridge":false},"geometry":{"type":"LineString","coordinates":[[7.4235233,10.5350118],[7.4228046,10.538021]]}},{"type":"Feature","properties":{"kind":"road","id":"road-543229858-0","name":"Unnamed mapped tertiary","osmWay":543229858,"major":false,"bridge":true},"geometry":{"type":"LineString","coordinates":[[7.4092987,10.5565665],[7.4093817,10.5565173]]}},{"type":"Feature","properties":{"kind":"road","id":"road-543229860-0","name":"Unnamed mapped tertiary","osmWay":543229860,"major":false,"bridge":false},"geometry":{"type":"LineString","coordinates":[[7.4093817,10.5565173],[7.4113299,10.5553238],[7.4126209,10.5543434],[7.4135734,10.5538413]]}},{"type":"Feature","properties":{"kind":"road","id":"road-543229861-0","name":"Unnamed mapped tertiary","osmWay":543229861,"major":false,"bridge":true},"geometry":{"type":"LineString","coordinates":[[7.4145662,10.5692025],[7.4143325,10.5693614]]}},{"type":"Feature","properties":{"kind":"road","id":"road-543229862-0","name":"Unnamed mapped tertiary","osmWay":543229862,"major":false,"bridge":false},"geometry":{"type":"LineString","coordinates":[[7.4174345,10.5684273],[7.4145662,10.5692025]]}},{"type":"Feature","properties":{"kind":"road","id":"road-543426084-0","name":"Unnamed mapped tertiary","osmWay":543426084,"major":false,"bridge":false},"geometry":{"type":"LineString","coordinates":[[7.4099115,10.5408491],[7.4100705,10.5407854]]}},{"type":"Feature","properties":{"kind":"road","id":"road-543648817-0","name":"Broadcasting Road","osmWay":543648817,"major":false,"bridge":false},"geometry":{"type":"LineString","coordinates":[[7.4281596,10.519947],[7.4277945,10.5215738]]}},{"type":"Feature","properties":{"kind":"road","id":"road-543648821-0","name":"Gobarau Road","osmWay":543648821,"major":false,"bridge":false},"geometry":{"type":"LineString","coordinates":[[7.4592669,10.5134351],[7.4566698,10.519463]]}},{"type":"Feature","properties":{"kind":"road","id":"road-543807264-0","name":"Unnamed mapped tertiary","osmWay":543807264,"major":false,"bridge":false},"geometry":{"type":"LineString","coordinates":[[7.4378763,10.4995428],[7.4372511,10.4996287],[7.4367546,10.5002491],[7.4366511,10.5040901]]}},{"type":"Feature","properties":{"kind":"road","id":"road-543807287-0","name":"Aliyu Makama Road","osmWay":543807287,"major":false,"bridge":true},"geometry":{"type":"LineString","coordinates":[[7.4284972,10.489029],[7.4286019,10.4890053]]}},{"type":"Feature","properties":{"kind":"road","id":"road-543807288-0","name":"Aliyu Makama Road","osmWay":543807288,"major":false,"bridge":false},"geometry":{"type":"LineString","coordinates":[[7.4319341,10.4874254],[7.4327647,10.4863498],[7.4330991,10.4856478]]}},{"type":"Feature","properties":{"kind":"road","id":"road-543807296-0","name":"Unnamed mapped tertiary","osmWay":543807296,"major":false,"bridge":false},"geometry":{"type":"LineString","coordinates":[[7.4698123,10.5330833],[7.4696758,10.5300127],[7.4687129,10.5271699]]}},{"type":"Feature","properties":{"kind":"road","id":"road-543807301-0","name":"Gamji Gate Road","osmWay":543807301,"major":true,"bridge":false},"geometry":{"type":"LineString","coordinates":[[7.449879,10.5066947],[7.4429313,10.5054533]]}},{"type":"Feature","properties":{"kind":"road","id":"road-543807302-0","name":"Unnamed mapped primary","osmWay":543807302,"major":true,"bridge":false},"geometry":{"type":"LineString","coordinates":[[7.4426541,10.5053195],[7.4429477,10.5053759]]}},{"type":"Feature","properties":{"kind":"road","id":"road-543807303-0","name":"Unnamed mapped primary_link","osmWay":543807303,"major":false,"bridge":false},"geometry":{"type":"LineString","coordinates":[[7.428279,10.5021883],[7.4283054,10.5021079]]}},{"type":"Feature","properties":{"kind":"road","id":"road-543819586-0","name":"Waff Road","osmWay":543819586,"major":false,"bridge":false},"geometry":{"type":"LineString","coordinates":[[7.4382024,10.5298608],[7.4380804,10.5298331]]}},{"type":"Feature","properties":{"kind":"road","id":"road-543847723-0","name":"Unnamed mapped primary_link","osmWay":543847723,"major":false,"bridge":false},"geometry":{"type":"LineString","coordinates":[[7.4541773,10.5114752],[7.4540892,10.5112489]]}},{"type":"Feature","properties":{"kind":"road","id":"road-544440439-0","name":"Nasir El-Rufai Road","osmWay":544440439,"major":false,"bridge":false},"geometry":{"type":"LineString","coordinates":[[7.4698551,10.552484],[7.4684112,10.5519178],[7.4662203,10.5503856]]}},{"type":"Feature","properties":{"kind":"road","id":"road-544440440-0","name":"Unnamed mapped primary","osmWay":544440440,"major":true,"bridge":false},"geometry":{"type":"LineString","coordinates":[[7.4660869,10.5473964],[7.466224,10.5500892],[7.4661244,10.5502175]]}},{"type":"Feature","properties":{"kind":"road","id":"road-544440486-0","name":"Unnamed mapped tertiary","osmWay":544440486,"major":false,"bridge":false},"geometry":{"type":"LineString","coordinates":[[7.4222807,10.5407729],[7.4222579,10.5412672],[7.4250573,10.5413979],[7.4256276,10.5428544],[7.4258868,10.5440327],[7.4260941,10.5471923]]}},{"type":"Feature","properties":{"kind":"road","id":"road-544440503-0","name":"Bank Road","osmWay":544440503,"major":false,"bridge":false},"geometry":{"type":"LineString","coordinates":[[7.4271111,10.5338356],[7.4271972,10.5331241]]}},{"type":"Feature","properties":{"kind":"road","id":"road-544440504-0","name":"Unnamed mapped tertiary","osmWay":544440504,"major":false,"bridge":false},"geometry":{"type":"LineString","coordinates":[[7.4271972,10.5331241],[7.4271928,10.5338166]]}},{"type":"Feature","properties":{"kind":"road","id":"road-544440508-0","name":"Tafawa Balewa Way","osmWay":544440508,"major":false,"bridge":false},"geometry":{"type":"LineString","coordinates":[[7.4461369,10.5321055],[7.4460074,10.5325073]]}},{"type":"Feature","properties":{"kind":"road","id":"road-544440512-0","name":"Isa Kaita Road","osmWay":544440512,"major":false,"bridge":false},"geometry":{"type":"LineString","coordinates":[[7.4529989,10.5479146],[7.4511654,10.547782],[7.4404441,10.5422815]]}},{"type":"Feature","properties":{"kind":"road","id":"road-544452277-0","name":"Unnamed mapped secondary","osmWay":544452277,"major":false,"bridge":false},"geometry":{"type":"LineString","coordinates":[[7.4357671,10.5426629],[7.4357882,10.5430507]]}},{"type":"Feature","properties":{"kind":"road","id":"road-544459171-0","name":"Shagari Road","osmWay":544459171,"major":false,"bridge":false},"geometry":{"type":"LineString","coordinates":[[7.4633509,10.5635179],[7.4623019,10.5640105],[7.4604088,10.5638843],[7.4598737,10.5636681],[7.4595518,10.5637359],[7.4591855,10.5636171],[7.4582554,10.5627403],[7.4561267,10.5617728],[7.4524902,10.5615426]]}},{"type":"Feature","properties":{"kind":"road","id":"road-544459205-0","name":"Unnamed mapped tertiary","osmWay":544459205,"major":false,"bridge":false},"geometry":{"type":"LineString","coordinates":[[7.4422685,10.5463334],[7.4450156,10.547915],[7.4454555,10.5476579],[7.4456453,10.5468628]]}},{"type":"Feature","properties":{"kind":"road","id":"road-544466110-0","name":"Unnamed mapped tertiary","osmWay":544466110,"major":false,"bridge":false},"geometry":{"type":"LineString","coordinates":[[7.4688537,10.5733801],[7.4693378,10.5718622]]}},{"type":"Feature","properties":{"kind":"road","id":"road-544479669-0","name":"Unnamed mapped tertiary","osmWay":544479669,"major":false,"bridge":false},"geometry":{"type":"LineString","coordinates":[[7.4529762,10.5592316],[7.4534729,10.5576727]]}},{"type":"Feature","properties":{"kind":"road","id":"road-544488375-0","name":"Coronation Crescent","osmWay":544488375,"major":false,"bridge":false},"geometry":{"type":"LineString","coordinates":[[7.4359859,10.5409107],[7.4355702,10.5407676],[7.4349385,10.5402152],[7.4347562,10.5398052],[7.4347562,10.5391393],[7.4351813,10.5381887],[7.4368718,10.5362543]]}},{"type":"Feature","properties":{"kind":"road","id":"road-545422056-0","name":"Sarduna College Road","osmWay":545422056,"major":false,"bridge":false},"geometry":{"type":"LineString","coordinates":[[7.4623849,10.5743087],[7.4640753,10.575391]]}},{"type":"Feature","properties":{"kind":"road","id":"road-545975808-0","name":"Unnamed mapped tertiary","osmWay":545975808,"major":false,"bridge":true},"geometry":{"type":"LineString","coordinates":[[7.4490222,10.5749142],[7.4490473,10.5748324]]}},{"type":"Feature","properties":{"kind":"road","id":"road-545994520-0","name":"Isa Kaita Road","osmWay":545994520,"major":true,"bridge":false},"geometry":{"type":"LineString","coordinates":[[7.4660869,10.5473132],[7.4674731,10.5471651],[7.4681264,10.5467378],[7.471701,10.5412038],[7.471956,10.5403875],[7.4719446,10.5394435]]}},{"type":"Feature","properties":{"kind":"road","id":"road-545994521-0","name":"Isa Kaita Road","osmWay":545994521,"major":true,"bridge":false},"geometry":{"type":"LineString","coordinates":[[7.4720813,10.5394567],[7.4720035,10.5406064],[7.4717806,10.5412423],[7.4682283,10.5467579],[7.4675034,10.5472547],[7.4660869,10.5473964]]}},{"type":"Feature","properties":{"kind":"road","id":"road-545994522-0","name":"Isa Kaita Road","osmWay":545994522,"major":false,"bridge":false},"geometry":{"type":"LineString","coordinates":[[7.4716713,10.539107],[7.4720082,10.5392534]]}},{"type":"Feature","properties":{"kind":"road","id":"road-545994523-0","name":"Isa Kaita Road","osmWay":545994523,"major":false,"bridge":false},"geometry":{"type":"LineString","coordinates":[[7.4719157,10.5393999],[7.4716713,10.539107]]}},{"type":"Feature","properties":{"kind":"road","id":"road-546224807-0","name":"Unnamed mapped tertiary","osmWay":546224807,"major":false,"bridge":false},"geometry":{"type":"LineString","coordinates":[[7.4752504,10.5544438],[7.4745258,10.5564182],[7.4743107,10.5574129]]}},{"type":"Feature","properties":{"kind":"road","id":"road-546229614-0","name":"Unnamed mapped secondary","osmWay":546229614,"major":false,"bridge":false},"geometry":{"type":"LineString","coordinates":[[7.4809517,10.5559773],[7.4788752,10.5556454]]}},{"type":"Feature","properties":{"kind":"road","id":"road-558680884-0","name":"Unnamed mapped tertiary","osmWay":558680884,"major":false,"bridge":false},"geometry":{"type":"LineString","coordinates":[[7.4058232,10.5341627],[7.4057997,10.5341791]]}},{"type":"Feature","properties":{"kind":"road","id":"road-558845391-0","name":"Unnamed mapped primary_link","osmWay":558845391,"major":false,"bridge":false},"geometry":{"type":"LineString","coordinates":[[7.4234677,10.4481761],[7.4235694,10.4481823]]}},{"type":"Feature","properties":{"kind":"road","id":"road-558870808-0","name":"Unnamed mapped tertiary","osmWay":558870808,"major":false,"bridge":true},"geometry":{"type":"LineString","coordinates":[[7.4189254,10.5068662],[7.4188016,10.5069647]]}},{"type":"Feature","properties":{"kind":"road","id":"road-558870809-0","name":"Unnamed mapped tertiary","osmWay":558870809,"major":false,"bridge":false},"geometry":{"type":"LineString","coordinates":[[7.4220938,10.5053067],[7.420262,10.5058179],[7.4190468,10.5067435]]}},{"type":"Feature","properties":{"kind":"road","id":"road-559314041-0","name":"Unnamed mapped tertiary","osmWay":559314041,"major":false,"bridge":true},"geometry":{"type":"LineString","coordinates":[[7.4331726,10.5790705],[7.4331378,10.5791052]]}},{"type":"Feature","properties":{"kind":"road","id":"road-559314044-0","name":"Unnamed mapped tertiary","osmWay":559314044,"major":false,"bridge":false},"geometry":{"type":"LineString","coordinates":[[7.4331378,10.5791052],[7.4326962,10.5803892],[7.4303714,10.5831925]]}},{"type":"Feature","properties":{"kind":"road","id":"road-559314061-0","name":"Unnamed mapped trunk_link","osmWay":559314061,"major":false,"bridge":false},"geometry":{"type":"LineString","coordinates":[[7.4262958,10.580271],[7.4263389,10.5802103]]}},{"type":"Feature","properties":{"kind":"road","id":"road-559314064-0","name":"Unnamed mapped trunk_link","osmWay":559314064,"major":false,"bridge":false},"geometry":{"type":"LineString","coordinates":[[7.4225247,10.5774806],[7.4225663,10.5774246]]}},{"type":"Feature","properties":{"kind":"road","id":"road-559320765-0","name":"Unnamed mapped secondary","osmWay":559320765,"major":false,"bridge":false},"geometry":{"type":"LineString","coordinates":[[7.4361392,10.5409361],[7.4360342,10.5411078]]}},{"type":"Feature","properties":{"kind":"road","id":"road-559320766-0","name":"Unnamed mapped secondary","osmWay":559320766,"major":false,"bridge":false},"geometry":{"type":"LineString","coordinates":[[7.4360342,10.5411078],[7.4357671,10.5426629]]}},{"type":"Feature","properties":{"kind":"road","id":"road-559322375-0","name":"Constitution Road","osmWay":559322375,"major":true,"bridge":true},"geometry":{"type":"LineString","coordinates":[[7.4351411,10.5038165],[7.4352738,10.5038389]]}},{"type":"Feature","properties":{"kind":"road","id":"road-559322376-0","name":"Constitution Road","osmWay":559322376,"major":true,"bridge":false},"geometry":{"type":"LineString","coordinates":[[7.4352738,10.5038389],[7.4402711,10.5049581],[7.4424873,10.5052766]]}},{"type":"Feature","properties":{"kind":"road","id":"road-559322377-0","name":"Constitution Road","osmWay":559322377,"major":true,"bridge":true},"geometry":{"type":"LineString","coordinates":[[7.4352778,10.5039141],[7.4351263,10.5038904]]}},{"type":"Feature","properties":{"kind":"road","id":"road-559322378-0","name":"Constitution Road","osmWay":559322378,"major":true,"bridge":false},"geometry":{"type":"LineString","coordinates":[[7.442448,10.5054293],[7.4352778,10.5039141]]}},{"type":"Feature","properties":{"kind":"road","id":"road-559346511-0","name":"Unnamed mapped trunk_link","osmWay":559346511,"major":false,"bridge":false},"geometry":{"type":"LineString","coordinates":[[7.4484572,10.5901309],[7.4486137,10.5900836]]}},{"type":"Feature","properties":{"kind":"road","id":"road-559585368-0","name":"Unnamed mapped trunk_link","osmWay":559585368,"major":false,"bridge":false},"geometry":{"type":"LineString","coordinates":[[7.4194964,10.5744607],[7.4194323,10.5744976]]}},{"type":"Feature","properties":{"kind":"road","id":"road-594046604-0","name":"Unnamed mapped trunk_link","osmWay":594046604,"major":false,"bridge":false},"geometry":{"type":"LineString","coordinates":[[7.3978529,10.5112309],[7.3975514,10.5109449]]}},{"type":"Feature","properties":{"kind":"road","id":"road-796557639-0","name":"Unnamed mapped secondary","osmWay":796557639,"major":false,"bridge":false},"geometry":{"type":"LineString","coordinates":[[7.3963617,10.5240437],[7.3971891,10.5236231],[7.399042,10.5232545]]}},{"type":"Feature","properties":{"kind":"road","id":"road-796557640-0","name":"Unnamed mapped secondary","osmWay":796557640,"major":false,"bridge":true},"geometry":{"type":"LineString","coordinates":[[7.3962707,10.524091],[7.3963617,10.5240437]]}},{"type":"Feature","properties":{"kind":"road","id":"road-870681323-0","name":"Unnamed mapped tertiary_link","osmWay":870681323,"major":false,"bridge":false},"geometry":{"type":"LineString","coordinates":[[7.4273501,10.5338696],[7.4271635,10.5340553]]}},{"type":"Feature","properties":{"kind":"road","id":"road-870681324-0","name":"Unnamed mapped tertiary_link","osmWay":870681324,"major":false,"bridge":false},"geometry":{"type":"LineString","coordinates":[[7.4270764,10.5341686],[7.4268769,10.5339953]]}},{"type":"Feature","properties":{"kind":"road","id":"road-870681325-0","name":"Unnamed mapped tertiary_link","osmWay":870681325,"major":false,"bridge":false},"geometry":{"type":"LineString","coordinates":[[7.4271986,10.5336332],[7.4273571,10.5337734]]}},{"type":"Feature","properties":{"kind":"road","id":"road-870681326-0","name":"Unnamed mapped tertiary_link","osmWay":870681326,"major":false,"bridge":false},"geometry":{"type":"LineString","coordinates":[[7.4268834,10.5338979],[7.4271226,10.5336598]]}},{"type":"Feature","properties":{"kind":"road","id":"road-990258673-0","name":"Unnamed mapped tertiary_link","osmWay":990258673,"major":false,"bridge":false},"geometry":{"type":"LineString","coordinates":[[7.4532767,10.5682509],[7.45324,10.5683234]]}},{"type":"Feature","properties":{"kind":"road","id":"road-990258676-0","name":"Sarduna College Road","osmWay":990258676,"major":false,"bridge":false},"geometry":{"type":"LineString","coordinates":[[7.4622563,10.5743059],[7.4594932,10.5725924],[7.4522287,10.56764],[7.4439733,10.5616862],[7.4436498,10.5616893]]}},{"type":"Feature","properties":{"kind":"road","id":"road-990258677-0","name":"Sarduna College Road","osmWay":990258677,"major":false,"bridge":true},"geometry":{"type":"LineString","coordinates":[[7.4623485,10.5743626],[7.4622563,10.5743059]]}},{"type":"Feature","properties":{"kind":"road","id":"road-990258678-0","name":"Sarduna College Road","osmWay":990258678,"major":false,"bridge":false},"geometry":{"type":"LineString","coordinates":[[7.4640404,10.5754819],[7.4623485,10.5743626]]}},{"type":"Feature","properties":{"kind":"road","id":"road-990258680-0","name":"Sarduna College Road","osmWay":990258680,"major":false,"bridge":false},"geometry":{"type":"LineString","coordinates":[[7.467828,10.5771517],[7.4640404,10.5754819]]}},{"type":"Feature","properties":{"kind":"road","id":"road-990258681-0","name":"Sarduna College Road","osmWay":990258681,"major":false,"bridge":false},"geometry":{"type":"LineString","coordinates":[[7.4640753,10.575391],[7.467831,10.5770479]]}},{"type":"Feature","properties":{"kind":"road","id":"road-990258688-0","name":"Unnamed mapped tertiary","osmWay":990258688,"major":false,"bridge":false},"geometry":{"type":"LineString","coordinates":[[7.4693378,10.5718622],[7.4694908,10.5708682],[7.4709325,10.5682843],[7.4712503,10.5679006],[7.4734827,10.5664287]]}},{"type":"Feature","properties":{"kind":"road","id":"road-1041419579-0","name":"Unnamed mapped tertiary","osmWay":1041419579,"major":false,"bridge":false},"geometry":{"type":"LineString","coordinates":[[7.4336862,10.4963344],[7.4339478,10.4968342],[7.4341875,10.4970062],[7.435764,10.4973453]]}},{"type":"Feature","properties":{"kind":"road","id":"road-1041430850-0","name":"Isa Kaita Road","osmWay":1041430850,"major":false,"bridge":false},"geometry":{"type":"LineString","coordinates":[[7.4659961,10.5474022],[7.4595575,10.5477832]]}},{"type":"Feature","properties":{"kind":"road","id":"road-1063152557-0","name":"Tafawa Balewa Way","osmWay":1063152557,"major":false,"bridge":false},"geometry":{"type":"LineString","coordinates":[[7.4474274,10.5285326],[7.4468971,10.5301026]]}},{"type":"Feature","properties":{"kind":"road","id":"road-1111989387-0","name":"A2","osmWay":1111989387,"major":true,"bridge":false},"geometry":{"type":"LineString","coordinates":[[7.4473072,10.5870888],[7.4466728,10.58529]]}},{"type":"Feature","properties":{"kind":"road","id":"road-1111989388-0","name":"Unnamed mapped primary_link","osmWay":1111989388,"major":false,"bridge":false},"geometry":{"type":"LineString","coordinates":[[7.4462373,10.583993],[7.4453549,10.5812842]]}},{"type":"Feature","properties":{"kind":"road","id":"road-1111989389-0","name":"Unnamed mapped primary_link","osmWay":1111989389,"major":false,"bridge":false},"geometry":{"type":"LineString","coordinates":[[7.445494,10.5812506],[7.446533,10.583905]]}},{"type":"Feature","properties":{"kind":"road","id":"road-1111989390-0","name":"A2","osmWay":1111989390,"major":true,"bridge":false},"geometry":{"type":"LineString","coordinates":[[7.4484341,10.5900733],[7.4474715,10.5874531]]}},{"type":"Feature","properties":{"kind":"road","id":"road-1111989391-0","name":"A2","osmWay":1111989391,"major":true,"bridge":false},"geometry":{"type":"LineString","coordinates":[[7.4477215,10.587354],[7.4485939,10.5900283]]}},{"type":"Feature","properties":{"kind":"road","id":"road-1111989392-0","name":"Unnamed mapped trunk_link","osmWay":1111989392,"major":false,"bridge":false},"geometry":{"type":"LineString","coordinates":[[7.4468245,10.5856727],[7.446359,10.5853034]]}},{"type":"Feature","properties":{"kind":"road","id":"road-1111989393-0","name":"Unnamed mapped secondary","osmWay":1111989393,"major":false,"bridge":false},"geometry":{"type":"LineString","coordinates":[[7.4465699,10.5849424],[7.4463605,10.5843831]]}},{"type":"Feature","properties":{"kind":"road","id":"road-1111989394-0","name":"Unnamed mapped secondary","osmWay":1111989394,"major":false,"bridge":false},"geometry":{"type":"LineString","coordinates":[[7.4466527,10.5842941],[7.4468613,10.5848448]]}},{"type":"Feature","properties":{"kind":"road","id":"road-1111989395-0","name":"A2","osmWay":1111989395,"major":true,"bridge":false},"geometry":{"type":"LineString","coordinates":[[7.4473072,10.5870888],[7.4476461,10.587006],[7.4477317,10.5873385],[7.447384,10.5874182],[7.4473072,10.5870888]]}},{"type":"Feature","properties":{"kind":"road","id":"road-1111989396-0","name":"A2","osmWay":1111989396,"major":true,"bridge":false},"geometry":{"type":"LineString","coordinates":[[7.4465699,10.5849424],[7.4468613,10.5848448]]}},{"type":"Feature","properties":{"kind":"road","id":"road-1111989397-0","name":"A2","osmWay":1111989397,"major":true,"bridge":false},"geometry":{"type":"LineString","coordinates":[[7.4469964,10.585179],[7.4476461,10.587006]]}},{"type":"Feature","properties":{"kind":"road","id":"road-1111989398-0","name":"Unnamed mapped secondary","osmWay":1111989398,"major":false,"bridge":false},"geometry":{"type":"LineString","coordinates":[[7.4463605,10.5843831],[7.4462084,10.5842446],[7.4462373,10.583993]]}},{"type":"Feature","properties":{"kind":"road","id":"road-1118221477-0","name":"Unnamed mapped primary_link","osmWay":1118221477,"major":false,"bridge":false},"geometry":{"type":"LineString","coordinates":[[7.4459924,10.5059899],[7.4460079,10.505922]]}},{"type":"Feature","properties":{"kind":"road","id":"road-1118221478-0","name":"Unnamed mapped primary_link","osmWay":1118221478,"major":false,"bridge":false},"geometry":{"type":"LineString","coordinates":[[7.4589351,10.5132981],[7.4589691,10.5132154]]}},{"type":"Feature","properties":{"kind":"road","id":"road-1118221479-0","name":"Unnamed mapped primary_link","osmWay":1118221479,"major":false,"bridge":false},"geometry":{"type":"LineString","coordinates":[[7.4544882,10.5114115],[7.4542522,10.5114989]]}},{"type":"Feature","properties":{"kind":"road","id":"road-1118221480-0","name":"Camp Road","osmWay":1118221480,"major":true,"bridge":false},"geometry":{"type":"LineString","coordinates":[[7.4542794,10.5112366],[7.4593038,10.5133503]]}},{"type":"Feature","properties":{"kind":"road","id":"road-1118221481-0","name":"Ribadu Road","osmWay":1118221481,"major":true,"bridge":false},"geometry":{"type":"LineString","coordinates":[[7.4429477,10.5053759],[7.449976,10.5066513],[7.4496645,10.508977],[7.4497336,10.5092572],[7.4542794,10.5112366]]}},{"type":"Feature","properties":{"kind":"road","id":"road-1118221482-0","name":"Tafawa Balewa Way","osmWay":1118221482,"major":false,"bridge":false},"geometry":{"type":"LineString","coordinates":[[7.4543495,10.5112595],[7.4502906,10.5206136],[7.4474274,10.5285326]]}},{"type":"Feature","properties":{"kind":"road","id":"road-1123448255-0","name":"Unnamed mapped primary","osmWay":1123448255,"major":true,"bridge":false},"geometry":{"type":"LineString","coordinates":[[7.4470052,10.5538989],[7.446112,10.554094],[7.4450496,10.5540443]]}},{"type":"Feature","properties":{"kind":"road","id":"road-1216789088-0","name":"Unnamed mapped tertiary_link","osmWay":1216789088,"major":false,"bridge":false},"geometry":{"type":"LineString","coordinates":[[7.4354112,10.5295591],[7.435412,10.5294714]]}},{"type":"Feature","properties":{"kind":"road","id":"road-1216789089-0","name":"Unnamed mapped tertiary_link","osmWay":1216789089,"major":false,"bridge":false},"geometry":{"type":"LineString","coordinates":[[7.4517198,10.5342305],[7.451876,10.5344534]]}},{"type":"Feature","properties":{"kind":"road","id":"road-1216789092-0","name":"Unnamed mapped tertiary_link","osmWay":1216789092,"major":false,"bridge":false},"geometry":{"type":"LineString","coordinates":[[7.4518338,10.5345312],[7.4515789,10.5346439]]}},{"type":"Feature","properties":{"kind":"road","id":"road-1216789093-0","name":"Sultan Road","osmWay":1216789093,"major":false,"bridge":false},"geometry":{"type":"LineString","coordinates":[[7.4516346,10.5344732],[7.4515408,10.5348027]]}},{"type":"Feature","properties":{"kind":"road","id":"road-1216789094-0","name":"Surame Road","osmWay":1216789094,"major":false,"bridge":false},"geometry":{"type":"LineString","coordinates":[[7.4517889,10.534054],[7.4516682,10.5343783]]}},{"type":"Feature","properties":{"kind":"road","id":"road-1216789095-0","name":"Unnamed mapped tertiary","osmWay":1216789095,"major":false,"bridge":false},"geometry":{"type":"LineString","coordinates":[[7.4516682,10.5343783],[7.4516346,10.5344732]]}},{"type":"Feature","properties":{"kind":"road","id":"road-1216789096-0","name":"Sultan Road","osmWay":1216789096,"major":false,"bridge":false},"geometry":{"type":"LineString","coordinates":[[7.4514519,10.5347811],[7.4515528,10.5344468]]}},{"type":"Feature","properties":{"kind":"road","id":"road-1216789097-0","name":"Surame Road","osmWay":1216789097,"major":false,"bridge":false},"geometry":{"type":"LineString","coordinates":[[7.4515843,10.5343505],[7.4516892,10.5340191]]}},{"type":"Feature","properties":{"kind":"road","id":"road-1216789098-0","name":"Unnamed mapped tertiary_link","osmWay":1216789098,"major":false,"bridge":false},"geometry":{"type":"LineString","coordinates":[[7.451355,10.5342728],[7.4516313,10.5342055]]}},{"type":"Feature","properties":{"kind":"road","id":"road-1216789099-0","name":"Unnamed mapped tertiary_link","osmWay":1216789099,"major":false,"bridge":false},"geometry":{"type":"LineString","coordinates":[[7.4514972,10.5346037],[7.451349,10.5343736]]}},{"type":"Feature","properties":{"kind":"road","id":"road-1216789100-0","name":"Unnamed mapped tertiary","osmWay":1216789100,"major":false,"bridge":false},"geometry":{"type":"LineString","coordinates":[[7.4515528,10.5344468],[7.4515843,10.5343505]]}},{"type":"Feature","properties":{"kind":"road","id":"road-1216789101-0","name":"Unnamed mapped secondary_link","osmWay":1216789101,"major":false,"bridge":false},"geometry":{"type":"LineString","coordinates":[[7.445855,10.5326653],[7.4457271,10.5324176]]}},{"type":"Feature","properties":{"kind":"road","id":"road-1216789102-0","name":"Unnamed mapped secondary_link","osmWay":1216789102,"major":false,"bridge":false},"geometry":{"type":"LineString","coordinates":[[7.4462065,10.5325693],[7.4459369,10.5326987]]}},{"type":"Feature","properties":{"kind":"road","id":"road-1216789103-0","name":"Unnamed mapped secondary_link","osmWay":1216789103,"major":false,"bridge":false},"geometry":{"type":"LineString","coordinates":[[7.4461019,10.5322251],[7.4462333,10.5324862]]}},{"type":"Feature","properties":{"kind":"road","id":"road-1216789104-0","name":"Unnamed mapped secondary_link","osmWay":1216789104,"major":false,"bridge":false},"geometry":{"type":"LineString","coordinates":[[7.4457546,10.5323122],[7.4460102,10.5322026]]}},{"type":"Feature","properties":{"kind":"road","id":"road-1216789105-0","name":"Waff Road","osmWay":1216789105,"major":false,"bridge":false},"geometry":{"type":"LineString","coordinates":[[7.4459464,10.5323838],[7.4460396,10.5324188]]}},{"type":"Feature","properties":{"kind":"road","id":"road-1216789106-0","name":"Waff Road","osmWay":1216789106,"major":false,"bridge":false},"geometry":{"type":"LineString","coordinates":[[7.4460074,10.5325073],[7.4459202,10.5324789]]}},{"type":"Feature","properties":{"kind":"road","id":"road-1216789107-0","name":"Unnamed mapped tertiary_link","osmWay":1216789107,"major":false,"bridge":false},"geometry":{"type":"LineString","coordinates":[[7.4489072,10.5334022],[7.4488669,10.5335024]]}},{"type":"Feature","properties":{"kind":"road","id":"road-1216789108-0","name":"Kashim Ibrahim Road","osmWay":1216789108,"major":false,"bridge":false},"geometry":{"type":"LineString","coordinates":[[7.4516346,10.5344732],[7.4460074,10.5325073]]}},{"type":"Feature","properties":{"kind":"road","id":"road-1216789109-0","name":"Kashim Ibrahim Road","osmWay":1216789109,"major":false,"bridge":false},"geometry":{"type":"LineString","coordinates":[[7.4460396,10.5324188],[7.4516682,10.5343783]]}},{"type":"Feature","properties":{"kind":"road","id":"road-1216789110-0","name":"Alkali Road","osmWay":1216789110,"major":false,"bridge":false},"geometry":{"type":"LineString","coordinates":[[7.4418682,10.536353],[7.4418841,10.5362532]]}},{"type":"Feature","properties":{"kind":"road","id":"road-1216789111-0","name":"Race Course Road","osmWay":1216789111,"major":false,"bridge":false},"geometry":{"type":"LineString","coordinates":[[7.4371623,10.5354583],[7.4418841,10.5362532],[7.4427478,10.5362769],[7.4433419,10.5361543],[7.4443048,10.5356519],[7.444919,10.5350059],[7.4459464,10.5323838]]}},{"type":"Feature","properties":{"kind":"road","id":"road-1216789112-0","name":"Race Course Road","osmWay":1216789112,"major":false,"bridge":false},"geometry":{"type":"LineString","coordinates":[[7.4460074,10.5325073],[7.4451578,10.5347962],[7.4443518,10.5357376],[7.4436155,10.5361595],[7.4427622,10.5363731],[7.4419525,10.5363639],[7.4371307,10.5356105]]}},{"type":"Feature","properties":{"kind":"road","id":"road-1216789113-0","name":"Yakubu Gowan Way","osmWay":1216789113,"major":false,"bridge":false},"geometry":{"type":"LineString","coordinates":[[7.4410379,10.5307116],[7.4410072,10.5308092]]}},{"type":"Feature","properties":{"kind":"road","id":"road-1216789114-0","name":"Yakubu Gowan Way","osmWay":1216789114,"major":false,"bridge":false},"geometry":{"type":"LineString","coordinates":[[7.4409177,10.5307795],[7.4409546,10.5306844]]}},{"type":"Feature","properties":{"kind":"road","id":"road-1216789115-0","name":"Yakubu Gowan Way","osmWay":1216789115,"major":false,"bridge":false},"geometry":{"type":"LineString","coordinates":[[7.4409546,10.5306844],[7.4428759,10.5253754],[7.4428779,10.5248737],[7.4425379,10.5244234],[7.438695,10.5230943],[7.4373735,10.5227923],[7.4296003,10.522086]]}},{"type":"Feature","properties":{"kind":"road","id":"road-1216789116-0","name":"Unnamed mapped secondary_link","osmWay":1216789116,"major":false,"bridge":false},"geometry":{"type":"LineString","coordinates":[[7.4382336,10.529642],[7.4383818,10.5297952]]}},{"type":"Feature","properties":{"kind":"road","id":"road-1216789117-0","name":"Unnamed mapped secondary_link","osmWay":1216789117,"major":false,"bridge":false},"geometry":{"type":"LineString","coordinates":[[7.4379479,10.5296832],[7.4381293,10.5296156]]}},{"type":"Feature","properties":{"kind":"road","id":"road-1216789118-0","name":"Waff Road","osmWay":1216789118,"major":false,"bridge":false},"geometry":{"type":"LineString","coordinates":[[7.4379479,10.5296832],[7.4380984,10.529715]]}},{"type":"Feature","properties":{"kind":"road","id":"road-1216789119-0","name":"Waff Road","osmWay":1216789119,"major":false,"bridge":false},"geometry":{"type":"LineString","coordinates":[[7.4382173,10.5297416],[7.4459464,10.5323838]]}},{"type":"Feature","properties":{"kind":"road","id":"road-1216789120-0","name":"Waff Road","osmWay":1216789120,"major":false,"bridge":false},"geometry":{"type":"LineString","coordinates":[[7.4380984,10.529715],[7.4382173,10.5297416]]}},{"type":"Feature","properties":{"kind":"road","id":"road-1216789121-0","name":"Unnamed mapped secondary_link","osmWay":1216789121,"major":false,"bridge":false},"geometry":{"type":"LineString","coordinates":[[7.4383796,10.5298931],[7.4381748,10.5299944]]}},{"type":"Feature","properties":{"kind":"road","id":"road-1216789122-0","name":"Waff Road","osmWay":1216789122,"major":false,"bridge":false},"geometry":{"type":"LineString","coordinates":[[7.4295644,10.5302979],[7.435412,10.5294714],[7.436613,10.5294675],[7.4379479,10.5296832]]}},{"type":"Feature","properties":{"kind":"road","id":"road-1216789123-0","name":"Unnamed mapped secondary_link","osmWay":1216789123,"major":false,"bridge":false},"geometry":{"type":"LineString","coordinates":[[7.4380594,10.5300007],[7.437923,10.5297855]]}},{"type":"Feature","properties":{"kind":"road","id":"road-1216789125-0","name":"Unnamed mapped tertiary_link","osmWay":1216789125,"major":false,"bridge":false},"geometry":{"type":"LineString","coordinates":[[7.4410929,10.5305493],[7.4411727,10.5307537]]}},{"type":"Feature","properties":{"kind":"road","id":"road-1216789126-0","name":"Unnamed mapped tertiary_link","osmWay":1216789126,"major":false,"bridge":false},"geometry":{"type":"LineString","coordinates":[[7.4408347,10.5306376],[7.4410111,10.5305361]]}},{"type":"Feature","properties":{"kind":"road","id":"road-1216789127-0","name":"Waff Road","osmWay":1216789127,"major":false,"bridge":false},"geometry":{"type":"LineString","coordinates":[[7.4459202,10.5324789],[7.4382024,10.5298608]]}},{"type":"Feature","properties":{"kind":"road","id":"road-1216789128-0","name":"Unnamed mapped secondary_link","osmWay":1216789128,"major":false,"bridge":false},"geometry":{"type":"LineString","coordinates":[[7.4391134,10.5231431],[7.4392883,10.5230494]]}},{"type":"Feature","properties":{"kind":"road","id":"road-1216789129-0","name":"Unnamed mapped secondary_link","osmWay":1216789129,"major":false,"bridge":false},"geometry":{"type":"LineString","coordinates":[[7.4393903,10.5230841],[7.4394822,10.5232687]]}},{"type":"Feature","properties":{"kind":"road","id":"road-1216789130-0","name":"Unnamed mapped secondary_link","osmWay":1216789130,"major":false,"bridge":false},"geometry":{"type":"LineString","coordinates":[[7.4395022,10.5233848],[7.4393233,10.5234808]]}},{"type":"Feature","properties":{"kind":"road","id":"road-1216789131-0","name":"Unnamed mapped secondary_link","osmWay":1216789131,"major":false,"bridge":false},"geometry":{"type":"LineString","coordinates":[[7.4392151,10.5234623],[7.439094,10.5232407]]}},{"type":"Feature","properties":{"kind":"road","id":"road-1216789135-0","name":"Yakubu Gowan Way","osmWay":1216789135,"major":false,"bridge":false},"geometry":{"type":"LineString","coordinates":[[7.4296003,10.522086],[7.4369287,10.5226355],[7.4387526,10.5230284],[7.4426036,10.5243489],[7.4429657,10.5248513],[7.4429604,10.5253866],[7.4410379,10.5307116]]}},{"type":"Feature","properties":{"kind":"road","id":"road-1216789136-0","name":"Ahmadu Bello Way","osmWay":1216789136,"major":true,"bridge":false},"geometry":{"type":"LineString","coordinates":[[7.429959,10.5223098],[7.4295157,10.5302442]]}},{"type":"Feature","properties":{"kind":"road","id":"road-1216789137-0","name":"Ahmadu Bello Way","osmWay":1216789137,"major":true,"bridge":true},"geometry":{"type":"LineString","coordinates":[[7.4299952,10.5219155],[7.429959,10.5223098]]}},{"type":"Feature","properties":{"kind":"road","id":"road-1216789138-0","name":"Unnamed mapped primary_link","osmWay":1216789138,"major":false,"bridge":false},"geometry":{"type":"LineString","coordinates":[[7.4300368,10.5216584],[7.4303238,10.5220236],[7.4310828,10.5221785]]}},{"type":"Feature","properties":{"kind":"road","id":"road-1216789139-0","name":"Unnamed mapped primary_link","osmWay":1216789139,"major":false,"bridge":false},"geometry":{"type":"LineString","coordinates":[[7.4310769,10.5222584],[7.4302675,10.5222959],[7.4299651,10.5225696]]}},{"type":"Feature","properties":{"kind":"road","id":"road-1216789140-0","name":"Ahmadu Bello Way","osmWay":1216789140,"major":true,"bridge":false},"geometry":{"type":"LineString","coordinates":[[7.4299027,10.5219182],[7.4306068,10.5131024],[7.4305063,10.5127702]]}},{"type":"Feature","properties":{"kind":"road","id":"road-1216789141-0","name":"Ahmadu Bello Way","osmWay":1216789141,"major":true,"bridge":true},"geometry":{"type":"LineString","coordinates":[[7.4298705,10.5222999],[7.4299027,10.5219182]]}},{"type":"Feature","properties":{"kind":"road","id":"road-1216789142-0","name":"Unnamed mapped primary_link","osmWay":1216789142,"major":false,"bridge":false},"geometry":{"type":"LineString","coordinates":[[7.429876,10.5225779],[7.4295916,10.5222366],[7.428755,10.5218586]]}},{"type":"Feature","properties":{"kind":"road","id":"road-1216789143-0","name":"Unnamed mapped primary_link","osmWay":1216789143,"major":false,"bridge":false},"geometry":{"type":"LineString","coordinates":[[7.428755,10.5218586],[7.429424,10.5219485],[7.4299363,10.5216479]]}},{"type":"Feature","properties":{"kind":"road","id":"road-1219680293-0","name":"Sabon Birni Road","osmWay":1219680293,"major":false,"bridge":false},"geometry":{"type":"LineString","coordinates":[[7.4613634,10.5830099],[7.4592662,10.5826672],[7.4565587,10.5826618],[7.4546762,10.5824632]]}},{"type":"Feature","properties":{"kind":"road","id":"road-1219680295-0","name":"Sabon Birni Road","osmWay":1219680295,"major":false,"bridge":false},"geometry":{"type":"LineString","coordinates":[[7.4546358,10.5823732],[7.4564849,10.5826015],[7.4596248,10.5826231],[7.4614636,10.5830265]]}},{"type":"Feature","properties":{"kind":"road","id":"road-1219680296-0","name":"Sabon Birni Road","osmWay":1219680296,"major":false,"bridge":false},"geometry":{"type":"LineString","coordinates":[[7.4540991,10.5823915],[7.4525526,10.5822831],[7.4511532,10.5827337]]}},{"type":"Feature","properties":{"kind":"road","id":"road-1219938244-0","name":"Unnamed mapped secondary","osmWay":1219938244,"major":false,"bridge":false},"geometry":{"type":"LineString","coordinates":[[7.4462373,10.583993],[7.446533,10.583905]]}},{"type":"Feature","properties":{"kind":"road","id":"road-1219938245-0","name":"Unnamed mapped secondary","osmWay":1219938245,"major":false,"bridge":false},"geometry":{"type":"LineString","coordinates":[[7.4466527,10.5842941],[7.4463605,10.5843831]]}},{"type":"Feature","properties":{"kind":"road","id":"road-1219938246-0","name":"Unnamed mapped secondary","osmWay":1219938246,"major":false,"bridge":false},"geometry":{"type":"LineString","coordinates":[[7.446533,10.583905],[7.4467029,10.5840864],[7.4466527,10.5842941]]}},{"type":"Feature","properties":{"kind":"road","id":"road-1219938247-0","name":"A2","osmWay":1219938247,"major":true,"bridge":false},"geometry":{"type":"LineString","coordinates":[[7.4469964,10.585179],[7.4466728,10.58529]]}},{"type":"Feature","properties":{"kind":"road","id":"road-1219938248-0","name":"A2","osmWay":1219938248,"major":true,"bridge":false},"geometry":{"type":"LineString","coordinates":[[7.4468613,10.5848448],[7.4470048,10.5849822],[7.4469964,10.585179]]}},{"type":"Feature","properties":{"kind":"road","id":"road-1219938249-0","name":"A2","osmWay":1219938249,"major":true,"bridge":false},"geometry":{"type":"LineString","coordinates":[[7.4466728,10.58529],[7.4465342,10.5851113],[7.4465699,10.5849424]]}},{"type":"Feature","properties":{"kind":"road","id":"road-1220416800-0","name":"Sultan Road","osmWay":1220416800,"major":false,"bridge":false},"geometry":{"type":"LineString","coordinates":[[7.4515408,10.5348027],[7.4515381,10.5353367],[7.4525429,10.53889],[7.4527045,10.5399601]]}},{"type":"Feature","properties":{"kind":"road","id":"road-1220416801-0","name":"Unnamed mapped tertiary","osmWay":1220416801,"major":false,"bridge":true},"geometry":{"type":"LineString","coordinates":[[7.4527045,10.5399601],[7.452728,10.5401341]]}},{"type":"Feature","properties":{"kind":"road","id":"road-1220416802-0","name":"Unnamed mapped tertiary_link","osmWay":1220416802,"major":false,"bridge":false},"geometry":{"type":"LineString","coordinates":[[7.4530859,10.5475722],[7.4532822,10.5478482]]}},{"type":"Feature","properties":{"kind":"road","id":"road-1220416803-0","name":"Unnamed mapped tertiary_link","osmWay":1220416803,"major":false,"bridge":false},"geometry":{"type":"LineString","coordinates":[[7.4528197,10.5478113],[7.4530112,10.5475892]]}},{"type":"Feature","properties":{"kind":"road","id":"road-1220416804-0","name":"Unnamed mapped tertiary","osmWay":1220416804,"major":false,"bridge":false},"geometry":{"type":"LineString","coordinates":[[7.452728,10.5401341],[7.453169,10.543626],[7.4530787,10.5479232]]}},{"type":"Feature","properties":{"kind":"road","id":"road-1221769719-0","name":"Command Link Road","osmWay":1221769719,"major":true,"bridge":false},"geometry":{"type":"LineString","coordinates":[[7.4236998,10.4564822],[7.4232642,10.4543273],[7.4231715,10.4531778],[7.4236502,10.4451521]]}},{"type":"Feature","properties":{"kind":"road","id":"road-1221769720-0","name":"Command Link Road","osmWay":1221769720,"major":true,"bridge":false},"geometry":{"type":"LineString","coordinates":[[7.4237651,10.445033],[7.4232844,10.453504],[7.4238168,10.4564569]]}},{"type":"Feature","properties":{"kind":"road","id":"road-1221769831-0","name":"Rimi Drive","osmWay":1221769831,"major":false,"bridge":false},"geometry":{"type":"LineString","coordinates":[[7.4589654,10.5207881],[7.4587993,10.5192412]]}},{"type":"Feature","properties":{"kind":"road","id":"road-1221769832-0","name":"Rimi Drive","osmWay":1221769832,"major":false,"bridge":true},"geometry":{"type":"LineString","coordinates":[[7.4589801,10.5208954],[7.4589654,10.5207881]]}},{"type":"Feature","properties":{"kind":"road","id":"road-1221781988-0","name":"Unnamed mapped tertiary","osmWay":1221781988,"major":false,"bridge":false},"geometry":{"type":"LineString","coordinates":[[7.4425979,10.5051141],[7.4427203,10.5041204],[7.4423924,10.5034809],[7.4424226,10.5028269],[7.4429376,10.5012089]]}},{"type":"Feature","properties":{"kind":"road","id":"road-1221863114-0","name":"Unnamed mapped primary_link","osmWay":1221863114,"major":false,"bridge":false},"geometry":{"type":"LineString","coordinates":[[7.47156,10.5416027],[7.4714851,10.5415585]]}},{"type":"Feature","properties":{"kind":"road","id":"road-1221863116-0","name":"Isa Kaita Road","osmWay":1221863116,"major":false,"bridge":false},"geometry":{"type":"LineString","coordinates":[[7.469574,10.5376399],[7.4707031,10.5382243]]}},{"type":"Feature","properties":{"kind":"road","id":"road-1221863117-0","name":"Unnamed mapped tertiary_link","osmWay":1221863117,"major":false,"bridge":false},"geometry":{"type":"LineString","coordinates":[[7.470467,10.5381107],[7.4703137,10.538265]]}},{"type":"Feature","properties":{"kind":"road","id":"road-1221863118-0","name":"Unnamed mapped primary","osmWay":1221863118,"major":true,"bridge":false},"geometry":{"type":"LineString","coordinates":[[7.4661358,10.5499915],[7.4659961,10.5474022]]}},{"type":"Feature","properties":{"kind":"road","id":"road-1221863119-0","name":"Isa Kaita Road","osmWay":1221863119,"major":false,"bridge":false},"geometry":{"type":"LineString","coordinates":[[7.4580132,10.5477602],[7.4659909,10.5473173]]}},{"type":"Feature","properties":{"kind":"road","id":"road-1221863120-0","name":"Isa Kaita Road","osmWay":1221863120,"major":true,"bridge":false},"geometry":{"type":"LineString","coordinates":[[7.4659909,10.5473173],[7.4660869,10.5473132]]}},{"type":"Feature","properties":{"kind":"road","id":"road-1221863121-0","name":"Unnamed mapped primary","osmWay":1221863121,"major":true,"bridge":false},"geometry":{"type":"LineString","coordinates":[[7.4660869,10.5473132],[7.4660869,10.5473964]]}},{"type":"Feature","properties":{"kind":"road","id":"road-1221863122-0","name":"Unnamed mapped primary","osmWay":1221863122,"major":true,"bridge":false},"geometry":{"type":"LineString","coordinates":[[7.4659961,10.5474022],[7.4659909,10.5473173]]}},{"type":"Feature","properties":{"kind":"road","id":"road-1221863123-0","name":"Isa Kaita Road","osmWay":1221863123,"major":true,"bridge":false},"geometry":{"type":"LineString","coordinates":[[7.4660869,10.5473964],[7.4659961,10.5474022]]}},{"type":"Feature","properties":{"kind":"road","id":"road-1221863124-0","name":"Unnamed mapped primary_link","osmWay":1221863124,"major":false,"bridge":false},"geometry":{"type":"LineString","coordinates":[[7.4662285,10.5473859],[7.4660876,10.5475898]]}},{"type":"Feature","properties":{"kind":"road","id":"road-1221863125-0","name":"Unnamed mapped primary_link","osmWay":1221863125,"major":false,"bridge":false},"geometry":{"type":"LineString","coordinates":[[7.4660109,10.5476089],[7.4657546,10.5474144]]}},{"type":"Feature","properties":{"kind":"road","id":"road-1221863126-0","name":"Nasir El-Rufai Road","osmWay":1221863126,"major":false,"bridge":false},"geometry":{"type":"LineString","coordinates":[[7.4663524,10.5503235],[7.4682315,10.5517142],[7.469884,10.552414]]}},{"type":"Feature","properties":{"kind":"road","id":"road-1221863127-0","name":"Rabah Road","osmWay":1221863127,"major":true,"bridge":false},"geometry":{"type":"LineString","coordinates":[[7.4659157,10.5502433],[7.4599795,10.5506375],[7.4555834,10.5522908],[7.4516315,10.5534807],[7.4507961,10.5536471],[7.4470052,10.5538989]]}},{"type":"Feature","properties":{"kind":"road","id":"road-1221863128-0","name":"Rabah Road","osmWay":1221863128,"major":true,"bridge":false},"geometry":{"type":"LineString","coordinates":[[7.4472846,10.553789],[7.4507878,10.5535551],[7.4516504,10.5533924],[7.4558219,10.5521201],[7.4599732,10.5505473],[7.4659063,10.5501631]]}},{"type":"Feature","properties":{"kind":"road","id":"road-1221863129-0","name":"Nasir El-Rufai Road","osmWay":1221863129,"major":false,"bridge":false},"geometry":{"type":"LineString","coordinates":[[7.4659063,10.5501631],[7.4661244,10.5502175]]}},{"type":"Feature","properties":{"kind":"road","id":"road-1221863130-0","name":"Nasir El-Rufai Road","osmWay":1221863130,"major":false,"bridge":false},"geometry":{"type":"LineString","coordinates":[[7.4661244,10.5502175],[7.4661358,10.5499915]]}},{"type":"Feature","properties":{"kind":"road","id":"road-1221863131-0","name":"Unnamed mapped primary_link","osmWay":1221863131,"major":false,"bridge":false},"geometry":{"type":"LineString","coordinates":[[7.466224,10.5500892],[7.4663524,10.5503235]]}},{"type":"Feature","properties":{"kind":"road","id":"road-1221863132-0","name":"Unnamed mapped primary_link","osmWay":1221863132,"major":false,"bridge":false},"geometry":{"type":"LineString","coordinates":[[7.4662203,10.5503856],[7.4659157,10.5502433]]}},{"type":"Feature","properties":{"kind":"road","id":"road-1221863133-0","name":"Unnamed mapped primary_link","osmWay":1221863133,"major":false,"bridge":false},"geometry":{"type":"LineString","coordinates":[[7.4651858,10.5502055],[7.4651921,10.5502891]]}},{"type":"Feature","properties":{"kind":"road","id":"road-1221863136-0","name":"Unnamed mapped secondary_link","osmWay":1221863136,"major":false,"bridge":false},"geometry":{"type":"LineString","coordinates":[[7.469884,10.552414],[7.4698551,10.552484]]}},{"type":"Feature","properties":{"kind":"road","id":"road-1221863137-0","name":"Nasir El-Rufai Road","osmWay":1221863137,"major":false,"bridge":false},"geometry":{"type":"LineString","coordinates":[[7.469884,10.552414],[7.4778934,10.555331],[7.4809637,10.555896]]}},{"type":"Feature","properties":{"kind":"road","id":"road-1221863138-0","name":"Nasir El-Rufai Road","osmWay":1221863138,"major":false,"bridge":false},"geometry":{"type":"LineString","coordinates":[[7.4788752,10.5556454],[7.4777385,10.5553624],[7.4698551,10.552484]]}},{"type":"Feature","properties":{"kind":"road","id":"road-1221863140-0","name":"Unnamed mapped secondary_link","osmWay":1221863140,"major":false,"bridge":false},"geometry":{"type":"LineString","coordinates":[[7.4769131,10.5549775],[7.4768862,10.5550498]]}},{"type":"Feature","properties":{"kind":"road","id":"road-1221863142-0","name":"Unnamed mapped secondary_link","osmWay":1221863142,"major":false,"bridge":false},"geometry":{"type":"LineString","coordinates":[[7.4798867,10.5557289],[7.4798752,10.5558018]]}},{"type":"Feature","properties":{"kind":"road","id":"road-1221863143-0","name":"Unnamed mapped secondary_link","osmWay":1221863143,"major":false,"bridge":false},"geometry":{"type":"LineString","coordinates":[[7.4809637,10.555896],[7.4809517,10.5559773]]}},{"type":"Feature","properties":{"kind":"road","id":"road-1221863145-0","name":"Nasir El-Rufai Road","osmWay":1221863145,"major":false,"bridge":false},"geometry":{"type":"LineString","coordinates":[[7.4662203,10.5503856],[7.4661244,10.5502175]]}},{"type":"Feature","properties":{"kind":"road","id":"road-1221863146-0","name":"Nasir El-Rufai Road","osmWay":1221863146,"major":false,"bridge":false},"geometry":{"type":"LineString","coordinates":[[7.4661244,10.5502175],[7.4663524,10.5503235]]}},{"type":"Feature","properties":{"kind":"road","id":"road-1221863147-0","name":"Unnamed mapped primary","osmWay":1221863147,"major":true,"bridge":false},"geometry":{"type":"LineString","coordinates":[[7.4659063,10.5501631],[7.4661358,10.5499915]]}},{"type":"Feature","properties":{"kind":"road","id":"road-1221863148-0","name":"Unnamed mapped primary","osmWay":1221863148,"major":true,"bridge":false},"geometry":{"type":"LineString","coordinates":[[7.4661244,10.5502175],[7.4659157,10.5502433]]}},{"type":"Feature","properties":{"kind":"road","id":"road-1221863149-0","name":"Unnamed mapped primary","osmWay":1221863149,"major":true,"bridge":false},"geometry":{"type":"LineString","coordinates":[[7.4451031,10.5537539],[7.4472846,10.553789]]}},{"type":"Feature","properties":{"kind":"road","id":"road-1221863156-0","name":"Isa Kaita Road","osmWay":1221863156,"major":false,"bridge":false},"geometry":{"type":"LineString","coordinates":[[7.4595575,10.5477832],[7.4570212,10.5477581],[7.4556559,10.5481826],[7.4529989,10.5479146]]}},{"type":"Feature","properties":{"kind":"road","id":"road-1221863157-0","name":"Isa Kaita Road","osmWay":1221863157,"major":false,"bridge":false},"geometry":{"type":"LineString","coordinates":[[7.4530061,10.5478189],[7.4553233,10.5481124],[7.455946,10.5480615],[7.4570067,10.5476879],[7.4580132,10.5477602]]}},{"type":"Feature","properties":{"kind":"road","id":"road-1221863158-0","name":"Isa Kaita Road","osmWay":1221863158,"major":false,"bridge":false},"geometry":{"type":"LineString","coordinates":[[7.4405892,10.5420946],[7.4511928,10.5477034],[7.4530061,10.5478189]]}},{"type":"Feature","properties":{"kind":"road","id":"road-1221863159-0","name":"Kataru Road","osmWay":1221863159,"major":false,"bridge":false},"geometry":{"type":"LineString","coordinates":[[7.4518459,10.5478319],[7.4518513,10.5477554]]}},{"type":"Feature","properties":{"kind":"road","id":"road-1221863160-0","name":"Unnamed mapped secondary_link","osmWay":1221863160,"major":false,"bridge":false},"geometry":{"type":"LineString","coordinates":[[7.4416387,10.5427325],[7.4415943,10.5427994]]}},{"type":"Feature","properties":{"kind":"road","id":"road-1221863161-0","name":"Unnamed mapped secondary_link","osmWay":1221863161,"major":false,"bridge":false},"geometry":{"type":"LineString","coordinates":[[7.4458898,10.5449603],[7.4458457,10.5450428]]}},{"type":"Feature","properties":{"kind":"road","id":"road-1221863162-0","name":"Unnamed mapped secondary_link","osmWay":1221863162,"major":false,"bridge":false},"geometry":{"type":"LineString","coordinates":[[7.4477261,10.5459261],[7.4476865,10.5459933]]}},{"type":"Feature","properties":{"kind":"road","id":"road-1222104593-0","name":"Nnamdi Azikwe Way","osmWay":1222104593,"major":true,"bridge":false},"geometry":{"type":"LineString","coordinates":[[7.4152224,10.5599381],[7.41569,10.5605538],[7.4155664,10.5612125]]}},{"type":"Feature","properties":{"kind":"road","id":"road-1222104594-0","name":"Nnamdi Azikwe Way","osmWay":1222104594,"major":true,"bridge":false},"geometry":{"type":"LineString","coordinates":[[7.4154752,10.561192],[7.4155968,10.5605742],[7.4151473,10.559981]]}},{"type":"Feature","properties":{"kind":"road","id":"road-1222104595-0","name":"Nnamdi Azikwe Way","osmWay":1222104595,"major":true,"bridge":false},"geometry":{"type":"LineString","coordinates":[[7.4155664,10.5612125],[7.4186294,10.5725135],[7.4191269,10.5737818],[7.4197613,10.5748641],[7.4205713,10.5758238],[7.4213853,10.576541],[7.4326577,10.5848594]]}},{"type":"Feature","properties":{"kind":"road","id":"road-1222104596-0","name":"Nnamdi Azikwe Way","osmWay":1222104596,"major":true,"bridge":false},"geometry":{"type":"LineString","coordinates":[[7.4322278,10.5849786],[7.432137,10.5846815],[7.4318728,10.5844152],[7.4212714,10.5765608],[7.4198551,10.5751278],[7.4190404,10.5738068],[7.4185536,10.5725452],[7.4154752,10.561192]]}},{"type":"Feature","properties":{"kind":"road","id":"road-1222108989-0","name":"Unnamed mapped tertiary","osmWay":1222108989,"major":false,"bridge":false},"geometry":{"type":"LineString","coordinates":[[7.4220124,10.5298926],[7.4219749,10.5305409],[7.4217761,10.5310383]]}},{"type":"Feature","properties":{"kind":"road","id":"road-1222108990-0","name":"Unnamed mapped tertiary","osmWay":1222108990,"major":false,"bridge":false},"geometry":{"type":"LineString","coordinates":[[7.4217761,10.5310383],[7.4214201,10.5314951]]}},{"type":"Feature","properties":{"kind":"road","id":"road-1222108991-0","name":"Unnamed mapped tertiary","osmWay":1222108991,"major":false,"bridge":false},"geometry":{"type":"LineString","coordinates":[[7.421312,10.5313416],[7.4216994,10.5310259]]}},{"type":"Feature","properties":{"kind":"road","id":"road-1222108993-0","name":"Gamagira Street","osmWay":1222108993,"major":false,"bridge":false},"geometry":{"type":"LineString","coordinates":[[7.4206929,10.5315049],[7.4210678,10.5314427]]}},{"type":"Feature","properties":{"kind":"road","id":"road-1222108994-0","name":"Gamagira Street","osmWay":1222108994,"major":false,"bridge":false},"geometry":{"type":"LineString","coordinates":[[7.4211163,10.5316381],[7.4206929,10.5315049]]}},{"type":"Feature","properties":{"kind":"road","id":"road-1222116259-0","name":"Yakubu Gowan Way","osmWay":1222116259,"major":false,"bridge":false},"geometry":{"type":"LineString","coordinates":[[7.4296003,10.522086],[7.4277945,10.5215738]]}},{"type":"Feature","properties":{"kind":"road","id":"road-1222116260-0","name":"Bida Road","osmWay":1222116260,"major":false,"bridge":false},"geometry":{"type":"LineString","coordinates":[[7.4342935,10.5225293],[7.4343307,10.5224304]]}},{"type":"Feature","properties":{"kind":"road","id":"road-1222116261-0","name":"Bida Road","osmWay":1222116261,"major":false,"bridge":false},"geometry":{"type":"LineString","coordinates":[[7.4398358,10.5200561],[7.4363779,10.5194941],[7.4352582,10.5197034],[7.4347452,10.5202932],[7.4345366,10.5207934],[7.4343307,10.5224304]]}},{"type":"Feature","properties":{"kind":"road","id":"road-1222116262-0","name":"Unnamed mapped tertiary","osmWay":1222116262,"major":false,"bridge":false},"geometry":{"type":"LineString","coordinates":[[7.4399059,10.5200681],[7.4398358,10.5200561]]}},{"type":"Feature","properties":{"kind":"road","id":"road-1222116263-0","name":"Unnamed mapped tertiary","osmWay":1222116263,"major":false,"bridge":false},"geometry":{"type":"LineString","coordinates":[[7.4398496,10.5199801],[7.4399193,10.5199928]]}},{"type":"Feature","properties":{"kind":"road","id":"road-1222116264-0","name":"Golf Course Road","osmWay":1222116264,"major":false,"bridge":false},"geometry":{"type":"LineString","coordinates":[[7.4399193,10.5199928],[7.4478284,10.5214077],[7.4496719,10.5219047]]}},{"type":"Feature","properties":{"kind":"road","id":"road-1222116265-0","name":"Unnamed mapped tertiary_link","osmWay":1222116265,"major":false,"bridge":false},"geometry":{"type":"LineString","coordinates":[[7.4478122,10.5214807],[7.4478284,10.5214077]]}},{"type":"Feature","properties":{"kind":"road","id":"road-1222116266-0","name":"Unnamed mapped tertiary_link","osmWay":1222116266,"major":false,"bridge":false},"geometry":{"type":"LineString","coordinates":[[7.4364844,10.5194118],[7.436474,10.5195025]]}},{"type":"Feature","properties":{"kind":"road","id":"road-1222116267-0","name":"Unnamed mapped tertiary","osmWay":1222116267,"major":false,"bridge":false},"geometry":{"type":"LineString","coordinates":[[7.4496719,10.5219047],[7.449761,10.5219435]]}},{"type":"Feature","properties":{"kind":"road","id":"road-1222116268-0","name":"Unnamed mapped tertiary","osmWay":1222116268,"major":false,"bridge":false},"geometry":{"type":"LineString","coordinates":[[7.4497305,10.5220579],[7.4496354,10.5220019]]}},{"type":"Feature","properties":{"kind":"road","id":"road-1222116269-0","name":"Shehu Laminu Avenue","osmWay":1222116269,"major":false,"bridge":false},"geometry":{"type":"LineString","coordinates":[[7.449761,10.5219435],[7.4597364,10.5282633],[7.4597831,10.5284032]]}},{"type":"Feature","properties":{"kind":"road","id":"road-1222116270-0","name":"Shehu Laminu Avenue","osmWay":1222116270,"major":false,"bridge":false},"geometry":{"type":"LineString","coordinates":[[7.4597831,10.5284032],[7.4497305,10.5220579]]}},{"type":"Feature","properties":{"kind":"road","id":"road-1224003479-0","name":"Unnamed mapped secondary_link","osmWay":1224003479,"major":false,"bridge":false},"geometry":{"type":"LineString","coordinates":[[7.449751,10.5471067],[7.449798,10.5470297]]}},{"type":"Feature","properties":{"kind":"road","id":"road-1243475021-0","name":"Unnamed mapped tertiary","osmWay":1243475021,"major":false,"bridge":false},"geometry":{"type":"LineString","coordinates":[[7.4158406,10.4880068],[7.4150332,10.4879536],[7.4147878,10.4863527],[7.4133588,10.4840457],[7.4114585,10.4812157],[7.4106699,10.480406],[7.4061732,10.4742606],[7.4056528,10.4737621],[7.4045654,10.4733992]]}},{"type":"Feature","properties":{"kind":"road","id":"road-1245195923-0","name":"Unnamed mapped tertiary","osmWay":1245195923,"major":false,"bridge":false},"geometry":{"type":"LineString","coordinates":[[7.4397727,10.4655388],[7.4389352,10.4655906]]}},{"type":"Feature","properties":{"kind":"road","id":"road-1245195928-0","name":"Unnamed mapped tertiary","osmWay":1245195928,"major":false,"bridge":true},"geometry":{"type":"LineString","coordinates":[[7.4116556,10.4363177],[7.4116938,10.4361993]]}},{"type":"Feature","properties":{"kind":"road","id":"road-1252284573-0","name":"Unnamed mapped tertiary","osmWay":1252284573,"major":false,"bridge":false},"geometry":{"type":"LineString","coordinates":[[7.4470128,10.5840763],[7.4467053,10.5844134]]}},{"type":"Feature","properties":{"kind":"road","id":"road-1252402207-0","name":"Unnamed mapped tertiary","osmWay":1252402207,"major":false,"bridge":false},"geometry":{"type":"LineString","coordinates":[[7.4331921,10.5790602],[7.4331726,10.5790705]]}},{"type":"Feature","properties":{"kind":"road","id":"road-1252402208-0","name":"Unnamed mapped tertiary","osmWay":1252402208,"major":false,"bridge":true},"geometry":{"type":"LineString","coordinates":[[7.4331987,10.5790567],[7.4331921,10.5790602]]}},{"type":"Feature","properties":{"kind":"road","id":"road-1253179286-0","name":"Unnamed mapped tertiary","osmWay":1253179286,"major":false,"bridge":false},"geometry":{"type":"LineString","coordinates":[[7.4457532,10.6118185],[7.4470809,10.6132395],[7.4472177,10.6139803]]}},{"type":"Feature","properties":{"kind":"road","id":"road-1254351965-0","name":"Inuwa Abdulkadir Road","osmWay":1254351965,"major":false,"bridge":false},"geometry":{"type":"LineString","coordinates":[[7.406311,10.4453217],[7.4028354,10.4451905],[7.3988065,10.448216],[7.3982405,10.4485003]]}},{"type":"Feature","properties":{"kind":"road","id":"road-1254351966-0","name":"Inuwa Abdulkadir Road","osmWay":1254351966,"major":false,"bridge":false},"geometry":{"type":"LineString","coordinates":[[7.410179,10.4455968],[7.4085242,10.4453957],[7.406311,10.4453217]]}},{"type":"Feature","properties":{"kind":"road","id":"road-1254534088-0","name":"Sabon Birni Road","osmWay":1254534088,"major":false,"bridge":false},"geometry":{"type":"LineString","coordinates":[[7.4546762,10.5824632],[7.4540991,10.5823915]]}},{"type":"Feature","properties":{"kind":"road","id":"road-1255935548-0","name":"Unnamed mapped tertiary","osmWay":1255935548,"major":false,"bridge":false},"geometry":{"type":"LineString","coordinates":[[7.4189509,10.5068404],[7.4189254,10.5068662]]}},{"type":"Feature","properties":{"kind":"road","id":"road-1255935549-0","name":"Unnamed mapped tertiary","osmWay":1255935549,"major":false,"bridge":true},"geometry":{"type":"LineString","coordinates":[[7.4190468,10.5067435],[7.4189509,10.5068404]]}},{"type":"Feature","properties":{"kind":"road","id":"road-1255975475-0","name":"Unnamed mapped tertiary","osmWay":1255975475,"major":false,"bridge":false},"geometry":{"type":"LineString","coordinates":[[7.4612846,10.582992],[7.4614402,10.5810595],[7.4617285,10.5799462],[7.4639703,10.5754407]]}},{"type":"Feature","properties":{"kind":"road","id":"road-1259727745-0","name":"Unnamed mapped tertiary","osmWay":1259727745,"major":false,"bridge":true},"geometry":{"type":"LineString","coordinates":[[7.4336862,10.4963344],[7.4331093,10.4935455]]}},{"type":"Feature","properties":{"kind":"road","id":"road-1259727747-0","name":"Unnamed mapped tertiary","osmWay":1259727747,"major":false,"bridge":true},"geometry":{"type":"LineString","coordinates":[[7.433212,10.4935315],[7.4336862,10.4963344]]}},{"type":"Feature","properties":{"kind":"road","id":"road-1259727748-0","name":"Unnamed mapped tertiary","osmWay":1259727748,"major":false,"bridge":false},"geometry":{"type":"LineString","coordinates":[[7.4331106,10.4930247],[7.433212,10.4935315]]}},{"type":"Feature","properties":{"kind":"road","id":"road-1259727749-0","name":"Unnamed mapped tertiary","osmWay":1259727749,"major":false,"bridge":false},"geometry":{"type":"LineString","coordinates":[[7.4331093,10.4935455],[7.4321383,10.487949],[7.4318205,10.4875347]]}},{"type":"Feature","properties":{"kind":"road","id":"road-1259727751-0","name":"Unnamed mapped tertiary","osmWay":1259727751,"major":false,"bridge":false},"geometry":{"type":"LineString","coordinates":[[7.4319341,10.4874254],[7.4322067,10.4878884],[7.4331106,10.4930247]]}},{"type":"Feature","properties":{"kind":"road","id":"road-1259766815-0","name":"Unnamed mapped tertiary","osmWay":1259766815,"major":false,"bridge":false},"geometry":{"type":"LineString","coordinates":[[7.4195032,10.5120087],[7.4185496,10.5111037]]}},{"type":"Feature","properties":{"kind":"road","id":"road-1259766816-0","name":"Unnamed mapped tertiary","osmWay":1259766816,"major":false,"bridge":true},"geometry":{"type":"LineString","coordinates":[[7.4195525,10.5120558],[7.4195032,10.5120087]]}},{"type":"Feature","properties":{"kind":"road","id":"road-1259766833-0","name":"Unnamed mapped tertiary","osmWay":1259766833,"major":false,"bridge":false},"geometry":{"type":"LineString","coordinates":[[7.4197438,10.5122385],[7.4195525,10.5120558]]}},{"type":"Feature","properties":{"kind":"road","id":"road-1261861070-0","name":"Unnamed mapped tertiary","osmWay":1261861070,"major":false,"bridge":false},"geometry":{"type":"LineString","coordinates":[[7.4529125,10.5532386],[7.4534729,10.5576727]]}},{"type":"Feature","properties":{"kind":"road","id":"road-1262896670-0","name":"Kataru Road","osmWay":1262896670,"major":false,"bridge":false},"geometry":{"type":"LineString","coordinates":[[7.4519315,10.5477598],[7.4529125,10.5532386]]}},{"type":"Feature","properties":{"kind":"road","id":"road-1263601950-0","name":"Unnamed mapped tertiary","osmWay":1263601950,"major":false,"bridge":false},"geometry":{"type":"LineString","coordinates":[[7.454193,10.575912],[7.4554494,10.5747903],[7.4553457,10.5709368],[7.4555751,10.5698996]]}},{"type":"Feature","properties":{"kind":"road","id":"road-1263601951-0","name":"Unnamed mapped tertiary","osmWay":1263601951,"major":false,"bridge":true},"geometry":{"type":"LineString","coordinates":[[7.4541605,10.5759429],[7.454193,10.575912]]}},{"type":"Feature","properties":{"kind":"road","id":"road-1264571661-0","name":"Unnamed mapped primary_link","osmWay":1264571661,"major":false,"bridge":false},"geometry":{"type":"LineString","coordinates":[[7.452906,10.5529289],[7.4530093,10.5529991]]}},{"type":"Feature","properties":{"kind":"road","id":"road-1264571662-0","name":"Unnamed mapped primary_link","osmWay":1264571662,"major":false,"bridge":false},"geometry":{"type":"LineString","coordinates":[[7.4527414,10.553082],[7.4528294,10.5529518]]}},{"type":"Feature","properties":{"kind":"road","id":"road-1274196559-0","name":"Unnamed mapped tertiary_link","osmWay":1274196559,"major":false,"bridge":false},"geometry":{"type":"LineString","coordinates":[[7.4125528,10.5161583],[7.4128687,10.5160301]]}},{"type":"Feature","properties":{"kind":"road","id":"road-1274196560-0","name":"Dutsinma Street","osmWay":1274196560,"major":false,"bridge":false},"geometry":{"type":"LineString","coordinates":[[7.4042652,10.5144509],[7.408805,10.5149265],[7.4130017,10.5163555]]}},{"type":"Feature","properties":{"kind":"road","id":"road-1274196561-0","name":"Dutsinma Street","osmWay":1274196561,"major":false,"bridge":false},"geometry":{"type":"LineString","coordinates":[[7.4130017,10.5163555],[7.4128656,10.5163977],[7.4086947,10.5150145],[7.4042604,10.5145437]]}},{"type":"Feature","properties":{"kind":"road","id":"road-1274196562-0","name":"Unnamed mapped tertiary_link","osmWay":1274196562,"major":false,"bridge":false},"geometry":{"type":"LineString","coordinates":[[7.4130835,10.516369],[7.412822,10.516578]]}},{"type":"Feature","properties":{"kind":"road","id":"road-1274196563-0","name":"Unnamed mapped tertiary_link","osmWay":1274196563,"major":false,"bridge":false},"geometry":{"type":"LineString","coordinates":[[7.4127379,10.5165648],[7.4126348,10.5163085]]}},{"type":"Feature","properties":{"kind":"road","id":"road-1274196566-0","name":"Unnamed mapped tertiary_link","osmWay":1274196566,"major":false,"bridge":false},"geometry":{"type":"LineString","coordinates":[[7.4128687,10.5160301],[7.4130835,10.516369]]}},{"type":"Feature","properties":{"kind":"road","id":"road-1274196567-0","name":"Unnamed mapped tertiary","osmWay":1274196567,"major":false,"bridge":false},"geometry":{"type":"LineString","coordinates":[[7.4128753,10.5162783],[7.4114831,10.5200456]]}},{"type":"Feature","properties":{"kind":"road","id":"road-1274218495-0","name":"Unnamed mapped tertiary","osmWay":1274218495,"major":false,"bridge":false},"geometry":{"type":"LineString","coordinates":[[7.4216994,10.5310259],[7.421917,10.5305275],[7.4219532,10.5298974]]}},{"type":"Feature","properties":{"kind":"road","id":"road-1274218496-0","name":"Unnamed mapped tertiary","osmWay":1274218496,"major":false,"bridge":false},"geometry":{"type":"LineString","coordinates":[[7.4219532,10.5298974],[7.4213182,10.5276321],[7.4200444,10.5255177],[7.4197724,10.5248733],[7.4194805,10.5234885],[7.4189556,10.5226902],[7.4185561,10.5223904],[7.4143601,10.5210377],[7.4079668,10.518613]]}},{"type":"Feature","properties":{"kind":"road","id":"road-1274218497-0","name":"Unnamed mapped tertiary","osmWay":1274218497,"major":false,"bridge":false},"geometry":{"type":"LineString","coordinates":[[7.4042604,10.5145437],[7.3981135,10.5140399]]}},{"type":"Feature","properties":{"kind":"road","id":"road-1306397771-0","name":"Unnamed mapped primary_link","osmWay":1306397771,"major":false,"bridge":false},"geometry":{"type":"LineString","coordinates":[[7.4560096,10.5521456],[7.4559815,10.5520648]]}},{"type":"Feature","properties":{"kind":"road","id":"road-1306399111-0","name":"Unnamed mapped secondary_link","osmWay":1306399111,"major":false,"bridge":false},"geometry":{"type":"LineString","coordinates":[[7.4728942,10.5535904],[7.4729164,10.553528]]}},{"type":"Feature","properties":{"kind":"road","id":"road-1309281871-0","name":"Aliyu Makama Road","osmWay":1309281871,"major":false,"bridge":false},"geometry":{"type":"LineString","coordinates":[[7.4285167,10.4891122],[7.4276941,10.4892989],[7.4262177,10.4904456],[7.4247959,10.491002],[7.4233529,10.4924769],[7.4225678,10.4930316],[7.4205712,10.4938474],[7.4193636,10.4940024]]}},{"type":"Feature","properties":{"kind":"road","id":"road-1309281872-0","name":"Aliyu Makama Road","osmWay":1309281872,"major":false,"bridge":true},"geometry":{"type":"LineString","coordinates":[[7.4286214,10.4890885],[7.4285167,10.4891122]]}},{"type":"Feature","properties":{"kind":"road","id":"road-1309281873-0","name":"Aliyu Makama Road","osmWay":1309281873,"major":false,"bridge":false},"geometry":{"type":"LineString","coordinates":[[7.4319982,10.4874955],[7.4311866,10.4881818],[7.4301551,10.4887512],[7.4286214,10.4890885]]}},{"type":"Feature","properties":{"kind":"road","id":"road-1309281874-0","name":"Aliyu Makama Road","osmWay":1309281874,"major":false,"bridge":false},"geometry":{"type":"LineString","coordinates":[[7.4286019,10.4890053],[7.4301186,10.4886638],[7.4311309,10.4881048],[7.4319341,10.4874254]]}},{"type":"Feature","properties":{"kind":"road","id":"road-1309284162-0","name":"Unnamed mapped tertiary_link","osmWay":1309284162,"major":false,"bridge":false},"geometry":{"type":"LineString","coordinates":[[7.4266645,10.4899831],[7.4267289,10.4900463]]}},{"type":"Feature","properties":{"kind":"road","id":"road-1309284163-0","name":"Unnamed mapped tertiary_link","osmWay":1309284163,"major":false,"bridge":false},"geometry":{"type":"LineString","coordinates":[[7.4210521,10.4935951],[7.4210877,10.4936801]]}},{"type":"Feature","properties":{"kind":"road","id":"road-1315074025-0","name":"Unnamed mapped tertiary","osmWay":1315074025,"major":false,"bridge":false},"geometry":{"type":"LineString","coordinates":[[7.3985182,10.5182928],[7.3973045,10.5182697],[7.3969088,10.5179506],[7.3951386,10.5178355]]}},{"type":"Feature","properties":{"kind":"road","id":"road-1320695195-0","name":"Unnamed mapped primary_link","osmWay":1320695195,"major":false,"bridge":false},"geometry":{"type":"LineString","coordinates":[[7.4438472,10.5598491],[7.44395,10.5598656]]}},{"type":"Feature","properties":{"kind":"road","id":"road-1336431640-0","name":"Unnamed mapped trunk_link","osmWay":1336431640,"major":false,"bridge":false},"geometry":{"type":"LineString","coordinates":[[7.4099115,10.5408491],[7.4098423,10.5408792]]}},{"type":"Feature","properties":{"kind":"road","id":"road-1386912988-0","name":"Aliyu Makama Road","osmWay":1386912988,"major":false,"bridge":false},"geometry":{"type":"LineString","coordinates":[[7.4344893,10.4717695],[7.4345134,10.4716838]]}},{"type":"Feature","properties":{"kind":"road","id":"road-1386912989-0","name":"Unnamed mapped tertiary_link","osmWay":1386912989,"major":false,"bridge":false},"geometry":{"type":"LineString","coordinates":[[7.4336524,10.4843529],[7.4335644,10.4843312]]}},{"type":"Feature","properties":{"kind":"road","id":"road-1386912990-0","name":"Aliyu Makama Road","osmWay":1386912990,"major":false,"bridge":false},"geometry":{"type":"LineString","coordinates":[[7.4344893,10.4717695],[7.4337704,10.4752827],[7.4344262,10.4798046],[7.4345,10.481461],[7.43322,10.4855946],[7.4327314,10.4865845],[7.4319982,10.4874955]]}},{"type":"Feature","properties":{"kind":"road","id":"road-1386912991-0","name":"Unnamed mapped tertiary_link","osmWay":1386912991,"major":false,"bridge":false},"geometry":{"type":"LineString","coordinates":[[7.4328725,10.471737],[7.4328739,10.4718269]]}},{"type":"Feature","properties":{"kind":"road","id":"road-1386912992-0","name":"Unnamed mapped tertiary_link","osmWay":1386912992,"major":false,"bridge":false},"geometry":{"type":"LineString","coordinates":[[7.4312565,10.4630197],[7.4313543,10.4630084]]}},{"type":"Feature","properties":{"kind":"road","id":"road-1386912993-0","name":"Unnamed mapped tertiary_link","osmWay":1386912993,"major":false,"bridge":false},"geometry":{"type":"LineString","coordinates":[[7.4319843,10.46983],[7.4320914,10.4698293]]}},{"type":"Feature","properties":{"kind":"road","id":"road-1386912996-0","name":"Unnamed mapped tertiary","osmWay":1386912996,"major":false,"bridge":false},"geometry":{"type":"LineString","coordinates":[[7.4293846,10.4539773],[7.4319584,10.4659859],[7.4321704,10.4716756],[7.4322861,10.4717567],[7.4345134,10.4716838]]}},{"type":"Feature","properties":{"kind":"road","id":"road-1387120154-0","name":"Unnamed mapped secondary_link","osmWay":1387120154,"major":false,"bridge":false},"geometry":{"type":"LineString","coordinates":[[7.4418265,10.5365629],[7.4416561,10.5363191]]}},{"type":"Feature","properties":{"kind":"road","id":"road-1387120155-0","name":"Unnamed mapped secondary_link","osmWay":1387120155,"major":false,"bridge":false},"geometry":{"type":"LineString","coordinates":[[7.4421724,10.5363824],[7.4419142,10.5365462]]}},{"type":"Feature","properties":{"kind":"road","id":"road-1387120156-0","name":"Alkali Road","osmWay":1387120156,"major":false,"bridge":false},"geometry":{"type":"LineString","coordinates":[[7.4419728,10.5362615],[7.4409593,10.5415064],[7.4404441,10.5422815],[7.4380741,10.5442895]]}},{"type":"Feature","properties":{"kind":"road","id":"road-1414038131-0","name":"Unnamed mapped tertiary","osmWay":1414038131,"major":false,"bridge":false},"geometry":{"type":"LineString","coordinates":[[7.4050936,10.5095156],[7.4051633,10.5094286]]}},{"type":"Feature","properties":{"kind":"road","id":"road-1423855924-0","name":"Unnamed mapped primary_link","osmWay":1423855924,"major":false,"bridge":false},"geometry":{"type":"LineString","coordinates":[[7.4432223,10.5743264],[7.4434328,10.5742881]]}},{"type":"Feature","properties":{"kind":"road","id":"road-1426639570-0","name":"Unnamed mapped tertiary_link","osmWay":1426639570,"major":false,"bridge":false},"geometry":{"type":"LineString","coordinates":[[7.4508836,10.5258171],[7.4509706,10.5257702]]}},{"type":"Feature","properties":{"kind":"road","id":"road-1426639571-0","name":"Surame Road","osmWay":1426639571,"major":false,"bridge":false},"geometry":{"type":"LineString","coordinates":[[7.4512618,10.5229895],[7.4506847,10.5245076],[7.4507116,10.5251889],[7.4528326,10.5295644],[7.4529669,10.5301675],[7.452858,10.5309245],[7.4517889,10.534054]]}},{"type":"Feature","properties":{"kind":"road","id":"road-1432704130-0","name":"Unnamed mapped primary_link","osmWay":1432704130,"major":false,"bridge":false},"geometry":{"type":"LineString","coordinates":[[7.4375812,10.5043961],[7.4375973,10.5043213]]}},{"type":"Feature","properties":{"kind":"road","id":"road-1445733440-0","name":"Unnamed mapped tertiary","osmWay":1445733440,"major":false,"bridge":false},"geometry":{"type":"LineString","coordinates":[[7.4442819,10.6105629],[7.4443742,10.6104896]]}},{"type":"Feature","properties":{"kind":"road","id":"road-1445733441-0","name":"Unnamed mapped tertiary","osmWay":1445733441,"major":false,"bridge":false},"geometry":{"type":"LineString","coordinates":[[7.4463784,10.6128573],[7.4461866,10.6128748]]}},{"type":"Feature","properties":{"kind":"road","id":"road-1446760691-0","name":"Unnamed mapped tertiary","osmWay":1446760691,"major":false,"bridge":false},"geometry":{"type":"LineString","coordinates":[[7.4470398,10.6106467],[7.4459568,10.6120374]]}},{"type":"Feature","properties":{"kind":"road","id":"road-1446760692-0","name":"Unnamed mapped tertiary","osmWay":1446760692,"major":false,"bridge":false},"geometry":{"type":"LineString","coordinates":[[7.4463784,10.6128573],[7.4465745,10.6126799]]}},{"type":"Feature","properties":{"kind":"road","id":"road-1486110828-0","name":"Unnamed mapped secondary_link","osmWay":1486110828,"major":false,"bridge":false},"geometry":{"type":"LineString","coordinates":[[7.4742399,10.554002],[7.4742143,10.5540629]]}},{"type":"Feature","properties":{"kind":"road","id":"road-1486116631-0","name":"Unnamed mapped trunk_link","osmWay":1486116631,"major":false,"bridge":false},"geometry":{"type":"LineString","coordinates":[[7.400518,10.5262162],[7.400437,10.5262585]]}},{"type":"Feature","properties":{"kind":"rail","id":"rail-39405295-0","name":"Unnamed mapped rail","osmWay":39405295,"major":false,"bridge":false},"geometry":{"type":"LineString","coordinates":[[7.3988013,10.4681516],[7.3986352,10.4675406],[7.3979502,10.4542934],[7.3983013,10.4455694]]}},{"type":"Feature","properties":{"kind":"rail","id":"rail-39405295-1","name":"Unnamed mapped rail","osmWay":39405295,"major":false,"bridge":false},"geometry":{"type":"LineString","coordinates":[[7.3992425,10.4688818],[7.3990444,10.4686243]]}},{"type":"Feature","properties":{"kind":"rail","id":"rail-39405295-2","name":"Unnamed mapped rail","osmWay":39405295,"major":false,"bridge":false},"geometry":{"type":"LineString","coordinates":[[7.4170416,10.4944549],[7.4155957,10.4901338],[7.415475,10.487197],[7.4150792,10.4858887],[7.4146753,10.4851649],[7.4120865,10.4814709],[7.410542,10.479565],[7.4059324,10.4732419],[7.4024134,10.4715792],[7.4009458,10.4704683]]}},{"type":"Feature","properties":{"kind":"rail","id":"rail-161134255-0","name":"Linking Line","osmWay":161134255,"major":false,"bridge":false},"geometry":{"type":"LineString","coordinates":[[7.4155919,10.4890157],[7.4157392,10.4846639],[7.4159945,10.4837528],[7.4164772,10.4828894],[7.4176182,10.4818847],[7.421662,10.4801256],[7.4227521,10.4794926],[7.4235503,10.4786824],[7.4240138,10.4777033],[7.424237,10.4761926],[7.4241082,10.4752726],[7.4220655,10.4691957],[7.4218337,10.4677947],[7.4218423,10.4664189],[7.4221426,10.4647221],[7.4241254,10.4606879],[7.4242198,10.4599114],[7.4241426,10.4572949],[7.4245717,10.4561554],[7.4254815,10.4549906],[7.4264257,10.4544166],[7.4272067,10.4541296],[7.4346644,10.4524839]]}},{"type":"Feature","properties":{"kind":"rail","id":"rail-161134258-0","name":"Unnamed mapped rail","osmWay":161134258,"major":false,"bridge":false},"geometry":{"type":"LineString","coordinates":[[7.4155919,10.4890157],[7.415631,10.4896379],[7.4161181,10.4911084]]}},{"type":"Feature","properties":{"kind":"rail","id":"rail-418043606-0","name":"Unnamed mapped rail","osmWay":418043606,"major":false,"bridge":false},"geometry":{"type":"LineString","coordinates":[[7.4247956,10.5360597],[7.4265867,10.5423115]]}},{"type":"Feature","properties":{"kind":"rail","id":"rail-616406065-0","name":"Unnamed mapped rail","osmWay":616406065,"major":false,"bridge":false},"geometry":{"type":"LineString","coordinates":[[7.4208204,10.499492],[7.4194024,10.4989707],[7.4184648,10.4982115],[7.4180798,10.4975425],[7.4170416,10.4944549]]}},{"type":"Feature","properties":{"kind":"rail","id":"rail-1333109744-0","name":"Unnamed mapped rail","osmWay":1333109744,"major":false,"bridge":false},"geometry":{"type":"LineString","coordinates":[[7.4612484,10.6104373],[7.4531598,10.6010017],[7.4519835,10.5994172],[7.4505294,10.5968489],[7.4476456,10.5890337],[7.4431654,10.5760296],[7.4419423,10.5696606],[7.4423132,10.5669563]]}},{"type":"Feature","properties":{"kind":"rail","id":"rail-1333110311-0","name":"Unnamed mapped rail","osmWay":1333110311,"major":false,"bridge":false},"geometry":{"type":"LineString","coordinates":[[7.4423132,10.5669563],[7.4444383,10.5552702],[7.4447274,10.5523834],[7.4442551,10.5509524],[7.4431222,10.5500084],[7.4389686,10.5477199],[7.4369935,10.5472908],[7.4304221,10.5463111],[7.4289415,10.5457909],[7.4281965,10.5452754],[7.4272841,10.5442222],[7.4267882,10.5432331],[7.4265867,10.5423115]]}},{"type":"Feature","properties":{"kind":"rail","id":"rail-1365705264-0","name":"Unnamed mapped rail","osmWay":1365705264,"major":false,"bridge":true},"geometry":{"type":"LineString","coordinates":[[7.4217797,10.4998359],[7.4208204,10.499492]]}},{"type":"Feature","properties":{"kind":"rail","id":"rail-1365705265-0","name":"Unnamed mapped rail","osmWay":1365705265,"major":false,"bridge":false},"geometry":{"type":"LineString","coordinates":[[7.4218387,10.4998521],[7.4217797,10.4998359]]}}]}
