{"type":"FeatureCollection","metadata":{"source":"Geofabrik Nigeria OSM extract, OpenStreetMap contributors, ODbL 1.0; geoBoundaries gbOpen GRID3 2022, CC BY 4.0","surfaceFormatVersion":1,"pbfUrl":"https://download.geofabrik.de/africa/nigeria-261003.osm.pbf","pbfDate":"2026-10-03","pbfSha256":"6dfa568106792fb8a9bba0b12a91e1edfb789d38c452087b2c48bc58326880b5","pbfBytes":709273731,"boundaryRelease":"9469f09","adm1Sha256":"64fa218ac3d453cc1e66412ff461c5dfa1a4a1ade0da93b239a9891b587d28f9","adm2Sha256":"bef7f2cfa45e012f4772eaa61c7b99e5188aeba4d5c6badae7e9f9aae8c02fcd","cityId":"maiduguri","stateId":"borno","stateSourceName":"Borno","localUnits":[["maiduguri","Maiduguri"],["jere","Jere"]],"coordinatePrecisionDegrees":1e-07,"transportSimplificationDegrees":8e-05,"locationIndex":"sparse_file_array","waterObjects":[["relation",18095188],["relation",18095211],["way",38522196],["way",169788468],["way",185332470],["way",335366251],["way",335366252],["way",335366253],["way",472035664],["way",472036715],["way",487504081],["way",858708826],["way",873371614],["way",873371615],["way",873371616],["way",873371617],["way",876405775],["way",876405776],["way",876405777],["way",876405778],["way",985154680],["way",1171272281],["way",1318760381],["way",1318760382],["way",1318760383],["way",1318762030],["way",1318762031],["way",1318762033],["way",1318762034],["way",1318763596],["way",1318763597],["way",1318764678],["way",1318764679],["way",1318764680],["way",1318765744],["way",1318766270],["way",1318766272],["way",1318766778],["way",1318766779],["way",1318766780],["way",1318767131],["way",1318961731],["way",1318961732],["way",1318961733],["way",1318961734]]},"features":[{"type":"Feature","properties":{"kind":"state","id":"state:borno","localUnitId":"borno","name":"Borno"},"geometry":{"type":"Polygon","coordinates":[[[11.8357254,10.0338945],[11.8319816,10.0345363],[11.8242483,10.0351312],[11.8208203,10.0351693],[11.8135407,10.0352502],[11.8017624,10.035845],[11.7899341,10.0393047],[11.7851205,10.0457789],[11.784484,10.0489608],[11.7833749,10.051773],[11.7824331,10.0538709],[11.7802588,10.0595226],[11.7728191,10.069067],[11.7667301,10.0768786],[11.7646043,10.076872],[11.76065,10.0789574],[11.7562344,10.08341],[11.7554154,10.0882416],[11.7546475,10.0916363],[11.7543553,10.0932546],[11.7537276,10.095599],[11.7537654,10.096751],[11.7520376,10.0991611],[11.7514893,10.1007615],[11.7516611,10.1019017],[11.7501072,10.1041129],[11.736041,10.1178043],[11.7314011,10.1431456],[11.7275277,10.1461619],[11.7257907,10.1501594],[11.710892,10.1732686],[11.6956926,10.1878066],[11.686826,10.1899245],[11.6710485,10.1972963],[11.6672702,10.1980489],[11.6602193,10.1994533],[11.6585315,10.20011],[11.6564991,10.2009008],[11.6546823,10.2002196],[11.650874,10.2006369],[11.6481071,10.2011563],[11.6462903,10.2033701],[11.6423106,10.2037958],[11.6395421,10.2031147],[11.6384174,10.2041364],[11.6366006,10.2062651],[11.6337456,10.2081383],[11.6308041,10.2080532],[11.6285547,10.2084789],[11.6231042,10.2096709],[11.6212008,10.2127362],[11.6164425,10.2167379],[11.6119437,10.2199734],[11.6099538,10.2241453],[11.6117707,10.2279767],[11.6140201,10.2284875],[11.616702,10.2285727],[11.6179133,10.2300201],[11.6179133,10.2316377],[11.6157504,10.2341919],[11.6139335,10.2370866],[11.6131549,10.2410029],[11.6141066,10.2448341],[11.6123763,10.2490909],[11.6085435,10.2509058],[11.6039582,10.2525233],[11.5994594,10.2549071],[11.59721,10.2570354],[11.5954797,10.2604407],[11.5950471,10.2639311],[11.594528,10.2704861],[11.5926247,10.2753384],[11.5897697,10.2825742],[11.5866551,10.2858941],[11.5814642,10.2866602],[11.5785227,10.2897247],[11.5751486,10.2921082],[11.571861,10.2899801],[11.5699576,10.2886181],[11.5678813,10.2932999],[11.5642476,10.2967048],[11.5612196,10.2973858],[11.5565477,10.2962792],[11.5514759,10.2901107],[11.5496265,10.2964494],[11.5464763,10.3007767],[11.5463346,10.3028275],[11.5459767,10.3078372],[11.5442626,10.3149204],[11.5447768,10.3181249],[11.5423783,10.3174806],[11.5389845,10.3165674],[11.5370899,10.3161653],[11.5352182,10.3155514],[11.5351699,10.3155373],[11.5333571,10.3150078],[11.5333168,10.3149961],[11.5307023,10.314353],[11.529811,10.3140315],[11.5293356,10.3136223],[11.5296535,10.3146979],[11.5299892,10.315493],[11.5301378,10.3168375],[11.5301571,10.3169487],[11.530278,10.3176455],[11.5302885,10.3177061],[11.5303458,10.318036],[11.5307023,10.3187959],[11.5313559,10.3193513],[11.5318907,10.3202574],[11.5325591,10.321274],[11.533202,10.3222518],[11.5341189,10.323911],[11.5345349,10.3254017],[11.5346158,10.3260883],[11.535726,10.3271035],[11.5396898,10.3272569],[11.5407064,10.3272797],[11.5407749,10.3272817],[11.5463236,10.3274059],[11.5461659,10.3287091],[11.5453809,10.3306696],[11.5447194,10.3323215],[11.5439165,10.3343265],[11.5442626,10.3385821],[11.5434839,10.3420716],[11.5446086,10.3434334],[11.5479122,10.3528104],[11.5491019,10.3597108],[11.5524332,10.3685148],[11.5608803,10.3705373],[11.5629028,10.3756532],[11.5657184,10.3812197],[11.5674487,10.3820707],[11.5685555,10.3835223],[11.5687019,10.3846488],[11.5699378,10.385135],[11.5740639,10.3853075],[11.5786181,10.3866906],[11.5830522,10.3883639],[11.5854217,10.3892581],[11.5869134,10.3897185],[11.5898247,10.3906171],[11.5924621,10.3914312],[11.5970039,10.3950116],[11.597733,10.4011621],[11.5989255,10.4063804],[11.5990713,10.4127726],[11.5981541,10.4176202],[11.6007481,10.4222114],[11.6025106,10.4272551],[11.619695,10.4422439],[11.6364318,10.4493591],[11.6494845,10.4543502],[11.6552082,10.4564426],[11.6564729,10.4606077],[11.6566781,10.4681943],[11.6569272,10.4732069],[11.6610834,10.4862921],[11.6568403,10.4897111],[11.6595053,10.4933755],[11.6621227,10.4958501],[11.662757,10.4968198],[11.6551555,10.5034297],[11.6376777,10.5186279],[11.6323665,10.5208149],[11.5998363,10.5342096],[11.572779,10.5725882],[11.5756423,10.5798083],[11.5833073,10.5938692],[11.5936699,10.5975904],[11.603618,10.5999496],[11.6162707,10.6009934],[11.6268819,10.6023863],[11.6389817,10.6106585],[11.6566579,10.6139888],[11.6799277,10.6251765],[11.7057223,10.6311054],[11.7143481,10.6340948],[11.7331244,10.6471188],[11.7537488,10.6625634],[11.7669607,10.7057637],[11.7673823,10.722734],[11.7654671,10.7303607],[11.7639288,10.7381866],[11.7621067,10.7528728],[11.7615219,10.7602382],[11.7608385,10.7731436],[11.7599075,10.781989],[11.7576702,10.7928657],[11.7575896,10.7942019],[11.7575581,10.7943939],[11.7575259,10.7945859],[11.7574929,10.7947777],[11.75739,10.7953523],[11.7573854,10.7953772],[11.7573807,10.7954021],[11.7573776,10.7954187],[11.7573745,10.7954352],[11.7573714,10.7954518],[11.7573682,10.7954684],[11.757365,10.7954849],[11.7573619,10.7955015],[11.7573587,10.7955181],[11.7573555,10.7955346],[11.7573522,10.7955512],[11.7573474,10.795576],[11.7565546,10.7996009],[11.7560474,10.802176],[11.7560425,10.8022006],[11.7560376,10.8022253],[11.7560126,10.8023484],[11.7560074,10.802373],[11.7560023,10.8023976],[11.7559988,10.802414],[11.7559954,10.8024304],[11.7559919,10.8024468],[11.7559867,10.8024713],[11.7559831,10.8024877],[11.7559796,10.8025041],[11.7559761,10.8025204],[11.7559599,10.8025941],[11.7559544,10.8026186],[11.755921,10.8027656],[11.7559172,10.8027819],[11.7559134,10.8027982],[11.7559096,10.8028145],[11.7558922,10.8028879],[11.7558883,10.8029041],[11.7558843,10.8029204],[11.7558804,10.8029367],[11.7558725,10.8029693],[11.7558645,10.8030018],[11.7558565,10.8030343],[11.7558484,10.8030668],[11.7558402,10.8030993],[11.755832,10.8031318],[11.7558258,10.8031561],[11.7558227,10.8031682],[11.7558196,10.8031803],[11.7558165,10.8031924],[11.7558133,10.8032048],[11.7557878,10.803302],[11.7557835,10.8033182],[11.7557792,10.8033344],[11.7557749,10.8033506],[11.7557673,10.8033789],[11.7557596,10.8034072],[11.755752,10.8034355],[11.7557442,10.8034638],[11.7557364,10.803492],[11.7557286,10.8035203],[11.7557241,10.8035364],[11.7557196,10.8035525],[11.7557151,10.8035686],[11.7557105,10.8035848],[11.7557059,10.8036009],[11.7557014,10.803617],[11.7556968,10.8036331],[11.7556922,10.8036492],[11.7556876,10.8036653],[11.7556525,10.803786],[11.7556477,10.803802],[11.755643,10.803818],[11.7556382,10.8038341],[11.755631,10.8038582],[11.7556262,10.8038742],[11.7556213,10.8038903],[11.7556165,10.8039063],[11.7556116,10.8039223],[11.7556068,10.8039384],[11.7556019,10.8039544],[11.755597,10.8039704],[11.7555921,10.8039864],[11.7555871,10.8040024],[11.7555822,10.8040184],[11.7555772,10.8040344],[11.7555723,10.8040504],[11.7555673,10.8040664],[11.7555623,10.8040824],[11.7555573,10.8040983],[11.7555522,10.8041143],[11.7555471,10.8041303],[11.7555421,10.8041463],[11.7555345,10.8041702],[11.7555268,10.8041942],[11.7544876,10.8067438],[11.7530599,10.8095992],[11.7522876,10.8111438],[11.7522308,10.8112565],[11.7522232,10.8112715],[11.7522155,10.8112865],[11.7522079,10.8113015],[11.7521964,10.8113239],[11.7521887,10.8113389],[11.752181,10.8113539],[11.7521733,10.8113688],[11.7521617,10.8113913],[11.7521539,10.8114062],[11.7521461,10.8114211],[11.7521384,10.811436],[11.7521305,10.8114509],[11.7521227,10.8114659],[11.7521149,10.8114808],[11.7520677,10.81157],[11.7520617,10.8115811],[11.7520558,10.8115923],[11.7520498,10.8116034],[11.7520439,10.8116145],[11.7520379,10.8116257],[11.7520319,10.8116368],[11.7520239,10.8116516],[11.7520159,10.8116664],[11.7520079,10.8116812],[11.7518983,10.8118803],[11.7518901,10.811895],[11.7518818,10.8119097],[11.7518736,10.8119244],[11.7518363,10.8119903],[11.7517735,10.8121],[11.7517651,10.8121145],[11.7517566,10.8121291],[11.7517482,10.8121436],[11.7517355,10.8121655],[11.7517227,10.8121873],[11.7516843,10.8122526],[11.7516757,10.8122671],[11.7516671,10.8122816],[11.7516585,10.8122961],[11.7516499,10.8123106],[11.7516413,10.8123251],[11.7516327,10.8123395],[11.7515279,10.8125124],[11.751519,10.8125267],[11.7515102,10.8125411],[11.7515014,10.8125554],[11.7514925,10.8125697],[11.7514836,10.8125841],[11.7514747,10.8125984],[11.7514658,10.8126127],[11.7514569,10.812627],[11.751448,10.8126413],[11.7514076,10.8127054],[11.7513941,10.8127268],[11.7513124,10.8128546],[11.7512435,10.8129605],[11.7496767,10.8150118],[11.7460024,10.8181806],[11.7420024,10.8207806],[11.7382256,10.8226471],[11.7337256,10.8242471],[11.7292451,10.8252199],[11.7258332,10.8251879],[11.7167967,10.8241884],[11.6468812,10.8343084],[11.6338088,10.8331412],[11.6328581,10.8529833],[11.632145,10.857185],[11.6351444,10.8649886],[11.6373196,10.8706481],[11.6395421,10.873414],[11.6401776,10.8742048],[11.640249,10.8757039],[11.6418908,10.8759894],[11.6431153,10.8766431],[11.6439609,10.8776312],[11.64546,10.8778454],[11.6466735,10.8783451],[11.648244,10.8780595],[11.6490292,10.8771316],[11.6503141,10.8771316],[11.6510279,10.8781309],[11.6508138,10.8804152],[11.6526697,10.8804152],[11.6545257,10.8800583],[11.6557419,10.8795516],[11.6570242,10.8802011],[11.6583091,10.880558],[11.6596541,10.8796191],[11.662378,10.8782023],[11.6642273,10.8786187],[11.6685768,10.8777084],[11.6722289,10.8782023],[11.674183,10.8770859],[11.6768288,10.876792],[11.6869732,10.8840104],[11.6896115,10.8840104],[11.6923923,10.8835903],[11.6980966,10.8868812],[11.7043714,10.8915026],[11.7063623,10.8945849],[11.7061243,10.8972023],[11.7062433,10.8993438],[11.70779,10.9001766],[11.7104074,10.9008905],[11.712192,10.9017233],[11.7146904,10.9004146],[11.7170699,10.8995818],[11.7177837,10.8974403],[11.7182557,10.8970256],[11.7192256,10.8961736],[11.7198236,10.8954406],[11.7221381,10.8960304],[11.723197,10.8974224],[11.7241077,10.8986686],[11.7243272,10.8989691],[11.7258739,10.899207],[11.7264956,10.8992548],[11.7289672,10.899445],[11.731763,10.9001588],[11.7333954,10.9009487],[11.7336071,10.9010511],[11.7337856,10.9025977],[11.7335975,10.90458],[11.7346779,10.906048],[11.7372358,10.9064049],[11.7372358,10.9079515],[11.7377265,10.9094236],[11.7378901,10.9099146],[11.7386635,10.9110448],[11.7396153,10.9106879],[11.7396129,10.9106585],[11.7394963,10.9092007],[11.7402101,10.9087249],[11.7415188,10.9084274],[11.7427086,10.9080705],[11.7432439,10.9087249],[11.7431844,10.9099146],[11.7422921,10.9108069],[11.7413278,10.9117812],[11.7413998,10.9128294],[11.7419523,10.9148299],[11.7428275,10.9155063],[11.744969,10.9156253],[11.7460398,10.9161012],[11.7465157,10.9174694],[11.7478244,10.9175883],[11.7488357,10.916696],[11.7499064,10.9159822],[11.7520479,10.9163986],[11.7527023,10.9171124],[11.7541895,10.9182427],[11.7550223,10.919016],[11.7562715,10.9184806],[11.7569258,10.9175883],[11.7576992,10.9165771],[11.7588294,10.9159822],[11.7602492,10.9153287],[11.7617442,10.9159822],[11.7628745,10.9171124],[11.7632123,10.9181],[11.7635883,10.9195514],[11.7637668,10.921336],[11.7647186,10.9228232],[11.7662652,10.9219903],[11.7671575,10.9203842],[11.7678661,10.9200304],[11.7682878,10.9207411],[11.7691801,10.9227637],[11.7704888,10.9237155],[11.7717197,10.9240353],[11.7732251,10.9239534],[11.7744149,10.923537],[11.7758425,10.9237155],[11.7752477,10.9256785],[11.7748313,10.9278379],[11.7755451,10.9294797],[11.7757593,10.9313357],[11.7767586,10.9331917],[11.778686,10.9344766],[11.7797568,10.9344766],[11.782398,10.9349049],[11.783326,10.9366181],[11.7888283,10.9340607],[11.7898933,10.93362],[11.7929628,10.9347621],[11.7953898,10.9352618],[11.7977455,10.9367608],[11.798959,10.9381885],[11.8001471,10.9376986],[11.7999584,10.9364039],[11.8009578,10.935119],[11.8007436,10.9334772],[11.8018857,10.9326206],[11.8033848,10.9327634],[11.8039559,10.9344766],[11.8052408,10.9364753],[11.8064543,10.9376888],[11.8082389,10.9377602],[11.8104518,10.9381885],[11.8119509,10.9396162],[11.8135213,10.9394734],[11.8157342,10.9386882],[11.816805,10.9389737],[11.8175902,10.9401873],[11.8184468,10.9415436],[11.8185896,10.9425429],[11.8178043,10.944042],[11.8185896,10.9450414],[11.8196603,10.9445417],[11.8215877,10.9426143],[11.823515,10.9410439],[11.8258707,10.9394021],[11.8289402,10.9384027],[11.8316545,10.9383931],[11.8332237,10.9383876],[11.8341512,10.9392593],[11.8357917,10.9383786],[11.8358645,10.9371178],[11.8397973,10.9373703],[11.8413609,10.938359],[11.8457152,10.9383437],[11.8467153,10.9383401],[11.8466434,10.9365467],[11.8467862,10.9353332],[11.8491418,10.9346907],[11.8496103,10.9346689],[11.8522113,10.934548],[11.8548526,10.9349763],[11.8544956,10.9362612],[11.8544789,10.9383128],[11.8559637,10.9387126],[11.8577574,10.9385358],[11.859333,10.9380844],[11.8611033,10.938427],[11.862017,10.9399118],[11.8623377,10.9415218],[11.862017,10.9422532],[11.8621754,10.9430138],[11.8628736,10.9435096],[11.8640729,10.942653],[11.8653292,10.942139],[11.8666427,10.9415108],[11.8688699,10.9419106],[11.8690983,10.9425388],[11.8698407,10.9436238],[11.8708115,10.9445375],[11.8717252,10.9445946],[11.8725818,10.9438522],[11.8736669,10.9435096],[11.8746377,10.9445375],[11.875949,10.9464947],[11.8771504,10.9471644],[11.8766364,10.948535],[11.875894,10.9505337],[11.8761793,10.9524112],[11.877493,10.9525896],[11.8780721,10.9537301],[11.8793533,10.954623],[11.8804283,10.9544027],[11.8812243,10.9559267],[11.8822129,10.9566156],[11.8832837,10.9577578],[11.8843544,10.9577578],[11.8854966,10.9567584],[11.8862818,10.9566156],[11.8872812,10.9549024],[11.8884233,10.9551166],[11.8903507,10.955759],[11.8903507,10.9574009],[11.8916356,10.9580433],[11.893206,10.9588285],[11.8942054,10.9586858],[11.8945017,10.9599788],[11.8947765,10.9620408],[11.8962755,10.963754],[11.8969894,10.9657528],[11.8987026,10.9664666],[11.8995736,10.9688914],[11.9017695,10.9586798],[11.9079478,10.9393095],[11.9079726,10.9393132],[11.9079891,10.9393157],[11.9080057,10.9393183],[11.9080222,10.9393208],[11.9080473,10.9393246],[11.9080723,10.9393285],[11.9081141,10.9393351],[11.9081308,10.9393377],[11.9081475,10.9393404],[11.9081641,10.9393431],[11.9081975,10.9393485],[11.9082142,10.9393512],[11.9082309,10.939354],[11.9082476,10.9393567],[11.9082726,10.9393609],[11.9082976,10.9393651],[11.9083142,10.9393679],[11.9083392,10.9393722],[11.9083559,10.9393751],[11.9083726,10.9393779],[11.9084142,10.9393852],[11.9084475,10.9393911],[11.9085473,10.9394091],[11.9085639,10.9394122],[11.9085805,10.9394153],[11.9085972,10.9394184],[11.9086221,10.939423],[11.908647,10.9394277],[11.9086636,10.9394309],[11.9086802,10.9394341],[11.9086968,10.9394372],[11.9087134,10.9394404],[11.90873,10.9394437],[11.9087466,10.9394469],[11.9087715,10.9394517],[11.9087964,10.9394567],[11.9089455,10.9394869],[11.9089703,10.939492],[11.9089951,10.9394972],[11.9090199,10.9395024],[11.9090447,10.9395077],[11.9091687,10.9395345],[11.9091934,10.93954],[11.9093912,10.939585],[11.9094159,10.9395908],[11.9094406,10.9395966],[11.9094652,10.9396025],[11.9094817,10.9396064],[11.9095146,10.9396143],[11.9095392,10.9396203],[11.9095639,10.9396263],[11.9095885,10.9396323],[11.9096008,10.9396353],[11.9096131,10.9396384],[11.9096254,10.9396414],[11.9096377,10.9396444],[11.9096541,10.9396485],[11.9096705,10.9396526],[11.9096869,10.9396567],[11.9097197,10.939665],[11.9097525,10.9396734],[11.9097852,10.9396818],[11.9098179,10.9396902],[11.9098507,10.9396987],[11.9098834,10.9397073],[11.9099079,10.9397138],[11.9099324,10.9397203],[11.9099446,10.9397236],[11.9099569,10.9397269],[11.9099691,10.9397302],[11.9099814,10.9397334],[11.9100059,10.9397401],[11.9100303,10.9397467],[11.9101037,10.9397669],[11.9101278,10.9397736],[11.9102242,10.9398007],[11.9102403,10.9398053],[11.9102563,10.9398099],[11.9102724,10.9398145],[11.9102965,10.9398215],[11.9103125,10.9398261],[11.9103285,10.9398308],[11.9103445,10.9398354],[11.9104406,10.9398638],[11.9157043,10.9414337],[11.919362,10.9423258],[11.9196584,10.9424008],[11.9203247,10.9425891],[11.9258826,10.9442763],[11.9311043,10.9458337],[11.934762,10.9467258],[11.9347865,10.9467318],[11.934811,10.9467378],[11.9348354,10.9467439],[11.9348599,10.94675],[11.9348843,10.9467561],[11.9349088,10.9467623],[11.9349332,10.9467685],[11.9349576,10.9467747],[11.934982,10.946781],[11.9349983,10.9467852],[11.9350145,10.9467894],[11.9350308,10.9467936],[11.9350552,10.9468],[11.9350674,10.9468032],[11.9350795,10.9468064],[11.9350917,10.9468096],[11.9351039,10.9468128],[11.9351283,10.9468193],[11.9351404,10.9468225],[11.9351526,10.9468258],[11.9351648,10.946829],[11.9351769,10.9468323],[11.9352013,10.9468389],[11.9352256,10.9468455],[11.9352499,10.9468521],[11.935262,10.9468554],[11.9352742,10.9468588],[11.9352863,10.9468621],[11.9352985,10.9468655],[11.9353227,10.9468722],[11.935347,10.946879],[11.9353713,10.9468858],[11.9355166,10.9469274],[11.9355408,10.9469344],[11.935565,10.9469415],[11.9355771,10.9469451],[11.9355892,10.9469486],[11.9356014,10.9469522],[11.9356133,10.9469557],[11.9356294,10.9469605],[11.9356455,10.9469653],[11.9356616,10.9469701],[11.9356857,10.9469774],[11.9357099,10.9469847],[11.935734,10.946992],[11.9359745,10.947067],[11.9359985,10.9470746],[11.9360225,10.9470824],[11.9360464,10.9470901],[11.9360624,10.9470953],[11.9360784,10.9471005],[11.9360944,10.9471057],[11.9361183,10.9471136],[11.9361342,10.9471188],[11.9361502,10.9471241],[11.9361661,10.9471294],[11.9361901,10.9471373],[11.9362139,10.9471453],[11.9362378,10.9471533],[11.9362498,10.9471574],[11.9362617,10.9471614],[11.9362736,10.9471654],[11.9362856,10.9471695],[11.9363094,10.9471776],[11.9364284,10.9472187],[11.93644,10.9472227],[11.9364516,10.9472268],[11.9364631,10.9472308],[11.9364997,10.9472437],[11.9365234,10.9472521],[11.9365392,10.9472578],[11.936555,10.9472634],[11.9365708,10.947269],[11.9365945,10.9472775],[11.9366182,10.9472861],[11.9366418,10.9472947],[11.9366655,10.9473033],[11.9369483,10.9474092],[11.9369718,10.9474182],[11.9369953,10.9474273],[11.9370109,10.9474333],[11.9370265,10.9474394],[11.9370422,10.9474455],[11.9370656,10.9474547],[11.9372374,10.9475231],[11.937248,10.9475274],[11.9374156,10.9475961],[11.9374388,10.9476058],[11.937462,10.9476156],[11.9374852,10.9476253],[11.9376934,10.9477146],[11.9377164,10.9477247],[11.9377855,10.9477551],[11.9378085,10.9477653],[11.9378315,10.9477756],[11.9378545,10.9477858],[11.9378659,10.947791],[11.9378774,10.9477962],[11.9378889,10.9478013],[11.9379004,10.9478065],[11.9379157,10.9478134],[11.9379309,10.9478203],[11.9379462,10.9478273],[11.9379729,10.9478394],[11.9379996,10.9478517],[11.9380263,10.9478639],[11.938053,10.9478762],[11.9380796,10.9478886],[11.9381062,10.947901],[11.9410049,10.9492537],[11.944003,10.9506077],[11.944026,10.9506181],[11.944049,10.9506286],[11.9441867,10.9506919],[11.9442096,10.9507026],[11.9443923,10.9507892],[11.944415,10.9508002],[11.9444378,10.9508112],[11.944574,10.9508778],[11.9446418,10.9509116],[11.9446569,10.9509191],[11.9446719,10.9509267],[11.944687,10.9509342],[11.9447096,10.9509456],[11.9447321,10.950957],[11.9448895,10.9510377],[11.9449007,10.9510436],[11.9449119,10.9510494],[11.9449231,10.9510553],[11.9449343,10.9510611],[11.9449567,10.9510728],[11.9450163,10.9511042],[11.945046,10.95112],[11.9450609,10.9511279],[11.9450758,10.9511359],[11.9450906,10.9511438],[11.9451129,10.9511557],[11.9451795,10.9511917],[11.9452017,10.9512038],[11.9452239,10.9512159],[11.9453786,10.9513014],[11.9454006,10.9513137],[11.9454226,10.9513261],[11.945598,10.9514261],[11.9457723,10.9515281],[11.945794,10.951541],[11.9458157,10.9515539],[11.9458374,10.9515668],[11.9458482,10.9515733],[11.945859,10.9515798],[11.9458698,10.9515863],[11.9458879,10.9515971],[11.9459059,10.951608],[11.9459239,10.9516189],[11.9459382,10.9516276],[11.9459526,10.9516364],[11.945967,10.9516451],[11.9459813,10.9516539],[11.9459957,10.9516627],[11.94601,10.9516714],[11.9460315,10.9516847],[11.946053,10.9516979],[11.9460744,10.9517112],[11.9460887,10.9517201],[11.946103,10.9517289],[11.9461173,10.9517378],[11.9461387,10.9517512],[11.9461601,10.9517646],[11.9461814,10.951778],[11.9462454,10.9518184],[11.9462596,10.9518275],[11.9462738,10.9518365],[11.9462879,10.9518455],[11.9463092,10.9518591],[11.9464151,10.9519276],[11.9464292,10.9519368],[11.9464432,10.9519459],[11.9464573,10.9519551],[11.9466254,10.9520666],[11.9466464,10.9520807],[11.9466673,10.9520948],[11.9466882,10.9521089],[11.9467021,10.9521184],[11.946716,10.9521278],[11.9467299,10.9521373],[11.9467507,10.9521515],[11.9467715,10.9521657],[11.9467853,10.9521752],[11.9467992,10.9521848],[11.946813,10.9521943],[11.9468338,10.9522086],[11.9468545,10.952223],[11.9468752,10.9522374],[11.9469784,10.9523097],[11.9469921,10.9523194],[11.9470058,10.9523291],[11.9470195,10.9523389],[11.94704,10.9523535],[11.9470605,10.9523681],[11.947081,10.9523828],[11.9471015,10.9523975],[11.9471219,10.9524122],[11.9471424,10.952427],[11.9471628,10.9524418],[11.9473656,10.9525912],[11.9473757,10.9525987],[11.9473858,10.9526063],[11.9473958,10.9526138],[11.9474059,10.9526214],[11.947426,10.9526365],[11.9474461,10.9526517],[11.9474562,10.9526593],[11.9474662,10.9526669],[11.9474763,10.9526745],[11.9474863,10.9526822],[11.9595863,10.9618822],[11.9596892,10.9619609],[11.9603196,10.9624706],[11.9671689,10.9682734],[11.9745618,10.9868797],[11.9827852,10.9921335],[11.9936988,10.9917586],[11.9988816,10.9977388],[11.9999922,10.9990201],[12.0004923,10.9996233],[12.0038072,11.0038029],[12.0099664,11.0086958],[12.0128878,11.0110165],[12.0169867,11.0156222],[12.0196091,11.0198519],[12.023158,11.0243143],[12.0283483,11.0327828],[12.0312867,11.0375222],[12.031663,11.038158],[12.0347577,11.0436399],[12.0352771,11.0443901],[12.0363965,11.0452133],[12.042539,11.0492593],[12.0566949,11.0485203],[12.0664835,11.0460076],[12.0943433,11.0384695],[12.1260077,11.037815],[12.1261584,11.0378317],[12.1261835,11.0378346],[12.1265139,11.0378763],[12.1266236,11.0378922],[12.1268263,11.0379214],[12.1268434,11.0379242],[12.1269744,11.0379455],[12.1271464,11.0379734],[12.127172,11.0379781],[12.1271962,11.0379821],[12.1273577,11.0380117],[12.1274655,11.0380312],[12.1274816,11.0380344],[12.1276886,11.0380758],[12.1277836,11.0380948],[12.1281004,11.0381641],[12.128125,11.0381697],[12.1281456,11.0381744],[12.1281661,11.0381792],[12.1281866,11.038184],[12.1282071,11.0381888],[12.1282276,11.0381936],[12.1282481,11.0381984],[12.1282727,11.0382043],[12.1282891,11.0382082],[12.1283054,11.0382121],[12.1283218,11.0382161],[12.1283382,11.03822],[12.1283546,11.038224],[12.1283709,11.038228],[12.1328709,11.039328],[12.1328914,11.039333],[12.1329119,11.039338],[12.1329323,11.0393431],[12.1329528,11.0393482],[12.1329732,11.0393533],[12.1329937,11.0393585],[12.1330182,11.0393646],[12.1331162,11.0393898],[12.1331407,11.0393961],[12.1331652,11.0394025],[12.1331896,11.039409],[12.1332141,11.0394155],[12.1332385,11.039422],[12.133263,11.0394285],[12.1332874,11.0394351],[12.1333118,11.0394417],[12.1333362,11.0394483],[12.1333606,11.039455],[12.133385,11.0394617],[12.1334094,11.0394685],[12.1334337,11.0394752],[12.1334581,11.0394821],[12.1334824,11.0394889],[12.1335068,11.0394958],[12.133523,11.0395004],[12.1335392,11.039505],[12.1335554,11.0395097],[12.1335798,11.0395167],[12.1336041,11.0395237],[12.1336283,11.0395307],[12.1336526,11.0395378],[12.1336769,11.0395449],[12.1337012,11.0395521],[12.1337254,11.0395593],[12.1337496,11.0395665],[12.1337698,11.0395726],[12.13379,11.0395786],[12.1338102,11.0395847],[12.1338304,11.0395908],[12.1338505,11.039597],[12.1338707,11.0396031],[12.1338949,11.0396106],[12.133911,11.0396156],[12.1339271,11.0396205],[12.1339432,11.0396255],[12.1339593,11.0396306],[12.1339754,11.0396356],[12.1339915,11.0396406],[12.134112,11.039679],[12.1341281,11.0396842],[12.1341441,11.0396893],[12.1341601,11.0396945],[12.1341922,11.039705],[12.1342243,11.0397155],[12.1342563,11.0397261],[12.1342883,11.0397367],[12.1343203,11.0397474],[12.1343522,11.0397582],[12.1343762,11.0397663],[12.1344161,11.0397799],[12.134448,11.0397908],[12.1345197,11.0398156],[12.1345436,11.039824],[12.1347342,11.0398919],[12.134758,11.0399006],[12.1347778,11.0399078],[12.1347976,11.039915],[12.1348174,11.0399223],[12.1348371,11.0399296],[12.1348569,11.0399369],[12.1348767,11.0399443],[12.1349004,11.0399531],[12.1350187,11.0399978],[12.1350344,11.0400039],[12.1350501,11.0400099],[12.1350659,11.0400159],[12.1350895,11.0400251],[12.1351131,11.0400342],[12.1351288,11.0400403],[12.1351445,11.0400465],[12.1351602,11.0400526],[12.1351837,11.0400618],[12.1352073,11.0400711],[12.1352308,11.0400804],[12.1352465,11.0400867],[12.1352621,11.0400929],[12.1352778,11.0400991],[12.1353013,11.0401085],[12.1353716,11.040137],[12.1353951,11.0401465],[12.1354886,11.040185],[12.1355587,11.0402142],[12.135582,11.040224],[12.1356053,11.0402338],[12.1357448,11.0402935],[12.135768,11.0403036],[12.1357835,11.0403103],[12.1357989,11.0403171],[12.1358144,11.0403238],[12.1358376,11.040334],[12.135853,11.0403408],[12.1358684,11.0403476],[12.1358839,11.0403544],[12.135907,11.0403647],[12.1359301,11.040375],[12.1359455,11.0403819],[12.1359609,11.0403887],[12.1359762,11.0403956],[12.1362062,11.040501],[12.1422707,11.0433311],[12.1467062,11.045401],[12.1467291,11.0454117],[12.1467519,11.0454224],[12.1467671,11.0454296],[12.1467823,11.0454368],[12.1467975,11.045444],[12.1471152,11.0455986],[12.1471378,11.0456099],[12.1471604,11.0456212],[12.1471829,11.0456325],[12.1472055,11.0456439],[12.1472242,11.0456534],[12.147243,11.0456629],[12.1472617,11.0456725],[12.1472804,11.045682],[12.1472992,11.0456916],[12.1473179,11.0457012],[12.1473403,11.0457128],[12.1473627,11.0457244],[12.1473851,11.045736],[12.1475191,11.0458063],[12.1475414,11.0458182],[12.1475637,11.04583],[12.1475859,11.0458419],[12.1476081,11.0458538],[12.1476303,11.0458658],[12.1476525,11.0458778],[12.1476747,11.0458898],[12.1476969,11.0459018],[12.147719,11.0459139],[12.1477559,11.0459341],[12.1477927,11.0459544],[12.1478294,11.0459748],[12.1478661,11.0459952],[12.1479028,11.0460157],[12.1479394,11.0460363],[12.1479541,11.0460446],[12.1479687,11.0460529],[12.1479833,11.0460612],[12.1480052,11.0460737],[12.1480927,11.0461239],[12.1481145,11.0461365],[12.1481363,11.0461491],[12.1482234,11.0462001],[12.1482451,11.0462129],[12.1482596,11.0462214],[12.148274,11.04623],[12.1482885,11.0462386],[12.1483029,11.0462472],[12.1483174,11.0462558],[12.1483318,11.0462644],[12.1483534,11.0462773],[12.148375,11.0462903],[12.1483894,11.046299],[12.1484038,11.0463077],[12.1484182,11.0463164],[12.1484397,11.0463294],[12.1485472,11.0463952],[12.1485686,11.0464085],[12.14859,11.0464218],[12.1486079,11.0464328],[12.1486257,11.046444],[12.1486435,11.0464551],[12.1486684,11.0464707],[12.1486933,11.0464864],[12.1487181,11.046502],[12.1487394,11.0465155],[12.1487607,11.046529],[12.1487819,11.0465426],[12.1489933,11.0466796],[12.1490143,11.0466935],[12.1490353,11.0467074],[12.1490458,11.0467143],[12.1490563,11.0467213],[12.1490668,11.0467283],[12.1490842,11.0467399],[12.1491017,11.0467515],[12.1491191,11.0467632],[12.14914,11.0467773],[12.1491609,11.0467913],[12.1492858,11.0468763],[12.1493066,11.0468906],[12.1493273,11.0469049],[12.1493377,11.046912],[12.149348,11.0469192],[12.1493583,11.0469264],[12.1493687,11.0469335],[12.1493894,11.0469479],[12.1494031,11.0469575],[12.1494238,11.046972],[12.1494375,11.0469816],[12.1494512,11.0469912],[12.1495539,11.047064],[12.1495642,11.0470713],[12.1495744,11.0470786],[12.1495846,11.0470859],[12.1495949,11.0470933],[12.1496051,11.0471006],[12.1496153,11.047108],[12.1496357,11.0471227],[12.1496561,11.0471374],[12.1496765,11.0471522],[12.1496866,11.0471596],[12.1496968,11.047167],[12.149707,11.0471744],[12.1497172,11.0471818],[12.1497375,11.0471967],[12.1497577,11.0472116],[12.149778,11.0472265],[12.1499995,11.0473924],[12.1500195,11.0474077],[12.1500395,11.0474229],[12.1500595,11.0474382],[12.1500827,11.0474561],[12.150106,11.0474741],[12.1501292,11.047492],[12.150159,11.0475152],[12.1501887,11.0475384],[12.1502184,11.0475617],[12.1502382,11.0475772],[12.1502579,11.0475928],[12.1503366,11.0476554],[12.1503497,11.0476658],[12.1503628,11.0476763],[12.1503759,11.0476868],[12.1503955,11.0477026],[12.1504183,11.047721],[12.1504411,11.0477395],[12.1504638,11.047758],[12.1504931,11.0477818],[12.1505222,11.0478057],[12.1505513,11.0478297],[12.1505708,11.0478457],[12.1507061,11.0479588],[12.150719,11.0479696],[12.1507318,11.0479805],[12.1507446,11.0479913],[12.1507574,11.0480022],[12.1507702,11.0480131],[12.150783,11.048024],[12.1508021,11.0480404],[12.1508213,11.0480567],[12.1511631,11.0483587],[12.1512512,11.0484389],[12.1513433,11.0485228],[12.151553,11.0487214],[12.1515802,11.0487468],[12.1519088,11.0490726],[12.1519445,11.0491079],[12.1519879,11.0491536],[12.1522916,11.0494728],[12.1523145,11.0494969],[12.1523307,11.0495145],[12.1525652,11.0497743],[12.1526364,11.0498563],[12.1526726,11.0498969],[12.1527109,11.0499423],[12.1530186,11.0503074],[12.1530345,11.0503269],[12.1530451,11.0503399],[12.1530557,11.050353],[12.1530663,11.050366],[12.1530822,11.0503856],[12.153098,11.0504052],[12.1531085,11.0504183],[12.153119,11.0504314],[12.1531295,11.0504445],[12.1531374,11.0504543],[12.1531453,11.0504642],[12.1531531,11.050474],[12.153161,11.0504839],[12.1531688,11.0504937],[12.1531767,11.0505036],[12.1531923,11.0505233],[12.1576965,11.0562025],[12.1598986,11.0588833],[12.1599147,11.058903],[12.1600563,11.0590785],[12.1601003,11.059134],[12.16015,11.0591972],[12.1601994,11.0592606],[12.1602098,11.059274],[12.1602202,11.0592874],[12.1602305,11.0593008],[12.1602408,11.0593142],[12.1602512,11.0593276],[12.1602615,11.0593411],[12.1602769,11.0593612],[12.1602923,11.0593814],[12.1603026,11.0593949],[12.1603128,11.0594083],[12.1603231,11.0594218],[12.1603384,11.0594421],[12.1603537,11.0594623],[12.1604146,11.0595436],[12.1604297,11.0595639],[12.1604449,11.0595843],[12.160535,11.0597071],[12.1605499,11.0597276],[12.1605648,11.0597482],[12.1605895,11.0597825],[12.1605994,11.0597962],[12.1606093,11.0598099],[12.1606191,11.0598237],[12.1606682,11.0598926],[12.1606829,11.0599133],[12.1606926,11.0599271],[12.1607024,11.0599409],[12.1607121,11.0599548],[12.1607267,11.0599755],[12.1607412,11.0599963],[12.1607557,11.0600171],[12.1607702,11.060038],[12.1607798,11.0600519],[12.1607895,11.0600658],[12.1607991,11.0600797],[12.1608135,11.0601006],[12.1608708,11.0601843],[12.160885,11.0602053],[12.1608992,11.0602263],[12.1609417,11.0602895],[12.1609558,11.0603105],[12.1609699,11.0603317],[12.1609792,11.0603457],[12.1609886,11.0603598],[12.1609979,11.0603739],[12.1610119,11.0603951],[12.1610258,11.0604163],[12.1610351,11.0604304],[12.1610444,11.0604445],[12.1610536,11.0604587],[12.1610675,11.0604799],[12.1610813,11.0605012],[12.1612584,11.0607792],[12.1612718,11.0608007],[12.1612807,11.060815],[12.1612896,11.0608294],[12.1612985,11.0608438],[12.1613118,11.0608653],[12.1613251,11.0608869],[12.1614172,11.0610385],[12.1614302,11.0610602],[12.1614432,11.061082],[12.1614562,11.0611038],[12.1614692,11.0611255],[12.1614821,11.0611473],[12.161495,11.0611692],[12.1615206,11.0612128],[12.1615462,11.0612566],[12.1615716,11.0613004],[12.1615969,11.0613443],[12.1616221,11.0613883],[12.1616472,11.0614323],[12.1616596,11.0614544],[12.1616721,11.0614764],[12.1616845,11.0614985],[12.1616969,11.0615206],[12.1617093,11.0615427],[12.1617216,11.0615648],[12.1617584,11.0616313],[12.1617706,11.0616535],[12.1617827,11.0616757],[12.1617949,11.0616979],[12.1618029,11.0617128],[12.161811,11.0617276],[12.1618191,11.0617425],[12.1618271,11.0617573],[12.1618351,11.0617722],[12.1618431,11.061787],[12.1618511,11.0618019],[12.1618591,11.0618168],[12.161867,11.0618317],[12.1619027,11.0618987],[12.1619106,11.0619137],[12.1619184,11.0619286],[12.1619263,11.0619435],[12.1619848,11.0620558],[12.1619925,11.0620708],[12.1620002,11.0620858],[12.162008,11.0621008],[12.1620425,11.0621685],[12.1620539,11.062191],[12.1621331,11.0623495],[12.1621443,11.0623722],[12.1621554,11.0623949],[12.1621666,11.0624177],[12.1622107,11.0625087],[12.1622217,11.0625316],[12.162276,11.0626458],[12.1622868,11.0626687],[12.1622939,11.062684],[12.162301,11.0626993],[12.1623082,11.0627146],[12.1623189,11.0627375],[12.1623295,11.0627605],[12.1623401,11.0627834],[12.1623471,11.0627988],[12.1623542,11.0628141],[12.1623612,11.0628294],[12.1623717,11.0628524],[12.1624238,11.0629677],[12.1624341,11.0629908],[12.1624952,11.0631297],[12.1625053,11.0631529],[12.1625154,11.0631761],[12.1625651,11.0632923],[12.162575,11.0633156],[12.1625848,11.0633389],[12.1625946,11.0633622],[12.1626043,11.0633856],[12.1626334,11.0634556],[12.1626398,11.0634712],[12.1626462,11.0634868],[12.1626526,11.0635024],[12.1626606,11.0635219],[12.1626685,11.0635414],[12.1626764,11.063561],[12.1626843,11.0635805],[12.1626922,11.0636001],[12.1627001,11.0636196],[12.1627094,11.063643],[12.1627343,11.0637056],[12.1627589,11.0637683],[12.1627832,11.063831],[12.1628549,11.0640198],[12.1628638,11.0640435],[12.16289,11.0641145],[12.1628987,11.0641382],[12.1629044,11.064154],[12.1629102,11.0641698],[12.1629159,11.0641857],[12.1629245,11.0642094],[12.1629501,11.0642807],[12.1629585,11.0643045],[12.1629669,11.0643283],[12.1629919,11.0643998],[12.1630002,11.0644236],[12.1630085,11.0644475],[12.1631087,11.0647467],[12.1632036,11.0650476],[12.1653991,11.071273],[12.1654256,11.0713427],[12.1654343,11.0713659],[12.1655202,11.071599],[12.1656028,11.0718332],[12.1656823,11.0720689],[12.16569,11.0720925],[12.1656977,11.0721161],[12.1657029,11.0721319],[12.165708,11.0721476],[12.1657131,11.0721634],[12.1675729,11.0790788],[12.167592,11.0792556],[12.1675997,11.0793315],[12.1676013,11.0793483],[12.167603,11.0793652],[12.1676046,11.0793821],[12.167614,11.0794833],[12.1676155,11.0795001],[12.167617,11.079517],[12.1676185,11.0795339],[12.1676196,11.0795465],[12.1676207,11.0795592],[12.1676218,11.0795719],[12.1676229,11.0795845],[12.167624,11.0795972],[12.167625,11.0796098],[12.1676264,11.0796267],[12.1676278,11.0796436],[12.1676292,11.0796605],[12.1676312,11.0796858],[12.1676325,11.0797027],[12.1676338,11.0797196],[12.1676351,11.0797365],[12.1676364,11.0797534],[12.1676376,11.0797703],[12.1676389,11.0797872],[12.1676407,11.0798125],[12.1676425,11.0798379],[12.1676443,11.0798632],[12.167646,11.0798886],[12.1676477,11.0799139],[12.1676494,11.0799393],[12.167651,11.0799646],[12.1676526,11.07999],[12.1676536,11.0800069],[12.1676546,11.0800238],[12.1676556,11.0800407],[12.1676571,11.0800661],[12.1676585,11.0800914],[12.16766,11.0801168],[12.1676613,11.0801422],[12.1676627,11.0801676],[12.1676858,11.0810426],[12.167686,11.0811091],[12.1676863,11.0812242],[12.1676804,11.0815765],[12.1676676,11.0819286],[12.1676651,11.0819732],[12.1676627,11.0820144],[12.1676478,11.0822804],[12.1676212,11.0826317],[12.1675988,11.0828655],[12.1675937,11.0829189],[12.1674932,11.083725],[12.1674912,11.0837411],[12.1674864,11.083769],[12.1674459,11.0840298],[12.167385,11.0843768],[12.1673526,11.0845418],[12.167339,11.0846116],[12.1671615,11.0854099],[12.1671306,11.0855331],[12.1671264,11.0855495],[12.1671222,11.0855659],[12.167118,11.0855823],[12.1671116,11.0856069],[12.1670923,11.0856805],[12.1670859,11.0857051],[12.1670793,11.0857296],[12.1670395,11.0858765],[12.1670122,11.0859742],[12.1669914,11.0860474],[12.1669272,11.0862665],[12.1669199,11.0862908],[12.166915,11.086307],[12.16691,11.0863232],[12.1669051,11.0863394],[12.1668977,11.0863636],[12.1668927,11.0863798],[12.1668878,11.0863959],[12.1668828,11.0864121],[12.1668703,11.0864525],[12.1668576,11.0864928],[12.1668449,11.0865331],[12.1668321,11.0865734],[12.1668191,11.0866137],[12.1668061,11.0866539],[12.1667504,11.0868225],[12.1667423,11.0868466],[12.1667369,11.0868626],[12.1667315,11.0868786],[12.166726,11.0868946],[12.1666931,11.0869906],[12.1666861,11.0870106],[12.1666792,11.0870305],[12.1666722,11.0870505],[12.1666652,11.0870704],[12.1666581,11.0870904],[12.1666511,11.0871103],[12.1666454,11.0871262],[12.1666397,11.0871421],[12.1666341,11.0871581],[12.1666255,11.087182],[12.1666198,11.0871979],[12.166614,11.0872138],[12.1666083,11.0872297],[12.166538,11.0874201],[12.1665321,11.0874359],[12.1665261,11.0874517],[12.1665201,11.0874676],[12.1665141,11.0874834],[12.1665081,11.0874992],[12.1665021,11.087515],[12.166496,11.0875308],[12.16649,11.0875466],[12.1664839,11.0875623],[12.1664687,11.0876018],[12.1664534,11.0876412],[12.1664379,11.0876806],[12.1664224,11.0877199],[12.1664068,11.0877592],[12.1663911,11.0877984],[12.1663816,11.087822],[12.1663721,11.0878456],[12.1662794,11.0880699],[12.1662678,11.088098],[12.1662558,11.0881259],[12.1662322,11.0881818],[12.1661597,11.0883488],[12.1660855,11.0885152],[12.1660602,11.0885704],[12.1660478,11.088598],[12.1660349,11.0886255],[12.1660096,11.0886807],[12.1659321,11.0888455],[12.1659102,11.0888914],[12.1658937,11.0889257],[12.1658771,11.08896],[12.1658604,11.0889943],[12.1658437,11.0890285],[12.1658268,11.0890627],[12.16581,11.0890969],[12.1657987,11.0891197],[12.1657873,11.0891424],[12.1657264,11.0892634],[12.1656645,11.089384],[12.1656017,11.0895041],[12.1655381,11.0896238],[12.1654735,11.0897429],[12.1654081,11.0898616],[12.1653998,11.0898764],[12.1653916,11.0898912],[12.1653833,11.089906],[12.1653709,11.0899281],[12.1581913,11.1014429],[12.1537303,11.1112386],[12.1530864,11.1167476],[12.1530604,11.1195524],[12.1308498,11.1338991],[12.1224955,11.1389761],[12.1205139,11.1401803],[12.1171103,11.1488304],[12.1146498,11.1557903],[12.1152096,11.1641598],[12.1139297,11.1743803],[12.1144104,11.1791],[12.1142452,11.183361],[12.1136803,11.1876863],[12.1128197,11.1918802],[12.1107502,11.1999302],[12.1086903,11.2079897],[12.1069403,11.21348],[12.1065186,11.2168477],[12.1059799,11.2211504],[12.103935,11.226595],[12.1024537,11.2324319],[12.1018496,11.2372503],[12.1022512,11.2432448],[12.1032225,11.2478418],[12.1074896,11.2560797],[12.1129591,11.2600584],[12.1218595,11.2645397],[12.1304125,11.2692655],[12.1473256,11.2781033],[12.151255,11.2797984],[12.1672001,11.2891397],[12.1749297,11.2940095],[12.176736,11.2952758],[12.1821146,11.2990465],[12.1869001,11.3018599],[12.1941996,11.3115501],[12.1965799,11.3180599],[12.1970596,11.3227797],[12.1979303,11.3285904],[12.1988001,11.3344002],[12.1989603,11.3416796],[12.1998301,11.3474903],[12.2018995,11.3565502],[12.2206267,11.358808],[12.2276217,11.377935],[12.2304965,11.3818025],[12.2326986,11.3844833],[12.2327624,11.3845615],[12.2327783,11.3845811],[12.2328416,11.3846597],[12.2328574,11.3846794],[12.2328731,11.3846991],[12.2328809,11.384709],[12.2328888,11.3847189],[12.2328966,11.3847288],[12.2329045,11.3847386],[12.2329123,11.3847485],[12.2329201,11.3847584],[12.2329357,11.3847783],[12.2329461,11.3847915],[12.2329565,11.3848047],[12.2329669,11.3848179],[12.2329772,11.3848312],[12.2329875,11.3848445],[12.2329979,11.3848577],[12.233075,11.3849575],[12.2330852,11.3849709],[12.2330954,11.3849843],[12.2331056,11.3849976],[12.2331158,11.385011],[12.2331259,11.3850244],[12.2331361,11.3850378],[12.2331513,11.3850579],[12.2331766,11.3850914],[12.2331968,11.3851183],[12.2332043,11.3851283],[12.2332117,11.3851383],[12.2332192,11.3851483],[12.233227,11.3851587],[12.233287,11.3852398],[12.2333317,11.3853008],[12.2334349,11.3854439],[12.2334447,11.3854575],[12.2334544,11.3854712],[12.2334642,11.3854849],[12.2334788,11.3855055],[12.2335223,11.3855673],[12.2335943,11.3856706],[12.2336514,11.3857537],[12.233708,11.3858371],[12.2352559,11.3881302],[12.2394478,11.3920279],[12.2394662,11.3920451],[12.2394785,11.3920566],[12.2394908,11.392068],[12.239503,11.3920795],[12.2395581,11.3921314],[12.2396099,11.3921806],[12.2397039,11.3922708],[12.2397582,11.3923235],[12.2397762,11.3923411],[12.2397882,11.3923529],[12.2398002,11.3923647],[12.2398122,11.3923764],[12.2398302,11.3923941],[12.2398391,11.392403],[12.2398481,11.3924118],[12.2398571,11.3924207],[12.239866,11.3924296],[12.2398779,11.3924414],[12.2398899,11.3924533],[12.2399018,11.3924651],[12.2399196,11.3924829],[12.2399315,11.3924948],[12.2399433,11.3925067],[12.2399552,11.3925186],[12.2399729,11.3925365],[12.2399965,11.3925603],[12.24002,11.3925841],[12.2400435,11.392608],[12.2400846,11.3926502],[12.2401257,11.3926924],[12.2401666,11.3927348],[12.2401782,11.392747],[12.2401898,11.3927591],[12.2402014,11.3927712],[12.240213,11.3927834],[12.2402246,11.3927955],[12.2402362,11.3928077],[12.2402478,11.3928199],[12.2402593,11.3928321],[12.2402709,11.3928443],[12.2402824,11.3928565],[12.2402939,11.3928687],[12.2403054,11.3928809],[12.2403914,11.392973],[12.2404028,11.3929853],[12.2404142,11.3929976],[12.2404256,11.39301],[12.2404369,11.3930223],[12.2404483,11.3930347],[12.2404596,11.393047],[12.240471,11.3930594],[12.2404823,11.3930718],[12.2404936,11.3930842],[12.2405049,11.3930966],[12.2406117,11.3932151],[12.2448117,11.3979151],[12.2452986,11.3984833],[12.2460893,11.3994459],[12.2526023,11.4033285],[12.255572,11.4054773],[12.2593356,11.4101402],[12.2607984,11.4119525],[12.2631201,11.4141022],[12.2633507,11.4143195],[12.2674022,11.4182057],[12.269855,11.4200092],[12.2703058,11.4203517],[12.2810957,11.4285505],[12.2937512,11.4378353],[12.303174,11.4445289],[12.3118895,11.4474671],[12.3220656,11.4508977],[12.3219298,11.4602353],[12.3221296,11.4604634],[12.3262061,11.4651787],[12.3436488,11.4790932],[12.349716,11.4983724],[12.3506855,11.5050446],[12.3735444,11.5497565],[12.3625563,11.5636805],[12.3485569,11.5829524],[12.3484656,11.5830781],[12.3299064,11.5936252],[12.3233464,11.5981886],[12.313554,11.605639],[12.2999588,11.6086191],[12.3007548,11.6161626],[12.3011136,11.6449094],[12.2913699,11.6631271],[12.2826719,11.6804178],[12.2748444,11.6940215],[12.2412617,11.6523095],[12.2237195,11.632855],[12.2187734,11.634777],[12.2165733,11.6356319],[12.1989383,11.6424845],[12.1958002,11.6575],[12.1970275,11.6633163],[12.1985757,11.6706535],[12.208435,11.6884113],[12.2084925,11.6886354],[12.210573,11.69427],[12.2106562,11.6945001],[12.2119343,11.6981121],[12.2136326,11.7034498],[12.2161001,11.7157053],[12.2156463,11.724763],[12.216771,11.7337421],[12.2195395,11.7437375],[12.2212698,11.7560193],[12.2296831,11.7581791],[12.2376238,11.7603518],[12.2357528,11.7675051],[12.2393668,11.7894869],[12.242889,11.8019134],[12.2443017,11.8093451],[12.2476383,11.8127497],[12.2528883,11.817239],[12.2569653,11.8183672],[12.2608471,11.8205404],[12.2703834,11.82647],[12.2703861,11.8268476],[12.2703863,11.8268738],[12.2703848,11.82697],[12.2703809,11.8272263],[12.2703801,11.8272776],[12.2703766,11.8273698],[12.2703725,11.8275082],[12.2703677,11.8276069],[12.2703604,11.8277551],[12.2703461,11.827992],[12.2703363,11.8281352],[12.2703151,11.8283907],[12.2703044,11.8285126],[12.2702648,11.8288881],[12.2697866,11.8329793],[12.2693648,11.8365881],[12.2693327,11.8368464],[12.2683327,11.8444464],[12.2682681,11.8448939],[12.2681474,11.845576],[12.2679302,11.8466784],[12.2614732,11.8606125],[12.2591836,11.872047],[12.2561227,11.8856006],[12.2576864,11.8974861],[12.2629237,11.935942],[12.2740865,11.9773557],[12.2805792,11.9953642],[12.2687102,12.0047654],[12.2568424,12.0360688],[12.251561,12.0491146],[12.2447954,12.0686271],[12.2379618,12.0896308],[12.2364373,12.1373489],[12.2635576,12.1785133],[12.2502719,12.2127185],[12.2848585,12.2662333],[12.2831008,12.2871938],[12.2846363,12.3152163],[12.2684367,12.3234585],[12.2699958,12.3325233],[12.2861574,12.3298915],[12.2873155,12.3440384],[12.283244,12.4095341],[12.2867919,12.4246108],[12.3005017,12.43514],[12.3244153,12.4434217],[12.331379,12.4475525],[12.3420575,12.4529872],[12.3421027,12.4530076],[12.3421253,12.4530178],[12.342148,12.4530281],[12.3421705,12.4530384],[12.3421931,12.4530487],[12.3422157,12.453059],[12.3473315,12.4562104],[12.3530999,12.4597637],[12.3579853,12.4722694],[12.3606415,12.4813709],[12.3631484,12.4868675],[12.3674096,12.4922661],[12.3692551,12.4971672],[12.3711166,12.5023637],[12.3736698,12.5062688],[12.3752489,12.511034],[12.3769534,12.5198542],[12.3861684,12.5266851],[12.4009986,12.5243001],[12.4188087,12.5244146],[12.418952,12.5247305],[12.425132,12.534099],[12.4273391,12.5368881],[12.4286766,12.5389732],[12.4364996,12.5482182],[12.4381545,12.5510684],[12.4382765,12.5512819],[12.4400074,12.554359],[12.4427363,12.5590372],[12.443758,12.5610754],[12.4389811,12.5671591],[12.4363166,12.5740311],[12.4412709,12.5788755],[12.4419095,12.5854753],[12.4275271,12.6024685],[12.442638,12.6084726],[12.4542574,12.6104326],[12.4615669,12.6116656],[12.4646101,12.6136923],[12.4679899,12.6216146],[12.4685193,12.6261992],[12.473444,12.6370392],[12.4761651,12.6388528],[12.478044,12.6421917],[12.4834398,12.6436532],[12.4851144,12.647724],[12.4875862,12.6529188],[12.4921497,12.6573713],[12.4970934,12.6646066],[12.4984244,12.668688],[12.5008963,12.6749954],[12.5022273,12.6837142],[12.5039215,12.6913302],[12.5033215,12.6957302],[12.5017205,12.7010723],[12.4994205,12.7058723],[12.4992021,12.7097669],[12.4975907,12.7385085],[12.4974161,12.7651985],[12.4907477,12.7739661],[12.4849877,12.8016478],[12.4812472,12.8036124],[12.4775286,12.800594],[12.4760166,12.8013196],[12.4766871,12.8033869],[12.4737822,12.8069965],[12.4601606,12.8141823],[12.4313178,12.8521052],[12.4092435,12.859631],[12.4083081,12.887785],[12.4050772,12.8967681],[12.3983876,12.9044054],[12.3945412,12.9163846],[12.3957668,12.9196531],[12.3975161,12.9243764],[12.4031121,12.9364219],[12.4055215,12.9430878],[12.4086423,12.9544268],[12.4096338,12.9575235],[12.4099876,12.9584432],[12.4101035,12.9587532],[12.4109035,12.9609533],[12.4126177,12.9668424],[12.4148937,12.9844397],[12.4094746,12.9956954],[12.4076207,13.0070894],[12.4084764,13.0234849],[12.4101876,13.0287645],[12.4191719,13.0458531],[12.4254467,13.0548832],[12.4295759,13.0730276],[12.4591656,13.0661106],[12.4786318,13.0917964],[12.4877291,13.1019807],[12.4966954,13.1127233],[12.5025899,13.1260563],[12.5071533,13.1371666],[12.5084941,13.1396922],[12.5112048,13.1411079],[12.511909,13.1417465],[12.5119657,13.1423135],[12.513232,13.1433341],[12.5188039,13.1465354],[12.5199812,13.1464467],[12.519982,13.147954],[12.5226931,13.1480024],[12.5231875,13.1488714],[12.5245968,13.1492716],[12.5252571,13.1504138],[12.5263034,13.151187],[12.5267652,13.1527998],[12.526976,13.153951],[12.528985,13.153951],[12.530984,13.15396],[12.532982,13.15395],[12.53598,13.152961],[12.536984,13.152956],[12.538987,13.151953],[12.539982,13.151949],[12.540982,13.152946],[12.543502,13.1563697],[12.5488291,13.1593201],[12.5536645,13.1603035],[12.556287,13.161287],[12.5568607,13.1624343],[12.5555494,13.1631719],[12.5515336,13.1620246],[12.5492389,13.1627622],[12.5498126,13.1658765],[12.5516975,13.1669419],[12.5521073,13.1687449],[12.5511239,13.1709577],[12.5498126,13.172187],[12.5496487,13.1746456],[12.5494028,13.1803825],[12.5499765,13.184972],[12.5552216,13.1924299],[12.5589915,13.1947246],[12.5601389,13.1962818],[12.5594013,13.1985765],[12.5590804,13.2012151],[12.5577892,13.2015486],[12.5566356,13.2027958],[12.5565632,13.2028574],[12.5557654,13.2035358],[12.5543111,13.2036536],[12.5528752,13.2035763],[12.5527459,13.2035694],[12.5527037,13.2034916],[12.552431,13.2029892],[12.552232,13.2022358],[12.5504742,13.2023895],[12.5462734,13.2033297],[12.5386356,13.2050392],[12.5341624,13.2070369],[12.5366831,13.2119232],[12.5381792,13.2153271],[12.5540305,13.2121975],[12.5539285,13.2146855],[12.5546825,13.2178659],[12.5558007,13.2199255],[12.5550299,13.2228145],[12.5534235,13.2246403],[12.5510809,13.2270092],[12.5563875,13.2272292],[12.5631395,13.2276383],[12.5659737,13.2281264],[12.5670491,13.2288945],[12.5690882,13.2312048],[12.5701048,13.2339844],[12.5699292,13.235695],[12.5692757,13.2375038],[12.5684494,13.2385749],[12.5658075,13.2382762],[12.5646575,13.2395874],[12.5647278,13.2441111],[12.569071,13.2439127],[12.5707721,13.2420374],[12.5730706,13.2415142],[12.5737505,13.2430456],[12.5741942,13.2441162],[12.5749488,13.2458695],[12.5778028,13.2461006],[12.5779053,13.2470223],[12.5786222,13.2477392],[12.579981,13.248951],[12.580982,13.249957],[12.5816674,13.2506391],[12.581982,13.250954],[12.582977,13.250949],[12.584982,13.251959],[12.586984,13.253953],[12.5901314,13.2539552],[12.591987,13.253945],[12.592979,13.25496],[12.593985,13.25695],[12.591985,13.256951],[12.589982,13.257954],[12.589974,13.26496],[12.587989,13.265953],[12.588986,13.267961],[12.587987,13.26895],[12.587983,13.269953],[12.587985,13.271948],[12.58898,13.271961],[12.589977,13.27396],[12.589988,13.275954],[12.588976,13.277946],[12.589983,13.279953],[12.590985,13.282954],[12.5928397,13.2838841],[12.594977,13.284956],[12.595982,13.284951],[12.597974,13.286954],[12.600979,13.286947],[12.602977,13.284951],[12.603979,13.282951],[12.603986,13.280947],[12.6043734,13.2808504],[12.607981,13.279951],[12.610979,13.278952],[12.6126311,13.2789508],[12.616978,13.278957],[12.618984,13.279949],[12.621982,13.278949],[12.622981,13.277951],[12.6255412,13.2786449],[12.6262266,13.2792325],[12.6266413,13.2795891],[12.6272304,13.2800947],[12.6280325,13.2807832],[12.6286854,13.2813436],[12.6291714,13.2817607],[12.629425,13.2820253],[12.6326852,13.2854268],[12.6330301,13.2868132],[12.6336866,13.2894521],[12.6360039,13.2928357],[12.6386932,13.2949344],[12.6399588,13.2972719],[12.6402323,13.3021953],[12.643132,13.3066097],[12.64407,13.3075974],[12.6461405,13.3076915],[12.6477279,13.3069746],[12.6478943,13.3054255],[12.647011,13.3042093],[12.6460124,13.3042093],[12.645782,13.3040045],[12.6447962,13.3038636],[12.6443226,13.303646],[12.6439641,13.3031723],[12.6437465,13.3026346],[12.6437465,13.3021226],[12.6437209,13.3017769],[12.6432216,13.3015849],[12.6426839,13.3015209],[12.642415,13.3009576],[12.642415,13.300151],[12.6429399,13.2987172],[12.6431576,13.2972578],[12.6442329,13.2953118],[12.6446938,13.2941853],[12.6445402,13.2933147],[12.6436184,13.2931099],[12.6429015,13.2937756],[12.6423894,13.2931099],[12.6429015,13.29142],[12.6439769,13.2891668],[12.6437209,13.2885523],[12.6455132,13.2880402],[12.648176,13.28676],[12.6514021,13.2870161],[12.6526823,13.2879378],[12.6530408,13.2891668],[12.6536553,13.2903446],[12.6541162,13.2908055],[12.655294,13.2910615],[12.6566254,13.2909591],[12.6575983,13.2903446],[12.6587761,13.2898325],[12.6609269,13.2886547],[12.6634361,13.2872209],[12.665126,13.2853262],[12.6656893,13.283073],[12.6655868,13.281844],[12.6662013,13.2801542],[12.6659453,13.2783619],[12.6657405,13.2771841],[12.6666622,13.2751357],[12.6680961,13.2737531],[12.6692739,13.2730362],[12.6714246,13.2737019],[12.6728584,13.2746749],[12.6728584,13.2752894],[12.6720391,13.2764671],[12.6726536,13.2775425],[12.6735754,13.2772865],[12.6744971,13.2761087],[12.6747531,13.2753918],[12.6756237,13.2755454],[12.6765967,13.2762111],[12.6769039,13.2772865],[12.6764942,13.2796933],[12.6769551,13.2823561],[12.6792083,13.2846093],[12.6807957,13.2858895],[12.6827929,13.2888084],[12.6844831,13.2912086],[12.686255,13.2917876],[12.6870496,13.2923676],[12.6873775,13.2941641],[12.687135,13.2949791],[12.6866383,13.2950428],[12.68611,13.2944482],[12.6854079,13.2940879],[12.6849123,13.2942395],[12.6848227,13.2949713],[12.685197,13.2961359],[12.6855224,13.2966377],[12.6865316,13.2969095],[12.6880135,13.2968753],[12.6889824,13.2972277],[12.6898464,13.2986303],[12.6907885,13.3002997],[12.6916944,13.3028031],[12.691298,13.304063],[12.6906194,13.3050362],[12.6898697,13.3065938],[12.6888887,13.306812],[12.6878889,13.3072837],[12.6877751,13.3089541],[12.6872843,13.310081],[12.6858456,13.3115575],[12.684277,13.3132599],[12.6837797,13.3149349],[12.6829869,13.3164357],[12.681936,13.31905],[12.6817783,13.3205997],[12.6822375,13.3209799],[12.6832937,13.321065],[12.6837997,13.3211239],[12.6846151,13.3204588],[12.6847201,13.3191333],[12.684741,13.3179747],[12.6853664,13.3177868],[12.6866061,13.318412],[12.6874673,13.3188692],[12.6871488,13.3197827],[12.68673,13.3202068],[12.6870085,13.3206599],[12.6878574,13.3205387],[12.6914717,13.3197731],[12.693316,13.3184465],[12.6954519,13.3187006],[12.6978515,13.3206265],[12.6986276,13.3209573],[12.6995388,13.3207965],[12.7003785,13.3206715],[12.701254,13.3205821],[12.7019865,13.3202069],[12.7030049,13.3195995],[12.7034158,13.3188312],[12.7039161,13.3181165],[12.7048273,13.3172053],[12.7059172,13.3162584],[12.7063638,13.3155437],[12.706614,13.3145789],[12.7067569,13.3135784],[12.7067569,13.3127565],[12.7063281,13.311881],[12.7062388,13.3106661],[12.7065604,13.3099693],[12.7074537,13.309076],[12.708758,13.3077181],[12.7096692,13.3072178],[12.7108009,13.3070706],[12.7118846,13.3068784],[12.7124206,13.3069141],[12.7134926,13.3070034],[12.7141716,13.3069141],[12.7147076,13.3067176],[12.7152436,13.3068784],[12.7163692,13.3073429],[12.7175126,13.3079861],[12.7188705,13.3088794],[12.7195852,13.3094154],[12.7199604,13.3100765],[12.7202641,13.311077],[12.7203899,13.3118875],[12.7203529,13.3125523],[12.7203245,13.3130638],[12.7201849,13.3135323],[12.7199917,13.314098],[12.7196165,13.3145642],[12.7191562,13.3151363],[12.7180683,13.3152308],[12.716892,13.3153329],[12.714957,13.31498],[12.7132863,13.3154454],[12.7104886,13.3169183],[12.7087907,13.3190581],[12.708339,13.32031],[12.707948,13.3213938],[12.7080989,13.3223696],[12.7082773,13.3235227],[12.7088082,13.3236982],[12.7096406,13.3239735],[12.7103365,13.3240805],[12.711167,13.3242082],[12.7129098,13.324814],[12.7146214,13.3240881],[12.7167063,13.3232039],[12.7180392,13.3229681],[12.7195978,13.3226925],[12.725713,13.3237902],[12.7298675,13.3265557],[12.7359051,13.3263749],[12.739227,13.3264067],[12.7398359,13.3276773],[12.7403548,13.3298201],[12.740568,13.3321189],[12.7408231,13.3348708],[12.7395627,13.3355482],[12.7389994,13.3365905],[12.7382594,13.3373325],[12.7376352,13.3379584],[12.7363919,13.3376635],[12.735706,13.3367704],[12.7354687,13.3364615],[12.7343407,13.3362415],[12.7336523,13.3361073],[12.7331494,13.3367587],[12.7326443,13.337413],[12.7327284,13.3381028],[12.7327771,13.338502],[12.7330314,13.3392899],[12.733197,13.3398028],[12.7332106,13.3405178],[12.7332267,13.3413591],[12.7340521,13.3418657],[12.7346987,13.3422625],[12.7354164,13.3427818],[12.7362999,13.3434211],[12.7366739,13.3444059],[12.7370987,13.3455248],[12.7368189,13.3469489],[12.7364467,13.348017],[12.7364158,13.3481061],[12.748191,13.3541596],[12.7512028,13.3597274],[12.7580599,13.3673395],[12.7649069,13.3793601],[12.767543,13.3850523],[12.7684937,13.3871795],[12.7699198,13.3891958],[12.7728884,13.3937173],[12.7926216,13.4024521],[12.7987618,13.4036156],[12.8094742,13.4132718],[12.8189063,13.4217161],[12.8771271,13.4855638],[12.8878227,13.4911108],[12.9095704,13.4945776],[12.9277353,13.4962786],[12.9499658,13.5056697],[13.0161095,13.5336094],[13.0368595,13.5397961],[13.0491008,13.5381367],[13.049291,13.5385434],[13.0496332,13.5388947],[13.0499374,13.539098],[13.0504508,13.5391165],[13.0509452,13.539135],[13.0514776,13.5390425],[13.051953,13.539061],[13.0522572,13.5392644],[13.0522762,13.5396341],[13.0523142,13.5400223],[13.0526185,13.5402256],[13.0531129,13.5403366],[13.0537023,13.540392],[13.0541206,13.5406138],[13.0544819,13.5408911],[13.0548241,13.5412608],[13.0550713,13.541686],[13.0554136,13.5422221],[13.0556037,13.5426843],[13.0558699,13.5431649],[13.0561742,13.54359],[13.0565545,13.5439782],[13.0568967,13.5443664],[13.057296,13.5446068],[13.0576953,13.5450874],[13.0580186,13.5455125],[13.0581326,13.5457713],[13.0583228,13.5459377],[13.0589122,13.546178],[13.0594066,13.5463074],[13.059939,13.5465292],[13.0602623,13.5466402],[13.0607376,13.5466956],[13.061213,13.5468805],[13.0615742,13.5470653],[13.0617264,13.5473981],[13.0617264,13.5477493],[13.0614221,13.548119],[13.0608897,13.5484887],[13.0605665,13.5485811],[13.0603003,13.5488399],[13.0601672,13.5491726],[13.0602813,13.5492836],[13.0604524,13.5494314],[13.0606806,13.5495054],[13.0610038,13.5495054],[13.061194,13.5496533],[13.0616123,13.5498011],[13.0620496,13.549949],[13.0624679,13.5499675],[13.0631525,13.5500208],[13.0641602,13.5500414],[13.0645405,13.549912],[13.0650729,13.5495793],[13.0656433,13.5491726],[13.0661377,13.548692],[13.0664705,13.5483778],[13.0668507,13.5481744],[13.0670979,13.5480081],[13.0674212,13.5475829],[13.0676874,13.5472132],[13.0677444,13.5469174],[13.0676303,13.5466032],[13.06725,13.5463074],[13.0668888,13.5459562],[13.0666036,13.5455865],[13.0665655,13.5453277],[13.0665655,13.5450134],[13.0666796,13.5444219],[13.0667367,13.5439228],[13.067136,13.5436085],[13.0675733,13.5433497],[13.0680677,13.5430725],[13.0686761,13.5424809],[13.0690754,13.5421667],[13.0693797,13.5417785],[13.0696268,13.541076],[13.069817,13.5407432],[13.069874,13.5403735],[13.0697219,13.5398744],[13.0693416,13.5393568],[13.0689233,13.5391904],[13.0689423,13.5390056],[13.0689803,13.5387837],[13.0692275,13.5385989],[13.0702733,13.5382661],[13.0706536,13.5379704],[13.0708247,13.5376561],[13.0708057,13.5372124],[13.0709388,13.5369166],[13.071148,13.5368057],[13.0713571,13.5368612],[13.0716043,13.537083],[13.0718705,13.5372124],[13.0722318,13.53712],[13.0723649,13.5368057],[13.0723649,13.5362696],[13.0726121,13.5358814],[13.0728022,13.5354193],[13.0727642,13.5349571],[13.0726341,13.5344792],[13.0719846,13.5340513],[13.0713001,13.5339034],[13.0707487,13.5337],[13.0704254,13.5332933],[13.0703114,13.533016],[13.0700261,13.5325354],[13.0696649,13.5322766],[13.0692466,13.5321657],[13.0688472,13.5322951],[13.0686761,13.5325724],[13.068486,13.5329606],[13.0680486,13.5335706],[13.0681057,13.5339773],[13.0682578,13.5342177],[13.0683909,13.5345874],[13.0683339,13.5351235],[13.0683909,13.5354193],[13.068581,13.535789],[13.0688282,13.5361772],[13.0689043,13.5364545],[13.0687332,13.5368427],[13.068505,13.5369906],[13.0681437,13.5370276],[13.0678775,13.5372124],[13.0676493,13.5372309],[13.067212,13.5371755],[13.0666036,13.5371939],[13.0661852,13.5373973],[13.065824,13.5377115],[13.0657289,13.5379888],[13.0655219,13.5380756],[13.0653296,13.5380073],[13.0651965,13.5378409],[13.0651965,13.5376376],[13.0650824,13.5373233],[13.0648542,13.5369351],[13.0647592,13.5366948],[13.0647021,13.5362696],[13.0647021,13.5358629],[13.0644739,13.5353453],[13.0642077,13.5347538],[13.0641745,13.5343517],[13.0642458,13.5339126],[13.0641982,13.5335891],[13.0639843,13.533358],[13.0636278,13.5333118],[13.0631287,13.5332425],[13.0628197,13.5334274],[13.0626771,13.5336353],[13.0623206,13.5338664],[13.0617977,13.5339588],[13.0610609,13.5339126],[13.0604429,13.5340513],[13.0601814,13.533774],[13.0602527,13.5335429],[13.0604667,13.533127],[13.0608232,13.5325724],[13.0610846,13.531856],[13.0614174,13.5315094],[13.0618927,13.5310934],[13.0622017,13.5306313],[13.0624394,13.5304233],[13.0625107,13.530146],[13.0625345,13.5294759],[13.0626058,13.5289906],[13.0625107,13.5286208],[13.062273,13.5285746],[13.0617501,13.5285515],[13.0614411,13.5284822],[13.0612035,13.5286208],[13.0608707,13.5286208],[13.0607519,13.5284591],[13.0608232,13.5280662],[13.0610133,13.5274654],[13.0612985,13.5271881],[13.0616551,13.5270495],[13.0622017,13.5270726],[13.0626058,13.5268877],[13.0631762,13.5266797],[13.0636278,13.526749],[13.0641269,13.5269339],[13.0643171,13.5272112],[13.0645072,13.5276965],[13.0648162,13.5278583],[13.0651727,13.5279738],[13.0656005,13.527812],[13.066266,13.527812],[13.0669315,13.5276041],[13.0672881,13.5271881],[13.067906,13.5268184],[13.068215,13.526518],[13.068524,13.5261482],[13.068833,13.5261251],[13.0690944,13.5262638],[13.0697837,13.5264949],[13.0701658,13.526565],[13.0715324,13.5263802],[13.0727921,13.5260451],[13.0736478,13.5257793],[13.0742539,13.5256407],[13.0750501,13.5253056],[13.0757988,13.5249243],[13.0764168,13.5245546],[13.0770585,13.5241733],[13.0776527,13.5237804],[13.0779617,13.5233991],[13.0780686,13.5231796],[13.0782588,13.5224517],[13.0783657,13.5220935],[13.078544,13.5216891],[13.0787341,13.5214233],[13.0789599,13.5211922],[13.0793402,13.5209149],[13.0799463,13.520522],[13.080695,13.520083],[13.081004,13.5199559],[13.0812654,13.5199674],[13.0814318,13.5200136],[13.0814793,13.5201176],[13.0815031,13.5203487],[13.0815269,13.5206145],[13.0815982,13.5208918],[13.0817645,13.5210536],[13.082026,13.5212384],[13.0824419,13.5215042],[13.083048,13.521666],[13.0836779,13.521897],[13.0844622,13.5220819],[13.0849613,13.5221281],[13.0854248,13.5221281],[13.0861854,13.5221628],[13.0869103,13.5221397],[13.0872906,13.5220935],[13.0876352,13.522001],[13.0878967,13.5218393],[13.0881344,13.521666],[13.0883602,13.5214349],[13.088372,13.5212269],[13.0883602,13.5209033],[13.0881581,13.5204527],[13.0879323,13.5200714],[13.0877541,13.5197248],[13.0875045,13.5191586],[13.0874451,13.5186964],[13.0874451,13.5185],[13.0874926,13.5182689],[13.0876709,13.5181071],[13.0878848,13.5181187],[13.0882651,13.5182573],[13.0886335,13.5181996],[13.0887761,13.5180609],[13.0888949,13.517876],[13.0889187,13.5176218],[13.0887642,13.5174254],[13.0885028,13.5171481],[13.0883958,13.516917],[13.0883602,13.516605],[13.088372,13.5163277],[13.0885028,13.5160735],[13.0887048,13.5160504],[13.0890851,13.5159695],[13.0894773,13.5160735],[13.0897031,13.5161428],[13.0898694,13.5162815],[13.090012,13.516501],[13.0901309,13.5167552],[13.0902854,13.5170325],[13.0905825,13.5176103],[13.0907132,13.5179685],[13.0907845,13.5183382],[13.0907488,13.5185693],[13.0904755,13.5188004],[13.090012,13.5189159],[13.0897387,13.5190546],[13.0895129,13.5192973],[13.089406,13.5195283],[13.0893703,13.5198172],[13.0894342,13.5199861],[13.0896244,13.5202172],[13.0898858,13.520402],[13.0900879,13.5206562],[13.0903136,13.5209567],[13.0905632,13.52113],[13.0907771,13.5212224],[13.0909792,13.5211762],[13.0913357,13.5210029],[13.091609,13.5207602],[13.0917041,13.5205754],[13.091609,13.5203905],[13.0914189,13.5203327],[13.0910861,13.5201594],[13.0910191,13.520038],[13.0909673,13.5198012],[13.0910742,13.5196972],[13.0911693,13.5196625],[13.091407,13.5196856],[13.091609,13.5197665],[13.0919061,13.5199167],[13.0921319,13.5200669],[13.092227,13.5202172],[13.0922032,13.5203905],[13.09212,13.5205985],[13.0921319,13.5207256],[13.0921913,13.5210375],[13.0923815,13.5214882],[13.0925003,13.5218695],[13.0925003,13.522089],[13.0924409,13.5223201],[13.0923815,13.5225743],[13.092429,13.5227823],[13.0924884,13.5229787],[13.0926429,13.5231058],[13.0929281,13.5232907],[13.0933203,13.5234524],[13.0938313,13.5236142],[13.0940928,13.5237182],[13.0944849,13.5239608],[13.0947939,13.5243652],[13.0949365,13.5246194],[13.0950672,13.5249892],[13.0951385,13.5253358],[13.0951385,13.5256593],[13.095091,13.5260175],[13.0950554,13.5264219],[13.0950435,13.5267108],[13.0951029,13.5269765],[13.0952217,13.5272307],[13.0955188,13.527612],[13.095911,13.5279702],[13.09622,13.5282822],[13.0965052,13.5285595],[13.0968261,13.5288137],[13.0972182,13.5290563],[13.0976223,13.5292758],[13.0981214,13.5294954],[13.0986681,13.5295416],[13.0993217,13.529426],[13.0995832,13.5294145],[13.0997139,13.5294607],[13.0997852,13.529634],[13.0998208,13.5298882],[13.0998208,13.5302579],[13.0998327,13.5306508],[13.0998327,13.5309512],[13.0998684,13.53124],[13.0999658,13.5314492],[13.100137,13.5316467],[13.1003509,13.5318131],[13.1005755,13.5319691],[13.1007359,13.5321251],[13.1009177,13.5327282],[13.1010675,13.5332377],[13.1011958,13.5337057],[13.1012636,13.5341153],[13.1012636,13.534381],[13.1012398,13.5345716],[13.1011886,13.5346787],[13.1010675,13.5348605],[13.1009843,13.5349991],[13.1008417,13.5352418],[13.1006991,13.5355364],[13.1005743,13.5358368],[13.1004317,13.536195],[13.1002772,13.5365936],[13.1002118,13.5369113],[13.1002178,13.5371944],[13.1002237,13.5373735],[13.1002653,13.537645],[13.1003604,13.5379743],[13.1004852,13.53824],[13.1006337,13.5384942],[13.1006991,13.5386155],[13.1009249,13.5388812],[13.1011269,13.5390141],[13.1012933,13.5391354],[13.1015369,13.5392683],[13.1017924,13.5393723],[13.1022262,13.539482],[13.1025886,13.5395456],[13.1033254,13.5396496],[13.1036106,13.5397247],[13.1041752,13.5398704],[13.1046327,13.5399384],[13.1049654,13.5399557],[13.1053101,13.5398749],[13.10572,13.5396784],[13.1058627,13.5395629],[13.1059518,13.5393954],[13.1059161,13.5392221],[13.1058805,13.5389679],[13.1058864,13.5387253],[13.1059277,13.5384708],[13.1059874,13.5382516],[13.1061063,13.5380898],[13.1067837,13.5374428],[13.1071818,13.53705],[13.1074908,13.5367091],[13.107669,13.5364723],[13.1077582,13.5362932],[13.1077819,13.5361719],[13.1078532,13.5359581],[13.1079126,13.5357675],[13.1080315,13.5356519],[13.1081622,13.5355768],[13.1082751,13.5355595],[13.1085128,13.5355884],[13.1087148,13.5356577],[13.1089703,13.5357501],[13.109107,13.5358195],[13.1092793,13.5360159],[13.1094041,13.5361256],[13.1095823,13.5361776],[13.1097547,13.536199],[13.1099329,13.5360968],[13.1100708,13.5358545],[13.1101587,13.5355982],[13.1104558,13.5349298],[13.1105509,13.5345485],[13.1106341,13.5340269],[13.1106816,13.5333336],[13.1107814,13.5325198],[13.1108664,13.5317052],[13.1109383,13.5311749],[13.1110667,13.530648],[13.1113947,13.5301766],[13.1122218,13.5290258],[13.1132913,13.5278334],[13.1143894,13.526946],[13.1153021,13.5261418],[13.1159724,13.5254763],[13.1161578,13.5251435],[13.1164858,13.5248524],[13.1170419,13.524478],[13.1181257,13.5235213],[13.1189386,13.5227587],[13.1195376,13.522315],[13.1201365,13.5220793],[13.1207782,13.5217604],[13.12142,13.521594],[13.1219334,13.5215385],[13.1225894,13.5213444],[13.1230885,13.5212196],[13.1236019,13.5212058],[13.1241723,13.5213444],[13.1246287,13.5214969],[13.1252276,13.5217327],[13.1256554,13.5220932],[13.1259549,13.5224121],[13.1263257,13.5228696],[13.1265681,13.5233688],[13.126725,13.5238125],[13.1268676,13.5243255],[13.126782,13.5247553],[13.1265824,13.5252545],[13.1263542,13.5254763],[13.1260547,13.5255318],[13.1255556,13.5256011],[13.125085,13.5257675],[13.1246287,13.5260587],[13.1242864,13.526336],[13.1240154,13.5268074],[13.1238443,13.5273343],[13.1237445,13.5279027],[13.1238015,13.5283464],[13.1238728,13.5287346],[13.1238871,13.5291229],[13.1241581,13.5295943],[13.1243862,13.5299409],[13.1245935,13.5301347],[13.1248996,13.5303846],[13.1251991,13.5305787],[13.1254415,13.5307035],[13.1258836,13.5307589],[13.1261831,13.5307035],[13.126397,13.5305371],[13.1266109,13.5302737],[13.1265966,13.5299825],[13.1264968,13.5295665],[13.1263844,13.5292909],[13.1266822,13.5291506],[13.1268533,13.5292476],[13.1270102,13.5294972],[13.1271813,13.5297884],[13.1272812,13.5301766],[13.1273239,13.5306064],[13.1273239,13.5309669],[13.1272812,13.5313828],[13.1271671,13.5316879],[13.126996,13.5319097],[13.1266965,13.5320345],[13.1263114,13.5322286],[13.1259977,13.5324782],[13.1258551,13.5327],[13.1256412,13.5330882],[13.1254558,13.5335735],[13.1253274,13.5341558],[13.1251848,13.5346827],[13.1249852,13.5352095],[13.124757,13.5357225],[13.124429,13.5362355],[13.1240154,13.5367208],[13.1236732,13.537206],[13.1233309,13.5375111],[13.1229174,13.5377468],[13.1225323,13.5379131],[13.1219904,13.5380657],[13.1215341,13.5382736],[13.1212916,13.5384539],[13.1210777,13.5387173],[13.1211062,13.5389391],[13.1212061,13.5391332],[13.12142,13.5393689],[13.1215911,13.5397017],[13.1218193,13.5401315],[13.1221045,13.540589],[13.1224468,13.5411713],[13.1228175,13.5416011],[13.1231028,13.5420447],[13.1234165,13.5423636],[13.1237302,13.54253],[13.1238301,13.5427657],[13.124044,13.5429875],[13.1242294,13.54314],[13.1246714,13.5434728],[13.125142,13.5437639],[13.126454,13.5440135],[13.1268676,13.5438887],[13.1273239,13.5437362],[13.1278801,13.5435421],[13.1286787,13.5432232],[13.1292349,13.5430984],[13.1298766,13.5430014],[13.1305326,13.5430014],[13.1314881,13.5429598],[13.132087,13.5427287],[13.132574,13.5423724],[13.1336079,13.5417601],[13.1342021,13.5415752],[13.1346656,13.5414597],[13.1351884,13.5414597],[13.1357113,13.5415406],[13.1360084,13.5416446],[13.1364244,13.5419334],[13.1369592,13.5422453],[13.1375296,13.5425919],[13.1378623,13.5428577],[13.1382189,13.543135],[13.1386467,13.5434931],[13.1389913,13.5438975],[13.1391934,13.544117],[13.1393954,13.544325],[13.1395142,13.5446369],[13.1395974,13.5449489],[13.1397302,13.5451201],[13.1400867,13.5457844],[13.14056,13.5472595],[13.1408333,13.5475484],[13.1413325,13.54823],[13.141582,13.5484957],[13.1420693,13.5491658],[13.1424139,13.5496973],[13.1424852,13.5498937],[13.1425922,13.5500208],[13.1428299,13.5501594],[13.1430675,13.5501941],[13.1433646,13.5501479],[13.1438162,13.5500323],[13.1441727,13.549859],[13.1445293,13.5495817],[13.1447669,13.5495124],[13.1450284,13.5495355],[13.1452304,13.5496857],[13.1454443,13.5498244],[13.1457414,13.5500208],[13.1461699,13.5503084],[13.1466446,13.5505291],[13.1467991,13.550506],[13.1469298,13.5504482],[13.1470724,13.5503212],[13.1474052,13.5500323],[13.147833,13.5496857],[13.1479756,13.5495124],[13.1481776,13.5492583],[13.1482255,13.5490944],[13.1481182,13.5489001],[13.1478687,13.5486459],[13.1474884,13.5485189],[13.1470487,13.5483571],[13.1466565,13.5481145],[13.1463356,13.5478603],[13.1460029,13.5475022],[13.1457533,13.5471556],[13.1455275,13.546809],[13.145373,13.5464624],[13.1451591,13.5459656],[13.1449571,13.5458269],[13.1446323,13.5454667],[13.1438004,13.5450623],[13.1431468,13.5447446],[13.1426254,13.5441162],[13.1424638,13.5438297],[13.1421691,13.5434692],[13.1419599,13.5432659],[13.1418649,13.5429701],[13.1418839,13.5428038],[13.142055,13.541861],[13.1422166,13.5411308],[13.1423497,13.5408905],[13.1428251,13.5404468],[13.1433251,13.5399499],[13.1436816,13.5393433],[13.1438004,13.5388234],[13.1439787,13.5382746],[13.1441561,13.5377756],[13.1444223,13.5372025],[13.1445934,13.5368698],[13.1446695,13.5365925],[13.1446505,13.5364354],[13.1444793,13.5363244],[13.1442036,13.536232],[13.1436712,13.5361858],[13.1430438,13.5361211],[13.142654,13.5360934],[13.1424163,13.5360102],[13.1422452,13.53589],[13.1420075,13.535622],[13.1417508,13.5352707],[13.141399,13.5348455],[13.1410473,13.5344666],[13.1407811,13.5341985],[13.1404958,13.533875],[13.1403342,13.5335053],[13.1402011,13.533228],[13.1401346,13.5329599],[13.140106,13.532544],[13.1400965,13.532128],[13.1401631,13.5316566],[13.1402947,13.5309667],[13.1403342,13.5302147],[13.1401821,13.5296046],[13.1401346,13.5292534],[13.140106,13.5288744],[13.1401346,13.5286063],[13.1402201,13.5281811],[13.1403627,13.5275711],[13.1404673,13.5270719],[13.1405053,13.5264064],[13.1405244,13.5259442],[13.1404863,13.5255005],[13.1403627,13.5251678],[13.1401726,13.5247888],[13.1398493,13.5243266],[13.1395166,13.5238644],[13.1392029,13.5235132],[13.1389937,13.5231711],[13.1388416,13.5228291],[13.1387275,13.5222191],[13.1387085,13.5215812],[13.1388131,13.5209065],[13.1388796,13.5202502],[13.1389557,13.5199913],[13.1390127,13.5197972],[13.1392029,13.5194829],[13.139393,13.5191779],[13.1396113,13.5189212],[13.1401346,13.5181056],[13.1404483,13.5176711],[13.140724,13.5174863],[13.1411043,13.5173661],[13.1416367,13.5172274],[13.1423905,13.5168845],[13.1430152,13.5165064],[13.1435952,13.5163955],[13.1439755,13.5163955],[13.1444033,13.5164972],[13.1453445,13.516756],[13.145953,13.5169224],[13.1465804,13.5171073],[13.1474171,13.5173476],[13.1481396,13.5175787],[13.1485865,13.5176989],[13.1487956,13.5177174],[13.1491284,13.5177081],[13.1495657,13.5176527],[13.1504594,13.5175048],[13.1511914,13.5173291],[13.1520186,13.517061],[13.1530548,13.5167652],[13.153939,13.5165249],[13.1541482,13.516451],[13.1544809,13.5162383],[13.1547566,13.5161921],[13.1550133,13.5161736],[13.1551749,13.5162291],[13.1554126,13.5163585],[13.1554411,13.5165249],[13.1555362,13.5167837],[13.1556313,13.5170703],[13.1558309,13.5174031],[13.1560401,13.5177266],[13.1563158,13.5181056],[13.1565535,13.5183644],[13.1567151,13.518614],[13.1568482,13.5190207],[13.1569433,13.5193535],[13.1570383,13.519751],[13.1569718,13.5202502],[13.1567151,13.5206107],[13.1563633,13.5209434],[13.1561066,13.5211191],[13.1557359,13.5212762],[13.1553936,13.5214149],[13.1551369,13.5215997],[13.1549278,13.5218308],[13.1548897,13.5219972],[13.1548707,13.5224039],[13.1548897,13.5231249],[13.1549848,13.5237165],[13.1551274,13.5241787],[13.1552985,13.5246131],[13.1555457,13.5250291],[13.1558595,13.525251],[13.1560781,13.5253711],[13.1564869,13.525593],[13.1568957,13.5256577],[13.157295,13.5257131],[13.1577038,13.5257686],[13.1580651,13.525861],[13.1583123,13.5260367],[13.1587591,13.526411],[13.1591442,13.5266606],[13.1596148,13.5269726],[13.1599285,13.5272083],[13.1602066,13.5274301],[13.1604562,13.5277005],[13.1605631,13.5278946],[13.1606844,13.5281442],[13.1607271,13.5283729],[13.1606772,13.528671],[13.1605703,13.5291008],[13.1604419,13.5297664],[13.1603635,13.5300367],[13.1602565,13.5301823],[13.1600518,13.530389],[13.1597717,13.5305151],[13.1595506,13.5305151],[13.1594508,13.5306121],[13.1594223,13.5307924],[13.1594936,13.5309033],[13.1596005,13.5309796],[13.1597574,13.5310489],[13.1599571,13.5311043],[13.1601211,13.5311113],[13.1603064,13.5311667],[13.1604348,13.5312291],[13.160613,13.5313262],[13.1607913,13.5314648],[13.1608758,13.5316247],[13.1609339,13.5317768],[13.1609981,13.5319986],[13.1611193,13.5323383],[13.161319,13.5329068],[13.1614402,13.5332049],[13.1616256,13.5334267],[13.1617896,13.5336624],[13.161925,13.5337733],[13.1620676,13.5338842],[13.1622245,13.5339466],[13.1623457,13.5339605],[13.1625383,13.5339328],[13.1627878,13.533808],[13.163016,13.5336832],[13.163344,13.5335584],[13.1635936,13.5334891],[13.1639144,13.5334128],[13.1640499,13.533399],[13.1643779,13.5333505],[13.1645276,13.533295],[13.1647843,13.5331009],[13.1649982,13.532886],[13.1654332,13.5324978],[13.165804,13.5322413],[13.1660607,13.5320957],[13.1663459,13.5319986],[13.1668521,13.5318253],[13.167444,13.5316659],[13.167976,13.5316024],[13.1682996,13.5315619],[13.1686989,13.5315619],[13.1689913,13.5315965],[13.1691838,13.5316659],[13.169412,13.5318115],[13.1696401,13.5319501],[13.1698255,13.5321234],[13.1700323,13.532373],[13.1702676,13.532678],[13.1704316,13.532886],[13.1706883,13.5331148],[13.170838,13.5332742],[13.1711019,13.5335238],[13.1713086,13.5337941],[13.1715225,13.5340784],[13.1717079,13.5343764],[13.1718434,13.5345567],[13.1719789,13.5346815],[13.1722427,13.5348617],[13.1724709,13.534938],[13.1728773,13.5350489],[13.1732624,13.5350628],[13.1738257,13.5351529],[13.1742678,13.5351875],[13.1748453,13.5352014],[13.1754157,13.5352291],[13.175758,13.5353262],[13.1760076,13.5353816],[13.1762999,13.535548],[13.1766279,13.5359085],[13.1769916,13.5361442],[13.177291,13.5363175],[13.1774764,13.5364492],[13.1776119,13.5364977],[13.1777474,13.536574],[13.1780682,13.5367958],[13.1783178,13.5370038],[13.1786173,13.5372603],[13.1789595,13.5374683],[13.1791307,13.5375099],[13.1792875,13.5375376],[13.1794729,13.5375376],[13.1797296,13.537496],[13.1799863,13.5374683],[13.180243,13.5374683],[13.1805354,13.5374613],[13.1807493,13.537496],[13.1811201,13.5375445],[13.1812698,13.5375168],[13.1815265,13.5374683],[13.1820185,13.5372048],[13.1826745,13.5367542],[13.1834446,13.5362343],[13.1842004,13.5357421],[13.1845926,13.5354995],[13.1848778,13.5352361],[13.185163,13.534938],[13.1853412,13.5347161],[13.185491,13.5345151],[13.1858047,13.5340992],[13.1859687,13.5338912],[13.1860614,13.5337456],[13.1861755,13.5334891],[13.1863039,13.5332326],[13.1863752,13.5329761],[13.1864964,13.5325602],[13.1865605,13.532068],[13.1866033,13.5316659],[13.1866033,13.5313678],[13.1865534,13.5308548],[13.1864251,13.5305428],[13.1862539,13.5301546],[13.1861898,13.5298496],[13.1860044,13.5292395],[13.1858047,13.5286433],[13.1856479,13.5281026],[13.1855409,13.5278045],[13.1852699,13.5270557],[13.1851416,13.5266883],[13.1851059,13.5264734],[13.1850703,13.5262654],[13.1850703,13.5258772],[13.1850917,13.5254196],[13.1851202,13.5251701],[13.1851416,13.524976],[13.1851986,13.5245531],[13.1852699,13.5241232],[13.1853412,13.5237627],[13.1855195,13.5232844],[13.1855908,13.5231249],[13.1857334,13.5226812],[13.185983,13.5220642],[13.1861669,13.5216135],[13.1864037,13.521156],[13.1867364,13.5206384],[13.1868885,13.5203611],[13.1872498,13.5196308],[13.1875731,13.5190947],[13.1878393,13.5187249],[13.1880199,13.5185031],[13.1883051,13.5180779],[13.1886189,13.5176896],[13.1888755,13.5173846],[13.1890847,13.5172459],[13.1893319,13.5169963],[13.1895696,13.5167283],[13.1900735,13.5162568],[13.1902826,13.5160904],[13.1911763,13.5154619],[13.192146,13.5147778],[13.192821,13.5142324],[13.1932393,13.5139181],[13.1936291,13.5136223],[13.1939714,13.5133265],[13.1942851,13.5131416],[13.1944468,13.5130307],[13.194732,13.513003],[13.1950172,13.5130584],[13.1951788,13.5132433],[13.1955232,13.513333],[13.1958538,13.5134467],[13.1961961,13.5135114],[13.1965003,13.5135576],[13.1967665,13.5135114],[13.1970802,13.5133912],[13.1975746,13.5133173],[13.1977648,13.5133635],[13.1979454,13.5135021],[13.1981165,13.5136223],[13.1983827,13.5137517],[13.1986014,13.5139643],[13.1989246,13.5143711],[13.1991813,13.5146484],[13.199457,13.5149442],[13.1996187,13.5152308],[13.1997423,13.5156837],[13.1999324,13.5160535],[13.200037,13.5163215],[13.2001321,13.5165341],[13.2002081,13.5165896],[13.2003317,13.5166913],[13.2003317,13.51683],[13.2003317,13.5173106],[13.2002461,13.5176711],[13.2000655,13.5180039],[13.1997898,13.5184476],[13.1994285,13.5189468],[13.1990432,13.5193256],[13.1984588,13.5199728],[13.19805,13.5203056],[13.1976602,13.5204997],[13.1971278,13.5206291],[13.1966428,13.520746],[13.1963883,13.5208647],[13.1962056,13.5209157],[13.1959964,13.5210081],[13.1958063,13.521193],[13.1953975,13.5215443],[13.1950172,13.5218401],[13.194713,13.5221359],[13.1942566,13.5226073],[13.1941235,13.5228661],[13.194076,13.523051],[13.194076,13.5232359],[13.194114,13.5233838],[13.1941806,13.5236056],[13.1941996,13.5238459],[13.1941901,13.5240585],[13.1941806,13.5242989],[13.1941425,13.5245669],[13.1941425,13.5248997],[13.1941615,13.5254636],[13.1942471,13.5258795],[13.1944087,13.526203],[13.1945704,13.5264156],[13.1947415,13.5266467],[13.1949411,13.5268686],[13.1951218,13.5270072],[13.1953404,13.5271459],[13.1956161,13.5272291],[13.1959109,13.527266],[13.1964164,13.5274004],[13.1967967,13.527539],[13.1970701,13.5277585],[13.197379,13.5280127],[13.1976643,13.5281976],[13.1979614,13.5283363],[13.198199,13.5284402],[13.1984605,13.528498],[13.1987457,13.5285327],[13.1990784,13.528498],[13.1993993,13.5283709],[13.1997558,13.5280821],[13.2001005,13.5277817],[13.2003619,13.527539],[13.2006471,13.5274119],[13.2008967,13.5273079],[13.2011463,13.5272502],[13.2015028,13.5272617],[13.2018355,13.5271577],[13.2025248,13.5270653],[13.2033567,13.5270999],[13.2039509,13.5270768],[13.2044975,13.5271115],[13.2047352,13.5271808],[13.205068,13.5273426],[13.2053175,13.5275737],[13.2054245,13.5277932],[13.2054245,13.5280705],[13.2053175,13.5282785],[13.2052106,13.5286482],[13.2050799,13.5290411],[13.2050204,13.5295379],[13.205068,13.5298614],[13.2051868,13.5301503],[13.2054126,13.5304622],[13.2056741,13.5307626],[13.2059474,13.5310168],[13.2062445,13.5312479],[13.2064941,13.5313519],[13.2067317,13.5315252],[13.2070407,13.5318141],[13.2073616,13.532022],[13.2075874,13.5321953],[13.2078726,13.5323109],[13.2084311,13.5325189],[13.2088633,13.5327449],[13.2095839,13.5329233],[13.2100949,13.532981],[13.2106297,13.5329348],[13.2113071,13.532877],[13.2116874,13.5328424],[13.2120082,13.5329001],[13.2122221,13.532981],[13.2122816,13.5331774],[13.2122103,13.5333623],[13.2120082,13.5335818],[13.2117943,13.5338245],[13.2115091,13.5339747],[13.211319,13.53394],[13.2111526,13.5337667],[13.2109624,13.5336165],[13.2106891,13.5335934],[13.2104039,13.5336627],[13.2101781,13.5338129],[13.2099879,13.5339978],[13.209881,13.5343097],[13.2097503,13.5345524],[13.2094888,13.5347257],[13.2092868,13.5348066],[13.2090372,13.5347834],[13.2089366,13.5347371],[13.2088114,13.5346795],[13.2085024,13.5345293],[13.2082053,13.5343906],[13.2079083,13.5343097],[13.207528,13.534252],[13.2071358,13.5342289],[13.2067912,13.534252],[13.2064465,13.5343328],[13.2060425,13.534587],[13.2056503,13.5347719],[13.2053651,13.5349683],[13.2050799,13.535338],[13.2047352,13.5358233],[13.2046639,13.5360659],[13.2046402,13.5363201],[13.2046877,13.536505],[13.2048303,13.5367361],[13.2049254,13.5369094],[13.2049967,13.5371982],[13.2050799,13.5374986],[13.2051868,13.5377297],[13.2052819,13.5378568],[13.2055909,13.5380185],[13.205888,13.5382265],[13.2061851,13.538446],[13.206292,13.5387002],[13.206292,13.5389659],[13.2061613,13.5392317],[13.2061257,13.5393703],[13.2061257,13.5397863],[13.2060781,13.5402253],[13.205983,13.5407683],[13.2058404,13.5409763],[13.2057216,13.5412074],[13.2056146,13.5413807],[13.2056028,13.5416348],[13.2056741,13.5418428],[13.2058048,13.541993],[13.2059355,13.5421316],[13.20609,13.5423512],[13.2062445,13.5426978],[13.2064465,13.5430444],[13.2067625,13.5436416],[13.2070526,13.5441304],[13.2073022,13.5445348],[13.2075517,13.5448005],[13.2078964,13.5451124],[13.2081816,13.5452742],[13.208443,13.5453089],[13.2086807,13.5452857],[13.2088946,13.5452049],[13.2091323,13.545124],[13.2094413,13.5450547],[13.2097622,13.5451009],[13.2100711,13.5452164],[13.2102969,13.5454013],[13.2104277,13.5456555],[13.2103801,13.5458865],[13.2102494,13.5460829],[13.2099166,13.5461985],[13.2097027,13.5462216],[13.2092987,13.54621],[13.2089303,13.5462793],[13.2085619,13.546314],[13.208241,13.5464757],[13.2080746,13.5466606],[13.2080271,13.546857],[13.208039,13.5472383],[13.2081329,13.5475248],[13.2082184,13.5476819],[13.2082755,13.5479037],[13.2082945,13.5480886],[13.2082279,13.5482457],[13.2080758,13.5483289],[13.2078857,13.5483289],[13.2075719,13.5482272],[13.2072867,13.5481718],[13.206992,13.5481995],[13.2066878,13.5481995],[13.2065261,13.548255],[13.2063835,13.5483659],[13.206355,13.5485045],[13.2064216,13.5486709],[13.2065261,13.548865],[13.2066592,13.5490868],[13.2068399,13.5492254],[13.206992,13.5492347],[13.2071795,13.5492705],[13.2072772,13.5493271],[13.2074388,13.5493271],[13.207686,13.5493363],[13.2078857,13.5493271],[13.2081614,13.5493179],[13.2083705,13.5491885],[13.2086367,13.5490498],[13.2089029,13.548791],[13.2091882,13.5486801],[13.2095304,13.5486801],[13.2097015,13.5489389],[13.2099677,13.5491977],[13.2102339,13.5493826],[13.2104906,13.549572],[13.2107046,13.5499417],[13.2107996,13.5503808],[13.2110135,13.5509815],[13.2112274,13.5513512],[13.2115602,13.5518827],[13.2117028,13.5522293],[13.2117574,13.5526464],[13.2117225,13.5533927],[13.2118176,13.5539288],[13.2120838,13.55428],[13.2125021,13.5546682],[13.2129585,13.5550194],[13.2133958,13.5552227],[13.2138331,13.5552412],[13.2143655,13.5551488],[13.214936,13.5551303],[13.2154303,13.5552227],[13.2157346,13.5552412],[13.2160008,13.5552043],[13.2161529,13.5550194],[13.2162289,13.5547236],[13.2161529,13.55428],[13.2158296,13.553707],[13.2154113,13.5533003],[13.2148979,13.5527273],[13.2147078,13.5523206],[13.2146698,13.5519139],[13.2147839,13.5515073],[13.2150501,13.5511191],[13.2156775,13.5501209],[13.2160388,13.5497697],[13.2163811,13.5497327],[13.2168184,13.5497327],[13.2171036,13.5495663],[13.2174078,13.5494185],[13.2177881,13.5495109],[13.2182825,13.5497882],[13.2187388,13.5501579],[13.2191001,13.5503982],[13.2192332,13.5506939],[13.2192522,13.5511376],[13.2193473,13.5514888],[13.2195565,13.5518585],[13.2198417,13.5523206],[13.2199177,13.5527458],[13.2199558,13.5534297],[13.2198987,13.5543724],[13.2201269,13.55489],[13.2204692,13.5552043],[13.2206593,13.5555185],[13.2207544,13.5560915],[13.2207163,13.5566276],[13.2203931,13.5571636],[13.2199558,13.5576257],[13.2199177,13.5582542],[13.2200699,13.5587903],[13.2204121,13.5592893],[13.2207755,13.5595543],[13.2208685,13.5596221],[13.2214009,13.5598254],[13.2218762,13.5598624],[13.2225227,13.5597515],[13.2231882,13.5594372],[13.2233974,13.5591969],[13.2236636,13.5589566],[13.2237396,13.5586054],[13.2238537,13.5579954],[13.2240629,13.5572006],[13.224234,13.5566645],[13.2245572,13.55611],[13.2250326,13.5558327],[13.225527,13.5558142],[13.2261164,13.5559991],[13.2267249,13.5562394],[13.2274855,13.5567385],[13.2280749,13.557256],[13.2286834,13.5576442],[13.2291587,13.5581063],[13.2297101,13.5585869],[13.2303083,13.5592196],[13.2304327,13.559659],[13.2306038,13.5598993],[13.230851,13.5601396],[13.2312693,13.5603614],[13.2316496,13.560232],[13.2320869,13.5598993],[13.2325433,13.5596221],[13.2329806,13.559696],[13.2333609,13.5600472],[13.2337222,13.5607311],[13.2341595,13.5613966],[13.2344828,13.5618587],[13.2347299,13.5624686],[13.2349201,13.563245],[13.2351483,13.5635592],[13.2355285,13.5640398],[13.2358708,13.5642431],[13.2362701,13.5644464],[13.2367455,13.564428],[13.2371067,13.5642431],[13.237468,13.5639843],[13.2379814,13.5638734],[13.2384568,13.5639474],[13.2390272,13.5642246],[13.2394075,13.5646128],[13.2396737,13.5650379],[13.2397497,13.5654261],[13.2395025,13.5658327],[13.2391032,13.5662024],[13.2386469,13.5664982],[13.2383046,13.5667569],[13.2380575,13.5671266],[13.2376869,13.5678299],[13.2372398,13.5685129],[13.2369926,13.5693446],[13.2367264,13.570084],[13.2363081,13.5707309],[13.2358518,13.5712115],[13.2356236,13.5717105],[13.2356046,13.5723759],[13.2356807,13.5726902],[13.2357757,13.5730044],[13.236194,13.5735589],[13.2364032,13.5738731],[13.2366124,13.5742612],[13.2366314,13.5746124],[13.2364412,13.5749082],[13.2360609,13.5750375],[13.2353384,13.5751854],[13.2347109,13.5753887],[13.2344828,13.5753702],[13.2343306,13.5752778],[13.2342356,13.5751115],[13.2341785,13.5747603],[13.2341025,13.5742797],[13.2339503,13.5738916],[13.2338172,13.5734849],[13.2335891,13.5730783],[13.2333989,13.5728011],[13.2331708,13.5726717],[13.2328394,13.5726552],[13.2322155,13.572944],[13.231651,13.5730884],[13.2309083,13.5734638],[13.2301655,13.5740992],[13.2291554,13.5747634],[13.2282047,13.5750233],[13.2275213,13.5754565],[13.2270163,13.5759475],[13.2269569,13.5764673],[13.2266598,13.5768428],[13.2263627,13.5771893],[13.2261547,13.5777727],[13.2261547,13.5784427],[13.2263686,13.5789279],[13.2267251,13.5793899],[13.2273906,13.5797827],[13.2281274,13.5798982],[13.2285077,13.580083],[13.2288405,13.5804758],[13.2292445,13.5810303],[13.2298863,13.5823934],[13.2298863,13.582763],[13.2296961,13.5839875],[13.2294347,13.5845882],[13.2291019,13.5848423],[13.2288167,13.5852813],[13.2282225,13.5859282],[13.2269629,13.5871212],[13.2263397,13.5878359],[13.2262735,13.5882615],[13.2263211,13.589047],[13.2266716,13.5894524],[13.2272005,13.589717],[13.2276996,13.5897632],[13.2281987,13.5898556],[13.2285553,13.589486],[13.2291495,13.5891856],[13.2292921,13.588816],[13.2295012,13.5882153],[13.2295773,13.5874576],[13.2297683,13.5870842],[13.2300146,13.5867737],[13.230547,13.5865704],[13.2313456,13.5866443],[13.2317259,13.5869031],[13.2319921,13.5873651],[13.2322963,13.5881044],[13.2329048,13.5886219],[13.2337604,13.5889176],[13.2342168,13.5888992],[13.2350344,13.5888252],[13.2356238,13.5886035],[13.2364225,13.5882338],[13.2370689,13.5881599],[13.2375633,13.5883817],[13.2380767,13.5883817],[13.2385901,13.5882523],[13.2391605,13.5882338],[13.2394648,13.5883262],[13.2399211,13.588511],[13.2403204,13.5887883],[13.2406246,13.589084],[13.2410429,13.58962],[13.2413472,13.5898972],[13.2418606,13.5899342],[13.2423359,13.5897678],[13.2426592,13.5896385],[13.2428113,13.5892873],[13.2427352,13.5886219],[13.2427352,13.5879196],[13.2428113,13.5871434],[13.2430965,13.5867737],[13.2434958,13.5863856],[13.2439521,13.585905],[13.2440662,13.5854615],[13.2439331,13.5849255],[13.2438,13.5844819],[13.2438,13.5840753],[13.2439902,13.5836317],[13.2443705,13.5833175],[13.2447888,13.5830772],[13.2454543,13.5828],[13.2462529,13.5826521],[13.2466712,13.582763],[13.2473367,13.582763],[13.2478881,13.5827261],[13.2484395,13.5825412],[13.249067,13.5821346],[13.2497515,13.5815801],[13.250436,13.5809517],[13.2507403,13.5805451],[13.2510635,13.5803603],[13.2514248,13.5801015],[13.251748,13.5801755],[13.2519002,13.5804712],[13.2519952,13.5809702],[13.2522804,13.5818389],[13.2527748,13.5830403],[13.2531361,13.583336],[13.2533262,13.5837981],[13.2534403,13.5842786],[13.2533452,13.5849994],[13.2531931,13.5856463],[13.252984,13.5863117],[13.2526227,13.5870879],[13.2525847,13.5873836],[13.2526607,13.5879011],[13.2528889,13.5885295],[13.2532882,13.5889916],[13.2537636,13.5893427],[13.2539727,13.5897678],[13.254315,13.5905256],[13.2546382,13.5908583],[13.2551516,13.59108],[13.2555636,13.5917943],[13.2559003,13.592316],[13.2561142,13.59242],[13.2562806,13.5925586],[13.2564707,13.5928012],[13.2566252,13.5931477],[13.2567797,13.5935404],[13.256958,13.5937599],[13.2572194,13.5938754],[13.2576235,13.593887],[13.2581939,13.5937715],[13.2587168,13.5938061],[13.2592159,13.5939563],[13.2594536,13.5941873],[13.2597388,13.5944414],[13.2600478,13.5945916],[13.2606064,13.5947418],[13.261153,13.5947418],[13.261973,13.5949728],[13.2624959,13.5951229],[13.2626148,13.5952269],[13.2626504,13.5954117],[13.2624365,13.5956774],[13.2621275,13.5959084],[13.2616997,13.5961625],[13.2614739,13.5965322],[13.260951,13.5970519],[13.2606064,13.5974447],[13.2605588,13.5979183],[13.2604994,13.598207],[13.2603925,13.5984034],[13.2602261,13.5985189],[13.2599884,13.5985651],[13.2595012,13.5985998],[13.2591684,13.5986691],[13.2589664,13.5987961],[13.2588832,13.5989809],[13.2589783,13.5992813],[13.259002,13.5995469],[13.2588832,13.6008175],[13.2587881,13.6010947],[13.2587168,13.6013488],[13.2583603,13.6017069],[13.2581464,13.6018802],[13.2580751,13.6020534],[13.2580157,13.6022613],[13.2580513,13.6024115],[13.2581464,13.6026079],[13.2581701,13.6028966],[13.2580632,13.6031392],[13.2579111,13.6032198],[13.2576235,13.603324],[13.2571957,13.6034742],[13.2571244,13.6036243],[13.2571006,13.6039593],[13.2569699,13.6042134],[13.2567916,13.6043058],[13.2564589,13.6043058],[13.2560548,13.6041903],[13.2558647,13.6040517],[13.2556745,13.6037629],[13.2556151,13.6033471],[13.2555913,13.6027234],[13.2555913,13.6022382],[13.2555913,13.6019957],[13.255722,13.6012218],[13.2558409,13.600702],[13.2558409,13.6005518],[13.2557933,13.6004132],[13.2555913,13.6002746],[13.2549734,13.600367],[13.2545336,13.6004132],[13.2542603,13.6002862],[13.2541771,13.6001014],[13.2541177,13.599905],[13.2541058,13.5995816],[13.2541177,13.5991542],[13.254189,13.5986344],[13.2542009,13.5982763],[13.2541177,13.5978952],[13.2538444,13.5973869],[13.2534166,13.5970404],[13.25306,13.5968094],[13.2527035,13.5967632],[13.2523351,13.5969364],[13.2518835,13.5970404],[13.2514795,13.5976757],[13.2514082,13.5979712],[13.2514022,13.5980983],[13.2514913,13.5981676],[13.2516518,13.5981733],[13.2518657,13.5982484],[13.2519845,13.5982888],[13.2521331,13.598387],[13.2521984,13.5984621],[13.2522638,13.5986065],[13.2522519,13.5987971],[13.2521747,13.5989704],[13.252038,13.5990859],[13.25183,13.5991956],[13.2516934,13.5992764],[13.2511705,13.599623],[13.2509328,13.5996923],[13.2505644,13.5996518],[13.2500058,13.5996923],[13.2497682,13.5997385],[13.2495483,13.5999348],[13.2493087,13.6002814],[13.2492136,13.6007434],[13.2489878,13.6011015],[13.248964,13.6015866],[13.248655,13.6021641],[13.2482629,13.6025453],[13.2478469,13.6033654],[13.2476449,13.6038852],[13.2476806,13.6044512],[13.2480608,13.6051788],[13.2484411,13.6054676],[13.2490947,13.6056178],[13.2495226,13.605664],[13.2501168,13.6057333],[13.250711,13.6056755],[13.2509249,13.6055831],[13.2512695,13.6054676],[13.2514597,13.6054329],[13.2516141,13.60556],[13.2518281,13.6056178],[13.252244,13.6056409],[13.2524817,13.6057333],[13.2524817,13.6059874],[13.2523153,13.6063339],[13.2522797,13.6066804],[13.252351,13.6068306],[13.2523866,13.6070269],[13.2524223,13.6071886],[13.2523034,13.6074312],[13.2519707,13.6074889],[13.2515428,13.6074774],[13.2512457,13.6075929],[13.2510081,13.6079047],[13.2508892,13.6081242],[13.2509011,13.6083437],[13.2510675,13.6086902],[13.2510318,13.6089096],[13.2509011,13.6089789],[13.2505327,13.6091406],[13.2501643,13.6092215],[13.2497127,13.6092099],[13.2489997,13.6090367],[13.248655,13.6089789],[13.2483817,13.6089905],[13.2480608,13.6091868],[13.2477162,13.6094756],[13.2474429,13.6097643],[13.2464327,13.6102495],[13.2462188,13.6103765],[13.2458623,13.6108616],[13.2455533,13.6112774],[13.2454582,13.6115431],[13.2453632,13.6118896],[13.2451611,13.6121899],[13.2448878,13.6125249],[13.244609,13.612652],[13.2441867,13.6125826],[13.2437945,13.6124671],[13.2434736,13.6123747],[13.2429388,13.6123631],[13.2427487,13.6125364],[13.2426061,13.6127328],[13.2425823,13.6130331],[13.2427487,13.6132872],[13.2430101,13.6135644],[13.2432359,13.6138878],[13.243438,13.6142112],[13.2435093,13.6145461],[13.2434617,13.6148811],[13.2433429,13.6152045],[13.2432597,13.6156665],[13.2432478,13.6160245],[13.2432954,13.6162786],[13.2435093,13.6165443],[13.2437113,13.6168446],[13.2439371,13.6171795],[13.2441272,13.6174683],[13.2447452,13.6179534],[13.2450185,13.6182421],[13.2454226,13.6185309],[13.2459098,13.6186926],[13.2463139,13.618912],[13.2466942,13.6189929],[13.2469319,13.6189236],[13.2470626,13.6187503],[13.2472408,13.6183345],[13.2473121,13.6181035],[13.2475261,13.6178379],[13.2477637,13.6177108],[13.2482272,13.6176415],[13.2485124,13.6175029],[13.2486907,13.6175145],[13.2488927,13.6176993],[13.2491779,13.6179534],[13.2492492,13.6182652],[13.2494631,13.6184385],[13.2496771,13.6184385],[13.249784,13.6183807],[13.2499623,13.618219],[13.2501168,13.618092],[13.2503901,13.6179996],[13.2507347,13.6180804],[13.2509011,13.6181844],[13.2511569,13.6183582],[13.2514715,13.6184731],[13.2515191,13.6186117],[13.2514715,13.6188081],[13.2512101,13.6190044],[13.2510556,13.6192585],[13.2511031,13.6194664],[13.2512457,13.6196743],[13.2514597,13.619836],[13.251733,13.6198591],[13.2520861,13.6197902],[13.2522915,13.619605],[13.2525173,13.6192816],[13.2525649,13.6189582],[13.252755,13.6186926],[13.2529452,13.6185424],[13.2532304,13.6184731],[13.2533849,13.6185309],[13.2535988,13.6188427],[13.2538721,13.6191084],[13.254288,13.6190853],[13.2545376,13.6188196],[13.2546921,13.6185655],[13.2550605,13.6182999],[13.25543,13.6183214],[13.2556309,13.6184038],[13.2558805,13.6187157],[13.2560112,13.6189813],[13.2560944,13.6192008],[13.2562608,13.6195703],[13.256344,13.6199284],[13.2561895,13.6201016],[13.2559993,13.6203673],[13.2559756,13.6206676],[13.2561182,13.620991],[13.2561657,13.6213259],[13.2561895,13.6217301],[13.2563202,13.6219958],[13.2564866,13.6220997],[13.2567243,13.6222961],[13.256855,13.6223538],[13.2572234,13.6223192],[13.2574254,13.6221575],[13.2574848,13.6220189],[13.2574848,13.6218456],[13.2575918,13.6216609],[13.2578889,13.62158],[13.2581385,13.6216378],[13.2584474,13.6218225],[13.2585425,13.621811],[13.2586851,13.6216493],[13.258697,13.6215107],[13.2587327,13.6212797],[13.2588753,13.6210834],[13.2590654,13.620887],[13.259006,13.6207484],[13.2589216,13.6205627],[13.2593863,13.6200323],[13.2598141,13.6201132],[13.2604796,13.6200554],[13.2607767,13.6199053],[13.2612402,13.6195126],[13.2615848,13.61927],[13.261959,13.6191831],[13.2622457,13.619169],[13.2625317,13.6191943],[13.2625928,13.6192287],[13.262679,13.6192774],[13.2627558,13.619291],[13.2627836,13.6192959],[13.2629643,13.6193744],[13.2631401,13.6195361],[13.2632212,13.6197268],[13.2632305,13.6197486],[13.263259,13.6199843],[13.263297,13.6208436],[13.2632305,13.6211577],[13.26321,13.621226],[13.2631544,13.6214118],[13.262782,13.6218655],[13.2622686,13.6221981],[13.2615413,13.6226416],[13.2609138,13.6234039],[13.260543,13.6239721],[13.2605002,13.6241107],[13.2604574,13.6243879],[13.2604004,13.6245265],[13.2601865,13.6245681],[13.2599441,13.6244988],[13.2598015,13.6241939],[13.2594449,13.6240969],[13.2592025,13.6242355],[13.2589363,13.6246143],[13.2587462,13.6252149],[13.2588412,13.6254228],[13.2590551,13.6254459],[13.2596731,13.6260464],[13.2596969,13.6263236],[13.2589601,13.6273631],[13.2591264,13.6279452],[13.2590551,13.6282686],[13.2590433,13.6287305],[13.2588293,13.6289615],[13.2585322,13.6294235],[13.2581282,13.6299317],[13.2579618,13.6303359],[13.2579262,13.6308672],[13.2580807,13.631075],[13.2585322,13.6310866],[13.2587818,13.6311212],[13.259376,13.6311097],[13.2595899,13.6313176],[13.2598157,13.6317333],[13.2601009,13.632126],[13.2603267,13.63223],[13.2606714,13.6323224],[13.260909,13.6324609],[13.2611467,13.6325764],[13.2612893,13.6324609],[13.2615032,13.6323917],[13.2617053,13.6323801],[13.2618835,13.6324956],[13.2618241,13.6328536],[13.2617528,13.6330615],[13.2615864,13.6333387],[13.2614319,13.6334888],[13.2613606,13.6336967],[13.2617647,13.633766],[13.2620499,13.6339508],[13.2619786,13.6341933],[13.2617053,13.6345398],[13.2617647,13.6348863],[13.2619192,13.6350248],[13.2622519,13.6350248],[13.2623945,13.6351981],[13.2623351,13.6353482],[13.2623232,13.635533],[13.26224,13.6358333],[13.2620856,13.6361682],[13.262145,13.6364685],[13.2622519,13.6365147],[13.2623945,13.6365147],[13.2626084,13.6364685],[13.2628699,13.6364916],[13.2631908,13.6365493],[13.2635235,13.6367457],[13.2637731,13.6370459],[13.2640702,13.6372885],[13.2643792,13.6373693],[13.2646881,13.6374155],[13.2649139,13.6373924],[13.2652348,13.6375079],[13.2655557,13.6376465],[13.2657458,13.6376465],[13.2661736,13.6376465],[13.2666847,13.6377273],[13.2670174,13.6377042],[13.267362,13.6375541],[13.267576,13.637531],[13.2677304,13.637658],[13.2680632,13.63812],[13.2684316,13.6383394],[13.2688594,13.6385011],[13.2692635,13.6384664],[13.2700359,13.638247],[13.2708559,13.6379583],[13.2716759,13.6378197],[13.2721751,13.6377504],[13.2731733,13.6380391],[13.2733753,13.6387205],[13.2735298,13.6387667],[13.2736843,13.6386859],[13.2740408,13.6385588],[13.2743498,13.6385242],[13.2747539,13.6385819],[13.2751342,13.6387321],[13.2753362,13.6388707],[13.2756452,13.6391594],[13.2759304,13.6395636],[13.2761087,13.6398292],[13.2760968,13.6400833],[13.2760374,13.6402565],[13.2758353,13.6404067],[13.2755026,13.6403836],[13.2750391,13.6403143],[13.274635,13.6403258],[13.2743736,13.6403489],[13.274124,13.6404644],[13.2737556,13.640499],[13.273411,13.6404528],[13.2730188,13.6404759],[13.2727455,13.6406492],[13.272389,13.6410072],[13.2723058,13.6412959],[13.2720443,13.641446],[13.2716046,13.6414576],[13.2709985,13.6412959],[13.2706777,13.6412497],[13.2702499,13.6413537],[13.2692516,13.6420119],[13.2688357,13.6424623],[13.2687762,13.6429243],[13.2689285,13.6439974],[13.2690733,13.6454419],[13.2693379,13.6460406],[13.2698696,13.6465967],[13.2704281,13.6469085],[13.2711887,13.6472088],[13.2718898,13.6473243],[13.2724365,13.6474629],[13.2725553,13.6474051],[13.2733159,13.6473358],[13.2736011,13.647382],[13.2737794,13.647613],[13.2738388,13.6479248],[13.2738864,13.648202],[13.2737437,13.6484445],[13.2734585,13.64856],[13.2732565,13.6484791],[13.2730426,13.6484907],[13.2729238,13.6486408],[13.2729594,13.648814],[13.273102,13.6489411],[13.2733159,13.6489757],[13.2734704,13.6491143],[13.2736011,13.6493222],[13.273922,13.6493683],[13.274124,13.6493106],[13.2742191,13.6491951],[13.2743736,13.6491374],[13.2746232,13.6491143],[13.2748371,13.6491489],[13.2750034,13.6492413],[13.2751223,13.6494261],[13.2752649,13.6496109],[13.2753719,13.6499111],[13.2756808,13.6502691],[13.2760611,13.6504539],[13.2763582,13.6506733],[13.2767147,13.6512854],[13.2772792,13.6520671],[13.2774634,13.6523594],[13.2776655,13.6526134],[13.2779242,13.6528532],[13.2780814,13.6530984],[13.2780933,13.6533525],[13.2782715,13.6535835],[13.2783666,13.6538606],[13.2785211,13.6542186],[13.2787469,13.6544496],[13.2790321,13.6546228],[13.2792698,13.6547383],[13.2798521,13.6549692],[13.2804344,13.6551886],[13.2808855,13.6553018],[13.2811137,13.6553111],[13.2820454,13.6557268],[13.2822546,13.6558931],[13.2825873,13.6560778],[13.282825,13.6562257],[13.2830627,13.6563827],[13.2833384,13.6566691],[13.2837187,13.6570664],[13.2839564,13.6572419],[13.2848881,13.6580918],[13.285468,13.6584706],[13.2860479,13.658757],[13.2863617,13.6589695],[13.2866374,13.6592281],[13.2866754,13.6594314],[13.2866849,13.6596254],[13.2866089,13.6598194],[13.2864473,13.6600134],[13.2862096,13.660152],[13.2860955,13.6602536],[13.2860837,13.6604723],[13.2861811,13.660697],[13.2863902,13.6608448],[13.2865708,13.6610481],[13.2866754,13.6611497],[13.2868751,13.6612698],[13.2871983,13.661279],[13.2878448,13.6611127],[13.2883582,13.6608725],[13.2887955,13.6604476],[13.2894325,13.6601437],[13.2897748,13.6599302],[13.2901455,13.6595792],[13.2903262,13.6591727],[13.2905544,13.6587662],[13.2910963,13.658332],[13.29141,13.6578701],[13.2917047,13.657556],[13.2921517,13.6571725],[13.2924938,13.6570294],[13.292703,13.6569832],[13.2929407,13.6571587],[13.2929882,13.6574267],[13.2930738,13.6577592],[13.2932069,13.6579163],[13.2935491,13.6581103],[13.2939769,13.6582766],[13.2942717,13.658563],[13.2944428,13.6590526],[13.2944713,13.6596808],[13.2945284,13.6598656],[13.2949657,13.6600411],[13.2955266,13.6602443],[13.2957643,13.6604845],[13.2958879,13.6607524],[13.295983,13.6610943],[13.2960004,13.6614291],[13.296021,13.6617317],[13.2961161,13.661898],[13.2964013,13.6621844],[13.2967721,13.66248],[13.2970121,13.6626861],[13.2972141,13.6628824],[13.2972736,13.6631249],[13.2973211,13.6635176],[13.2972973,13.6638755],[13.297131,13.6641411],[13.297131,13.6644645],[13.2970715,13.6647762],[13.296917,13.6649956],[13.2963466,13.6655268],[13.2960257,13.665573],[13.295586,13.6655846],[13.2953246,13.6653074],[13.2950869,13.6648802],[13.2947779,13.6649264],[13.2945878,13.6648686],[13.2943976,13.664707],[13.2941837,13.6647185],[13.2938747,13.6649726],[13.293456,13.6651819],[13.2931974,13.6652497],[13.2929359,13.6652035],[13.2928171,13.6650534],[13.2926269,13.664961],[13.2925319,13.6651342],[13.2924605,13.6657924],[13.2924962,13.6661389],[13.2927933,13.6661735],[13.2931379,13.6664391],[13.2932568,13.6667162],[13.2934945,13.6670511],[13.2936965,13.6672012],[13.2937916,13.6674437],[13.2938629,13.6677901],[13.2936014,13.6685869],[13.2934113,13.6689218],[13.293233,13.668968],[13.2929834,13.669095],[13.2928171,13.6693491],[13.2932449,13.6700419],[13.2935182,13.6701458],[13.2939936,13.6700996],[13.2944452,13.6697301],[13.2947898,13.6696839],[13.2952295,13.6696493],[13.2956811,13.6694992],[13.2960614,13.6692567],[13.296406,13.6688179],[13.2967507,13.6683675],[13.2969527,13.6678941],[13.2971904,13.6675938],[13.2973568,13.6675246],[13.2974162,13.6673167],[13.2973924,13.6670742],[13.2972141,13.666901],[13.2970953,13.6665546],[13.2970715,13.6662197],[13.297131,13.6661042],[13.2972736,13.6658848],[13.2974281,13.6658848],[13.2975944,13.6657809],[13.2976539,13.6656077],[13.297642,13.6652959],[13.2977489,13.6650996],[13.2979034,13.6649148],[13.2980579,13.6647993],[13.2982362,13.6647993],[13.2983788,13.664961],[13.2985689,13.6649495],[13.2987947,13.6650072],[13.298866,13.6651227],[13.2988422,13.6653767],[13.298664,13.6657578],[13.2984857,13.6660234],[13.298355,13.6662428],[13.2983075,13.6665661],[13.2983907,13.666901],[13.2986283,13.6672243],[13.2989136,13.6675592],[13.2992701,13.667998],[13.2994246,13.6684368],[13.2992701,13.6686447],[13.2991394,13.6686678],[13.2988422,13.6696493],[13.2989492,13.6703537],[13.2988898,13.6706424],[13.298664,13.6707809],[13.2984665,13.6707433],[13.2981767,13.6708387],[13.2980698,13.6710234],[13.297737,13.6711735],[13.2973805,13.671162],[13.2969883,13.6713121],[13.2967269,13.6715199],[13.2964773,13.6716816],[13.2963228,13.6718086],[13.2962753,13.6719587],[13.296204,13.6723398],[13.2960257,13.67264],[13.2958831,13.6729634],[13.2957405,13.6735754],[13.2957226,13.6739628],[13.2957643,13.6741874],[13.2958831,13.6743606],[13.296097,13.6745915],[13.2962397,13.6746723],[13.296406,13.6747878],[13.2967031,13.6747763],[13.2969646,13.6748224],[13.2971072,13.6747647],[13.2971428,13.6746261],[13.2971428,13.6744067],[13.2971904,13.6742682],[13.2973568,13.6740488],[13.2975231,13.6740026],[13.2976539,13.6740141],[13.2978083,13.6741065],[13.2978678,13.6742682],[13.2977965,13.6744298],[13.2977014,13.6746146],[13.2977252,13.6749726],[13.2978678,13.6752381],[13.2980817,13.675215],[13.2981886,13.6750996],[13.2986402,13.6748224],[13.2989017,13.67458],[13.2989849,13.6743144],[13.2990799,13.6740488],[13.2993651,13.6738409],[13.2995672,13.6737947],[13.2998049,13.6738178],[13.2999118,13.6739449],[13.3001376,13.6742104],[13.3002327,13.674476],[13.3003524,13.6747757],[13.3005298,13.6750534],[13.3008269,13.6751227],[13.3010527,13.6750765],[13.3012921,13.6750789],[13.3013973,13.6752266],[13.301635,13.6753305],[13.3019321,13.6752728],[13.3020985,13.6751227],[13.3020866,13.674961],[13.3020034,13.6748571],[13.3017895,13.6747532],[13.3017419,13.674603],[13.3017538,13.6744645],[13.3018727,13.6743375],[13.3020866,13.6742682],[13.3022767,13.6740834],[13.3023599,13.6738756],[13.3023243,13.6736562],[13.3021579,13.6733791],[13.3021222,13.6732289],[13.302146,13.6731135],[13.3022411,13.6730211],[13.3025144,13.672744],[13.3027045,13.6726747],[13.3029541,13.6725246],[13.3030492,13.6723629],[13.3030492,13.6721089],[13.3030729,13.6718664],[13.3033106,13.671647],[13.3035364,13.6716701],[13.3036315,13.6717624],[13.3037028,13.6722359],[13.3035245,13.6727555],[13.3036909,13.673252],[13.303679,13.6735061],[13.303477,13.673864],[13.3033106,13.6742682],[13.3029185,13.6746261],[13.3027164,13.6750303],[13.3026241,13.6754579],[13.3026332,13.6757],[13.3027164,13.6759079],[13.3028947,13.6760349],[13.3030373,13.6759887],[13.303168,13.6758617],[13.30337,13.6757578],[13.3035786,13.6757314],[13.3039524,13.6756423],[13.3042495,13.6756192],[13.3044753,13.6756654],[13.3047193,13.6757628],[13.3049031,13.6759541],[13.3050338,13.6762543],[13.3051051,13.6763582],[13.3052358,13.6764737],[13.3055448,13.676543],[13.3058063,13.6766353],[13.3059608,13.6768432],[13.3059608,13.6771665],[13.3057706,13.6774783],[13.3054497,13.6776515],[13.3052596,13.6778824],[13.3051645,13.6781826],[13.3050219,13.6783327],[13.3046535,13.6784598],[13.3043327,13.6784136],[13.3041187,13.6783443],[13.3039524,13.6782404],[13.3038098,13.6780787],[13.3035958,13.6778131],[13.3035245,13.6775591],[13.3035483,13.6773397],[13.3035602,13.6770857],[13.3036909,13.6769471],[13.3036196,13.6767162],[13.303477,13.6766815],[13.3033582,13.6767393],[13.3030365,13.6769885],[13.3028567,13.6769887],[13.3026095,13.6772289],[13.3025429,13.6777554],[13.3025524,13.678051],[13.3029137,13.6786976],[13.3030468,13.678984],[13.303275,13.6791687],[13.3035317,13.6792242],[13.3037503,13.6792426],[13.3038929,13.6791503],[13.3040736,13.6789378],[13.3042067,13.6788547],[13.3043873,13.6788454],[13.3045299,13.6789378],[13.304606,13.6791872],[13.304587,13.6796214],[13.3047866,13.6798523],[13.3050433,13.6799632],[13.3051967,13.6801101],[13.3052905,13.6802403],[13.3053095,13.6804343],[13.3051954,13.680462],[13.3051289,13.6807114],[13.3049768,13.6808684],[13.3047106,13.6810532],[13.3043108,13.6816608],[13.304007,13.6819215],[13.303912,13.6820139],[13.3039155,13.6822522],[13.3039785,13.6823649],[13.3041211,13.6823926],[13.3042827,13.6824203],[13.3044253,13.6823372],[13.3046345,13.6821986],[13.3050623,13.6820693],[13.3053951,13.6821247],[13.3055472,13.6822263],[13.3057564,13.6825404],[13.3060701,13.6827621],[13.3063838,13.6829191],[13.3067166,13.6830577],[13.307287,13.683187],[13.3082853,13.6832702],[13.3086656,13.6832332],[13.3090173,13.6832517],[13.309274,13.6831963],[13.3095307,13.6830947],[13.3098254,13.6830762],[13.309949,13.6831501],[13.309949,13.6833441],[13.3100631,13.6838244],[13.3102913,13.6843417],[13.3105099,13.6847204],[13.3111564,13.6859675],[13.3117649,13.6870944],[13.311936,13.687547],[13.3119645,13.6881382],[13.311917,13.6884892],[13.3117459,13.6889049],[13.3115462,13.6891081],[13.3113466,13.6891266],[13.3111279,13.6890434],[13.3109378,13.6888033],[13.3108617,13.6886462],[13.3108522,13.6885169],[13.3107571,13.6882398],[13.3105955,13.6881012],[13.3102913,13.6879904],[13.3100251,13.6880828],[13.3097684,13.6883229],[13.3093025,13.6885077],[13.3090553,13.6886924],[13.3085325,13.6896623],[13.307924,13.6904844],[13.3075722,13.6910109],[13.3074962,13.6912696],[13.3075722,13.6915005],[13.3077529,13.6915467],[13.3080191,13.6915652],[13.3084659,13.691713],[13.3087511,13.691713],[13.3089318,13.6916668],[13.3090268,13.6915375],[13.3090268,13.6913158],[13.3091694,13.6911957],[13.3093025,13.6912049],[13.3094451,13.6912511],[13.3095782,13.6913989],[13.3096516,13.6915649],[13.3096278,13.6917653],[13.3095402,13.6918238],[13.309274,13.69187],[13.3091314,13.692027],[13.3090934,13.6921194],[13.3090767,13.6923087],[13.3091148,13.6925951],[13.3091623,13.6927798],[13.3092859,13.6929369],[13.3094926,13.6930584],[13.3096424,13.6931277],[13.3097636,13.6932247],[13.3097942,13.6933489],[13.309785,13.6934464],[13.3096994,13.6935087],[13.3095069,13.6936057],[13.3093928,13.6937166],[13.3092003,13.6939382],[13.3090505,13.6940699],[13.3088224,13.6941253],[13.3086869,13.6940768],[13.30853,13.6939798],[13.3084587,13.6938759],[13.3083375,13.6937166],[13.3081592,13.6935711],[13.3079642,13.6934473],[13.3076815,13.6934048],[13.3075032,13.6935434],[13.307382,13.6937096],[13.307325,13.6939521],[13.307325,13.6942223],[13.3073891,13.6942916],[13.3075603,13.6943747],[13.3077124,13.6944394],[13.3078193,13.6944047],[13.3078764,13.6943354],[13.3079548,13.6942939],[13.3080832,13.6942038],[13.3082115,13.69419],[13.3083541,13.694183],[13.3084682,13.6942523],[13.3085752,13.6943285],[13.308618,13.6945017],[13.3086836,13.6947449],[13.3087691,13.6950497],[13.308926,13.6952159],[13.3091827,13.6952298],[13.3093966,13.6951744],[13.3095392,13.695022],[13.3097389,13.6949111],[13.3099385,13.6948418],[13.3100506,13.6949396],[13.3100383,13.6951328],[13.30991,13.6955069],[13.3095392,13.695784],[13.3092634,13.6960206],[13.3092397,13.6962274],[13.3093966,13.6963382],[13.3095392,13.6963798],[13.3098529,13.6965045],[13.3101382,13.696643],[13.3104519,13.6967954],[13.3108084,13.6970726],[13.3110508,13.6971834],[13.3112933,13.6974328],[13.31155,13.6975298],[13.3117068,13.6974466],[13.3118494,13.6973081],[13.3119921,13.697128],[13.3121917,13.6969617],[13.3123628,13.6968509],[13.3125767,13.6968647],[13.3127479,13.6970726],[13.3129047,13.6974882],[13.3130901,13.6975298],[13.313247,13.6974466],[13.3133183,13.6972388],[13.3133468,13.6970726],[13.3134324,13.6968786],[13.3135893,13.6966292],[13.3137319,13.6963659],[13.3139315,13.6961304],[13.314174,13.6958533],[13.3145305,13.6956455],[13.3148585,13.6954376],[13.3151722,13.6952021],[13.3153861,13.6949527],[13.3156808,13.6947766],[13.3160041,13.6945365],[13.3162156,13.6942466],[13.3164794,13.6939453],[13.3165365,13.6938483],[13.3167285,13.6937809],[13.3168217,13.6936128],[13.3168407,13.6932802],[13.3166886,13.6929846],[13.3164034,13.6929477],[13.3161752,13.6928369],[13.3161562,13.6925597],[13.3162513,13.6922826],[13.3164604,13.6921533],[13.3165724,13.6921171],[13.3167326,13.6921337],[13.3168597,13.692024],[13.3169358,13.6918762],[13.3168978,13.6915252],[13.3165745,13.6911188],[13.3162323,13.6907493],[13.3160611,13.6904537],[13.3160992,13.6902505],[13.3163083,13.6901212],[13.3166696,13.6901212],[13.3171259,13.6900842],[13.3174872,13.6902135],[13.3178485,13.6902505],[13.3182858,13.6900473],[13.3185318,13.6898919],[13.3186661,13.6898071],[13.3191224,13.6897517],[13.3195978,13.6897886],[13.3199971,13.6898995],[13.3201492,13.6901027],[13.3199401,13.6906384],[13.319751,13.6911501],[13.3196739,13.6913589],[13.3192936,13.6916176],[13.3188753,13.6914513],[13.3185978,13.6914823],[13.3183429,13.6917099],[13.3184569,13.6919501],[13.3186851,13.6924859],[13.3189133,13.6926706],[13.3191985,13.6925782],[13.319388,13.6926626],[13.3196159,13.6927641],[13.3196548,13.6927814],[13.3198428,13.6928868],[13.3201076,13.6931093],[13.3205105,13.6937051],[13.3210049,13.6940007],[13.3213045,13.6941288],[13.3214802,13.6942039],[13.3215893,13.6941971],[13.3220697,13.694167],[13.3221635,13.6940378],[13.3222978,13.6938529],[13.322545,13.6937051],[13.3228493,13.693465],[13.3227162,13.693114],[13.3226247,13.6927408],[13.3226211,13.692726],[13.3226211,13.6924489],[13.3227385,13.6922017],[13.3230332,13.6921521],[13.3233627,13.6917654],[13.3234205,13.6909772],[13.3236479,13.6902874],[13.323838,13.6899918],[13.3241042,13.6896963],[13.3244084,13.6890681],[13.3247507,13.6887725],[13.325169,13.6887725],[13.3254923,13.6888834],[13.3258345,13.6891605],[13.3260057,13.68953],[13.326405,13.689918],[13.3268043,13.6903244],[13.3267092,13.6907493],[13.3263859,13.6908786],[13.3259106,13.6910449],[13.3255683,13.6913959],[13.3253021,13.6918393],[13.3252831,13.6923011],[13.3254732,13.6925782],[13.3259296,13.6927445],[13.3260817,13.6926336],[13.3262148,13.6924304],[13.3263289,13.6922457],[13.3265761,13.6921903],[13.3268423,13.6925043],[13.3270705,13.6929662],[13.3273176,13.6932433],[13.3276029,13.6932987],[13.3279451,13.6935573],[13.3279748,13.6939318],[13.3280022,13.6942039],[13.3280782,13.6946842],[13.3282684,13.6949983],[13.3286106,13.6952015],[13.3289529,13.6950722],[13.3293332,13.6948875],[13.3297325,13.6946842],[13.3300878,13.6944022],[13.3304384,13.6940327],[13.330575,13.6938422],[13.3306939,13.6936979],[13.3308127,13.6936401],[13.3311514,13.6933515],[13.3314307,13.6932129],[13.3317634,13.6931783],[13.3323457,13.6930801],[13.332833,13.6930628],[13.333445,13.6929762],[13.3345146,13.6931321],[13.334984,13.6932937],[13.3353762,13.6935362],[13.3356554,13.6938595],[13.3358931,13.6942925],[13.3359763,13.6948121],[13.3359882,13.6953201],[13.3358337,13.6956492],[13.3356198,13.6959667],[13.3353286,13.6961803],[13.3350196,13.6962957],[13.3347701,13.696492],[13.3343839,13.6970636],[13.334271,13.697485],[13.3340452,13.6979006],[13.3339857,13.6982528],[13.3339857,13.6985761],[13.3341046,13.6989744],[13.3342175,13.6993381],[13.3343648,13.6997076],[13.3344361,13.69992],[13.3345455,13.7002572],[13.3345835,13.7004142],[13.3346453,13.7005296],[13.3346928,13.7006636],[13.3347214,13.7008575],[13.3349781,13.7016704],[13.3350398,13.701989],[13.3351016,13.7021414],[13.3355152,13.7030328],[13.335577,13.7031575],[13.3358527,13.7035916],[13.3359335,13.703744],[13.3360143,13.704155],[13.3359953,13.7043721],[13.3359716,13.7045522],[13.3359098,13.7047184],[13.3358289,13.7048801],[13.3357339,13.7049863],[13.3356721,13.7050971],[13.3355675,13.7053465],[13.3354962,13.7056513],[13.3355247,13.705813],[13.3356103,13.7059377],[13.3356816,13.70597],[13.3357957,13.7060993],[13.3359003,13.7062748],[13.3359335,13.7064965],[13.3358812,13.7066581],[13.3357054,13.7069029],[13.335539,13.7070276],[13.3353298,13.7073231],[13.3352728,13.7074386],[13.3352205,13.7076141],[13.3352062,13.7077526],[13.3352252,13.7079281],[13.3352775,13.7081405],[13.3353774,13.7084684],[13.3355532,13.7090827],[13.335558,13.7093228],[13.3354962,13.7095537],[13.3354392,13.7097292],[13.3353298,13.7098631],[13.3350684,13.7099924],[13.3350113,13.7100617],[13.3349828,13.7102002],[13.3349828,13.7104589],[13.3350113,13.7105882],[13.3350446,13.7106944],[13.3350826,13.7107544],[13.3351634,13.710893],[13.33523,13.7109899],[13.3352823,13.7110962],[13.3353112,13.711199],[13.3352951,13.7113178],[13.3352435,13.7113929],[13.3351757,13.711431],[13.335108,13.711431],[13.3350046,13.7113998],[13.334919,13.711334],[13.3348727,13.7112371],[13.3348263,13.7110881],[13.3347051,13.7109253],[13.3345447,13.7108041],[13.3342024,13.7106829],[13.3340135,13.7106379],[13.3338388,13.7106205],[13.3336106,13.710669],[13.3334038,13.7107591],[13.3331293,13.7109842],[13.3330117,13.7112821],[13.3329974,13.7115141],[13.3329617,13.7116181],[13.3327942,13.7118155],[13.3326266,13.7119194],[13.3324234,13.7120164],[13.3322238,13.712051],[13.3320633,13.7121341],[13.3318922,13.7122207],[13.331771,13.712335],[13.3316925,13.7124805],[13.3316818,13.7126052],[13.3317175,13.7127125],[13.3317995,13.7128338],[13.3318815,13.7128927],[13.3320419,13.7129411],[13.3322202,13.7129827],[13.3323485,13.713052],[13.3324591,13.7131559],[13.3325945,13.7132979],[13.3327371,13.7134815],[13.3328298,13.7136408],[13.3328904,13.713807],[13.3329225,13.7140426],[13.3329047,13.7142227],[13.3328298,13.7143577],[13.3327585,13.7144305],[13.3326979,13.7145517],[13.3326623,13.7146418],[13.3323628,13.7148946],[13.3321097,13.7152306],[13.3319457,13.7157639],[13.3318601,13.7163666],[13.3319528,13.7167164],[13.3321418,13.7168757],[13.3325232,13.7170212],[13.3330901,13.7170281],[13.3335821,13.7169935],[13.3350438,13.7168168],[13.3356677,13.7166575],[13.3361669,13.7167303],[13.3365876,13.7169796],[13.3366767,13.7175269],[13.3366802,13.7189123],[13.3368847,13.7197897],[13.3372186,13.720405],[13.337688,13.7209719],[13.3383535,13.721309],[13.3388764,13.7214383],[13.3393423,13.7214291],[13.3399745,13.7213367],[13.3403881,13.7211335],[13.3406305,13.7206809],[13.3406733,13.7199929],[13.3406067,13.7192586],[13.3408064,13.7191893],[13.3410761,13.719202],[13.3412663,13.7194376],[13.3415562,13.7197193],[13.341946,13.7199502],[13.3423263,13.7200795],[13.3425593,13.7200795],[13.3428777,13.7199963],[13.3430917,13.7198532],[13.3432913,13.7197931],[13.3435147,13.7198439],[13.3438095,13.7200148],[13.3440329,13.7201487],[13.3443228,13.7202642],[13.3446223,13.7202642],[13.3449741,13.7201903],[13.3451405,13.7201025],[13.3454162,13.7199917],[13.3455588,13.7197793],[13.3457166,13.7194606],[13.3457689,13.7190727],[13.3460541,13.718223],[13.346287,13.7176365],[13.3464677,13.7171517],[13.3466626,13.7168469],[13.3468004,13.7167083],[13.346962,13.7167083],[13.3471094,13.7167684],[13.3472235,13.7169346],[13.3472425,13.7172025],[13.3473661,13.7174287],[13.3474754,13.7175165],[13.3475753,13.7175673],[13.3476751,13.7175673],[13.3477464,13.717558],[13.3478224,13.7175119],[13.3478795,13.7174334],[13.3479318,13.7172902],[13.3479555,13.7169716],[13.3479223,13.716833],[13.3478806,13.7165434],[13.3481837,13.71566],[13.3484357,13.7151982],[13.3486305,13.7148934],[13.34893,13.7146995],[13.3491677,13.7146579],[13.3494339,13.7147457],[13.3497809,13.7148888],[13.3501137,13.715152],[13.3503941,13.7155538],[13.3506033,13.7157847],[13.350822,13.7157893],[13.3510596,13.71566],[13.3511167,13.7153414],[13.3510026,13.715152],[13.35086,13.7149119],[13.3508029,13.7147272],[13.3508505,13.7144778],[13.3509598,13.7143023],[13.3511119,13.7141823],[13.3513021,13.7141176],[13.3514684,13.7141176],[13.3517109,13.7142053],[13.3519581,13.7141268],[13.3522005,13.7141315],[13.3524001,13.7141869],[13.3525855,13.7142931],[13.3527757,13.7144547],[13.3529468,13.7146902],[13.3530704,13.7148103],[13.3532225,13.714838],[13.3533319,13.7148288],[13.3533936,13.7145748],[13.353541,13.7143069],[13.3537169,13.7140668],[13.3540306,13.7138082],[13.3543158,13.7136419],[13.3547627,13.7135219],[13.3551762,13.7135219],[13.3556326,13.7135727],[13.3558703,13.7136419],[13.3561222,13.7137482],[13.3564027,13.7139052],[13.3565453,13.7139098],[13.3565881,13.7138267],[13.3566594,13.7135819],[13.3567544,13.7133926],[13.3572488,13.7130924],[13.3573677,13.7129308],[13.3577622,13.7125936],[13.3579476,13.7125151],[13.3580997,13.7124967],[13.3582946,13.7125428],[13.3583897,13.7126629],[13.3584039,13.7128569],[13.3585085,13.7129169],[13.3586892,13.7128707],[13.3587795,13.7128245],[13.358865,13.7127276],[13.3588318,13.7123997],[13.3586559,13.7120395],[13.3585751,13.7117116],[13.3584752,13.7114437],[13.3582661,13.7112221],[13.3579571,13.7108526],[13.3578002,13.7105755],[13.3577052,13.7102661],[13.3577479,13.7099151],[13.357862,13.7095457],[13.3580046,13.7093101],[13.3581995,13.7091808],[13.3583659,13.7091208],[13.3585561,13.7091901],[13.3590362,13.7096149],[13.3593784,13.7097027],[13.3599869,13.7099013],[13.3606528,13.7102304],[13.3609946,13.7102707],[13.361281,13.7102256],[13.3616269,13.7099013],[13.3619794,13.7095255],[13.362284,13.7089928],[13.3625206,13.7083126],[13.3626917,13.7080632],[13.3628343,13.7079016],[13.3631385,13.7077538],[13.3631956,13.7077492],[13.3633619,13.7077169],[13.363476,13.7077122],[13.3637185,13.7077122],[13.3638753,13.7077861],[13.3640179,13.7078739],[13.3641415,13.7080355],[13.3642651,13.7081464],[13.364422,13.7081833],[13.3645836,13.7081279],[13.3647405,13.7081371],[13.3648926,13.7082202],[13.3650067,13.7083172],[13.3651588,13.7082988],[13.3653822,13.7082202],[13.3655581,13.7080956],[13.3657815,13.7080725],[13.3659717,13.708017],[13.3661428,13.7079016],[13.3665278,13.7078646],[13.3667465,13.7078277],[13.3669224,13.70774],[13.367027,13.7077677],[13.3671173,13.7078693],[13.3674215,13.7081325],[13.3677828,13.7082202],[13.3680442,13.7082387],[13.3684207,13.7081464],[13.368686,13.7082064],[13.3690092,13.7082757],[13.3692707,13.7082941],[13.3696034,13.7082618],[13.3698981,13.7082849],[13.3702974,13.7083726],[13.3705884,13.7084719],[13.371639,13.7087133],[13.3720276,13.708694],[13.3723877,13.7085867],[13.3726408,13.7084724],[13.3729331,13.7084724],[13.3731542,13.7084169],[13.3733134,13.7084654],[13.3735155,13.708477],[13.3737413,13.7084423],[13.3739074,13.7083706],[13.374074,13.7081572],[13.3742806,13.7080665],[13.3768192,13.708074],[13.3856621,13.7081594],[13.4055655,13.7081615],[13.4302367,13.7080922],[13.4647478,13.7081615],[13.5920609,13.7081846],[13.6320873,13.708296],[13.633536,13.7083],[13.6498171,13.685208],[13.6708517,13.6565707],[13.6999819,13.6157332],[13.7304168,13.5735488],[13.7538045,13.5409698],[13.7620758,13.5294621],[13.7950182,13.4838417],[13.8399397,13.4218451],[13.9440434,13.2771242],[13.9895353,13.2138249],[14.0082169,13.1881396],[14.0559905,13.121623],[14.0832286,13.0834269],[14.0877921,13.062729],[14.1019102,12.9984018],[14.1080424,12.9708874],[14.1157432,12.9362817],[14.1329988,12.858019],[14.1449778,12.8036517],[14.152536,12.7702746],[14.1724922,12.6782732],[14.2032764,12.5381189],[14.2029912,12.5345923],[14.2016602,12.5150095],[14.2008046,12.5044286],[14.2002341,12.5021082],[14.2001391,12.5014584],[14.1991653,12.5013885],[14.1967165,12.5021082],[14.1944347,12.5009944],[14.192883,12.4998605],[14.190323,12.4933913],[14.1907143,12.489778],[14.1901724,12.4855987],[14.1882146,12.4819229],[14.1855039,12.4805996],[14.1806604,12.4810468],[14.1777132,12.4809308],[14.1766674,12.4804434],[14.1761207,12.4791207],[14.1778052,12.4717722],[14.1792106,12.469397],[14.1813711,12.4650741],[14.1818167,12.461709],[14.1818761,12.4581407],[14.1832547,12.4551724],[14.1838465,12.4522272],[14.1837111,12.4519808],[14.1827971,12.4495245],[14.1818845,12.4478659],[14.18226,12.4469863],[14.1843421,12.4467974],[14.1907,12.4515843],[14.1942355,12.4514973],[14.1959587,12.4506559],[14.1969985,12.4489733],[14.1960181,12.4470585],[14.193879,12.4463912],[14.1909971,12.4456659],[14.1887094,12.4441283],[14.1880855,12.4411691],[14.1899275,12.4393993],[14.1932848,12.4369623],[14.1945623,12.4355696],[14.1947108,12.4345252],[14.1939978,12.4337998],[14.1930174,12.4330165],[14.1913833,12.4336838],[14.1887986,12.4355406],[14.1866297,12.4361789],[14.1855008,12.4354826],[14.1853819,12.4305503],[14.1849957,12.4283453],[14.1830051,12.4270687],[14.1791725,12.4284033],[14.17663,12.428115],[14.1759883,12.4251904],[14.1775979,12.4228617],[14.1785189,12.4213239],[14.1797667,12.4184514],[14.1780138,12.4154339],[14.1752805,12.4125323],[14.1757856,12.4095147],[14.1772711,12.4086152],[14.1832428,12.4070774],[14.187521,12.4061779],[14.189363,12.4044079],[14.190908,12.4020285],[14.1923935,12.3977921],[14.1937601,12.3957608],[14.1980978,12.389435],[14.2000967,12.3867935],[14.201729,12.3843121],[14.204941,12.3827147],[14.2100441,12.3801768],[14.2170527,12.3773632],[14.2220155,12.3741371],[14.2230244,12.3717624],[14.2213376,12.3682376],[14.2223644,12.3641143],[14.2283135,12.3623493],[14.2370178,12.364188],[14.2432866,12.3659583],[14.2516275,12.3684047],[14.2605679,12.3684336],[14.2659157,12.3692677],[14.2707287,12.3717345],[14.2786316,12.3712701],[14.2833971,12.3687307],[14.2856313,12.3640294],[14.2881982,12.3596994],[14.2919535,12.3570062],[14.2966121,12.3590107],[14.2973013,12.3632245],[14.2944254,12.3673571],[14.2914663,12.3702475],[14.2923338,12.3717798],[14.2981808,12.3705725],[14.3017816,12.3664052],[14.3015915,12.3627022],[14.30297,12.3603456],[14.3086505,12.3593589],[14.313667,12.3606365],[14.318213,12.3657431],[14.3209814,12.3711437],[14.3268651,12.3746597],[14.3338529,12.373615],[14.3393077,12.3704112],[14.351358,12.36369],[14.3550518,12.3635641],[14.360257,12.3651312],[14.3657118,12.3649919],[14.3729988,12.3627846],[14.3762787,12.3595458],[14.3835874,12.3596155],[14.3879251,12.363632],[14.3970995,12.3666502],[14.4009024,12.3674395],[14.4045151,12.3672073],[14.4072246,12.3667895],[14.4106948,12.3646535],[14.4126437,12.3629355],[14.4137846,12.3621461],[14.4192988,12.361171],[14.422459,12.3622417],[14.4245753,12.3655822],[14.4266668,12.3690182],[14.4281405,12.3702255],[14.4290912,12.3702255],[14.4313729,12.3703648],[14.433512,12.369854],[14.4367445,12.3687396],[14.4392163,12.3676252],[14.442734,12.3643285],[14.444065,12.3617282],[14.4436847,12.3574563],[14.4429717,12.355181],[14.4426389,12.3530449],[14.4430667,12.3514661],[14.4444453,12.3502124],[14.4458714,12.3497944],[14.4478679,12.3502588],[14.4491098,12.3513802],[14.4506725,12.3538343],[14.4533345,12.3556453],[14.4556162,12.3572241],[14.457993,12.3581992],[14.4615107,12.3590815],[14.4638875,12.3605209],[14.4653611,12.3602423],[14.4682133,12.3581063],[14.4706376,12.3539272],[14.4707802,12.3528592],[14.4723964,12.3493301],[14.4730144,12.3484942],[14.4747732,12.3464046],[14.4756764,12.3460795],[14.4765796,12.346126],[14.4776254,12.3466368],[14.4781958,12.3475655],[14.4792329,12.3498848],[14.4804377,12.3517972],[14.482546,12.3526798],[14.4854073,12.3513559],[14.4875156,12.3478253],[14.487271,12.3456612],[14.4855579,12.3438532],[14.483299,12.343559],[14.4829978,12.3416465],[14.4860097,12.3392927],[14.4915816,12.3382629],[14.4943176,12.3360551],[14.4952279,12.3327478],[14.4978874,12.330881],[14.5027256,12.3295829],[14.51146,12.3298772],[14.5149237,12.3295829],[14.5203451,12.3273761],[14.5215498,12.3204613],[14.5222217,12.3182887],[14.5217004,12.3157533],[14.5206304,12.3136861],[14.5182367,12.3144291],[14.5167308,12.3157533],[14.5140201,12.3173717],[14.5113094,12.3169303],[14.5101047,12.3138406],[14.5135683,12.3088381],[14.5156767,12.3054541],[14.5140201,12.30207],[14.5117612,12.3001572],[14.5110082,12.2979501],[14.5116106,12.2961845],[14.5159778,12.2969202],[14.5188391,12.2979501],[14.5229052,12.2963316],[14.525917,12.291476],[14.5280253,12.2901517],[14.5319999,12.2903117],[14.5348021,12.2892688],[14.5379645,12.2872088],[14.541127,12.2838245],[14.5454942,12.2820587],[14.5477531,12.2807344],[14.5473014,12.27838],[14.5444401,12.2755842],[14.5432353,12.2714639],[14.544985,12.2670848],[14.5478856,12.2632709],[14.5495763,12.2579371],[14.5521639,12.2567677],[14.5553725,12.2574645],[14.5569175,12.2601355],[14.5583435,12.2608322],[14.5594131,12.2594387],[14.5591754,12.2563032],[14.5573928,12.2537483],[14.5558479,12.2511933],[14.5557291,12.2468964],[14.5541842,12.2450382],[14.5502966,12.2431137],[14.549074,12.2427154],[14.548211,12.2411935],[14.5480045,12.2384183],[14.5500248,12.2359794],[14.552045,12.2350261],[14.5569769,12.2356649],[14.5614928,12.2343292],[14.563981,12.2335275],[14.5659159,12.233041],[14.5674942,12.232529],[14.5705841,12.2310773],[14.5722478,12.2297416],[14.572842,12.2278833],[14.5742087,12.2268961],[14.5755159,12.2270123],[14.5772985,12.2277091],[14.578071,12.2288125],[14.5803883,12.2292771],[14.5819333,12.2292771],[14.5856767,12.2288125],[14.5862586,12.2289494],[14.5888854,12.2295674],[14.5909057,12.2293932],[14.593223,12.2284641],[14.5941738,12.2275349],[14.5956593,12.2256185],[14.596194,12.2238764],[14.5961113,12.2234114],[14.5959564,12.2225407],[14.5953622,12.2213792],[14.5944114,12.2207404],[14.5930448,12.2202177],[14.5919158,12.2194628],[14.5917375,12.2182432],[14.5926288,12.2166172],[14.59665,12.2148331],[14.5985708,12.2148749],[14.5996998,12.2148749],[14.6017201,12.2142361],[14.6031921,12.2119304],[14.605523,12.2066282],[14.6067114,12.2041309],[14.6083157,12.2020982],[14.6090287,12.2007624],[14.6085534,12.1998331],[14.6068896,12.19902],[14.6046911,12.1984393],[14.6026708,12.1991943],[14.6011259,12.1991362],[14.5989274,12.198207],[14.597739,12.1973358],[14.597323,12.1958257],[14.5975013,12.1946641],[14.5980361,12.193851],[14.5990357,12.1939845],[14.60071,12.1942576],[14.6022549,12.194548],[14.6035621,12.1943157],[14.6059389,12.1930379],[14.6075433,12.1918183],[14.610336,12.1912955],[14.6121186,12.1919925],[14.6139606,12.1925152],[14.6157536,12.1915107],[14.6158026,12.1901339],[14.6149707,12.1889142],[14.6142577,12.1885077],[14.613307,12.1882754],[14.6129505,12.1874042],[14.6127128,12.1867072],[14.6136041,12.1857779],[14.6152103,12.1861177],[14.6165751,12.1862425],[14.6175852,12.1862425],[14.6193678,12.1850809],[14.6220417,12.1834546],[14.6245968,12.1826415],[14.6273895,12.182293],[14.6290533,12.1823511],[14.6297069,12.1834546],[14.6299446,12.1847324],[14.6298257,12.1859521],[14.6286373,12.1873461],[14.6271518,12.188043],[14.6259426,12.1891686],[14.6260228,12.1903663],[14.6265576,12.1915279],[14.6290533,12.1926314],[14.6305982,12.1940834],[14.6323808,12.1950126],[14.6333651,12.1948569],[14.6344605,12.1943157],[14.63541,12.1929452],[14.6363025,12.1913536],[14.6386793,12.1912375],[14.6403431,12.1925152],[14.640759,12.1940834],[14.6405213,12.1957096],[14.6408184,12.1969292],[14.6415909,12.1977423],[14.642601,12.1975681],[14.6434329,12.1962323],[14.6443242,12.1952449],[14.6469387,12.1943157],[14.6493155,12.1941414],[14.6512169,12.1962904],[14.6527618,12.1973939],[14.6540691,12.1978004],[14.6572183,12.1983812],[14.659298,12.1980327],[14.6605458,12.1966969],[14.6613183,12.1951869],[14.6621502,12.1939091],[14.6639922,12.1926314],[14.6655965,12.1908309],[14.6668443,12.1891466],[14.6671305,12.1878644],[14.6671866,12.1876132],[14.6669352,12.1864254],[14.6664545,12.1856048],[14.6650948,12.1843462],[14.6643915,12.182595],[14.663764,12.180755],[14.6638211,12.1797513],[14.6649049,12.1785246],[14.6671866,12.1779113],[14.6695824,12.1780228],[14.6720923,12.1772979],[14.6735045,12.1760698],[14.6751726,12.1731717],[14.6774544,12.1666476],[14.6779678,12.1640825],[14.6757924,12.1635935],[14.675222,12.1623853],[14.6757924,12.1612701],[14.6773135,12.1601548],[14.676553,12.158296],[14.6747466,12.1580172],[14.6735107,12.1563443],[14.6737959,12.1544855],[14.6716092,12.1540208],[14.6703733,12.1527196],[14.6696127,12.1523478],[14.6684718,12.1528125],[14.6675211,12.1526267],[14.6675211,12.1516972],[14.6670458,12.150489],[14.6670458,12.1492807],[14.6655246,12.148816],[14.6635281,12.1481654],[14.6626725,12.1463066],[14.6625774,12.1445406],[14.6602957,12.1436112],[14.6591548,12.1424029],[14.6575386,12.14231],[14.6574435,12.1413805],[14.6565879,12.1401722],[14.6561125,12.138778],[14.6548766,12.1386851],[14.6534505,12.1390569],[14.6523096,12.1372909],[14.6530702,12.135339],[14.6544963,12.1345954],[14.6562076,12.1307845],[14.6563026,12.1295762],[14.6556371,12.1283679],[14.6565879,12.1274384],[14.6569681,12.1247428],[14.6564928,12.1222331],[14.655447,12.1200022],[14.6557322,12.1173995],[14.6559224,12.1157264],[14.6555566,12.1152235],[14.6542137,12.1145119],[14.6540592,12.1144439],[14.6533402,12.1141766],[14.6530342,12.1141505],[14.6526836,12.1140459],[14.6516883,12.114136],[14.6511031,12.1140837],[14.6509723,12.1140256],[14.6508208,12.1137816],[14.6506604,12.1136538],[14.6505772,12.1134708],[14.6505683,12.1132064],[14.6506437,12.1130494],[14.6508149,12.1128666],[14.6514774,12.1125819],[14.6518102,12.1124947],[14.65259,12.1123967],[14.6528292,12.112181],[14.6528732,12.1119707],[14.6527082,12.1114333],[14.6522297,12.110854],[14.6520016,12.1107146],[14.6518252,12.1105171],[14.6514152,12.1102324],[14.6508723,12.1098522],[14.6498397,12.1093484],[14.6493681,12.109078],[14.6490259,12.1087992],[14.6487763,12.1085482],[14.6483984,12.1081926],[14.6482273,12.1078998],[14.6480062,12.1076906],[14.6475032,12.1068014],[14.6473282,12.1062652],[14.6467955,12.1054083],[14.6461755,12.10447],[14.6458249,12.1041214],[14.6452866,12.1037057],[14.6445443,12.1032372],[14.6441391,12.1028165],[14.6438482,12.1024305],[14.6435996,12.1019535],[14.6434505,12.1014479],[14.6431772,12.1010819],[14.6425473,12.1004196],[14.641763,12.0999083],[14.6413708,12.0995597],[14.6408539,12.0991007],[14.6406221,12.0989613],[14.6398993,12.0985911],[14.639202,12.0982989],[14.6388503,12.0982621],[14.6387147,12.0981479],[14.6383767,12.0973859],[14.6381969,12.0969218],[14.6380068,12.0967103],[14.6378238,12.0966661],[14.6376526,12.0964733],[14.6375481,12.0961711],[14.6374371,12.0960408],[14.6373955,12.095759],[14.6370925,12.0952535],[14.6367865,12.0949775],[14.6368162,12.0945273],[14.6367241,12.0939927],[14.636736,12.0937778],[14.6364389,12.0935221],[14.63632,12.0932026],[14.6360408,12.0930399],[14.6359101,12.0926332],[14.6358197,12.0922058],[14.6357526,12.0913636],[14.6357645,12.090832],[14.6357764,12.0905183],[14.6358447,12.0900186],[14.63602,12.0896061],[14.6362785,12.0891442],[14.6365904,12.0887839],[14.6375747,12.0877764],[14.6385537,12.086219],[14.6388948,12.0854073],[14.6392489,12.0849913],[14.6394628,12.0848031],[14.6409459,12.0839687],[14.6411194,12.0837595],[14.6412525,12.0833993],[14.6412359,12.0830321],[14.6411575,12.0828764],[14.6406203,12.0822884],[14.6401069,12.0818352],[14.6400047,12.0816818],[14.6399073,12.0813517],[14.6398906,12.0810542],[14.6399192,12.0809334],[14.6400899,12.0806704],[14.6408721,12.0800435],[14.6412001,12.0798344],[14.6416802,12.0793277],[14.6420225,12.078835],[14.6425216,12.0783655],[14.6428985,12.0781704],[14.6436577,12.0779564],[14.6446892,12.0777147],[14.64506,12.0775706],[14.6456162,12.0772638],[14.6461105,12.0761668],[14.6465209,12.0754045],[14.6466231,12.0751325],[14.6468466,12.0748141],[14.6471864,12.0746398],[14.6475842,12.0746788],[14.6483424,12.0743604],[14.6486656,12.0742883],[14.6493216,12.0740327],[14.6499539,12.0736143],[14.6502581,12.0735539],[14.6506099,12.0732424],[14.6513514,12.0721872],[14.6514132,12.0720152],[14.6516533,12.0716527],[14.6519551,12.0713249],[14.6520146,12.0711576],[14.6520264,12.0708252],[14.6518957,12.0705254],[14.6517674,12.0695771],[14.6518101,12.0691053],[14.6521025,12.0686056],[14.6527323,12.0681454],[14.653279,12.0676038],[14.6535618,12.0673156],[14.6538281,12.0668368],[14.6538162,12.0665904],[14.6538851,12.0664975],[14.6538946,12.0663743],[14.6536926,12.0656212],[14.6535832,12.0645892],[14.6534858,12.0641267],[14.653405,12.0639872],[14.653386,12.0638501],[14.6531768,12.0635363],[14.6531029,12.0635476],[14.6529391,12.063692],[14.6527585,12.0636246],[14.6525992,12.0634619],[14.6517626,12.0636548],[14.6512207,12.0636246],[14.6506503,12.0633782],[14.6501725,12.0630807],[14.6499396,12.0630017],[14.6495569,12.0627484],[14.648794,12.0625066],[14.6486015,12.0625043],[14.6481285,12.0627739],[14.6469526,12.063152],[14.6465503,12.063176],[14.6461724,12.0631109],[14.6438027,12.0630482],[14.6436387,12.0629692],[14.6433654,12.0627112],[14.6422935,12.0621138],[14.6412738,12.0617838],[14.6410124,12.0617419],[14.640701,12.0617884],[14.6398549,12.0620906],[14.639042,12.0618256],[14.6383622,12.0617396],[14.6381341,12.0616397],[14.6373616,12.0617233],[14.6368078,12.0617233],[14.6366295,12.0616722],[14.6363491,12.061549],[14.6358096,12.061212],[14.6351821,12.060524],[14.634621,12.0601638],[14.633883,12.0599476],[14.6330737,12.0596513],[14.6322608,12.0592433],[14.6312162,12.0585147],[14.6305852,12.0576988],[14.6301146,12.0569736],[14.6296582,12.0564227],[14.6290985,12.0556104],[14.6286101,12.0545888],[14.6282143,12.0532395],[14.6280931,12.0530756],[14.6276724,12.052727],[14.6266849,12.0523155],[14.6263105,12.0520854],[14.6262,12.0519878],[14.6260289,12.0517089],[14.6256688,12.0514055],[14.6255725,12.0512486],[14.6250698,12.0507989],[14.6242748,12.0503735],[14.6241571,12.0502061],[14.6241037,12.0499725],[14.6241144,12.0496762],[14.6242071,12.0493693],[14.6244923,12.0487313],[14.6245529,12.0484837],[14.62456,12.0482013],[14.6244816,12.0478596],[14.6241322,12.0473506],[14.6234049,12.046709],[14.6232445,12.0464615],[14.6231874,12.046186],[14.6232052,12.0459385],[14.6233265,12.045656],[14.623658,12.045133],[14.6237436,12.0449029],[14.6237507,12.0445542],[14.6236331,12.0441672],[14.6234477,12.043836],[14.6232231,12.0436268],[14.6226705,12.0431003],[14.6224459,12.0427098],[14.6223003,12.0422861],[14.6222379,12.0417486],[14.622633,12.0397379],[14.6228945,12.039241],[14.6231916,12.038904],[14.6235095,12.0383751],[14.6236669,12.0379538],[14.6237204,12.0375877],[14.623655,12.0372506],[14.6234619,12.0370356],[14.6231529,12.0368438],[14.6222884,12.0368584],[14.6220893,12.0367538],[14.6217893,12.0364574],[14.6215724,12.0360477],[14.6215664,12.0356961],[14.6216437,12.0354375],[14.6218457,12.0352225],[14.6224726,12.0348796],[14.6230995,12.0342374],[14.6233223,12.0338016],[14.6234322,12.0333454],[14.6234441,12.0327962],[14.6233134,12.0320088],[14.6231381,12.0316978],[14.6230103,12.0312591],[14.6229955,12.030707],[14.6232005,12.0303002],[14.6234708,12.029966],[14.6241046,12.0295416],[14.6267597,12.0282952],[14.6271935,12.0280569],[14.627504,12.0277522],[14.627862,12.0273625],[14.6281947,12.0267668],[14.6284205,12.0264733],[14.6285362,12.0261627],[14.6287093,12.0253329],[14.6288258,12.0249772],[14.6296149,12.0234383],[14.6299667,12.0229873],[14.6318087,12.0215855],[14.6321034,12.0212601],[14.6323506,12.0207719],[14.6324813,12.0200908],[14.6324266,12.0196677],[14.6321486,12.0189121],[14.6315948,12.0178451],[14.6316019,12.0172012],[14.631716,12.0168548],[14.6326715,12.0158133],[14.6331373,12.0151717],[14.6332205,12.0149462],[14.6332395,12.0146998],[14.6331563,12.0140442],[14.6331254,12.0127609],[14.6336935,12.0119296],[14.6339958,12.0112229],[14.6341783,12.0109681],[14.6343476,12.0106017],[14.6344845,12.0102334],[14.6346366,12.009497],[14.6343818,12.0090134],[14.6342772,12.0086977],[14.6335951,12.0062753],[14.6335452,12.0059498],[14.6335452,12.005515],[14.6336165,12.0051477],[14.6336022,12.003969],[14.6336474,12.0036296],[14.6338969,12.0029647],[14.6339041,12.0026532],[14.6338209,12.0023254],[14.6334525,12.0018558],[14.6331506,12.001256],[14.6330437,12.0009375],[14.6330151,12.0003981],[14.6330569,12.0002636],[14.6331886,12.000154],[14.6333384,11.9998587],[14.6338874,11.9983104],[14.6342107,11.9977198],[14.6341821,11.9971456],[14.634503,11.995946],[14.6353943,11.9937722],[14.6358245,11.9930747],[14.6366516,11.9923051],[14.6379066,11.9909544],[14.6381562,11.9904708],[14.6381348,11.9900523],[14.6380135,11.9894524],[14.6380183,11.989013],[14.6382698,11.9883703],[14.6384176,11.9877994],[14.6384675,11.9849736],[14.6387071,11.9843598],[14.6390456,11.9838781],[14.6396844,11.9835545],[14.6411847,11.9829816],[14.6413995,11.9824533],[14.6415707,11.9818302],[14.6416676,11.9804575],[14.6419966,11.9793806],[14.6424327,11.9780986],[14.6428104,11.9771969],[14.6433504,11.9759116],[14.6435405,11.9752829],[14.643938,11.9738786],[14.6444323,11.9723477],[14.6445806,11.9722064],[14.6448963,11.9721096],[14.645269,11.9721803],[14.6457386,11.9721803],[14.6470202,11.9719404],[14.6475146,11.9714065],[14.6482599,11.9699277],[14.6487296,11.9691335],[14.6491688,11.9686964],[14.6494578,11.9685252],[14.6500245,11.9688731],[14.6505911,11.9689977],[14.6515627,11.9689977],[14.6520153,11.9689754],[14.652502,11.9686257],[14.6529222,11.9682053],[14.6530668,11.9677068],[14.653236,11.967331],[14.6535288,11.9669869],[14.6539832,11.9667507],[14.6543388,11.9664456],[14.6553827,11.965084],[14.6561014,11.9638042],[14.6562949,11.9631276],[14.656409,11.9622794],[14.6562664,11.9615781],[14.6558747,11.9606815],[14.6556693,11.9596733],[14.6541698,11.9559544],[14.653819,11.9553759],[14.6529967,11.954597],[14.6500898,11.9524694],[14.6488301,11.9513975],[14.6477463,11.9503511],[14.6476322,11.9500814],[14.6475442,11.9496375],[14.6473922,11.9482328],[14.6472275,11.9476898],[14.6469408,11.9472503],[14.6465558,11.9470299],[14.6459825,11.9470103],[14.64579,11.9470982],[14.6452141,11.9469443],[14.6448373,11.9467385],[14.644564,11.9465234],[14.6443513,11.9462862],[14.6442681,11.9460084],[14.6443049,11.9457549],[14.6444737,11.9454654],[14.6450002,11.9448829],[14.6450917,11.9445539],[14.6451273,11.9442667],[14.645075,11.9440342],[14.6449348,11.9437912],[14.644734,11.9435749],[14.6444606,11.9434691],[14.6431106,11.9433528],[14.6427957,11.9432121],[14.6423797,11.9429459],[14.641675,11.9420181],[14.641208,11.9410612],[14.640533,11.9403101],[14.6401408,11.9400673],[14.6392578,11.9395206],[14.638767,11.939266],[14.6385163,11.9390649],[14.6379831,11.9381314],[14.6377121,11.9378431],[14.6373271,11.9375268],[14.636847,11.9372152],[14.6359248,11.9366804],[14.635611,11.9364246],[14.635245,11.935806],[14.6349122,11.9353084],[14.6344939,11.9342294],[14.6340186,11.9325365],[14.6339615,11.9319179],[14.6339568,11.9314947],[14.6347173,11.9299041],[14.6357394,11.9266484],[14.6366473,11.9256205],[14.6370323,11.9252252],[14.6373318,11.9249461],[14.6376361,11.9246857],[14.6389671,11.9238066],[14.6393616,11.9234113],[14.6395993,11.922909],[14.6397371,11.9225183],[14.639837,11.9212067],[14.6398132,11.9206672],[14.6396944,11.9201044],[14.6393806,11.9196067],[14.6394995,11.9189091],[14.6393806,11.9187602],[14.6393806,11.9186486],[14.6394329,11.9185974],[14.639837,11.9186998],[14.6400699,11.9188951],[14.6401982,11.9188672],[14.6404692,11.9187091],[14.6410824,11.9181556],[14.641244,11.9179091],[14.6413153,11.9176765],[14.6413201,11.9173091],[14.6412678,11.9172347],[14.6410063,11.9171602],[14.640935,11.9171091],[14.6409065,11.9170068],[14.641515,11.9164254],[14.6419713,11.9161323],[14.6422233,11.9159137],[14.6424324,11.9156951],[14.6426273,11.9154254],[14.6429268,11.91523],[14.6430742,11.9150254],[14.6435448,11.91343],[14.64354,11.9129137],[14.6432073,11.9121137],[14.6430694,11.9119137],[14.6424419,11.9114114],[14.6422423,11.9111137],[14.6416719,11.9105788],[14.6414912,11.9101881],[14.6411299,11.9099648],[14.64055,11.9096997],[14.6401745,11.9094113],[14.6398607,11.9092485],[14.6393569,11.9091369],[14.6387817,11.9091462],[14.6380924,11.9090764],[14.6376646,11.9089927],[14.636519,11.9089462],[14.6362575,11.9088299],[14.6360198,11.9086485],[14.6359295,11.9084253],[14.6358392,11.9079276],[14.6357156,11.9076904],[14.6355873,11.9075694],[14.6349645,11.9073136],[14.6343418,11.9071648],[14.6337476,11.9068624],[14.6335385,11.9066578],[14.6333245,11.9063554],[14.6328729,11.9058112],[14.6327256,11.9057042],[14.6325592,11.9056763],[14.6323928,11.9057089],[14.6322787,11.9058252],[14.6319745,11.9060066],[14.6316703,11.9060019],[14.6313423,11.905881],[14.6304819,11.9053321],[14.6293458,11.9047554],[14.6289845,11.9045181],[14.6285044,11.9043414],[14.6279577,11.9040484],[14.6278104,11.9037832],[14.6277866,11.9034948],[14.6278484,11.9032251],[14.6279958,11.902946],[14.6282382,11.9026669],[14.6283951,11.9021692],[14.6283618,11.9014163],[14.6282073,11.9009686],[14.6279399,11.9005325],[14.6275537,11.8997534],[14.6274824,11.8987766],[14.627417,11.8985207],[14.6271793,11.8980091],[14.6270427,11.8979393],[14.6268882,11.897573],[14.6267931,11.8968462],[14.6264901,11.8961717],[14.6262761,11.8953519],[14.6260979,11.8949798],[14.6255869,11.893439],[14.6251591,11.8927005],[14.6242559,11.8914795],[14.6234478,11.8905608],[14.6230794,11.8897759],[14.6228536,11.8894968],[14.621475,11.8882059],[14.6212255,11.8878803],[14.6209878,11.8877001],[14.6207261,11.8873965],[14.6197934,11.8866767],[14.6196271,11.886479],[14.619526,11.8861359],[14.6196862,11.885347],[14.6197102,11.8849614],[14.6195023,11.8836182],[14.6192682,11.8831408],[14.6186466,11.8824541],[14.6182069,11.8820704],[14.6177599,11.8818493],[14.616966,11.8815609],[14.6162768,11.8813143],[14.6157349,11.8809375],[14.6153926,11.8804723],[14.6151359,11.8802398],[14.6147509,11.8796722],[14.6142042,11.8789559],[14.6135149,11.8786395],[14.613011,11.8786163],[14.612355,11.8787],[14.6119748,11.8786628],[14.6116658,11.8785093],[14.6113901,11.8783139],[14.6109575,11.8778394],[14.6106485,11.8764997],[14.6098119,11.8753553],[14.609617,11.8751646],[14.6089943,11.8747739],[14.6087661,11.8746901],[14.6085474,11.8746994],[14.6081957,11.8745041],[14.6070263,11.8735225],[14.6067791,11.8732387],[14.6062704,11.8725456],[14.6058997,11.8720432],[14.605634,11.8715375],[14.6053157,11.8710827],[14.6051244,11.8707082],[14.6046538,11.8694643],[14.6046031,11.8691758],[14.6046323,11.8684994],[14.6046714,11.8683408],[14.6051244,11.8678402],[14.6058273,11.8674504],[14.6060401,11.8672765],[14.6065751,11.866646],[14.6068328,11.8662657],[14.6072584,11.8654288],[14.6073736,11.8650486],[14.607442,11.863776],[14.607604,11.8634856],[14.6083655,11.8624652],[14.6087189,11.8620448],[14.6096873,11.8613914],[14.610357,11.8605239],[14.611304,11.8597977],[14.6123329,11.8587506],[14.6129421,11.8583111],[14.6136352,11.8580627],[14.6141038,11.8577666],[14.6144241,11.8576959],[14.6152265,11.8571723],[14.6154511,11.8569831],[14.6157732,11.856364],[14.6157771,11.856129],[14.6156326,11.8558462],[14.6148497,11.8551621],[14.6146915,11.8549672],[14.6146388,11.8548296],[14.614633,11.8545869],[14.6147013,11.8543347],[14.6149356,11.854115],[14.6149629,11.8535818],[14.6153027,11.852571],[14.6153085,11.8522194],[14.6152695,11.8520551],[14.6143655,11.8516576],[14.6142002,11.8514817],[14.6139863,11.8513328],[14.6137677,11.8510328],[14.6136773,11.8506745],[14.6136536,11.8503605],[14.6137272,11.8499325],[14.6134848,11.8495603],[14.6130213,11.8486392],[14.6125388,11.8480762],[14.6123487,11.8479646],[14.6118567,11.847839],[14.6116499,11.8478599],[14.6111508,11.8476296],[14.6109559,11.8474714],[14.610433,11.8469201],[14.610288,11.8467015],[14.610105,11.8462548],[14.6095512,11.8455756],[14.6089998,11.8451894],[14.6086837,11.8448312],[14.6077662,11.8441892],[14.6071221,11.8433866],[14.6069676,11.8430028],[14.6068179,11.8415257],[14.6066824,11.8407673],[14.6062332,11.8393576],[14.6062522,11.8389296],[14.6061072,11.838241],[14.6058814,11.8377432],[14.6057959,11.837364],[14.6058957,11.836715],[14.6060601,11.8361741],[14.6063106,11.8356679],[14.6063651,11.8354168],[14.6063005,11.8349581],[14.606131,11.8344951],[14.6059219,11.834136],[14.6058801,11.8337396],[14.6059124,11.8335423],[14.6061444,11.8328035],[14.6122208,11.8252773],[14.6034731,11.7992416],[14.5961238,11.7773657],[14.5886097,11.7549992],[14.5886206,11.7508457],[14.5886097,11.7139235],[14.5886097,11.6922207],[14.5988884,11.6883316],[14.6233745,11.6655415],[14.6349983,11.6547222],[14.6411095,11.646944],[14.6466656,11.5824985],[14.6463871,11.5758324],[14.6424999,11.5655537],[14.6309102,11.5372265],[14.6177769,11.5055542],[14.6105537,11.4991655],[14.5904565,11.4876046],[14.583818,11.4837856],[14.5734255,11.477807],[14.5663786,11.473753],[14.5597401,11.4699339],[14.5574079,11.4685922],[14.5418851,11.4596617],[14.5229448,11.4487648],[14.5073671,11.4398034],[14.499266,11.435143],[14.4820275,11.4252257],[14.4666653,11.4163876],[14.4574986,11.4119434],[14.4424992,11.4061108],[14.4305553,11.4044437],[14.4163876,11.4049988],[14.4108315,11.4038887],[14.3977776,11.3958321],[14.373888,11.3780537],[14.3617421,11.3660262],[14.3297215,11.3388882],[14.2997971,11.3184834],[14.2808278,11.305548],[14.2584958,11.2903187],[14.2485385,11.2835281],[14.2241367,11.2669244],[14.2097701,11.2576943],[14.2001179,11.2515232],[14.1886101,11.2441654],[14.1824058,11.241598],[14.164444,11.2341652],[14.1580544,11.2336102],[14.1474991,11.2358322],[14.1267489,11.2430404],[14.1023433,11.2523426],[14.0884999,11.2576922],[14.0628714,11.2667839],[14.0508805,11.2708847],[14.039234,11.2748675],[14.0266666,11.2791653],[14.0155544,11.2822208],[14.0091648,11.2833328],[14.0036106,11.2833328],[13.9919434,11.2741661],[13.9840374,11.2668677],[13.977499,11.2608318],[13.9659255,11.2493306],[13.9605588,11.2361374],[13.9484372,11.2151555],[13.9196291,11.1807938],[13.9015126,11.1632742],[13.8901451,11.1536934],[13.8783495,11.1481879],[13.8767595,11.1448677],[13.8757613,11.1431537],[13.8754404,11.1417661],[13.8754523,11.1412764],[13.8757244,11.1407712],[13.8806681,11.1362937],[13.8811294,11.1358322],[13.8812783,11.1348507],[13.8807676,11.1338693],[13.8801504,11.1331175],[13.879299,11.1325745],[13.8778944,11.1316975],[13.8768302,11.1304237],[13.872738,11.1254397],[13.8639914,11.1207754],[13.8570395,11.1114308],[13.8540629,11.0990054],[13.8440396,11.0846935],[13.8330113,11.0753636],[13.8288148,11.0713292],[13.8248789,11.0676268],[13.8107511,11.051735],[13.8065813,11.039907],[13.8012573,11.0253498],[13.7985953,11.0171378],[13.7949825,11.0064992],[13.7927077,11.00307],[13.780347,10.9927492],[13.7757022,10.9818446],[13.7744427,10.9788876],[13.7749996,10.9727764],[13.7749996,10.9716565],[13.7749996,10.9574071],[13.7749996,10.952776],[13.7744626,10.9502708],[13.7724991,10.9411106],[13.768055,10.9316654],[13.759277,10.9228155],[13.7506736,10.9141413],[13.7214691,10.9251849],[13.7084821,10.9300958],[13.6994591,10.9335079],[13.6862168,10.9385154],[13.6755426,10.9425518],[13.6698837,10.9446917],[13.6615039,10.94471],[13.6595897,10.9447145],[13.6581308,10.9443472],[13.6580894,10.9443498],[13.6548365,10.9445474],[13.6523507,10.9455162],[13.6514224,10.945878],[13.6481339,10.9458856],[13.645826,10.9458908],[13.6410054,10.9459019],[13.6305942,10.9470692],[13.6259698,10.9482241],[13.6213407,10.9482346],[13.613244,10.949398],[13.5854663,10.949461],[13.5854149,10.949461],[13.5773077,10.9483356],[13.5687217,10.944121],[13.5633869,10.9415026],[13.5564222,10.9369421],[13.5517817,10.9346638],[13.5494509,10.9312372],[13.5459681,10.928956],[13.5415853,10.9268052],[13.5413275,10.9266787],[13.5355301,10.9244032],[13.5274181,10.9221334],[13.5227776,10.9198561],[13.5181427,10.9187231],[13.5134974,10.9153004],[13.5065422,10.9130287],[13.5019026,10.9107504],[13.4943721,10.9086436],[13.4891548,10.9073477],[13.4833574,10.9050722],[13.4752459,10.9028026],[13.4637221,10.9028292],[13.4636707,10.9028292],[13.4633674,10.9028227],[13.445201,10.8950938],[13.4357457,10.8888654],[13.4112745,10.8802902],[13.3914112,10.878321],[13.3831036,10.8784447],[13.3803877,10.8827453],[13.3906342,10.8916558],[13.3886712,10.8959396],[13.3829119,10.8972714],[13.3764588,10.8956818],[13.37344,10.8967252],[13.3726189,10.9007017],[13.3719548,10.9130178],[13.3677082,10.9247885],[13.35847,10.9293852],[13.3550034,10.9305372],[13.350379,10.9316921],[13.3457441,10.9305592],[13.3434181,10.9282761],[13.3428239,10.9246988],[13.3428229,10.9178546],[13.3359404,10.9078102],[13.33531,10.8958101],[13.3344402,10.8900003],[13.3347006,10.8858585],[13.3357153,10.8814163],[13.3359327,10.8790646],[13.3361673,10.8669089],[13.3363018,10.8596468],[13.3362492,10.8561518],[13.3361607,10.8502712],[13.3363762,10.8470755],[13.3356009,10.8416853],[13.3351126,10.8335381],[13.334856,10.8287535],[13.334794,10.8153391],[13.3347816,10.8127346],[13.3358812,10.8001461],[13.3323612,10.7898569],[13.3289185,10.7785034],[13.328002,10.7751865],[13.3266694,10.7705715],[13.3257492,10.7679498],[13.325305,10.7658463],[13.3229589,10.7589865],[13.3229322,10.7532654],[13.3209113,10.7441425],[13.3193855,10.7372551],[13.3170652,10.7297277],[13.314744,10.7232494],[13.3123465,10.7166767],[13.3112459,10.7134609],[13.308754,10.7111731],[13.3069096,10.7051802],[13.3041649,10.6995335],[13.3006668,10.69382],[13.2970445,10.689378],[13.29601,10.6881094],[13.2934301,10.6843152],[13.2930809,10.6838017],[13.2913208,10.6812744],[13.2878504,10.6755428],[13.2831831,10.6675444],[13.2808371,10.6606846],[13.2799741,10.6587169],[13.2795903,10.6578416],[13.2720942,10.640195],[13.267766,10.6299552],[13.2656269,10.6252499],[13.2646735,10.6235972],[13.2609606,10.6172514],[13.2582521,10.6119518],[13.2391713,10.6005373],[13.2325162,10.5888559],[13.2291887,10.5776413],[13.229685,10.5752994],[13.2313643,10.5673759],[13.2329916,10.5584822],[13.2375259,10.5555201],[13.2478088,10.5459504],[13.2527525,10.5403423],[13.2524257,10.537997],[13.2520429,10.5352507],[13.2509462,10.5231438],[13.2486124,10.5110788],[13.2485977,10.5110028],[13.247999,10.5079074],[13.2464778,10.5033269],[13.2391573,10.4861263],[13.2385452,10.4805837],[13.2371957,10.4738555],[13.2345153,10.4631771],[13.2308583,10.4617823],[13.2289769,10.460766],[13.2296282,10.4588223],[13.2281033,10.4560263],[13.2266491,10.456205],[13.2260601,10.4544898],[13.2257076,10.4532035],[13.224154,10.4533768],[13.2240481,10.4529911],[13.2232917,10.4524716],[13.2235486,10.451938],[13.2251975,10.4519733],[13.2267872,10.4517107],[13.2277318,10.451862],[13.2281248,10.4434513],[13.2220283,10.4428415],[13.219256,10.4436253],[13.2195612,10.4462613],[13.2191972,10.448156],[13.2192041,10.4486127],[13.2181008,10.4492926],[13.2153208,10.4476427],[13.2141192,10.4477308],[13.2128234,10.4451936],[13.21053,10.4425443],[13.2103914,10.4420014],[13.2120777,10.4410895],[13.2191002,10.438489],[13.2185566,10.4350834],[13.215605,10.429961],[13.2126348,10.4251744],[13.2108441,10.4207674],[13.2067881,10.4156651],[13.1970723,10.4089167],[13.1910077,10.4096592],[13.1784063,10.4173144],[13.1664273,10.4228311],[13.1621001,10.4252505],[13.155921,10.4287052],[13.1481453,10.4320231],[13.1478348,10.4321556],[13.1432152,10.4344549],[13.1416083,10.434991],[13.1413342,10.4350971],[13.1398,10.435607],[13.1282519,10.4413538],[13.1224765,10.443656],[13.1143798,10.4448175],[13.1097506,10.444829],[13.1074456,10.4471226],[13.0983196,10.4505321],[13.0982674,10.4505516],[13.0982026,10.4505758],[13.0892627,10.4535473],[13.0878018,10.4540329],[13.0808639,10.4551926],[13.0785531,10.4563417],[13.0716189,10.4586458],[13.0658378,10.4598036],[13.0519704,10.4644117],[13.0450477,10.4690046],[13.0404443,10.4747362],[13.031414,10.4788982],[13.0225723,10.4864705],[13.0152993,10.494884],[13.0114489,10.5069428],[13.0105323,10.5137062],[13.0059759,10.518241],[13.0047942,10.5194043],[13.0047823,10.5194162],[13.0024671,10.5217333],[12.9939751,10.5273662],[12.9920825,10.5286217],[12.9863166,10.5332117],[12.9828557,10.5355082],[12.9748172,10.5395087],[12.9747759,10.5395293],[12.9736175,10.5401058],[12.9731175,10.5403902],[12.9712842,10.5414329],[12.965537,10.5447016],[12.9586085,10.5481491],[12.9401216,10.5550566],[12.9343394,10.5562143],[12.9274062,10.5585184],[12.9181632,10.5619717],[12.9089145,10.5642815],[12.9044374,10.5652764],[12.9043872,10.5652876],[12.9039477,10.5653852],[12.898508,10.5665941],[12.8881072,10.5700502],[12.8753919,10.5735111],[12.8638238,10.5746822],[12.8476209,10.5747194],[12.8450097,10.5742092],[12.8449677,10.5742111],[12.8325738,10.5747538],[12.8244723,10.5747719],[12.8163756,10.5759354],[12.8105155,10.5761912],[12.8105001,10.5761919],[12.8047216,10.576083],[12.7990076,10.5759753],[12.7989635,10.5759745],[12.7885523,10.5771427],[12.7769775,10.5771694],[12.7746687,10.5783186],[12.7700443,10.5794725],[12.7654257,10.5817719],[12.7608247,10.5829209],[12.7608013,10.5829268],[12.7445812,10.5795317],[12.7411041,10.5783958],[12.7353067,10.5761204],[12.7318182,10.5726957],[12.7283249,10.5681276],[12.7259941,10.5647001],[12.7225008,10.5601311],[12.7213278,10.5567017],[12.7166719,10.5509911],[12.7131729,10.5452785],[12.7096796,10.5407085],[12.7050285,10.5361443],[12.7026978,10.5327168],[12.6980314,10.5247183],[12.6956959,10.5201473],[12.6945219,10.516717],[12.6921864,10.512146],[12.6898556,10.5087175],[12.6863413,10.4995737],[12.6828527,10.4961491],[12.6793623,10.4920378],[12.6771183,10.4892302],[12.6736803,10.48493],[12.672492,10.4816732],[12.6713343,10.4772291],[12.6700106,10.4721508],[12.6676636,10.465291],[12.6653223,10.4595757],[12.6622496,10.4571199],[12.6604614,10.4527845],[12.6587143,10.4514723],[12.6571569,10.4458647],[12.6524954,10.4390097],[12.6397205,10.4357095],[12.6396768,10.4356982],[12.6375662,10.4387837],[12.6352481,10.4402294],[12.6352274,10.4402422],[12.6336992,10.4396029],[12.6342577,10.4382788],[12.6333488,10.4378409],[12.6258596,10.4428754],[12.6225012,10.4442252],[12.6204405,10.4461477],[12.6197845,10.4470722],[12.6195349,10.4490496],[12.6185652,10.4500594],[12.6185188,10.4500542],[12.6169145,10.4498758],[12.6169028,10.4498802],[12.6166376,10.4499811],[12.6166208,10.4499679],[12.6162344,10.4496666],[12.6154862,10.4491183],[12.6152826,10.4485811],[12.6147005,10.4479172],[12.6143711,10.447793],[12.6139685,10.4476413],[12.6139227,10.4476435],[12.6130605,10.4476834],[12.6119798,10.4483963],[12.6117058,10.448782],[12.6111408,10.4494772],[12.6104104,10.4504018],[12.6097533,10.4506182],[12.6097019,10.4506182],[12.6087096,10.4506183],[12.6072849,10.4509324],[12.6066551,10.451477],[12.6061861,10.4522017],[12.6066432,10.4530594],[12.6060252,10.4539008],[12.6046586,10.4545623],[12.6027928,10.4566121],[12.6023768,10.458302],[12.5998099,10.4612938],[12.5998099,10.4657813],[12.6015212,10.4711102],[12.6023892,10.475799],[12.6027571,10.4777478],[12.602567,10.4805524],[12.602567,10.4840114],[12.6025445,10.4840186],[12.5981937,10.4854136],[12.5948668,10.4899268],[12.5948158,10.4899263],[12.592314,10.4899016],[12.5922645,10.4899011],[12.5879696,10.4910227],[12.5848274,10.4913525],[12.5814771,10.4917041],[12.5788854,10.4921373],[12.5788427,10.4921444],[12.5758954,10.4897139],[12.5747942,10.4876417],[12.5739385,10.4853046],[12.5725125,10.4830609],[12.570516,10.4815652],[12.5703258,10.4787606],[12.5708962,10.4754418],[12.5697554,10.4729177],[12.5674737,10.4689911],[12.5680441,10.4656255],[12.5661902,10.4615586],[12.5654772,10.457071],[12.5629102,10.4520224],[12.5599154,10.4492175],[12.5580615,10.4458517],[12.5579189,10.4434675],[12.5603433,10.4420651],[12.5624824,10.4401016],[12.5640511,10.4370162],[12.5651919,10.4346319],[12.5643363,10.4325282],[12.5602007,10.4326684],[12.556821,10.4339148],[12.5567781,10.4339307],[12.5551168,10.4308125],[12.5545144,10.4277023],[12.5554727,10.425352],[12.557184,10.4203029],[12.5588953,10.4154406],[12.5604165,10.4092692],[12.5596559,10.4034717],[12.558515,10.3995443],[12.5573742,10.3950558],[12.5516531,10.3953873],[12.5516164,10.3953839],[12.5465724,10.3945954],[12.5354272,10.3928532],[12.5041995,10.3790062],[12.4627017,10.3748183],[12.4390974,10.3698691],[12.4390611,10.3698722],[12.4215846,10.3713919],[12.3998839,10.3599705],[12.3792302,10.3504527],[12.3851301,10.3445243],[12.3855906,10.3415859],[12.3862237,10.3383867],[12.3886069,10.333179],[12.3895282,10.3277125],[12.3896795,10.3226261],[12.3891555,10.3197053],[12.3868693,10.3171301],[12.3811501,10.3172054],[12.3718957,10.3183708],[12.371868,10.3183678],[12.3614739,10.3172503],[12.3614511,10.3172533],[12.3441237,10.3195782],[12.3290776,10.3196135],[12.3290262,10.3196135],[12.3232653,10.3171368],[12.3197603,10.31563],[12.3128515,10.315077],[12.3128014,10.315073],[12.3063644,10.3360525],[12.2993287,10.3412914],[12.2992958,10.3413158],[12.2908313,10.3301133],[12.2798312,10.3287107],[12.2797843,10.3287047],[12.2662008,10.3470432],[12.2571899,10.3597256],[12.2571529,10.3597775],[12.2537324,10.3474855],[12.242311,10.3193126],[12.2369563,10.3109314],[12.2291763,10.2987541],[12.2150163,10.2870613],[12.212732,10.2807795],[12.20685,10.2792662],[12.2007966,10.2778576],[12.1969838,10.2751478],[12.1955218,10.2737925],[12.1938467,10.2728636],[12.1927807,10.2726504],[12.1914387,10.2721388],[12.1905819,10.272052],[12.1901309,10.2724015],[12.1900795,10.2724015],[12.1894799,10.2724015],[12.1894285,10.2724015],[12.1886495,10.2729208],[12.1886404,10.2729268],[12.1880273,10.2728392],[12.1880008,10.2728355],[12.1873955,10.2729268],[12.1869296,10.2731111],[12.1869044,10.273121],[12.186242,10.2728697],[12.1843934,10.2720481],[12.1828726,10.2720702],[12.1823671,10.272144],[12.1823244,10.2721502],[12.1815784,10.2716157],[12.1807163,10.2719851],[12.1806811,10.2719781],[12.1806649,10.2719851],[12.1790673,10.2716707],[12.1774649,10.2704691],[12.1752335,10.2687028],[12.1732358,10.2686838],[12.1745649,10.2644096],[12.1689494,10.2623395],[12.16331,10.2621729],[12.160883,10.2570095],[12.1565172,10.2535612],[12.1519867,10.2506915],[12.1501545,10.2501681],[12.1486816,10.2489014],[12.1465129,10.2459545],[12.1383038,10.238483],[12.1359957,10.2366508],[12.1349785,10.2333483],[12.137358,10.2295412],[12.1348959,10.2276127],[12.1332995,10.2206159],[12.1301411,10.2171378],[12.1297247,10.2107728],[12.1265124,10.2035749],[12.1088886,10.1867678],[12.1024989,10.1637592],[12.0889938,10.1425141],[12.0886898,10.1343682],[12.0938227,10.1172577],[12.0913484,10.1013267],[12.1028252,10.0933611],[12.1021741,10.0851758],[12.10132,10.0744388],[12.0965946,10.067908],[12.0867912,10.0604841],[12.0828012,10.0598437],[12.0752293,10.0586285],[12.0554337,10.0587709],[12.0553823,10.0587709],[12.0472063,10.0567976],[12.0471875,10.0567931],[12.0404468,10.057731],[12.0397179,10.0578324],[12.0343327,10.0578324],[12.0342813,10.0578324],[12.0234823,10.0627684],[12.0187804,10.066878],[12.018754,10.0669011],[12.0111683,10.0598906],[12.0043231,10.0473934],[11.9977632,10.0419169],[11.9912438,10.0353407],[11.9912169,10.0353135],[11.9891938,10.037551],[11.9705526,10.0349423],[11.9705326,10.0349395],[11.9605434,10.0358283],[11.9542457,10.0322231],[11.9449258,10.0301672],[11.9311449,10.0258885],[11.9237232,10.0250403],[11.9207348,10.0246987],[11.9207041,10.0247011],[11.9104362,10.0254944],[11.904726,10.0255482],[11.9046746,10.0255482],[11.8978251,10.0256133],[11.8977737,10.0256133],[11.8829534,10.0257323],[11.8702233,10.0285877],[11.8701749,10.0285991],[11.8701719,10.0285877],[11.8550623,10.0321569],[11.8486892,10.0321569],[11.8449829,10.0323686],[11.8449491,10.0323676],[11.8444737,10.0323948],[11.8357763,10.0338858],[11.8357254,10.0338945]]]}},{"type":"Feature","properties":{"kind":"administrative","id":"administrative:maiduguri","localUnitId":"maiduguri","name":"Maiduguri"},"geometry":{"type":"Polygon","coordinates":[[[13.0925803,11.8348589],[13.0939682,11.8346885],[13.0961377,11.8346429],[13.0962946,11.8346385],[13.096696,11.8377825],[13.0960803,11.8430336],[13.0964892,11.8455807],[13.0980203,11.8471429],[13.0999565,11.8478426],[13.1028064,11.8493181],[13.1050907,11.8521164],[13.1074657,11.8542119],[13.1054696,11.8558855],[13.1041456,11.8571427],[13.1060676,11.8597253],[13.1072934,11.8608057],[13.1081464,11.862193],[13.1044592,11.8655482],[13.104112,11.866218],[13.1041559,11.8668656],[13.1044281,11.867613],[13.10499,11.8682722],[13.1023805,11.8712853],[13.0955971,11.877644],[13.0773429,11.8951116],[13.0774078,11.9030463],[13.0849779,11.9021986],[13.0848162,11.9052431],[13.0841549,11.9082671],[13.0833426,11.9114956],[13.0868458,11.912536],[13.0912456,11.9142079],[13.0919808,11.9120038],[13.0981386,11.9026152],[13.1024168,11.8966614],[13.1063385,11.8914982],[13.1113298,11.8865442],[13.1130886,11.8845672],[13.1182237,11.8872477],[13.1218602,11.8888525],[13.1376184,11.8962485],[13.1476601,11.9014347],[13.1480514,11.9000621],[13.1489957,11.8993136],[13.1493058,11.8986257],[13.1504591,11.8989891],[13.1509599,11.8992054],[13.151519,11.8995977],[13.1520941,11.9006101],[13.1540476,11.8986119],[13.1578883,11.8856538],[13.1619034,11.8767887],[13.1637226,11.8704657],[13.1634489,11.8679209],[13.1634607,11.8665764],[13.1638168,11.8649146],[13.165102,11.862769],[13.1655298,11.8623922],[13.1668133,11.8617083],[13.1684533,11.861164],[13.1713767,11.8600894],[13.1731165,11.8594055],[13.175056,11.8588333],[13.1756122,11.8589031],[13.177024,11.8595172],[13.1782932,11.8597684],[13.1787353,11.8597963],[13.1794626,11.8581913],[13.1801471,11.8568957],[13.1792179,11.8567312],[13.1787686,11.8563607],[13.17839,11.8554279],[13.1780318,11.8551511],[13.1774518,11.8550232],[13.1769715,11.8544304],[13.1765582,11.8537787],[13.1751905,11.8523542],[13.1721958,11.8494698],[13.1733366,11.8487022],[13.1734317,11.8482137],[13.1738595,11.8453292],[13.1745013,11.843003],[13.1754986,11.8384018],[13.1759987,11.8363035],[13.1764978,11.8341633],[13.1765569,11.8339301],[13.1772346,11.8312555],[13.1774593,11.8296718],[13.179085,11.8234744],[13.1797469,11.8201771],[13.180874,11.8145624],[13.1816759,11.81039],[13.1821254,11.8091627],[13.1826262,11.8082179],[13.1835704,11.8069858],[13.1840591,11.8065003],[13.1829373,11.8056818],[13.1818263,11.8048666],[13.1807554,11.8044673],[13.1800731,11.8078544],[13.1794869,11.8085164],[13.1787589,11.8090389],[13.1777179,11.8097927],[13.1766911,11.810379],[13.1757927,11.8107],[13.1749941,11.8110211],[13.1744379,11.8109932],[13.1736678,11.810714],[13.1722409,11.8096915],[13.1714003,11.8095415],[13.1708727,11.8094996],[13.1699634,11.8096189],[13.1691906,11.8102495],[13.1667552,11.8084399],[13.1655906,11.8068113],[13.1646161,11.8062762],[13.1630474,11.8052526],[13.1641749,11.8032188],[13.16483,11.8020373],[13.1627384,11.8011625],[13.1613675,11.8006468],[13.1605128,11.7999371],[13.1591257,11.7996921],[13.1581369,11.7990593],[13.1573574,11.7988918],[13.1565207,11.7985195],[13.1561785,11.7977006],[13.1549615,11.7977192],[13.1544672,11.7976633],[13.1535165,11.7975331],[13.1533438,11.7981108],[13.1533624,11.7996912],[13.1510933,11.7997419],[13.1495796,11.7996616],[13.1481332,11.7995737],[13.1462797,11.7994777],[13.1457411,11.8005282],[13.1447943,11.7997162],[13.1426243,11.7983],[13.142274,11.7976375],[13.1422468,11.7969647],[13.1421637,11.7959533],[13.1421161,11.7955054],[13.1417537,11.7955112],[13.1406722,11.7954705],[13.1400067,11.7954356],[13.1399711,11.7945108],[13.1398641,11.7942142],[13.1392283,11.7943421],[13.138747,11.7925332],[13.1375408,11.7926321],[13.1366198,11.7926728],[13.1353676,11.7929729],[13.1349019,11.7916218],[13.1342901,11.7898466],[13.1341475,11.7891346],[13.1315235,11.7902654],[13.1290833,11.7918374],[13.1274639,11.7928805],[13.1270226,11.7919137],[13.1266399,11.7910755],[13.1260156,11.7898149],[13.1255293,11.789056],[13.1244564,11.7879854],[13.1251842,11.7853724],[13.1247608,11.7825648],[13.1237576,11.7769335],[13.1220111,11.7712928],[13.1160275,11.773781],[13.1120667,11.7666267],[13.1082008,11.7595988],[13.1061675,11.756925],[13.1035898,11.7535022],[13.1011417,11.7558059],[13.0947673,11.766568],[13.0897876,11.7664072],[13.0852666,11.7683583],[13.0813167,11.7755443],[13.0822595,11.7805128],[13.076242,11.787164],[13.0804555,11.7903773],[13.1018684,11.8071709],[13.1016098,11.8108038],[13.1015812,11.8126813],[13.1007715,11.8121269],[13.1006031,11.8120036],[13.1003297,11.8118175],[13.09989,11.811579],[13.0994147,11.8113057],[13.0991981,11.8116286],[13.098779,11.8129675],[13.0985223,11.8135328],[13.0984872,11.8137272],[13.0976035,11.8134774],[13.0973421,11.8140649],[13.0971995,11.8145127],[13.0971935,11.814914],[13.0972411,11.8152048],[13.097247,11.8159842],[13.0973221,11.8160532],[13.0971817,11.8171561],[13.0969893,11.8187882],[13.0963913,11.8186991],[13.096216,11.8209787],[13.096099,11.8218746],[13.094544,11.8235437],[13.0943622,11.8242782],[13.0942118,11.8244655],[13.094055,11.8248144],[13.0939679,11.8250354],[13.0934225,11.8264197],[13.0927197,11.826191],[13.0923257,11.8271389],[13.0920564,11.8277789],[13.0926856,11.8283082],[13.0932247,11.8285613],[13.0929016,11.8292105],[13.0918369,11.8318467],[13.0917415,11.8323013],[13.0916954,11.8331724],[13.0918038,11.8338665],[13.0920133,11.8349882],[13.0925803,11.8348589]]]}},{"type":"Feature","properties":{"kind":"administrative","id":"administrative:jere","localUnitId":"jere","name":"Jere"},"geometry":{"type":"Polygon","coordinates":[[[13.0918038,11.8338665],[13.0916954,11.8331724],[13.0917415,11.8323013],[13.0918369,11.8318467],[13.0929016,11.8292105],[13.0932247,11.8285613],[13.0926856,11.8283082],[13.0920564,11.8277789],[13.0923257,11.8271389],[13.0927197,11.826191],[13.0934225,11.8264197],[13.0939679,11.8250354],[13.094055,11.8248144],[13.0942118,11.8244655],[13.0943622,11.8242782],[13.094544,11.8235437],[13.096099,11.8218746],[13.096216,11.8209787],[13.0963913,11.8186991],[13.0969893,11.8187882],[13.0971817,11.8171561],[13.0973221,11.8160532],[13.097247,11.8159842],[13.0972411,11.8152048],[13.0971935,11.814914],[13.0971995,11.8145127],[13.0973421,11.8140649],[13.0976035,11.8134774],[13.0984872,11.8137272],[13.0985223,11.8135328],[13.098779,11.8129675],[13.0991981,11.8116286],[13.0994147,11.8113057],[13.09989,11.811579],[13.1003297,11.8118175],[13.1006031,11.8120036],[13.1007715,11.8121269],[13.1015812,11.8126813],[13.1016098,11.8108038],[13.1018684,11.8071709],[13.0804555,11.7903773],[13.076242,11.787164],[13.0822595,11.7805128],[13.0813167,11.7755443],[13.0852666,11.7683583],[13.0897876,11.7664072],[13.0947673,11.766568],[13.1011417,11.7558059],[13.1035898,11.7535022],[13.1061675,11.756925],[13.1082008,11.7595988],[13.1120667,11.7666267],[13.1160275,11.773781],[13.1220111,11.7712928],[13.1237576,11.7769335],[13.1247608,11.7825648],[13.1251842,11.7853724],[13.1244564,11.7879854],[13.1255293,11.789056],[13.1260156,11.7898149],[13.1266399,11.7910755],[13.1270226,11.7919137],[13.1274639,11.7928805],[13.1290833,11.7918374],[13.1315235,11.7902654],[13.1341475,11.7891346],[13.1342901,11.7898466],[13.1349019,11.7916218],[13.1353676,11.7929729],[13.1366198,11.7926728],[13.1375408,11.7926321],[13.138747,11.7925332],[13.1392283,11.7943421],[13.1398641,11.7942142],[13.1399711,11.7945108],[13.1400067,11.7954356],[13.1406722,11.7954705],[13.1417537,11.7955112],[13.1421161,11.7955054],[13.1421637,11.7959533],[13.1422468,11.7969647],[13.142274,11.7976375],[13.1426243,11.7983],[13.1447943,11.7997162],[13.1457411,11.8005282],[13.1462797,11.7994777],[13.1481332,11.7995737],[13.1495796,11.7996616],[13.1510933,11.7997419],[13.1533624,11.7996912],[13.1533438,11.7981108],[13.1535165,11.7975331],[13.1544672,11.7976633],[13.1549615,11.7977192],[13.1561785,11.7977006],[13.1565207,11.7985195],[13.1573574,11.7988918],[13.1581369,11.7990593],[13.1591257,11.7996921],[13.1605128,11.7999371],[13.1613675,11.8006468],[13.1627384,11.8011625],[13.16483,11.8020373],[13.1641749,11.8032188],[13.1630474,11.8052526],[13.1646161,11.8062762],[13.1655906,11.8068113],[13.1667552,11.8084399],[13.1691906,11.8102495],[13.1699634,11.8096189],[13.1708727,11.8094996],[13.1714003,11.8095415],[13.1722409,11.8096915],[13.1736678,11.810714],[13.1744379,11.8109932],[13.1749941,11.8110211],[13.1757927,11.8107],[13.1766911,11.810379],[13.1777179,11.8097927],[13.1787589,11.8090389],[13.1794869,11.8085164],[13.1800731,11.8078544],[13.1807554,11.8044673],[13.1818263,11.8048666],[13.1829373,11.8056818],[13.1840591,11.8065003],[13.1835704,11.8069858],[13.1826262,11.8082179],[13.1821254,11.8091627],[13.1816759,11.81039],[13.180874,11.8145624],[13.1797469,11.8201771],[13.179085,11.8234744],[13.1774593,11.8296718],[13.1772346,11.8312555],[13.1765569,11.8339301],[13.1764978,11.8341633],[13.1759987,11.8363035],[13.1754986,11.8384018],[13.1745013,11.843003],[13.1738595,11.8453292],[13.1734317,11.8482137],[13.1733366,11.8487022],[13.1721958,11.8494698],[13.1751905,11.8523542],[13.1765582,11.8537787],[13.1769715,11.8544304],[13.1774518,11.8550232],[13.1780318,11.8551511],[13.17839,11.8554279],[13.1787686,11.8563607],[13.1792179,11.8567312],[13.1801471,11.8568957],[13.1794626,11.8581913],[13.1787353,11.8597963],[13.1782932,11.8597684],[13.177024,11.8595172],[13.1756122,11.8589031],[13.175056,11.8588333],[13.1731165,11.8594055],[13.1713767,11.8600894],[13.1684533,11.861164],[13.1668133,11.8617083],[13.1655298,11.8623922],[13.165102,11.862769],[13.1638168,11.8649146],[13.1634607,11.8665764],[13.1634489,11.8679209],[13.1637226,11.8704657],[13.1619034,11.8767887],[13.1578883,11.8856538],[13.1540476,11.8986119],[13.1520941,11.9006101],[13.151519,11.8995977],[13.1509599,11.8992054],[13.1504591,11.8989891],[13.1493058,11.8986257],[13.1489957,11.8993136],[13.1480514,11.9000621],[13.1476601,11.9014347],[13.1376184,11.8962485],[13.1218602,11.8888525],[13.1182237,11.8872477],[13.1130886,11.8845672],[13.1113298,11.8865442],[13.1063385,11.8914982],[13.1024168,11.8966614],[13.0981386,11.9026152],[13.0919808,11.9120038],[13.0912456,11.9142079],[13.0862137,11.9242971],[13.0851963,12.013021],[13.0849675,12.0329777],[13.0770173,12.0388914],[13.0706232,12.0422669],[13.0713252,12.0460297],[13.0717589,12.049157],[13.0703122,12.0623805],[13.0633823,12.0735667],[13.0638195,12.0790391],[13.0641523,12.0815771],[13.0634049,12.0859581],[13.0595518,12.091098],[13.0652262,12.0973447],[13.0730696,12.1008307],[13.0841217,12.1346426],[13.0912577,12.1491221],[13.1031969,12.1660371],[13.109599,12.1766085],[13.1545793,12.1892546],[13.1679569,12.1830732],[13.1993102,12.1544574],[13.2246502,12.127871],[13.2062467,12.1073992],[13.1955824,12.083346],[13.2216396,12.0514937],[13.2202565,12.0164048],[13.2369106,11.9992993],[13.2387874,12.0001643],[13.2404018,11.9999655],[13.2417108,12.0005827],[13.2424952,12.0023264],[13.2434934,12.0038608],[13.2444917,12.0051859],[13.2457752,12.0060228],[13.246947,12.0056291],[13.2472012,12.0067203],[13.2458465,12.0081152],[13.2432203,12.0275928],[13.2448603,12.0313586],[13.2457159,12.0325442],[13.246215,12.0351244],[13.247383,12.0383816],[13.2484383,12.0387814],[13.2489278,12.0388644],[13.2492811,12.0390994],[13.2496457,12.03933],[13.2502827,12.0393579],[13.2507676,12.0398693],[13.2529889,12.0381231],[13.2549436,12.0362965],[13.2571245,12.0350547],[13.2598849,12.0337909],[13.261,12.0312237],[13.2598658,12.0280202],[13.2587159,12.0221711],[13.2558906,12.0105424],[13.256179,12.005237],[13.2700238,12.0054387],[13.2708266,12.0028355],[13.2706942,12.0013814],[13.2715682,11.9998225],[13.2720245,11.9989856],[13.2714541,11.997758],[13.2710548,11.9961957],[13.2717963,11.9940754],[13.2704844,11.993629],[13.2715111,11.987826],[13.2704844,11.9795676],[13.2721386,11.9701929],[13.2724131,11.9594471],[13.2771667,11.9464257],[13.2836183,11.9345982],[13.2844657,11.9332235],[13.2892632,11.9254417],[13.2898724,11.9232893],[13.2919371,11.9159942],[13.2917885,11.9090173],[13.2919841,11.89828],[13.2910402,11.8908955],[13.2907431,11.8799931],[13.2856676,11.8613436],[13.2687577,11.8549887],[13.2497433,11.8522264],[13.2244169,11.8459375],[13.221127,11.853133],[13.2194176,11.8538957],[13.2187692,11.8559322],[13.218311,11.8572073],[13.2168878,11.8567328],[13.2151373,11.8561152],[13.2148911,11.8560104],[13.2156132,11.8544684],[13.2146638,11.8541758],[13.214857,11.8536598],[13.2129942,11.8529778],[13.2130185,11.8519599],[13.2108607,11.8511649],[13.2074611,11.850156],[13.2057156,11.8494511],[13.2048189,11.8490952],[13.2031368,11.8484276],[13.2023435,11.8481892],[13.2017077,11.8477676],[13.2010385,11.8475564],[13.2004632,11.8473671],[13.2002525,11.8472977],[13.1995811,11.8472163],[13.199264,11.8472594],[13.1980778,11.8472221],[13.1974493,11.8471321],[13.1974364,11.8471302],[13.1956217,11.8469587],[13.1955806,11.8469562],[13.1957473,11.8464316],[13.1959119,11.8458642],[13.1969144,11.8461049],[13.1971957,11.845343],[13.1948311,11.8447627],[13.1939968,11.8446441],[13.1941679,11.8437369],[13.194643,11.8438841],[13.1948149,11.8438901],[13.1952125,11.8431856],[13.1955518,11.8425671],[13.1951726,11.8423831],[13.1946101,11.8420937],[13.1949915,11.84142],[13.1952869,11.840699],[13.1945789,11.8404338],[13.1938584,11.8400813],[13.1928312,11.8396955],[13.1905602,11.8389709],[13.1896921,11.8386989],[13.1899833,11.8377563],[13.1901758,11.8372934],[13.1903668,11.8368927],[13.1904928,11.8366217],[13.1898795,11.8364012],[13.190028,11.8360003],[13.1899394,11.8351481],[13.1896438,11.8347828],[13.1892076,11.8341365],[13.1894057,11.8329531],[13.1895992,11.8319384],[13.1901779,11.8309513],[13.1902135,11.8302534],[13.1902373,11.8296137],[13.1903113,11.8293434],[13.1904425,11.8287875],[13.1912098,11.8275337],[13.1927363,11.8281117],[13.1939562,11.8285735],[13.1945702,11.8270236],[13.1952093,11.8252744],[13.1975551,11.8257993],[13.2000788,11.8259058],[13.2022948,11.8294197],[13.2148978,11.8299955],[13.2267932,11.8272769],[13.2331835,11.8218371],[13.2424006,11.814026],[13.2473956,11.8110787],[13.2385585,11.7976626],[13.2333965,11.7901937],[13.2289323,11.7837343],[13.2232749,11.7761629],[13.2203843,11.7722943],[13.2181783,11.7693419],[13.2182245,11.7693088],[13.220314,11.7678112],[13.2221311,11.7673686],[13.2240156,11.7671783],[13.2271565,11.7680539],[13.2281464,11.7677874],[13.2288317,11.7670831],[13.2293975,11.7648645],[13.2297585,11.7620097],[13.2297242,11.7613693],[13.2296883,11.7608394],[13.229536,11.7603445],[13.229555,11.7598686],[13.2301653,11.758879],[13.2302594,11.7587264],[13.2307829,11.7580913],[13.2312481,11.7575269],[13.2323152,11.7564802],[13.2329434,11.7557569],[13.2339713,11.7555855],[13.2356644,11.7559998],[13.2357607,11.7560234],[13.2359329,11.7560828],[13.2363127,11.7562137],[13.2365256,11.7562659],[13.2372455,11.7564421],[13.2377785,11.756347],[13.2388635,11.7554333],[13.2407671,11.7553],[13.2416749,11.7546718],[13.2424112,11.7540708],[13.243013,11.7535326],[13.2436414,11.7530919],[13.2443648,11.7525398],[13.2453164,11.7522704],[13.2464397,11.7523304],[13.2473344,11.7519878],[13.2480387,11.7514548],[13.2488382,11.7497606],[13.2490539,11.7486618],[13.2491999,11.7480236],[13.2492397,11.747911],[13.2495282,11.7470956],[13.2498093,11.7466214],[13.2499851,11.7463247],[13.2504763,11.7460374],[13.2515011,11.7455751],[13.2531117,11.7450112],[13.2538113,11.7445829],[13.2540542,11.7443747],[13.2542404,11.7437055],[13.2545058,11.742634],[13.2552137,11.7419245],[13.2568584,11.7401884],[13.2587315,11.7402646],[13.2686141,11.7328818],[13.2773457,11.7245331],[13.2779712,11.7241315],[13.2842925,11.7248786],[13.2850406,11.7229309],[13.2856224,11.7222239],[13.2859873,11.7211349],[13.2874789,11.7203711],[13.2888246,11.7202823],[13.2895682,11.7194495],[13.290163,11.7188249],[13.3023363,11.7111309],[13.2781394,11.6945486],[13.2694429,11.6999206],[13.2612729,11.7066501],[13.2554139,11.7088606],[13.2489197,11.7095124],[13.2442465,11.7077113],[13.2321356,11.7114118],[13.2302914,11.7121403],[13.2235101,11.7191152],[13.2221498,11.7200009],[13.2136089,11.7232952],[13.2093583,11.7257712],[13.2093262,11.7258402],[13.2020836,11.7315873],[13.1995828,11.7374037],[13.1951567,11.742794],[13.1931165,11.7470144],[13.1890035,11.748108],[13.1706231,11.7452938],[13.1662623,11.7424372],[13.1594731,11.7479908],[13.1682269,11.7604071],[13.1785127,11.7692376],[13.1729235,11.7733193],[13.1589851,11.7658852],[13.1589168,11.7659126],[13.1508962,11.7603815],[13.1429105,11.7584861],[13.1225712,11.7253819],[13.120077,11.7261494],[13.1043477,11.7348184],[13.0922566,11.7402286],[13.0874336,11.7317244],[13.0852945,11.7277449],[13.0830128,11.7229974],[13.0800833,11.7153165],[13.0800367,11.7151944],[13.065907,11.7234918],[13.0512319,11.7315914],[13.0267839,11.7401078],[13.0216305,11.7409775],[13.0173323,11.742647],[13.0239245,11.7541935],[13.0278041,11.7570245],[13.0329217,11.7590709],[13.0381669,11.7625186],[13.0432088,11.7670952],[13.0494459,11.7703672],[13.0462116,11.7807501],[13.0438761,11.7887266],[13.0415702,11.7961143],[13.0392692,11.8037307],[13.0463542,11.8065756],[13.0554098,11.8102049],[13.0695506,11.8159343],[13.0704803,11.8163008],[13.0713091,11.8166554],[13.0713708,11.817439],[13.0709938,11.8179918],[13.070794,11.8186274],[13.0705443,11.8189337],[13.0704304,11.8192057],[13.0702192,11.8199597],[13.0702684,11.8203335],[13.0703112,11.8209313],[13.0704761,11.8219096],[13.0706253,11.8220714],[13.0705909,11.8223618],[13.0707487,11.8231688],[13.0709958,11.8249401],[13.0713921,11.8263568],[13.0716403,11.8282645],[13.0716803,11.8293403],[13.071893,11.8307027],[13.0720798,11.8314845],[13.072346,11.8329202],[13.0725551,11.8347846],[13.0727313,11.8354554],[13.0728783,11.8368169],[13.0730531,11.8381541],[13.0732744,11.8396541],[13.0733835,11.8407058],[13.0744905,11.8403064],[13.0751833,11.8421305],[13.0778205,11.842128],[13.0809598,11.8420162],[13.0808661,11.8400496],[13.0800929,11.8375474],[13.0809004,11.8372258],[13.0827991,11.8366261],[13.0855733,11.8360854],[13.0878638,11.8356725],[13.0903482,11.8352461],[13.0905957,11.8352137],[13.091013,11.8351482],[13.0920133,11.8349882],[13.0918038,11.8338665]]]}},{"type":"Feature","properties":{"kind":"land","id":"maiduguri","localUnitId":"maiduguri","name":"Maiduguri"},"geometry":{"type":"MultiPolygon","coordinates":[[[[13.1710311,11.8095861],[13.1711599,11.8095224],[13.1708727,11.8094996],[13.1708136,11.8095074],[13.1708583,11.8095563],[13.1710311,11.8095861]]],[[[13.1735976,11.8106637],[13.173459,11.8105644],[13.1734968,11.8106307],[13.1735728,11.8106574],[13.1735976,11.8106637]]],[[[13.1684509,11.8152325],[13.1684217,11.8151707],[13.1683215,11.8151044],[13.1682491,11.8150275],[13.1681012,11.8149174],[13.1680134,11.8148676],[13.1679857,11.8148028],[13.1679302,11.8147832],[13.1678779,11.81475],[13.167884,11.8147922],[13.1679426,11.8148616],[13.1680073,11.8149702],[13.1681059,11.8150682],[13.1681736,11.8151918],[13.168243,11.8153095],[13.1683693,11.8155266],[13.1684648,11.8156472],[13.1685911,11.8157965],[13.1687344,11.8159096],[13.1688068,11.8159518],[13.1689208,11.8159774],[13.1689562,11.8159835],[13.168987,11.8159986],[13.1690286,11.8160227],[13.1690194,11.8159714],[13.1689208,11.8158915],[13.1688392,11.81589],[13.1688022,11.8158734],[13.1687837,11.8158447],[13.1687606,11.8157965],[13.1686959,11.8157739],[13.168645,11.8157105],[13.1686635,11.8156563],[13.1686943,11.8156382],[13.168699,11.8155884],[13.1686574,11.8154949],[13.1686065,11.8154225],[13.1685172,11.8153336],[13.1684509,11.8152325]]],[[[13.1628964,11.8233153],[13.162563,11.8232516],[13.1622235,11.8233312],[13.1619329,11.8234725],[13.1616158,11.8236814],[13.1613698,11.8237908],[13.1612392,11.8239155],[13.1612541,11.8239468],[13.1613507,11.8239547],[13.1614877,11.8238565],[13.161691,11.8237689],[13.1618434,11.8237092],[13.1620345,11.8236098],[13.1622195,11.8234924],[13.162374,11.8234765],[13.1624858,11.8234585],[13.1626179,11.8234247],[13.1629289,11.8234327],[13.1632094,11.8234904],[13.1634777,11.823564],[13.1637583,11.8236913],[13.1639961,11.8237888],[13.1643254,11.8239778],[13.1645693,11.824133],[13.164547,11.8239858],[13.1641607,11.8237132],[13.1637786,11.8235162],[13.1634188,11.823365],[13.1631911,11.8233829],[13.1628964,11.8233153]]],[[[13.1745013,11.843003],[13.1754986,11.8384018],[13.1759987,11.8363035],[13.1764978,11.8341633],[13.1765569,11.8339301],[13.1772346,11.8312555],[13.1774593,11.8296718],[13.179085,11.8234744],[13.1797469,11.8201771],[13.180874,11.8145624],[13.1816759,11.81039],[13.1821254,11.8091627],[13.1826262,11.8082179],[13.1835704,11.8069858],[13.1840591,11.8065003],[13.1829373,11.8056818],[13.1818263,11.8048666],[13.1808246,11.8044931],[13.1808041,11.8045887],[13.1807513,11.8048553],[13.180735,11.8052314],[13.1807208,11.8053567],[13.1806923,11.8055517],[13.18067,11.8057686],[13.1806517,11.8059258],[13.1806293,11.8060611],[13.1806029,11.8061626],[13.1805826,11.8063178],[13.1805541,11.806457],[13.1805683,11.8066401],[13.1805114,11.8068072],[13.1804687,11.807042],[13.1804525,11.8072828],[13.1804037,11.8073664],[13.1803468,11.8075216],[13.180298,11.8077345],[13.1801984,11.8079275],[13.1800825,11.8080687],[13.1799646,11.8082677],[13.1798955,11.8084169],[13.1796943,11.8086358],[13.1795032,11.8088029],[13.1792389,11.8089144],[13.179056,11.8090934],[13.1788852,11.8092068],[13.1786535,11.8093461],[13.1784787,11.8095093],[13.1783587,11.809565],[13.1783227,11.8096492],[13.1781453,11.8097242],[13.1779359,11.8098018],[13.1776818,11.8099351],[13.1774928,11.8100744],[13.1771391,11.8103171],[13.1769236,11.8104444],[13.1766716,11.8105797],[13.1764642,11.8106693],[13.1762915,11.8107031],[13.176198,11.8107389],[13.1761166,11.8107409],[13.1761044,11.8107628],[13.1759683,11.8108105],[13.175893,11.8108265],[13.175702,11.8108444],[13.1755312,11.8109319],[13.1753117,11.8109817],[13.1750901,11.8110334],[13.174899,11.8110612],[13.1747425,11.8110632],[13.1746124,11.8110732],[13.1745352,11.8110712],[13.1744152,11.8110493],[13.1743156,11.8110692],[13.1742384,11.8110394],[13.1741591,11.8110433],[13.1740514,11.8110195],[13.1739152,11.8109598],[13.1737851,11.8108583],[13.1735839,11.8107688],[13.1734501,11.8106705],[13.1731147,11.8104337],[13.1728972,11.8102626],[13.1727589,11.8101034],[13.1725658,11.8099542],[13.1723138,11.8098328],[13.172017,11.8097154],[13.1716857,11.8097154],[13.171336,11.8097214],[13.1711246,11.8097652],[13.1708502,11.8097831],[13.1705677,11.809799],[13.1702831,11.8098408],[13.1700066,11.8099283],[13.1696611,11.81],[13.16947,11.8101432],[13.1692504,11.8104059],[13.1690167,11.810569],[13.1688663,11.8107083],[13.1686142,11.8108993],[13.1683926,11.8110883],[13.1682788,11.8112455],[13.1681853,11.8112694],[13.168102,11.811341],[13.1681162,11.811542],[13.1679861,11.8117748],[13.1678865,11.8119738],[13.1678845,11.8119141],[13.1678174,11.8119718],[13.1677848,11.8120792],[13.1677901,11.8122484],[13.1677392,11.8124158],[13.1677022,11.812731],[13.1676791,11.8128636],[13.167616,11.8130778],[13.1676006,11.8133929],[13.1675759,11.8135196],[13.167542,11.8136764],[13.1675636,11.8137774],[13.1676298,11.8140217],[13.1676175,11.814082],[13.1675682,11.8140594],[13.167596,11.8141499],[13.1676853,11.8143927],[13.167901,11.8145646],[13.1681659,11.8147033],[13.1685711,11.8150682],[13.1686913,11.8152009],[13.1687822,11.8152793],[13.1688931,11.8153969],[13.1689793,11.8155115],[13.1691919,11.8157166],[13.1692782,11.8158387],[13.1693568,11.8159382],[13.1693907,11.8160513],[13.1694692,11.8161328],[13.1696156,11.8162519],[13.1697096,11.8163559],[13.169785,11.8164494],[13.1699514,11.8165821],[13.1702102,11.8167434],[13.1704952,11.8169485],[13.1707586,11.8171641],[13.1708634,11.8173119],[13.1709343,11.817431],[13.1711345,11.8177025],[13.1712378,11.8179],[13.1712639,11.8180629],[13.1713093,11.8182136],[13.1713766,11.8184214],[13.1713695,11.8187471],[13.1713483,11.8188822],[13.1714173,11.818799],[13.1714951,11.8188371],[13.1714244,11.8191922],[13.1713713,11.8194451],[13.1712846,11.8194693],[13.1712332,11.8193602],[13.1711802,11.8193533],[13.171097,11.8194901],[13.1710085,11.8197638],[13.1709643,11.8200686],[13.1709413,11.8202436],[13.1708245,11.8203839],[13.1708386,11.8205276],[13.1710297,11.8206125],[13.1709377,11.8206922],[13.1707731,11.8207164],[13.1707838,11.8208723],[13.1707908,11.821094],[13.17092,11.8213417],[13.170982,11.8214664],[13.1710934,11.8217072],[13.1711731,11.8219895],[13.1711359,11.8221055],[13.1711218,11.8223584],[13.1711855,11.8224762],[13.1713076,11.8225247],[13.1712952,11.8226685],[13.1713182,11.822878],[13.1713907,11.8231084],[13.171366,11.8232054],[13.1713943,11.8233492],[13.1714704,11.8235224],[13.1714385,11.8239173],[13.1714598,11.8241632],[13.1713766,11.8244352],[13.1714297,11.8246569],[13.1713412,11.8248855],[13.1711908,11.825154],[13.1710704,11.825296],[13.1709395,11.8254761],[13.1707838,11.825561],[13.1706471,11.8255818],[13.170456,11.8255905],[13.1703206,11.8256788],[13.1703065,11.8257447],[13.170141,11.8259231],[13.1701543,11.8260019],[13.1700393,11.8261474],[13.1699154,11.8263647],[13.1699746,11.8263045],[13.170054,11.8262199],[13.1700843,11.8261594],[13.1701416,11.8261285],[13.1702058,11.8260577],[13.1702992,11.8260428],[13.1704241,11.8258874],[13.170493,11.8257868],[13.1705397,11.8257126],[13.1706704,11.8257011],[13.1708199,11.8257297],[13.1708689,11.8257628],[13.1709752,11.8257868],[13.1710837,11.8258108],[13.1711503,11.8258565],[13.1712133,11.8258897],[13.1712822,11.825916],[13.1714223,11.8259994],[13.1715262,11.8260565],[13.171678,11.8261411],[13.1718099,11.8262451],[13.1718216,11.8262873],[13.1717188,11.8262519],[13.1716033,11.8261548],[13.1714013,11.8260337],[13.1712157,11.8259194],[13.1710674,11.825852],[13.1708981,11.8258085],[13.1707568,11.8257651],[13.1705864,11.8257514],[13.1705502,11.8258143],[13.1704696,11.8259137],[13.1702933,11.8261765],[13.1701112,11.8262919],[13.1699746,11.8264073],[13.1699011,11.8265159],[13.1697563,11.8265776],[13.1696178,11.8265452],[13.1694615,11.826615],[13.1694181,11.8267016],[13.1693659,11.8267821],[13.1691943,11.8268073],[13.1690695,11.8267925],[13.168966,11.8267726],[13.1687256,11.8266876],[13.1686318,11.8266842],[13.1685416,11.8266322],[13.1684549,11.8266513],[13.1683469,11.8265906],[13.1682514,11.8265214],[13.1680886,11.8264434],[13.1680337,11.8264296],[13.1678868,11.8263949],[13.1677718,11.8263499],[13.1677506,11.8262945],[13.1676338,11.8262269],[13.1674267,11.8261351],[13.1673152,11.8260866],[13.1672445,11.825948],[13.1669489,11.8258511],[13.1667401,11.8258095],[13.1665278,11.8257696],[13.1663915,11.8257263],[13.1662553,11.8256657],[13.1661721,11.8255531],[13.1660801,11.8255064],[13.1660022,11.8255601],[13.1660146,11.8254128],[13.1658819,11.8253713],[13.1657456,11.8253349],[13.165558,11.8252483],[13.1654271,11.8250924],[13.165213,11.8249261],[13.1649404,11.8247755],[13.1646095,11.8245503],[13.1645122,11.8244672],[13.1643954,11.824436],[13.1642202,11.8243442],[13.1640061,11.8241779],[13.1638203,11.8240393],[13.1635531,11.8238973],[13.1633938,11.8238211],[13.1632558,11.8237968],[13.163185,11.8237154],[13.1630611,11.8236462],[13.1629125,11.8236808],[13.1627161,11.8237102],[13.1624542,11.8238159],[13.16221,11.8239198],[13.1620188,11.824074],[13.1618313,11.8242229],[13.1617269,11.8243459],[13.161627,11.8243957],[13.1613561,11.8245086],[13.1611147,11.8246268],[13.1608894,11.8247659],[13.1606962,11.8249129],[13.1605058,11.8249497],[13.1603154,11.8250153],[13.1600713,11.8250704],[13.1599265,11.8251203],[13.1596428,11.8251506],[13.1595322,11.8251571],[13.1593686,11.825186],[13.1591436,11.8252483],[13.1589233,11.825354],[13.1588482,11.8254196],[13.1587704,11.8254564],[13.1586551,11.8255036],[13.1584807,11.8256191],[13.1583091,11.8257399],[13.1580999,11.8258712],[13.1579309,11.8260234],[13.1578182,11.8261809],[13.1576358,11.8264067],[13.1574669,11.8266509],[13.1573462,11.8268714],[13.1572228,11.8272416],[13.1571557,11.8275802],[13.1571477,11.8278532],[13.1571235,11.8281],[13.157137,11.8283337],[13.1572282,11.8285489],[13.1573193,11.8286907],[13.1573703,11.8289138],[13.157483,11.8290267],[13.1575581,11.8291554],[13.1576493,11.8292919],[13.1577539,11.8293811],[13.157896,11.8294441],[13.158116,11.8295964],[13.1583171,11.8296962],[13.1585183,11.8297697],[13.158808,11.8299062],[13.158985,11.8299744],[13.1592371,11.8300584],[13.1594946,11.8301215],[13.1596556,11.8302081],[13.159795,11.8302921],[13.1599857,11.830459],[13.1601867,11.8305547],[13.1603674,11.8306407],[13.1607199,11.8308006],[13.160909,11.8309652],[13.1610281,11.8310726],[13.1611308,11.8311114],[13.1613036,11.8312417],[13.1613363,11.8313491],[13.1613854,11.8314428],[13.1614087,11.8315799],[13.1616235,11.8316942],[13.1617893,11.8317925],[13.1618734,11.832005],[13.1619228,11.8320683],[13.1619948,11.8321604],[13.1622166,11.8323684],[13.1622633,11.8324392],[13.1623294,11.8324845],[13.1624157,11.8325704],[13.1625451,11.8326775],[13.1626206,11.8327423],[13.1626483,11.8328147],[13.1626683,11.8329021],[13.1627315,11.832976],[13.1627238,11.8330182],[13.1627715,11.8330831],[13.1628855,11.8332731],[13.1629502,11.8334103],[13.1629656,11.8335233],[13.1629579,11.8336229],[13.1629487,11.8338068],[13.162961,11.8339124],[13.1629934,11.8339485],[13.1630088,11.834042],[13.1630118,11.8341642],[13.163035,11.8342878],[13.1630211,11.8344687],[13.1629626,11.8345728],[13.1629117,11.8346572],[13.1629102,11.8347763],[13.1629533,11.8348487],[13.1629271,11.8351171],[13.1629056,11.8352859],[13.162884,11.8354533],[13.1629086,11.8356674],[13.1629271,11.8360926],[13.1629256,11.8363112],[13.1629009,11.8364273],[13.1628532,11.8364741],[13.1627623,11.836655],[13.1627577,11.8367982],[13.1628054,11.8368766],[13.1627854,11.8369988],[13.162807,11.8371782],[13.1628563,11.8373667],[13.162884,11.8375823],[13.1628794,11.8376652],[13.1628624,11.8377496],[13.1628994,11.8378853],[13.1629317,11.8379532],[13.1629826,11.8381356],[13.1630319,11.8383512],[13.1630781,11.8384824],[13.1631536,11.8386618],[13.1632722,11.8388428],[13.1633354,11.8389181],[13.1634062,11.8389589],[13.1634201,11.839087],[13.1634601,11.8391142],[13.1635048,11.839188],[13.1635526,11.839274],[13.1636342,11.8393358],[13.1638314,11.8395469],[13.1638591,11.8396373],[13.1638622,11.8397007],[13.1639685,11.8397942],[13.1640317,11.8398846],[13.1640979,11.8399992],[13.1641565,11.8401228],[13.1642119,11.8402239],[13.164272,11.8402736],[13.1643244,11.8403731],[13.1643891,11.8404817],[13.1644861,11.8405722],[13.1646402,11.840732],[13.1647573,11.8408074],[13.1648897,11.8408797],[13.1649606,11.8409627],[13.1650561,11.8410607],[13.165147,11.8411873],[13.1653319,11.8414889],[13.1654443,11.8416562],[13.1655029,11.8417814],[13.16564,11.8419548],[13.1657648,11.8421869],[13.1658156,11.8423015],[13.1658772,11.842386],[13.1660066,11.8424975],[13.1661329,11.842591],[13.1661961,11.8427116],[13.1663348,11.842986],[13.166421,11.8431082],[13.1664703,11.8432755],[13.1664811,11.8434534],[13.166552,11.843568],[13.1667307,11.8437278],[13.1669679,11.8439872],[13.167199,11.8442736],[13.1672623,11.8443915],[13.1673766,11.8446315],[13.1677555,11.845187],[13.1682803,11.8457526],[13.1685935,11.8458897],[13.1690302,11.8462795],[13.1691291,11.8464112],[13.1692582,11.8464785],[13.1697088,11.8466908],[13.1699807,11.8469274],[13.1703653,11.8472635],[13.1707581,11.8477098],[13.170824,11.8478791],[13.1712773,11.8483792],[13.1712855,11.8484706],[13.1719118,11.8492395],[13.1722332,11.8496347],[13.1724737,11.8497949],[13.1726398,11.8498975],[13.1721958,11.8494698],[13.1733366,11.8487022],[13.1734317,11.8482137],[13.1738595,11.8453292],[13.1745013,11.843003]]],[[[13.096696,11.8377825],[13.0960803,11.8430336],[13.0964892,11.8455807],[13.0980203,11.8471429],[13.0999565,11.8478426],[13.1028064,11.8493181],[13.1050907,11.8521164],[13.1074657,11.8542119],[13.1054696,11.8558855],[13.1041456,11.8571427],[13.1060676,11.8597253],[13.1072934,11.8608057],[13.1081464,11.862193],[13.1044592,11.8655482],[13.104112,11.866218],[13.1041559,11.8668656],[13.1044281,11.867613],[13.10499,11.8682722],[13.1023805,11.8712853],[13.0955971,11.877644],[13.0773429,11.8951116],[13.0774078,11.9030463],[13.0849779,11.9021986],[13.0848162,11.9052431],[13.0841549,11.9082671],[13.0833426,11.9114956],[13.0868458,11.912536],[13.0912456,11.9142079],[13.0919808,11.9120038],[13.0981386,11.9026152],[13.1024168,11.8966614],[13.1063385,11.8914982],[13.1113298,11.8865442],[13.1130886,11.8845672],[13.1182237,11.8872477],[13.1218602,11.8888525],[13.1376184,11.8962485],[13.1476601,11.9014347],[13.1480514,11.9000621],[13.1489957,11.8993136],[13.1493058,11.8986257],[13.1504591,11.8989891],[13.1509599,11.8992054],[13.151519,11.8995977],[13.1520941,11.9006101],[13.1540476,11.8986119],[13.1578883,11.8856538],[13.1619034,11.8767887],[13.1637226,11.8704657],[13.1634489,11.8679209],[13.1634607,11.8665764],[13.1638168,11.8649146],[13.165102,11.862769],[13.1655298,11.8623922],[13.1668133,11.8617083],[13.1684533,11.861164],[13.1713767,11.8600894],[13.1731165,11.8594055],[13.175056,11.8588333],[13.1756122,11.8589031],[13.177024,11.8595172],[13.1782932,11.8597684],[13.1787353,11.8597963],[13.1794626,11.8581913],[13.1801471,11.8568957],[13.1792179,11.8567312],[13.1787686,11.8563607],[13.1785143,11.8557343],[13.1784338,11.8557108],[13.1782937,11.8556136],[13.1781315,11.8554948],[13.1779248,11.8553394],[13.1777894,11.8552423],[13.1776434,11.8551623],[13.1775728,11.8550499],[13.1774518,11.8550232],[13.1769715,11.8544304],[13.1767185,11.8540315],[13.1766768,11.8540174],[13.1765483,11.8539135],[13.1763382,11.8537409],[13.1761689,11.8536255],[13.1760697,11.8536621],[13.1759307,11.8534518],[13.1758653,11.8533582],[13.1757206,11.8532199],[13.1755886,11.8531113],[13.1754742,11.8530051],[13.1753855,11.8528943],[13.1752349,11.8527206],[13.1751275,11.8525503],[13.1749827,11.8523527],[13.1749255,11.8523789],[13.1748543,11.8523104],[13.1748426,11.8521938],[13.1748111,11.8520567],[13.1747539,11.8519939],[13.1746103,11.8518282],[13.1744725,11.8516888],[13.1743721,11.8516134],[13.1742367,11.85161],[13.1741468,11.8516431],[13.1739506,11.8515128],[13.1738024,11.851426],[13.1736891,11.8513106],[13.1736004,11.8512318],[13.1734766,11.8510638],[13.1733494,11.8509564],[13.1732723,11.850833],[13.1731988,11.8507279],[13.173061,11.8505987],[13.1729732,11.8505575],[13.1726892,11.8502745],[13.1722937,11.8500917],[13.1721261,11.8498363],[13.1719036,11.8495648],[13.1716371,11.8493793],[13.1711262,11.8488201],[13.1707279,11.8483819],[13.1704971,11.8479248],[13.170151,11.8474893],[13.1696785,11.8471533],[13.1690907,11.846914],[13.1687308,11.8466559],[13.1684451,11.8463978],[13.1680606,11.8462015],[13.1679672,11.8460349],[13.1672804,11.8454407],[13.1671458,11.8449111],[13.1670123,11.8446322],[13.1668558,11.8445586],[13.1667353,11.8445134],[13.166592,11.8445345],[13.1665042,11.8443686],[13.1664426,11.844242],[13.1663394,11.8440852],[13.1662685,11.8440384],[13.1661514,11.8438892],[13.1660698,11.8437263],[13.1659835,11.8436057],[13.1659127,11.8434866],[13.1658695,11.8433841],[13.1658634,11.8432635],[13.1658033,11.8431609],[13.1657355,11.8430524],[13.1657047,11.8429303],[13.1656508,11.8428292],[13.1655645,11.8426634],[13.1654936,11.8426227],[13.1654012,11.8423543],[13.1653119,11.8421447],[13.165204,11.8419306],[13.1651301,11.8418492],[13.1650515,11.8417286],[13.1650068,11.8416291],[13.1649498,11.8416095],[13.1648867,11.8415326],[13.1648143,11.8414798],[13.164748,11.8414587],[13.1647157,11.8414029],[13.1646279,11.8413562],[13.1645462,11.8412175],[13.1645262,11.8411451],[13.1644954,11.8410426],[13.1643845,11.8408812],[13.1642473,11.8407214],[13.1641457,11.8406686],[13.1640425,11.8406385],[13.1640009,11.8405857],[13.1639285,11.8404108],[13.1637605,11.8401907],[13.1636558,11.8400309],[13.1634709,11.8397851],[13.1633261,11.8395273],[13.1628871,11.8389785],[13.1627469,11.8387885],[13.1627099,11.8386965],[13.1625882,11.8385819],[13.1625096,11.8384266],[13.162542,11.838312],[13.1625281,11.8381492],[13.1624742,11.8379622],[13.1624326,11.8378808],[13.1624033,11.8377934],[13.1624157,11.8377391],[13.162428,11.8376969],[13.1624157,11.8373938],[13.1623556,11.837246],[13.1623587,11.8369822],[13.1624249,11.836759],[13.1624634,11.8365404],[13.1623926,11.8363806],[13.1624526,11.8363354],[13.1624834,11.8362027],[13.1624357,11.8360986],[13.1623648,11.83588],[13.1623879,11.8357745],[13.1624989,11.8353055],[13.1625913,11.8351216],[13.1626067,11.8349753],[13.1626806,11.8346482],[13.1626329,11.8345984],[13.1626483,11.8344491],[13.1626514,11.8342245],[13.1626067,11.8340089],[13.1625497,11.8337812],[13.1625066,11.8335882],[13.1623926,11.8334344],[13.1623294,11.8333469],[13.1622246,11.8332218],[13.1621001,11.8331321],[13.1620786,11.8330868],[13.1619831,11.8329843],[13.1618044,11.8328697],[13.1616679,11.8327135],[13.1615511,11.8325238],[13.1614321,11.8323021],[13.1613106,11.8321307],[13.1612406,11.831989],[13.1612149,11.8318656],[13.1611098,11.8317513],[13.1610328,11.8316325],[13.1609337,11.8315573],[13.160853,11.8316462],[13.1607806,11.8317171],[13.1606872,11.8317993],[13.1606265,11.8318245],[13.1605915,11.8318085],[13.1605961,11.8316919],[13.1606078,11.8316097],[13.1605245,11.8315881],[13.1603592,11.8314572],[13.1601221,11.8312698],[13.1599558,11.8311891],[13.1594275,11.8308321],[13.1589795,11.830622],[13.1587059,11.8306037],[13.1585423,11.8306745],[13.1584592,11.8307664],[13.158368,11.8307297],[13.1584377,11.8306352],[13.1584055,11.830559],[13.1582929,11.8304934],[13.1581534,11.8304199],[13.1581319,11.8303385],[13.1580166,11.8302598],[13.1578342,11.8301337],[13.1576572,11.830055],[13.1575338,11.8299657],[13.1573112,11.8297846],[13.1571234,11.8295719],[13.1570725,11.8294958],[13.1569115,11.8292858],[13.1567801,11.8291965],[13.1565521,11.8287319],[13.1564878,11.828472],[13.1564797,11.8282803],[13.1564127,11.8280467],[13.1564368,11.827834],[13.1564529,11.8275846],[13.156528,11.8273168],[13.1566031,11.827183],[13.156638,11.8270149],[13.1566594,11.8268207],[13.1567587,11.8266527],[13.1569276,11.8262379],[13.1570805,11.8260331],[13.1571368,11.8259228],[13.157161,11.8258651],[13.1573139,11.8258231],[13.1573407,11.8257207],[13.1574265,11.8256498],[13.1576331,11.825529],[13.1578664,11.8254371],[13.1580515,11.8253741],[13.1586067,11.8251352],[13.1588132,11.8250224],[13.1589822,11.8248491],[13.1592021,11.8247572],[13.1595616,11.8246627],[13.1600283,11.8245341],[13.160216,11.8243975],[13.1603233,11.8243555],[13.1605407,11.8244194],[13.1607123,11.8243354],[13.1607901,11.8241778],[13.160876,11.8241175],[13.161061,11.8238891],[13.1612005,11.8238339],[13.1612986,11.823759],[13.1615527,11.8236297],[13.1618292,11.8234068],[13.1620365,11.8232994],[13.162378,11.8231561],[13.162685,11.8231502],[13.1629431,11.8231979],[13.1630651,11.8232556],[13.163248,11.8232815],[13.1634249,11.8233073],[13.1637318,11.8234008],[13.16399,11.8235302],[13.1643152,11.8237112],[13.1646608,11.823948],[13.1647665,11.824129],[13.1649067,11.8242206],[13.1650978,11.8243539],[13.1652056,11.8244076],[13.1654129,11.8246205],[13.165541,11.8246861],[13.1655186,11.8246145],[13.165421,11.8245449],[13.1654027,11.8244991],[13.1655125,11.8245508],[13.165604,11.8245568],[13.1657829,11.824704],[13.1660044,11.8248493],[13.1661874,11.8249846],[13.1665329,11.8252313],[13.1667037,11.8253089],[13.1669314,11.8254501],[13.1673908,11.8256551],[13.1676244,11.825751],[13.1676814,11.8257744],[13.1679599,11.8258878],[13.1681754,11.8259933],[13.1684051,11.8260629],[13.1685718,11.8261167],[13.1686775,11.8261266],[13.1688929,11.8261385],[13.1692304,11.8261186],[13.1694967,11.8260371],[13.1697182,11.8259336],[13.1698748,11.8258003],[13.1700719,11.825659],[13.1701562,11.8256055],[13.170263,11.8255377],[13.1703199,11.8254462],[13.1704764,11.8253328],[13.1706086,11.8251921],[13.1707731,11.8249669],[13.170874,11.8247279],[13.1709324,11.824527],[13.1709784,11.8242845],[13.1710014,11.8240784],[13.1709271,11.8238774],[13.1709165,11.8234652],[13.1709041,11.8232123],[13.1708563,11.8229387],[13.1707962,11.8227343],[13.1707324,11.8226165],[13.170644,11.8225264],[13.1706174,11.8223134],[13.1706015,11.8220553],[13.1705254,11.8218579],[13.1705236,11.8216725],[13.1704971,11.8214768],[13.1704617,11.8212949],[13.170421,11.8211737],[13.1703608,11.8210091],[13.1702971,11.8208065],[13.1702316,11.8206004],[13.1702493,11.8203995],[13.1703909,11.8203198],[13.1704847,11.8202366],[13.1705219,11.820034],[13.1705343,11.8197915],[13.1705679,11.8196218],[13.1706528,11.8193897],[13.1708068,11.8192459],[13.1709767,11.8191143],[13.1711412,11.8189272],[13.1712049,11.8187193],[13.1712049,11.8185808],[13.1711324,11.81834],[13.1710404,11.8181408],[13.1710051,11.8180658],[13.1709728,11.8180176],[13.1709142,11.8179226],[13.1708187,11.8177507],[13.1706801,11.8175758],[13.1706138,11.817529],[13.1705399,11.817425],[13.1704536,11.8172787],[13.1702641,11.8170933],[13.1701116,11.8169877],[13.1699545,11.8168776],[13.169651,11.816656],[13.1694677,11.8165007],[13.1692643,11.8163439],[13.1690887,11.8162187],[13.1689362,11.8161358],[13.168813,11.8160468],[13.1687991,11.8159835],[13.1687483,11.8159428],[13.1687082,11.8159835],[13.1684771,11.8158493],[13.1683462,11.815697],[13.1681428,11.8154512],[13.1680211,11.8152748],[13.1679487,11.8152009],[13.1678948,11.8150938],[13.1677962,11.8149325],[13.1677254,11.8148209],[13.167656,11.814655],[13.1675651,11.8145314],[13.1674604,11.8143715],[13.1673772,11.8140805],[13.1673202,11.8139177],[13.1673325,11.8136628],[13.1673603,11.8134367],[13.1673834,11.8131125],[13.1674789,11.8128968],[13.1675251,11.8126706],[13.1675651,11.812446],[13.1675959,11.8122337],[13.1676221,11.8122635],[13.1676263,11.812113],[13.1676893,11.8119519],[13.1677706,11.8118026],[13.1678397,11.8116116],[13.1678275,11.8114883],[13.1678804,11.811339],[13.1679963,11.81116],[13.1680837,11.8109809],[13.1682239,11.8108078],[13.1684496,11.8106426],[13.1686142,11.8104735],[13.168852,11.8103104],[13.1690736,11.8102646],[13.1691341,11.8102075],[13.1667552,11.8084399],[13.1655906,11.8068113],[13.1646161,11.8062762],[13.1630474,11.8052526],[13.1641749,11.8032188],[13.16483,11.8020373],[13.1627384,11.8011625],[13.1613675,11.8006468],[13.1605128,11.7999371],[13.1591257,11.7996921],[13.1581369,11.7990593],[13.1573574,11.7988918],[13.1565207,11.7985195],[13.1561785,11.7977006],[13.1549615,11.7977192],[13.1544672,11.7976633],[13.1535165,11.7975331],[13.1533438,11.7981108],[13.1533624,11.7996912],[13.1510933,11.7997419],[13.1495796,11.7996616],[13.1481332,11.7995737],[13.1462797,11.7994777],[13.1457411,11.8005282],[13.1447943,11.7997162],[13.1426243,11.7983],[13.142274,11.7976375],[13.1422468,11.7969647],[13.1421637,11.7959533],[13.1421161,11.7955054],[13.1417537,11.7955112],[13.1406722,11.7954705],[13.1400067,11.7954356],[13.1399711,11.7945108],[13.1398641,11.7942142],[13.1392283,11.7943421],[13.138747,11.7925332],[13.1375408,11.7926321],[13.1366198,11.7926728],[13.1353676,11.7929729],[13.1349019,11.7916218],[13.1342901,11.7898466],[13.1341475,11.7891346],[13.1315235,11.7902654],[13.1290833,11.7918374],[13.1274639,11.7928805],[13.1270226,11.7919137],[13.1266399,11.7910755],[13.1260156,11.7898149],[13.1255293,11.789056],[13.1244564,11.7879854],[13.1251842,11.7853724],[13.1247608,11.7825648],[13.1237576,11.7769335],[13.1220111,11.7712928],[13.1160275,11.773781],[13.1120667,11.7666267],[13.1082008,11.7595988],[13.1061675,11.756925],[13.1035898,11.7535022],[13.1011417,11.7558059],[13.0947673,11.766568],[13.0897876,11.7664072],[13.0852666,11.7683583],[13.0813167,11.7755443],[13.0822595,11.7805128],[13.076242,11.787164],[13.0804555,11.7903773],[13.1018684,11.8071709],[13.1016098,11.8108038],[13.1015812,11.8126813],[13.1007715,11.8121269],[13.1006031,11.8120036],[13.1003297,11.8118175],[13.09989,11.811579],[13.0994147,11.8113057],[13.0991981,11.8116286],[13.098779,11.8129675],[13.0985223,11.8135328],[13.0984872,11.8137272],[13.0976035,11.8134774],[13.0973421,11.8140649],[13.0971995,11.8145127],[13.0971935,11.814914],[13.0972411,11.8152048],[13.097247,11.8159842],[13.0973221,11.8160532],[13.0971817,11.8171561],[13.0969893,11.8187882],[13.0963913,11.8186991],[13.096216,11.8209787],[13.096099,11.8218746],[13.094544,11.8235437],[13.0943622,11.8242782],[13.0942118,11.8244655],[13.094055,11.8248144],[13.0939679,11.8250354],[13.0934225,11.8264197],[13.0927197,11.826191],[13.0923257,11.8271389],[13.0920564,11.8277789],[13.0926856,11.8283082],[13.0932247,11.8285613],[13.0929016,11.8292105],[13.0918369,11.8318467],[13.0917415,11.8323013],[13.0916954,11.8331724],[13.0918038,11.8338665],[13.0920133,11.8349882],[13.0925803,11.8348589],[13.0939682,11.8346885],[13.0961377,11.8346429],[13.0962946,11.8346385],[13.096696,11.8377825]],[[13.0958865,11.8004635],[13.0956397,11.8001694],[13.0953822,11.8001274],[13.0950175,11.7997808],[13.0947385,11.7998124],[13.0941162,11.7997073],[13.0936442,11.7995078],[13.093612,11.7993608],[13.0937944,11.7990772],[13.0941055,11.7991507],[13.0945454,11.7987411],[13.0946956,11.7987831],[13.0948565,11.7985941],[13.0948351,11.7984891],[13.0954144,11.7980165],[13.0959509,11.7971238],[13.0961011,11.7969033],[13.0961118,11.7971553],[13.0958758,11.7975544],[13.095393,11.798174],[13.0954037,11.7984051],[13.0959079,11.7985941],[13.0959938,11.7989092],[13.0963156,11.7989407],[13.0969057,11.7987201],[13.0971525,11.7982265],[13.0970989,11.7976594],[13.0975816,11.7969033],[13.0978391,11.7969138],[13.0982146,11.7977329],[13.0981288,11.7982475],[13.0981932,11.7986151],[13.0985902,11.7988357],[13.0988369,11.7992347],[13.098794,11.7999174],[13.0985902,11.8000644],[13.0979679,11.8002639],[13.0974636,11.8001064],[13.0973563,11.8001799],[13.0974314,11.800432],[13.0970237,11.800642],[13.097013,11.8008836],[13.0968843,11.8011041],[13.0968735,11.8008101],[13.0967019,11.800642],[13.096541,11.800726],[13.0961762,11.8006315],[13.0961011,11.800495],[13.0958865,11.8004635]],[[13.0945754,11.8002411],[13.0944681,11.800551],[13.0942696,11.8008188],[13.0941516,11.8009658],[13.0940657,11.8009448],[13.0939102,11.8007768],[13.0937171,11.8007349],[13.093521,11.8005018],[13.0934696,11.8002504],[13.093549,11.8000995],[13.0936388,11.8000472],[13.0936165,11.8000034],[13.0936591,11.7999616],[13.0937974,11.8000651],[13.0943421,11.8000432],[13.0944627,11.8000941],[13.0945754,11.8002411]],[[13.1083947,11.8014745],[13.1082714,11.8010402],[13.1077908,11.8007869],[13.1076429,11.8003044],[13.1073594,11.799665],[13.107421,11.7993393],[13.1070883,11.7987361],[13.1068788,11.7986516],[13.1067278,11.7984718],[13.1066465,11.7982729],[13.1068254,11.7980978],[13.1072157,11.7982649],[13.1079149,11.7990608],[13.1086042,11.7997977],[13.1089985,11.8001113],[13.1091957,11.8006904],[13.1094422,11.8007748],[13.1100338,11.8003044],[13.1108349,11.7998942],[13.1112046,11.8000872],[13.1113771,11.800051],[13.111562,11.8003405],[13.111525,11.8007869],[13.1112662,11.8010885],[13.1109827,11.8012453],[13.1106253,11.8012574],[13.11065,11.8013901],[13.1104651,11.8015831],[13.1104282,11.8018847],[13.1100338,11.8025241],[13.1099352,11.8028015],[13.1095531,11.8028498],[13.1093683,11.8026326],[13.1091095,11.8025965],[13.1088014,11.8016917],[13.1083947,11.8014745]]],[[[13.179617,11.808411],[13.1796387,11.808345],[13.1796038,11.8083844],[13.179617,11.808411]]],[[[13.176406,11.8104809],[13.1764642,11.810538],[13.1765334,11.8105121],[13.1765449,11.8104312],[13.176406,11.8104809]]],[[[13.1740391,11.8108956],[13.174193,11.8109233],[13.1742806,11.8109362],[13.1738222,11.81077],[13.1738427,11.8107925],[13.1738975,11.8108514],[13.1740391,11.8108956]]],[[[13.1756564,11.8529674],[13.1757813,11.8530154],[13.1760005,11.8531978],[13.1753471,11.8525173],[13.1753692,11.8525572],[13.1754042,11.85266],[13.1755373,11.852828],[13.1756564,11.8529674]]],[[[13.1782574,11.8553254],[13.1780318,11.8551511],[13.1779078,11.8551238],[13.1779563,11.8551532],[13.1781665,11.8553131],[13.1782574,11.8553254]]]]}},{"type":"Feature","properties":{"kind":"water","id":"water:maiduguri","localUnitId":"maiduguri","name":"Mapped water in Maiduguri"},"geometry":{"type":"MultiPolygon","coordinates":[[[[13.097013,11.8008836],[13.0970237,11.800642],[13.0974314,11.800432],[13.0973563,11.8001799],[13.0974636,11.8001064],[13.0979679,11.8002639],[13.0985902,11.8000644],[13.098794,11.7999174],[13.0988369,11.7992347],[13.0985902,11.7988357],[13.0981932,11.7986151],[13.0981288,11.7982475],[13.0982146,11.7977329],[13.0978391,11.7969138],[13.0975816,11.7969033],[13.0970989,11.7976594],[13.0971525,11.7982265],[13.0969057,11.7987201],[13.0963156,11.7989407],[13.0959938,11.7989092],[13.0959079,11.7985941],[13.0954037,11.7984051],[13.095393,11.798174],[13.0958758,11.7975544],[13.0961118,11.7971553],[13.0961011,11.7969033],[13.0959509,11.7971238],[13.0954144,11.7980165],[13.0948351,11.7984891],[13.0948565,11.7985941],[13.0946956,11.7987831],[13.0945454,11.7987411],[13.0941055,11.7991507],[13.0937944,11.7990772],[13.093612,11.7993608],[13.0936442,11.7995078],[13.0941162,11.7997073],[13.0947385,11.7998124],[13.0950175,11.7997808],[13.0953822,11.8001274],[13.0956397,11.8001694],[13.0958865,11.8004635],[13.0961011,11.800495],[13.0961762,11.8006315],[13.096541,11.800726],[13.0967019,11.800642],[13.0968735,11.8008101],[13.0968843,11.8011041],[13.097013,11.8008836]]],[[[13.093549,11.8000995],[13.0934696,11.8002504],[13.093521,11.8005018],[13.0937171,11.8007349],[13.0939102,11.8007768],[13.0940657,11.8009448],[13.0941516,11.8009658],[13.0942696,11.8008188],[13.0944681,11.800551],[13.0945754,11.8002411],[13.0944627,11.8000941],[13.0943421,11.8000432],[13.0937974,11.8000651],[13.0936591,11.7999616],[13.0936165,11.8000034],[13.0936388,11.8000472],[13.093549,11.8000995]]],[[[13.1104282,11.8018847],[13.1104651,11.8015831],[13.11065,11.8013901],[13.1106253,11.8012574],[13.1109827,11.8012453],[13.1112662,11.8010885],[13.111525,11.8007869],[13.111562,11.8003405],[13.1113771,11.800051],[13.1112046,11.8000872],[13.1108349,11.7998942],[13.1100338,11.8003044],[13.1094422,11.8007748],[13.1091957,11.8006904],[13.1089985,11.8001113],[13.1086042,11.7997977],[13.1079149,11.7990608],[13.1072157,11.7982649],[13.1068254,11.7980978],[13.1066465,11.7982729],[13.1067278,11.7984718],[13.1068788,11.7986516],[13.1070883,11.7987361],[13.107421,11.7993393],[13.1073594,11.799665],[13.1076429,11.8003044],[13.1077908,11.8007869],[13.1082714,11.8010402],[13.1083947,11.8014745],[13.1088014,11.8016917],[13.1091095,11.8025965],[13.1093683,11.8026326],[13.1095531,11.8028498],[13.1099352,11.8028015],[13.1100338,11.8025241],[13.1104282,11.8018847]]],[[[13.1756564,11.8529674],[13.1755373,11.852828],[13.1754042,11.85266],[13.1753692,11.8525572],[13.1753471,11.8525173],[13.1751905,11.8523542],[13.1726398,11.8498975],[13.1724737,11.8497949],[13.1722332,11.8496347],[13.1719118,11.8492395],[13.1712855,11.8484706],[13.1712773,11.8483792],[13.170824,11.8478791],[13.1707581,11.8477098],[13.1703653,11.8472635],[13.1699807,11.8469274],[13.1697088,11.8466908],[13.1692582,11.8464785],[13.1691291,11.8464112],[13.1690302,11.8462795],[13.1685935,11.8458897],[13.1682803,11.8457526],[13.1677555,11.845187],[13.1673766,11.8446315],[13.1672623,11.8443915],[13.167199,11.8442736],[13.1669679,11.8439872],[13.1667307,11.8437278],[13.166552,11.843568],[13.1664811,11.8434534],[13.1664703,11.8432755],[13.166421,11.8431082],[13.1663348,11.842986],[13.1661961,11.8427116],[13.1661329,11.842591],[13.1660066,11.8424975],[13.1658772,11.842386],[13.1658156,11.8423015],[13.1657648,11.8421869],[13.16564,11.8419548],[13.1655029,11.8417814],[13.1654443,11.8416562],[13.1653319,11.8414889],[13.165147,11.8411873],[13.1650561,11.8410607],[13.1649606,11.8409627],[13.1648897,11.8408797],[13.1647573,11.8408074],[13.1646402,11.840732],[13.1644861,11.8405722],[13.1643891,11.8404817],[13.1643244,11.8403731],[13.164272,11.8402736],[13.1642119,11.8402239],[13.1641565,11.8401228],[13.1640979,11.8399992],[13.1640317,11.8398846],[13.1639685,11.8397942],[13.1638622,11.8397007],[13.1638591,11.8396373],[13.1638314,11.8395469],[13.1636342,11.8393358],[13.1635526,11.839274],[13.1635048,11.839188],[13.1634601,11.8391142],[13.1634201,11.839087],[13.1634062,11.8389589],[13.1633354,11.8389181],[13.1632722,11.8388428],[13.1631536,11.8386618],[13.1630781,11.8384824],[13.1630319,11.8383512],[13.1629826,11.8381356],[13.1629317,11.8379532],[13.1628994,11.8378853],[13.1628624,11.8377496],[13.1628794,11.8376652],[13.162884,11.8375823],[13.1628563,11.8373667],[13.162807,11.8371782],[13.1627854,11.8369988],[13.1628054,11.8368766],[13.1627577,11.8367982],[13.1627623,11.836655],[13.1628532,11.8364741],[13.1629009,11.8364273],[13.1629256,11.8363112],[13.1629271,11.8360926],[13.1629086,11.8356674],[13.162884,11.8354533],[13.1629056,11.8352859],[13.1629271,11.8351171],[13.1629533,11.8348487],[13.1629102,11.8347763],[13.1629117,11.8346572],[13.1629626,11.8345728],[13.1630211,11.8344687],[13.163035,11.8342878],[13.1630118,11.8341642],[13.1630088,11.834042],[13.1629934,11.8339485],[13.162961,11.8339124],[13.1629487,11.8338068],[13.1629579,11.8336229],[13.1629656,11.8335233],[13.1629502,11.8334103],[13.1628855,11.8332731],[13.1627715,11.8330831],[13.1627238,11.8330182],[13.1627315,11.832976],[13.1626683,11.8329021],[13.1626483,11.8328147],[13.1626206,11.8327423],[13.1625451,11.8326775],[13.1624157,11.8325704],[13.1623294,11.8324845],[13.1622633,11.8324392],[13.1622166,11.8323684],[13.1619948,11.8321604],[13.1619228,11.8320683],[13.1618734,11.832005],[13.1617893,11.8317925],[13.1616235,11.8316942],[13.1614087,11.8315799],[13.1613854,11.8314428],[13.1613363,11.8313491],[13.1613036,11.8312417],[13.1611308,11.8311114],[13.1610281,11.8310726],[13.160909,11.8309652],[13.1607199,11.8308006],[13.1603674,11.8306407],[13.1601867,11.8305547],[13.1599857,11.830459],[13.159795,11.8302921],[13.1596556,11.8302081],[13.1594946,11.8301215],[13.1592371,11.8300584],[13.158985,11.8299744],[13.158808,11.8299062],[13.1585183,11.8297697],[13.1583171,11.8296962],[13.158116,11.8295964],[13.157896,11.8294441],[13.1577539,11.8293811],[13.1576493,11.8292919],[13.1575581,11.8291554],[13.157483,11.8290267],[13.1573703,11.8289138],[13.1573193,11.8286907],[13.1572282,11.8285489],[13.157137,11.8283337],[13.1571235,11.8281],[13.1571477,11.8278532],[13.1571557,11.8275802],[13.1572228,11.8272416],[13.1573462,11.8268714],[13.1574669,11.8266509],[13.1576358,11.8264067],[13.1578182,11.8261809],[13.1579309,11.8260234],[13.1580999,11.8258712],[13.1583091,11.8257399],[13.1584807,11.8256191],[13.1586551,11.8255036],[13.1587704,11.8254564],[13.1588482,11.8254196],[13.1589233,11.825354],[13.1591436,11.8252483],[13.1593686,11.825186],[13.1595322,11.8251571],[13.1596428,11.8251506],[13.1599265,11.8251203],[13.1600713,11.8250704],[13.1603154,11.8250153],[13.1605058,11.8249497],[13.1606962,11.8249129],[13.1608894,11.8247659],[13.1611147,11.8246268],[13.1613561,11.8245086],[13.161627,11.8243957],[13.1617269,11.8243459],[13.1618313,11.8242229],[13.1620188,11.824074],[13.16221,11.8239198],[13.1624542,11.8238159],[13.1627161,11.8237102],[13.1629125,11.8236808],[13.1630611,11.8236462],[13.163185,11.8237154],[13.1632558,11.8237968],[13.1633938,11.8238211],[13.1635531,11.8238973],[13.1638203,11.8240393],[13.1640061,11.8241779],[13.1642202,11.8243442],[13.1643954,11.824436],[13.1645122,11.8244672],[13.1646095,11.8245503],[13.1649404,11.8247755],[13.165213,11.8249261],[13.1654271,11.8250924],[13.165558,11.8252483],[13.1657456,11.8253349],[13.1658819,11.8253713],[13.1660146,11.8254128],[13.1660022,11.8255601],[13.1660801,11.8255064],[13.1661721,11.8255531],[13.1662553,11.8256657],[13.1663915,11.8257263],[13.1665278,11.8257696],[13.1667401,11.8258095],[13.1669489,11.8258511],[13.1672445,11.825948],[13.1673152,11.8260866],[13.1674267,11.8261351],[13.1676338,11.8262269],[13.1677506,11.8262945],[13.1677718,11.8263499],[13.1678868,11.8263949],[13.1680337,11.8264296],[13.1680886,11.8264434],[13.1682514,11.8265214],[13.1683469,11.8265906],[13.1684549,11.8266513],[13.1685416,11.8266322],[13.1686318,11.8266842],[13.1687256,11.8266876],[13.168966,11.8267726],[13.1690695,11.8267925],[13.1691943,11.8268073],[13.1693659,11.8267821],[13.1694181,11.8267016],[13.1694615,11.826615],[13.1696178,11.8265452],[13.1697563,11.8265776],[13.1699011,11.8265159],[13.1699746,11.8264073],[13.1701112,11.8262919],[13.1702933,11.8261765],[13.1704696,11.8259137],[13.1705502,11.8258143],[13.1705864,11.8257514],[13.1707568,11.8257651],[13.1708981,11.8258085],[13.1710674,11.825852],[13.1712157,11.8259194],[13.1714013,11.8260337],[13.1716033,11.8261548],[13.1717188,11.8262519],[13.1718216,11.8262873],[13.1718099,11.8262451],[13.171678,11.8261411],[13.1715262,11.8260565],[13.1714223,11.8259994],[13.1712822,11.825916],[13.1712133,11.8258897],[13.1711503,11.8258565],[13.1710837,11.8258108],[13.1709752,11.8257868],[13.1708689,11.8257628],[13.1708199,11.8257297],[13.1706704,11.8257011],[13.1705397,11.8257126],[13.170493,11.8257868],[13.1704241,11.8258874],[13.1702992,11.8260428],[13.1702058,11.8260577],[13.1701416,11.8261285],[13.1700843,11.8261594],[13.170054,11.8262199],[13.1699746,11.8263045],[13.1699154,11.8263647],[13.1700393,11.8261474],[13.1701543,11.8260019],[13.170141,11.8259231],[13.1703065,11.8257447],[13.1703206,11.8256788],[13.170456,11.8255905],[13.1706471,11.8255818],[13.1707838,11.825561],[13.1709395,11.8254761],[13.1710704,11.825296],[13.1711908,11.825154],[13.1713412,11.8248855],[13.1714297,11.8246569],[13.1713766,11.8244352],[13.1714598,11.8241632],[13.1714385,11.8239173],[13.1714704,11.8235224],[13.1713943,11.8233492],[13.171366,11.8232054],[13.1713907,11.8231084],[13.1713182,11.822878],[13.1712952,11.8226685],[13.1713076,11.8225247],[13.1711855,11.8224762],[13.1711218,11.8223584],[13.1711359,11.8221055],[13.1711731,11.8219895],[13.1710934,11.8217072],[13.170982,11.8214664],[13.17092,11.8213417],[13.1707908,11.821094],[13.1707838,11.8208723],[13.1707731,11.8207164],[13.1709377,11.8206922],[13.1710297,11.8206125],[13.1708386,11.8205276],[13.1708245,11.8203839],[13.1709413,11.8202436],[13.1709643,11.8200686],[13.1710085,11.8197638],[13.171097,11.8194901],[13.1711802,11.8193533],[13.1712332,11.8193602],[13.1712846,11.8194693],[13.1713713,11.8194451],[13.1714244,11.8191922],[13.1714951,11.8188371],[13.1714173,11.818799],[13.1713483,11.8188822],[13.1713695,11.8187471],[13.1713766,11.8184214],[13.1713093,11.8182136],[13.1712639,11.8180629],[13.1712378,11.8179],[13.1711345,11.8177025],[13.1709343,11.817431],[13.1708634,11.8173119],[13.1707586,11.8171641],[13.1704952,11.8169485],[13.1702102,11.8167434],[13.1699514,11.8165821],[13.169785,11.8164494],[13.1697096,11.8163559],[13.1696156,11.8162519],[13.1694692,11.8161328],[13.1693907,11.8160513],[13.1693568,11.8159382],[13.1692782,11.8158387],[13.1691919,11.8157166],[13.1689793,11.8155115],[13.1688931,11.8153969],[13.1687822,11.8152793],[13.1686913,11.8152009],[13.1685711,11.8150682],[13.1681659,11.8147033],[13.167901,11.8145646],[13.1676853,11.8143927],[13.167596,11.8141499],[13.1675682,11.8140594],[13.1676175,11.814082],[13.1676298,11.8140217],[13.1675636,11.8137774],[13.167542,11.8136764],[13.1675759,11.8135196],[13.1676006,11.8133929],[13.167616,11.8130778],[13.1676791,11.8128636],[13.1677022,11.812731],[13.1677392,11.8124158],[13.1677901,11.8122484],[13.1677848,11.8120792],[13.1678174,11.8119718],[13.1678845,11.8119141],[13.1678865,11.8119738],[13.1679861,11.8117748],[13.1681162,11.811542],[13.168102,11.811341],[13.1681853,11.8112694],[13.1682788,11.8112455],[13.1683926,11.8110883],[13.1686142,11.8108993],[13.1688663,11.8107083],[13.1690167,11.810569],[13.1692504,11.8104059],[13.16947,11.8101432],[13.1696611,11.81],[13.1700066,11.8099283],[13.1702831,11.8098408],[13.1705677,11.809799],[13.1708502,11.8097831],[13.1711246,11.8097652],[13.171336,11.8097214],[13.1716857,11.8097154],[13.172017,11.8097154],[13.1723138,11.8098328],[13.1725658,11.8099542],[13.1727589,11.8101034],[13.1728972,11.8102626],[13.1731147,11.8104337],[13.1734501,11.8106705],[13.1735839,11.8107688],[13.1737851,11.8108583],[13.1739152,11.8109598],[13.1740514,11.8110195],[13.1741591,11.8110433],[13.1742384,11.8110394],[13.1743156,11.8110692],[13.1744152,11.8110493],[13.1745352,11.8110712],[13.1746124,11.8110732],[13.1747425,11.8110632],[13.174899,11.8110612],[13.1750901,11.8110334],[13.1753117,11.8109817],[13.1755312,11.8109319],[13.175702,11.8108444],[13.175893,11.8108265],[13.1759683,11.8108105],[13.1761044,11.8107628],[13.1761166,11.8107409],[13.176198,11.8107389],[13.1762915,11.8107031],[13.1764642,11.8106693],[13.1766716,11.8105797],[13.1769236,11.8104444],[13.1771391,11.8103171],[13.1774928,11.8100744],[13.1776818,11.8099351],[13.1779359,11.8098018],[13.1781453,11.8097242],[13.1783227,11.8096492],[13.1783587,11.809565],[13.1784787,11.8095093],[13.1786535,11.8093461],[13.1788852,11.8092068],[13.179056,11.8090934],[13.1792389,11.8089144],[13.1795032,11.8088029],[13.1796943,11.8086358],[13.1798955,11.8084169],[13.1799646,11.8082677],[13.1800825,11.8080687],[13.1801984,11.8079275],[13.180298,11.8077345],[13.1803468,11.8075216],[13.1804037,11.8073664],[13.1804525,11.8072828],[13.1804687,11.807042],[13.1805114,11.8068072],[13.1805683,11.8066401],[13.1805541,11.806457],[13.1805826,11.8063178],[13.1806029,11.8061626],[13.1806293,11.8060611],[13.1806517,11.8059258],[13.18067,11.8057686],[13.1806923,11.8055517],[13.1807208,11.8053567],[13.180735,11.8052314],[13.1807513,11.8048553],[13.1808041,11.8045887],[13.1808246,11.8044931],[13.1807554,11.8044673],[13.1800731,11.8078544],[13.1796387,11.808345],[13.179617,11.808411],[13.1796038,11.8083844],[13.1794869,11.8085164],[13.1787589,11.8090389],[13.1777179,11.8097927],[13.1766911,11.810379],[13.1765449,11.8104312],[13.1765334,11.8105121],[13.1764642,11.810538],[13.176406,11.8104809],[13.1757927,11.8107],[13.1749941,11.8110211],[13.1744379,11.8109932],[13.1742806,11.8109362],[13.174193,11.8109233],[13.1740391,11.8108956],[13.1738975,11.8108514],[13.1738427,11.8107925],[13.1738222,11.81077],[13.1736678,11.810714],[13.1735976,11.8106637],[13.1735728,11.8106574],[13.1734968,11.8106307],[13.173459,11.8105644],[13.1722409,11.8096915],[13.1714003,11.8095415],[13.1711599,11.8095224],[13.1710311,11.8095861],[13.1708583,11.8095563],[13.1708136,11.8095074],[13.1699634,11.8096189],[13.1691906,11.8102495],[13.1691341,11.8102075],[13.1690736,11.8102646],[13.168852,11.8103104],[13.1686142,11.8104735],[13.1684496,11.8106426],[13.1682239,11.8108078],[13.1680837,11.8109809],[13.1679963,11.81116],[13.1678804,11.811339],[13.1678275,11.8114883],[13.1678397,11.8116116],[13.1677706,11.8118026],[13.1676893,11.8119519],[13.1676263,11.812113],[13.1676221,11.8122635],[13.1675959,11.8122337],[13.1675651,11.812446],[13.1675251,11.8126706],[13.1674789,11.8128968],[13.1673834,11.8131125],[13.1673603,11.8134367],[13.1673325,11.8136628],[13.1673202,11.8139177],[13.1673772,11.8140805],[13.1674604,11.8143715],[13.1675651,11.8145314],[13.167656,11.814655],[13.1677254,11.8148209],[13.1677962,11.8149325],[13.1678948,11.8150938],[13.1679487,11.8152009],[13.1680211,11.8152748],[13.1681428,11.8154512],[13.1683462,11.815697],[13.1684771,11.8158493],[13.1687082,11.8159835],[13.1687483,11.8159428],[13.1687991,11.8159835],[13.168813,11.8160468],[13.1689362,11.8161358],[13.1690887,11.8162187],[13.1692643,11.8163439],[13.1694677,11.8165007],[13.169651,11.816656],[13.1699545,11.8168776],[13.1701116,11.8169877],[13.1702641,11.8170933],[13.1704536,11.8172787],[13.1705399,11.817425],[13.1706138,11.817529],[13.1706801,11.8175758],[13.1708187,11.8177507],[13.1709142,11.8179226],[13.1709728,11.8180176],[13.1710051,11.8180658],[13.1710404,11.8181408],[13.1711324,11.81834],[13.1712049,11.8185808],[13.1712049,11.8187193],[13.1711412,11.8189272],[13.1709767,11.8191143],[13.1708068,11.8192459],[13.1706528,11.8193897],[13.1705679,11.8196218],[13.1705343,11.8197915],[13.1705219,11.820034],[13.1704847,11.8202366],[13.1703909,11.8203198],[13.1702493,11.8203995],[13.1702316,11.8206004],[13.1702971,11.8208065],[13.1703608,11.8210091],[13.170421,11.8211737],[13.1704617,11.8212949],[13.1704971,11.8214768],[13.1705236,11.8216725],[13.1705254,11.8218579],[13.1706015,11.8220553],[13.1706174,11.8223134],[13.170644,11.8225264],[13.1707324,11.8226165],[13.1707962,11.8227343],[13.1708563,11.8229387],[13.1709041,11.8232123],[13.1709165,11.8234652],[13.1709271,11.8238774],[13.1710014,11.8240784],[13.1709784,11.8242845],[13.1709324,11.824527],[13.170874,11.8247279],[13.1707731,11.8249669],[13.1706086,11.8251921],[13.1704764,11.8253328],[13.1703199,11.8254462],[13.170263,11.8255377],[13.1701562,11.8256055],[13.1700719,11.825659],[13.1698748,11.8258003],[13.1697182,11.8259336],[13.1694967,11.8260371],[13.1692304,11.8261186],[13.1688929,11.8261385],[13.1686775,11.8261266],[13.1685718,11.8261167],[13.1684051,11.8260629],[13.1681754,11.8259933],[13.1679599,11.8258878],[13.1676814,11.8257744],[13.1676244,11.825751],[13.1673908,11.8256551],[13.1669314,11.8254501],[13.1667037,11.8253089],[13.1665329,11.8252313],[13.1661874,11.8249846],[13.1660044,11.8248493],[13.1657829,11.824704],[13.165604,11.8245568],[13.1655125,11.8245508],[13.1654027,11.8244991],[13.165421,11.8245449],[13.1655186,11.8246145],[13.165541,11.8246861],[13.1654129,11.8246205],[13.1652056,11.8244076],[13.1650978,11.8243539],[13.1649067,11.8242206],[13.1647665,11.824129],[13.1646608,11.823948],[13.1643152,11.8237112],[13.16399,11.8235302],[13.1637318,11.8234008],[13.1634249,11.8233073],[13.163248,11.8232815],[13.1630651,11.8232556],[13.1629431,11.8231979],[13.162685,11.8231502],[13.162378,11.8231561],[13.1620365,11.8232994],[13.1618292,11.8234068],[13.1615527,11.8236297],[13.1612986,11.823759],[13.1612005,11.8238339],[13.161061,11.8238891],[13.160876,11.8241175],[13.1607901,11.8241778],[13.1607123,11.8243354],[13.1605407,11.8244194],[13.1603233,11.8243555],[13.160216,11.8243975],[13.1600283,11.8245341],[13.1595616,11.8246627],[13.1592021,11.8247572],[13.1589822,11.8248491],[13.1588132,11.8250224],[13.1586067,11.8251352],[13.1580515,11.8253741],[13.1578664,11.8254371],[13.1576331,11.825529],[13.1574265,11.8256498],[13.1573407,11.8257207],[13.1573139,11.8258231],[13.157161,11.8258651],[13.1571368,11.8259228],[13.1570805,11.8260331],[13.1569276,11.8262379],[13.1567587,11.8266527],[13.1566594,11.8268207],[13.156638,11.8270149],[13.1566031,11.827183],[13.156528,11.8273168],[13.1564529,11.8275846],[13.1564368,11.827834],[13.1564127,11.8280467],[13.1564797,11.8282803],[13.1564878,11.828472],[13.1565521,11.8287319],[13.1567801,11.8291965],[13.1569115,11.8292858],[13.1570725,11.8294958],[13.1571234,11.8295719],[13.1573112,11.8297846],[13.1575338,11.8299657],[13.1576572,11.830055],[13.1578342,11.8301337],[13.1580166,11.8302598],[13.1581319,11.8303385],[13.1581534,11.8304199],[13.1582929,11.8304934],[13.1584055,11.830559],[13.1584377,11.8306352],[13.158368,11.8307297],[13.1584592,11.8307664],[13.1585423,11.8306745],[13.1587059,11.8306037],[13.1589795,11.830622],[13.1594275,11.8308321],[13.1599558,11.8311891],[13.1601221,11.8312698],[13.1603592,11.8314572],[13.1605245,11.8315881],[13.1606078,11.8316097],[13.1605961,11.8316919],[13.1605915,11.8318085],[13.1606265,11.8318245],[13.1606872,11.8317993],[13.1607806,11.8317171],[13.160853,11.8316462],[13.1609337,11.8315573],[13.1610328,11.8316325],[13.1611098,11.8317513],[13.1612149,11.8318656],[13.1612406,11.831989],[13.1613106,11.8321307],[13.1614321,11.8323021],[13.1615511,11.8325238],[13.1616679,11.8327135],[13.1618044,11.8328697],[13.1619831,11.8329843],[13.1620786,11.8330868],[13.1621001,11.8331321],[13.1622246,11.8332218],[13.1623294,11.8333469],[13.1623926,11.8334344],[13.1625066,11.8335882],[13.1625497,11.8337812],[13.1626067,11.8340089],[13.1626514,11.8342245],[13.1626483,11.8344491],[13.1626329,11.8345984],[13.1626806,11.8346482],[13.1626067,11.8349753],[13.1625913,11.8351216],[13.1624989,11.8353055],[13.1623879,11.8357745],[13.1623648,11.83588],[13.1624357,11.8360986],[13.1624834,11.8362027],[13.1624526,11.8363354],[13.1623926,11.8363806],[13.1624634,11.8365404],[13.1624249,11.836759],[13.1623587,11.8369822],[13.1623556,11.837246],[13.1624157,11.8373938],[13.162428,11.8376969],[13.1624157,11.8377391],[13.1624033,11.8377934],[13.1624326,11.8378808],[13.1624742,11.8379622],[13.1625281,11.8381492],[13.162542,11.838312],[13.1625096,11.8384266],[13.1625882,11.8385819],[13.1627099,11.8386965],[13.1627469,11.8387885],[13.1628871,11.8389785],[13.1633261,11.8395273],[13.1634709,11.8397851],[13.1636558,11.8400309],[13.1637605,11.8401907],[13.1639285,11.8404108],[13.1640009,11.8405857],[13.1640425,11.8406385],[13.1641457,11.8406686],[13.1642473,11.8407214],[13.1643845,11.8408812],[13.1644954,11.8410426],[13.1645262,11.8411451],[13.1645462,11.8412175],[13.1646279,11.8413562],[13.1647157,11.8414029],[13.164748,11.8414587],[13.1648143,11.8414798],[13.1648867,11.8415326],[13.1649498,11.8416095],[13.1650068,11.8416291],[13.1650515,11.8417286],[13.1651301,11.8418492],[13.165204,11.8419306],[13.1653119,11.8421447],[13.1654012,11.8423543],[13.1654936,11.8426227],[13.1655645,11.8426634],[13.1656508,11.8428292],[13.1657047,11.8429303],[13.1657355,11.8430524],[13.1658033,11.8431609],[13.1658634,11.8432635],[13.1658695,11.8433841],[13.1659127,11.8434866],[13.1659835,11.8436057],[13.1660698,11.8437263],[13.1661514,11.8438892],[13.1662685,11.8440384],[13.1663394,11.8440852],[13.1664426,11.844242],[13.1665042,11.8443686],[13.166592,11.8445345],[13.1667353,11.8445134],[13.1668558,11.8445586],[13.1670123,11.8446322],[13.1671458,11.8449111],[13.1672804,11.8454407],[13.1679672,11.8460349],[13.1680606,11.8462015],[13.1684451,11.8463978],[13.1687308,11.8466559],[13.1690907,11.846914],[13.1696785,11.8471533],[13.170151,11.8474893],[13.1704971,11.8479248],[13.1707279,11.8483819],[13.1711262,11.8488201],[13.1716371,11.8493793],[13.1719036,11.8495648],[13.1721261,11.8498363],[13.1722937,11.8500917],[13.1726892,11.8502745],[13.1729732,11.8505575],[13.173061,11.8505987],[13.1731988,11.8507279],[13.1732723,11.850833],[13.1733494,11.8509564],[13.1734766,11.8510638],[13.1736004,11.8512318],[13.1736891,11.8513106],[13.1738024,11.851426],[13.1739506,11.8515128],[13.1741468,11.8516431],[13.1742367,11.85161],[13.1743721,11.8516134],[13.1744725,11.8516888],[13.1746103,11.8518282],[13.1747539,11.8519939],[13.1748111,11.8520567],[13.1748426,11.8521938],[13.1748543,11.8523104],[13.1749255,11.8523789],[13.1749827,11.8523527],[13.1751275,11.8525503],[13.1752349,11.8527206],[13.1753855,11.8528943],[13.1754742,11.8530051],[13.1755886,11.8531113],[13.1757206,11.8532199],[13.1758653,11.8533582],[13.1759307,11.8534518],[13.1760697,11.8536621],[13.1761689,11.8536255],[13.1763382,11.8537409],[13.1765483,11.8539135],[13.1766768,11.8540174],[13.1767185,11.8540315],[13.1765582,11.8537787],[13.1760005,11.8531978],[13.1757813,11.8530154],[13.1756564,11.8529674]],[[13.1637583,11.8236913],[13.1634777,11.823564],[13.1632094,11.8234904],[13.1629289,11.8234327],[13.1626179,11.8234247],[13.1624858,11.8234585],[13.162374,11.8234765],[13.1622195,11.8234924],[13.1620345,11.8236098],[13.1618434,11.8237092],[13.161691,11.8237689],[13.1614877,11.8238565],[13.1613507,11.8239547],[13.1612541,11.8239468],[13.1612392,11.8239155],[13.1613698,11.8237908],[13.1616158,11.8236814],[13.1619329,11.8234725],[13.1622235,11.8233312],[13.162563,11.8232516],[13.1628964,11.8233153],[13.1631911,11.8233829],[13.1634188,11.823365],[13.1637786,11.8235162],[13.1641607,11.8237132],[13.164547,11.8239858],[13.1645693,11.824133],[13.1643254,11.8239778],[13.1639961,11.8237888],[13.1637583,11.8236913]],[[13.1686959,11.8157739],[13.1687606,11.8157965],[13.1687837,11.8158447],[13.1688022,11.8158734],[13.1688392,11.81589],[13.1689208,11.8158915],[13.1690194,11.8159714],[13.1690286,11.8160227],[13.168987,11.8159986],[13.1689562,11.8159835],[13.1689208,11.8159774],[13.1688068,11.8159518],[13.1687344,11.8159096],[13.1685911,11.8157965],[13.1684648,11.8156472],[13.1683693,11.8155266],[13.168243,11.8153095],[13.1681736,11.8151918],[13.1681059,11.8150682],[13.1680073,11.8149702],[13.1679426,11.8148616],[13.167884,11.8147922],[13.1678779,11.81475],[13.1679302,11.8147832],[13.1679857,11.8148028],[13.1680134,11.8148676],[13.1681012,11.8149174],[13.1682491,11.8150275],[13.1683215,11.8151044],[13.1684217,11.8151707],[13.1684509,11.8152325],[13.1685172,11.8153336],[13.1686065,11.8154225],[13.1686574,11.8154949],[13.168699,11.8155884],[13.1686943,11.8156382],[13.1686635,11.8156563],[13.168645,11.8157105],[13.1686959,11.8157739]]],[[[13.1779563,11.8551532],[13.1779078,11.8551238],[13.1775728,11.8550499],[13.1776434,11.8551623],[13.1777894,11.8552423],[13.1779248,11.8553394],[13.1781315,11.8554948],[13.1782937,11.8556136],[13.1784338,11.8557108],[13.1785143,11.8557343],[13.17839,11.8554279],[13.1782574,11.8553254],[13.1781665,11.8553131],[13.1779563,11.8551532]]]]}},{"type":"Feature","properties":{"kind":"land","id":"jere","localUnitId":"jere","name":"Jere"},"geometry":{"type":"MultiPolygon","coordinates":[[[[13.2895682,11.7194495],[13.290163,11.7188249],[13.3023363,11.7111309],[13.2923076,11.7042582],[13.2906736,11.7076318],[13.2883591,11.7116314],[13.2866181,11.713851],[13.2849658,11.7184104],[13.2853092,11.7201542],[13.2860054,11.7211256],[13.2874789,11.7203711],[13.2888246,11.7202823],[13.2895682,11.7194495]]],[[[13.1939253,11.7903446],[13.1938605,11.7904223],[13.19403,11.7903487],[13.1941933,11.7902993],[13.1944121,11.7901938],[13.1946231,11.7900837],[13.1950175,11.7898816],[13.1951731,11.7897564],[13.1952902,11.7896102],[13.1953749,11.7895212],[13.1954704,11.7894609],[13.1955644,11.7893704],[13.1957169,11.7892377],[13.1958448,11.7891291],[13.195951,11.7890296],[13.1960974,11.788933],[13.1958848,11.7889526],[13.1956183,11.7890552],[13.195398,11.789197],[13.1952455,11.7893538],[13.1951192,11.7894533],[13.1950452,11.789482],[13.194865,11.7895785],[13.1946971,11.7896222],[13.1945553,11.7896509],[13.194506,11.7897036],[13.1943951,11.7898771],[13.1943073,11.7900128],[13.1941425,11.7901289],[13.1940516,11.790248],[13.1939253,11.7903446]]],[[[13.1775372,11.8549932],[13.1774858,11.8549007],[13.1774064,11.8547967],[13.1773084,11.8547098],[13.1772512,11.8546264],[13.1771858,11.8545019],[13.1770352,11.8542917],[13.1769488,11.8541957],[13.1768542,11.854086],[13.1767445,11.8540403],[13.1767185,11.8540315],[13.1769715,11.8544304],[13.1774518,11.8550232],[13.1775728,11.8550499],[13.1775372,11.8549932]]],[[[13.1786913,11.8555323],[13.1786444,11.8556321],[13.1787168,11.8557056],[13.178863,11.8557699],[13.1789367,11.8557331],[13.1790091,11.8556911],[13.1789032,11.8556557],[13.1788509,11.8556045],[13.1787731,11.8555323],[13.1786913,11.8555323]]],[[[13.1814111,11.8570456],[13.1811817,11.8570168],[13.1811294,11.8569629],[13.1810905,11.8569669],[13.1810852,11.8570627],[13.1811254,11.8570889],[13.1812045,11.8571323],[13.181234,11.8571939],[13.1813943,11.8572293],[13.1815417,11.8572323],[13.18158,11.8572202],[13.1815465,11.8571913],[13.1814567,11.8570784],[13.1814111,11.8570456]]],[[[13.0929016,11.8292105],[13.0932247,11.8285613],[13.0926856,11.8283082],[13.0920564,11.8277789],[13.0923257,11.8271389],[13.0927197,11.826191],[13.0934225,11.8264197],[13.0939679,11.8250354],[13.094055,11.8248144],[13.0942118,11.8244655],[13.0943622,11.8242782],[13.094544,11.8235437],[13.096099,11.8218746],[13.096216,11.8209787],[13.0963913,11.8186991],[13.0969893,11.8187882],[13.0971817,11.8171561],[13.0973221,11.8160532],[13.097247,11.8159842],[13.0972411,11.8152048],[13.0971935,11.814914],[13.0971995,11.8145127],[13.0973421,11.8140649],[13.0976035,11.8134774],[13.0984872,11.8137272],[13.0985223,11.8135328],[13.098779,11.8129675],[13.0991981,11.8116286],[13.0994147,11.8113057],[13.09989,11.811579],[13.1003297,11.8118175],[13.1006031,11.8120036],[13.1007715,11.8121269],[13.1015812,11.8126813],[13.1016098,11.8108038],[13.1018684,11.8071709],[13.0804555,11.7903773],[13.076242,11.787164],[13.0822595,11.7805128],[13.0813167,11.7755443],[13.0852666,11.7683583],[13.0897876,11.7664072],[13.0947673,11.766568],[13.1011417,11.7558059],[13.1035898,11.7535022],[13.1061675,11.756925],[13.1082008,11.7595988],[13.1120667,11.7666267],[13.1160275,11.773781],[13.1220111,11.7712928],[13.1237576,11.7769335],[13.1247608,11.7825648],[13.1251842,11.7853724],[13.1244564,11.7879854],[13.1255293,11.789056],[13.1260156,11.7898149],[13.1266399,11.7910755],[13.1270226,11.7919137],[13.1274639,11.7928805],[13.1290833,11.7918374],[13.1315235,11.7902654],[13.1341475,11.7891346],[13.1342901,11.7898466],[13.1349019,11.7916218],[13.1353676,11.7929729],[13.1366198,11.7926728],[13.1375408,11.7926321],[13.138747,11.7925332],[13.1392283,11.7943421],[13.1398641,11.7942142],[13.1399711,11.7945108],[13.1400067,11.7954356],[13.1406722,11.7954705],[13.1417537,11.7955112],[13.1421161,11.7955054],[13.1421637,11.7959533],[13.1422468,11.7969647],[13.142274,11.7976375],[13.1426243,11.7983],[13.1447943,11.7997162],[13.1457411,11.8005282],[13.1462797,11.7994777],[13.1481332,11.7995737],[13.1495796,11.7996616],[13.1510933,11.7997419],[13.1533624,11.7996912],[13.1533438,11.7981108],[13.1535165,11.7975331],[13.1544672,11.7976633],[13.1549615,11.7977192],[13.1561785,11.7977006],[13.1565207,11.7985195],[13.1573574,11.7988918],[13.1581369,11.7990593],[13.1591257,11.7996921],[13.1605128,11.7999371],[13.1613675,11.8006468],[13.1627384,11.8011625],[13.16483,11.8020373],[13.1641749,11.8032188],[13.1630474,11.8052526],[13.1646161,11.8062762],[13.1655906,11.8068113],[13.1667552,11.8084399],[13.1691341,11.8102075],[13.1692484,11.8100995],[13.169407,11.8099204],[13.1694375,11.8098448],[13.1696123,11.8097513],[13.1698074,11.809606],[13.1700798,11.809423],[13.1703298,11.8093354],[13.1705575,11.8093752],[13.1707547,11.8094429],[13.1708136,11.8095074],[13.1708727,11.8094996],[13.1711599,11.8095224],[13.1712161,11.8094946],[13.1711084,11.8093692],[13.1712771,11.8093036],[13.1714702,11.8093334],[13.1715637,11.8094349],[13.1718117,11.8093832],[13.1719682,11.8094389],[13.1722691,11.8095244],[13.172387,11.8095244],[13.1725679,11.8096319],[13.1722409,11.8096915],[13.1727894,11.8098806],[13.1730273,11.8100597],[13.1732404,11.8101884],[13.1733803,11.8104076],[13.1733993,11.8104596],[13.173459,11.8105644],[13.1735976,11.8106637],[13.1736984,11.8106894],[13.173771,11.8107137],[13.1738222,11.81077],[13.1742806,11.8109362],[13.1743461,11.8109458],[13.1744629,11.810983],[13.1746345,11.8109917],[13.1748239,11.8109856],[13.1748664,11.810938],[13.1749177,11.8108852],[13.1749115,11.8108367],[13.1750451,11.8108176],[13.1751778,11.8107856],[13.1752681,11.810757],[13.1753459,11.8107016],[13.1754763,11.8106374],[13.1756979,11.8105857],[13.1759642,11.8105499],[13.176139,11.8105021],[13.1762122,11.8104902],[13.1763911,11.8104663],[13.176406,11.8104809],[13.1765449,11.8104312],[13.1765476,11.8104126],[13.1766472,11.8103629],[13.1767021,11.8102892],[13.1767976,11.81015],[13.1769379,11.8100823],[13.1772672,11.8098953],[13.177568,11.8097361],[13.1776717,11.8096386],[13.1778648,11.809559],[13.1780172,11.8095053],[13.1781717,11.809374],[13.1783892,11.8092068],[13.1787368,11.8089541],[13.17906,11.8087373],[13.1792186,11.8086557],[13.1794097,11.8085085],[13.1794747,11.8083811],[13.1795215,11.808218],[13.1796038,11.8083844],[13.1796387,11.808345],[13.1796902,11.8081881],[13.1797837,11.8080647],[13.1799097,11.8079255],[13.1798935,11.8077782],[13.1798711,11.8077046],[13.1799626,11.8075156],[13.1800662,11.8073703],[13.1801435,11.807235],[13.1801171,11.8071037],[13.1801862,11.8069445],[13.1802817,11.8066879],[13.1802858,11.8065227],[13.1802675,11.8064471],[13.1803305,11.8063814],[13.1803183,11.8062839],[13.1803447,11.806079],[13.1803651,11.8059696],[13.1804342,11.805886],[13.1804281,11.8057726],[13.1804098,11.8056253],[13.1804789,11.8054104],[13.1805216,11.8053667],[13.1805297,11.8052692],[13.1805358,11.8051836],[13.1805277,11.8050682],[13.180485,11.8049488],[13.1804403,11.8048434],[13.1804647,11.804718],[13.1805378,11.804525],[13.1805895,11.8042672],[13.1806342,11.8041995],[13.1806362,11.8040562],[13.180683,11.8038971],[13.1807846,11.8037399],[13.1809411,11.8035051],[13.1810143,11.8033837],[13.1812094,11.8032424],[13.1813843,11.8030136],[13.1816383,11.8027808],[13.1819331,11.8025898],[13.1821628,11.802347],[13.1824941,11.8021023],[13.1826852,11.8020048],[13.1829413,11.8018576],[13.1831344,11.8017302],[13.1833032,11.8016069],[13.1836142,11.8014258],[13.1838073,11.8012527],[13.1839922,11.8010835],[13.1840919,11.8008925],[13.1841223,11.8007592],[13.1841833,11.8005742],[13.1843053,11.8003931],[13.1843947,11.8002299],[13.1845594,11.8000688],[13.1846793,11.7999792],[13.1848074,11.7998101],[13.1848277,11.7996808],[13.1847708,11.799627],[13.1846732,11.7995813],[13.1845919,11.7995594],[13.1845106,11.7995852],[13.184474,11.7995534],[13.1845472,11.7993803],[13.1845431,11.7991356],[13.1845533,11.7989664],[13.184659,11.7987774],[13.1848968,11.7985406],[13.1851184,11.7983177],[13.1852586,11.7981805],[13.1853582,11.7980611],[13.1853887,11.7977805],[13.1854375,11.7976731],[13.1855778,11.7975437],[13.1858014,11.7973666],[13.1860758,11.7972472],[13.186275,11.7971756],[13.1866592,11.7968931],[13.1867792,11.7967971],[13.1869865,11.796622],[13.1872305,11.7963693],[13.187576,11.7961116],[13.1878667,11.7958967],[13.188009,11.7958082],[13.1881991,11.7956321],[13.1884074,11.7954212],[13.1885985,11.7950829],[13.1888577,11.7948352],[13.1889939,11.794675],[13.18919,11.7944183],[13.1893252,11.7942263],[13.189438,11.7939865],[13.189559,11.7936035],[13.1896626,11.793299],[13.1897002,11.7930871],[13.1897165,11.792922],[13.1896525,11.7928682],[13.1896352,11.7927558],[13.1896423,11.7924593],[13.1896758,11.7921987],[13.189683,11.7920783],[13.1897511,11.7919828],[13.1898425,11.7919748],[13.1899299,11.7918435],[13.1900976,11.7915898],[13.1901962,11.7914893],[13.1903212,11.7913719],[13.1904808,11.7912624],[13.190619,11.791145],[13.1908233,11.7910266],[13.1909433,11.7909679],[13.1912126,11.7909321],[13.1913437,11.7909461],[13.191548,11.7909152],[13.1917513,11.7908635],[13.1919047,11.7908495],[13.1920735,11.7908296],[13.1922645,11.7908147],[13.1923428,11.790764],[13.192544,11.7907222],[13.1928012,11.7906545],[13.193163,11.790574],[13.1933754,11.7905391],[13.1936326,11.7904416],[13.1937173,11.7903491],[13.1937681,11.7902888],[13.1938944,11.7902058],[13.1940285,11.7901003],[13.1940901,11.7900158],[13.1941856,11.7899299],[13.1942888,11.7898394],[13.1944953,11.789574],[13.1945985,11.7895378],[13.1947695,11.7894533],[13.1948496,11.7894186],[13.1950159,11.7893357],[13.195133,11.7892392],[13.1953256,11.7891065],[13.1954658,11.7889768],[13.1956168,11.7888908],[13.195834,11.7888637],[13.1959788,11.788835],[13.1962422,11.7887626],[13.1964209,11.7887129],[13.1965241,11.7886782],[13.1965457,11.7886028],[13.1966181,11.7885289],[13.1967244,11.7884686],[13.1966982,11.7885394],[13.1966458,11.7886269],[13.1966997,11.7886526],[13.1968553,11.7885968],[13.196937,11.7885153],[13.1969154,11.7884656],[13.1971141,11.7884098],[13.197259,11.7884113],[13.197413,11.7884339],[13.1974839,11.7884656],[13.1973005,11.7885394],[13.1971742,11.7885606],[13.1970233,11.7885817],[13.1969031,11.7886435],[13.1968261,11.7887295],[13.1969385,11.78874],[13.1969385,11.788835],[13.1967352,11.7888471],[13.1964502,11.7889225],[13.1961867,11.7890431],[13.1959865,11.7892512],[13.1958494,11.7893493],[13.1956799,11.789497],[13.1954966,11.7896479],[13.1952532,11.7898695],[13.1950976,11.7900218],[13.1948434,11.7901636],[13.1944644,11.7903265],[13.194278,11.7903958],[13.1939898,11.7904925],[13.1938142,11.7905537],[13.1935604,11.7906575],[13.1932067,11.7907789],[13.1929231,11.7908585],[13.1926579,11.7909321],[13.1923265,11.7909988],[13.1921405,11.7910356],[13.1920582,11.7910535],[13.1920145,11.7910774],[13.1920237,11.7911241],[13.1920826,11.7911828],[13.1921487,11.7912266],[13.192171,11.7912724],[13.1922198,11.791348],[13.1922747,11.7913898],[13.1923377,11.7914196],[13.192419,11.7914455],[13.1924841,11.7914763],[13.1925694,11.7915221],[13.1926284,11.7916236],[13.1926711,11.7917121],[13.1927199,11.7918037],[13.1927798,11.7918902],[13.1928429,11.7919609],[13.1929079,11.7919997],[13.1929729,11.7920633],[13.1929872,11.7921051],[13.1929597,11.7921837],[13.1928916,11.7921827],[13.1928632,11.7921559],[13.1928439,11.7921091],[13.1928723,11.7920932],[13.1928225,11.7920365],[13.1927737,11.7919629],[13.1927392,11.7919111],[13.1926751,11.7918534],[13.1926233,11.7917917],[13.1925918,11.7917032],[13.1925573,11.7916087],[13.1924841,11.7915331],[13.192416,11.7915002],[13.1923519,11.7914704],[13.1922859,11.7914604],[13.1921995,11.7913759],[13.1921294,11.7913042],[13.192105,11.7912406],[13.1920379,11.7911858],[13.1919789,11.7911341],[13.1919188,11.7910669],[13.1918055,11.7910652],[13.1916179,11.7910687],[13.1912658,11.7910981],[13.1911384,11.7911327],[13.1908712,11.7912211],[13.1906553,11.791351],[13.1904978,11.7914463],[13.1903297,11.7916264],[13.1901722,11.7917945],[13.1900872,11.7919053],[13.1900023,11.7920058],[13.1898923,11.7923004],[13.1899139,11.7924452],[13.1898954,11.7925266],[13.1899201,11.7926593],[13.1899262,11.7928433],[13.189917,11.7931117],[13.1898585,11.7933349],[13.1897753,11.7936456],[13.1897044,11.793917],[13.1895904,11.7941975],[13.1894702,11.7944056],[13.1892669,11.7947072],[13.1891108,11.7950187],[13.188889,11.7953927],[13.1887226,11.7955963],[13.1884854,11.7957365],[13.1881619,11.7959477],[13.1878938,11.7961196],[13.1875534,11.7964363],[13.1872699,11.7967514],[13.1870173,11.7969852],[13.1867771,11.7971199],[13.1863116,11.7974323],[13.1861043,11.797681],[13.1857811,11.797882],[13.1856123,11.7980631],[13.1854619,11.7982362],[13.1852749,11.7983794],[13.1850025,11.798666],[13.1848074,11.7989087],[13.1847789,11.7993146],[13.1848968,11.7994678],[13.1850005,11.7995057],[13.1851021,11.7994718],[13.1851956,11.7993425],[13.1852993,11.7992112],[13.1854436,11.7990321],[13.1855493,11.798863],[13.1856205,11.7987694],[13.1856306,11.798845],[13.1856184,11.7989445],[13.1854233,11.7991157],[13.1853176,11.7992927],[13.1852017,11.7994101],[13.1851407,11.7995096],[13.1850981,11.7995554],[13.1851123,11.7996549],[13.1851184,11.7997703],[13.185031,11.7999693],[13.1849293,11.8001046],[13.1848277,11.8002518],[13.1846956,11.8003692],[13.1846041,11.8003931],[13.1845208,11.8004946],[13.1844699,11.8005861],[13.1843846,11.8007731],[13.1843256,11.8009383],[13.1842423,11.8011671],[13.1841244,11.8013382],[13.1839699,11.8015233],[13.1837544,11.8016884],[13.1835389,11.8018138],[13.1833926,11.8018834],[13.1832096,11.801975],[13.183169,11.8020406],[13.1831141,11.8020466],[13.1829982,11.8021063],[13.1827584,11.802357],[13.1824291,11.8025878],[13.1821689,11.8027908],[13.1820896,11.8028803],[13.1819473,11.802946],[13.1817684,11.803125],[13.1816546,11.8032504],[13.1814493,11.8034195],[13.1812155,11.803706],[13.1811566,11.8038274],[13.180998,11.8039707],[13.1808984,11.8041458],[13.1808578,11.8043388],[13.1808246,11.8044931],[13.1818263,11.8048666],[13.1829373,11.8056818],[13.1840591,11.8065003],[13.1835704,11.8069858],[13.1826262,11.8082179],[13.1821254,11.8091627],[13.1816759,11.81039],[13.180874,11.8145624],[13.1797469,11.8201771],[13.179085,11.8234744],[13.1774593,11.8296718],[13.1772346,11.8312555],[13.1765569,11.8339301],[13.1764978,11.8341633],[13.1759987,11.8363035],[13.1754986,11.8384018],[13.1745013,11.843003],[13.1738595,11.8453292],[13.1734317,11.8482137],[13.1733366,11.8487022],[13.1721958,11.8494698],[13.1726398,11.8498975],[13.1731402,11.8502064],[13.1733552,11.8503965],[13.1734906,11.8504811],[13.1736307,11.850665],[13.173807,11.8508913],[13.1739845,11.8510672],[13.1742238,11.8512238],[13.1742962,11.8512386],[13.1745542,11.8513814],[13.1747761,11.8515825],[13.1749103,11.8517219],[13.1750247,11.8519333],[13.1751357,11.8521916],[13.1751894,11.852259],[13.1752629,11.8523652],[13.1753471,11.8525173],[13.1760005,11.8531978],[13.1761712,11.8533399],[13.1763183,11.8534633],[13.1764491,11.8535421],[13.1765915,11.8536175],[13.1766814,11.8537021],[13.1767153,11.8538049],[13.1768892,11.8539466],[13.1769336,11.8540357],[13.1770375,11.8541591],[13.1771531,11.8542962],[13.1772512,11.8543671],[13.1772932,11.8544619],[13.1773901,11.854623],[13.1774742,11.8547213],[13.1775559,11.854775],[13.177675,11.8548835],[13.177703,11.8549487],[13.1777812,11.8550469],[13.1779078,11.8551238],[13.1780318,11.8551511],[13.1782574,11.8553254],[13.1782844,11.8553291],[13.1783509,11.8553577],[13.1784572,11.8553634],[13.178595,11.8553474],[13.1787853,11.8553783],[13.1790853,11.8555439],[13.1792304,11.8556019],[13.1793686,11.8556754],[13.1794705,11.8557384],[13.1795349,11.8557646],[13.1796247,11.8558119],[13.1796448,11.8557896],[13.1797172,11.8558132],[13.1798487,11.8558342],[13.17996,11.8558578],[13.1801249,11.8558788],[13.1802483,11.8558893],[13.1803449,11.8559812],[13.1804025,11.8560271],[13.180428,11.8560757],[13.1804897,11.85614],[13.1805742,11.856207],[13.1806279,11.8562647],[13.180707,11.8563172],[13.1807861,11.8564196],[13.1808317,11.856455],[13.1808572,11.8564983],[13.1809041,11.8565731],[13.1809832,11.8566742],[13.1810168,11.8567425],[13.1810919,11.8567845],[13.1811428,11.8568711],[13.1812327,11.8569196],[13.1813172,11.8569734],[13.1814137,11.857001],[13.1814982,11.8570351],[13.1815693,11.8571218],[13.1816578,11.8571808],[13.1817998,11.8571825],[13.1818456,11.8571656],[13.1820458,11.8571925],[13.1820875,11.8572541],[13.1821718,11.8573218],[13.1822399,11.8573516],[13.1822673,11.8573268],[13.1822948,11.8573914],[13.1823934,11.8574342],[13.1825011,11.857466],[13.1825824,11.8575138],[13.1826526,11.8575456],[13.1827085,11.8576053],[13.1827918,11.8576351],[13.1828162,11.8576968],[13.1828853,11.8577057],[13.1829138,11.8577425],[13.1830164,11.857849],[13.1831119,11.8579653],[13.1832319,11.8580996],[13.1833518,11.8582349],[13.1834636,11.8583921],[13.1836425,11.8586825],[13.1837319,11.8589063],[13.1837553,11.8591142],[13.1838519,11.8593042],[13.1840155,11.8594514],[13.1840226,11.8595688],[13.1840535,11.8596758],[13.1841185,11.8597542],[13.184161,11.8598304],[13.1842212,11.8599066],[13.1842742,11.8599975],[13.1843344,11.8600711],[13.184422,11.86013],[13.1844786,11.8602235],[13.1845671,11.8602919],[13.1846105,11.860356],[13.1846441,11.8604313],[13.1846795,11.8604971],[13.1847989,11.8605785],[13.1848794,11.8606045],[13.1849228,11.8606495],[13.1850033,11.8607318],[13.1850237,11.8608149],[13.1850511,11.8608902],[13.1850104,11.8609535],[13.1850529,11.8610106],[13.1851785,11.8611414],[13.1852493,11.861221],[13.1853015,11.8612747],[13.1853652,11.8613371],[13.1854032,11.8613734],[13.1854678,11.861402],[13.1855147,11.86146],[13.1854873,11.8615007],[13.1855749,11.8615968],[13.1856085,11.8616453],[13.1856386,11.8616973],[13.1857094,11.8617579],[13.1858058,11.8618142],[13.1859191,11.8618627],[13.1860014,11.8619371],[13.1859996,11.8619934],[13.1860509,11.8620194],[13.1861792,11.8621068],[13.1863287,11.8621943],[13.1865579,11.8622194],[13.1869181,11.8622467],[13.1873171,11.8623598],[13.1876329,11.8624352],[13.1878008,11.8624759],[13.1879641,11.8624955],[13.1881798,11.8625106],[13.1885603,11.8625513],[13.1889146,11.8625859],[13.1895139,11.8624442],[13.1898143,11.8623206],[13.1901363,11.8622392],[13.1904182,11.8621774],[13.1906262,11.8621156],[13.1908295,11.8621005],[13.1910005,11.8620553],[13.191153,11.8619769],[13.191381,11.8619196],[13.1915027,11.8618321],[13.1917631,11.8617764],[13.1918124,11.8618231],[13.1921944,11.8617085],[13.1926473,11.861606],[13.1929385,11.8615442],[13.192994,11.8615783],[13.1931403,11.8615445],[13.1934351,11.861457],[13.1937339,11.8613794],[13.193986,11.8613018],[13.1942868,11.8612561],[13.194549,11.8611964],[13.1949048,11.8612043],[13.1950471,11.8612063],[13.195539,11.8612879],[13.1957158,11.8613356],[13.1959394,11.8613774],[13.1960573,11.8614112],[13.1962199,11.861455],[13.1964313,11.8614828],[13.1967281,11.8615286],[13.1969192,11.8615684],[13.1970737,11.8616022],[13.1973379,11.8616539],[13.197529,11.8617096],[13.1977486,11.8617494],[13.197901,11.8618051],[13.198208,11.8618887],[13.1984844,11.8619603],[13.19868,11.8620085],[13.1988649,11.8620462],[13.1990682,11.862096],[13.1993702,11.8621382],[13.1995088,11.8621578],[13.199666,11.8622301],[13.1999017,11.8622497],[13.2001836,11.8622603],[13.2005394,11.8622543],[13.2008845,11.8622136],[13.2011094,11.8621955],[13.2013652,11.8622271],[13.2016055,11.8622196],[13.2018412,11.8621774],[13.2021339,11.862093],[13.2023588,11.8619769],[13.202519,11.8619],[13.2026946,11.8619],[13.2028718,11.8618774],[13.203089,11.8618638],[13.2032415,11.8618321],[13.2034433,11.8618171],[13.203679,11.8617673],[13.2039717,11.8617522],[13.2044262,11.8617718],[13.2046234,11.8617552],[13.2052042,11.8617779],[13.205369,11.8618201],[13.2054645,11.8618774],[13.2056571,11.8619618],[13.2059975,11.8620884],[13.2061377,11.8621578],[13.2063411,11.8623025],[13.2065721,11.8625362],[13.2066538,11.862601],[13.2067092,11.8629041],[13.2067616,11.8632116],[13.2066908,11.8633352],[13.2067077,11.8634754],[13.2066646,11.8637528],[13.2065845,11.863985],[13.2064551,11.8642639],[13.2063102,11.8645202],[13.2062517,11.864582],[13.2061947,11.8646107],[13.2061023,11.8647042],[13.2059636,11.8648202],[13.2060345,11.8648579],[13.2059837,11.8649152],[13.2059374,11.8649378],[13.2059005,11.8649137],[13.205751,11.8649725],[13.2055277,11.8650675],[13.2051641,11.8652152],[13.2048498,11.8653162],[13.2045199,11.8654724],[13.2042698,11.8655997],[13.2040625,11.8657827],[13.2039527,11.8659797],[13.2039283,11.8661985],[13.2039934,11.8663716],[13.204095,11.8665645],[13.204217,11.8666441],[13.2043471,11.8668411],[13.2044995,11.8670539],[13.2045951,11.8673105],[13.2046622,11.8675035],[13.2046764,11.8677422],[13.2046418,11.8679889],[13.204526,11.8682634],[13.204343,11.8685498],[13.2041052,11.8687508],[13.2038836,11.868894],[13.2034689,11.8690929],[13.203038,11.8693217],[13.2026802,11.8694609],[13.2023408,11.8695445],[13.2021497,11.8695425],[13.2018549,11.8696877],[13.2015948,11.8699006],[13.2014179,11.8700995],[13.201237,11.8703362],[13.2011656,11.8704528],[13.2011026,11.8705741],[13.2010436,11.8707233],[13.2010111,11.8710158],[13.2010131,11.8712366],[13.2010416,11.8713858],[13.2011066,11.8715648],[13.2011859,11.8717876],[13.2012571,11.8719925],[13.2013221,11.8722272],[13.2013994,11.8724938],[13.2014786,11.8728757],[13.2015518,11.8730746],[13.2016108,11.8733611],[13.2017002,11.8736595],[13.2017795,11.8739022],[13.201814,11.8739996],[13.2018384,11.8741747],[13.2019258,11.8743239],[13.2020132,11.8744631],[13.2020702,11.8746382],[13.2021982,11.8748093],[13.2023568,11.8749425],[13.2025113,11.875048],[13.2026495,11.8751176],[13.202865,11.875219],[13.2030479,11.8753682],[13.2031841,11.8754418],[13.2034158,11.8755393],[13.2035398,11.8756268],[13.2035906,11.8757681],[13.203678,11.8759372],[13.2038203,11.8760903],[13.2039301,11.8762276],[13.203985,11.8763788],[13.2040521,11.876514],[13.204174,11.8766075],[13.2043102,11.8767368],[13.2044586,11.8768701],[13.2046111,11.8769954],[13.2046802,11.8771008],[13.2048306,11.877258],[13.2049139,11.8773734],[13.2052412,11.877449],[13.2055177,11.8774987],[13.2057982,11.8775444],[13.2058897,11.8775425],[13.2059791,11.8775743],[13.2061478,11.8776678],[13.2063409,11.8777891],[13.2065015,11.8779025],[13.2066275,11.8780736],[13.2067576,11.8782725],[13.2068247,11.878358],[13.2068532,11.8784376],[13.2068837,11.8786266],[13.2070138,11.8788255],[13.2070869,11.8789568],[13.2071683,11.879281],[13.2072048,11.879472],[13.2071601,11.8796828],[13.2071113,11.8797763],[13.2070626,11.8799852],[13.2069853,11.8802219],[13.2067881,11.8804507],[13.2064771,11.8806735],[13.2063084,11.8807232],[13.206156,11.8808266],[13.2058673,11.8810454],[13.2056396,11.8812523],[13.2055604,11.8814134],[13.2055197,11.881682],[13.2054872,11.8819923],[13.2052067,11.8819704],[13.2052636,11.8816044],[13.20529,11.8811648],[13.2054486,11.8809141],[13.2057697,11.8807033],[13.2060401,11.8805442],[13.2063328,11.8804288],[13.2064853,11.8802856],[13.206595,11.8800727],[13.2067454,11.8798181],[13.2068146,11.8795416],[13.2068837,11.8793307],[13.2067698,11.8790682],[13.206654,11.8787996],[13.2066032,11.8786365],[13.2064812,11.8784535],[13.2062982,11.8783839],[13.2061275,11.8783163],[13.2060198,11.8782745],[13.2059059,11.8782606],[13.2058388,11.878177],[13.2058612,11.8781332],[13.2058185,11.8780895],[13.2057392,11.8780437],[13.2055116,11.8779721],[13.2052554,11.8778687],[13.2051233,11.8778408],[13.2050318,11.8778468],[13.2049099,11.8777255],[13.2048326,11.8776399],[13.2046985,11.8775086],[13.2045684,11.877447],[13.204359,11.8773018],[13.2041964,11.8771267],[13.2041029,11.8770034],[13.2039728,11.8767905],[13.2038325,11.8765797],[13.2036862,11.8763728],[13.2035256,11.876156],[13.2033467,11.8760625],[13.2032085,11.8758994],[13.2030011,11.875776],[13.2027877,11.875601],[13.2026739,11.8754737],[13.2025174,11.8753324],[13.2024157,11.8753225],[13.2021799,11.8751594],[13.20206,11.8750201],[13.2018608,11.8747894],[13.2017144,11.8745288],[13.2016514,11.8743398],[13.2015457,11.8740514],[13.2014746,11.8738405],[13.2014115,11.8736217],[13.2013729,11.8734407],[13.2013384,11.8732358],[13.2012754,11.8730727],[13.2012428,11.8728737],[13.2012103,11.8726171],[13.2011595,11.8724878],[13.2011066,11.8722949],[13.2010761,11.8721178],[13.2008952,11.8718274],[13.2007672,11.8715867],[13.2007448,11.8714395],[13.2007326,11.8712764],[13.2007204,11.8711769],[13.2007117,11.871105],[13.2007456,11.8709668],[13.2007584,11.8707714],[13.2008483,11.8706092],[13.2009992,11.8702387],[13.2011211,11.8700279],[13.2013142,11.8697951],[13.2015277,11.8696062],[13.2017574,11.8694689],[13.2019627,11.8693754],[13.2022574,11.8693416],[13.2024018,11.8693336],[13.2025725,11.8692978],[13.2028164,11.8691864],[13.2031823,11.8689716],[13.2035848,11.8687448],[13.2039731,11.8685777],[13.2041682,11.8684643],[13.2043471,11.8682216],[13.2044365,11.867965],[13.2044568,11.8676049],[13.2043898,11.8673543],[13.2042597,11.8670698],[13.2040767,11.8667953],[13.2038023,11.8664631],[13.2036641,11.8662383],[13.2036641,11.8661269],[13.2036458,11.8659578],[13.2036742,11.8657509],[13.2037901,11.8655639],[13.203969,11.8654525],[13.2042109,11.865365],[13.2045869,11.8652417],[13.2047867,11.86517],[13.205141,11.8650027],[13.2055046,11.8648338],[13.2058358,11.8646574],[13.2060422,11.864481],[13.2062147,11.8643137],[13.2063349,11.8641011],[13.2063827,11.8639443],[13.2064859,11.8636895],[13.2065105,11.8634136],[13.2065259,11.8631242],[13.2064859,11.8629146],[13.2064119,11.8627518],[13.2063056,11.8626447],[13.20615,11.8624774],[13.2059883,11.8623779],[13.2058573,11.8622995],[13.205731,11.8622332],[13.2055107,11.8621774],[13.2052226,11.8621141],[13.204893,11.8620914],[13.2045679,11.8620839],[13.2041889,11.8620779],[13.2039409,11.8621126],[13.2036113,11.8621246],[13.2033925,11.8621533],[13.2030813,11.8621683],[13.2027763,11.8622196],[13.2026007,11.8622648],[13.2024019,11.8622633],[13.2021662,11.8623236],[13.2017842,11.8623628],[13.2014992,11.8623824],[13.2012157,11.8623945],[13.2009877,11.8623749],[13.2007844,11.8623824],[13.200504,11.8624141],[13.2002005,11.8624352],[13.200011,11.8624427],[13.1997738,11.8624457],[13.199669,11.8624035],[13.1992916,11.862292],[13.1989558,11.8622226],[13.1987355,11.8621744],[13.198519,11.8621572],[13.1982242,11.8620717],[13.1979193,11.8619543],[13.1974823,11.8618568],[13.1972241,11.8617952],[13.1968237,11.8616977],[13.1964618,11.8616241],[13.1962525,11.8615903],[13.1959577,11.8615505],[13.1956406,11.8614908],[13.1953194,11.8614411],[13.1950084,11.8614132],[13.1947503,11.8613874],[13.1945246,11.8614271],[13.1943559,11.8614848],[13.1941262,11.8615087],[13.1938945,11.8615167],[13.1937014,11.8615565],[13.1934229,11.8616281],[13.1930448,11.8616997],[13.1928395,11.8617653],[13.1926261,11.8617633],[13.1923659,11.861819],[13.1921219,11.8619205],[13.1919329,11.8619583],[13.1916727,11.8620339],[13.1914349,11.8620995],[13.191193,11.8621712],[13.1909511,11.8622647],[13.1906543,11.8623263],[13.1903575,11.8623542],[13.1900384,11.8624019],[13.1897294,11.8625173],[13.1893961,11.8626267],[13.1891216,11.8626466],[13.1888635,11.8626764],[13.1886358,11.8626406],[13.1883004,11.8626168],[13.1880829,11.8626227],[13.1878065,11.8626028],[13.1874609,11.8625113],[13.1870909,11.8623959],[13.1868633,11.8623661],[13.1866966,11.8623303],[13.1865473,11.8623398],[13.1864836,11.8623536],[13.1863845,11.8623614],[13.1862376,11.8623181],[13.1860934,11.8622082],[13.1859324,11.8620661],[13.1858306,11.8619579],[13.1857819,11.8619501],[13.1857005,11.8619224],[13.1855846,11.8618029],[13.1854855,11.8617137],[13.1853891,11.8616228],[13.1853121,11.8615657],[13.1851431,11.8614565],[13.1850254,11.8613708],[13.1850414,11.8613267],[13.1850989,11.8613457],[13.185182,11.8613821],[13.1853041,11.8614427],[13.185267,11.8613873],[13.1851803,11.861279],[13.1851511,11.8612522],[13.1850998,11.8611985],[13.1850378,11.8611076],[13.1850077,11.8611457],[13.1849936,11.8611024],[13.1849856,11.8610444],[13.1849555,11.8609587],[13.18496,11.8608773],[13.1849608,11.8608071],[13.1848502,11.8607162],[13.1848016,11.8607638],[13.1847724,11.8607127],[13.1846786,11.8606071],[13.1845494,11.8604997],[13.184422,11.8603361],[13.1843468,11.8603404],[13.1843379,11.860259],[13.1842574,11.8601637],[13.1840964,11.8599698],[13.1839444,11.8597418],[13.183798,11.8594027],[13.1836364,11.8591142],[13.1835663,11.8590575],[13.1834941,11.8588337],[13.1834321,11.8586387],[13.1833579,11.8584885],[13.1832583,11.8582856],[13.1831821,11.8581782],[13.1831048,11.8580857],[13.1829697,11.8579375],[13.1828396,11.8578261],[13.1827572,11.8577594],[13.1826393,11.857648],[13.1824411,11.8575317],[13.1822358,11.8574431],[13.182119,11.8573636],[13.1819817,11.857291],[13.1818242,11.8572591],[13.1816413,11.85728],[13.1815945,11.8573148],[13.181563,11.8573327],[13.1814939,11.8573079],[13.1813242,11.857276],[13.1812005,11.8572412],[13.181108,11.8572359],[13.1810463,11.8572688],[13.1809953,11.8571979],[13.1809309,11.8571008],[13.1808988,11.8570128],[13.1808116,11.8567713],[13.1807888,11.8566742],[13.1806989,11.8565128],[13.1806574,11.8564183],[13.1805702,11.8563448],[13.1805005,11.8563198],[13.180487,11.8563408],[13.180475,11.8563894],[13.1804401,11.8563789],[13.1804146,11.8563159],[13.1804253,11.8562529],[13.180251,11.85614],[13.1801075,11.8560613],[13.1799358,11.8560219],[13.1797226,11.8559956],[13.1796086,11.8559733],[13.1795308,11.8559878],[13.1794329,11.8559746],[13.1792961,11.8559261],[13.1792693,11.855867],[13.1791647,11.8557909],[13.1790655,11.8557382],[13.1788997,11.8557965],[13.1787981,11.8558399],[13.1787082,11.8557907],[13.1785143,11.8557343],[13.1787686,11.8563607],[13.1792179,11.8567312],[13.1801471,11.8568957],[13.1794626,11.8581913],[13.1787353,11.8597963],[13.1782932,11.8597684],[13.177024,11.8595172],[13.1756122,11.8589031],[13.175056,11.8588333],[13.1731165,11.8594055],[13.1713767,11.8600894],[13.1684533,11.861164],[13.1668133,11.8617083],[13.1655298,11.8623922],[13.165102,11.862769],[13.1638168,11.8649146],[13.1634607,11.8665764],[13.1634489,11.8679209],[13.1637226,11.8704657],[13.1619034,11.8767887],[13.1578883,11.8856538],[13.1540476,11.8986119],[13.1520941,11.9006101],[13.151519,11.8995977],[13.1509599,11.8992054],[13.1504591,11.8989891],[13.1493058,11.8986257],[13.1489957,11.8993136],[13.1480514,11.9000621],[13.1476601,11.9014347],[13.1376184,11.8962485],[13.1218602,11.8888525],[13.1182237,11.8872477],[13.1130886,11.8845672],[13.1113298,11.8865442],[13.1063385,11.8914982],[13.1024168,11.8966614],[13.0981386,11.9026152],[13.0919808,11.9120038],[13.0912456,11.9142079],[13.0862137,11.9242971],[13.0851963,12.013021],[13.0849675,12.0329777],[13.0770173,12.0388914],[13.0706232,12.0422669],[13.0713252,12.0460297],[13.0717589,12.049157],[13.0703122,12.0623805],[13.0633823,12.0735667],[13.0638195,12.0790391],[13.0641523,12.0815771],[13.0634049,12.0859581],[13.0595518,12.091098],[13.0652262,12.0973447],[13.0730696,12.1008307],[13.0841217,12.1346426],[13.0912577,12.1491221],[13.1031969,12.1660371],[13.109599,12.1766085],[13.1545793,12.1892546],[13.1679569,12.1830732],[13.1993102,12.1544574],[13.2246502,12.127871],[13.2062467,12.1073992],[13.1955824,12.083346],[13.2216396,12.0514937],[13.2202565,12.0164048],[13.2369106,11.9992993],[13.2387874,12.0001643],[13.2404018,11.9999655],[13.2417108,12.0005827],[13.2424952,12.0023264],[13.2434934,12.0038608],[13.2444917,12.0051859],[13.2457752,12.0060228],[13.246947,12.0056291],[13.2472012,12.0067203],[13.2458465,12.0081152],[13.2432203,12.0275928],[13.2448603,12.0313586],[13.2457159,12.0325442],[13.246215,12.0351244],[13.247383,12.0383816],[13.2484383,12.0387814],[13.2489278,12.0388644],[13.2492811,12.0390994],[13.2496457,12.03933],[13.2502827,12.0393579],[13.2507676,12.0398693],[13.2529889,12.0381231],[13.2549436,12.0362965],[13.2571245,12.0350547],[13.2598849,12.0337909],[13.261,12.0312237],[13.2598658,12.0280202],[13.2587159,12.0221711],[13.2558906,12.0105424],[13.256179,12.005237],[13.2700238,12.0054387],[13.2708266,12.0028355],[13.2706942,12.0013814],[13.2715682,11.9998225],[13.2720245,11.9989856],[13.2714541,11.997758],[13.2710548,11.9961957],[13.2717963,11.9940754],[13.2704844,11.993629],[13.2715111,11.987826],[13.2704844,11.9795676],[13.2721386,11.9701929],[13.2724131,11.9594471],[13.2771667,11.9464257],[13.2836183,11.9345982],[13.2844657,11.9332235],[13.2892632,11.9254417],[13.2898724,11.9232893],[13.2919371,11.9159942],[13.2917885,11.9090173],[13.2919841,11.89828],[13.2910402,11.8908955],[13.2907431,11.8799931],[13.2856676,11.8613436],[13.2687577,11.8549887],[13.2497433,11.8522264],[13.2244169,11.8459375],[13.221127,11.853133],[13.2194176,11.8538957],[13.2187692,11.8559322],[13.218311,11.8572073],[13.2168878,11.8567328],[13.2151373,11.8561152],[13.2148911,11.8560104],[13.2156132,11.8544684],[13.2146638,11.8541758],[13.214857,11.8536598],[13.2129942,11.8529778],[13.2130185,11.8519599],[13.2108607,11.8511649],[13.2074611,11.850156],[13.2057156,11.8494511],[13.2048189,11.8490952],[13.2031368,11.8484276],[13.2023435,11.8481892],[13.2017077,11.8477676],[13.2010385,11.8475564],[13.2004632,11.8473671],[13.2002525,11.8472977],[13.1995811,11.8472163],[13.199264,11.8472594],[13.1980778,11.8472221],[13.1974493,11.8471321],[13.1974364,11.8471302],[13.1956217,11.8469587],[13.1955806,11.8469562],[13.1957473,11.8464316],[13.1959119,11.8458642],[13.1969144,11.8461049],[13.1971957,11.845343],[13.1948311,11.8447627],[13.1939968,11.8446441],[13.1941679,11.8437369],[13.194643,11.8438841],[13.1948149,11.8438901],[13.1952125,11.8431856],[13.1955518,11.8425671],[13.1951726,11.8423831],[13.1946101,11.8420937],[13.1949915,11.84142],[13.1952869,11.840699],[13.1945789,11.8404338],[13.1938584,11.8400813],[13.1928312,11.8396955],[13.1905602,11.8389709],[13.1896921,11.8386989],[13.1899833,11.8377563],[13.1901758,11.8372934],[13.1903668,11.8368927],[13.1904928,11.8366217],[13.1898795,11.8364012],[13.190028,11.8360003],[13.1899394,11.8351481],[13.1896438,11.8347828],[13.1892076,11.8341365],[13.1894057,11.8329531],[13.1895992,11.8319384],[13.1901779,11.8309513],[13.1902135,11.8302534],[13.1902373,11.8296137],[13.1903113,11.8293434],[13.1904425,11.8287875],[13.1912098,11.8275337],[13.1927363,11.8281117],[13.1939562,11.8285735],[13.1945702,11.8270236],[13.1952093,11.8252744],[13.1975551,11.8257993],[13.2000788,11.8259058],[13.2022948,11.8294197],[13.2148978,11.8299955],[13.2267932,11.8272769],[13.2331835,11.8218371],[13.2424006,11.814026],[13.2473956,11.8110787],[13.2385585,11.7976626],[13.2333965,11.7901937],[13.2289323,11.7837343],[13.2232749,11.7761629],[13.2203843,11.7722943],[13.2181783,11.7693419],[13.2182245,11.7693088],[13.220314,11.7678112],[13.2221311,11.7673686],[13.2240156,11.7671783],[13.2271565,11.7680539],[13.2281464,11.7677874],[13.2288317,11.7670831],[13.2293975,11.7648645],[13.2297585,11.7620097],[13.2297242,11.7613693],[13.2296883,11.7608394],[13.229536,11.7603445],[13.229555,11.7598686],[13.2301653,11.758879],[13.2302594,11.7587264],[13.2307829,11.7580913],[13.2312481,11.7575269],[13.2323152,11.7564802],[13.2329434,11.7557569],[13.2339713,11.7555855],[13.2356644,11.7559998],[13.2357607,11.7560234],[13.2359329,11.7560828],[13.2363127,11.7562137],[13.2365256,11.7562659],[13.2372455,11.7564421],[13.2377785,11.756347],[13.2388635,11.7554333],[13.2407671,11.7553],[13.2416749,11.7546718],[13.2424112,11.7540708],[13.243013,11.7535326],[13.2436414,11.7530919],[13.2443648,11.7525398],[13.2453164,11.7522704],[13.2464397,11.7523304],[13.2473344,11.7519878],[13.2480387,11.7514548],[13.2488382,11.7497606],[13.2490539,11.7486618],[13.2491999,11.7480236],[13.2492397,11.747911],[13.2495282,11.7470956],[13.2498093,11.7466214],[13.2499851,11.7463247],[13.2504763,11.7460374],[13.2515011,11.7455751],[13.2531117,11.7450112],[13.2538113,11.7445829],[13.2540542,11.7443747],[13.2542404,11.7437055],[13.2545058,11.742634],[13.2552137,11.7419245],[13.2568584,11.7401884],[13.2587315,11.7402646],[13.2686141,11.7328818],[13.2773457,11.7245331],[13.2779712,11.7241315],[13.2842925,11.7248786],[13.2846782,11.7238744],[13.2842148,11.723852],[13.2843221,11.7221712],[13.282863,11.7188936],[13.2808031,11.7205534],[13.2797302,11.7229276],[13.278829,11.7222762],[13.2799662,11.7201542],[13.2820739,11.7184778],[13.2834613,11.7172303],[13.2839285,11.7158025],[13.2845152,11.7132207],[13.2831499,11.7122261],[13.2802053,11.7127667],[13.2745992,11.7135985],[13.2728579,11.7166065],[13.2693087,11.7132846],[13.2699953,11.7112676],[13.2656998,11.7091101],[13.2617516,11.7074292],[13.2583183,11.7096143],[13.2543701,11.7133123],[13.2408089,11.7208761],[13.2365173,11.7205399],[13.2332558,11.7163378],[13.2298225,11.7131442],[13.2297345,11.7127131],[13.2235101,11.7191152],[13.2221498,11.7200009],[13.2136089,11.7232952],[13.2093583,11.7257712],[13.2093262,11.7258402],[13.2020836,11.7315873],[13.1995828,11.7374037],[13.1951567,11.742794],[13.1931165,11.7470144],[13.1890035,11.748108],[13.1706231,11.7452938],[13.1662623,11.7424372],[13.1594731,11.7479908],[13.1682269,11.7604071],[13.1785127,11.7692376],[13.1729235,11.7733193],[13.1589851,11.7658852],[13.1589168,11.7659126],[13.1508962,11.7603815],[13.1429105,11.7584861],[13.1225712,11.7253819],[13.120077,11.7261494],[13.1043477,11.7348184],[13.0922566,11.7402286],[13.0874336,11.7317244],[13.0852945,11.7277449],[13.0830128,11.7229974],[13.0800833,11.7153165],[13.0800367,11.7151944],[13.065907,11.7234918],[13.0512319,11.7315914],[13.0267839,11.7401078],[13.0216305,11.7409775],[13.0173323,11.742647],[13.0239245,11.7541935],[13.0278041,11.7570245],[13.0329217,11.7590709],[13.0381669,11.7625186],[13.0432088,11.7670952],[13.0494459,11.7703672],[13.0462116,11.7807501],[13.0438761,11.7887266],[13.0415702,11.7961143],[13.0392692,11.8037307],[13.0463542,11.8065756],[13.0554098,11.8102049],[13.0695506,11.8159343],[13.0704803,11.8163008],[13.0713091,11.8166554],[13.0713708,11.817439],[13.0709938,11.8179918],[13.070794,11.8186274],[13.0705443,11.8189337],[13.0704304,11.8192057],[13.0702192,11.8199597],[13.0702684,11.8203335],[13.0703112,11.8209313],[13.0704761,11.8219096],[13.0706253,11.8220714],[13.0705909,11.8223618],[13.0707487,11.8231688],[13.0709958,11.8249401],[13.0713921,11.8263568],[13.0716403,11.8282645],[13.0716803,11.8293403],[13.071893,11.8307027],[13.0720798,11.8314845],[13.072346,11.8329202],[13.0725551,11.8347846],[13.0727313,11.8354554],[13.0728783,11.8368169],[13.0730531,11.8381541],[13.0732744,11.8396541],[13.0733835,11.8407058],[13.0744905,11.8403064],[13.0751833,11.8421305],[13.0778205,11.842128],[13.0809598,11.8420162],[13.0808661,11.8400496],[13.0800929,11.8375474],[13.0809004,11.8372258],[13.0827991,11.8366261],[13.0855733,11.8360854],[13.0878638,11.8356725],[13.0903482,11.8352461],[13.0905957,11.8352137],[13.091013,11.8351482],[13.0920133,11.8349882],[13.0918038,11.8338665],[13.0916954,11.8331724],[13.0917415,11.8323013],[13.0918369,11.8318467],[13.0929016,11.8292105]],[[13.2187141,11.8066497],[13.2185662,11.80652],[13.2170818,11.8055759],[13.2168833,11.8056494],[13.2168405,11.805629],[13.2168245,11.8055982],[13.2168213,11.8055515],[13.2168434,11.805514],[13.2168324,11.805442],[13.2167832,11.8053928],[13.2167854,11.8053199],[13.2168294,11.8052587],[13.2169113,11.8052151],[13.2170219,11.8051884],[13.2171046,11.8051952],[13.2171354,11.8052346],[13.2171569,11.8052976],[13.2171515,11.8055076],[13.2172721,11.8056002],[13.2178483,11.80595],[13.2182088,11.8061973],[13.2188435,11.8066014],[13.2195275,11.8070206],[13.2198171,11.8072468],[13.220575,11.8077203],[13.2205504,11.8077716],[13.2204826,11.8077505],[13.2203748,11.8077475],[13.2197863,11.8073765],[13.2190376,11.8068397],[13.218788,11.8066768],[13.2187141,11.8066497]],[[13.1923178,11.8246308],[13.1923269,11.8246681],[13.1923152,11.824701],[13.1922827,11.8247338],[13.1922405,11.8247437],[13.1918213,11.8246462],[13.1917938,11.8246209],[13.1917826,11.824593],[13.1917801,11.8245527],[13.1918025,11.8245219],[13.1918314,11.8245035],[13.191868,11.824499],[13.192237,11.8245841],[13.1922847,11.824596],[13.1923178,11.8246308]],[[13.1917034,11.8247274],[13.191685,11.8247429],[13.1916624,11.8247514],[13.1916415,11.8247523],[13.1916212,11.8247472],[13.1916034,11.8247364],[13.1915895,11.824721],[13.191581,11.8247023],[13.1915784,11.8246819],[13.1915832,11.8246586],[13.1915957,11.8246384],[13.1916146,11.8246234],[13.1916375,11.8246156],[13.1916617,11.8246159],[13.1916844,11.8246242],[13.1917029,11.8246395],[13.191715,11.82466],[13.1917193,11.8246834],[13.1917153,11.8247067],[13.1917034,11.8247274]],[[13.1914461,11.8248342],[13.1914332,11.8248441],[13.1914177,11.8248491],[13.1914014,11.8248486],[13.1913876,11.8248435],[13.1913761,11.8248345],[13.191368,11.8248225],[13.1913641,11.8248086],[13.1913648,11.8247942],[13.19137,11.8247807],[13.1913792,11.8247694],[13.1913915,11.8247615],[13.1914057,11.8247577],[13.1914204,11.8247584],[13.1914356,11.8247643],[13.1914478,11.8247749],[13.1914556,11.824789],[13.191458,11.8248049],[13.1914547,11.8248205],[13.1914461,11.8248342]],[[13.191562,11.8248256],[13.1915587,11.8248413],[13.1915501,11.8248549],[13.1915373,11.8248648],[13.1915218,11.8248699],[13.1915054,11.8248694],[13.1914916,11.8248643],[13.1914801,11.8248553],[13.1914721,11.8248432],[13.1914682,11.8248293],[13.1914689,11.8248149],[13.1914741,11.8248014],[13.1914833,11.8247902],[13.1914956,11.8247823],[13.1915098,11.8247784],[13.1915245,11.8247791],[13.1915397,11.824785],[13.1915519,11.8247957],[13.1915597,11.8248098],[13.191562,11.8248256]]]]}},{"type":"Feature","properties":{"kind":"water","id":"water:jere","localUnitId":"jere","name":"Mapped water in Jere"},"geometry":{"type":"MultiPolygon","coordinates":[[[[13.1796038,11.8083844],[13.1795215,11.808218],[13.1794747,11.8083811],[13.1794097,11.8085085],[13.1792186,11.8086557],[13.17906,11.8087373],[13.1787368,11.8089541],[13.1783892,11.8092068],[13.1781717,11.809374],[13.1780172,11.8095053],[13.1778648,11.809559],[13.1776717,11.8096386],[13.177568,11.8097361],[13.1772672,11.8098953],[13.1769379,11.8100823],[13.1767976,11.81015],[13.1767021,11.8102892],[13.1766472,11.8103629],[13.1765476,11.8104126],[13.1765449,11.8104312],[13.1766911,11.810379],[13.1777179,11.8097927],[13.1787589,11.8090389],[13.1794869,11.8085164],[13.1796038,11.8083844]]],[[[13.1722691,11.8095244],[13.1719682,11.8094389],[13.1718117,11.8093832],[13.1715637,11.8094349],[13.1714702,11.8093334],[13.1712771,11.8093036],[13.1711084,11.8093692],[13.1712161,11.8094946],[13.1711599,11.8095224],[13.1714003,11.8095415],[13.1722409,11.8096915],[13.1725679,11.8096319],[13.172387,11.8095244],[13.1722691,11.8095244]]],[[[13.1705575,11.8093752],[13.1703298,11.8093354],[13.1700798,11.809423],[13.1698074,11.809606],[13.1696123,11.8097513],[13.1694375,11.8098448],[13.169407,11.8099204],[13.1692484,11.8100995],[13.1691341,11.8102075],[13.1691906,11.8102495],[13.1699634,11.8096189],[13.1708136,11.8095074],[13.1707547,11.8094429],[13.1705575,11.8093752]]],[[[13.1730273,11.8100597],[13.1727894,11.8098806],[13.1722409,11.8096915],[13.173459,11.8105644],[13.1733993,11.8104596],[13.1733803,11.8104076],[13.1732404,11.8101884],[13.1730273,11.8100597]]],[[[13.1735976,11.8106637],[13.1736678,11.810714],[13.1738222,11.81077],[13.173771,11.8107137],[13.1736984,11.8106894],[13.1735976,11.8106637]]],[[[13.1763911,11.8104663],[13.1762122,11.8104902],[13.176139,11.8105021],[13.1759642,11.8105499],[13.1756979,11.8105857],[13.1754763,11.8106374],[13.1753459,11.8107016],[13.1752681,11.810757],[13.1751778,11.8107856],[13.1750451,11.8108176],[13.1749115,11.8108367],[13.1749177,11.8108852],[13.1748664,11.810938],[13.1748239,11.8109856],[13.1746345,11.8109917],[13.1744629,11.810983],[13.1743461,11.8109458],[13.1742806,11.8109362],[13.1744379,11.8109932],[13.1749941,11.8110211],[13.1757927,11.8107],[13.176406,11.8104809],[13.1763911,11.8104663]]],[[[13.1751357,11.8521916],[13.1750247,11.8519333],[13.1749103,11.8517219],[13.1747761,11.8515825],[13.1745542,11.8513814],[13.1742962,11.8512386],[13.1742238,11.8512238],[13.1739845,11.8510672],[13.173807,11.8508913],[13.1736307,11.850665],[13.1734906,11.8504811],[13.1733552,11.8503965],[13.1731402,11.8502064],[13.1726398,11.8498975],[13.1751905,11.8523542],[13.1753471,11.8525173],[13.1752629,11.8523652],[13.1751894,11.852259],[13.1751357,11.8521916]]],[[[13.1769488,11.8541957],[13.1770352,11.8542917],[13.1771858,11.8545019],[13.1772512,11.8546264],[13.1773084,11.8547098],[13.1774064,11.8547967],[13.1774858,11.8549007],[13.1775372,11.8549932],[13.1775728,11.8550499],[13.1779078,11.8551238],[13.1777812,11.8550469],[13.177703,11.8549487],[13.177675,11.8548835],[13.1775559,11.854775],[13.1774742,11.8547213],[13.1773901,11.854623],[13.1772932,11.8544619],[13.1772512,11.8543671],[13.1771531,11.8542962],[13.1770375,11.8541591],[13.1769336,11.8540357],[13.1768892,11.8539466],[13.1767153,11.8538049],[13.1766814,11.8537021],[13.1765915,11.8536175],[13.1764491,11.8535421],[13.1763183,11.8534633],[13.1761712,11.8533399],[13.1760005,11.8531978],[13.1765582,11.8537787],[13.1767185,11.8540315],[13.1767445,11.8540403],[13.1768542,11.854086],[13.1769488,11.8541957]]],[[[13.2853092,11.7201542],[13.2849658,11.7184104],[13.2866181,11.713851],[13.2883591,11.7116314],[13.2906736,11.7076318],[13.2923076,11.7042582],[13.2781394,11.6945486],[13.2694429,11.6999206],[13.2612729,11.7066501],[13.2554139,11.7088606],[13.2489197,11.7095124],[13.2442465,11.7077113],[13.2321356,11.7114118],[13.2302914,11.7121403],[13.2297345,11.7127131],[13.2298225,11.7131442],[13.2332558,11.7163378],[13.2365173,11.7205399],[13.2408089,11.7208761],[13.2543701,11.7133123],[13.2583183,11.7096143],[13.2617516,11.7074292],[13.2656998,11.7091101],[13.2699953,11.7112676],[13.2693087,11.7132846],[13.2728579,11.7166065],[13.2745992,11.7135985],[13.2802053,11.7127667],[13.2831499,11.7122261],[13.2845152,11.7132207],[13.2839285,11.7158025],[13.2834613,11.7172303],[13.2820739,11.7184778],[13.2799662,11.7201542],[13.278829,11.7222762],[13.2797302,11.7229276],[13.2808031,11.7205534],[13.282863,11.7188936],[13.2843221,11.7221712],[13.2842148,11.723852],[13.2846782,11.7238744],[13.2850406,11.7229309],[13.2856224,11.7222239],[13.2859873,11.7211349],[13.2860054,11.7211256],[13.2853092,11.7201542]]],[[[13.1808984,11.8041458],[13.180998,11.8039707],[13.1811566,11.8038274],[13.1812155,11.803706],[13.1814493,11.8034195],[13.1816546,11.8032504],[13.1817684,11.803125],[13.1819473,11.802946],[13.1820896,11.8028803],[13.1821689,11.8027908],[13.1824291,11.8025878],[13.1827584,11.802357],[13.1829982,11.8021063],[13.1831141,11.8020466],[13.183169,11.8020406],[13.1832096,11.801975],[13.1833926,11.8018834],[13.1835389,11.8018138],[13.1837544,11.8016884],[13.1839699,11.8015233],[13.1841244,11.8013382],[13.1842423,11.8011671],[13.1843256,11.8009383],[13.1843846,11.8007731],[13.1844699,11.8005861],[13.1845208,11.8004946],[13.1846041,11.8003931],[13.1846956,11.8003692],[13.1848277,11.8002518],[13.1849293,11.8001046],[13.185031,11.7999693],[13.1851184,11.7997703],[13.1851123,11.7996549],[13.1850981,11.7995554],[13.1851407,11.7995096],[13.1852017,11.7994101],[13.1853176,11.7992927],[13.1854233,11.7991157],[13.1856184,11.7989445],[13.1856306,11.798845],[13.1856205,11.7987694],[13.1855493,11.798863],[13.1854436,11.7990321],[13.1852993,11.7992112],[13.1851956,11.7993425],[13.1851021,11.7994718],[13.1850005,11.7995057],[13.1848968,11.7994678],[13.1847789,11.7993146],[13.1848074,11.7989087],[13.1850025,11.798666],[13.1852749,11.7983794],[13.1854619,11.7982362],[13.1856123,11.7980631],[13.1857811,11.797882],[13.1861043,11.797681],[13.1863116,11.7974323],[13.1867771,11.7971199],[13.1870173,11.7969852],[13.1872699,11.7967514],[13.1875534,11.7964363],[13.1878938,11.7961196],[13.1881619,11.7959477],[13.1884854,11.7957365],[13.1887226,11.7955963],[13.188889,11.7953927],[13.1891108,11.7950187],[13.1892669,11.7947072],[13.1894702,11.7944056],[13.1895904,11.7941975],[13.1897044,11.793917],[13.1897753,11.7936456],[13.1898585,11.7933349],[13.189917,11.7931117],[13.1899262,11.7928433],[13.1899201,11.7926593],[13.1898954,11.7925266],[13.1899139,11.7924452],[13.1898923,11.7923004],[13.1900023,11.7920058],[13.1900872,11.7919053],[13.1901722,11.7917945],[13.1903297,11.7916264],[13.1904978,11.7914463],[13.1906553,11.791351],[13.1908712,11.7912211],[13.1911384,11.7911327],[13.1912658,11.7910981],[13.1916179,11.7910687],[13.1918055,11.7910652],[13.1919188,11.7910669],[13.1919789,11.7911341],[13.1920379,11.7911858],[13.192105,11.7912406],[13.1921294,11.7913042],[13.1921995,11.7913759],[13.1922859,11.7914604],[13.1923519,11.7914704],[13.192416,11.7915002],[13.1924841,11.7915331],[13.1925573,11.7916087],[13.1925918,11.7917032],[13.1926233,11.7917917],[13.1926751,11.7918534],[13.1927392,11.7919111],[13.1927737,11.7919629],[13.1928225,11.7920365],[13.1928723,11.7920932],[13.1928439,11.7921091],[13.1928632,11.7921559],[13.1928916,11.7921827],[13.1929597,11.7921837],[13.1929872,11.7921051],[13.1929729,11.7920633],[13.1929079,11.7919997],[13.1928429,11.7919609],[13.1927798,11.7918902],[13.1927199,11.7918037],[13.1926711,11.7917121],[13.1926284,11.7916236],[13.1925694,11.7915221],[13.1924841,11.7914763],[13.192419,11.7914455],[13.1923377,11.7914196],[13.1922747,11.7913898],[13.1922198,11.791348],[13.192171,11.7912724],[13.1921487,11.7912266],[13.1920826,11.7911828],[13.1920237,11.7911241],[13.1920145,11.7910774],[13.1920582,11.7910535],[13.1921405,11.7910356],[13.1923265,11.7909988],[13.1926579,11.7909321],[13.1929231,11.7908585],[13.1932067,11.7907789],[13.1935604,11.7906575],[13.1938142,11.7905537],[13.1939898,11.7904925],[13.194278,11.7903958],[13.1944644,11.7903265],[13.1948434,11.7901636],[13.1950976,11.7900218],[13.1952532,11.7898695],[13.1954966,11.7896479],[13.1956799,11.789497],[13.1958494,11.7893493],[13.1959865,11.7892512],[13.1961867,11.7890431],[13.1964502,11.7889225],[13.1967352,11.7888471],[13.1969385,11.788835],[13.1969385,11.78874],[13.1968261,11.7887295],[13.1969031,11.7886435],[13.1970233,11.7885817],[13.1971742,11.7885606],[13.1973005,11.7885394],[13.1974839,11.7884656],[13.197413,11.7884339],[13.197259,11.7884113],[13.1971141,11.7884098],[13.1969154,11.7884656],[13.196937,11.7885153],[13.1968553,11.7885968],[13.1966997,11.7886526],[13.1966458,11.7886269],[13.1966982,11.7885394],[13.1967244,11.7884686],[13.1966181,11.7885289],[13.1965457,11.7886028],[13.1965241,11.7886782],[13.1964209,11.7887129],[13.1962422,11.7887626],[13.1959788,11.788835],[13.195834,11.7888637],[13.1956168,11.7888908],[13.1954658,11.7889768],[13.1953256,11.7891065],[13.195133,11.7892392],[13.1950159,11.7893357],[13.1948496,11.7894186],[13.1947695,11.7894533],[13.1945985,11.7895378],[13.1944953,11.789574],[13.1942888,11.7898394],[13.1941856,11.7899299],[13.1940901,11.7900158],[13.1940285,11.7901003],[13.1938944,11.7902058],[13.1937681,11.7902888],[13.1937173,11.7903491],[13.1936326,11.7904416],[13.1933754,11.7905391],[13.193163,11.790574],[13.1928012,11.7906545],[13.192544,11.7907222],[13.1923428,11.790764],[13.1922645,11.7908147],[13.1920735,11.7908296],[13.1919047,11.7908495],[13.1917513,11.7908635],[13.191548,11.7909152],[13.1913437,11.7909461],[13.1912126,11.7909321],[13.1909433,11.7909679],[13.1908233,11.7910266],[13.190619,11.791145],[13.1904808,11.7912624],[13.1903212,11.7913719],[13.1901962,11.7914893],[13.1900976,11.7915898],[13.1899299,11.7918435],[13.1898425,11.7919748],[13.1897511,11.7919828],[13.189683,11.7920783],[13.1896758,11.7921987],[13.1896423,11.7924593],[13.1896352,11.7927558],[13.1896525,11.7928682],[13.1897165,11.792922],[13.1897002,11.7930871],[13.1896626,11.793299],[13.189559,11.7936035],[13.189438,11.7939865],[13.1893252,11.7942263],[13.18919,11.7944183],[13.1889939,11.794675],[13.1888577,11.7948352],[13.1885985,11.7950829],[13.1884074,11.7954212],[13.1881991,11.7956321],[13.188009,11.7958082],[13.1878667,11.7958967],[13.187576,11.7961116],[13.1872305,11.7963693],[13.1869865,11.796622],[13.1867792,11.7967971],[13.1866592,11.7968931],[13.186275,11.7971756],[13.1860758,11.7972472],[13.1858014,11.7973666],[13.1855778,11.7975437],[13.1854375,11.7976731],[13.1853887,11.7977805],[13.1853582,11.7980611],[13.1852586,11.7981805],[13.1851184,11.7983177],[13.1848968,11.7985406],[13.184659,11.7987774],[13.1845533,11.7989664],[13.1845431,11.7991356],[13.1845472,11.7993803],[13.184474,11.7995534],[13.1845106,11.7995852],[13.1845919,11.7995594],[13.1846732,11.7995813],[13.1847708,11.799627],[13.1848277,11.7996808],[13.1848074,11.7998101],[13.1846793,11.7999792],[13.1845594,11.8000688],[13.1843947,11.8002299],[13.1843053,11.8003931],[13.1841833,11.8005742],[13.1841223,11.8007592],[13.1840919,11.8008925],[13.1839922,11.8010835],[13.1838073,11.8012527],[13.1836142,11.8014258],[13.1833032,11.8016069],[13.1831344,11.8017302],[13.1829413,11.8018576],[13.1826852,11.8020048],[13.1824941,11.8021023],[13.1821628,11.802347],[13.1819331,11.8025898],[13.1816383,11.8027808],[13.1813843,11.8030136],[13.1812094,11.8032424],[13.1810143,11.8033837],[13.1809411,11.8035051],[13.1807846,11.8037399],[13.180683,11.8038971],[13.1806362,11.8040562],[13.1806342,11.8041995],[13.1805895,11.8042672],[13.1805378,11.804525],[13.1804647,11.804718],[13.1804403,11.8048434],[13.180485,11.8049488],[13.1805277,11.8050682],[13.1805358,11.8051836],[13.1805297,11.8052692],[13.1805216,11.8053667],[13.1804789,11.8054104],[13.1804098,11.8056253],[13.1804281,11.8057726],[13.1804342,11.805886],[13.1803651,11.8059696],[13.1803447,11.806079],[13.1803183,11.8062839],[13.1803305,11.8063814],[13.1802675,11.8064471],[13.1802858,11.8065227],[13.1802817,11.8066879],[13.1801862,11.8069445],[13.1801171,11.8071037],[13.1801435,11.807235],[13.1800662,11.8073703],[13.1799626,11.8075156],[13.1798711,11.8077046],[13.1798935,11.8077782],[13.1799097,11.8079255],[13.1797837,11.8080647],[13.1796902,11.8081881],[13.1796387,11.808345],[13.1800731,11.8078544],[13.1807554,11.8044673],[13.1808246,11.8044931],[13.1808578,11.8043388],[13.1808984,11.8041458]],[[13.1950452,11.789482],[13.1951192,11.7894533],[13.1952455,11.7893538],[13.195398,11.789197],[13.1956183,11.7890552],[13.1958848,11.7889526],[13.1960974,11.788933],[13.195951,11.7890296],[13.1958448,11.7891291],[13.1957169,11.7892377],[13.1955644,11.7893704],[13.1954704,11.7894609],[13.1953749,11.7895212],[13.1952902,11.7896102],[13.1951731,11.7897564],[13.1950175,11.7898816],[13.1946231,11.7900837],[13.1944121,11.7901938],[13.1941933,11.7902993],[13.19403,11.7903487],[13.1938605,11.7904223],[13.1939253,11.7903446],[13.1940516,11.790248],[13.1941425,11.7901289],[13.1943073,11.7900128],[13.1943951,11.7898771],[13.194506,11.7897036],[13.1945553,11.7896509],[13.1946971,11.7896222],[13.194865,11.7895785],[13.1950452,11.789482]]],[[[13.2195275,11.8070206],[13.2188435,11.8066014],[13.2182088,11.8061973],[13.2178483,11.80595],[13.2172721,11.8056002],[13.2171515,11.8055076],[13.2171569,11.8052976],[13.2171354,11.8052346],[13.2171046,11.8051952],[13.2170219,11.8051884],[13.2169113,11.8052151],[13.2168294,11.8052587],[13.2167854,11.8053199],[13.2167832,11.8053928],[13.2168324,11.805442],[13.2168434,11.805514],[13.2168213,11.8055515],[13.2168245,11.8055982],[13.2168405,11.805629],[13.2168833,11.8056494],[13.2170818,11.8055759],[13.2185662,11.80652],[13.2187141,11.8066497],[13.218788,11.8066768],[13.2190376,11.8068397],[13.2197863,11.8073765],[13.2203748,11.8077475],[13.2204826,11.8077505],[13.2205504,11.8077716],[13.220575,11.8077203],[13.2198171,11.8072468],[13.2195275,11.8070206]]],[[[13.1918213,11.8246462],[13.1922405,11.8247437],[13.1922827,11.8247338],[13.1923152,11.824701],[13.1923269,11.8246681],[13.1923178,11.8246308],[13.1922847,11.824596],[13.192237,11.8245841],[13.191868,11.824499],[13.1918314,11.8245035],[13.1918025,11.8245219],[13.1917801,11.8245527],[13.1917826,11.824593],[13.1917938,11.8246209],[13.1918213,11.8246462]]],[[[13.1915957,11.8246384],[13.1915832,11.8246586],[13.1915784,11.8246819],[13.191581,11.8247023],[13.1915895,11.824721],[13.1916034,11.8247364],[13.1916212,11.8247472],[13.1916415,11.8247523],[13.1916624,11.8247514],[13.191685,11.8247429],[13.1917034,11.8247274],[13.1917153,11.8247067],[13.1917193,11.8246834],[13.191715,11.82466],[13.1917029,11.8246395],[13.1916844,11.8246242],[13.1916617,11.8246159],[13.1916375,11.8246156],[13.1916146,11.8246234],[13.1915957,11.8246384]]],[[[13.1913792,11.8247694],[13.19137,11.8247807],[13.1913648,11.8247942],[13.1913641,11.8248086],[13.191368,11.8248225],[13.1913761,11.8248345],[13.1913876,11.8248435],[13.1914014,11.8248486],[13.1914177,11.8248491],[13.1914332,11.8248441],[13.1914461,11.8248342],[13.1914547,11.8248205],[13.191458,11.8248049],[13.1914556,11.824789],[13.1914478,11.8247749],[13.1914356,11.8247643],[13.1914204,11.8247584],[13.1914057,11.8247577],[13.1913915,11.8247615],[13.1913792,11.8247694]]],[[[13.1914689,11.8248149],[13.1914682,11.8248293],[13.1914721,11.8248432],[13.1914801,11.8248553],[13.1914916,11.8248643],[13.1915054,11.8248694],[13.1915218,11.8248699],[13.1915373,11.8248648],[13.1915501,11.8248549],[13.1915587,11.8248413],[13.191562,11.8248256],[13.1915597,11.8248098],[13.1915519,11.8247957],[13.1915397,11.824785],[13.1915245,11.8247791],[13.1915098,11.8247784],[13.1914956,11.8247823],[13.1914833,11.8247902],[13.1914741,11.8248014],[13.1914689,11.8248149]]],[[[13.1788997,11.8557965],[13.1790655,11.8557382],[13.1791647,11.8557909],[13.1792693,11.855867],[13.1792961,11.8559261],[13.1794329,11.8559746],[13.1795308,11.8559878],[13.1796086,11.8559733],[13.1797226,11.8559956],[13.1799358,11.8560219],[13.1801075,11.8560613],[13.180251,11.85614],[13.1804253,11.8562529],[13.1804146,11.8563159],[13.1804401,11.8563789],[13.180475,11.8563894],[13.180487,11.8563408],[13.1805005,11.8563198],[13.1805702,11.8563448],[13.1806574,11.8564183],[13.1806989,11.8565128],[13.1807888,11.8566742],[13.1808116,11.8567713],[13.1808988,11.8570128],[13.1809309,11.8571008],[13.1809953,11.8571979],[13.1810463,11.8572688],[13.181108,11.8572359],[13.1812005,11.8572412],[13.1813242,11.857276],[13.1814939,11.8573079],[13.181563,11.8573327],[13.1815945,11.8573148],[13.1816413,11.85728],[13.1818242,11.8572591],[13.1819817,11.857291],[13.182119,11.8573636],[13.1822358,11.8574431],[13.1824411,11.8575317],[13.1826393,11.857648],[13.1827572,11.8577594],[13.1828396,11.8578261],[13.1829697,11.8579375],[13.1831048,11.8580857],[13.1831821,11.8581782],[13.1832583,11.8582856],[13.1833579,11.8584885],[13.1834321,11.8586387],[13.1834941,11.8588337],[13.1835663,11.8590575],[13.1836364,11.8591142],[13.183798,11.8594027],[13.1839444,11.8597418],[13.1840964,11.8599698],[13.1842574,11.8601637],[13.1843379,11.860259],[13.1843468,11.8603404],[13.184422,11.8603361],[13.1845494,11.8604997],[13.1846786,11.8606071],[13.1847724,11.8607127],[13.1848016,11.8607638],[13.1848502,11.8607162],[13.1849608,11.8608071],[13.18496,11.8608773],[13.1849555,11.8609587],[13.1849856,11.8610444],[13.1849936,11.8611024],[13.1850077,11.8611457],[13.1850378,11.8611076],[13.1850998,11.8611985],[13.1851511,11.8612522],[13.1851803,11.861279],[13.185267,11.8613873],[13.1853041,11.8614427],[13.185182,11.8613821],[13.1850989,11.8613457],[13.1850414,11.8613267],[13.1850254,11.8613708],[13.1851431,11.8614565],[13.1853121,11.8615657],[13.1853891,11.8616228],[13.1854855,11.8617137],[13.1855846,11.8618029],[13.1857005,11.8619224],[13.1857819,11.8619501],[13.1858306,11.8619579],[13.1859324,11.8620661],[13.1860934,11.8622082],[13.1862376,11.8623181],[13.1863845,11.8623614],[13.1864836,11.8623536],[13.1865473,11.8623398],[13.1866966,11.8623303],[13.1868633,11.8623661],[13.1870909,11.8623959],[13.1874609,11.8625113],[13.1878065,11.8626028],[13.1880829,11.8626227],[13.1883004,11.8626168],[13.1886358,11.8626406],[13.1888635,11.8626764],[13.1891216,11.8626466],[13.1893961,11.8626267],[13.1897294,11.8625173],[13.1900384,11.8624019],[13.1903575,11.8623542],[13.1906543,11.8623263],[13.1909511,11.8622647],[13.191193,11.8621712],[13.1914349,11.8620995],[13.1916727,11.8620339],[13.1919329,11.8619583],[13.1921219,11.8619205],[13.1923659,11.861819],[13.1926261,11.8617633],[13.1928395,11.8617653],[13.1930448,11.8616997],[13.1934229,11.8616281],[13.1937014,11.8615565],[13.1938945,11.8615167],[13.1941262,11.8615087],[13.1943559,11.8614848],[13.1945246,11.8614271],[13.1947503,11.8613874],[13.1950084,11.8614132],[13.1953194,11.8614411],[13.1956406,11.8614908],[13.1959577,11.8615505],[13.1962525,11.8615903],[13.1964618,11.8616241],[13.1968237,11.8616977],[13.1972241,11.8617952],[13.1974823,11.8618568],[13.1979193,11.8619543],[13.1982242,11.8620717],[13.198519,11.8621572],[13.1987355,11.8621744],[13.1989558,11.8622226],[13.1992916,11.862292],[13.199669,11.8624035],[13.1997738,11.8624457],[13.200011,11.8624427],[13.2002005,11.8624352],[13.200504,11.8624141],[13.2007844,11.8623824],[13.2009877,11.8623749],[13.2012157,11.8623945],[13.2014992,11.8623824],[13.2017842,11.8623628],[13.2021662,11.8623236],[13.2024019,11.8622633],[13.2026007,11.8622648],[13.2027763,11.8622196],[13.2030813,11.8621683],[13.2033925,11.8621533],[13.2036113,11.8621246],[13.2039409,11.8621126],[13.2041889,11.8620779],[13.2045679,11.8620839],[13.204893,11.8620914],[13.2052226,11.8621141],[13.2055107,11.8621774],[13.205731,11.8622332],[13.2058573,11.8622995],[13.2059883,11.8623779],[13.20615,11.8624774],[13.2063056,11.8626447],[13.2064119,11.8627518],[13.2064859,11.8629146],[13.2065259,11.8631242],[13.2065105,11.8634136],[13.2064859,11.8636895],[13.2063827,11.8639443],[13.2063349,11.8641011],[13.2062147,11.8643137],[13.2060422,11.864481],[13.2058358,11.8646574],[13.2055046,11.8648338],[13.205141,11.8650027],[13.2047867,11.86517],[13.2045869,11.8652417],[13.2042109,11.865365],[13.203969,11.8654525],[13.2037901,11.8655639],[13.2036742,11.8657509],[13.2036458,11.8659578],[13.2036641,11.8661269],[13.2036641,11.8662383],[13.2038023,11.8664631],[13.2040767,11.8667953],[13.2042597,11.8670698],[13.2043898,11.8673543],[13.2044568,11.8676049],[13.2044365,11.867965],[13.2043471,11.8682216],[13.2041682,11.8684643],[13.2039731,11.8685777],[13.2035848,11.8687448],[13.2031823,11.8689716],[13.2028164,11.8691864],[13.2025725,11.8692978],[13.2024018,11.8693336],[13.2022574,11.8693416],[13.2019627,11.8693754],[13.2017574,11.8694689],[13.2015277,11.8696062],[13.2013142,11.8697951],[13.2011211,11.8700279],[13.2009992,11.8702387],[13.2008483,11.8706092],[13.2007584,11.8707714],[13.2007456,11.8709668],[13.2007117,11.871105],[13.2007204,11.8711769],[13.2007326,11.8712764],[13.2007448,11.8714395],[13.2007672,11.8715867],[13.2008952,11.8718274],[13.2010761,11.8721178],[13.2011066,11.8722949],[13.2011595,11.8724878],[13.2012103,11.8726171],[13.2012428,11.8728737],[13.2012754,11.8730727],[13.2013384,11.8732358],[13.2013729,11.8734407],[13.2014115,11.8736217],[13.2014746,11.8738405],[13.2015457,11.8740514],[13.2016514,11.8743398],[13.2017144,11.8745288],[13.2018608,11.8747894],[13.20206,11.8750201],[13.2021799,11.8751594],[13.2024157,11.8753225],[13.2025174,11.8753324],[13.2026739,11.8754737],[13.2027877,11.875601],[13.2030011,11.875776],[13.2032085,11.8758994],[13.2033467,11.8760625],[13.2035256,11.876156],[13.2036862,11.8763728],[13.2038325,11.8765797],[13.2039728,11.8767905],[13.2041029,11.8770034],[13.2041964,11.8771267],[13.204359,11.8773018],[13.2045684,11.877447],[13.2046985,11.8775086],[13.2048326,11.8776399],[13.2049099,11.8777255],[13.2050318,11.8778468],[13.2051233,11.8778408],[13.2052554,11.8778687],[13.2055116,11.8779721],[13.2057392,11.8780437],[13.2058185,11.8780895],[13.2058612,11.8781332],[13.2058388,11.878177],[13.2059059,11.8782606],[13.2060198,11.8782745],[13.2061275,11.8783163],[13.2062982,11.8783839],[13.2064812,11.8784535],[13.2066032,11.8786365],[13.206654,11.8787996],[13.2067698,11.8790682],[13.2068837,11.8793307],[13.2068146,11.8795416],[13.2067454,11.8798181],[13.206595,11.8800727],[13.2064853,11.8802856],[13.2063328,11.8804288],[13.2060401,11.8805442],[13.2057697,11.8807033],[13.2054486,11.8809141],[13.20529,11.8811648],[13.2052636,11.8816044],[13.2052067,11.8819704],[13.2054872,11.8819923],[13.2055197,11.881682],[13.2055604,11.8814134],[13.2056396,11.8812523],[13.2058673,11.8810454],[13.206156,11.8808266],[13.2063084,11.8807232],[13.2064771,11.8806735],[13.2067881,11.8804507],[13.2069853,11.8802219],[13.2070626,11.8799852],[13.2071113,11.8797763],[13.2071601,11.8796828],[13.2072048,11.879472],[13.2071683,11.879281],[13.2070869,11.8789568],[13.2070138,11.8788255],[13.2068837,11.8786266],[13.2068532,11.8784376],[13.2068247,11.878358],[13.2067576,11.8782725],[13.2066275,11.8780736],[13.2065015,11.8779025],[13.2063409,11.8777891],[13.2061478,11.8776678],[13.2059791,11.8775743],[13.2058897,11.8775425],[13.2057982,11.8775444],[13.2055177,11.8774987],[13.2052412,11.877449],[13.2049139,11.8773734],[13.2048306,11.877258],[13.2046802,11.8771008],[13.2046111,11.8769954],[13.2044586,11.8768701],[13.2043102,11.8767368],[13.204174,11.8766075],[13.2040521,11.876514],[13.203985,11.8763788],[13.2039301,11.8762276],[13.2038203,11.8760903],[13.203678,11.8759372],[13.2035906,11.8757681],[13.2035398,11.8756268],[13.2034158,11.8755393],[13.2031841,11.8754418],[13.2030479,11.8753682],[13.202865,11.875219],[13.2026495,11.8751176],[13.2025113,11.875048],[13.2023568,11.8749425],[13.2021982,11.8748093],[13.2020702,11.8746382],[13.2020132,11.8744631],[13.2019258,11.8743239],[13.2018384,11.8741747],[13.201814,11.8739996],[13.2017795,11.8739022],[13.2017002,11.8736595],[13.2016108,11.8733611],[13.2015518,11.8730746],[13.2014786,11.8728757],[13.2013994,11.8724938],[13.2013221,11.8722272],[13.2012571,11.8719925],[13.2011859,11.8717876],[13.2011066,11.8715648],[13.2010416,11.8713858],[13.2010131,11.8712366],[13.2010111,11.8710158],[13.2010436,11.8707233],[13.2011026,11.8705741],[13.2011656,11.8704528],[13.201237,11.8703362],[13.2014179,11.8700995],[13.2015948,11.8699006],[13.2018549,11.8696877],[13.2021497,11.8695425],[13.2023408,11.8695445],[13.2026802,11.8694609],[13.203038,11.8693217],[13.2034689,11.8690929],[13.2038836,11.868894],[13.2041052,11.8687508],[13.204343,11.8685498],[13.204526,11.8682634],[13.2046418,11.8679889],[13.2046764,11.8677422],[13.2046622,11.8675035],[13.2045951,11.8673105],[13.2044995,11.8670539],[13.2043471,11.8668411],[13.204217,11.8666441],[13.204095,11.8665645],[13.2039934,11.8663716],[13.2039283,11.8661985],[13.2039527,11.8659797],[13.2040625,11.8657827],[13.2042698,11.8655997],[13.2045199,11.8654724],[13.2048498,11.8653162],[13.2051641,11.8652152],[13.2055277,11.8650675],[13.205751,11.8649725],[13.2059005,11.8649137],[13.2059374,11.8649378],[13.2059837,11.8649152],[13.2060345,11.8648579],[13.2059636,11.8648202],[13.2061023,11.8647042],[13.2061947,11.8646107],[13.2062517,11.864582],[13.2063102,11.8645202],[13.2064551,11.8642639],[13.2065845,11.863985],[13.2066646,11.8637528],[13.2067077,11.8634754],[13.2066908,11.8633352],[13.2067616,11.8632116],[13.2067092,11.8629041],[13.2066538,11.862601],[13.2065721,11.8625362],[13.2063411,11.8623025],[13.2061377,11.8621578],[13.2059975,11.8620884],[13.2056571,11.8619618],[13.2054645,11.8618774],[13.205369,11.8618201],[13.2052042,11.8617779],[13.2046234,11.8617552],[13.2044262,11.8617718],[13.2039717,11.8617522],[13.203679,11.8617673],[13.2034433,11.8618171],[13.2032415,11.8618321],[13.203089,11.8618638],[13.2028718,11.8618774],[13.2026946,11.8619],[13.202519,11.8619],[13.2023588,11.8619769],[13.2021339,11.862093],[13.2018412,11.8621774],[13.2016055,11.8622196],[13.2013652,11.8622271],[13.2011094,11.8621955],[13.2008845,11.8622136],[13.2005394,11.8622543],[13.2001836,11.8622603],[13.1999017,11.8622497],[13.199666,11.8622301],[13.1995088,11.8621578],[13.1993702,11.8621382],[13.1990682,11.862096],[13.1988649,11.8620462],[13.19868,11.8620085],[13.1984844,11.8619603],[13.198208,11.8618887],[13.197901,11.8618051],[13.1977486,11.8617494],[13.197529,11.8617096],[13.1973379,11.8616539],[13.1970737,11.8616022],[13.1969192,11.8615684],[13.1967281,11.8615286],[13.1964313,11.8614828],[13.1962199,11.861455],[13.1960573,11.8614112],[13.1959394,11.8613774],[13.1957158,11.8613356],[13.195539,11.8612879],[13.1950471,11.8612063],[13.1949048,11.8612043],[13.194549,11.8611964],[13.1942868,11.8612561],[13.193986,11.8613018],[13.1937339,11.8613794],[13.1934351,11.861457],[13.1931403,11.8615445],[13.192994,11.8615783],[13.1929385,11.8615442],[13.1926473,11.861606],[13.1921944,11.8617085],[13.1918124,11.8618231],[13.1917631,11.8617764],[13.1915027,11.8618321],[13.191381,11.8619196],[13.191153,11.8619769],[13.1910005,11.8620553],[13.1908295,11.8621005],[13.1906262,11.8621156],[13.1904182,11.8621774],[13.1901363,11.8622392],[13.1898143,11.8623206],[13.1895139,11.8624442],[13.1889146,11.8625859],[13.1885603,11.8625513],[13.1881798,11.8625106],[13.1879641,11.8624955],[13.1878008,11.8624759],[13.1876329,11.8624352],[13.1873171,11.8623598],[13.1869181,11.8622467],[13.1865579,11.8622194],[13.1863287,11.8621943],[13.1861792,11.8621068],[13.1860509,11.8620194],[13.1859996,11.8619934],[13.1860014,11.8619371],[13.1859191,11.8618627],[13.1858058,11.8618142],[13.1857094,11.8617579],[13.1856386,11.8616973],[13.1856085,11.8616453],[13.1855749,11.8615968],[13.1854873,11.8615007],[13.1855147,11.86146],[13.1854678,11.861402],[13.1854032,11.8613734],[13.1853652,11.8613371],[13.1853015,11.8612747],[13.1852493,11.861221],[13.1851785,11.8611414],[13.1850529,11.8610106],[13.1850104,11.8609535],[13.1850511,11.8608902],[13.1850237,11.8608149],[13.1850033,11.8607318],[13.1849228,11.8606495],[13.1848794,11.8606045],[13.1847989,11.8605785],[13.1846795,11.8604971],[13.1846441,11.8604313],[13.1846105,11.860356],[13.1845671,11.8602919],[13.1844786,11.8602235],[13.184422,11.86013],[13.1843344,11.8600711],[13.1842742,11.8599975],[13.1842212,11.8599066],[13.184161,11.8598304],[13.1841185,11.8597542],[13.1840535,11.8596758],[13.1840226,11.8595688],[13.1840155,11.8594514],[13.1838519,11.8593042],[13.1837553,11.8591142],[13.1837319,11.8589063],[13.1836425,11.8586825],[13.1834636,11.8583921],[13.1833518,11.8582349],[13.1832319,11.8580996],[13.1831119,11.8579653],[13.1830164,11.857849],[13.1829138,11.8577425],[13.1828853,11.8577057],[13.1828162,11.8576968],[13.1827918,11.8576351],[13.1827085,11.8576053],[13.1826526,11.8575456],[13.1825824,11.8575138],[13.1825011,11.857466],[13.1823934,11.8574342],[13.1822948,11.8573914],[13.1822673,11.8573268],[13.1822399,11.8573516],[13.1821718,11.8573218],[13.1820875,11.8572541],[13.1820458,11.8571925],[13.1818456,11.8571656],[13.1817998,11.8571825],[13.1816578,11.8571808],[13.1815693,11.8571218],[13.1814982,11.8570351],[13.1814137,11.857001],[13.1813172,11.8569734],[13.1812327,11.8569196],[13.1811428,11.8568711],[13.1810919,11.8567845],[13.1810168,11.8567425],[13.1809832,11.8566742],[13.1809041,11.8565731],[13.1808572,11.8564983],[13.1808317,11.856455],[13.1807861,11.8564196],[13.180707,11.8563172],[13.1806279,11.8562647],[13.1805742,11.856207],[13.1804897,11.85614],[13.180428,11.8560757],[13.1804025,11.8560271],[13.1803449,11.8559812],[13.1802483,11.8558893],[13.1801249,11.8558788],[13.17996,11.8558578],[13.1798487,11.8558342],[13.1797172,11.8558132],[13.1796448,11.8557896],[13.1796247,11.8558119],[13.1795349,11.8557646],[13.1794705,11.8557384],[13.1793686,11.8556754],[13.1792304,11.8556019],[13.1790853,11.8555439],[13.1787853,11.8553783],[13.178595,11.8553474],[13.1784572,11.8553634],[13.1783509,11.8553577],[13.1782844,11.8553291],[13.1782574,11.8553254],[13.17839,11.8554279],[13.1785143,11.8557343],[13.1787082,11.8557907],[13.1787981,11.8558399],[13.1788997,11.8557965]],[[13.1786444,11.8556321],[13.1786913,11.8555323],[13.1787731,11.8555323],[13.1788509,11.8556045],[13.1789032,11.8556557],[13.1790091,11.8556911],[13.1789367,11.8557331],[13.178863,11.8557699],[13.1787168,11.8557056],[13.1786444,11.8556321]],[[13.1810852,11.8570627],[13.1810905,11.8569669],[13.1811294,11.8569629],[13.1811817,11.8570168],[13.1814111,11.8570456],[13.1814567,11.8570784],[13.1815465,11.8571913],[13.18158,11.8572202],[13.1815417,11.8572323],[13.1813943,11.8572293],[13.181234,11.8571939],[13.1812045,11.8571323],[13.1811254,11.8570889],[13.1810852,11.8570627]]]]}},{"type":"Feature","properties":{"kind":"road","id":"road-23577401-0","name":"Unnamed mapped secondary","osmWay":23577401,"major":false,"bridge":false},"geometry":{"type":"LineString","coordinates":[[13.1629101,11.8499908],[13.1648022,11.8547551],[13.1652109,11.8554658]]}},{"type":"Feature","properties":{"kind":"road","id":"road-169788459-0","name":"Unnamed mapped tertiary","osmWay":169788459,"major":false,"bridge":false},"geometry":{"type":"LineString","coordinates":[[13.1025054,11.8491622],[13.1007846,11.8477286],[13.0999812,11.8468649],[13.0977134,11.8430999],[13.0970804,11.8412374],[13.0966501,11.8381743]]}},{"type":"Feature","properties":{"kind":"road","id":"road-169788459-1","name":"Unnamed mapped tertiary","osmWay":169788459,"major":false,"bridge":false},"geometry":{"type":"LineString","coordinates":[[13.1055277,11.852502],[13.1046071,11.8515239]]}},{"type":"Feature","properties":{"kind":"road","id":"road-169788459-2","name":"Unnamed mapped tertiary","osmWay":169788459,"major":false,"bridge":false},"geometry":{"type":"LineString","coordinates":[[13.1117179,11.85877],[13.109308,11.8557684],[13.1074337,11.8542387]]}},{"type":"Feature","properties":{"kind":"road","id":"road-169788460-0","name":"Damboa Road","osmWay":169788460,"major":true,"bridge":false},"geometry":{"type":"LineString","coordinates":[[13.1476401,11.8296668],[13.144744,11.8242794],[13.1387513,11.8119984],[13.1358646,11.806546],[13.1341451,11.8034907],[13.1306724,11.7992255],[13.1291597,11.7969097],[13.1255856,11.7890093],[13.1248426,11.7881882],[13.1240287,11.7878059],[13.1232563,11.7876941],[13.1218661,11.7877529]]}},{"type":"Feature","properties":{"kind":"road","id":"road-169788461-0","name":"Kashim Ibrahim Road","osmWay":169788461,"major":true,"bridge":true},"geometry":{"type":"LineString","coordinates":[[13.1724369,11.8493551],[13.1717329,11.8499427]]}},{"type":"Feature","properties":{"kind":"road","id":"road-169788462-0","name":"Unnamed mapped secondary","osmWay":169788462,"major":false,"bridge":true},"geometry":{"type":"LineString","coordinates":[[13.1623607,11.8346841],[13.1630695,11.8347558]]}},{"type":"Feature","properties":{"kind":"road","id":"road-169788466-0","name":"Unnamed mapped secondary","osmWay":169788466,"major":false,"bridge":false},"geometry":{"type":"LineString","coordinates":[[13.1610314,11.83454],[13.1556135,11.8329512],[13.1544561,11.833082]]}},{"type":"Feature","properties":{"kind":"road","id":"road-170173257-0","name":"Kashim Ibrahim Road","osmWay":170173257,"major":true,"bridge":false},"geometry":{"type":"LineString","coordinates":[[13.1717329,11.8499427],[13.1639399,11.8566149],[13.1631634,11.8568525],[13.1580336,11.8577804],[13.1558087,11.8584301],[13.1548613,11.8584124],[13.153958,11.8581289],[13.1500668,11.8556371],[13.1464143,11.8540346],[13.1435017,11.8525488]]}},{"type":"Feature","properties":{"kind":"road","id":"road-170173258-0","name":"Unnamed mapped tertiary","osmWay":170173258,"major":false,"bridge":false},"geometry":{"type":"LineString","coordinates":[[13.1148796,11.8427245],[13.1172118,11.8443114],[13.1174632,11.844631],[13.1191094,11.8514942],[13.1206758,11.8547118],[13.1230482,11.8565559],[13.1271064,11.8585417]]}},{"type":"Feature","properties":{"kind":"road","id":"road-170173260-0","name":"Unnamed mapped tertiary","osmWay":170173260,"major":false,"bridge":false},"geometry":{"type":"LineString","coordinates":[[13.1229517,11.8660162],[13.1237449,11.8674565]]}},{"type":"Feature","properties":{"kind":"road","id":"road-170173261-0","name":"Unnamed mapped tertiary","osmWay":170173261,"major":false,"bridge":false},"geometry":{"type":"LineString","coordinates":[[13.1180265,11.8732496],[13.1049103,11.8681787]]}},{"type":"Feature","properties":{"kind":"road","id":"road-170173261-1","name":"Unnamed mapped tertiary","osmWay":170173261,"major":false,"bridge":false},"geometry":{"type":"LineString","coordinates":[[13.1081326,11.8621705],[13.1115622,11.8592583]]}},{"type":"Feature","properties":{"kind":"road","id":"road-170173262-0","name":"Unnamed mapped tertiary","osmWay":170173262,"major":false,"bridge":false},"geometry":{"type":"LineString","coordinates":[[13.1212029,11.8666094],[13.1207509,11.8663167],[13.1204049,11.8654689],[13.1197076,11.8626589],[13.1198752,11.8618583],[13.1204787,11.8611391],[13.1219311,11.8606653],[13.1228337,11.8606744],[13.1234935,11.8612716]]}},{"type":"Feature","properties":{"kind":"road","id":"road-170173264-0","name":"Unnamed mapped tertiary","osmWay":170173264,"major":false,"bridge":false},"geometry":{"type":"LineString","coordinates":[[13.1221296,11.8606377],[13.122265,11.8592123],[13.1225168,11.8584891]]}},{"type":"Feature","properties":{"kind":"road","id":"road-170173265-0","name":"Unnamed mapped tertiary","osmWay":170173265,"major":false,"bridge":false},"geometry":{"type":"LineString","coordinates":[[13.1390168,11.8593029],[13.1322419,11.8558524],[13.1294547,11.8545254],[13.128893,11.8544157]]}},{"type":"Feature","properties":{"kind":"road","id":"road-185011740-0","name":"Kashim Ibrahim Road","osmWay":185011740,"major":true,"bridge":false},"geometry":{"type":"LineString","coordinates":[[13.143571,11.8524139],[13.1460723,11.8537865],[13.1499525,11.8554836],[13.1539835,11.8580285],[13.1548794,11.8583264],[13.1557766,11.8583435],[13.1583019,11.8576452],[13.1638299,11.8565651],[13.1649148,11.8557467],[13.1716753,11.8498763]]}},{"type":"Feature","properties":{"kind":"road","id":"road-185011749-0","name":"Kashim Ibrahim Road","osmWay":185011749,"major":true,"bridge":true},"geometry":{"type":"LineString","coordinates":[[13.1716753,11.8498763],[13.1723704,11.8492786]]}},{"type":"Feature","properties":{"kind":"road","id":"road-185011753-0","name":"Kashim Ibrahim Road","osmWay":185011753,"major":true,"bridge":false},"geometry":{"type":"LineString","coordinates":[[13.1723704,11.8492786],[13.1730319,11.8485817],[13.1740372,11.8448949]]}},{"type":"Feature","properties":{"kind":"road","id":"road-185014407-0","name":"Unnamed mapped primary","osmWay":185014407,"major":true,"bridge":false},"geometry":{"type":"LineString","coordinates":[[13.1490204,11.8373175],[13.1414262,11.8366284],[13.1411032,11.836688]]}},{"type":"Feature","properties":{"kind":"road","id":"road-185014408-0","name":"Unnamed mapped primary","osmWay":185014408,"major":true,"bridge":false},"geometry":{"type":"LineString","coordinates":[[13.1491661,11.8373393],[13.1489303,11.8434255]]}},{"type":"Feature","properties":{"kind":"road","id":"road-185014409-0","name":"Unnamed mapped secondary","osmWay":185014409,"major":false,"bridge":false},"geometry":{"type":"LineString","coordinates":[[13.1566649,11.8468679],[13.1566263,11.8466917],[13.1568329,11.8466637],[13.1568536,11.8468318],[13.1566649,11.8468679]]}},{"type":"Feature","properties":{"kind":"road","id":"road-185014410-0","name":"Unnamed mapped primary","osmWay":185014410,"major":true,"bridge":false},"geometry":{"type":"LineString","coordinates":[[13.1409713,11.8363725],[13.1419431,11.836663],[13.1490074,11.8371711]]}},{"type":"Feature","properties":{"kind":"road","id":"road-185014412-0","name":"Unnamed mapped secondary","osmWay":185014412,"major":false,"bridge":false},"geometry":{"type":"LineString","coordinates":[[13.1489491,11.8434772],[13.1524608,11.845017],[13.1566527,11.8466609]]}},{"type":"Feature","properties":{"kind":"road","id":"road-185014413-0","name":"Unnamed mapped secondary","osmWay":185014413,"major":false,"bridge":false},"geometry":{"type":"LineString","coordinates":[[13.1462975,11.8424428],[13.1487049,11.8434055]]}},{"type":"Feature","properties":{"kind":"road","id":"road-185014415-0","name":"Unnamed mapped secondary","osmWay":185014415,"major":false,"bridge":false},"geometry":{"type":"LineString","coordinates":[[13.1486834,11.8435562],[13.1462624,11.8425554]]}},{"type":"Feature","properties":{"kind":"road","id":"road-185014416-0","name":"Unnamed mapped secondary","osmWay":185014416,"major":false,"bridge":false},"geometry":{"type":"LineString","coordinates":[[13.1566072,11.8467688],[13.1488868,11.8436119]]}},{"type":"Feature","properties":{"kind":"road","id":"road-185014417-0","name":"Kano-Maiduguri Highway","osmWay":185014417,"major":true,"bridge":false},"geometry":{"type":"LineString","coordinates":[[13.0733766,11.8406393],[13.0751836,11.8399005],[13.0803562,11.8373626],[13.0820775,11.8367746],[13.0841419,11.8363153]]}},{"type":"Feature","properties":{"kind":"road","id":"road-185014418-0","name":"Kano-Maiduguri Highway","osmWay":185014418,"major":true,"bridge":false},"geometry":{"type":"LineString","coordinates":[[13.1402298,11.8367175],[13.1395425,11.8363664],[13.1386238,11.8361249],[13.1241909,11.8330704],[13.1107369,11.8345327],[13.1088654,11.8345484],[13.1052947,11.8343345],[13.0965667,11.8346668]]}},{"type":"Feature","properties":{"kind":"road","id":"road-185014419-0","name":"Unnamed mapped primary","osmWay":185014419,"major":true,"bridge":false},"geometry":{"type":"LineString","coordinates":[[13.1487219,11.8436037],[13.1487049,11.8434055],[13.1489012,11.8433921],[13.1489248,11.843576],[13.1487219,11.8436037]]}},{"type":"Feature","properties":{"kind":"road","id":"road-185015600-0","name":"A3","osmWay":185015600,"major":true,"bridge":false},"geometry":{"type":"LineString","coordinates":[[13.14109,11.8367598],[13.1413068,11.8372035],[13.1445026,11.8391582],[13.1456619,11.8401322],[13.1460603,11.8406231],[13.1462809,11.8411934],[13.1462344,11.8423336]]}},{"type":"Feature","properties":{"kind":"road","id":"road-185015601-0","name":"Unnamed mapped primary","osmWay":185015601,"major":true,"bridge":false},"geometry":{"type":"LineString","coordinates":[[13.1493007,11.828378],[13.1453698,11.8317844]]}},{"type":"Feature","properties":{"kind":"road","id":"road-185015606-0","name":"A3","osmWay":185015606,"major":true,"bridge":false},"geometry":{"type":"LineString","coordinates":[[13.1460603,11.8423305],[13.1462319,11.8418424],[13.1462098,11.8412026],[13.1460133,11.8406946],[13.1455586,11.8401216],[13.1443188,11.8391208],[13.1407083,11.8370108]]}},{"type":"Feature","properties":{"kind":"road","id":"road-185015608-0","name":"Unnamed mapped primary","osmWay":185015608,"major":true,"bridge":false},"geometry":{"type":"LineString","coordinates":[[13.1404051,11.8362148],[13.1408554,11.8354476],[13.1449957,11.8319816]]}},{"type":"Feature","properties":{"kind":"road","id":"road-185016989-0","name":"Unnamed mapped secondary","osmWay":185016989,"major":false,"bridge":false},"geometry":{"type":"LineString","coordinates":[[13.1638648,11.834863],[13.1760662,11.8361983]]}},{"type":"Feature","properties":{"kind":"road","id":"road-185016990-0","name":"Unnamed mapped tertiary","osmWay":185016990,"major":false,"bridge":false},"geometry":{"type":"LineString","coordinates":[[13.1765444,11.8474754],[13.1781592,11.8477992],[13.1792078,11.8478345],[13.1801223,11.8481284]]}},{"type":"Feature","properties":{"kind":"road","id":"road-185016995-0","name":"Unnamed mapped tertiary","osmWay":185016995,"major":false,"bridge":false},"geometry":{"type":"LineString","coordinates":[[13.1729253,11.8152539],[13.1751904,11.8184516],[13.1752966,11.8193949]]}},{"type":"Feature","properties":{"kind":"road","id":"road-185016997-0","name":"A4-7","osmWay":185016997,"major":true,"bridge":false},"geometry":{"type":"LineString","coordinates":[[13.2024671,11.7921703],[13.1855725,11.8050305],[13.1834596,11.8071453],[13.1823231,11.8088603],[13.1818101,11.8102197],[13.179783,11.8206214],[13.1738259,11.8462264],[13.1736522,11.8477286],[13.1738637,11.848199],[13.1741868,11.8484005]]}},{"type":"Feature","properties":{"kind":"road","id":"road-185318243-0","name":"Unnamed mapped tertiary","osmWay":185318243,"major":false,"bridge":false},"geometry":{"type":"LineString","coordinates":[[13.154431,11.828499],[13.1528771,11.8279092],[13.1517103,11.8276887],[13.1507608,11.8277964],[13.1494862,11.8282909]]}},{"type":"Feature","properties":{"kind":"road","id":"road-185319233-0","name":"Unnamed mapped primary","osmWay":185319233,"major":true,"bridge":false},"geometry":{"type":"LineString","coordinates":[[13.1493007,11.828378],[13.1492478,11.8282166],[13.1494216,11.828161],[13.1494725,11.8283292],[13.1493007,11.828378]]}},{"type":"Feature","properties":{"kind":"road","id":"road-185319234-0","name":"Unnamed mapped secondary","osmWay":185319234,"major":false,"bridge":false},"geometry":{"type":"LineString","coordinates":[[13.1539661,11.833398],[13.1541499,11.8339798]]}},{"type":"Feature","properties":{"kind":"road","id":"road-185319235-0","name":"Unnamed mapped secondary","osmWay":185319235,"major":false,"bridge":false},"geometry":{"type":"LineString","coordinates":[[13.170204,11.8201637],[13.1664449,11.8202542],[13.1645655,11.8204264],[13.1630077,11.8207257],[13.1604242,11.8215201],[13.1592014,11.8219923],[13.1584558,11.8224816],[13.1557946,11.8248312],[13.1555586,11.8251849]]}},{"type":"Feature","properties":{"kind":"road","id":"road-185319238-0","name":"Unnamed mapped secondary","osmWay":185319238,"major":false,"bridge":false},"geometry":{"type":"LineString","coordinates":[[13.1538301,11.8334348],[13.1537658,11.8332495],[13.1539319,11.8332107],[13.1539884,11.8333606],[13.1538301,11.8334348]]}},{"type":"Feature","properties":{"kind":"road","id":"road-185319244-0","name":"Unnamed mapped secondary","osmWay":185319244,"major":false,"bridge":false},"geometry":{"type":"LineString","coordinates":[[13.1537984,11.8334192],[13.1534485,11.8336507]]}},{"type":"Feature","properties":{"kind":"road","id":"road-185319246-0","name":"Unnamed mapped secondary","osmWay":185319246,"major":false,"bridge":false},"geometry":{"type":"LineString","coordinates":[[13.1539661,11.8332382],[13.1544561,11.833082]]}},{"type":"Feature","properties":{"kind":"road","id":"road-185319248-0","name":"Unnamed mapped secondary","osmWay":185319248,"major":false,"bridge":false},"geometry":{"type":"LineString","coordinates":[[13.1537658,11.8332495],[13.1537512,11.8329384]]}},{"type":"Feature","properties":{"kind":"road","id":"road-185326177-0","name":"Unnamed mapped tertiary","osmWay":185326177,"major":false,"bridge":false},"geometry":{"type":"LineString","coordinates":[[13.1555693,11.8370117],[13.1558796,11.8369413],[13.1572924,11.8375695],[13.1616627,11.8391068],[13.1620505,11.839392],[13.1640434,11.8420381],[13.1649017,11.8434399],[13.1664654,11.8451148],[13.1675586,11.8469062],[13.1710081,11.8504455]]}},{"type":"Feature","properties":{"kind":"road","id":"road-185326178-0","name":"Unnamed mapped secondary","osmWay":185326178,"major":false,"bridge":false},"geometry":{"type":"LineString","coordinates":[[13.1553681,11.8371175],[13.15533,11.8369109],[13.1555141,11.8368914],[13.1555401,11.8370829],[13.1553681,11.8371175]]}},{"type":"Feature","properties":{"kind":"road","id":"road-185326179-0","name":"Unnamed mapped secondary","osmWay":185326179,"major":false,"bridge":false},"geometry":{"type":"LineString","coordinates":[[13.1492168,11.8371869],[13.1494683,11.8371738]]}},{"type":"Feature","properties":{"kind":"road","id":"road-185326180-0","name":"Unnamed mapped secondary","osmWay":185326180,"major":false,"bridge":false},"geometry":{"type":"LineString","coordinates":[[13.1552822,11.8365264],[13.1541499,11.8339798]]}},{"type":"Feature","properties":{"kind":"road","id":"road-185326181-0","name":"Unnamed mapped secondary","osmWay":185326181,"major":false,"bridge":false},"geometry":{"type":"LineString","coordinates":[[13.1501988,11.8365014],[13.150905,11.8370319],[13.1517854,11.8372333],[13.1528845,11.8373436],[13.1553681,11.8371175]]}},{"type":"Feature","properties":{"kind":"road","id":"road-185326182-0","name":"Unnamed mapped secondary","osmWay":185326182,"major":false,"bridge":true},"geometry":{"type":"LineString","coordinates":[[13.1712565,11.820149],[13.170204,11.8201637]]}},{"type":"Feature","properties":{"kind":"road","id":"road-185326183-0","name":"Unnamed mapped secondary","osmWay":185326183,"major":false,"bridge":false},"geometry":{"type":"LineString","coordinates":[[13.1494683,11.8371738],[13.1534485,11.8336507]]}},{"type":"Feature","properties":{"kind":"road","id":"road-185326184-0","name":"Unnamed mapped primary_link","osmWay":185326184,"major":false,"bridge":false},"geometry":{"type":"LineString","coordinates":[[13.149302,11.8286248],[13.1491343,11.8285506]]}},{"type":"Feature","properties":{"kind":"road","id":"road-185326185-0","name":"Unnamed mapped secondary","osmWay":185326185,"major":false,"bridge":false},"geometry":{"type":"LineString","coordinates":[[13.1552822,11.8365264],[13.1554723,11.836871]]}},{"type":"Feature","properties":{"kind":"road","id":"road-185326186-0","name":"Unnamed mapped secondary","osmWay":185326186,"major":false,"bridge":false},"geometry":{"type":"LineString","coordinates":[[13.1753031,11.8194805],[13.1741785,11.8195647],[13.1724686,11.8200163],[13.1712565,11.820149]]}},{"type":"Feature","properties":{"kind":"road","id":"road-185326187-0","name":"Unnamed mapped primary","osmWay":185326187,"major":true,"bridge":false},"geometry":{"type":"LineString","coordinates":[[13.1487744,11.8433637],[13.1489336,11.8426884],[13.1490519,11.8373407]]}},{"type":"Feature","properties":{"kind":"road","id":"road-185326188-0","name":"Unnamed mapped primary","osmWay":185326188,"major":true,"bridge":false},"geometry":{"type":"LineString","coordinates":[[13.1490385,11.8371398],[13.1491152,11.8341861]]}},{"type":"Feature","properties":{"kind":"road","id":"road-185326189-0","name":"Unnamed mapped primary","osmWay":185326189,"major":true,"bridge":false},"geometry":{"type":"LineString","coordinates":[[13.149447,11.8283611],[13.1492076,11.8335734]]}},{"type":"Feature","properties":{"kind":"road","id":"road-185326190-0","name":"Unnamed mapped primary","osmWay":185326190,"major":true,"bridge":false},"geometry":{"type":"LineString","coordinates":[[13.1490519,11.8373407],[13.1490074,11.8371711],[13.1491543,11.8371278],[13.1492116,11.8372954],[13.1490519,11.8373407]]}},{"type":"Feature","properties":{"kind":"road","id":"road-185327076-0","name":"Unnamed mapped tertiary","osmWay":185327076,"major":false,"bridge":false},"geometry":{"type":"LineString","coordinates":[[13.1652625,11.8135414],[13.1594632,11.8168205]]}},{"type":"Feature","properties":{"kind":"road","id":"road-185327077-0","name":"Unnamed mapped tertiary","osmWay":185327077,"major":false,"bridge":false},"geometry":{"type":"LineString","coordinates":[[13.1645552,11.8203115],[13.1646813,11.8182249],[13.165605,11.8138981]]}},{"type":"Feature","properties":{"kind":"road","id":"road-185327079-0","name":"Unnamed mapped tertiary","osmWay":185327079,"major":false,"bridge":false},"geometry":{"type":"LineString","coordinates":[[13.1496803,11.8069381],[13.1475301,11.8078988],[13.1394072,11.8127789]]}},{"type":"Feature","properties":{"kind":"road","id":"road-185327080-0","name":"Unnamed mapped tertiary","osmWay":185327080,"major":false,"bridge":false},"geometry":{"type":"LineString","coordinates":[[13.1656613,11.8132197],[13.1656554,11.8127857]]}},{"type":"Feature","properties":{"kind":"road","id":"road-185327082-0","name":"Unnamed mapped tertiary","osmWay":185327082,"major":false,"bridge":false},"geometry":{"type":"LineString","coordinates":[[13.1611124,11.8074637],[13.1620773,11.8077886],[13.1630644,11.8083223]]}},{"type":"Feature","properties":{"kind":"road","id":"road-185327083-0","name":"Unnamed mapped tertiary","osmWay":185327083,"major":false,"bridge":false},"geometry":{"type":"LineString","coordinates":[[13.1656554,11.8127857],[13.1646533,11.8107224],[13.1635268,11.8088111],[13.1630644,11.8083223]]}},{"type":"Feature","properties":{"kind":"road","id":"road-185327084-0","name":"Unnamed mapped tertiary","osmWay":185327084,"major":false,"bridge":false},"geometry":{"type":"LineString","coordinates":[[13.165605,11.8138981],[13.1656899,11.8133577]]}},{"type":"Feature","properties":{"kind":"road","id":"road-185327086-0","name":"Unnamed mapped secondary","osmWay":185327086,"major":false,"bridge":false},"geometry":{"type":"LineString","coordinates":[[13.1753031,11.8194805],[13.1727435,11.8467625],[13.1724519,11.848312],[13.1728709,11.8487629]]}},{"type":"Feature","properties":{"kind":"road","id":"road-185327087-0","name":"Unnamed mapped tertiary","osmWay":185327087,"major":false,"bridge":false},"geometry":{"type":"LineString","coordinates":[[13.1498122,11.8068623],[13.1507763,11.8066129],[13.151542,11.8066083],[13.160111,11.8072896],[13.1611124,11.8074637]]}},{"type":"Feature","properties":{"kind":"road","id":"road-185327088-0","name":"Unnamed mapped tertiary","osmWay":185327088,"major":false,"bridge":false},"geometry":{"type":"LineString","coordinates":[[13.1656525,11.8133138],[13.1657199,11.8131786],[13.1658407,11.8132392],[13.1657912,11.8133636],[13.1656525,11.8133138]]}},{"type":"Feature","properties":{"kind":"road","id":"road-185327089-0","name":"Unnamed mapped secondary","osmWay":185327089,"major":false,"bridge":false},"geometry":{"type":"LineString","coordinates":[[13.1797879,11.8201417],[13.1753031,11.8194805]]}},{"type":"Feature","properties":{"kind":"road","id":"road-185327090-0","name":"Unnamed mapped tertiary","osmWay":185327090,"major":false,"bridge":false},"geometry":{"type":"LineString","coordinates":[[13.139329,11.8127123],[13.1474429,11.807862],[13.1496559,11.8068696]]}},{"type":"Feature","properties":{"kind":"road","id":"road-185332042-0","name":"Unnamed mapped secondary","osmWay":185332042,"major":false,"bridge":false},"geometry":{"type":"LineString","coordinates":[[13.1626754,11.8494114],[13.1628201,11.8495724]]}},{"type":"Feature","properties":{"kind":"road","id":"road-185332043-0","name":"Unnamed mapped tertiary","osmWay":185332043,"major":false,"bridge":false},"geometry":{"type":"LineString","coordinates":[[13.1546221,11.8510946],[13.1581014,11.8541947],[13.1592607,11.854952],[13.1616452,11.8561365],[13.1625833,11.8568709]]}},{"type":"Feature","properties":{"kind":"road","id":"road-185332045-0","name":"Unnamed mapped secondary","osmWay":185332045,"major":false,"bridge":false},"geometry":{"type":"LineString","coordinates":[[13.1567638,11.8468893],[13.1566055,11.8472477]]}},{"type":"Feature","properties":{"kind":"road","id":"road-185332046-0","name":"Unnamed mapped secondary","osmWay":185332046,"major":false,"bridge":false},"geometry":{"type":"LineString","coordinates":[[13.1631724,11.8497893],[13.1628696,11.8497565]]}},{"type":"Feature","properties":{"kind":"road","id":"road-185332047-0","name":"Unnamed mapped secondary","osmWay":185332047,"major":false,"bridge":false},"geometry":{"type":"LineString","coordinates":[[13.1626754,11.8494114],[13.1615889,11.8462789],[13.1594257,11.8417263],[13.1579438,11.8398152],[13.1557752,11.837658],[13.1554757,11.8371267]]}},{"type":"Feature","properties":{"kind":"road","id":"road-185332048-0","name":"Unnamed mapped secondary","osmWay":185332048,"major":false,"bridge":false},"geometry":{"type":"LineString","coordinates":[[13.1564205,11.8479223],[13.1565547,11.8480679]]}},{"type":"Feature","properties":{"kind":"road","id":"road-185332049-0","name":"Unnamed mapped secondary","osmWay":185332049,"major":false,"bridge":false},"geometry":{"type":"LineString","coordinates":[[13.1631737,11.8497198],[13.1701318,11.8512093]]}},{"type":"Feature","properties":{"kind":"road","id":"road-185332050-0","name":"Unnamed mapped secondary","osmWay":185332050,"major":false,"bridge":false},"geometry":{"type":"LineString","coordinates":[[13.162725,11.8497721],[13.1626987,11.8496097],[13.1628562,11.8495902],[13.1628696,11.8497565],[13.162725,11.8497721]]}},{"type":"Feature","properties":{"kind":"road","id":"road-185332051-0","name":"Unnamed mapped secondary","osmWay":185332051,"major":false,"bridge":false},"geometry":{"type":"LineString","coordinates":[[13.162489,11.8495787],[13.1626987,11.8496097]]}},{"type":"Feature","properties":{"kind":"road","id":"road-185332053-0","name":"Unnamed mapped secondary","osmWay":185332053,"major":false,"bridge":false},"geometry":{"type":"LineString","coordinates":[[13.1628537,11.8499987],[13.1627575,11.8497865]]}},{"type":"Feature","properties":{"kind":"road","id":"road-185332054-0","name":"Unnamed mapped tertiary","osmWay":185332054,"major":false,"bridge":false},"geometry":{"type":"LineString","coordinates":[[13.1659239,11.8504077],[13.1669269,11.8459268]]}},{"type":"Feature","properties":{"kind":"road","id":"road-185332056-0","name":"Unnamed mapped tertiary","osmWay":185332056,"major":false,"bridge":false},"geometry":{"type":"LineString","coordinates":[[13.1601217,11.8489026],[13.1585609,11.8532236],[13.1567757,11.8571819],[13.1566828,11.8576518],[13.1567582,11.8581059]]}},{"type":"Feature","properties":{"kind":"road","id":"road-185332057-0","name":"Unnamed mapped tertiary","osmWay":185332057,"major":false,"bridge":false},"geometry":{"type":"LineString","coordinates":[[13.1557079,11.8375536],[13.1548743,11.8381148],[13.154308,11.8397226],[13.1518853,11.8447737]]}},{"type":"Feature","properties":{"kind":"road","id":"road-185886962-0","name":"A4-7","osmWay":185886962,"major":true,"bridge":false},"geometry":{"type":"LineString","coordinates":[[13.2024671,11.7921703],[13.2118694,11.7851263],[13.2232315,11.7761048]]}},{"type":"Feature","properties":{"kind":"road","id":"road-185886970-0","name":"A4","osmWay":185886970,"major":true,"bridge":false},"geometry":{"type":"LineString","coordinates":[[13.0827354,11.7222701],[13.0793187,11.715616]]}},{"type":"Feature","properties":{"kind":"road","id":"road-185886970-1","name":"A4","osmWay":185886970,"major":true,"bridge":false},"geometry":{"type":"LineString","coordinates":[[13.0920292,11.7398277],[13.090966,11.7381379],[13.0896402,11.7356151]]}},{"type":"Feature","properties":{"kind":"road","id":"road-185886970-2","name":"A4","osmWay":185886970,"major":true,"bridge":false},"geometry":{"type":"LineString","coordinates":[[13.1207689,11.8068896],[13.1218982,11.7883639],[13.1217587,11.7865589],[13.1214026,11.7846701],[13.120473,11.7817732],[13.1169746,11.775193],[13.1082772,11.7596826],[13.1005187,11.7496593],[13.0923054,11.7402068]]}},{"type":"Feature","properties":{"kind":"road","id":"road-185886974-0","name":"Unnamed mapped tertiary_link","osmWay":185886974,"major":false,"bridge":false},"geometry":{"type":"LineString","coordinates":[[13.1656085,11.8137362],[13.1653702,11.8135408]]}},{"type":"Feature","properties":{"kind":"road","id":"road-185886975-0","name":"Unnamed mapped tertiary","osmWay":185886975,"major":false,"bridge":false},"geometry":{"type":"LineString","coordinates":[[13.1589885,11.8171425],[13.1589079,11.8170053],[13.1590677,11.81692],[13.159139,11.81707],[13.1589885,11.8171425]]}},{"type":"Feature","properties":{"kind":"road","id":"road-185886977-0","name":"Unnamed mapped tertiary","osmWay":185886977,"major":false,"bridge":false},"geometry":{"type":"LineString","coordinates":[[13.1480189,11.8248521],[13.1484751,11.821831],[13.1512724,11.8209894]]}},{"type":"Feature","properties":{"kind":"road","id":"road-185886979-0","name":"Unnamed mapped tertiary","osmWay":185886979,"major":false,"bridge":false},"geometry":{"type":"LineString","coordinates":[[13.140963,11.8165523],[13.1487451,11.8165888],[13.1518359,11.8173976]]}},{"type":"Feature","properties":{"kind":"road","id":"road-185886984-0","name":"Unnamed mapped tertiary","osmWay":185886984,"major":false,"bridge":false},"geometry":{"type":"LineString","coordinates":[[13.1490791,11.8050305],[13.1539781,11.805041],[13.1609653,11.8058772],[13.1624828,11.8063778]]}},{"type":"Feature","properties":{"kind":"road","id":"road-185886995-0","name":"Unnamed mapped tertiary","osmWay":185886995,"major":false,"bridge":false},"geometry":{"type":"LineString","coordinates":[[13.1555995,11.82508],[13.1553648,11.8247379],[13.1536381,11.8204692],[13.1540023,11.8192247],[13.1538896,11.8180263],[13.1525083,11.8154888]]}},{"type":"Feature","properties":{"kind":"road","id":"road-185887012-0","name":"Unnamed mapped tertiary","osmWay":185887012,"major":false,"bridge":false},"geometry":{"type":"LineString","coordinates":[[13.1488457,11.7984949],[13.1497081,11.7930186],[13.1501533,11.7914052],[13.1503873,11.7910806]]}},{"type":"Feature","properties":{"kind":"road","id":"road-185887037-0","name":"Unnamed mapped tertiary","osmWay":185887037,"major":false,"bridge":false},"geometry":{"type":"LineString","coordinates":[[13.1505463,11.8145043],[13.1503427,11.8148168]]}},{"type":"Feature","properties":{"kind":"road","id":"road-185887049-0","name":"B-3","osmWay":185887049,"major":false,"bridge":false},"geometry":{"type":"LineString","coordinates":[[13.1402543,11.7883453],[13.1394547,11.786704],[13.1383811,11.7852665],[13.1326477,11.7789194],[13.131978,11.7776925],[13.1305648,11.7744788],[13.1294453,11.7725238],[13.1246358,11.7667181],[13.1239103,11.7659852],[13.1234216,11.7656795],[13.1215139,11.7649615],[13.1198758,11.7639254],[13.1086738,11.7557091],[13.1073257,11.7545229],[13.1031896,11.7494238]]}},{"type":"Feature","properties":{"kind":"road","id":"road-185887066-0","name":"Unnamed mapped secondary","osmWay":185887066,"major":false,"bridge":false},"geometry":{"type":"LineString","coordinates":[[13.1512831,11.8208941],[13.1512021,11.8198325],[13.1524359,11.8154377],[13.1523943,11.8144308],[13.149,11.8050462],[13.1485333,11.8040393],[13.1461166,11.8009426],[13.1454916,11.8003111],[13.14475,11.7997033],[13.1425868,11.7983262],[13.1423722,11.7980728],[13.1417979,11.7927125],[13.1401903,11.7884947]]}},{"type":"Feature","properties":{"kind":"road","id":"road-185887070-0","name":"Unnamed mapped primary_link","osmWay":185887070,"major":false,"bridge":false},"geometry":{"type":"LineString","coordinates":[[13.1391303,11.8125796],[13.139329,11.8127123]]}},{"type":"Feature","properties":{"kind":"road","id":"road-185887076-0","name":"Unnamed mapped tertiary","osmWay":185887076,"major":false,"bridge":false},"geometry":{"type":"LineString","coordinates":[[13.1419927,11.793491],[13.1485078,11.7909273],[13.1503612,11.7906333]]}},{"type":"Feature","properties":{"kind":"road","id":"road-185887081-0","name":"Unnamed mapped primary_link","osmWay":185887081,"major":false,"bridge":false},"geometry":{"type":"LineString","coordinates":[[13.1394072,11.8127789],[13.1393452,11.8130117]]}},{"type":"Feature","properties":{"kind":"road","id":"road-185887082-0","name":"Unnamed mapped tertiary","osmWay":185887082,"major":false,"bridge":false},"geometry":{"type":"LineString","coordinates":[[13.144302,11.8060006],[13.1448652,11.804772]]}},{"type":"Feature","properties":{"kind":"road","id":"road-185887084-0","name":"Unnamed mapped tertiary","osmWay":185887084,"major":false,"bridge":false},"geometry":{"type":"LineString","coordinates":[[13.1355835,11.8060361],[13.1442498,11.806061]]}},{"type":"Feature","properties":{"kind":"road","id":"road-185887086-0","name":"Gombole Road","osmWay":185887086,"major":false,"bridge":false},"geometry":{"type":"LineString","coordinates":[[13.1693405,11.7941949],[13.1741056,11.7868873]]}},{"type":"Feature","properties":{"kind":"road","id":"road-185887102-0","name":"Unnamed mapped tertiary","osmWay":185887102,"major":false,"bridge":false},"geometry":{"type":"LineString","coordinates":[[13.1394072,11.8127789],[13.1391707,11.8128817]]}},{"type":"Feature","properties":{"kind":"road","id":"road-185887103-0","name":"Unnamed mapped tertiary","osmWay":185887103,"major":false,"bridge":false},"geometry":{"type":"LineString","coordinates":[[13.1587764,11.8168568],[13.1581503,11.8165705],[13.1567582,11.8167149]]}},{"type":"Feature","properties":{"kind":"road","id":"road-185887106-0","name":"Unnamed mapped tertiary","osmWay":185887106,"major":false,"bridge":false},"geometry":{"type":"LineString","coordinates":[[13.159322,11.8172494],[13.160795,11.8181523],[13.1643616,11.8188784],[13.164588,11.8190753]]}},{"type":"Feature","properties":{"kind":"road","id":"road-185887115-0","name":"Unnamed mapped tertiary","osmWay":185887115,"major":false,"bridge":false},"geometry":{"type":"LineString","coordinates":[[13.1492011,11.8215862],[13.1489477,11.8206162],[13.1499079,11.816854]]}},{"type":"Feature","properties":{"kind":"road","id":"road-185887118-0","name":"Unnamed mapped tertiary","osmWay":185887118,"major":false,"bridge":false},"geometry":{"type":"LineString","coordinates":[[13.1564139,11.8125098],[13.1558795,11.8128379]]}},{"type":"Feature","properties":{"kind":"road","id":"road-185887121-0","name":"Unnamed mapped tertiary","osmWay":185887121,"major":false,"bridge":false},"geometry":{"type":"LineString","coordinates":[[13.1630644,11.8083223],[13.1611124,11.8074637]]}},{"type":"Feature","properties":{"kind":"road","id":"road-185887126-0","name":"Unnamed mapped secondary","osmWay":185887126,"major":false,"bridge":false},"geometry":{"type":"LineString","coordinates":[[13.1565547,11.8480679],[13.1582107,11.8483789],[13.162489,11.8495787]]}},{"type":"Feature","properties":{"kind":"road","id":"road-185887133-0","name":"Unnamed mapped secondary","osmWay":185887133,"major":false,"bridge":false},"geometry":{"type":"LineString","coordinates":[[13.1513746,11.8208518],[13.1514686,11.8209529],[13.1513446,11.8210488],[13.1512685,11.8209241],[13.1513746,11.8208518]]}},{"type":"Feature","properties":{"kind":"road","id":"road-186003954-0","name":"Unnamed mapped tertiary","osmWay":186003954,"major":false,"bridge":false},"geometry":{"type":"LineString","coordinates":[[13.128893,11.8544157],[13.127551,11.8577246],[13.125481,11.8612703],[13.1258109,11.8637456]]}},{"type":"Feature","properties":{"kind":"road","id":"road-186003955-0","name":"Unnamed mapped primary","osmWay":186003955,"major":true,"bridge":false},"geometry":{"type":"LineString","coordinates":[[13.1450544,11.8320476],[13.1407931,11.8356051],[13.1406288,11.835861],[13.1407032,11.8362233]]}},{"type":"Feature","properties":{"kind":"road","id":"road-186003956-0","name":"Unnamed mapped tertiary","osmWay":186003956,"major":false,"bridge":false},"geometry":{"type":"LineString","coordinates":[[13.1315267,11.8002704],[13.1318947,11.8001223],[13.1416969,11.8000393]]}},{"type":"Feature","properties":{"kind":"road","id":"road-186003959-0","name":"Unnamed mapped tertiary","osmWay":186003959,"major":false,"bridge":false},"geometry":{"type":"LineString","coordinates":[[13.117887,11.820987],[13.1223026,11.8230026],[13.1268422,11.8240501],[13.1272378,11.8242942]]}},{"type":"Feature","properties":{"kind":"road","id":"road-186003969-0","name":"Unnamed mapped primary","osmWay":186003969,"major":true,"bridge":true},"geometry":{"type":"LineString","coordinates":[[13.1453698,11.8317844],[13.1450544,11.8320476]]}},{"type":"Feature","properties":{"kind":"road","id":"road-186003985-0","name":"Unnamed mapped tertiary","osmWay":186003985,"major":false,"bridge":false},"geometry":{"type":"LineString","coordinates":[[13.1225168,11.8584891],[13.1234157,11.856758]]}},{"type":"Feature","properties":{"kind":"road","id":"road-186003991-0","name":"Unnamed mapped primary","osmWay":186003991,"major":true,"bridge":true},"geometry":{"type":"LineString","coordinates":[[13.1449957,11.8319816],[13.1453057,11.8317124]]}},{"type":"Feature","properties":{"kind":"road","id":"road-186004000-0","name":"Unnamed mapped secondary","osmWay":186004000,"major":false,"bridge":true},"geometry":{"type":"LineString","coordinates":[[13.1536357,11.8319294],[13.1536851,11.8322828]]}},{"type":"Feature","properties":{"kind":"road","id":"road-186004002-0","name":"Unnamed mapped primary","osmWay":186004002,"major":true,"bridge":true},"geometry":{"type":"LineString","coordinates":[[13.1491152,11.8341861],[13.1491212,11.8335718]]}},{"type":"Feature","properties":{"kind":"road","id":"road-186004014-0","name":"Unnamed mapped primary","osmWay":186004014,"major":true,"bridge":true},"geometry":{"type":"LineString","coordinates":[[13.1492076,11.8335734],[13.1491998,11.8341876]]}},{"type":"Feature","properties":{"kind":"road","id":"road-186004030-0","name":"Unnamed mapped tertiary","osmWay":186004030,"major":false,"bridge":false},"geometry":{"type":"LineString","coordinates":[[13.1420517,11.7999987],[13.1429945,11.798594]]}},{"type":"Feature","properties":{"kind":"road","id":"road-186004037-0","name":"Unnamed mapped secondary","osmWay":186004037,"major":false,"bridge":false},"geometry":{"type":"LineString","coordinates":[[13.1536851,11.8322828],[13.1538002,11.8328846]]}},{"type":"Feature","properties":{"kind":"road","id":"road-186004101-0","name":"Unnamed mapped primary","osmWay":186004101,"major":true,"bridge":false},"geometry":{"type":"LineString","coordinates":[[13.1491212,11.8335718],[13.1493259,11.8283884]]}},{"type":"Feature","properties":{"kind":"road","id":"road-186004147-0","name":"Unnamed mapped primary","osmWay":186004147,"major":true,"bridge":false},"geometry":{"type":"LineString","coordinates":[[13.1491998,11.8341876],[13.1491806,11.8371427]]}},{"type":"Feature","properties":{"kind":"road","id":"road-186004158-0","name":"Unnamed mapped primary","osmWay":186004158,"major":true,"bridge":false},"geometry":{"type":"LineString","coordinates":[[13.1453057,11.8317124],[13.1492355,11.8282719]]}},{"type":"Feature","properties":{"kind":"road","id":"road-186053061-0","name":"Unnamed mapped tertiary","osmWay":186053061,"major":false,"bridge":false},"geometry":{"type":"LineString","coordinates":[[13.177231,11.8341239],[13.1800345,11.834769],[13.1807768,11.8353893],[13.1897016,11.8386681]]}},{"type":"Feature","properties":{"kind":"road","id":"road-186053062-0","name":"Unnamed mapped tertiary","osmWay":186053062,"major":false,"bridge":false},"geometry":{"type":"LineString","coordinates":[[13.1766973,11.8339835],[13.177231,11.8341239]]}},{"type":"Feature","properties":{"kind":"road","id":"road-186053064-0","name":"Unnamed mapped tertiary","osmWay":186053064,"major":false,"bridge":false},"geometry":{"type":"LineString","coordinates":[[13.1869492,11.8409613],[13.1880525,11.8415137],[13.1880207,11.8416758],[13.1836521,11.8515398]]}},{"type":"Feature","properties":{"kind":"road","id":"road-198291388-0","name":"Unnamed mapped tertiary","osmWay":198291388,"major":false,"bridge":false},"geometry":{"type":"LineString","coordinates":[[13.123238,11.8678096],[13.125874,11.8708866],[13.1270957,11.8729681],[13.1335759,11.8773266],[13.1357492,11.8784001],[13.1366953,11.8801884],[13.1377667,11.8818551],[13.1385859,11.8827864],[13.1403408,11.8844054]]}},{"type":"Feature","properties":{"kind":"road","id":"road-233065783-0","name":"Kashim Ibrahim Road","osmWay":233065783,"major":true,"bridge":false},"geometry":{"type":"LineString","coordinates":[[13.1739196,11.848624],[13.173337,11.8487694],[13.1724369,11.8493551]]}},{"type":"Feature","properties":{"kind":"road","id":"road-233065784-0","name":"A3","osmWay":233065784,"major":true,"bridge":false},"geometry":{"type":"LineString","coordinates":[[13.1434634,11.8525665],[13.1432702,11.8524671],[13.1433488,11.8522878],[13.1435623,11.8523721],[13.1434634,11.8525665]]}},{"type":"Feature","properties":{"kind":"road","id":"road-233065785-0","name":"Unnamed mapped primary","osmWay":233065785,"major":true,"bridge":false},"geometry":{"type":"LineString","coordinates":[[13.1488295,11.8436328],[13.1478352,11.8457939],[13.1471667,11.8469417],[13.1449652,11.8504048],[13.1435419,11.8523343]]}},{"type":"Feature","properties":{"kind":"road","id":"road-233065787-0","name":"A3","osmWay":233065787,"major":true,"bridge":false},"geometry":{"type":"LineString","coordinates":[[13.1767643,11.8495691],[13.1756877,11.8489464],[13.1740014,11.8484714]]}},{"type":"Feature","properties":{"kind":"road","id":"road-233065789-0","name":"A3","osmWay":233065789,"major":true,"bridge":false},"geometry":{"type":"LineString","coordinates":[[13.1461667,11.8426094],[13.142269,11.8495097],[13.1421422,11.8503405],[13.1422602,11.8510269],[13.1427611,11.8518643],[13.1433488,11.8522878]]}},{"type":"Feature","properties":{"kind":"road","id":"road-233065792-0","name":"Maiduguri - Monguno Road","osmWay":233065792,"major":true,"bridge":false},"geometry":{"type":"LineString","coordinates":[[13.0981068,11.9029179],[13.1017891,11.8973766],[13.1062402,11.8915171],[13.1119419,11.8858741],[13.1131838,11.8843137],[13.1144102,11.8817231],[13.1183497,11.8725127],[13.1196479,11.8705854],[13.120826,11.8694941],[13.1233735,11.867641],[13.1295077,11.8653376],[13.13853,11.8596999],[13.1397705,11.8585705],[13.1407227,11.8573499],[13.1432948,11.852514]]}},{"type":"Feature","properties":{"kind":"road","id":"road-233065793-0","name":"A4-7","osmWay":233065793,"major":true,"bridge":false},"geometry":{"type":"LineString","coordinates":[[13.1733721,11.8475929],[13.1796844,11.8206477],[13.181707,11.8101766],[13.1822513,11.8088006],[13.1834187,11.8070685],[13.1847873,11.8055923],[13.1861942,11.8043872],[13.2024671,11.7921703]]}},{"type":"Feature","properties":{"kind":"road","id":"road-233065794-0","name":"Unnamed mapped primary","osmWay":233065794,"major":true,"bridge":false},"geometry":{"type":"LineString","coordinates":[[13.1434554,11.8522768],[13.1446964,11.850664],[13.1468019,11.8474175],[13.1477655,11.8457906],[13.1487015,11.843584]]}},{"type":"Feature","properties":{"kind":"road","id":"road-233065800-0","name":"girgiri filling station","osmWay":233065800,"major":true,"bridge":false},"geometry":{"type":"LineString","coordinates":[[13.1432636,11.8524147],[13.1425834,11.8517935],[13.1421825,11.851067],[13.1420631,11.8503825],[13.1421436,11.8496803],[13.1424111,11.849003],[13.1457464,11.8433374],[13.1460501,11.842576]]}},{"type":"Feature","properties":{"kind":"road","id":"road-233065801-0","name":"Maiduguri - Monguno Road","osmWay":233065801,"major":true,"bridge":false},"geometry":{"type":"LineString","coordinates":[[13.1434216,11.8525734],[13.1408299,11.8573552],[13.1398087,11.8587005],[13.1388505,11.8595752],[13.1294517,11.8654747],[13.1246455,11.8671895],[13.123238,11.8678096],[13.1206088,11.8697763],[13.1196633,11.8707029],[13.1184516,11.8725153],[13.1137276,11.8834639],[13.1132005,11.8844324],[13.1122456,11.8856733],[13.1062509,11.891693],[13.1017676,11.8975872],[13.0981068,11.9029179]]}},{"type":"Feature","properties":{"kind":"road","id":"road-233156800-0","name":"Unnamed mapped tertiary","osmWay":233156800,"major":false,"bridge":false},"geometry":{"type":"LineString","coordinates":[[13.0965,11.8347308],[13.096829,11.839195],[13.0971468,11.8411776],[13.0975217,11.8424954],[13.0981714,11.843787],[13.1001623,11.8469752],[13.1027615,11.8492949]]}},{"type":"Feature","properties":{"kind":"road","id":"road-233156800-1","name":"Unnamed mapped tertiary","osmWay":233156800,"major":false,"bridge":false},"geometry":{"type":"LineString","coordinates":[[13.1028605,11.8493843],[13.1060842,11.852993]]}},{"type":"Feature","properties":{"kind":"road","id":"road-233156800-2","name":"Unnamed mapped tertiary","osmWay":233156800,"major":false,"bridge":false},"geometry":{"type":"LineString","coordinates":[[13.1069622,11.8537677],[13.1095064,11.8558491],[13.1119808,11.8590129]]}},{"type":"Feature","properties":{"kind":"road","id":"road-233156801-0","name":"Unnamed mapped trunk_link","osmWay":233156801,"major":false,"bridge":false},"geometry":{"type":"LineString","coordinates":[[13.1166979,11.8328292],[13.1170999,11.833419],[13.1177988,11.8337418]]}},{"type":"Feature","properties":{"kind":"road","id":"road-233156802-0","name":"A4","osmWay":233156802,"major":true,"bridge":false},"geometry":{"type":"LineString","coordinates":[[13.1167214,11.8336716],[13.1164312,11.8313443]]}},{"type":"Feature","properties":{"kind":"road","id":"road-233156803-0","name":"A4","osmWay":233156803,"major":true,"bridge":false},"geometry":{"type":"LineString","coordinates":[[13.1164312,11.8313443],[13.1168008,11.8336609]]}},{"type":"Feature","properties":{"kind":"road","id":"road-233156804-0","name":"Kano-Maiduguri Highway","osmWay":233156804,"major":true,"bridge":false},"geometry":{"type":"LineString","coordinates":[[13.0965601,11.8345756],[13.105056,11.8342663],[13.1102782,11.8344841],[13.1207133,11.8334485],[13.124038,11.8329864],[13.1253174,11.8331413],[13.139749,11.836327],[13.1403412,11.8362458]]}},{"type":"Feature","properties":{"kind":"road","id":"road-233156805-0","name":"Kano-Maiduguri Highway","osmWay":233156805,"major":true,"bridge":false},"geometry":{"type":"LineString","coordinates":[[13.0800971,11.8375609],[13.0752633,11.8399445],[13.0733833,11.8407038]]}},{"type":"Feature","properties":{"kind":"road","id":"road-233156805-1","name":"Kano-Maiduguri Highway","osmWay":233156805,"major":true,"bridge":false},"geometry":{"type":"LineString","coordinates":[[13.0821828,11.8368208],[13.0813095,11.8370966]]}},{"type":"Feature","properties":{"kind":"road","id":"road-233156806-0","name":"A3","osmWay":233156806,"major":true,"bridge":false},"geometry":{"type":"LineString","coordinates":[[13.0963843,11.8347057],[13.0963714,11.8345655],[13.0965382,11.8345482],[13.0965337,11.834712],[13.0963843,11.8347057]]}},{"type":"Feature","properties":{"kind":"road","id":"road-233156807-0","name":"A4","osmWay":233156807,"major":true,"bridge":false},"geometry":{"type":"LineString","coordinates":[[13.1164312,11.8313443],[13.1162435,11.8286128],[13.1165385,11.8256515],[13.1169985,11.8237285],[13.1200147,11.814398],[13.1204733,11.8118028],[13.120739,11.8075963]]}},{"type":"Feature","properties":{"kind":"road","id":"road-233156809-0","name":"A3","osmWay":233156809,"major":true,"bridge":false},"geometry":{"type":"LineString","coordinates":[[13.0841552,11.8363618],[13.0842416,11.8362323],[13.0843163,11.8363304]]}},{"type":"Feature","properties":{"kind":"road","id":"road-233156810-0","name":"Kano-Maiduguri Highway","osmWay":233156810,"major":true,"bridge":false},"geometry":{"type":"LineString","coordinates":[[13.0963574,11.8346642],[13.0962977,11.8346625]]}},{"type":"Feature","properties":{"kind":"road","id":"road-233156811-0","name":"Unnamed mapped tertiary","osmWay":233156811,"major":false,"bridge":false},"geometry":{"type":"LineString","coordinates":[[13.0965293,11.8364769],[13.0964166,11.8347275]]}},{"type":"Feature","properties":{"kind":"road","id":"road-233156812-0","name":"Kano-Maiduguri Highway","osmWay":233156812,"major":true,"bridge":false},"geometry":{"type":"LineString","coordinates":[[13.0842933,11.8362579],[13.0917403,11.8349915]]}},{"type":"Feature","properties":{"kind":"road","id":"road-233156813-0","name":"Unnamed mapped trunk_link","osmWay":233156813,"major":false,"bridge":false},"geometry":{"type":"LineString","coordinates":[[13.1160014,11.833925],[13.1164514,11.8335154],[13.1166123,11.8328238]]}},{"type":"Feature","properties":{"kind":"road","id":"road-239056336-0","name":"A4","osmWay":239056336,"major":true,"bridge":true},"geometry":{"type":"LineString","coordinates":[[13.120739,11.8075963],[13.1207689,11.8068896]]}},{"type":"Feature","properties":{"kind":"road","id":"road-246695813-0","name":"Unnamed mapped tertiary","osmWay":246695813,"major":false,"bridge":false},"geometry":{"type":"LineString","coordinates":[[13.1189002,11.8179882],[13.1177267,11.8176535],[13.117113,11.8177916],[13.1168832,11.8177257],[13.1057601,11.8141328],[13.1052625,11.8140423],[13.1039649,11.8142357]]}},{"type":"Feature","properties":{"kind":"road","id":"road-264545096-0","name":"A3","osmWay":264545096,"major":true,"bridge":false},"geometry":{"type":"LineString","coordinates":[[13.1459976,11.8424711],[13.1461478,11.842306],[13.1462975,11.8424428],[13.1461667,11.8426094],[13.1459976,11.8424711]]}},{"type":"Feature","properties":{"kind":"road","id":"road-264545129-0","name":"A3","osmWay":264545129,"major":true,"bridge":false},"geometry":{"type":"LineString","coordinates":[[13.1407083,11.8370108],[13.1402018,11.8366676],[13.1402109,11.8363925],[13.1404482,11.8361967],[13.1407833,11.8362625],[13.1410935,11.8365463],[13.141008,11.8368994],[13.1407083,11.8370108]]}},{"type":"Feature","properties":{"kind":"road","id":"road-265173012-0","name":"Unnamed mapped tertiary","osmWay":265173012,"major":false,"bridge":false},"geometry":{"type":"LineString","coordinates":[[13.1494589,11.8281909],[13.1508547,11.8276782],[13.1517962,11.8275995],[13.1524159,11.8276698],[13.154492,11.8283561]]}},{"type":"Feature","properties":{"kind":"road","id":"road-265173046-0","name":"Unnamed mapped secondary","osmWay":265173046,"major":false,"bridge":false},"geometry":{"type":"LineString","coordinates":[[13.1544561,11.833082],[13.1539962,11.833318]]}},{"type":"Feature","properties":{"kind":"road","id":"road-265173047-0","name":"Unnamed mapped secondary","osmWay":265173047,"major":false,"bridge":false},"geometry":{"type":"LineString","coordinates":[[13.1541499,11.8339798],[13.1538649,11.8334412]]}},{"type":"Feature","properties":{"kind":"road","id":"road-265173048-0","name":"Unnamed mapped secondary","osmWay":265173048,"major":false,"bridge":false},"geometry":{"type":"LineString","coordinates":[[13.1534485,11.8336507],[13.1537484,11.8333486]]}},{"type":"Feature","properties":{"kind":"road","id":"road-265173049-0","name":"Unnamed mapped secondary","osmWay":265173049,"major":false,"bridge":false},"geometry":{"type":"LineString","coordinates":[[13.1538002,11.8328846],[13.1538901,11.8331964]]}},{"type":"Feature","properties":{"kind":"road","id":"road-265173516-0","name":"Unnamed mapped secondary","osmWay":265173516,"major":false,"bridge":false},"geometry":{"type":"LineString","coordinates":[[13.162681,11.849718],[13.162489,11.8495787]]}},{"type":"Feature","properties":{"kind":"road","id":"road-265173519-0","name":"Unnamed mapped secondary","osmWay":265173519,"major":false,"bridge":false},"geometry":{"type":"LineString","coordinates":[[13.162899,11.849656],[13.1631737,11.8497198]]}},{"type":"Feature","properties":{"kind":"road","id":"road-265173521-0","name":"Unnamed mapped secondary","osmWay":265173521,"major":false,"bridge":false},"geometry":{"type":"LineString","coordinates":[[13.1628563,11.849768],[13.1629101,11.8499908]]}},{"type":"Feature","properties":{"kind":"road","id":"road-265173524-0","name":"Unnamed mapped secondary","osmWay":265173524,"major":false,"bridge":false},"geometry":{"type":"LineString","coordinates":[[13.1627326,11.8495817],[13.1626754,11.8494114]]}},{"type":"Feature","properties":{"kind":"road","id":"road-279876443-0","name":"Unnamed mapped tertiary","osmWay":279876443,"major":false,"bridge":false},"geometry":{"type":"LineString","coordinates":[[13.157111,11.8388944],[13.1569057,11.8393632],[13.1565933,11.8409105],[13.1551234,11.8445877],[13.1547385,11.8459291]]}},{"type":"Feature","properties":{"kind":"road","id":"road-279991831-0","name":"Unnamed mapped tertiary","osmWay":279991831,"major":false,"bridge":false},"geometry":{"type":"LineString","coordinates":[[13.1845734,11.8492641],[13.1824871,11.8487109]]}},{"type":"Feature","properties":{"kind":"road","id":"road-280006198-0","name":"Unnamed mapped secondary","osmWay":280006198,"major":false,"bridge":false},"geometry":{"type":"LineString","coordinates":[[13.1917335,11.8393453],[13.1913959,11.8404968],[13.1908329,11.8414826],[13.1894536,11.8460812],[13.1892492,11.8476006],[13.188929,11.8484813],[13.1884725,11.8506364],[13.1881924,11.8527207]]}},{"type":"Feature","properties":{"kind":"road","id":"road-280025621-0","name":"Unnamed mapped tertiary","osmWay":280025621,"major":false,"bridge":false},"geometry":{"type":"LineString","coordinates":[[13.145453,11.8729942],[13.145548,11.8727935],[13.1452717,11.8723775],[13.1400336,11.8654727]]}},{"type":"Feature","properties":{"kind":"road","id":"road-280026751-0","name":"Unnamed mapped tertiary","osmWay":280026751,"major":false,"bridge":false},"geometry":{"type":"LineString","coordinates":[[13.1419179,11.8553373],[13.148907,11.8590249]]}},{"type":"Feature","properties":{"kind":"road","id":"road-280032073-0","name":"A3","osmWay":280032073,"major":false,"bridge":false},"geometry":{"type":"LineString","coordinates":[[13.139517,11.8362712],[13.1401377,11.8361024],[13.1406442,11.8356688]]}},{"type":"Feature","properties":{"kind":"road","id":"road-280032082-0","name":"A3","osmWay":280032082,"major":false,"bridge":false},"geometry":{"type":"LineString","coordinates":[[13.141513,11.837463],[13.1405188,11.8371329],[13.138882,11.8361838]]}},{"type":"Feature","properties":{"kind":"road","id":"road-280032085-0","name":"A3","osmWay":280032085,"major":false,"bridge":false},"geometry":{"type":"LineString","coordinates":[[13.1416274,11.8366695],[13.1412905,11.836859],[13.1413068,11.8372035]]}},{"type":"Feature","properties":{"kind":"road","id":"road-280032087-0","name":"Unnamed mapped primary_link","osmWay":280032087,"major":false,"bridge":false},"geometry":{"type":"LineString","coordinates":[[13.1412323,11.8352323],[13.14118,11.8359424],[13.1416145,11.8365672]]}},{"type":"Feature","properties":{"kind":"road","id":"road-280040952-0","name":"Unnamed mapped secondary","osmWay":280040952,"major":false,"bridge":false},"geometry":{"type":"LineString","coordinates":[[13.1781676,11.8275942],[13.1824507,11.8285472]]}},{"type":"Feature","properties":{"kind":"road","id":"road-280102708-0","name":"Unnamed mapped tertiary","osmWay":280102708,"major":false,"bridge":false},"geometry":{"type":"LineString","coordinates":[[13.1729253,11.8152539],[13.1770901,11.8123482],[13.1790903,11.8120785]]}},{"type":"Feature","properties":{"kind":"road","id":"road-280258839-0","name":"Unnamed mapped tertiary","osmWay":280258839,"major":false,"bridge":false},"geometry":{"type":"LineString","coordinates":[[13.0974965,11.8424184],[13.107356,11.8425],[13.1082398,11.8421273],[13.1087534,11.8423307],[13.1093408,11.8427691],[13.1110199,11.8415747],[13.1134564,11.8429133]]}},{"type":"Feature","properties":{"kind":"road","id":"road-280269386-0","name":"Unnamed mapped tertiary","osmWay":280269386,"major":false,"bridge":false},"geometry":{"type":"LineString","coordinates":[[13.1230482,11.8565559],[13.1235311,11.8560912],[13.1243116,11.8556896],[13.128414,11.8544074],[13.128893,11.8544157]]}},{"type":"Feature","properties":{"kind":"road","id":"road-280272180-0","name":"Unnamed mapped tertiary","osmWay":280272180,"major":false,"bridge":false},"geometry":{"type":"LineString","coordinates":[[13.1260105,11.8640849],[13.128186,11.8651447],[13.1285067,11.8657528]]}},{"type":"Feature","properties":{"kind":"road","id":"road-280272199-0","name":"Unnamed mapped tertiary","osmWay":280272199,"major":false,"bridge":false},"geometry":{"type":"LineString","coordinates":[[13.1259129,11.8639481],[13.1260105,11.8640849]]}},{"type":"Feature","properties":{"kind":"road","id":"road-281414675-0","name":"Unnamed mapped tertiary","osmWay":281414675,"major":false,"bridge":false},"geometry":{"type":"LineString","coordinates":[[13.1403408,11.8844054],[13.1406449,11.8840446],[13.1417003,11.8809881],[13.1430859,11.877953],[13.143189,11.8768686]]}},{"type":"Feature","properties":{"kind":"road","id":"road-281414676-0","name":"Unnamed mapped tertiary","osmWay":281414676,"major":false,"bridge":false},"geometry":{"type":"LineString","coordinates":[[13.1176865,11.8546514],[13.1225168,11.8584891]]}},{"type":"Feature","properties":{"kind":"road","id":"road-282646343-0","name":"B-2","osmWay":282646343,"major":false,"bridge":false},"geometry":{"type":"LineString","coordinates":[[13.2093039,11.7258579],[13.208034,11.7319365],[13.2059311,11.7386857],[13.2050889,11.7409914],[13.2041448,11.7428927],[13.2023906,11.7479347],[13.2019561,11.7499147],[13.2003146,11.754715],[13.1991344,11.7572359],[13.1980884,11.7588797],[13.1932497,11.7678075],[13.192445,11.7686372],[13.1839156,11.7761365],[13.1820058,11.7776489],[13.1779316,11.7812698],[13.1765556,11.783352],[13.1761921,11.7836946],[13.1748524,11.7858638],[13.1743053,11.7863023],[13.1741056,11.7868873]]}},{"type":"Feature","properties":{"kind":"road","id":"road-312881832-0","name":"Unnamed mapped tertiary","osmWay":312881832,"major":false,"bridge":false},"geometry":{"type":"LineString","coordinates":[[13.2241554,11.9483417],[13.2264135,11.9443365],[13.2289241,11.9363485],[13.2315408,11.9313593],[13.2321642,11.9306487],[13.2341801,11.9300997],[13.2355856,11.9296063],[13.2360684,11.9292809],[13.2373999,11.927552],[13.23858,11.9264288]]}},{"type":"Feature","properties":{"kind":"road","id":"road-312881888-0","name":"Unnamed mapped tertiary","osmWay":312881888,"major":false,"bridge":false},"geometry":{"type":"LineString","coordinates":[[13.1760339,11.8794436],[13.1775715,11.8836442],[13.17802,11.8862007],[13.1784721,11.8904856],[13.1785862,11.8964593],[13.1790067,11.9001347],[13.1794271,11.9021261],[13.1814498,11.9089462],[13.181768,11.9127873],[13.1813956,11.9261957],[13.1814738,11.9290103],[13.1817382,11.9320949],[13.1855854,11.9425522],[13.1894945,11.9412369],[13.1928634,11.9411949],[13.1960149,11.9413514],[13.1988566,11.9420388],[13.2066607,11.9443229],[13.2193566,11.9476304],[13.2218708,11.9480884],[13.2241554,11.9483417]]}},{"type":"Feature","properties":{"kind":"road","id":"road-409877337-0","name":"Unnamed mapped tertiary","osmWay":409877337,"major":false,"bridge":false},"geometry":{"type":"LineString","coordinates":[[13.1656554,11.8127857],[13.1657917,11.813186]]}},{"type":"Feature","properties":{"kind":"road","id":"road-410062489-0","name":"Unnamed mapped tertiary","osmWay":410062489,"major":false,"bridge":false},"geometry":{"type":"LineString","coordinates":[[13.1656722,11.8133432],[13.1652625,11.8135414]]}},{"type":"Feature","properties":{"kind":"road","id":"road-453285702-0","name":"Unnamed mapped trunk_link","osmWay":453285702,"major":false,"bridge":false},"geometry":{"type":"LineString","coordinates":[[13.1218491,11.7873442],[13.1219293,11.7875578],[13.1221772,11.7876696]]}},{"type":"Feature","properties":{"kind":"road","id":"road-461153345-0","name":"Unnamed mapped tertiary","osmWay":461153345,"major":false,"bridge":false},"geometry":{"type":"LineString","coordinates":[[13.2727026,11.9586541],[13.2660857,11.9539962],[13.261179,11.9489967],[13.257927,11.9453917],[13.256135,11.9437495],[13.2558543,11.9432089],[13.251231,11.9382786],[13.2508171,11.9377],[13.2489936,11.9361724],[13.2484889,11.9359153],[13.2464355,11.9343446],[13.2453577,11.9319027],[13.2443258,11.9309383],[13.2429892,11.9302297],[13.2420813,11.9295795],[13.2413676,11.9285598],[13.2408228,11.9280618],[13.23858,11.9264288]]}},{"type":"Feature","properties":{"kind":"road","id":"road-473035782-0","name":"Unnamed mapped tertiary","osmWay":473035782,"major":false,"bridge":false},"geometry":{"type":"LineString","coordinates":[[13.1503427,11.8148168],[13.1502472,11.8145135]]}},{"type":"Feature","properties":{"kind":"road","id":"road-474593732-0","name":"Unnamed mapped secondary_link","osmWay":474593732,"major":false,"bridge":false},"geometry":{"type":"LineString","coordinates":[[13.1496893,11.8066983],[13.1499907,11.8068094]]}},{"type":"Feature","properties":{"kind":"road","id":"road-500096933-0","name":"Unnamed mapped tertiary","osmWay":500096933,"major":false,"bridge":false},"geometry":{"type":"LineString","coordinates":[[13.191267,11.9216895],[13.1817131,11.9175264]]}},{"type":"Feature","properties":{"kind":"road","id":"road-518679322-0","name":"Maiduguri - Monguno Road","osmWay":518679322,"major":true,"bridge":false},"geometry":{"type":"LineString","coordinates":[[13.0725909,12.0412281],[13.072738,12.04759],[13.0724069,12.0526076],[13.0710167,12.0575281],[13.0706857,12.0611536],[13.0700236,12.0753316],[13.0685284,12.0805525],[13.0669948,12.0831082],[13.0662775,12.0837893],[13.0646753,12.0863038],[13.0641393,12.0875958],[13.063553,12.0919479],[13.0636435,12.0956024]]}},{"type":"Feature","properties":{"kind":"road","id":"road-518679322-1","name":"Maiduguri - Monguno Road","osmWay":518679322,"major":true,"bridge":false},"geometry":{"type":"LineString","coordinates":[[13.0908987,11.9149034],[13.0872967,11.9263786],[13.0869922,11.9272409],[13.0861634,11.9286869]]}},{"type":"Feature","properties":{"kind":"road","id":"road-518679322-2","name":"Maiduguri - Monguno Road","osmWay":518679322,"major":true,"bridge":false},"geometry":{"type":"LineString","coordinates":[[13.0981068,11.9029179],[13.0920406,11.9119965],[13.0915444,11.9129557],[13.0911229,11.9141613]]}},{"type":"Feature","properties":{"kind":"road","id":"road-518691589-0","name":"Unnamed mapped secondary","osmWay":518691589,"major":false,"bridge":false},"geometry":{"type":"LineString","coordinates":[[13.1493089,11.8281576],[13.1494962,11.8263603],[13.151312,11.821598],[13.1512921,11.8210195]]}},{"type":"Feature","properties":{"kind":"road","id":"road-518691590-0","name":"Unnamed mapped secondary","osmWay":518691590,"major":false,"bridge":false},"geometry":{"type":"LineString","coordinates":[[13.1514517,11.8210065],[13.151304,11.8218763],[13.1495512,11.8264929],[13.1493992,11.8281518]]}},{"type":"Feature","properties":{"kind":"road","id":"road-518691591-0","name":"Unnamed mapped tertiary","osmWay":518691591,"major":false,"bridge":false},"geometry":{"type":"LineString","coordinates":[[13.1459047,11.816581],[13.1462775,11.8159418],[13.1475408,11.8149717],[13.1491998,11.814587],[13.1523943,11.8144308]]}},{"type":"Feature","properties":{"kind":"road","id":"road-564246030-0","name":"Damboa Road","osmWay":564246030,"major":true,"bridge":false},"geometry":{"type":"LineString","coordinates":[[13.1477688,11.8297994],[13.14886,11.8313839]]}},{"type":"Feature","properties":{"kind":"road","id":"road-564246031-0","name":"Damboa Road","osmWay":564246031,"major":true,"bridge":false},"geometry":{"type":"LineString","coordinates":[[13.1476957,11.8297417],[13.1476401,11.8296668]]}},{"type":"Feature","properties":{"kind":"road","id":"road-564869721-0","name":"Unnamed mapped tertiary","osmWay":564869721,"major":false,"bridge":false},"geometry":{"type":"LineString","coordinates":[[13.1415488,11.8297837],[13.1408509,11.8295306],[13.1396752,11.8282019],[13.1388363,11.8277347],[13.135011,11.826528],[13.1315112,11.8259928],[13.1272378,11.8242942]]}},{"type":"Feature","properties":{"kind":"road","id":"road-564873374-0","name":"Unnamed mapped tertiary","osmWay":564873374,"major":false,"bridge":false},"geometry":{"type":"LineString","coordinates":[[13.1444543,11.8324581],[13.143708,11.8314205],[13.143366,11.8305883],[13.1430294,11.8301814],[13.1424805,11.8299111],[13.1415488,11.8297837]]}},{"type":"Feature","properties":{"kind":"road","id":"road-564877994-0","name":"Unnamed mapped secondary","osmWay":564877994,"major":false,"bridge":false},"geometry":{"type":"LineString","coordinates":[[13.1494683,11.8371738],[13.1491875,11.8373244]]}},{"type":"Feature","properties":{"kind":"road","id":"road-564893193-0","name":"Unnamed mapped secondary","osmWay":564893193,"major":false,"bridge":false},"geometry":{"type":"LineString","coordinates":[[13.1565547,11.8480679],[13.1563579,11.8480948]]}},{"type":"Feature","properties":{"kind":"road","id":"road-564893194-0","name":"Unnamed mapped secondary","osmWay":564893194,"major":false,"bridge":false},"geometry":{"type":"LineString","coordinates":[[13.1566055,11.8472477],[13.1566649,11.8468679]]}},{"type":"Feature","properties":{"kind":"road","id":"road-564903270-0","name":"Unnamed mapped tertiary","osmWay":564903270,"major":false,"bridge":false},"geometry":{"type":"LineString","coordinates":[[13.1518853,11.8447737],[13.15185,11.8448492]]}},{"type":"Feature","properties":{"kind":"road","id":"road-564903276-0","name":"Unnamed mapped trunk_link","osmWay":564903276,"major":false,"bridge":false},"geometry":{"type":"LineString","coordinates":[[13.1461049,11.8407051],[13.1464353,11.8407355]]}},{"type":"Feature","properties":{"kind":"road","id":"road-564962530-0","name":"Unnamed mapped tertiary","osmWay":564962530,"major":false,"bridge":false},"geometry":{"type":"LineString","coordinates":[[13.1471667,11.8469417],[13.1516408,11.8486875],[13.1524294,11.8491128],[13.1546221,11.8510946]]}},{"type":"Feature","properties":{"kind":"road","id":"road-564962533-0","name":"Unnamed mapped secondary","osmWay":564962533,"major":false,"bridge":false},"geometry":{"type":"LineString","coordinates":[[13.1546221,11.8510946],[13.1553824,11.8501917],[13.1563579,11.8480948],[13.1566055,11.8472477]]}},{"type":"Feature","properties":{"kind":"road","id":"road-565190061-0","name":"Unnamed mapped tertiary","osmWay":565190061,"major":false,"bridge":false},"geometry":{"type":"LineString","coordinates":[[13.1148796,11.8427245],[13.1138925,11.8422494],[13.1134564,11.8429133]]}},{"type":"Feature","properties":{"kind":"road","id":"road-565290478-0","name":"Unnamed mapped tertiary","osmWay":565290478,"major":false,"bridge":false},"geometry":{"type":"LineString","coordinates":[[13.1466161,11.8278292],[13.1473021,11.8266557],[13.1480189,11.8248521]]}},{"type":"Feature","properties":{"kind":"road","id":"road-565290479-0","name":"Unnamed mapped tertiary","osmWay":565290479,"major":false,"bridge":false},"geometry":{"type":"LineString","coordinates":[[13.1498167,11.8255268],[13.1466832,11.824352],[13.145894,11.8236117],[13.1454916,11.8229973],[13.1451872,11.8220469],[13.1451349,11.820985],[13.1459047,11.816581]]}},{"type":"Feature","properties":{"kind":"road","id":"road-565290491-0","name":"Unnamed mapped tertiary","osmWay":565290491,"major":false,"bridge":false},"geometry":{"type":"LineString","coordinates":[[13.1391298,11.8128073],[13.139329,11.8127123]]}},{"type":"Feature","properties":{"kind":"road","id":"road-566569755-0","name":"Unnamed mapped tertiary","osmWay":566569755,"major":false,"bridge":false},"geometry":{"type":"LineString","coordinates":[[13.1652625,11.8135414],[13.1656444,11.8132795]]}},{"type":"Feature","properties":{"kind":"road","id":"road-566569756-0","name":"Unnamed mapped tertiary","osmWay":566569756,"major":false,"bridge":false},"geometry":{"type":"LineString","coordinates":[[13.1657912,11.8133636],[13.165605,11.8138981]]}},{"type":"Feature","properties":{"kind":"road","id":"road-566583805-0","name":"Unnamed mapped secondary","osmWay":566583805,"major":false,"bridge":false},"geometry":{"type":"LineString","coordinates":[[13.15533,11.8369109],[13.1552822,11.8365264]]}},{"type":"Feature","properties":{"kind":"road","id":"road-566602656-0","name":"Unnamed mapped secondary","osmWay":566602656,"major":false,"bridge":false},"geometry":{"type":"LineString","coordinates":[[13.1509741,11.856107],[13.1538453,11.8518046]]}},{"type":"Feature","properties":{"kind":"road","id":"road-566602659-0","name":"Unnamed mapped secondary","osmWay":566602659,"major":false,"bridge":false},"geometry":{"type":"LineString","coordinates":[[13.1509284,11.8561818],[13.1509741,11.856107]]}},{"type":"Feature","properties":{"kind":"road","id":"road-566855283-0","name":"Unnamed mapped tertiary","osmWay":566855283,"major":false,"bridge":false},"geometry":{"type":"LineString","coordinates":[[13.1567582,11.8581059],[13.1567724,11.8581787]]}},{"type":"Feature","properties":{"kind":"road","id":"road-566861980-0","name":"Unnamed mapped tertiary","osmWay":566861980,"major":false,"bridge":false},"geometry":{"type":"LineString","coordinates":[[13.1390737,11.8593836],[13.1390168,11.8593029]]}},{"type":"Feature","properties":{"kind":"road","id":"road-566861981-0","name":"Unnamed mapped tertiary","osmWay":566861981,"major":false,"bridge":false},"geometry":{"type":"LineString","coordinates":[[13.1258109,11.8637456],[13.1259129,11.8639481]]}},{"type":"Feature","properties":{"kind":"road","id":"road-566861986-0","name":"Unnamed mapped tertiary","osmWay":566861986,"major":false,"bridge":false},"geometry":{"type":"LineString","coordinates":[[13.1237449,11.8674565],[13.1237973,11.8675379]]}},{"type":"Feature","properties":{"kind":"road","id":"road-566866671-0","name":"Unnamed mapped tertiary","osmWay":566866671,"major":false,"bridge":false},"geometry":{"type":"LineString","coordinates":[[13.1234935,11.8612716],[13.1242123,11.8627901],[13.1244269,11.8639346],[13.1243062,11.8649268],[13.1239387,11.8653639],[13.1221095,11.8664978],[13.1215744,11.8666527],[13.1212029,11.8666094]]}},{"type":"Feature","properties":{"kind":"road","id":"road-567609704-0","name":"Unnamed mapped tertiary","osmWay":567609704,"major":false,"bridge":false},"geometry":{"type":"LineString","coordinates":[[13.1181103,11.8732772],[13.1180265,11.8732496]]}},{"type":"Feature","properties":{"kind":"road","id":"road-568001606-0","name":"Unnamed mapped tertiary_link","osmWay":568001606,"major":false,"bridge":false},"geometry":{"type":"LineString","coordinates":[[13.1115622,11.8592583],[13.1117179,11.85877]]}},{"type":"Feature","properties":{"kind":"road","id":"road-568001607-0","name":"Unnamed mapped tertiary","osmWay":568001607,"major":false,"bridge":false},"geometry":{"type":"LineString","coordinates":[[13.1045856,11.8654332],[13.1043304,11.8658049],[13.1041283,11.8664582]]}},{"type":"Feature","properties":{"kind":"road","id":"road-568001607-1","name":"Unnamed mapped tertiary","osmWay":568001607,"major":false,"bridge":false},"geometry":{"type":"LineString","coordinates":[[13.1044257,11.8676065],[13.1044396,11.8676265]]}},{"type":"Feature","properties":{"kind":"road","id":"road-568001607-2","name":"Unnamed mapped tertiary","osmWay":568001607,"major":false,"bridge":false},"geometry":{"type":"LineString","coordinates":[[13.1046056,11.8678213],[13.1053027,11.8682775],[13.1180612,11.8731686]]}},{"type":"Feature","properties":{"kind":"road","id":"road-568001607-3","name":"Unnamed mapped tertiary","osmWay":568001607,"major":false,"bridge":false},"geometry":{"type":"LineString","coordinates":[[13.1119492,11.8591198],[13.1105243,11.8601737],[13.1050676,11.8649945]]}},{"type":"Feature","properties":{"kind":"road","id":"road-568001608-0","name":"Unnamed mapped tertiary_link","osmWay":568001608,"major":false,"bridge":false},"geometry":{"type":"LineString","coordinates":[[13.1117863,11.8587405],[13.1123443,11.8587998]]}},{"type":"Feature","properties":{"kind":"road","id":"road-568006629-0","name":"Unnamed mapped tertiary","osmWay":568006629,"major":false,"bridge":false},"geometry":{"type":"LineString","coordinates":[[13.1180612,11.8731686],[13.118141,11.8732044]]}},{"type":"Feature","properties":{"kind":"road","id":"road-568006630-0","name":"Unnamed mapped tertiary","osmWay":568006630,"major":false,"bridge":false},"geometry":{"type":"LineString","coordinates":[[13.111901,11.8590431],[13.1119808,11.8590129]]}},{"type":"Feature","properties":{"kind":"road","id":"road-568006631-0","name":"Unnamed mapped tertiary","osmWay":568006631,"major":false,"bridge":false},"geometry":{"type":"LineString","coordinates":[[13.1115622,11.8592583],[13.111901,11.8590431]]}},{"type":"Feature","properties":{"kind":"road","id":"road-568006632-0","name":"Unnamed mapped tertiary","osmWay":568006632,"major":false,"bridge":false},"geometry":{"type":"LineString","coordinates":[[13.1125353,11.8587083],[13.1136417,11.8579563],[13.1176865,11.8546514]]}},{"type":"Feature","properties":{"kind":"road","id":"road-568006633-0","name":"Unnamed mapped tertiary","osmWay":568006633,"major":false,"bridge":false},"geometry":{"type":"LineString","coordinates":[[13.111901,11.8590431],[13.1117179,11.85877]]}},{"type":"Feature","properties":{"kind":"road","id":"road-568045311-0","name":"Unnamed mapped tertiary","osmWay":568045311,"major":false,"bridge":false},"geometry":{"type":"LineString","coordinates":[[13.1400336,11.8654727],[13.148907,11.8590249]]}},{"type":"Feature","properties":{"kind":"road","id":"road-568045313-0","name":"Unnamed mapped tertiary","osmWay":568045313,"major":false,"bridge":false},"geometry":{"type":"LineString","coordinates":[[13.148907,11.8590249],[13.1509284,11.8561818]]}},{"type":"Feature","properties":{"kind":"road","id":"road-568844686-0","name":"Unnamed mapped tertiary","osmWay":568844686,"major":false,"bridge":false},"geometry":{"type":"LineString","coordinates":[[13.1448652,11.804772],[13.1450019,11.8044629]]}},{"type":"Feature","properties":{"kind":"road","id":"road-568844687-0","name":"Unnamed mapped tertiary","osmWay":568844687,"major":false,"bridge":false},"geometry":{"type":"LineString","coordinates":[[13.1450019,11.8044629],[13.1476159,11.8028093]]}},{"type":"Feature","properties":{"kind":"road","id":"road-568844688-0","name":"Unnamed mapped tertiary","osmWay":568844688,"major":false,"bridge":false},"geometry":{"type":"LineString","coordinates":[[13.1448889,11.8044629],[13.1448652,11.804772]]}},{"type":"Feature","properties":{"kind":"road","id":"road-568844689-0","name":"Unnamed mapped tertiary","osmWay":568844689,"major":false,"bridge":false},"geometry":{"type":"LineString","coordinates":[[13.1448889,11.8044629],[13.1450019,11.8044629]]}},{"type":"Feature","properties":{"kind":"road","id":"road-568848746-0","name":"Unnamed mapped secondary","osmWay":568848746,"major":false,"bridge":false},"geometry":{"type":"LineString","coordinates":[[13.1504056,11.80876],[13.1525445,11.8147012],[13.1525083,11.8154888],[13.1519477,11.8173332]]}},{"type":"Feature","properties":{"kind":"road","id":"road-568848747-0","name":"Unnamed mapped secondary","osmWay":568848747,"major":false,"bridge":false},"geometry":{"type":"LineString","coordinates":[[13.1457813,11.800488],[13.1480549,11.803235],[13.1487364,11.8042303],[13.1504056,11.80876]]}},{"type":"Feature","properties":{"kind":"road","id":"road-568848748-0","name":"Unnamed mapped secondary","osmWay":568848748,"major":false,"bridge":false},"geometry":{"type":"LineString","coordinates":[[13.1448211,11.799656],[13.1457813,11.800488]]}},{"type":"Feature","properties":{"kind":"road","id":"road-568848749-0","name":"Unnamed mapped secondary","osmWay":568848749,"major":false,"bridge":false},"geometry":{"type":"LineString","coordinates":[[13.1403351,11.7884737],[13.1418526,11.7926851],[13.1424138,11.7979389],[13.1426954,11.7983144],[13.1448211,11.799656]]}},{"type":"Feature","properties":{"kind":"road","id":"road-568848752-0","name":"Unnamed mapped tertiary","osmWay":568848752,"major":false,"bridge":false},"geometry":{"type":"LineString","coordinates":[[13.1442498,11.806061],[13.144302,11.8060006]]}},{"type":"Feature","properties":{"kind":"road","id":"road-568876971-0","name":"Unnamed mapped tertiary","osmWay":568876971,"major":false,"bridge":false},"geometry":{"type":"LineString","coordinates":[[13.1503427,11.8148168],[13.1499079,11.816854]]}},{"type":"Feature","properties":{"kind":"road","id":"road-568876976-0","name":"B-3","osmWay":568876976,"major":false,"bridge":false},"geometry":{"type":"LineString","coordinates":[[13.1031896,11.7494238],[13.1014186,11.7507609]]}},{"type":"Feature","properties":{"kind":"road","id":"road-568876977-0","name":"Unnamed mapped tertiary","osmWay":568876977,"major":false,"bridge":false},"geometry":{"type":"LineString","coordinates":[[13.1524768,11.8144028],[13.1558795,11.8128379]]}},{"type":"Feature","properties":{"kind":"road","id":"road-568876978-0","name":"Unnamed mapped tertiary","osmWay":568876978,"major":false,"bridge":false},"geometry":{"type":"LineString","coordinates":[[13.149,11.8050462],[13.1490791,11.8050305]]}},{"type":"Feature","properties":{"kind":"road","id":"road-568876979-0","name":"Unnamed mapped secondary","osmWay":568876979,"major":false,"bridge":false},"geometry":{"type":"LineString","coordinates":[[13.1402543,11.7883453],[13.1403351,11.7884737]]}},{"type":"Feature","properties":{"kind":"road","id":"road-568876980-0","name":"Unnamed mapped secondary","osmWay":568876980,"major":false,"bridge":false},"geometry":{"type":"LineString","coordinates":[[13.1401903,11.7884947],[13.1402543,11.7883453]]}},{"type":"Feature","properties":{"kind":"road","id":"road-568876982-0","name":"Unnamed mapped tertiary","osmWay":568876982,"major":false,"bridge":false},"geometry":{"type":"LineString","coordinates":[[13.15626,11.81309],[13.1564139,11.8125098]]}},{"type":"Feature","properties":{"kind":"road","id":"road-568876983-0","name":"Unnamed mapped tertiary","osmWay":568876983,"major":false,"bridge":false},"geometry":{"type":"LineString","coordinates":[[13.1558795,11.8128379],[13.15626,11.81309]]}},{"type":"Feature","properties":{"kind":"road","id":"road-568876984-0","name":"Unnamed mapped tertiary","osmWay":568876984,"major":false,"bridge":false},"geometry":{"type":"LineString","coordinates":[[13.1514636,11.8192274],[13.1534796,11.8193254],[13.1542464,11.8195949],[13.1550041,11.8195765],[13.1564257,11.8188309],[13.1570037,11.8183951],[13.157064,11.8180565],[13.1563532,11.8150058],[13.15626,11.81309]]}},{"type":"Feature","properties":{"kind":"road","id":"road-568876985-0","name":"Unnamed mapped secondary","osmWay":568876985,"major":false,"bridge":false},"geometry":{"type":"LineString","coordinates":[[13.1514636,11.8192274],[13.1512772,11.8199113],[13.1514086,11.8208604]]}},{"type":"Feature","properties":{"kind":"road","id":"road-568876986-0","name":"Unnamed mapped secondary","osmWay":568876986,"major":false,"bridge":false},"geometry":{"type":"LineString","coordinates":[[13.1519477,11.8173332],[13.1514636,11.8192274]]}},{"type":"Feature","properties":{"kind":"road","id":"road-568891678-0","name":"Unnamed mapped tertiary","osmWay":568891678,"major":false,"bridge":false},"geometry":{"type":"LineString","coordinates":[[13.1523943,11.8144308],[13.1524768,11.8144028]]}},{"type":"Feature","properties":{"kind":"road","id":"road-568891685-0","name":"Unnamed mapped tertiary","osmWay":568891685,"major":false,"bridge":false},"geometry":{"type":"LineString","coordinates":[[13.1420255,11.8001503],[13.1435698,11.801318],[13.1447339,11.8029104],[13.1448935,11.8033948],[13.1448889,11.8044629]]}},{"type":"Feature","properties":{"kind":"road","id":"road-568891686-0","name":"Unnamed mapped tertiary","osmWay":568891686,"major":false,"bridge":false},"geometry":{"type":"LineString","coordinates":[[13.1420255,11.8001503],[13.1416969,11.8000393]]}},{"type":"Feature","properties":{"kind":"road","id":"road-568891687-0","name":"Unnamed mapped tertiary","osmWay":568891687,"major":false,"bridge":false},"geometry":{"type":"LineString","coordinates":[[13.1420255,11.8001503],[13.1420517,11.7999987]]}},{"type":"Feature","properties":{"kind":"road","id":"road-568891688-0","name":"Unnamed mapped tertiary","osmWay":568891688,"major":false,"bridge":false},"geometry":{"type":"LineString","coordinates":[[13.1416969,11.8000393],[13.1420517,11.7999987]]}},{"type":"Feature","properties":{"kind":"road","id":"road-568901851-0","name":"Unnamed mapped tertiary","osmWay":568901851,"major":false,"bridge":false},"geometry":{"type":"LineString","coordinates":[[13.1617914,11.8077413],[13.1618151,11.8076883]]}},{"type":"Feature","properties":{"kind":"road","id":"road-568901852-0","name":"Unnamed mapped tertiary","osmWay":568901852,"major":false,"bridge":false},"geometry":{"type":"LineString","coordinates":[[13.1564139,11.8125098],[13.1573296,11.811325],[13.1580175,11.8107382],[13.1587552,11.8103155],[13.1604248,11.8097458],[13.1607494,11.8095318],[13.1617914,11.8077413]]}},{"type":"Feature","properties":{"kind":"road","id":"road-568901862-0","name":"Unnamed mapped tertiary","osmWay":568901862,"major":false,"bridge":false},"geometry":{"type":"LineString","coordinates":[[13.1503873,11.7910806],[13.1503612,11.7906333]]}},{"type":"Feature","properties":{"kind":"road","id":"road-569201760-0","name":"Unnamed mapped tertiary","osmWay":569201760,"major":false,"bridge":false},"geometry":{"type":"LineString","coordinates":[[13.1125353,11.8587083],[13.1120194,11.8590725]]}},{"type":"Feature","properties":{"kind":"road","id":"road-569243666-0","name":"Unnamed mapped tertiary","osmWay":569243666,"major":false,"bridge":false},"geometry":{"type":"LineString","coordinates":[[13.1497566,11.8069131],[13.1496803,11.8069381]]}},{"type":"Feature","properties":{"kind":"road","id":"road-569243667-0","name":"Unnamed mapped tertiary","osmWay":569243667,"major":false,"bridge":false},"geometry":{"type":"LineString","coordinates":[[13.1496559,11.8068696],[13.1497333,11.8068479]]}},{"type":"Feature","properties":{"kind":"road","id":"road-569419480-0","name":"Unnamed mapped tertiary","osmWay":569419480,"major":false,"bridge":false},"geometry":{"type":"LineString","coordinates":[[13.1497333,11.8068479],[13.1498122,11.8068623]]}},{"type":"Feature","properties":{"kind":"road","id":"road-569419481-0","name":"Unnamed mapped tertiary","osmWay":569419481,"major":false,"bridge":false},"geometry":{"type":"LineString","coordinates":[[13.1498122,11.8068623],[13.1497566,11.8069131]]}},{"type":"Feature","properties":{"kind":"road","id":"road-569487721-0","name":"Unnamed mapped tertiary","osmWay":569487721,"major":false,"bridge":false},"geometry":{"type":"LineString","coordinates":[[13.1824871,11.8487109],[13.1812428,11.8481676],[13.1810183,11.8482617]]}},{"type":"Feature","properties":{"kind":"road","id":"road-569487723-0","name":"Unnamed mapped tertiary","osmWay":569487723,"major":false,"bridge":false},"geometry":{"type":"LineString","coordinates":[[13.1801223,11.8481284],[13.1807354,11.8483201],[13.1810183,11.8482617]]}},{"type":"Feature","properties":{"kind":"road","id":"road-569494287-0","name":"Unnamed mapped tertiary","osmWay":569494287,"major":false,"bridge":false},"geometry":{"type":"LineString","coordinates":[[13.1878579,11.8380512],[13.1869492,11.8409613]]}},{"type":"Feature","properties":{"kind":"road","id":"road-569532788-0","name":"Unnamed mapped secondary","osmWay":569532788,"major":false,"bridge":false},"geometry":{"type":"LineString","coordinates":[[13.1904388,11.8288032],[13.1834182,11.825933],[13.1824507,11.8285472]]}},{"type":"Feature","properties":{"kind":"road","id":"road-569566564-0","name":"Unnamed mapped secondary","osmWay":569566564,"major":false,"bridge":false},"geometry":{"type":"LineString","coordinates":[[13.1798822,11.8201633],[13.1797879,11.8201417]]}},{"type":"Feature","properties":{"kind":"road","id":"road-570133479-0","name":"Unnamed mapped tertiary","osmWay":570133479,"major":false,"bridge":false},"geometry":{"type":"LineString","coordinates":[[13.1468314,11.7985612],[13.1488457,11.7984949]]}},{"type":"Feature","properties":{"kind":"road","id":"road-570133480-0","name":"Unnamed mapped tertiary","osmWay":570133480,"major":false,"bridge":false},"geometry":{"type":"LineString","coordinates":[[13.1457813,11.800488],[13.1468314,11.7985612]]}},{"type":"Feature","properties":{"kind":"road","id":"road-570844228-0","name":"Unnamed mapped tertiary","osmWay":570844228,"major":false,"bridge":false},"geometry":{"type":"LineString","coordinates":[[13.1792569,11.8158541],[13.1806058,11.8160047]]}},{"type":"Feature","properties":{"kind":"road","id":"road-570844229-0","name":"Unnamed mapped tertiary","osmWay":570844229,"major":false,"bridge":false},"geometry":{"type":"LineString","coordinates":[[13.1792569,11.8158541],[13.1790903,11.8120785]]}},{"type":"Feature","properties":{"kind":"road","id":"road-570871916-0","name":"Unnamed mapped secondary","osmWay":570871916,"major":false,"bridge":false},"geometry":{"type":"LineString","coordinates":[[13.1760662,11.8361983],[13.1761562,11.8362131]]}},{"type":"Feature","properties":{"kind":"road","id":"road-571159645-0","name":"Unnamed mapped tertiary","osmWay":571159645,"major":false,"bridge":false},"geometry":{"type":"LineString","coordinates":[[13.1120194,11.8590725],[13.1119492,11.8591198]]}},{"type":"Feature","properties":{"kind":"road","id":"road-571159646-0","name":"Unnamed mapped tertiary","osmWay":571159646,"major":false,"bridge":false},"geometry":{"type":"LineString","coordinates":[[13.1119808,11.8590129],[13.1125353,11.8587083]]}},{"type":"Feature","properties":{"kind":"road","id":"road-571159647-0","name":"Unnamed mapped tertiary","osmWay":571159647,"major":false,"bridge":false},"geometry":{"type":"LineString","coordinates":[[13.1119808,11.8590129],[13.1120194,11.8590725]]}},{"type":"Feature","properties":{"kind":"road","id":"road-571159648-0","name":"Unnamed mapped tertiary","osmWay":571159648,"major":false,"bridge":false},"geometry":{"type":"LineString","coordinates":[[13.1119492,11.8591198],[13.111901,11.8590431]]}},{"type":"Feature","properties":{"kind":"road","id":"road-571846633-0","name":"Unnamed mapped trunk_link","osmWay":571846633,"major":false,"bridge":false},"geometry":{"type":"LineString","coordinates":[[13.1464353,11.8407355],[13.146252,11.8410956]]}},{"type":"Feature","properties":{"kind":"road","id":"road-571862710-0","name":"Unnamed mapped tertiary","osmWay":571862710,"major":false,"bridge":false},"geometry":{"type":"LineString","coordinates":[[13.1400336,11.8654727],[13.1361991,11.8612913]]}},{"type":"Feature","properties":{"kind":"road","id":"road-572249858-0","name":"Unnamed mapped tertiary","osmWay":572249858,"major":false,"bridge":false},"geometry":{"type":"LineString","coordinates":[[13.1590925,11.8169324],[13.1594632,11.8168205]]}},{"type":"Feature","properties":{"kind":"road","id":"road-572249859-0","name":"Unnamed mapped tertiary","osmWay":572249859,"major":false,"bridge":false},"geometry":{"type":"LineString","coordinates":[[13.159322,11.8172494],[13.1590525,11.8171453]]}},{"type":"Feature","properties":{"kind":"road","id":"road-572249860-0","name":"Unnamed mapped tertiary","osmWay":572249860,"major":false,"bridge":false},"geometry":{"type":"LineString","coordinates":[[13.1587764,11.8168568],[13.1589609,11.816931]]}},{"type":"Feature","properties":{"kind":"road","id":"road-572249861-0","name":"Unnamed mapped tertiary","osmWay":572249861,"major":false,"bridge":false},"geometry":{"type":"LineString","coordinates":[[13.1589071,11.8170515],[13.1587764,11.8168568]]}},{"type":"Feature","properties":{"kind":"road","id":"road-572249862-0","name":"Unnamed mapped tertiary","osmWay":572249862,"major":false,"bridge":false},"geometry":{"type":"LineString","coordinates":[[13.1594632,11.8168205],[13.1591457,11.8170388]]}},{"type":"Feature","properties":{"kind":"road","id":"road-572249863-0","name":"Unnamed mapped tertiary","osmWay":572249863,"major":false,"bridge":false},"geometry":{"type":"LineString","coordinates":[[13.159139,11.81707],[13.159322,11.8172494]]}},{"type":"Feature","properties":{"kind":"road","id":"road-572280944-0","name":"Unnamed mapped tertiary","osmWay":572280944,"major":false,"bridge":false},"geometry":{"type":"LineString","coordinates":[[13.1737226,11.8469103],[13.1765444,11.8474754]]}},{"type":"Feature","properties":{"kind":"road","id":"road-572280946-0","name":"Unnamed mapped trunk_link","osmWay":572280946,"major":false,"bridge":false},"geometry":{"type":"LineString","coordinates":[[13.0981312,11.8345379],[13.0981376,11.8345881]]}},{"type":"Feature","properties":{"kind":"road","id":"road-572280948-0","name":"Kano-Maiduguri Highway","osmWay":572280948,"major":true,"bridge":false},"geometry":{"type":"LineString","coordinates":[[13.0917403,11.8349915],[13.0936271,11.8346981],[13.0963561,11.8345959]]}},{"type":"Feature","properties":{"kind":"road","id":"road-572316086-0","name":"A4","osmWay":572316086,"major":true,"bridge":false},"geometry":{"type":"LineString","coordinates":[[13.1168557,11.8341245],[13.1171085,11.8344992],[13.1175638,11.8345163],[13.1178541,11.8342124],[13.1177032,11.833839]]}},{"type":"Feature","properties":{"kind":"road","id":"road-572316087-0","name":"A4","osmWay":572316087,"major":true,"bridge":false},"geometry":{"type":"LineString","coordinates":[[13.1183128,11.8337819],[13.1177891,11.8344533],[13.1174505,11.8346272],[13.1170186,11.8345287],[13.1167723,11.8341272]]}},{"type":"Feature","properties":{"kind":"road","id":"road-572316501-0","name":"Unnamed mapped tertiary","osmWay":572316501,"major":false,"bridge":false},"geometry":{"type":"LineString","coordinates":[[13.1457813,11.800488],[13.1457364,11.8005526]]}},{"type":"Feature","properties":{"kind":"road","id":"road-572422003-0","name":"Unnamed mapped trunk_link","osmWay":572422003,"major":false,"bridge":false},"geometry":{"type":"LineString","coordinates":[[13.1844938,11.8059089],[13.184562,11.805969]]}},{"type":"Feature","properties":{"kind":"road","id":"road-572422005-0","name":"Unnamed mapped trunk_link","osmWay":572422005,"major":false,"bridge":false},"geometry":{"type":"LineString","coordinates":[[13.1832818,11.8072286],[13.1833463,11.8072803]]}},{"type":"Feature","properties":{"kind":"road","id":"road-572422006-0","name":"Unnamed mapped trunk_link","osmWay":572422006,"major":false,"bridge":false},"geometry":{"type":"LineString","coordinates":[[13.1816286,11.8106719],[13.1817119,11.810681]]}},{"type":"Feature","properties":{"kind":"road","id":"road-572423803-0","name":"Unnamed mapped tertiary_link","osmWay":572423803,"major":false,"bridge":false},"geometry":{"type":"LineString","coordinates":[[13.1059002,11.8684944],[13.1059445,11.868599]]}},{"type":"Feature","properties":{"kind":"road","id":"road-572423810-0","name":"Unnamed mapped tertiary","osmWay":572423810,"major":false,"bridge":false},"geometry":{"type":"LineString","coordinates":[[13.1444993,11.832525],[13.1444543,11.8324581]]}},{"type":"Feature","properties":{"kind":"road","id":"road-573018409-0","name":"Unnamed mapped tertiary","osmWay":573018409,"major":false,"bridge":false},"geometry":{"type":"LineString","coordinates":[[13.1272378,11.8242942],[13.1256621,11.8293518],[13.1251551,11.8331151]]}},{"type":"Feature","properties":{"kind":"road","id":"road-573496138-0","name":"Unnamed mapped trunk_link","osmWay":573496138,"major":false,"bridge":false},"geometry":{"type":"LineString","coordinates":[[13.1442461,11.8389913],[13.1445167,11.8389941]]}},{"type":"Feature","properties":{"kind":"road","id":"road-573496139-0","name":"Unnamed mapped trunk_link","osmWay":573496139,"major":false,"bridge":false},"geometry":{"type":"LineString","coordinates":[[13.1445167,11.8389941],[13.1446072,11.8392344]]}},{"type":"Feature","properties":{"kind":"road","id":"road-573825750-0","name":"Unnamed mapped secondary","osmWay":573825750,"major":false,"bridge":false},"geometry":{"type":"LineString","coordinates":[[13.1652109,11.8554658],[13.1652575,11.855519]]}},{"type":"Feature","properties":{"kind":"road","id":"road-573825753-0","name":"Unnamed mapped tertiary","osmWay":573825753,"major":false,"bridge":false},"geometry":{"type":"LineString","coordinates":[[13.1625833,11.8568709],[13.1625974,11.8569575]]}},{"type":"Feature","properties":{"kind":"road","id":"road-573825755-0","name":"Unnamed mapped primary_link","osmWay":573825755,"major":false,"bridge":false},"geometry":{"type":"LineString","coordinates":[[13.1483703,11.8443783],[13.1484353,11.844408]]}},{"type":"Feature","properties":{"kind":"road","id":"road-579162844-0","name":"Unnamed mapped tertiary","osmWay":579162844,"major":false,"bridge":false},"geometry":{"type":"LineString","coordinates":[[13.1429945,11.798594],[13.1430227,11.7985192]]}},{"type":"Feature","properties":{"kind":"road","id":"road-579162846-0","name":"Unnamed mapped tertiary","osmWay":579162846,"major":false,"bridge":false},"geometry":{"type":"LineString","coordinates":[[13.1476159,11.8028093],[13.1476661,11.8027655]]}},{"type":"Feature","properties":{"kind":"road","id":"road-580379415-0","name":"B-8","osmWay":580379415,"major":false,"bridge":false},"geometry":{"type":"LineString","coordinates":[[13.1575274,11.8579471],[13.1574452,11.8578837]]}},{"type":"Feature","properties":{"kind":"road","id":"road-583883332-0","name":"Unnamed mapped secondary","osmWay":583883332,"major":false,"bridge":false},"geometry":{"type":"LineString","coordinates":[[13.1798031,11.8200706],[13.1798981,11.8200891]]}},{"type":"Feature","properties":{"kind":"road","id":"road-583883334-0","name":"Unnamed mapped tertiary","osmWay":583883334,"major":false,"bridge":false},"geometry":{"type":"LineString","coordinates":[[13.1752966,11.8193949],[13.1753031,11.8194805]]}},{"type":"Feature","properties":{"kind":"road","id":"road-583883336-0","name":"Unnamed mapped secondary","osmWay":583883336,"major":false,"bridge":false},"geometry":{"type":"LineString","coordinates":[[13.1555586,11.8251849],[13.1541094,11.8294482],[13.1536124,11.831421],[13.1536357,11.8319294]]}},{"type":"Feature","properties":{"kind":"road","id":"road-583883337-0","name":"Unnamed mapped secondary_link","osmWay":583883337,"major":false,"bridge":false},"geometry":{"type":"LineString","coordinates":[[13.1553435,11.8246723],[13.1557504,11.8247499]]}},{"type":"Feature","properties":{"kind":"road","id":"road-583883339-0","name":"Unnamed mapped tertiary","osmWay":583883339,"major":false,"bridge":false},"geometry":{"type":"LineString","coordinates":[[13.1645655,11.8204264],[13.1645552,11.8203115]]}},{"type":"Feature","properties":{"kind":"road","id":"road-583883341-0","name":"Unnamed mapped secondary","osmWay":583883341,"major":false,"bridge":true},"geometry":{"type":"LineString","coordinates":[[13.1701396,11.8198746],[13.1712985,11.8198598]]}},{"type":"Feature","properties":{"kind":"road","id":"road-583883343-0","name":"Unnamed mapped secondary","osmWay":583883343,"major":false,"bridge":false},"geometry":{"type":"LineString","coordinates":[[13.1712985,11.8198598],[13.1729061,11.8197783],[13.1752966,11.8193949],[13.1798031,11.8200706]]}},{"type":"Feature","properties":{"kind":"road","id":"road-583883344-0","name":"Unnamed mapped secondary","osmWay":583883344,"major":false,"bridge":false},"geometry":{"type":"LineString","coordinates":[[13.1556221,11.8248682],[13.1585735,11.8222595],[13.1601529,11.821509],[13.1625491,11.8207296],[13.1645552,11.8203115],[13.1681237,11.8201236],[13.1701396,11.8198746]]}},{"type":"Feature","properties":{"kind":"road","id":"road-592020608-0","name":"Maiduguri - Damasak Road","osmWay":592020608,"major":true,"bridge":false},"geometry":{"type":"LineString","coordinates":[[13.0981721,11.9026966],[13.0966982,11.9019289],[13.0948971,11.9015077],[13.0931926,11.9013121],[13.0918609,11.9013686],[13.0774075,11.9030121]]}},{"type":"Feature","properties":{"kind":"road","id":"road-837461361-0","name":"Unnamed mapped tertiary","osmWay":837461361,"major":false,"bridge":false},"geometry":{"type":"LineString","coordinates":[[13.143189,11.8768686],[13.1434089,11.8760759],[13.1428232,11.8757685],[13.1433714,11.8742987],[13.1437642,11.8743161],[13.145453,11.8729942]]}},{"type":"Feature","properties":{"kind":"road","id":"road-898544173-0","name":"Unnamed mapped tertiary","osmWay":898544173,"major":false,"bridge":false},"geometry":{"type":"LineString","coordinates":[[13.1618151,11.8076883],[13.1693405,11.7941949]]}},{"type":"Feature","properties":{"kind":"road","id":"road-1039261169-0","name":"B-97","osmWay":1039261169,"major":false,"bridge":false},"geometry":{"type":"LineString","coordinates":[[13.1916028,11.9210864],[13.191267,11.9216895]]}},{"type":"Feature","properties":{"kind":"road","id":"road-1039261170-0","name":"B-97","osmWay":1039261170,"major":false,"bridge":false},"geometry":{"type":"LineString","coordinates":[[13.192828,11.9213096],[13.1925298,11.9214303],[13.1916028,11.9210864]]}},{"type":"Feature","properties":{"kind":"road","id":"road-1318760630-0","name":"Unnamed mapped secondary","osmWay":1318760630,"major":false,"bridge":false},"geometry":{"type":"LineString","coordinates":[[13.1618579,11.8346353],[13.1623607,11.8346841]]}},{"type":"Feature","properties":{"kind":"road","id":"road-1318760631-0","name":"Unnamed mapped secondary","osmWay":1318760631,"major":false,"bridge":false},"geometry":{"type":"LineString","coordinates":[[13.1637546,11.8349646],[13.1630296,11.8349585]]}},{"type":"Feature","properties":{"kind":"road","id":"road-1318760632-0","name":"Unnamed mapped secondary","osmWay":1318760632,"major":false,"bridge":false},"geometry":{"type":"LineString","coordinates":[[13.1761418,11.8362761],[13.1637546,11.8349646]]}},{"type":"Feature","properties":{"kind":"road","id":"road-1318760633-0","name":"Unnamed mapped secondary","osmWay":1318760633,"major":false,"bridge":false},"geometry":{"type":"LineString","coordinates":[[13.162333,11.8348894],[13.1616106,11.8347231]]}},{"type":"Feature","properties":{"kind":"road","id":"road-1318760635-0","name":"Unnamed mapped secondary","osmWay":1318760635,"major":false,"bridge":true},"geometry":{"type":"LineString","coordinates":[[13.1630296,11.8349585],[13.162333,11.8348894]]}},{"type":"Feature","properties":{"kind":"road","id":"road-1318760636-0","name":"Unnamed mapped secondary","osmWay":1318760636,"major":false,"bridge":false},"geometry":{"type":"LineString","coordinates":[[13.1610314,11.83454],[13.1618579,11.8346353]]}},{"type":"Feature","properties":{"kind":"road","id":"road-1318761014-0","name":"Unnamed mapped secondary","osmWay":1318761014,"major":false,"bridge":false},"geometry":{"type":"LineString","coordinates":[[13.1537512,11.8329384],[13.1535057,11.8323358]]}},{"type":"Feature","properties":{"kind":"road","id":"road-1318761015-0","name":"Unnamed mapped secondary","osmWay":1318761015,"major":false,"bridge":false},"geometry":{"type":"LineString","coordinates":[[13.153451,11.8319364],[13.1541659,11.8289987],[13.1556221,11.8248682]]}},{"type":"Feature","properties":{"kind":"road","id":"road-1318761016-0","name":"Unnamed mapped secondary","osmWay":1318761016,"major":false,"bridge":true},"geometry":{"type":"LineString","coordinates":[[13.1535057,11.8323358],[13.153451,11.8319364]]}},{"type":"Feature","properties":{"kind":"road","id":"road-1318979250-0","name":"A3","osmWay":1318979250,"major":true,"bridge":true},"geometry":{"type":"LineString","coordinates":[[13.1740014,11.8484714],[13.1735283,11.8480452],[13.1733721,11.8475929]]}},{"type":"Feature","properties":{"kind":"road","id":"road-1318979251-0","name":"Muna Kumburi GDSS","osmWay":1318979251,"major":true,"bridge":false},"geometry":{"type":"LineString","coordinates":[[13.1756326,11.8490262],[13.1746922,11.8487143],[13.1739196,11.848624]]}},{"type":"Feature","properties":{"kind":"road","id":"road-1319349856-0","name":"Muna Kumburi GDSS","osmWay":1319349856,"major":true,"bridge":false},"geometry":{"type":"LineString","coordinates":[[13.2906606,11.8796899],[13.2611716,11.8719205]]}},{"type":"Feature","properties":{"kind":"road","id":"road-1319349857-0","name":"A4-7","osmWay":1319349857,"major":true,"bridge":false},"geometry":{"type":"LineString","coordinates":[[13.1732842,11.8485216],[13.1724868,11.849313]]}},{"type":"Feature","properties":{"kind":"road","id":"road-1319349858-0","name":"A4-7","osmWay":1319349858,"major":true,"bridge":true},"geometry":{"type":"LineString","coordinates":[[13.1734687,11.8480627],[13.1732842,11.8485216]]}},{"type":"Feature","properties":{"kind":"road","id":"road-1319349859-0","name":"A4-7","osmWay":1319349859,"major":true,"bridge":false},"geometry":{"type":"LineString","coordinates":[[13.1738259,11.8462264],[13.1734687,11.8480627]]}},{"type":"Feature","properties":{"kind":"road","id":"road-1319349860-0","name":"Unnamed mapped trunk_link","osmWay":1319349860,"major":false,"bridge":false},"geometry":{"type":"LineString","coordinates":[[13.1737208,11.8479899],[13.1736765,11.8481823],[13.1734456,11.8482561],[13.1732297,11.8478513]]}},{"type":"Feature","properties":{"kind":"road","id":"road-1319349861-0","name":"Unnamed mapped trunk_link","osmWay":1319349861,"major":false,"bridge":false},"geometry":{"type":"LineString","coordinates":[[13.1730319,11.8485817],[13.1734829,11.8483405],[13.1740738,11.8483596]]}},{"type":"Feature","properties":{"kind":"road","id":"road-1319349862-0","name":"Unnamed mapped trunk_link","osmWay":1319349862,"major":false,"bridge":false},"geometry":{"type":"LineString","coordinates":[[13.1737699,11.8486433],[13.1737426,11.8483219]]}},{"type":"Feature","properties":{"kind":"road","id":"road-1319597614-0","name":"Unnamed mapped secondary","osmWay":1319597614,"major":false,"bridge":false},"geometry":{"type":"LineString","coordinates":[[13.1630695,11.8347558],[13.1638648,11.834863]]}},{"type":"Feature","properties":{"kind":"road","id":"road-1319597615-0","name":"Unnamed mapped secondary","osmWay":1319597615,"major":false,"bridge":false},"geometry":{"type":"LineString","coordinates":[[13.1616106,11.8347231],[13.1610314,11.83454]]}},{"type":"Feature","properties":{"kind":"road","id":"road-1323148253-0","name":"Unnamed mapped secondary","osmWay":1323148253,"major":false,"bridge":false},"geometry":{"type":"LineString","coordinates":[[13.1538453,11.8518046],[13.1546221,11.8510946]]}},{"type":"Feature","properties":{"kind":"road","id":"road-1340187811-0","name":"Unnamed mapped tertiary_link","osmWay":1340187811,"major":false,"bridge":false},"geometry":{"type":"LineString","coordinates":[[13.1025744,11.849198],[13.1026159,11.8491632]]}},{"type":"Feature","properties":{"kind":"road","id":"road-1395987735-0","name":"A4","osmWay":1395987735,"major":true,"bridge":true},"geometry":{"type":"LineString","coordinates":[[13.1167723,11.8341272],[13.1167214,11.8336716]]}},{"type":"Feature","properties":{"kind":"road","id":"road-1395987736-0","name":"A4","osmWay":1395987736,"major":true,"bridge":true},"geometry":{"type":"LineString","coordinates":[[13.1168008,11.8336609],[13.1168557,11.8341245]]}},{"type":"Feature","properties":{"kind":"road","id":"road-1458790625-0","name":"Damboa Road","osmWay":1458790625,"major":true,"bridge":false},"geometry":{"type":"LineString","coordinates":[[13.1477688,11.8297994],[13.1477563,11.8296976]]}},{"type":"Feature","properties":{"kind":"road","id":"road-1458790626-0","name":"Damboa Road","osmWay":1458790626,"major":true,"bridge":false},"geometry":{"type":"LineString","coordinates":[[13.1477688,11.8297994],[13.1476957,11.8297417]]}},{"type":"Feature","properties":{"kind":"road","id":"road-1458790627-0","name":"Unnamed mapped trunk_link","osmWay":1458790627,"major":false,"bridge":false},"geometry":{"type":"LineString","coordinates":[[13.1221602,11.7877489],[13.1218842,11.7880168]]}},{"type":"Feature","properties":{"kind":"road","id":"road-1458790628-0","name":"Damboa Road","osmWay":1458790628,"major":true,"bridge":false},"geometry":{"type":"LineString","coordinates":[[13.121863,11.7876778],[13.1234063,11.7876177],[13.1241077,11.7877352],[13.1249037,11.7881245],[13.1257016,11.7889791],[13.1288251,11.7961017],[13.1294621,11.7972721],[13.1304015,11.798724],[13.1338397,11.8029349],[13.1349674,11.8046766],[13.1383113,11.8109135],[13.144839,11.8242523],[13.1477563,11.8296976]]}},{"type":"Feature","properties":{"kind":"road","id":"road-1459054857-0","name":"Unnamed mapped primary_link","osmWay":1459054857,"major":false,"bridge":false},"geometry":{"type":"LineString","coordinates":[[13.1225641,11.7877287],[13.1225613,11.7876528]]}},{"type":"Feature","properties":{"kind":"road","id":"road-1459054858-0","name":"Unnamed mapped primary_link","osmWay":1459054858,"major":false,"bridge":false},"geometry":{"type":"LineString","coordinates":[[13.1235374,11.7877109],[13.1235351,11.7876249]]}},{"type":"Feature","properties":{"kind":"road","id":"road-1459054859-0","name":"Unnamed mapped primary_link","osmWay":1459054859,"major":false,"bridge":false},"geometry":{"type":"LineString","coordinates":[[13.1249037,11.7881245],[13.1248426,11.7881882]]}},{"type":"Feature","properties":{"kind":"road","id":"road-1459054860-0","name":"Unnamed mapped primary_link","osmWay":1459054860,"major":false,"bridge":false},"geometry":{"type":"LineString","coordinates":[[13.1320792,11.8009294],[13.132171,11.8008723]]}},{"type":"Feature","properties":{"kind":"road","id":"road-1459054861-0","name":"Unnamed mapped primary_link","osmWay":1459054861,"major":false,"bridge":false},"geometry":{"type":"LineString","coordinates":[[13.1330214,11.8020361],[13.1330918,11.8019921]]}},{"type":"Feature","properties":{"kind":"road","id":"road-1459054862-0","name":"Unnamed mapped primary_link","osmWay":1459054862,"major":false,"bridge":false},"geometry":{"type":"LineString","coordinates":[[13.1414855,11.8176427],[13.1415718,11.8176059]]}},{"type":"Feature","properties":{"kind":"road","id":"road-1459054863-0","name":"Unnamed mapped primary_link","osmWay":1459054863,"major":false,"bridge":false},"geometry":{"type":"LineString","coordinates":[[13.1437703,11.8222636],[13.1438606,11.8222299]]}},{"type":"Feature","properties":{"kind":"road","id":"road-1516989724-0","name":"Damboa Road","osmWay":1516989724,"major":true,"bridge":false},"geometry":{"type":"LineString","coordinates":[[13.1491475,11.8319075],[13.14886,11.8313839]]}},{"type":"Feature","properties":{"kind":"road","id":"road-1516989725-0","name":"Damboa Road","osmWay":1516989725,"major":true,"bridge":false},"geometry":{"type":"LineString","coordinates":[[13.14886,11.8313839],[13.14916,11.8314746]]}},{"type":"Feature","properties":{"kind":"road","id":"road-1525227289-0","name":"Muna Kumburi GDSS","osmWay":1525227289,"major":true,"bridge":false},"geometry":{"type":"LineString","coordinates":[[13.2611716,11.8719205],[13.179245,11.8503923],[13.1767643,11.8495691]]}},{"type":"Feature","properties":{"kind":"road","id":"road-1525227290-0","name":"Muna Kumburi GDSS","osmWay":1525227290,"major":true,"bridge":false},"geometry":{"type":"LineString","coordinates":[[13.1741868,11.8484005],[13.1757106,11.8488676],[13.1773055,11.8497477],[13.178191,11.8500386],[13.207041,11.8575496],[13.2611716,11.8719205]]}},{"type":"Feature","properties":{"kind":"road","id":"road-1525227291-0","name":"A3","osmWay":1525227291,"major":true,"bridge":false},"geometry":{"type":"LineString","coordinates":[[13.1767643,11.8495691],[13.1756326,11.8490262]]}},{"type":"Feature","properties":{"kind":"road","id":"road-1547692747-0","name":"Unnamed mapped secondary","osmWay":1547692747,"major":false,"bridge":false},"geometry":{"type":"LineString","coordinates":[[13.1652222,11.855554],[13.1647513,11.8547757],[13.1628537,11.8499987]]}},{"type":"Feature","properties":{"kind":"road","id":"road-1547692748-0","name":"Unnamed mapped secondary_link","osmWay":1547692748,"major":false,"bridge":false},"geometry":{"type":"LineString","coordinates":[[13.1682595,11.8508993],[13.1682757,11.8508286]]}},{"type":"Feature","properties":{"kind":"road","id":"road-1547692749-0","name":"Unnamed mapped secondary","osmWay":1547692749,"major":false,"bridge":false},"geometry":{"type":"LineString","coordinates":[[13.1699545,11.8513658],[13.1690462,11.8510653],[13.1631724,11.8497893]]}},{"type":"Feature","properties":{"kind":"road","id":"road-1547692750-0","name":"Unnamed mapped tertiary","osmWay":1547692750,"major":false,"bridge":false},"geometry":{"type":"LineString","coordinates":[[13.1650155,11.8551755],[13.1652772,11.8533443],[13.1659239,11.8504077]]}},{"type":"Feature","properties":{"kind":"road","id":"road-1557795924-0","name":"Unnamed mapped tertiary","osmWay":1557795924,"major":false,"bridge":false},"geometry":{"type":"LineString","coordinates":[[13.167576,11.8646981],[13.168557,11.8657789],[13.1707351,11.8687332],[13.1725584,11.8715557],[13.1750487,11.876272],[13.1760339,11.8794436]]}},{"type":"Feature","properties":{"kind":"road","id":"road-1557795925-0","name":"Unnamed mapped tertiary","osmWay":1557795925,"major":false,"bridge":false},"geometry":{"type":"LineString","coordinates":[[13.1760339,11.8794436],[13.1749698,11.8762884],[13.1724923,11.8715878],[13.1710709,11.8693218],[13.1696162,11.8673087],[13.168503,11.8658025],[13.1674994,11.8647473]]}},{"type":"Feature","properties":{"kind":"road","id":"road-1557795926-0","name":"Unnamed mapped tertiary","osmWay":1557795926,"major":false,"bridge":false},"geometry":{"type":"LineString","coordinates":[[13.15759,11.8579245],[13.1588539,11.8585758],[13.1639761,11.8618996],[13.167469,11.8645917]]}},{"type":"Feature","properties":{"kind":"road","id":"road-1557795927-0","name":"Unnamed mapped tertiary","osmWay":1557795927,"major":false,"bridge":false},"geometry":{"type":"LineString","coordinates":[[13.1675007,11.8645858],[13.1675826,11.8646672],[13.1674994,11.8647473]]}},{"type":"Feature","properties":{"kind":"road","id":"road-1557795928-0","name":"Unnamed mapped tertiary","osmWay":1557795928,"major":false,"bridge":false},"geometry":{"type":"LineString","coordinates":[[13.1674994,11.8647473],[13.1674175,11.8646659],[13.1675007,11.8645858]]}},{"type":"Feature","properties":{"kind":"road","id":"road-1557795930-0","name":"B-8","osmWay":1557795930,"major":false,"bridge":false},"geometry":{"type":"LineString","coordinates":[[13.1575133,11.8578572],[13.15759,11.8579245]]}},{"type":"Feature","properties":{"kind":"road","id":"road-1557795931-0","name":"Unnamed mapped tertiary","osmWay":1557795931,"major":false,"bridge":false},"geometry":{"type":"LineString","coordinates":[[13.1674175,11.8646659],[13.1646399,11.8624396],[13.1588093,11.8586439],[13.1575274,11.8579471]]}},{"type":"Feature","properties":{"kind":"rail","id":"rail-337203350-0","name":"Unnamed mapped rail","osmWay":337203350,"major":false,"bridge":false},"geometry":{"type":"LineString","coordinates":[[13.039288,11.8036686],[13.0748446,11.818064],[13.1130733,11.8401402],[13.1592737,11.8642768]]}}]}
