{"type":"FeatureCollection","metadata":{"source":"Geofabrik Nigeria OSM extract, OpenStreetMap contributors, ODbL 1.0; geoBoundaries gbOpen GRID3 2022, CC BY 4.0","surfaceFormatVersion":1,"pbfUrl":"https://download.geofabrik.de/africa/nigeria-261003.osm.pbf","pbfDate":"2026-10-03","pbfSha256":"6dfa568106792fb8a9bba0b12a91e1edfb789d38c452087b2c48bc58326880b5","pbfBytes":709273731,"boundaryRelease":"9469f09","adm1Sha256":"64fa218ac3d453cc1e66412ff461c5dfa1a4a1ade0da93b239a9891b587d28f9","adm2Sha256":"bef7f2cfa45e012f4772eaa61c7b99e5188aeba4d5c6badae7e9f9aae8c02fcd","cityId":"makurdi","stateId":"benue","stateSourceName":"Benue","localUnits":[["makurdi","Makurdi"]],"coordinatePrecisionDegrees":1e-07,"transportSimplificationDegrees":8e-05,"locationIndex":"sparse_file_array","waterObjects":[["relation",255141],["relation",2090188],["relation",2090189],["relation",10269075],["relation",10274764],["way",30062717],["way",422146522]]},"features":[{"type":"Feature","properties":{"kind":"state","id":"state:benue","localUnitId":"benue","name":"Benue"},"geometry":{"type":"Polygon","coordinates":[[[9.4580277,6.4047302],[9.4659777,6.457883],[9.4660349,6.4583278],[9.4672163,6.4662348],[9.4672861,6.4732451],[9.4708195,6.4881458],[9.4720184,6.4905947],[9.4731522,6.495018],[9.4743271,6.4996028],[9.4743614,6.5041952],[9.474412,6.5110831],[9.4732971,6.5145349],[9.4733219,6.5179791],[9.4722071,6.521431],[9.4710922,6.5248842],[9.4688272,6.527195],[9.4654131,6.528367],[9.4620085,6.5306859],[9.458602,6.5330062],[9.4549308,6.5358174],[9.4540644,6.5364809],[9.4495182,6.5388088],[9.4467217,6.5416639],[9.4415922,6.5469012],[9.4380755,6.5505146],[9.4325418,6.5572958],[9.4280291,6.5642152],[9.4246492,6.5699792],[9.4223938,6.5734391],[9.4201374,6.5768991],[9.4167576,6.5826631],[9.4154509,6.5844427],[9.4133692,6.5872779],[9.4099712,6.5907459],[9.4054422,6.5953698],[9.4020624,6.6011338],[9.3963928,6.6057649],[9.3918543,6.609241],[9.3861761,6.6127238],[9.3816557,6.6184959],[9.3771172,6.6219721],[9.3725796,6.6254468],[9.368042,6.628922],[9.361248,6.6358581],[9.3601913,6.6380246],[9.3578768,6.6427698],[9.3522148,6.6485491],[9.347703,6.6554689],[9.3432074,6.6646848],[9.3341484,6.6739321],[9.3312212,6.6772946],[9.325099,6.6843271],[9.3183222,6.6935592],[9.3148596,6.698868],[9.3138094,6.7004781],[9.3092976,6.7073979],[9.3070583,6.7131538],[9.3036699,6.7177701],[9.3002644,6.720089],[9.295701,6.72012],[9.2911463,6.7213011],[9.2864131,6.7203815],[9.2854328,6.720191],[9.2797203,6.7190828],[9.2705936,6.7191448],[9.2660303,6.7191768],[9.2557545,6.7181001],[9.2477427,6.7147112],[9.2385988,6.7124772],[9.2372549,6.7120368],[9.2283058,6.7091041],[9.2157316,6.7057462],[9.2088604,6.7023492],[9.2027498,6.6993279],[9.1997004,6.6978202],[9.1938532,6.6949295],[9.1935373,6.6947733],[9.1928291,6.6944232],[9.1848335,6.6933298],[9.1756744,6.6887999],[9.1711025,6.6876841],[9.1689672,6.6869841],[9.1676712,6.6865592],[9.16539,6.6865749],[9.1585274,6.6843262],[9.153964,6.6843581],[9.1494007,6.6843891],[9.1459694,6.6832638],[9.1391077,6.681015],[9.1356764,6.6798911],[9.1319669,6.6774401],[9.1290579,6.675518],[9.1230764,6.67309],[9.1173296,6.667388],[9.1093092,6.6628509],[9.1058702,6.6605792],[9.099,6.6571822],[9.0932779,6.6549249],[9.0852671,6.651536],[9.0829678,6.6492548],[9.0772381,6.6458502],[9.0703678,6.6424532],[9.059971,6.6425249],[9.058959,6.6425319],[9.0475597,6.6437588],[9.0350361,6.6472888],[9.0338296,6.6478191],[9.0270758,6.6507878],[9.0225458,6.6554122],[9.018034,6.6623321],[9.01124,6.6692672],[9.0102729,6.6702543],[9.00981,6.6707268],[9.004446,6.6762018],[8.9976521,6.6831379],[8.9925028,6.6915641],[8.9920158,6.6923609],[8.9901704,6.692374],[8.9897346,6.6923771],[8.9874535,6.6923928],[8.9851799,6.6935568],[8.980608,6.69244],[8.9783258,6.6924558],[8.9760361,6.6913228],[8.9726133,6.6913471],[8.9703312,6.6913619],[8.9692078,6.6936669],[8.968092,6.6971192],[8.9692593,6.7005548],[8.9704256,6.7039909],[8.9727325,6.7074189],[8.9738903,6.7097082],[8.9750481,6.7119961],[8.9772862,6.7142152],[8.9773645,6.7165732],[8.9808292,6.7222891],[8.981987,6.724577],[8.9836023,6.7285559],[8.9843111,6.7303019],[8.9866266,6.734879],[8.9870761,6.7362032],[8.987793,6.7383151],[8.9901094,6.7428908],[8.9912758,6.7463269],[8.9935913,6.7509041],[8.9947577,6.7543402],[8.9947748,6.7566371],[8.9948006,6.7600799],[8.9936848,6.7635331],[8.9925699,6.766984],[8.9914455,6.769289],[8.9880486,6.7727561],[8.9846601,6.7773719],[8.9812632,6.780839],[8.9790068,6.7842989],[8.9767427,6.7866111],[8.9744778,6.7889228],[8.9722052,6.7900872],[8.9687996,6.792407],[8.9642534,6.794734],[8.9608479,6.7970538],[8.9574509,6.8005209],[8.9517717,6.8040051],[8.9472342,6.8074799],[8.9438286,6.8098001],[8.9397097,6.8132224],[8.9347448,6.8156028],[8.9324799,6.817915],[8.9294262,6.8204088],[8.9268093,6.822546],[8.9234037,6.8248658],[8.9188576,6.8271928],[8.9131794,6.830677],[8.9086332,6.833004],[8.9029465,6.83534],[8.8972588,6.8376751],[8.8952134,6.8389298],[8.8915796,6.8411589],[8.8870335,6.8434858],[8.8790903,6.8492808],[8.8745356,6.850461],[8.8701085,6.8538525],[8.869998,6.8539371],[8.8677158,6.8539519],[8.8643103,6.8562722],[8.8597727,6.8597469],[8.8563585,6.860919],[8.8517637,6.8632791],[8.8484068,6.8655658],[8.843852,6.866745],[8.8393059,6.8690729],[8.8336096,6.8702598],[8.8301964,6.8714318],[8.8222265,6.8737831],[8.8205,6.8746672],[8.8176804,6.876111],[8.811985,6.8772979],[8.8074303,6.878478],[8.8028765,6.8796568],[8.7983208,6.880836],[8.7903519,6.8831868],[8.7857885,6.8832188],[8.7812424,6.8855462],[8.7766953,6.8878741],[8.7740972,6.8883283],[8.7724226,6.8886164],[8.7699048,6.8890611],[8.7698593,6.8890691],[8.7653046,6.8902478],[8.7596083,6.8914361],[8.7539043,6.8914752],[8.748209,6.892663],[8.7413635,6.8927102],[8.733386,6.8939118],[8.7276907,6.8951001],[8.7231176,6.8958994],[8.7208538,6.8962951],[8.7151499,6.8963342],[8.7071638,6.896389],[8.703742,6.8964128],[8.7014427,6.8941331],[8.6968536,6.8907199],[8.6934233,6.889596],[8.6899748,6.8861752],[8.6885599,6.8852406],[8.6865349,6.883903],[8.6807966,6.8793502],[8.6773577,6.8770771],[8.6750584,6.8747959],[8.6693201,6.870244],[8.6684447,6.8698111],[8.6647406,6.8679791],[8.6613092,6.8668542],[8.6567373,6.8657379],[8.6544466,6.864605],[8.6510248,6.8646288],[8.6453114,6.8635201],[8.6361761,6.8624349],[8.6293316,6.862483],[8.628784,6.8624868],[8.6236277,6.8625221],[8.6190557,6.8614049],[8.6089554,6.8596287],[8.6064892,6.8591952],[8.6007605,6.8557911],[8.6007423,6.8534942],[8.6018572,6.8500428],[8.6023612,6.8495284],[8.6041222,6.8477311],[8.6075277,6.8454108],[8.6109247,6.8419428],[8.6154623,6.8384681],[8.6200008,6.8349919],[8.6222734,6.833828],[8.625679,6.8315091],[8.6302338,6.8303289],[8.6336308,6.8268609],[8.6370449,6.8256898],[8.6393013,6.8222299],[8.6415567,6.8187699],[8.6403742,6.8130379],[8.6403484,6.8095942],[8.6403141,6.8050008],[8.6368408,6.7981372],[8.6322432,6.7935758],[8.6310854,6.7912879],[8.6287861,6.7890072],[8.6253386,6.7855868],[8.6232272,6.7834926],[8.6230402,6.7833071],[8.6207409,6.7810259],[8.6161604,6.7787609],[8.61273,6.777637],[8.607008,6.7753801],[8.6012955,6.774271],[8.5944252,6.770875],[8.5875626,6.7686248],[8.5784111,6.765244],[8.5704165,6.7641511],[8.5635624,6.7630501],[8.5578499,6.761941],[8.5509882,6.7596931],[8.5441341,6.7585921],[8.5350161,6.7598028],[8.5304527,6.7598338],[8.5236082,6.759881],[8.5156221,6.7599359],[8.5087681,6.7588348],[8.5030556,6.7577271],[8.4961853,6.7543292],[8.4881907,6.7532358],[8.4801874,6.7509961],[8.4767485,6.748723],[8.4721766,6.7476058],[8.4687452,6.7464809],[8.4641819,6.7465129],[8.4607592,6.7465372],[8.458478,6.746552],[8.4539232,6.7477322],[8.4504995,6.7477551],[8.4482441,6.751215],[8.4437075,6.7546911],[8.4403009,6.75701],[8.4357462,6.7581902],[8.4323235,6.758214],[8.4277601,6.758245],[8.4243288,6.7571211],[8.4197655,6.7571521],[8.415185,6.7548871],[8.410614,6.7537708],[8.4083233,6.7526379],[8.4025936,6.7492328],[8.3980045,6.745821],[8.3934164,6.7424078],[8.3910999,6.7378321],[8.3884927,6.7335297],[8.3876352,6.7321148],[8.3864689,6.7286792],[8.3830032,6.7229619],[8.3818283,6.7183781],[8.37953,6.7160969],[8.3772144,6.7115211],[8.374898,6.706944],[8.3725996,6.7046642],[8.3702927,6.7012348],[8.3668442,6.6978149],[8.3611059,6.6932621],[8.3576756,6.6921382],[8.3542356,6.6898651],[8.3485146,6.6876078],[8.3450832,6.6864839],[8.3405027,6.6842189],[8.3359308,6.6831031],[8.3302097,6.6808462],[8.3256378,6.679729],[8.3210659,6.6786132],[8.3176432,6.6786361],[8.3130713,6.6775188],[8.3073673,6.6775579],[8.3039532,6.67873],[8.2993984,6.6799102],[8.2945147,6.678709],[8.2838163,6.6925058],[8.2828022,6.6936121],[8.278821,6.6979551],[8.2801838,6.7047663],[8.2856321,6.7102156],[8.2801838,6.7152104],[8.2738256,6.7129402],[8.2738256,6.7165728],[8.2688313,6.7279253],[8.2611113,6.7311039],[8.2515755,6.7356448],[8.2560329,6.7374611],[8.2624909,6.7379318],[8.2660898,6.7415733],[8.2648281,6.7450346],[8.2611113,6.7551708],[8.255662,6.7660689],[8.2497587,6.7683392],[8.2497587,6.7710638],[8.2497587,6.771075],[8.2497587,6.7756047],[8.2443104,6.7855949],[8.2406769,6.7924061],[8.2343197,6.7992177],[8.2293253,6.8001256],[8.2261467,6.7896819],[8.2202435,6.7787833],[8.2129774,6.7760587],[8.2077668,6.7769272],[8.1993551,6.7783294],[8.1916351,6.7783294],[8.1839161,6.7756047],[8.1730175,6.7733345],[8.1652975,6.7665229],[8.1603031,6.7610741],[8.1525831,6.7547164],[8.1490631,6.7470889],[8.1471338,6.7429099],[8.145318,6.7347364],[8.1444092,6.7252007],[8.1362362,6.7161188],[8.1276083,6.7115779],[8.1121693,6.7093072],[8.1039953,6.7120318],[8.098546,6.707037],[8.0953674,6.7079449],[8.0890102,6.7115779],[8.0852474,6.712205],[8.079566,6.7131519],[8.075388,6.7138481],[8.0624542,6.7201637],[8.0462676,6.7272704],[8.0319936,6.7324582],[8.0199988,6.7333002],[8.0093282,6.7250191],[7.9872602,6.7216966],[7.9844309,6.720462],[7.9757016,6.71241],[7.9744551,6.7112602],[7.9746,6.6902892],[7.9788319,6.6671215],[7.9782882,6.6479215],[7.9870663,6.6334739],[7.9884286,6.6180348],[7.9870663,6.6112232],[7.9732482,6.5967713],[7.9591552,6.5907536],[7.9552487,6.5834117],[7.954156,6.5618542],[7.9541863,6.5518261],[7.9507783,6.5431117],[7.9447603,6.5400198],[7.9328699,6.5415491],[7.9252995,6.54377],[7.9156434,6.5486929],[7.9066719,6.552447],[7.8995863,6.5559549],[7.8881641,6.5588426],[7.8780842,6.561727],[7.8690023,6.5689926],[7.8670571,6.5707366],[7.8558335,6.5807991],[7.8526549,6.5880647],[7.8499098,6.5927773],[7.8487757,6.5943517],[7.8472606,6.5957874],[7.846201,6.5982608],[7.84524,6.6027865],[7.844027,6.6084986],[7.836762,6.6148558],[7.8335829,6.6193967],[7.8335829,6.6262083],[7.8317666,6.6384687],[7.8217769,6.6389227],[7.8177161,6.6375062],[7.8130175,6.642104],[7.8110209,6.6457248],[7.8139793,6.6501452],[7.8214881,6.6545625],[7.8308246,6.6619441],[7.8405011,6.6776701],[7.8559546,6.7000968],[7.8626746,6.7141401],[7.8684904,6.7249164],[7.8748707,6.7410404],[7.8781877,6.7601991],[7.8884282,6.7665009],[7.8947301,6.7743788],[7.9033957,6.7814684],[7.9002447,6.7861948],[7.8900037,6.7854071],[7.8876405,6.7893457],[7.8864589,6.7940726],[7.8864589,6.8051009],[7.8888221,6.8216438],[7.8892257,6.8272944],[7.8897432,6.8345399],[7.8903975,6.8437009],[7.8880343,6.8539419],[7.882597,6.8582916],[7.8762178,6.8633947],[7.8746424,6.8689089],[7.8636141,6.8799376],[7.8549485,6.8807254],[7.8395595,6.8807254],[7.8335137,6.8863974],[7.818618,6.8919466],[7.8036248,6.8912314],[7.791776,6.8893398],[7.7856264,6.872848],[7.7760344,6.8758249],[7.7627816,6.8799376],[7.7574043,6.8792655],[7.7501774,6.8783622],[7.7376233,6.8703585],[7.7190947,6.8724724],[7.7137566,6.871026],[7.7119256,6.8609189],[7.6917484,6.8515783],[7.6881284,6.8526892],[7.6745529,6.8555174],[7.6616789,6.8653259],[7.65801,6.8681211],[7.646194,6.8854518],[7.6385142,6.8990388],[7.635953,6.9035702],[7.6201978,6.9193254],[7.5997162,6.9248395],[7.5962241,6.9260867],[7.5776591,6.9327173],[7.5713573,6.9398069],[7.5642672,6.9524112],[7.5586114,6.972521],[7.5571775,6.9776192],[7.5552151,6.9805628],[7.5524511,6.9847088],[7.5493002,6.9910111],[7.5482555,6.9937269],[7.5464964,6.9983002],[7.545361,7.0012517],[7.5422101,7.0083418],[7.5382714,7.0201578],[7.5366187,7.02274],[7.5305138,7.0322781],[7.543582,7.0401211],[7.5806856,7.0271974],[7.5931926,7.0180259],[7.6011138,7.0163579],[7.6058744,7.0172505],[7.6077843,7.0176086],[7.6102858,7.0234451],[7.6111193,7.0271974],[7.6098685,7.0322003],[7.6069503,7.0413718],[7.6036153,7.0530453],[7.6023645,7.0622168],[7.600697,7.0730562],[7.5994463,7.0793099],[7.6019478,7.0905662],[7.6111193,7.1001549],[7.6144858,7.1037082],[7.6186237,7.1080756],[7.6219587,7.1126618],[7.62988,7.1247516],[7.6333143,7.1283769],[7.6361461,7.1313662],[7.6373839,7.1326728],[7.6354515,7.1471285],[7.6430812,7.1582817],[7.672369,7.1737027],[7.6819234,7.1854494],[7.6910222,7.1918299],[7.702966,7.1889636],[7.7100737,7.1831123],[7.7180492,7.1836],[7.7215507,7.1870631],[7.7293244,7.1927042],[7.7499271,7.1993181],[7.7677559,7.2062735],[7.7793899,7.2089166],[7.7848704,7.2149887],[7.789969,7.216886],[7.7938652,7.2258253],[7.7970562,7.2331452],[7.7942194,7.2686522],[7.7958674,7.2743426],[7.8011553,7.2926017],[7.7970562,7.2935953],[7.789969,7.296514],[7.7791295,7.300683],[7.7686951,7.3018866],[7.7703208,7.3049313],[7.771497,7.3071342],[7.7899144,7.3416278],[7.7939234,7.3481141],[7.7957815,7.3518836],[7.7983445,7.3570832],[7.8026083,7.3642883],[7.7971226,7.3759522],[7.7983971,7.3852456],[7.8001166,7.3917775],[7.7993788,7.401134],[7.7921889,7.4098641],[7.7928872,7.4149132],[7.7762113,7.4194989],[7.76829,7.4270029],[7.7641211,7.4336734],[7.7622577,7.4436897],[7.7607861,7.4516001],[7.7595353,7.4786983],[7.7585784,7.492456],[7.7553663,7.5049629],[7.7545323,7.5128841],[7.7552984,7.5236086],[7.7557831,7.5303941],[7.7374077,7.5390833],[7.7377669,7.567204],[7.736677,7.5781859],[7.7368774,7.5852725],[7.7368376,7.5917865],[7.7362046,7.5993812],[7.731816,7.6127036],[7.7262583,7.6144665],[7.7242557,7.6204962],[7.7325541,7.6390134],[7.7410432,7.6387316],[7.7524481,7.6397312],[7.7524481,7.6477828],[7.754674,7.6477284],[7.754674,7.6613159],[7.7539945,7.6796589],[7.7526355,7.7081923],[7.7526355,7.7441988],[7.7501696,7.7517896],[7.7446904,7.7686567],[7.7281785,7.7924342],[7.6934285,7.8378761],[7.6928511,7.8386312],[7.6697526,7.8848286],[7.6636381,7.905889],[7.6643176,7.935102],[7.6662985,7.9489685],[7.6711111,7.9826579],[7.672782,7.9919398],[7.6768379,8.0144711],[7.6974668,8.0136623],[7.7277783,8.0081508],[7.7384028,8.0062189],[7.7607322,8.0034285],[7.7825956,7.9987764],[7.8109722,7.991333],[7.838418,7.9852858],[7.86726,7.9862161],[7.8770289,7.9834251],[7.8929157,7.9746304],[7.903079,7.9690042],[7.931921,7.9573746],[7.972857,7.9392323],[7.9803173,7.9336768],[7.9947209,7.9229507],[8.0407743,7.8964353],[8.0641167,7.882361],[8.0641376,7.8823485],[8.0708244,7.8783166],[8.0724068,7.8773623],[8.0952015,7.868989],[8.1138086,7.8638721],[8.1393938,7.861546],[8.1598625,7.8596854],[8.1756783,7.8550334],[8.1803579,7.8525805],[8.1831217,7.8531728],[8.1854477,7.8522425],[8.1910295,7.8489861],[8.2152195,7.8345652],[8.2381163,7.8269328],[8.2515039,7.8224702],[8.2747631,7.8145623],[8.3017445,7.8024673],[8.3182337,7.7959284],[8.3287249,7.7917681],[8.3454723,7.7843251],[8.3622189,7.7745562],[8.372159,7.7700024],[8.385478,7.7680435],[8.4031553,7.7661829],[8.411994,7.7685089],[8.420536,7.7742327],[8.4205906,7.7742447],[8.4189789,7.7781931],[8.4190817,7.7795294],[8.4193558,7.7806829],[8.4197099,7.7816195],[8.4200601,7.7826455],[8.4192073,7.7847623],[8.418543,7.7856417],[8.4174465,7.7881392],[8.4169449,7.7898829],[8.4161835,7.790454],[8.4154697,7.7920482],[8.4153078,7.7930733],[8.415719,7.7938842],[8.4155705,7.7946494],[8.4154247,7.7961614],[8.415362,7.7972408],[8.4155909,7.797591],[8.415693,7.7984647],[8.4157901,7.7995026],[8.4157593,7.7999577],[8.4149976,7.8013946],[8.4123846,7.8048548],[8.4102703,7.8080944],[8.4086644,7.8118881],[8.4067041,7.8176745],[8.4062546,7.819724],[8.4063456,7.8252058],[8.4063548,7.8274939],[8.4059918,7.8296354],[8.4037777,7.8344708],[8.401507,7.8382082],[8.4011695,7.8403729],[8.4010341,7.841721],[8.4009022,7.8448564],[8.4006137,7.8471945],[8.4000307,7.8484158],[8.3993659,7.8502554],[8.3988789,7.8525446],[8.3985015,7.8556583],[8.3984746,7.8573778],[8.396644,7.8647237],[8.3941789,7.8728684],[8.3934239,7.8752714],[8.3918789,7.878803],[8.3915818,7.8806865],[8.3918195,7.8836883],[8.3919978,7.8865723],[8.3911065,7.8904569],[8.3890268,7.8926346],[8.3849862,7.8942238],[8.3818964,7.8949301],[8.3792819,7.8963426],[8.3757167,7.8978729],[8.3739935,7.8992266],[8.3708443,7.9022282],[8.3479161,7.9281514],[8.3397162,7.9609895],[8.3444067,7.9734157],[8.3602962,7.9622836],[8.3602962,7.9872761],[8.3634529,8.0165844],[8.3711176,8.0463438],[8.3909133,8.0782938],[8.4035014,8.0902525],[8.4136798,8.0999221],[8.4265785,8.1121759],[8.466258,8.1392298],[8.4860983,8.1491499],[8.5013182,8.1569551],[8.5036831,8.1581678],[8.5126801,8.1577768],[8.5244246,8.1572657],[8.5604963,8.1401319],[8.5880013,8.1288586],[8.5898698,8.1283786],[8.6011434,8.1254828],[8.6371498,8.1162338],[8.6910353,8.0982723],[8.6966686,8.0963945],[8.7046428,8.0943796],[8.7805367,8.075202],[8.7821865,8.0749934],[8.8197651,8.0702419],[8.8418589,8.0670853],[8.900515,8.0583488],[8.9108467,8.0562639],[8.9640841,8.0612742],[9.0253754,8.0625763],[9.0501757,8.075202],[9.0570202,8.0776415],[9.0624666,8.0744734],[9.0676756,8.0675201],[9.0835419,8.0463438],[9.0934286,8.0340614],[9.0984221,8.0278568],[9.1146545,8.0080175],[9.1326904,7.991334],[9.1343528,7.9886397],[9.1457663,7.9701419],[9.1638021,7.9367752],[9.1755257,7.9164844],[9.1761339,7.9150649],[9.1791258,7.9080834],[9.1809368,7.9038591],[9.1831913,7.8957429],[9.181838,7.891685],[9.1782312,7.8885288],[9.1746235,7.887176],[9.1721706,7.886631],[9.1704292,7.8822761],[9.1625185,7.8690925],[9.1620121,7.8687193],[9.1499939,7.8598638],[9.1401062,7.8486576],[9.1242857,7.8269048],[9.1157169,7.8084474],[9.1203308,7.7932863],[9.1302185,7.788013],[9.1565857,7.7979007],[9.1745347,7.8045873],[9.1902046,7.8104248],[9.2251415,7.8183351],[9.2684019,7.822541],[9.2726021,7.8229494],[9.3147898,7.834815],[9.3780718,7.8433843],[9.3866405,7.8447027],[9.401508,7.8444418],[9.4890236,7.8429062],[9.499361,7.8427248],[9.5613241,7.8387762],[9.5672677,7.8374121],[9.5758514,7.8354421],[9.6015348,7.8295412],[9.6430626,7.7998781],[9.6694298,7.7629638],[9.6905443,7.7284913],[9.7017298,7.7102294],[9.7112828,7.6985996],[9.7304138,7.6753098],[9.7369205,7.6673886],[9.7472134,7.6548581],[9.7976999,7.614686],[9.8085175,7.6060786],[9.8163662,7.5978475],[9.821372,7.5948725],[9.8300752,7.5875982],[9.8399887,7.5792742],[9.8457613,7.5744376],[9.8708105,7.5401602],[9.8804178,7.5172415],[9.8838431,7.5097503],[9.8846531,7.5078602],[9.888608,7.4617176],[9.8826761,7.4142561],[9.8652077,7.3628402],[9.855979,7.3252664],[9.8408175,7.2797828],[9.8384249,7.2755014],[9.8282928,7.2573709],[9.8249588,7.2545981],[9.827018,7.2440018],[9.8286228,7.2362771],[9.8316087,7.227618],[9.8352146,7.2171607],[9.8345556,7.1993628],[9.8240089,7.1723361],[9.8232889,7.1715132],[9.7617159,7.1011443],[9.7379856,7.078073],[9.7208995,7.0483198],[9.7006563,7.0130689],[9.6997528,7.0114956],[9.6892061,6.9864469],[9.6823061,6.9724652],[9.6641569,6.9356894],[9.6456995,6.8948202],[9.6414146,6.8664756],[9.6433926,6.8434038],[9.6474697,6.8092601],[9.6486664,6.7992387],[9.6460295,6.7385941],[9.6361418,6.7128859],[9.6313631,6.6960476],[9.6273945,6.6820636],[9.6222982,6.6641064],[9.6091206,6.5872329],[9.6064787,6.5718207],[9.6053533,6.562257],[9.5994817,6.5123572],[9.5980138,6.4998821],[9.5944443,6.497777],[9.5252762,6.4297218],[9.5071908,6.4216198],[9.4685287,6.4042997],[9.4674085,6.4012661],[9.4580277,6.4047302]]]}},{"type":"Feature","properties":{"kind":"administrative","id":"administrative:makurdi","localUnitId":"makurdi","name":"Makurdi"},"geometry":{"type":"Polygon","coordinates":[[[8.4188608,7.8006476],[8.4201652,7.800612],[8.4206772,7.8007918],[8.4208007,7.8057582],[8.4199383,7.8069798],[8.4197836,7.8106538],[8.4228312,7.8143159],[8.4287527,7.8159133],[8.4377251,7.8172637],[8.4377247,7.8206875],[8.4423759,7.8261372],[8.4424794,7.8314977],[8.4457943,7.8343678],[8.4499719,7.8462816],[8.4945152,7.8513831],[8.5491184,7.833337],[8.5666224,7.8335787],[8.5797388,7.8353445],[8.5804391,7.8356094],[8.5939062,7.8339746],[8.6013613,7.8338971],[8.6167731,7.8335666],[8.6334744,7.8299501],[8.6413437,7.8285932],[8.648548,7.8274056],[8.6532175,7.826368],[8.6586002,7.8261545],[8.6621211,7.8260286],[8.6674466,7.8269668],[8.6750679,7.8263235],[8.6813398,7.8244396],[8.6841949,7.8130654],[8.6891095,7.8059708],[8.6881384,7.7964991],[8.6908164,7.7894026],[8.6917199,7.7858087],[8.7156102,7.7666743],[8.7151611,7.7657135],[8.6932648,7.7531429],[8.7007628,7.7198434],[8.7039348,7.7025985],[8.696589,7.661138],[8.694041,7.660488],[8.689132,7.656425],[8.674938,7.65232],[8.665206,7.631945],[8.651235,7.6096],[8.633074,7.59931],[8.623687,7.589329],[8.619217,7.584106],[8.61243,7.578],[8.601682,7.569656],[8.582706,7.565829],[8.5742449,7.5623756],[8.559939,7.556077],[8.546278,7.552852],[8.52364,7.55093],[8.513748,7.552713],[8.484794,7.559655],[8.474492,7.564437],[8.464001,7.571987],[8.451425,7.578884],[8.439437,7.593603],[8.423403,7.614842],[8.412133,7.631163],[8.4066549,7.6427744],[8.4058118,7.6471854],[8.405211,7.6532606],[8.4072277,7.6608232],[8.4081665,7.6634392],[8.4086358,7.6675646],[8.4084549,7.671495],[8.4080736,7.6720316],[8.4115774,7.6744307],[8.4106835,7.6755756],[8.4091276,7.6768479],[8.4068224,7.6774441],[8.4056152,7.6770419],[8.4030509,7.6776494],[8.4017594,7.6779015],[8.3994329,7.6777388],[8.3991286,7.6786157],[8.3981076,7.679779],[8.3971465,7.6810581],[8.396796,7.681323],[8.3947907,7.6832096],[8.3942551,7.683715],[8.3938805,7.6837626],[8.3928035,7.6842107],[8.3916423,7.6845483],[8.391878,7.690954],[8.389346,7.719798],[8.390365,7.740058],[8.389446,7.754589],[8.389984,7.759421],[8.385478,7.7680435],[8.4031553,7.7661829],[8.411994,7.7685089],[8.420536,7.7742327],[8.4205906,7.7742447],[8.4189789,7.7781931],[8.4190817,7.7795294],[8.4193558,7.7806829],[8.4197099,7.7816195],[8.4200601,7.7826455],[8.4192073,7.7847623],[8.418543,7.7856417],[8.4174465,7.7881392],[8.4169449,7.7898829],[8.4161835,7.790454],[8.4154697,7.7920482],[8.4153078,7.7930733],[8.415719,7.7938842],[8.4155705,7.7946494],[8.4154247,7.7961614],[8.415362,7.7972408],[8.4155909,7.797591],[8.415693,7.7984647],[8.4157901,7.7995026],[8.4157593,7.7999577],[8.4188608,7.8006476]]]}},{"type":"Feature","properties":{"kind":"land","id":"makurdi","localUnitId":"makurdi","name":"Makurdi"},"geometry":{"type":"MultiPolygon","coordinates":[[[[8.435489,7.7536171],[8.4354676,7.753663],[8.4354689,7.7537068],[8.4354924,7.75374],[8.4355433,7.753744],[8.4355876,7.7537168],[8.4356191,7.7536351],[8.4356734,7.7535593],[8.4357532,7.7534935],[8.435892,7.7534278],[8.4360436,7.7533726],[8.436178,7.7533268],[8.4361998,7.7533268],[8.4362152,7.7533382],[8.4362192,7.753356],[8.4362125,7.7533806],[8.4361736,7.7534856],[8.436006,7.7536557],[8.4359061,7.7537354],[8.4358947,7.7537716],[8.4359138,7.7538018],[8.4359534,7.7538078],[8.4360503,7.7537972],[8.4362058,7.7537327],[8.4363071,7.7537035],[8.4363534,7.7537062],[8.4363949,7.7537367],[8.4364117,7.7537792],[8.4364251,7.753839],[8.4364184,7.7538796],[8.4363876,7.7539168],[8.436236,7.7540012],[8.4358518,7.7541274],[8.4357532,7.7541885],[8.4357291,7.7542244],[8.435717,7.7542776],[8.4357277,7.75434],[8.4357881,7.754431],[8.4359886,7.7545613],[8.4361763,7.7546363],[8.4362709,7.7546556],[8.4363232,7.7546543],[8.4364432,7.754643],[8.4366417,7.754637],[8.4367181,7.754645],[8.4368791,7.7546782],[8.4369622,7.7547008],[8.4370185,7.7547068],[8.4370749,7.7547028],[8.4371614,7.7546742],[8.437264,7.7546589],[8.4373947,7.7546576],[8.4376428,7.7546782],[8.437962,7.7547307],[8.4381679,7.7547506],[8.4383462,7.7547526],[8.4384723,7.7547314],[8.4385642,7.7546902],[8.4386192,7.7546589],[8.4387814,7.7546005],[8.4390201,7.7545094],[8.439344,7.7544197],[8.4394292,7.7544091],[8.4395452,7.7544018],[8.4395874,7.7543879],[8.4397262,7.7543048],[8.4398992,7.7542164],[8.4399663,7.7541686],[8.4401829,7.7540443],[8.4403123,7.7540012],[8.4404008,7.7539925],[8.4406811,7.7539739],[8.4408078,7.7539547],[8.4408709,7.7539307],[8.4408937,7.7539101],[8.4409346,7.7538111],[8.4410258,7.7536424],[8.4410653,7.7536058],[8.4411149,7.7535912],[8.4412008,7.7535979],[8.4412531,7.7535965],[8.441298,7.7535806],[8.4413865,7.7535201],[8.4415112,7.7534643],[8.4416926,7.7534318],[8.4417034,7.7534271],[8.4417241,7.7534002],[8.4417386,7.7533902],[8.4417607,7.7533876],[8.4417929,7.7534022],[8.4418039,7.7534065],[8.441816,7.7534053],[8.4418271,7.7533979],[8.4418847,7.7533404],[8.4419203,7.7533251],[8.4420447,7.7533122],[8.4426653,7.7532796],[8.4427907,7.7532889],[8.4429241,7.7533221],[8.4429791,7.7533354],[8.4430133,7.7533367],[8.4430502,7.7533254],[8.4431212,7.7533128],[8.4433318,7.7532989],[8.4440593,7.7533029],[8.4442424,7.7532949],[8.4450417,7.753249],[8.4456512,7.7531906],[8.4463835,7.7530929],[8.4465149,7.753072],[8.4465367,7.7530637],[8.4465608,7.7530394],[8.446651,7.7529706],[8.4467053,7.7529308],[8.4467342,7.752877],[8.4467288,7.7527427],[8.4467027,7.752679],[8.4466369,7.7525986],[8.4465417,7.7523634],[8.4464934,7.7521826],[8.4464713,7.7520833],[8.4464582,7.7520624],[8.4464234,7.7520434],[8.4463798,7.7520434],[8.4463563,7.7520511],[8.4463432,7.7520498],[8.4463241,7.7520368],[8.4462138,7.7519302],[8.4461287,7.7518743],[8.4459355,7.7517395],[8.4457947,7.7516019],[8.445548,7.7514318],[8.4454346,7.751378],[8.4453823,7.7513687],[8.4452033,7.7513714],[8.4450953,7.7513641],[8.4449492,7.7513288],[8.4448405,7.7512664],[8.4446722,7.7510897],[8.4445354,7.7509667],[8.4444597,7.750889],[8.4444235,7.7508544],[8.4443859,7.7508378],[8.4442377,7.7507807],[8.4440164,7.7506897],[8.4439004,7.7506252],[8.443889,7.750606],[8.4438904,7.7505867],[8.4439319,7.7505169],[8.4439272,7.7504903],[8.4439051,7.7504737],[8.4438092,7.7504146],[8.4437502,7.7503528],[8.4436993,7.7502691],[8.4435987,7.7501083],[8.4435256,7.7500385],[8.4434773,7.7500199],[8.4433643,7.7500106],[8.4433305,7.7500027],[8.4433244,7.7499967],[8.4433224,7.7499837],[8.4433569,7.7499269],[8.4433563,7.7499106],[8.4433439,7.7498485],[8.4433472,7.7498346],[8.4433841,7.7498047],[8.4434056,7.7497807],[8.4434149,7.7497548],[8.4434089,7.749715],[8.4433714,7.7496804],[8.4432761,7.7496538],[8.4430709,7.7496485],[8.4429006,7.7496538],[8.4427008,7.7496738],[8.4424862,7.7496698],[8.4420986,7.7496339],[8.4417473,7.749602],[8.4414375,7.7496286],[8.4412336,7.7496857],[8.4411035,7.7497562],[8.4409547,7.749816],[8.4407763,7.7498525],[8.4407247,7.7498811],[8.4407012,7.7499216],[8.440669,7.7500046],[8.4405979,7.7501335],[8.4404048,7.7502558],[8.4400132,7.7503528],[8.4397477,7.7504432],[8.4395599,7.7505588],[8.4394258,7.7506824],[8.4392676,7.7508657],[8.4390879,7.7509827],[8.4390161,7.7510046],[8.4387251,7.7510418],[8.4384904,7.7510704],[8.4384354,7.7510956],[8.4383952,7.7511309],[8.4383382,7.7512219],[8.4382765,7.7513215],[8.4381605,7.7514597],[8.4381008,7.751481],[8.438015,7.7514843],[8.4379191,7.7514697],[8.4378728,7.7514651],[8.4378504,7.7514822],[8.4378406,7.7515049],[8.4378339,7.7515435],[8.4378031,7.7516245],[8.4375952,7.7519248],[8.4374283,7.7521155],[8.4372861,7.7522198],[8.437221,7.7522471],[8.4371493,7.7522889],[8.4369441,7.7524717],[8.4368154,7.7525733],[8.43658,7.7527102],[8.4364808,7.7527733],[8.4363373,7.7528623],[8.4362514,7.7529075],[8.4360214,7.7530896],[8.4357103,7.7533573],[8.4355413,7.7535567],[8.435489,7.7536171]]],[[[8.435255,7.7545177],[8.4352456,7.754528],[8.4352459,7.7545447],[8.4352533,7.7545589],[8.4353056,7.7546144],[8.4353254,7.7546211],[8.4353606,7.7546171],[8.4354132,7.7546064],[8.4355108,7.7545819],[8.4355487,7.7545825],[8.4355862,7.7545867],[8.4355997,7.7545842],[8.435604,7.7545782],[8.4356087,7.7545516],[8.4355973,7.7544932],[8.4355809,7.7544556],[8.4355534,7.754431],[8.4355219,7.7544144],[8.435494,7.7544111],[8.4354267,7.7544257],[8.4353754,7.7544473],[8.4353442,7.7544746],[8.4353163,7.7545045],[8.4352979,7.7545121],[8.435255,7.7545177]]],[[[8.4282772,7.7554449],[8.4282672,7.7554775],[8.4282719,7.7555041],[8.4282873,7.7555134],[8.428359,7.7555061],[8.4284978,7.7554649],[8.4286393,7.7554057],[8.4287828,7.755316],[8.429167,7.7550416],[8.4292576,7.7549652],[8.4293079,7.7549021],[8.4293226,7.7548603],[8.4293246,7.7548104],[8.4293146,7.7547765],[8.4293112,7.75474],[8.4293233,7.7546942],[8.4293541,7.7546456],[8.4295694,7.754449],[8.4295888,7.7544058],[8.4295955,7.7543606],[8.4295707,7.7543261],[8.429511,7.7542962],[8.4294058,7.7542796],[8.4292717,7.7542935],[8.4290966,7.7543593],[8.4289431,7.7544457],[8.4288794,7.7545148],[8.4288479,7.7545666],[8.428762,7.7547533],[8.4285817,7.7550622],[8.4284241,7.7552775],[8.4283134,7.7553991],[8.4282772,7.7554449]]],[[[8.4302688,7.755049],[8.4302641,7.7550705],[8.4302745,7.7550865],[8.4302902,7.7550895],[8.4304247,7.7550546],[8.4306161,7.7549915],[8.4307338,7.754928],[8.4307663,7.7548878],[8.4307801,7.7548493],[8.4307633,7.7547935],[8.4307328,7.7547785],[8.4306966,7.7547722],[8.4306282,7.7547905],[8.4305313,7.7548436],[8.430365,7.7549749],[8.4302688,7.755049]]],[[[8.4281833,7.7558609],[8.428182,7.7558928],[8.4282015,7.755914],[8.4282283,7.7559207],[8.4283087,7.7559127],[8.428406,7.7558934],[8.4284382,7.7558808],[8.4284958,7.7558429],[8.428532,7.755819],[8.4286219,7.7557891],[8.4286809,7.7557692],[8.4287191,7.7557439],[8.4287439,7.7557061],[8.4287466,7.7556536],[8.4287352,7.7556017],[8.4287178,7.7555672],[8.4286745,7.755539],[8.4286222,7.7555317],[8.4285753,7.7555433],[8.4285421,7.7555659],[8.4284791,7.755639],[8.4283785,7.7557193],[8.4282303,7.7558157],[8.4281833,7.7558609]]],[[[8.4359504,7.7563977],[8.435943,7.7564569],[8.4359477,7.7564914],[8.4359765,7.756508],[8.4360315,7.7565107],[8.4360657,7.7565],[8.4361354,7.7564648],[8.4362715,7.7564064],[8.4363762,7.7563339],[8.4364741,7.7562522],[8.4365807,7.7561432],[8.436637,7.7560768],[8.4366417,7.7560562],[8.436639,7.7560316],[8.4366149,7.7560183],[8.436584,7.7560276],[8.4364647,7.7561094],[8.436352,7.7561745],[8.4362179,7.7562728],[8.4361616,7.7562947],[8.4360697,7.75631],[8.4360261,7.7563273],[8.4359785,7.7563592],[8.4359504,7.7563977]]],[[[8.4321959,7.7574708],[8.4321778,7.7575219],[8.4321785,7.7575784],[8.4322033,7.7576216],[8.4322697,7.7576608],[8.4323428,7.7576973],[8.4325393,7.757692],[8.4326633,7.7576674],[8.4328182,7.7576076],[8.4329268,7.757583],[8.4330998,7.7575771],[8.4332755,7.7575664],[8.4334733,7.7575379],[8.4335914,7.7574967],[8.4336839,7.7574535],[8.4337717,7.757403],[8.4338462,7.7573478],[8.4338844,7.7573319],[8.4339803,7.7573113],[8.434052,7.7572887],[8.4340896,7.7572561],[8.4341164,7.7572116],[8.4341385,7.7571944],[8.4341995,7.7571704],[8.4343786,7.757108],[8.4349345,7.7568469],[8.4353918,7.7565957],[8.435481,7.7565552],[8.4355185,7.7565532],[8.4356104,7.7565778],[8.4356446,7.7565738],[8.4357143,7.7565492],[8.4357385,7.7565233],[8.4357398,7.756498],[8.4357022,7.7564376],[8.4356969,7.756421],[8.4357063,7.7564037],[8.4359604,7.756211],[8.4359805,7.7561831],[8.4360027,7.756124],[8.4360221,7.7560841],[8.4360992,7.7559991],[8.436242,7.7559074],[8.4365988,7.7557811],[8.436928,7.7556051],[8.4369864,7.7555625],[8.43704,7.7555061],[8.4370682,7.7554675],[8.4371064,7.7554363],[8.4371406,7.755427],[8.4372955,7.7553958],[8.4373485,7.7553712],[8.437388,7.7553459],[8.437447,7.7552822],[8.4374866,7.7552436],[8.4374987,7.7552244],[8.4375057,7.7551891],[8.4375003,7.7551646],[8.4374842,7.755141],[8.437443,7.755126],[8.4374034,7.7551267],[8.4373699,7.7551413],[8.4373364,7.7551832],[8.4372975,7.755217],[8.437207,7.7552523],[8.4371486,7.7552775],[8.4371104,7.7553008],[8.4370789,7.7553121],[8.4370038,7.7553207],[8.4369421,7.7553307],[8.4369045,7.7553499],[8.4368482,7.7553825],[8.4368006,7.7553958],[8.4366578,7.7554224],[8.43646,7.7554164],[8.4363406,7.7554044],[8.4361891,7.7553606],[8.4360895,7.7553207],[8.4359956,7.7552533],[8.4359701,7.755245],[8.4359125,7.7552396],[8.4358119,7.7552313],[8.4357385,7.7552038],[8.4356912,7.7551576],[8.435656,7.755132],[8.4356271,7.7551264],[8.4356054,7.755132],[8.4355929,7.7551503],[8.4355903,7.7551938],[8.4355822,7.7552184],[8.4355681,7.7552283],[8.4355292,7.7552357],[8.4353455,7.7552423],[8.4352315,7.7552642],[8.4351175,7.7552994],[8.4349586,7.7553612],[8.4348118,7.7553898],[8.4347574,7.7553825],[8.4347011,7.7553473],[8.4346267,7.755235],[8.4346052,7.755221],[8.4345663,7.7552184],[8.4345348,7.755227],[8.4344966,7.7552496],[8.4344235,7.7552961],[8.4343779,7.755316],[8.4342351,7.7553453],[8.4341942,7.7553599],[8.4340346,7.7554536],[8.4339159,7.7555419],[8.4337905,7.7556602],[8.4336893,7.7557758],[8.4336343,7.7558635],[8.4335404,7.7559831],[8.4333929,7.7561207],[8.4330851,7.7563386],[8.4328846,7.7565067],[8.4328645,7.756524],[8.4328524,7.7565539],[8.4328182,7.7567034],[8.4327693,7.7568495],[8.4327324,7.7569073],[8.4325627,7.7570688],[8.4325406,7.7571007],[8.4325037,7.757191],[8.4324675,7.7572355],[8.4324393,7.7572515],[8.4323133,7.757302],[8.4322663,7.7573306],[8.4322442,7.7573598],[8.4321959,7.7574708]]],[[[8.4283671,7.7574694],[8.4283704,7.7575126],[8.4283865,7.7575305],[8.4284315,7.7575319],[8.4285186,7.757492],[8.4286695,7.7573691],[8.4288264,7.7572754],[8.4289324,7.7572442],[8.4290081,7.7572395],[8.4290779,7.7572482],[8.429157,7.7572488],[8.4292133,7.7572302],[8.429338,7.7571558],[8.4295962,7.7569425],[8.4297276,7.7568608],[8.4297591,7.7568216],[8.4297665,7.7567705],[8.4297645,7.7566602],[8.4297793,7.7566017],[8.4297967,7.7565671],[8.4298021,7.7565359],[8.4297954,7.7565007],[8.4297772,7.7564914],[8.4297417,7.7564874],[8.4296512,7.756514],[8.4295459,7.7565818],[8.4294949,7.7565791],[8.4294306,7.7565578],[8.4293776,7.7565346],[8.4293461,7.7565359],[8.4292965,7.7565671],[8.4292328,7.7566303],[8.429214,7.7566336],[8.4291489,7.7566137],[8.429096,7.756613],[8.4290417,7.7566329],[8.428992,7.7566681],[8.4288593,7.7567871],[8.4286983,7.7568661],[8.4286118,7.7569432],[8.4285615,7.7570263],[8.4283899,7.7573884],[8.4283671,7.7574694]]],[[[8.4316615,7.7576741],[8.4316695,7.7577066],[8.4317078,7.7577292],[8.4318016,7.7577405],[8.4318808,7.7577405],[8.4319592,7.7577093],[8.4320357,7.7576681],[8.4320583,7.757644],[8.4320652,7.7576156],[8.4320637,7.757597],[8.4320357,7.7575631],[8.43197,7.7575272],[8.4319237,7.7575159],[8.4318895,7.7575179],[8.4318399,7.7575399],[8.4317835,7.7575472],[8.4317514,7.7575571],[8.4317091,7.7575923],[8.4316722,7.7576262],[8.4316615,7.7576741]]],[[[8.4214,7.7583651],[8.4213793,7.7584448],[8.4213813,7.7584853],[8.4213967,7.7585797],[8.4214215,7.7586268],[8.4215114,7.7586993],[8.4216066,7.7587757],[8.4216931,7.7588328],[8.4217253,7.7588401],[8.4217641,7.7588295],[8.4218024,7.7587983],[8.4218661,7.7586973],[8.4219009,7.7586574],[8.4219861,7.7586302],[8.4220384,7.7586295],[8.4221578,7.7586534],[8.4222952,7.7586933],[8.4224012,7.7587398],[8.4224568,7.7587591],[8.4225219,7.7587584],[8.4225896,7.7587258],[8.4226365,7.7586753],[8.4226687,7.7586481],[8.4227284,7.7586361],[8.4228793,7.7586448],[8.4229664,7.7586395],[8.4231475,7.7586062],[8.4232467,7.758575],[8.4232997,7.7585484],[8.4233245,7.7585252],[8.4233272,7.7585026],[8.423297,7.7584528],[8.4232514,7.7584222],[8.4232045,7.7583976],[8.4231616,7.7583591],[8.4230831,7.7583033],[8.4230657,7.7582607],[8.4230771,7.7582189],[8.4231012,7.7581943],[8.4231529,7.758173],[8.4232467,7.7581498],[8.4233031,7.7581531],[8.4234378,7.7581817],[8.4235398,7.7581863],[8.4236316,7.7581764],[8.4237342,7.7581471],[8.4239274,7.758094],[8.4240668,7.7580681],[8.4241607,7.7580614],[8.4242043,7.7580541],[8.4243156,7.7580235],[8.4244209,7.7580069],[8.4247106,7.7579744],[8.4247763,7.7579684],[8.4248031,7.7579817],[8.4248078,7.7580109],[8.4247702,7.7580415],[8.4247206,7.7580614],[8.4246737,7.7581245],[8.424667,7.758181],[8.4246871,7.7582295],[8.4247454,7.7582747],[8.4248091,7.7582893],[8.4248688,7.758292],[8.425017,7.758266],[8.4251457,7.7582016],[8.4251947,7.7581604],[8.4252001,7.7581285],[8.4251913,7.758098],[8.4251323,7.7580501],[8.4250653,7.7580295],[8.4250338,7.7580063],[8.4250284,7.7579684],[8.4250512,7.757898],[8.4250753,7.7578741],[8.4251042,7.7578601],[8.4251491,7.7578422],[8.4252343,7.7578362],[8.425308,7.7578295],[8.4254133,7.7578063],[8.4254582,7.757799],[8.4255608,7.7578036],[8.4258337,7.7578368],[8.425933,7.7578807],[8.4259631,7.7579099],[8.4259672,7.7579385],[8.4259243,7.7580289],[8.4259082,7.7580701],[8.4259075,7.7580953],[8.4259125,7.7581106],[8.4259306,7.7581196],[8.425987,7.7581209],[8.4260835,7.7580946],[8.4263447,7.757997],[8.4264231,7.7579551],[8.4264714,7.7579139],[8.4264969,7.7579],[8.4266404,7.7578667],[8.426796,7.7577903],[8.4274216,7.757482],[8.4277153,7.757304],[8.42784,7.7571777],[8.427887,7.7571272],[8.4279433,7.7570229],[8.4279426,7.7570017],[8.4279352,7.7569804],[8.4279104,7.7569711],[8.4278702,7.7569738],[8.4277508,7.7570183],[8.4277073,7.7570249],[8.4276791,7.7570176],[8.4275711,7.7569851],[8.4275242,7.7569804],[8.4274632,7.7569937],[8.4273599,7.7570415],[8.4272841,7.7570914],[8.4272184,7.7571233],[8.4271514,7.7571379],[8.4270629,7.7571405],[8.4270146,7.7571459],[8.426918,7.7571751],[8.4265995,7.757286],[8.4265351,7.75731],[8.426397,7.7573963],[8.4263615,7.7573963],[8.4263206,7.7573764],[8.426291,7.7573512],[8.4261703,7.7571299],[8.4261315,7.7571007],[8.4260818,7.7570874],[8.4260255,7.7570861],[8.4259906,7.7570954],[8.4259008,7.7571445],[8.4258163,7.7571618],[8.4256902,7.7571565],[8.4254649,7.7571239],[8.4253878,7.7571219],[8.4253228,7.7571326],[8.4252698,7.7571864],[8.4252383,7.7572575],[8.4252343,7.75731],[8.4252162,7.7573419],[8.4250418,7.7574428],[8.4247562,7.757593],[8.4246951,7.7576269],[8.4246247,7.7576448],[8.4245456,7.7576349],[8.4245295,7.7576229],[8.4245282,7.7575963],[8.424551,7.7574681],[8.4245342,7.7574242],[8.4245013,7.757407],[8.4244739,7.7574076],[8.4242941,7.7574834],[8.4241553,7.757587],[8.4241017,7.757605],[8.4238985,7.7576256],[8.4237577,7.7576262],[8.4236558,7.7576036],[8.4236055,7.7575957],[8.4235612,7.7575983],[8.4234922,7.7576149],[8.4234285,7.7576375],[8.4233976,7.7576369],[8.4233554,7.7576242],[8.4232454,7.7575764],[8.4231656,7.7575551],[8.4229966,7.7575272],[8.4228974,7.757492],[8.4228002,7.7574276],[8.42277,7.7574189],[8.4227472,7.7574236],[8.4226634,7.7574847],[8.4226456,7.7574943],[8.4226238,7.7575033],[8.4225728,7.7575365],[8.4224662,7.7576163],[8.4223951,7.7576973],[8.4222892,7.7577963],[8.4222154,7.7578435],[8.4221081,7.757886],[8.4220874,7.7579232],[8.4220693,7.7579804],[8.4220324,7.7580508],[8.4219626,7.7581059],[8.421852,7.7581352],[8.4217105,7.7581518],[8.4215717,7.758199],[8.4214584,7.7582727],[8.4214,7.7583651]]],[[[8.4228015,7.7590428],[8.4227995,7.7590826],[8.4228149,7.7591258],[8.4228799,7.7591763],[8.4229939,7.7592142],[8.4230771,7.7592241],[8.4231287,7.7592148],[8.4231455,7.7591996],[8.4231562,7.759181],[8.4231582,7.7591667],[8.4231448,7.7591301],[8.4231425,7.7591089],[8.4231482,7.7590919],[8.4231686,7.7590717],[8.4232313,7.7590447],[8.4233252,7.7590421],[8.4235029,7.7590753],[8.4236974,7.7590926],[8.4241728,7.7591298],[8.4243746,7.7591437],[8.4244718,7.7591424],[8.4245798,7.7591278],[8.4247065,7.7590999],[8.4252477,7.7589969],[8.4256171,7.7589218],[8.4259538,7.75888],[8.4261294,7.7588521],[8.4261563,7.7588448],[8.4261972,7.7588242],[8.4263273,7.7587551],[8.426456,7.7587119],[8.4265445,7.7586953],[8.4266887,7.7586833],[8.4267135,7.7586753],[8.4267249,7.7586627],[8.4267262,7.7586288],[8.4267303,7.7586062],[8.4267517,7.758575],[8.4269039,7.7585066],[8.4271225,7.758395],[8.4272278,7.7583239],[8.4273076,7.7582568],[8.4273572,7.758187],[8.4273747,7.7581332],[8.427372,7.758086],[8.4273505,7.7580614],[8.4273143,7.7580515],[8.4272399,7.7580435],[8.4270629,7.7580515],[8.4268436,7.75808],[8.4264426,7.7582269],[8.4262763,7.7582674],[8.4262267,7.7582627],[8.4262052,7.7582415],[8.4261777,7.7581372],[8.4261589,7.7581199],[8.4261388,7.7581212],[8.4261167,7.7581332],[8.4260993,7.7581564],[8.4260832,7.758173],[8.4260389,7.7581956],[8.4258378,7.7582435],[8.4257881,7.7582475],[8.4255937,7.7582382],[8.4255387,7.7582448],[8.4254488,7.7582833],[8.4252416,7.758377],[8.4251471,7.758395],[8.4249043,7.7584122],[8.4247729,7.7583989],[8.4246133,7.7583843],[8.4245329,7.758391],[8.4244189,7.7584361],[8.4241527,7.7585518],[8.424091,7.7585684],[8.4240159,7.7585724],[8.4238355,7.758565],[8.4237517,7.7585684],[8.4236786,7.758583],[8.423529,7.7586634],[8.423287,7.7588295],[8.42324,7.7588534],[8.4232105,7.7588554],[8.4231716,7.7588401],[8.4231368,7.7588388],[8.4230878,7.7588454],[8.4229638,7.7588853],[8.4228806,7.7589265],[8.4228263,7.7589869],[8.4228015,7.7590428]]],[[[8.4207872,7.7587923],[8.4207831,7.7588228],[8.4208073,7.7588454],[8.4208569,7.758876],[8.4209266,7.7589092],[8.4210058,7.7589358],[8.4210715,7.7589464],[8.4211265,7.7589491],[8.4211908,7.758965],[8.4212297,7.7589783],[8.4212894,7.7590049],[8.4213632,7.7590833],[8.4214416,7.7591657],[8.4215174,7.7592275],[8.4215616,7.7592587],[8.421618,7.7592846],[8.421673,7.7592946],[8.4217259,7.7592866],[8.4218165,7.7592328],[8.4218909,7.7591743],[8.4219445,7.7591291],[8.4219921,7.7590992],[8.4220485,7.7590607],[8.4220679,7.7590321],[8.4220666,7.7590042],[8.4220431,7.7589876],[8.4220082,7.7589783],[8.421972,7.7589737],[8.4218989,7.758969],[8.4218319,7.7589677],[8.4217554,7.7589637],[8.4216803,7.758957],[8.4216025,7.7589531],[8.4215496,7.7589424],[8.4215234,7.7589245],[8.4214845,7.7588627],[8.421447,7.7588095],[8.4214121,7.7587537],[8.4214,7.7587285],[8.4213679,7.7587072],[8.4213075,7.75869],[8.4212109,7.7586687],[8.4210902,7.7586315],[8.4210178,7.7586129],[8.4209642,7.7586129],[8.4209092,7.7586341],[8.4208938,7.7586471],[8.4208857,7.758676],[8.4208891,7.7587112],[8.4208844,7.7587248],[8.4208733,7.7587355],[8.4208059,7.7587644],[8.4207872,7.7587923]]],[[[8.4144853,7.763693],[8.4143941,7.7638232],[8.4143968,7.763879],[8.414435,7.7639202],[8.4144913,7.7639421],[8.4149775,7.7640291],[8.4152672,7.7641102],[8.4157513,7.7642617],[8.416155,7.7644238],[8.4163615,7.7645142],[8.4169033,7.7648411],[8.417138,7.7649367],[8.4174666,7.7650058],[8.4176637,7.7650331],[8.4177931,7.765061],[8.4179346,7.7651095],[8.4179802,7.7651274],[8.418003,7.7651341],[8.4180761,7.7651294],[8.4181606,7.7651002],[8.418223,7.7650377],[8.4182927,7.7650005],[8.4183712,7.7649819],[8.4185053,7.7649733],[8.4185837,7.7649646],[8.4187024,7.7649321],[8.41875,7.7648962],[8.4187789,7.7648616],[8.4187956,7.7648497],[8.4188432,7.7648377],[8.4190477,7.764869],[8.4193321,7.7649726],[8.4194005,7.7649925],[8.4194923,7.7650078],[8.4197116,7.765039],[8.4201595,7.7651095],[8.4203567,7.7651573],[8.4205511,7.7652198],[8.4206182,7.7652317],[8.4208502,7.7652091],[8.4209695,7.7651719],[8.4210514,7.7651108],[8.4210809,7.765049],[8.4211305,7.7649806],[8.4212042,7.7649367],[8.4216575,7.7648822],[8.4220129,7.7649048],[8.4221913,7.7649367],[8.4223281,7.7649327],[8.4223824,7.7649085],[8.4224186,7.7648869],[8.4224334,7.764849],[8.4224226,7.7648138],[8.4223643,7.764772],[8.4222704,7.7647148],[8.4222221,7.7646404],[8.4222174,7.7645494],[8.4222355,7.7644584],[8.4222852,7.76438],[8.4223777,7.764368],[8.4235767,7.7646949],[8.4241292,7.7648251],[8.424502,7.764865],[8.4254113,7.7650351],[8.4261355,7.7652424],[8.4264761,7.7653832],[8.4267202,7.7655081],[8.4268449,7.7655652],[8.4269026,7.7655799],[8.4273854,7.765633],[8.4281847,7.7656995],[8.4287024,7.7657167],[8.4289585,7.7657181],[8.4290282,7.7657048],[8.4291831,7.7656324],[8.429216,7.7656044],[8.4292368,7.7655526],[8.4292743,7.7655035],[8.4293313,7.7654716],[8.4294789,7.7654337],[8.4297511,7.7654051],[8.4299556,7.7653726],[8.4300622,7.7653433],[8.4302084,7.7652968],[8.4303378,7.7652776],[8.430834,7.7652583],[8.4323408,7.7652171],[8.432955,7.7651839],[8.4334485,7.765144],[8.4344973,7.7649952],[8.4354602,7.7648344],[8.4370923,7.764558],[8.4378138,7.764469],[8.4384347,7.7644065],[8.4392166,7.764372],[8.4394929,7.764352],[8.4398711,7.7642976],[8.4400729,7.7642717],[8.4401393,7.764257],[8.4402298,7.7642192],[8.4404256,7.7641089],[8.4404585,7.7640963],[8.4405296,7.7640836],[8.4407622,7.7639959],[8.4409091,7.7639308],[8.4411351,7.7638192],[8.4411706,7.7638046],[8.4412947,7.76377],[8.4413376,7.7637554],[8.4414033,7.7637242],[8.441591,7.7636411],[8.4416547,7.7636146],[8.4418378,7.7635528],[8.4419471,7.7635029],[8.442214,7.7633701],[8.442397,7.7632591],[8.4427142,7.7630658],[8.4428302,7.7629867],[8.4428946,7.7629581],[8.4429898,7.7629329],[8.4430233,7.7629163],[8.4430951,7.7628618],[8.4431266,7.7628465],[8.4433888,7.762707],[8.4434947,7.7626505],[8.443541,7.7626286],[8.4438267,7.7624817],[8.4440332,7.7623489],[8.4440875,7.762297],[8.4441532,7.7622273],[8.4442183,7.7621721],[8.4442719,7.7621349],[8.444396,7.7620286],[8.444463,7.7619761],[8.4447567,7.7617821],[8.4448747,7.7616838],[8.4454058,7.7612214],[8.4461863,7.7604626],[8.446759,7.7600042],[8.4470634,7.7597211],[8.4474792,7.7593424],[8.4475704,7.7592427],[8.4478292,7.7588547],[8.4482516,7.7582209],[8.4489651,7.7573864],[8.4491462,7.7571645],[8.4492642,7.7570488],[8.4493956,7.7568934],[8.4494506,7.7567831],[8.449515,7.7564921],[8.4496088,7.7560722],[8.4496169,7.7558516],[8.4495673,7.7555273],[8.4494854,7.7553519],[8.4493875,7.7552489],[8.4490006,7.755025],[8.4486486,7.7548742],[8.4482349,7.7547334],[8.4479385,7.7546682],[8.447622,7.7546191],[8.4474537,7.7545998],[8.4472834,7.7545958],[8.4470272,7.7545912],[8.4469112,7.7545779],[8.4467027,7.7545101],[8.4466202,7.7544902],[8.4465075,7.7544749],[8.4462058,7.7544609],[8.4461039,7.754449],[8.4459268,7.7544084],[8.4456083,7.754332],[8.4453247,7.7542437],[8.4452328,7.7542091],[8.4450249,7.7541706],[8.4449264,7.75415],[8.4447768,7.7541028],[8.4445522,7.7540164],[8.4444952,7.7540051],[8.4442853,7.7539965],[8.4437241,7.7539726],[8.4433747,7.75396],[8.4433325,7.7539613],[8.4431045,7.7539699],[8.4430287,7.7539719],[8.4429489,7.7539679],[8.4427705,7.7539527],[8.4426579,7.7539387],[8.442625,7.7539374],[8.4425761,7.753948],[8.4424956,7.7539819],[8.4422958,7.754037],[8.4421469,7.7540467],[8.4421235,7.754046],[8.4421033,7.7540517],[8.4420805,7.7540623],[8.4419773,7.7541041],[8.4416728,7.7542091],[8.4413617,7.7542915],[8.4412263,7.7543201],[8.44119,7.754334],[8.4411304,7.7543666],[8.4409808,7.7544251],[8.4407227,7.7545068],[8.4406335,7.7545393],[8.4405041,7.7546011],[8.4403391,7.7546955],[8.4402231,7.7547679],[8.4401145,7.7548131],[8.4398127,7.7549028],[8.4396344,7.7549619],[8.4394895,7.755027],[8.43922,7.7551426],[8.4390329,7.7552124],[8.438988,7.7552204],[8.4389055,7.7552264],[8.4388545,7.7552357],[8.4387311,7.7552729],[8.438585,7.7553107],[8.4383053,7.7553951],[8.4382061,7.7554283],[8.4381759,7.7554463],[8.4381565,7.7554728],[8.4381364,7.7554961],[8.4381062,7.7555087],[8.4379392,7.7555513],[8.4378889,7.7555672],[8.4378266,7.7555998],[8.4377481,7.7556582],[8.4375188,7.7558675],[8.43739,7.7559878],[8.4371627,7.7562642],[8.4369488,7.756502],[8.4368375,7.7565851],[8.4366558,7.7566921],[8.4363131,7.7568522],[8.4362327,7.7568827],[8.4361495,7.7569273],[8.4359986,7.7570103],[8.4357033,7.7571219],[8.4355031,7.7572],[8.4352298,7.7573216],[8.4347896,7.7574688],[8.4342619,7.7576362],[8.4342042,7.7576548],[8.4341117,7.7576893],[8.4338857,7.7577817],[8.4337161,7.7578488],[8.4332675,7.7579963],[8.4328645,7.7581245],[8.4325359,7.7582727],[8.4323582,7.7583345],[8.4320464,7.7585039],[8.4314805,7.7588069],[8.4311552,7.7589378],[8.4309447,7.7589776],[8.4307395,7.7589757],[8.4307107,7.7589703],[8.4306952,7.7589524],[8.4306738,7.7588461],[8.4306617,7.7588255],[8.4306262,7.7588122],[8.4305839,7.7588062],[8.4304525,7.7588095],[8.4303472,7.7588275],[8.430303,7.7588408],[8.4301326,7.7589085],[8.429963,7.7589484],[8.4298349,7.7589703],[8.4297089,7.7590029],[8.4294882,7.7590853],[8.4289505,7.7592926],[8.4286561,7.7594308],[8.428465,7.7595152],[8.4283322,7.7595557],[8.428233,7.759575],[8.4281716,7.7595872],[8.4280479,7.7596188],[8.4279212,7.759652],[8.4277582,7.7596773],[8.4277093,7.7596939],[8.4275899,7.7597557],[8.4274652,7.7598314],[8.4273921,7.7598527],[8.4271983,7.7598826],[8.4270917,7.7599092],[8.426973,7.759959],[8.4268302,7.7600361],[8.4267457,7.7600646],[8.4266713,7.7600699],[8.4265653,7.7600573],[8.4265164,7.76005],[8.4264728,7.7600493],[8.4264413,7.760058],[8.4258116,7.7602885],[8.4257258,7.7603124],[8.4256138,7.7603277],[8.4255038,7.7603503],[8.4248614,7.760533],[8.4242123,7.760727],[8.4236893,7.7608453],[8.4234479,7.7608759],[8.4232669,7.7608706],[8.4228779,7.7607882],[8.4223777,7.7607098],[8.4219781,7.7606566],[8.4218775,7.7606619],[8.4215878,7.7607031],[8.4214926,7.7607157],[8.4213088,7.7607191],[8.4210916,7.760735],[8.4208918,7.7607775],[8.4201702,7.761038],[8.4200013,7.7610898],[8.4194031,7.7612692],[8.41932,7.7613077],[8.4192073,7.7613861],[8.4186923,7.7616492],[8.4184737,7.7617542],[8.4181854,7.7618738],[8.4178823,7.7619442],[8.417602,7.7619628],[8.4172775,7.7619615],[8.4165412,7.7620054],[8.4163588,7.7620359],[8.4162649,7.7620811],[8.4160504,7.7622127],[8.4155112,7.7625847],[8.4150794,7.7630445],[8.4148206,7.7633581],[8.4144853,7.763693]]],[[[8.4194802,7.7600454],[8.4194702,7.760062],[8.4194796,7.7600919],[8.4195084,7.7601045],[8.4196217,7.7601218],[8.4197874,7.7601164],[8.4199711,7.7601125],[8.4200361,7.7601012],[8.4201649,7.7600606],[8.420236,7.7600181],[8.4202997,7.759953],[8.4203634,7.7599025],[8.4204227,7.7598773],[8.4204472,7.759862],[8.4204566,7.7598434],[8.4204559,7.7598228],[8.4204432,7.7598118],[8.4204147,7.7598068],[8.4203486,7.7598102],[8.4203285,7.7598191],[8.4202698,7.7598567],[8.4202433,7.7598593],[8.4202085,7.7598547],[8.4201639,7.7598427],[8.42013,7.7598377],[8.4200891,7.7598427],[8.4200314,7.7598753],[8.4199503,7.7598945],[8.4199074,7.7598985],[8.4198477,7.7599145],[8.4197592,7.7599457],[8.4196083,7.7600022],[8.4194802,7.7600454]]],[[[8.4191762,7.760649],[8.4191698,7.7606679],[8.4191768,7.7606858],[8.4191983,7.7606955],[8.4193173,7.7607038],[8.4194246,7.7606951],[8.4195218,7.7606885],[8.4195486,7.7606805],[8.4196201,7.7606367],[8.4196358,7.7606221],[8.4196398,7.7605875],[8.4196217,7.7605636],[8.4195728,7.7605244],[8.4195238,7.7605058],[8.4194816,7.7605084],[8.4194125,7.7605364],[8.4192858,7.7605935],[8.4191983,7.7606354],[8.4191762,7.760649]]],[[[8.4172181,7.7616173],[8.4172158,7.7616296],[8.4172202,7.7616463],[8.4172379,7.7616579],[8.4173063,7.7616838],[8.4174035,7.7617051],[8.4175618,7.7617303],[8.417657,7.761726],[8.4176932,7.7617263],[8.4177247,7.7617343],[8.4177529,7.7617323],[8.4177918,7.7617104],[8.417832,7.7616632],[8.4178481,7.7616293],[8.4178521,7.7615901],[8.417832,7.7615243],[8.4177978,7.7614745],[8.417767,7.7614552],[8.4177314,7.7614566],[8.4176765,7.7615024],[8.4176329,7.761519],[8.417594,7.7615177],[8.4175269,7.7615124],[8.4174471,7.7615144],[8.4173848,7.761529],[8.4173124,7.7615549],[8.4172426,7.7615934],[8.4172181,7.7616173]]],[[[8.3984571,7.7657061],[8.3984584,7.7657373],[8.3984725,7.7657599],[8.3985704,7.7658131],[8.3986442,7.7658682],[8.398732,7.7659293],[8.3988634,7.7659905],[8.399072,7.7660443],[8.3992222,7.7660941],[8.3992423,7.7660954],[8.3993134,7.7660775],[8.3993939,7.7660237],[8.3994294,7.7659732],[8.3994234,7.7659293],[8.3993717,7.7658875],[8.399296,7.765843],[8.3992524,7.7658303],[8.3992061,7.7658277],[8.3991236,7.7658204],[8.3989493,7.7657626],[8.3988634,7.7657127],[8.3988098,7.7656961],[8.3986831,7.7656662],[8.3985241,7.7656563],[8.3984772,7.7656755],[8.3984571,7.7657061]]],[[[8.3976974,7.7658323],[8.3968914,7.7656157],[8.3963884,7.7654962],[8.3959579,7.765431],[8.3955932,7.7653805],[8.3951278,7.7652889],[8.3944693,7.7651666],[8.3940952,7.7650962],[8.3938994,7.765051],[8.3934568,7.7649048],[8.392923,7.7647799],[8.3923987,7.7646417],[8.3917616,7.7644251],[8.3912534,7.7642923],[8.3905413,7.7640783],[8.3900785,7.7640145],[8.3897675,7.7640251],[8.3895367,7.764065],[8.3893155,7.7641394],[8.3883136,7.7645593],[8.3880736,7.7646484],[8.3877517,7.764752],[8.3871125,7.7649158],[8.385478,7.7680435],[8.3986521,7.7666569],[8.3985583,7.7665087],[8.3984014,7.7662921],[8.3982056,7.7661034],[8.3979562,7.7659466],[8.3976974,7.7658323]]],[[[8.674938,7.65232],[8.665206,7.631945],[8.651235,7.6096],[8.633074,7.59931],[8.623687,7.589329],[8.619217,7.584106],[8.61243,7.578],[8.601682,7.569656],[8.582706,7.565829],[8.5742449,7.5623756],[8.559939,7.556077],[8.546278,7.552852],[8.52364,7.55093],[8.513748,7.552713],[8.484794,7.559655],[8.474492,7.564437],[8.464001,7.571987],[8.451425,7.578884],[8.439437,7.593603],[8.423403,7.614842],[8.412133,7.631163],[8.4066549,7.6427744],[8.4058118,7.6471854],[8.405211,7.6532606],[8.4072277,7.6608232],[8.4081665,7.6634392],[8.4086358,7.6675646],[8.4084549,7.671495],[8.4080736,7.6720316],[8.4115774,7.6744307],[8.4106835,7.6755756],[8.4091276,7.6768479],[8.4068224,7.6774441],[8.4056152,7.6770419],[8.4030509,7.6776494],[8.4017594,7.6779015],[8.3994329,7.6777388],[8.3991286,7.6786157],[8.3981076,7.679779],[8.3971465,7.6810581],[8.396796,7.681323],[8.3947907,7.6832096],[8.3942551,7.683715],[8.3938805,7.6837626],[8.3928035,7.6842107],[8.3916423,7.6845483],[8.391878,7.690954],[8.389346,7.719798],[8.390365,7.740058],[8.389446,7.754589],[8.389984,7.759421],[8.3880941,7.7630374],[8.3881601,7.7630166],[8.3882104,7.7630093],[8.3887401,7.7629648],[8.3888876,7.7629409],[8.3889386,7.7629222],[8.3890097,7.762905],[8.3893624,7.7628744],[8.3902194,7.7628146],[8.3903401,7.7628106],[8.3905345,7.7628399],[8.3906727,7.7628943],[8.3907934,7.7629143],[8.3912587,7.7629315],[8.3913432,7.7629502],[8.3915511,7.7630099],[8.3916382,7.7630232],[8.3917831,7.763006],[8.3919132,7.7630006],[8.3920312,7.7630259],[8.3923624,7.7631707],[8.392451,7.7632013],[8.3925824,7.7632133],[8.3927889,7.7632438],[8.3931403,7.7633302],[8.3934823,7.7634551],[8.3936767,7.7635215],[8.3938041,7.7635401],[8.3939584,7.7635614],[8.3940375,7.7635867],[8.3942561,7.7637288],[8.3945484,7.763879],[8.3948958,7.7640185],[8.3950889,7.7640717],[8.3953638,7.7640996],[8.3956106,7.7640996],[8.396021,7.7641328],[8.3962221,7.7641421],[8.3964407,7.7641275],[8.3971019,7.7640012],[8.3973862,7.7639481],[8.3975512,7.7639268],[8.3979307,7.7638923],[8.3981788,7.7638471],[8.3982633,7.7638405],[8.3987153,7.7638312],[8.398899,7.7638444],[8.3990519,7.763883],[8.3992745,7.7639468],[8.3993711,7.7639521],[8.3996084,7.7639428],[8.4000389,7.763968],[8.4003273,7.7640278],[8.4005097,7.7641075],[8.4007745,7.7642298],[8.4008664,7.7643049],[8.4009301,7.7643633],[8.4009643,7.764378],[8.4010696,7.7644198],[8.4011098,7.7644417],[8.4012976,7.7644816],[8.4018159,7.7645633],[8.4021404,7.764651],[8.4024368,7.7647959],[8.4025535,7.7648663],[8.4027694,7.7649314],[8.4033139,7.7650616],[8.4036089,7.7651174],[8.403853,7.7651228],[8.4040569,7.7650895],[8.4044887,7.7649792],[8.4047154,7.7649261],[8.40517,7.764853],[8.4053343,7.7648298],[8.4054201,7.7648092],[8.4055924,7.764764],[8.4058017,7.7647294],[8.4060927,7.7646823],[8.4062918,7.7646284],[8.4064501,7.7645779],[8.4065131,7.7645633],[8.4067015,7.7645321],[8.407069,7.7644663],[8.4074049,7.7644158],[8.4076765,7.7644005],[8.4078851,7.7643899],[8.408227,7.7643819],[8.4083759,7.7643687],[8.4085234,7.7643414],[8.4090431,7.7642491],[8.4096614,7.7641228],[8.4098793,7.7640577],[8.4099376,7.7640418],[8.4100114,7.7640179],[8.4101086,7.7639813],[8.4102099,7.7639268],[8.410576,7.763677],[8.4107396,7.763588],[8.4111258,7.7634166],[8.4112626,7.7633395],[8.4113029,7.7633023],[8.411333,7.7632305],[8.4113659,7.7631721],[8.4114484,7.7630996],[8.4116046,7.7630199],[8.4118862,7.7629163],[8.4119774,7.7628704],[8.412009,7.7628372],[8.4120264,7.7627874],[8.4120344,7.7626711],[8.4120438,7.7626352],[8.4120908,7.7625542],[8.4122141,7.7623847],[8.4122651,7.7623455],[8.4124066,7.7622246],[8.4124897,7.762127],[8.4125246,7.7620971],[8.4126198,7.7620333],[8.4126446,7.7620054],[8.4127754,7.7619017],[8.4130832,7.7616845],[8.4133273,7.7615336],[8.4136236,7.7613709],[8.4140689,7.7611044],[8.4144538,7.7609237],[8.4147978,7.7607523],[8.4149527,7.7606653],[8.4153376,7.7604487],[8.4156387,7.7602945],[8.415762,7.7602507],[8.4158619,7.7602281],[8.415931,7.7602154],[8.4159803,7.7601955],[8.416043,7.7601676],[8.4163789,7.7600586],[8.4166431,7.7599803],[8.4169127,7.7598673],[8.417427,7.7597012],[8.4177241,7.7596215],[8.4180332,7.7595178],[8.4182585,7.7594075],[8.4184577,7.7592906],[8.4185985,7.7592095],[8.4187782,7.7591298],[8.4189941,7.7590401],[8.4192945,7.7589092],[8.4199584,7.758589],[8.4206732,7.7582661],[8.4213947,7.7579425],[8.4216736,7.7577797],[8.422088,7.7574475],[8.4222905,7.7573027],[8.4224005,7.7572548],[8.4225266,7.7572296],[8.4227049,7.757211],[8.4227921,7.7572136],[8.4228699,7.7572389],[8.4229155,7.7572867],[8.4229517,7.7573425],[8.4230268,7.757393],[8.4231099,7.7574196],[8.4232749,7.7574316],[8.4237322,7.7573598],[8.4240273,7.757292],[8.4240916,7.7572535],[8.4242029,7.7571166],[8.4242418,7.7570754],[8.4242955,7.7570462],[8.4243867,7.7570209],[8.4246536,7.7569685],[8.4248239,7.7569146],[8.4249365,7.7568741],[8.4250512,7.7568322],[8.4252919,7.7567346],[8.4255789,7.7565811],[8.4258123,7.7564363],[8.4258887,7.7563951],[8.4260885,7.7563339],[8.4262414,7.7562609],[8.4263179,7.7561811],[8.4263836,7.7561452],[8.4264855,7.7561107],[8.4267779,7.756007],[8.4273693,7.7558263],[8.4278816,7.7556443],[8.4280626,7.7555061],[8.4282356,7.7552974],[8.4283926,7.7550583],[8.4285629,7.7546437],[8.4286125,7.754548],[8.4287064,7.7544536],[8.4288874,7.7543327],[8.4291744,7.7542038],[8.4293582,7.75416],[8.4300327,7.7539832],[8.4303439,7.7538822],[8.4305853,7.7537959],[8.4312343,7.7536019],[8.4321999,7.7533786],[8.4326868,7.7532736],[8.4330328,7.7532245],[8.4334834,7.7531274],[8.4338267,7.7529892],[8.4342156,7.7528617],[8.4346367,7.7527115],[8.4349177,7.7525746],[8.4351383,7.7524929],[8.4353368,7.7524384],[8.4354307,7.7523879],[8.4355514,7.7522883],[8.4357552,7.7521082],[8.4360281,7.7518923],[8.4362414,7.7517162],[8.4362836,7.751669],[8.4363171,7.7516165],[8.4363688,7.7515528],[8.4365197,7.7514405],[8.4366209,7.7513501],[8.4368113,7.7511833],[8.4369441,7.751075],[8.4370876,7.7509853],[8.4373511,7.7508159],[8.4377079,7.750584],[8.4378078,7.7505036],[8.4378909,7.7504525],[8.4382148,7.7503003],[8.4383898,7.7501993],[8.4387734,7.7499475],[8.4389705,7.7498392],[8.4390151,7.7498226],[8.4391321,7.7497987],[8.4391683,7.7497854],[8.4391918,7.7497658],[8.4392304,7.7497439],[8.4392827,7.7497289],[8.4395264,7.749602],[8.4397866,7.7494538],[8.4399173,7.7493761],[8.4399991,7.7493396],[8.4405819,7.7491276],[8.441005,7.7490067],[8.4412538,7.7489495],[8.4413443,7.7489356],[8.4419189,7.7488838],[8.4420289,7.7488764],[8.442108,7.7488811],[8.4421744,7.7488917],[8.4422649,7.7488951],[8.4423374,7.7488804],[8.4423695,7.7488731],[8.442389,7.7488718],[8.4424426,7.7488824],[8.4425043,7.7488824],[8.4426666,7.7488705],[8.4428369,7.7488532],[8.4431266,7.7488034],[8.4432024,7.7487961],[8.4433459,7.7487974],[8.4435672,7.7487907],[8.4438421,7.7487768],[8.4441358,7.7487914],[8.4443329,7.748826],[8.4444711,7.7488844],[8.4446427,7.7489987],[8.4447634,7.7491037],[8.444927,7.7492618],[8.4450196,7.7493781],[8.4450477,7.749412],[8.445096,7.7494452],[8.445332,7.7495435],[8.4454434,7.7495807],[8.4455332,7.7496073],[8.4456046,7.7496432],[8.4456546,7.7496538],[8.4456868,7.7496528],[8.4457451,7.7496385],[8.4458162,7.7496299],[8.4458806,7.7496366],[8.445949,7.7496578],[8.4459986,7.749703],[8.4460214,7.7497508],[8.4460321,7.7498239],[8.4460522,7.7498757],[8.4460951,7.7499023],[8.4462775,7.7499555],[8.446366,7.7499967],[8.446415,7.7500345],[8.4464747,7.7500857],[8.4465209,7.750103],[8.4465471,7.7501036],[8.446641,7.7500804],[8.4467764,7.7500658],[8.4468636,7.7500505],[8.4470084,7.7499993],[8.4474,7.749897],[8.4475449,7.749897],[8.4477312,7.7499221],[8.4479062,7.7499217],[8.4480334,7.7498872],[8.4481821,7.7498445],[8.4482853,7.7498432],[8.4483726,7.7498547],[8.4484724,7.7498771],[8.4485846,7.7498865],[8.4486897,7.7498728],[8.4487804,7.7498546],[8.4489402,7.7498177],[8.4490754,7.7497843],[8.4491891,7.7497469],[8.4492707,7.7497194],[8.4493768,7.749707],[8.4495485,7.7497017],[8.4499924,7.7497216],[8.4503826,7.7497588],[8.4506294,7.7497973],[8.450911,7.749808],[8.4512758,7.7498133],[8.4516808,7.7497681],[8.4519021,7.7497123],[8.4521033,7.7496485],[8.4522535,7.7496153],[8.4526204,7.7495563],[8.4533492,7.7494744],[8.4536684,7.7494452],[8.454131,7.7494279],[8.4545146,7.7493987],[8.4548777,7.7493536],[8.4555057,7.7492937],[8.4558389,7.7492711],[8.4559281,7.7492631],[8.456075,7.7492113],[8.4563331,7.7491269],[8.4564156,7.749101],[8.4565316,7.7490445],[8.4566154,7.7490107],[8.4567542,7.7489834],[8.4570345,7.748923],[8.4571358,7.7489143],[8.4572491,7.7489176],[8.4573188,7.7489044],[8.4573691,7.7488864],[8.4574188,7.7488632],[8.4575213,7.7488007],[8.4575777,7.7487768],[8.4576843,7.7487442],[8.4579062,7.748707],[8.458096,7.7486804],[8.458385,7.7486359],[8.4585775,7.7486339],[8.4586713,7.7486419],[8.4587337,7.7486412],[8.4587739,7.7486339],[8.4588115,7.7486173],[8.4588899,7.7485788],[8.4589845,7.7485422],[8.459022,7.7485163],[8.4590992,7.7484605],[8.4591709,7.7484286],[8.4592051,7.7484246],[8.459252,7.7484107],[8.4592976,7.7483854],[8.4593325,7.7483429],[8.4593694,7.7483037],[8.4594599,7.7482466],[8.4595605,7.7481728],[8.4596644,7.7481203],[8.4597362,7.7480751],[8.4597851,7.7480213],[8.4598254,7.7479854],[8.4598555,7.7479655],[8.4600044,7.7478858],[8.4600701,7.7478366],[8.4601392,7.7477795],[8.4602049,7.7477476],[8.4602994,7.7477449],[8.4603987,7.747727],[8.4604436,7.7477197],[8.4604818,7.7476958],[8.4605087,7.7476599],[8.4605328,7.7476253],[8.4605516,7.7476021],[8.4605891,7.7475788],[8.4608929,7.7474187],[8.4613891,7.7471662],[8.461711,7.7469948],[8.4619229,7.7468685],[8.4621441,7.7467343],[8.462698,7.7463383],[8.4630011,7.7460925],[8.4633256,7.7458772],[8.4635711,7.7457563],[8.4642322,7.7454546],[8.4650543,7.745141],[8.465568,7.7449603],[8.4659287,7.7447995],[8.466264,7.7446201],[8.4667253,7.7443689],[8.467019,7.744252],[8.4672645,7.744147],[8.4677386,7.7439584],[8.4699034,7.7432929],[8.4717347,7.743001],[8.4719972,7.7429603],[8.4723566,7.742858],[8.472822,7.742769],[8.4730487,7.7427065],[8.4733048,7.7426401],[8.4734014,7.7426374],[8.4734711,7.742648],[8.4735274,7.7426507],[8.473571,7.7426407],[8.4736012,7.7426162],[8.4736146,7.7425803],[8.4736361,7.742551],[8.4736669,7.7425331],[8.4737112,7.7425205],[8.4737936,7.7424939],[8.4738855,7.7424567],[8.473908,7.7424417],[8.4739304,7.7424218],[8.4739663,7.7423653],[8.4739861,7.7423368],[8.4740216,7.7423122],[8.4741061,7.7422713],[8.4743569,7.7421843],[8.4746238,7.7421285],[8.4748887,7.742062],[8.4750268,7.7420394],[8.4752561,7.7420035],[8.4753795,7.7419504],[8.4754573,7.7419344],[8.4755538,7.7419118],[8.475692,7.7419045],[8.4758154,7.7418853],[8.4762103,7.7418833],[8.4764322,7.7418467],[8.4767179,7.7417909],[8.4768561,7.7417504],[8.4769553,7.7417604],[8.4770599,7.7417936],[8.4770894,7.7418208],[8.4771062,7.7418268],[8.47714,7.7418352],[8.4774166,7.7418281],[8.4775534,7.7418454],[8.4776634,7.7418574],[8.4777237,7.7418507],[8.4778123,7.7418228],[8.4781194,7.7417072],[8.4783179,7.7416168],[8.4784345,7.7415464],[8.4785271,7.7415119],[8.4786035,7.7415092],[8.4786652,7.7415437],[8.4787081,7.7416102],[8.4787349,7.7416514],[8.4787993,7.7416687],[8.478857,7.7416461],[8.4788918,7.7416155],[8.4789992,7.7415397],[8.4791353,7.7414926],[8.4792345,7.7414966],[8.4793894,7.7415112],[8.4794994,7.7414919],[8.4795872,7.7414879],[8.4797864,7.7414966],[8.4798581,7.7415231],[8.4799198,7.7415464],[8.4799889,7.7415358],[8.4800499,7.7415092],[8.480237,7.7414261],[8.480467,7.741381],[8.4805917,7.7413537],[8.4807674,7.7413544],[8.4813568,7.7414494],[8.4815244,7.7415026],[8.4815969,7.7415172],[8.4818946,7.7415198],[8.4821333,7.7415305],[8.4824297,7.7415637],[8.4833359,7.7417776],[8.4841403,7.7418454],[8.4844042,7.7418675],[8.4845667,7.7419132],[8.48467,7.7419364],[8.4847746,7.7419411],[8.4848611,7.7419437],[8.4849382,7.7419251],[8.4850375,7.7418753],[8.4850945,7.7418627],[8.4851287,7.741862],[8.4852822,7.7418613],[8.4853955,7.7418673],[8.4854317,7.7418833],[8.4854733,7.7418966],[8.4855216,7.7418893],[8.4856027,7.741858],[8.4857214,7.7418255],[8.485885,7.7417982],[8.4860165,7.7417716],[8.4860802,7.741769],[8.4861211,7.7417544],[8.4861861,7.7417205],[8.4862961,7.7416833],[8.4864081,7.7416713],[8.4864456,7.7416673],[8.4864771,7.7416547],[8.4864932,7.7416408],[8.4865838,7.741575],[8.4866837,7.7415158],[8.4867715,7.7414813],[8.4868245,7.741482],[8.4868654,7.7414836],[8.4868986,7.7414843],[8.4869288,7.741472],[8.4869616,7.7414421],[8.4870486,7.7413799],[8.4872443,7.7412461],[8.4875514,7.7410707],[8.4876607,7.7410374],[8.4877478,7.7410361],[8.4878015,7.7410428],[8.4878471,7.7410348],[8.4878886,7.7410149],[8.487949,7.7409743],[8.4879778,7.7409444],[8.4880114,7.7408972],[8.4880684,7.7408527],[8.4881602,7.7408215],[8.4884116,7.7407647],[8.4888011,7.7406968],[8.4892559,7.7407065],[8.4897535,7.7407338],[8.4898661,7.740759],[8.490017,7.7408095],[8.4900974,7.7408155],[8.4901551,7.7408016],[8.4901826,7.7407889],[8.4902282,7.7407584],[8.4903254,7.7406913],[8.4903999,7.7406919],[8.4904495,7.7407079],[8.4904783,7.7407484],[8.4904797,7.7407903],[8.490473,7.7408261],[8.490481,7.740864],[8.4905145,7.7409099],[8.4905668,7.7409451],[8.4906285,7.7409763],[8.4907774,7.7410275],[8.4908612,7.7410687],[8.4908947,7.7410919],[8.490939,7.7411172],[8.4909819,7.7411265],[8.4910221,7.7411305],[8.4910952,7.7411205],[8.4911603,7.7411026],[8.4911898,7.7410879],[8.4912119,7.741068],[8.4912367,7.7410335],[8.4913004,7.7410022],[8.4913802,7.7409956],[8.491464,7.7409962],[8.4915613,7.7410089],[8.4923991,7.7412726],[8.4926362,7.7413431],[8.4926808,7.7413522],[8.4927098,7.7413557],[8.4927315,7.7413713],[8.4927307,7.7413926],[8.4927156,7.7414022],[8.4926724,7.7414102],[8.4926526,7.7414142],[8.492643,7.7414333],[8.4926501,7.7414499],[8.4926749,7.7414574],[8.4927087,7.7414605],[8.4927619,7.7414728],[8.4928216,7.7415019],[8.4928434,7.7415157],[8.4928787,7.7415255],[8.4929716,7.7415288],[8.4930331,7.7415291],[8.4931164,7.7415306],[8.4932209,7.7415663],[8.4933201,7.7416275],[8.4934194,7.74168],[8.49353,7.7416893],[8.4936105,7.7416979],[8.4937151,7.7417258],[8.49376,7.7417803],[8.4937942,7.7418268],[8.4939115,7.7418972],[8.4940068,7.7419324],[8.4942408,7.7420082],[8.4943984,7.742062],[8.4944748,7.7421344],[8.4945291,7.7421484],[8.4947457,7.7422248],[8.4949241,7.7422733],[8.4951407,7.7423218],[8.4953579,7.7424494],[8.4955122,7.7425444],[8.4955886,7.7425763],[8.495716,7.7426055],[8.4959286,7.7426494],[8.4963624,7.7428361],[8.4964838,7.7428846],[8.4965227,7.7429191],[8.4965643,7.7429344],[8.496628,7.7429231],[8.4966689,7.7429218],[8.4967788,7.7429198],[8.4968653,7.7429338],[8.4970544,7.7429723],[8.4973039,7.7430447],[8.4973998,7.7430852],[8.4974655,7.7430919],[8.4976485,7.743153],[8.4977759,7.7432055],[8.4978276,7.7432328],[8.497851,7.7432401],[8.4980294,7.7432766],[8.4981823,7.7433258],[8.4982299,7.7433404],[8.4982661,7.7433457],[8.4982903,7.7433457],[8.4983781,7.7433357],[8.4984854,7.7433364],[8.4985524,7.7433636],[8.4986812,7.7434121],[8.4988703,7.7434906],[8.4989695,7.7435294],[8.498995,7.743542],[8.4990071,7.7435613],[8.4990098,7.7435806],[8.4990047,7.7436102],[8.4989896,7.7436925],[8.4989917,7.7437709],[8.4989682,7.7438427],[8.4989159,7.7438859],[8.4988428,7.7438998],[8.4988005,7.7438939],[8.4987731,7.7438759],[8.4987503,7.7438321],[8.4987382,7.7438068],[8.4987107,7.7437982],[8.4986859,7.7438088],[8.4986752,7.7438294],[8.4986664,7.7438866],[8.4986691,7.7439211],[8.4986785,7.7439636],[8.4986939,7.7440048],[8.4987422,7.7440221],[8.4988066,7.7440547],[8.498871,7.7440978],[8.4988991,7.7441218],[8.4989172,7.7441653],[8.4989229,7.7441836],[8.4989253,7.7442035],[8.4989407,7.7442241],[8.4989591,7.7442341],[8.4990057,7.7442324],[8.4990255,7.7442284],[8.4990708,7.7442111],[8.4991432,7.7441483],[8.499167,7.7441224],[8.4991868,7.7441121],[8.4992079,7.7441231],[8.4992136,7.7441464],[8.4991901,7.7441915],[8.499174,7.7442145],[8.4991683,7.7442287],[8.499169,7.7442437],[8.4991854,7.74425],[8.4992059,7.7442507],[8.4992388,7.744245],[8.4992723,7.7442254],[8.4992947,7.7442062],[8.4993652,7.7441417],[8.4994101,7.7440792],[8.4994503,7.7440314],[8.499508,7.7439922],[8.4995603,7.7439842],[8.499679,7.7439809],[8.4998124,7.7440121],[8.500265,7.7441643],[8.5005815,7.7442706],[8.5016236,7.7446812],[8.5017805,7.7447463],[8.5018717,7.7448168],[8.5019414,7.7448726],[8.5021681,7.7450015],[8.5022519,7.745044],[8.5023203,7.7450732],[8.5023672,7.7451011],[8.5023981,7.7451463],[8.5024544,7.7451842],[8.5025027,7.7452075],[8.5026274,7.745232],[8.502726,7.7452812],[8.5030653,7.7454148],[8.5031611,7.7454825],[8.5032255,7.7455656],[8.5032778,7.7456055],[8.503359,7.7456214],[8.503489,7.7456028],[8.5036017,7.7456041],[8.5036775,7.7456447],[8.5037848,7.7457151],[8.5038632,7.7457549],[8.5039651,7.7457569],[8.5040671,7.7457742],[8.5041556,7.7457922],[8.5043286,7.7458633],[8.504409,7.7458779],[8.5045546,7.7459084],[8.5046444,7.7459397],[8.5047524,7.7459583],[8.5048536,7.7459882],[8.5048932,7.7459975],[8.5050816,7.7460174],[8.505156,7.7460347],[8.505264,7.7460759],[8.5053109,7.7461084],[8.505374,7.7461197],[8.5054471,7.7461217],[8.5056214,7.7461244],[8.5058427,7.7461277],[8.50596,7.7461676],[8.5061035,7.7462287],[8.506184,7.7462619],[8.5062175,7.7462719],[8.5062272,7.7462749],[8.506238,7.7462749],[8.5062504,7.7462682],[8.5062863,7.746248],[8.5063262,7.746232],[8.5063845,7.7462294],[8.506469,7.7462407],[8.5065937,7.7462274],[8.506752,7.7462088],[8.5068472,7.7462287],[8.5069498,7.7462579],[8.507039,7.7462991],[8.5071174,7.7463058],[8.5072099,7.7462878],[8.5072529,7.7462732],[8.507385,7.7462572],[8.5074762,7.7462705],[8.5075861,7.7463091],[8.5076364,7.7463144],[8.5077042,7.7463011],[8.507731,7.7462911],[8.5077444,7.7462606],[8.5077558,7.7462061],[8.5077491,7.7461084],[8.5077692,7.7460446],[8.507794,7.7460008],[8.5078322,7.7457942],[8.5078437,7.7457759],[8.5078617,7.7457752],[8.5078792,7.7457855],[8.5078959,7.7458001],[8.5079093,7.7458413],[8.5079221,7.7459018],[8.5079241,7.7459935],[8.5079361,7.746113],[8.5079241,7.7462466],[8.507902,7.7463609],[8.5078631,7.7464174],[8.5078154,7.7464672],[8.5078114,7.7464858],[8.5078302,7.7465044],[8.5078946,7.746539],[8.5079878,7.746626],[8.5080166,7.7466825],[8.5080568,7.7467642],[8.5080776,7.7468121],[8.5080884,7.746822],[8.5081045,7.7468247],[8.5081286,7.7468247],[8.508148,7.7468283],[8.5081621,7.7468373],[8.5081779,7.7468592],[8.5081903,7.7468672],[8.5082027,7.7468699],[8.5082158,7.7468659],[8.5082516,7.7468307],[8.5082815,7.7468031],[8.5083204,7.7467961],[8.5083459,7.7468031],[8.508376,7.7468214],[8.5083915,7.7468636],[8.5084314,7.7469293],[8.5084712,7.7469629],[8.5085705,7.7470709],[8.5085906,7.7471054],[8.5086067,7.747125],[8.5086245,7.7471307],[8.5086449,7.7471243],[8.508662,7.7471084],[8.5086785,7.7470911],[8.5089111,7.7469071],[8.5089641,7.7468174],[8.5089768,7.7467881],[8.5089768,7.7467582],[8.5089581,7.7467337],[8.5089259,7.7466798],[8.5089138,7.7466087],[8.5089252,7.7465642],[8.50895,7.746525],[8.5089983,7.7464752],[8.5090405,7.7464546],[8.5090975,7.7464406],[8.5091827,7.7464487],[8.5094764,7.7464705],[8.5096266,7.7464705],[8.509862,7.7464818],[8.5104078,7.7465124],[8.5105848,7.746527],[8.5106693,7.7465403],[8.5107438,7.7465749],[8.5108054,7.746626],[8.5108383,7.7466778],[8.5108725,7.746719],[8.5109174,7.7467257],[8.5109664,7.7467177],[8.5111702,7.746719],[8.5115793,7.7467084],[8.5117241,7.7467157],[8.5118401,7.7467795],[8.5118656,7.7468014],[8.5119078,7.7468054],[8.5119313,7.7467895],[8.5119668,7.7467489],[8.5120158,7.7467337],[8.5120721,7.7467357],[8.5121398,7.7467483],[8.5122337,7.7467516],[8.5123048,7.7467496],[8.5123504,7.7467323],[8.5124188,7.746721],[8.5124825,7.746733],[8.512569,7.7467616],[8.5126112,7.7467775],[8.5126615,7.7467768],[8.512803,7.7467729],[8.5128808,7.7467921],[8.5129391,7.746818],[8.5129827,7.7468313],[8.5130377,7.7468293],[8.5131007,7.7468207],[8.513208,7.7467656],[8.5132409,7.746729],[8.5132516,7.7466865],[8.513265,7.7466287],[8.51331,7.7465523],[8.5133455,7.7464931],[8.5133725,7.7464559],[8.5134072,7.7464327],[8.5134427,7.7464074],[8.513483,7.7463901],[8.5135165,7.7463908],[8.513542,7.7464127],[8.5135507,7.746438],[8.5135514,7.7464805],[8.5135534,7.7465636],[8.5135614,7.746622],[8.5135762,7.7466719],[8.5135896,7.7467011],[8.5136137,7.7467151],[8.5136439,7.7467137],[8.5136734,7.7467077],[8.5137109,7.7466971],[8.5137807,7.7467104],[8.5138115,7.7467157],[8.5138813,7.7467124],[8.5140127,7.7466925],[8.5141347,7.7466965],[8.5141656,7.7467403],[8.5142078,7.7467994],[8.5142139,7.74682],[8.5142045,7.7468559],[8.5142192,7.7468705],[8.5142346,7.7468659],[8.5142528,7.7468506],[8.5142588,7.7468273],[8.5142856,7.7467782],[8.514289,7.7467383],[8.5142963,7.7467018],[8.5143118,7.7466798],[8.5143406,7.7466712],[8.5144137,7.7466659],[8.5144767,7.7466699],[8.5145344,7.7466659],[8.5145478,7.7466918],[8.5145377,7.7467237],[8.5145411,7.7467423],[8.5145646,7.7467503],[8.5145941,7.7467264],[8.5146256,7.7466832],[8.5146651,7.746632],[8.5147107,7.7465895],[8.5147537,7.7465456],[8.5147919,7.746541],[8.5148033,7.7465755],[8.5147972,7.7466174],[8.5147919,7.7466666],[8.5148019,7.7467137],[8.5148113,7.7467436],[8.5148294,7.7467682],[8.5148556,7.7467755],[8.5148904,7.7467662],[8.5149287,7.7467463],[8.5149823,7.7466958],[8.5150427,7.7466074],[8.5151171,7.7465024],[8.5151888,7.7464592],[8.5152365,7.74644],[8.5152908,7.746432],[8.5153337,7.7464406],[8.5153806,7.7464513],[8.5154289,7.7464519],[8.5154852,7.7464353],[8.5155141,7.7464171],[8.5155298,7.7463928],[8.5155456,7.7463759],[8.5155593,7.7463762],[8.5155617,7.7464074],[8.5155724,7.7464875],[8.5155711,7.7465111],[8.5155798,7.7465676],[8.5155808,7.7465918],[8.5155932,7.7466018],[8.5156136,7.7466014],[8.5156331,7.7465918],[8.5156743,7.7465629],[8.515683,7.7465377],[8.5157005,7.7464686],[8.5157172,7.7464187],[8.5157662,7.7463715],[8.5158634,7.7463124],[8.5159667,7.7462825],[8.5160505,7.7462872],[8.5161524,7.7463038],[8.5163127,7.7463151],[8.5164582,7.7463058],[8.5165776,7.7463237],[8.516658,7.7463303],[8.5167626,7.7463071],[8.5168049,7.7462852],[8.5168491,7.7462519],[8.5169323,7.7461629],[8.5170134,7.7461111],[8.5171006,7.7460985],[8.5173272,7.7461184],[8.5173762,7.7461357],[8.5174748,7.7461323],[8.517633,7.7461058],[8.5177832,7.7461005],[8.5181064,7.7461436],[8.5182124,7.7461543],[8.5184182,7.7461616],[8.5186777,7.7461702],[8.5189714,7.7461835],[8.5193997,7.7462259],[8.5195749,7.7462426],[8.5196983,7.7462433],[8.5198197,7.7462539],[8.5198713,7.7462905],[8.5198941,7.7463529],[8.5198914,7.7464041],[8.5199095,7.7464672],[8.5199625,7.7465423],[8.5200058,7.7465868],[8.5200339,7.7466021],[8.520052,7.7466177],[8.5200507,7.7466327],[8.5200319,7.7466476],[8.5200091,7.7466563],[8.5199779,7.7466539],[8.5199649,7.7466559],[8.5199588,7.7466639],[8.5199638,7.7466732],[8.5199722,7.7466762],[8.5200065,7.7467067],[8.5200255,7.7466938],[8.5200802,7.7466961],[8.5201503,7.7466901],[8.52028,7.7466303],[8.5203189,7.7466048],[8.520391,7.7465918],[8.5204238,7.7466008],[8.5204497,7.7466154],[8.5204731,7.7466207],[8.5204993,7.7466161],[8.5205378,7.7465978],[8.5205838,7.7465709],[8.5206438,7.7465127],[8.5206924,7.7464669],[8.5207179,7.7464443],[8.5207343,7.7464191],[8.5207528,7.7463941],[8.5207769,7.7463656],[8.5208054,7.7463579],[8.5209184,7.7463686],[8.5209586,7.7463666],[8.5209948,7.7463636],[8.5210156,7.7463699],[8.5210391,7.7463795],[8.5210827,7.7463875],[8.5211323,7.7463762],[8.5211735,7.7463446],[8.5211977,7.7463353],[8.5212134,7.7463353],[8.5212332,7.7463473],[8.5212456,7.7463682],[8.5212644,7.7463888],[8.5212781,7.7463948],[8.521308,7.7463978],[8.5213365,7.7463835],[8.5213707,7.7463762],[8.5214169,7.7463782],[8.5214689,7.7463938],[8.521491,7.7464104],[8.5215085,7.7464224],[8.5215349,7.746427],[8.5215735,7.7464177],[8.5217254,7.7464187],[8.5217656,7.7463925],[8.5218018,7.7463749],[8.5218742,7.7463636],[8.5219209,7.7463619],[8.5219349,7.7463832],[8.5219463,7.7464197],[8.5219624,7.7464489],[8.5220295,7.7464566],[8.5220999,7.7464629],[8.5221576,7.7464473],[8.5222558,7.7464164],[8.5223101,7.7464021],[8.5223413,7.7464004],[8.5224459,7.7464024],[8.5225334,7.7464237],[8.5226383,7.7464699],[8.5228067,7.7465038],[8.5228968,7.7465071],[8.5229954,7.7465014],[8.5230772,7.7464931],[8.52321,7.7465031],[8.5233568,7.7465224],[8.5236197,7.746547],[8.5237766,7.7465755],[8.5240656,7.7466087],[8.52436,7.7466087],[8.5245578,7.7466526],[8.5247362,7.7466705],[8.5249367,7.7466632],[8.52505,7.7466785],[8.5254805,7.7467715],[8.5256025,7.7468067],[8.525679,7.7467968],[8.5257742,7.7467742],[8.5259163,7.7467715],[8.5259988,7.7467509],[8.5260645,7.746735],[8.5261316,7.746743],[8.526375,7.7467543],[8.5265239,7.7467629],[8.5268953,7.7467795],[8.5272923,7.7467928],[8.5274211,7.7467815],[8.5275813,7.7467941],[8.5277376,7.7468141],[8.5278274,7.7468287],[8.5278904,7.7468307],[8.5279857,7.7468147],[8.5281151,7.7467749],[8.5282452,7.7467396],[8.5283478,7.7467151],[8.528508,7.7467024],[8.5286864,7.7467091],[8.5288507,7.7466984],[8.528905,7.7466838],[8.5289694,7.7466798],[8.529025,7.7466845],[8.5292181,7.7466612],[8.5294012,7.7466307],[8.5295782,7.7466167],[8.5298149,7.7465915],[8.5300255,7.7465476],[8.5303742,7.7464429],[8.530468,7.7463948],[8.530641,7.7462865],[8.5307188,7.7462493],[8.5308402,7.7462154],[8.5309254,7.7461968],[8.5310514,7.7461616],[8.5313156,7.7460593],[8.5316268,7.7459237],[8.5317857,7.74585],[8.5318541,7.74583],[8.5318886,7.7458343],[8.5319376,7.7458583],[8.531959,7.7458649],[8.5319775,7.7458646],[8.5319949,7.7458573],[8.5320073,7.74584],[8.5320304,7.7457895],[8.5320666,7.7457224],[8.5320992,7.7456553],[8.5321153,7.7456241],[8.5321236,7.7456159],[8.5321308,7.7456153],[8.5321377,7.7456194],[8.5321478,7.7456327],[8.5321541,7.74565],[8.5321612,7.7456765],[8.532182,7.7458058],[8.5321904,7.745827],[8.5321971,7.7458363],[8.5322135,7.7458417],[8.5322346,7.7458353],[8.5323084,7.7458094],[8.5323119,7.7458041],[8.5323117,7.7457971],[8.5323084,7.7457845],[8.5322718,7.7456991],[8.5322707,7.7456908],[8.532276,7.7456829],[8.5323131,7.7456834],[8.5323508,7.745684],[8.5323722,7.7456845],[8.5323835,7.7456825],[8.5323962,7.7456751],[8.5324329,7.7456307],[8.5324945,7.745547],[8.5326115,7.7453912],[8.5326936,7.7452433],[8.5327291,7.7451756],[8.5327798,7.7451483],[8.5328619,7.7451231],[8.5329085,7.7451181],[8.5329581,7.7450899],[8.5330393,7.7450035],[8.5331342,7.7448855],[8.5332508,7.744747],[8.5333145,7.7446752],[8.5333675,7.7445397],[8.5334158,7.7444135],[8.5335687,7.744242],[8.5337222,7.7441071],[8.5338563,7.7440367],[8.5339737,7.7440125],[8.5340733,7.7439905],[8.5341692,7.743961],[8.5342111,7.743942],[8.5342382,7.7439168],[8.5342909,7.7438474],[8.5344156,7.7437786],[8.5346684,7.743646],[8.534711,7.7436244],[8.5347304,7.7436195],[8.5347428,7.7436284],[8.5347515,7.7436407],[8.5347649,7.7436404],[8.534776,7.7436361],[8.5348001,7.7436135],[8.5348199,7.7435866],[8.5348947,7.7435035],[8.5349644,7.7433995],[8.5349664,7.7433783],[8.5349634,7.7433653],[8.5349641,7.7433523],[8.5349866,7.7433294],[8.5350285,7.7433224],[8.5350459,7.7433168],[8.5350674,7.7433025],[8.5350801,7.7432799],[8.5350989,7.7432281],[8.5351156,7.743152],[8.5351646,7.7430906],[8.53529,7.7429351],[8.5355408,7.7427012],[8.5357171,7.7425902],[8.5358063,7.7425656],[8.5358774,7.7425524],[8.5359089,7.7425537],[8.535929,7.742573],[8.5359518,7.7426082],[8.5359699,7.7426228],[8.5359887,7.7426241],[8.5360081,7.7426148],[8.5360517,7.7425676],[8.5360759,7.7425351],[8.5360772,7.7425065],[8.5360578,7.7424667],[8.536035,7.7424467],[8.5360055,7.7424035],[8.5360081,7.742353],[8.536037,7.7423205],[8.5360946,7.7422985],[8.5361657,7.7422667],[8.5362328,7.7422168],[8.5362549,7.7422069],[8.5363153,7.7421829],[8.5363434,7.7421471],[8.5363649,7.7420926],[8.5364226,7.7420009],[8.5365714,7.7417922],[8.5367364,7.7416162],[8.5369268,7.74147],[8.5371964,7.7412235],[8.5373915,7.7410168],[8.5375477,7.740874],[8.5377295,7.7406521],[8.5378032,7.7405816],[8.5379085,7.7405006],[8.5380138,7.7404095],[8.5380667,7.7403245],[8.5382424,7.7401012],[8.5383283,7.7400328],[8.5383799,7.7400009],[8.5384181,7.7399813],[8.5384319,7.7399697],[8.5384409,7.7399537],[8.5384449,7.7399371],[8.5384597,7.7398979],[8.5387494,7.7396175],[8.5387816,7.7395471],[8.5388191,7.7394979],[8.5388848,7.7394627],[8.5389271,7.7394388],[8.5389485,7.7394082],[8.5389961,7.739272],[8.5390793,7.7391019],[8.5391933,7.7389145],[8.5393388,7.7387219],[8.5394494,7.7386062],[8.5396881,7.7384634],[8.5398886,7.7382973],[8.5402702,7.737971],[8.5405364,7.737773],[8.5407161,7.7376282],[8.5411117,7.7373896],[8.5411546,7.7373584],[8.5411838,7.7373269],[8.5412106,7.7372704],[8.5412341,7.7372481],[8.541267,7.7372425],[8.5412998,7.7372385],[8.5413219,7.7372338],[8.5413531,7.7372182],[8.5414021,7.7371611],[8.5414651,7.737086],[8.5415379,7.7370166],[8.5416059,7.7369614],[8.5417662,7.73687],[8.5419539,7.7367491],[8.5420203,7.7367049],[8.5420488,7.7366986],[8.5420857,7.7367063],[8.5421196,7.7367099],[8.5421367,7.7367036],[8.5421544,7.73669],[8.5421665,7.7366641],[8.5422094,7.7365445],[8.5423328,7.7364395],[8.5425031,7.7363504],[8.5429296,7.7360687],[8.5432407,7.7358947],[8.5433721,7.7358701],[8.543411,7.735864],[8.5434493,7.7358468],[8.543513,7.7358089],[8.5438496,7.7356262],[8.5441594,7.7354481],[8.5443465,7.7353837],[8.5444893,7.7353644],[8.5446321,7.7353903],[8.5447629,7.7354156],[8.5448232,7.7354189],[8.5448796,7.7354043],[8.5449198,7.7353784],[8.5449412,7.7353325],[8.5449614,7.7352568],[8.5449969,7.7352049],[8.5450821,7.7351604],[8.5453932,7.7350734],[8.5456594,7.7349524],[8.5458042,7.7349099],[8.5461201,7.7348083],[8.5462254,7.734785],[8.5463058,7.7347704],[8.5463253,7.7347717],[8.5463554,7.7347807],[8.5463725,7.7347966],[8.5464034,7.7348033],[8.5464312,7.7348049],[8.5464587,7.734796],[8.5464882,7.7347654],[8.5465063,7.7347637],[8.5465435,7.7347578],[8.5465663,7.7347644],[8.5465861,7.7347647],[8.5466002,7.7347607],[8.5466139,7.7347495],[8.5466237,7.7347282],[8.5466431,7.7346893],[8.5466709,7.7346664],[8.5467155,7.7346528],[8.5467715,7.7346421],[8.546802,7.7346491],[8.5468211,7.7346634],[8.5468553,7.7346691],[8.5468852,7.734671],[8.546915,7.7346704],[8.5469288,7.7346664],[8.5469905,7.7346285],[8.5470542,7.7345996],[8.5471001,7.7346009],[8.5471262,7.7346112],[8.5471537,7.7346249],[8.5471795,7.7346308],[8.5472,7.7346308],[8.5473244,7.7346282],[8.5476248,7.7346348],[8.5477857,7.7345963],[8.54794,7.7345378],[8.5480593,7.734494],[8.548357,7.7343558],[8.548467,7.7343239],[8.5485689,7.7343146],[8.548923,7.7342986],[8.5491617,7.7342614],[8.5492945,7.7342242],[8.5493548,7.7341857],[8.5493991,7.7341232],[8.5494219,7.734086],[8.5495211,7.7339956],[8.5495694,7.7339292],[8.549615,7.7338215],[8.5496861,7.7337617],[8.5497732,7.7337192],[8.5498376,7.7337152],[8.5498846,7.7337378],[8.5499302,7.7338149],[8.549965,7.7338348],[8.5500146,7.7338348],[8.550071,7.7338122],[8.5501622,7.7337657],[8.5502587,7.7337524],[8.5503338,7.7337604],[8.5504438,7.7337936],[8.5505833,7.7337963],[8.5506259,7.7337832],[8.5506959,7.7337617],[8.5507844,7.7337192],[8.5509065,7.7336501],[8.5510889,7.7336408],[8.5516521,7.7335956],[8.5518613,7.7335797],[8.5522301,7.7335983],[8.5528323,7.7335438],[8.5531032,7.7335385],[8.5533446,7.7335146],[8.55375,7.7335],[8.554105,7.7335172],[8.554278,7.7335757],[8.5544483,7.7336009],[8.5546891,7.7336055],[8.5550921,7.7335983],[8.5552074,7.7336302],[8.5553133,7.7336435],[8.5553777,7.7336129],[8.5554381,7.7335823],[8.5555091,7.7335637],[8.5557948,7.733573],[8.556291,7.7336129],[8.5565163,7.7336501],[8.556688,7.7336714],[8.5568221,7.7336514],[8.5571198,7.7336315],[8.5575463,7.733593],[8.5580264,7.7335823],[8.5585615,7.7335584],[8.5588847,7.7335571],[8.5590135,7.7335704],[8.5591181,7.7335677],[8.5591999,7.7335398],[8.5592884,7.7335079],[8.5593953,7.7334869],[8.559857,7.7333365],[8.5602795,7.7332421],[8.5605383,7.7331651],[8.5609312,7.7330109],[8.5610238,7.7329644],[8.5610824,7.7329292],[8.5611354,7.7329166],[8.5611723,7.7329232],[8.5611931,7.7329348],[8.5612028,7.7329448],[8.561209,7.7329476],[8.5612149,7.7329475],[8.5612196,7.7329413],[8.561234,7.732896],[8.5612608,7.7328667],[8.5613031,7.7328518],[8.5614576,7.732789],[8.5616286,7.7327445],[8.561758,7.7327172],[8.5619491,7.73269],[8.5620839,7.7326833],[8.5623032,7.7326661],[8.5625627,7.7326362],[8.5626391,7.7326109],[8.5627287,7.7325859],[8.5632862,7.7323651],[8.5634471,7.7323239],[8.563529,7.7323119],[8.5636148,7.7322787],[8.5637422,7.7322122],[8.5642008,7.7320063],[8.5645643,7.7318601],[8.5649559,7.7317298],[8.5654642,7.7315358],[8.5656922,7.7314202],[8.5673471,7.7307551],[8.5674169,7.7307208],[8.5676073,7.7306262],[8.5679251,7.7305212],[8.5684341,7.7303618],[8.5687686,7.7302601],[8.5691006,7.7301704],[8.569584,7.7300488],[8.5697986,7.7300262],[8.5698831,7.7300135],[8.5699575,7.7299843],[8.5700092,7.7299707],[8.5700769,7.7299624],[8.5701406,7.7299687],[8.5702268,7.7299667],[8.5703126,7.7299541],[8.5703672,7.7299378],[8.5704933,7.7298621],[8.5706824,7.7297843],[8.5712269,7.7296328],[8.5715099,7.7295418],[8.5716353,7.7295179],[8.5718418,7.7294634],[8.5721509,7.7293664],[8.5724111,7.7293052],[8.5725928,7.7292806],[8.5731078,7.7291976],[8.5734753,7.7291411],[8.5737334,7.7291225],[8.5747191,7.7289936],[8.5754997,7.7289351],[8.5759556,7.7288315],[8.5761407,7.7288076],[8.5762547,7.7288208],[8.5763378,7.7288275],[8.5764089,7.7288208],[8.5766946,7.7287404],[8.5767811,7.7287085],[8.5768273,7.7287019],[8.5769507,7.7287099],[8.5770158,7.7287112],[8.5770775,7.7286946],[8.5771915,7.7286494],[8.5773866,7.7285989],[8.5775482,7.7285883],[8.5776763,7.728567],[8.5777212,7.7285743],[8.5777554,7.7285777],[8.5777849,7.7285644],[8.5778627,7.7285099],[8.5779405,7.7284793],[8.5780806,7.7284401],[8.578377,7.728365],[8.5784896,7.7283597],[8.5785312,7.7283557],[8.5785782,7.7283411],[8.5786191,7.7283278],[8.5787605,7.728272],[8.5788551,7.7282554],[8.5789349,7.7282561],[8.5789704,7.7282494],[8.5790261,7.7282242],[8.579118,7.728179],[8.5792346,7.7281511],[8.579411,7.7281158],[8.5795679,7.7280939],[8.5798006,7.7280766],[8.5799213,7.7280899],[8.5800031,7.728082],[8.5800822,7.7280434],[8.5803223,7.7280049],[8.5805248,7.7279969],[8.5806938,7.727961],[8.5810813,7.7279065],[8.5813412,7.7278727],[8.5813814,7.727867],[8.5814149,7.7278707],[8.5814236,7.7278793],[8.581422,7.7278949],[8.5814099,7.7279102],[8.5814052,7.7279258],[8.5814109,7.7279384],[8.5814193,7.7279434],[8.581435,7.7279431],[8.5814699,7.7279278],[8.5815571,7.7278992],[8.5816553,7.7278693],[8.5817747,7.7278614],[8.5818712,7.7278461],[8.5820107,7.7278055],[8.5823044,7.7277192],[8.5825351,7.7276833],[8.5827188,7.7276594],[8.5827912,7.7276328],[8.5830125,7.7275889],[8.5831895,7.7275982],[8.5834014,7.7275717],[8.5836039,7.727561],[8.5836817,7.7275305],[8.5837729,7.7275251],[8.5840613,7.7275158],[8.5843147,7.7275092],[8.5846822,7.7274786],[8.5848713,7.7274746],[8.58511,7.7274986],[8.5852508,7.7274866],[8.5853836,7.7274693],[8.5854936,7.7274534],[8.5855539,7.7274693],[8.5855901,7.7275032],[8.5856317,7.7275185],[8.5856659,7.7275231],[8.5857088,7.7275165],[8.5858463,7.7274866],[8.5859261,7.7274839],[8.5860112,7.7274673],[8.5860957,7.7274501],[8.5862251,7.7274348],[8.586325,7.7274354],[8.5865483,7.7274687],[8.5866751,7.7275052],[8.5867381,7.7275192],[8.5868018,7.7275198],[8.5868642,7.7274999],[8.5869084,7.7274959],[8.5869453,7.7275019],[8.5869943,7.7275125],[8.5872055,7.7275517],[8.5873792,7.7276042],[8.5875736,7.7276786],[8.5878251,7.7278022],[8.5879297,7.7278653],[8.5881991,7.7280322],[8.5883791,7.728156],[8.5885574,7.7282511],[8.5887136,7.7283624],[8.5887524,7.7284049],[8.5888141,7.7284301],[8.5888839,7.7284501],[8.5892165,7.728482],[8.5894378,7.7284939],[8.5896684,7.7285258],[8.589891,7.7285976],[8.5902053,7.7287081],[8.5903921,7.7287857],[8.5905526,7.7288838],[8.590713,7.7289933],[8.5908199,7.7290739],[8.590938,7.7291699],[8.591097,7.7292814],[8.5913562,7.7295387],[8.5915259,7.7296434],[8.591717,7.7297438],[8.5922487,7.7299783],[8.5923875,7.7300401],[8.5925706,7.7300873],[8.5927831,7.730173],[8.5930078,7.730292],[8.5931137,7.7303624],[8.5932679,7.7304541],[8.5935545,7.7306483],[8.5937588,7.7307763],[8.5937984,7.7307983],[8.5938252,7.7308069],[8.5939982,7.730872],[8.5941537,7.7309478],[8.5943965,7.7310707],[8.5949872,7.7314003],[8.595297,7.7315863],[8.5956296,7.7317783],[8.5957476,7.7318335],[8.5958362,7.7318627],[8.5959025,7.7318946],[8.5959502,7.7319272],[8.595985,7.7319637],[8.5960139,7.7319883],[8.5960863,7.7320255],[8.5962573,7.7321564],[8.5964236,7.7322521],[8.5966596,7.7324009],[8.5970244,7.7325976],[8.5976118,7.7329365],[8.5978787,7.73309],[8.5983078,7.733274],[8.5987973,7.7335033],[8.5990012,7.7335877],[8.599716,7.7339232],[8.5999292,7.7340069],[8.6001371,7.734074],[8.6002062,7.7340887],[8.6002732,7.734084],[8.6003262,7.7340893],[8.6003852,7.7341179],[8.6004435,7.7341398],[8.6005045,7.7341604],[8.6007942,7.7341697],[8.6010504,7.7342069],[8.6013722,7.7342441],[8.6017873,7.7342332],[8.6019905,7.7342787],[8.6021407,7.7343186],[8.6023767,7.7343372],[8.602602,7.7343332],[8.6027919,7.7343086],[8.6029346,7.7342813],[8.603064,7.7342747],[8.6031123,7.7342661],[8.6031713,7.7342488],[8.6032196,7.7342202],[8.6032967,7.7341677],[8.6034261,7.7341438],[8.6035019,7.7341385],[8.6036286,7.7341485],[8.6037648,7.7341777],[8.6040337,7.7342016],[8.6041892,7.7342182],[8.6043542,7.7342242],[8.6045701,7.7342149],[8.6048571,7.7341996],[8.6049128,7.734187],[8.605071,7.7341112],[8.6051367,7.734092],[8.60524,7.734088],[8.6054365,7.7340893],[8.6058283,7.7341229],[8.6060909,7.7340893],[8.6062324,7.7340262],[8.6064161,7.733993],[8.6065851,7.7339504],[8.60673,7.7339358],[8.6069995,7.7339557],[8.6074191,7.7339349],[8.6077147,7.7338829],[8.6080559,7.7338548],[8.6090484,7.733701],[8.6096583,7.7336826],[8.610484,7.7337489],[8.6113509,7.7338422],[8.612044,7.7339431],[8.6130622,7.7340683],[8.6139303,7.7341418],[8.6148648,7.7341426],[8.615965,7.7342386],[8.6166186,7.7343316],[8.61714,7.7344432],[8.6177592,7.7345623],[8.6184061,7.7347299],[8.6188567,7.7348313],[8.6193111,7.7349349],[8.6200243,7.7351252],[8.6207232,7.7352859],[8.6216094,7.7354956],[8.6225966,7.7356009],[8.6233358,7.7356524],[8.6238385,7.7357185],[8.6243407,7.7357427],[8.6249496,7.7357479],[8.6259493,7.7357445],[8.6265153,7.7357578],[8.626982,7.7358295],[8.6279154,7.735989],[8.628433,7.7361166],[8.628653,7.7361405],[8.6290151,7.7361883],[8.6299581,7.736322],[8.6313338,7.7365452],[8.6328936,7.7367146],[8.6337733,7.736773],[8.6346692,7.7368156],[8.635726,7.7369591],[8.6363912,7.7369989],[8.6370885,7.737076],[8.6374265,7.7371611],[8.6377001,7.7371983],[8.6380058,7.7372727],[8.6382271,7.7373165],[8.6384873,7.7373431],[8.6386845,7.7373844],[8.6389929,7.7374375],[8.6393577,7.7375438],[8.6398539,7.7377139],[8.6411172,7.7381126],[8.6422169,7.7383969],[8.6423711,7.7384235],[8.6425227,7.7384262],[8.6427212,7.7384195],[8.642917,7.7384089],[8.6432616,7.7384461],[8.6434467,7.7384687],[8.6437699,7.7385086],[8.6441655,7.7386162],[8.6445384,7.7386322],[8.6449246,7.7386641],[8.6452585,7.7386441],[8.6453833,7.7385856],[8.6454423,7.7385697],[8.645559,7.7385524],[8.6457668,7.7385351],[8.6458366,7.7385604],[8.6458996,7.7386029],[8.6459385,7.7386189],[8.6460042,7.7386202],[8.6460739,7.7385963],[8.6465031,7.738563],[8.6468115,7.7384992],[8.6471401,7.7384953],[8.6473668,7.7385411],[8.6474854,7.7385597],[8.6475941,7.7385498],[8.6477161,7.7385252],[8.6478938,7.7384747],[8.6479984,7.7384567],[8.6481097,7.7384468],[8.6481889,7.7384408],[8.6483901,7.7384515],[8.6486193,7.7384753],[8.6489949,7.7384342],[8.6492309,7.7384501],[8.6493945,7.7384275],[8.6494562,7.7384342],[8.6496218,7.7384753],[8.6496983,7.7385079],[8.6497378,7.7385478],[8.649766,7.738583],[8.6498022,7.738593],[8.649876,7.7385896],[8.6502823,7.73847],[8.6503708,7.7384195],[8.6504647,7.7383105],[8.6506176,7.7381072],[8.6506927,7.7380381],[8.6507758,7.7380036],[8.6508818,7.7379903],[8.6510601,7.7379797],[8.6515188,7.7380063],[8.652353,7.7380089],[8.6528197,7.737997],[8.6533695,7.7380249],[8.6537061,7.7380541],[8.6542171,7.7381338],[8.6546879,7.7382374],[8.6556615,7.7384422],[8.6560678,7.7385099],[8.6563172,7.7385684],[8.6569959,7.7388262],[8.6573419,7.7389391],[8.657527,7.7390015],[8.6577764,7.7390999],[8.6579548,7.7391518],[8.6582445,7.7392873],[8.6585274,7.7393817],[8.6587152,7.7394853],[8.6587889,7.7395119],[8.6588922,7.7395371],[8.6591524,7.7395517],[8.6593133,7.7395863],[8.6595561,7.73967],[8.659941,7.7398321],[8.6600389,7.7398414],[8.6601515,7.7398468],[8.6605826,7.7399004],[8.6611909,7.7400687],[8.6620653,7.7402654],[8.6627626,7.7404461],[8.6630644,7.7405099],[8.6631931,7.7405072],[8.6632951,7.7405019],[8.6633567,7.7405258],[8.6633956,7.7405644],[8.6634399,7.7405816],[8.6635123,7.7405843],[8.6635941,7.7405644],[8.6637497,7.740563],[8.6640809,7.7406242],[8.6644833,7.7406627],[8.664553,7.7406667],[8.6646469,7.7406374],[8.6647341,7.7406348],[8.6648239,7.7406627],[8.6649299,7.7407278],[8.6649714,7.7407278],[8.6650278,7.7407198],[8.6651833,7.740676],[8.6655307,7.7406747],[8.6663353,7.7405843],[8.6669898,7.7404248],[8.6678696,7.7401218],[8.6684194,7.739864],[8.6689666,7.7396461],[8.6694467,7.7394627],[8.6725,7.73825],[8.6736653,7.7378726],[8.6748787,7.7376495],[8.6760858,7.7375321],[8.6817634,7.7370707],[8.6866999,7.7371167],[8.6888552,7.7373259],[8.6906401,7.7374826],[8.6928141,7.7378255],[8.6938441,7.7379425],[8.6943269,7.73807],[8.6946595,7.7381445],[8.6952817,7.7381445],[8.696653,7.7380955],[8.7007628,7.7198434],[8.7039348,7.7025985],[8.696589,7.661138],[8.694041,7.660488],[8.689132,7.656425],[8.674938,7.65232]],[[8.5906001,7.7264644],[8.5906165,7.7264208],[8.5906165,7.7263597],[8.5906162,7.7262916],[8.5906272,7.7262241],[8.5906859,7.7261827],[8.5907318,7.7261922],[8.5908766,7.7262162],[8.5909947,7.7262268],[8.591177,7.7262162],[8.5913353,7.7262135],[8.5914775,7.7262135],[8.5916303,7.7262401],[8.5917591,7.726264],[8.5918986,7.726256],[8.5921534,7.7262507],[8.5922124,7.7262454],[8.592384,7.7262613],[8.5924779,7.7262799],[8.5925798,7.7262879],[8.5927032,7.7262879],[8.5930546,7.726256],[8.5931833,7.7262613],[8.5931965,7.7262996],[8.5931965,7.7263528],[8.5930946,7.7263926],[8.5930263,7.7263981],[8.5929578,7.7264352],[8.5929151,7.7264979],[8.5928722,7.7265245],[8.5927888,7.7265468],[8.5926791,7.7265511],[8.5926093,7.7265404],[8.5924964,7.7265229],[8.5919576,7.7265138],[8.5917993,7.7265271],[8.5917508,7.7265388],[8.5917349,7.7265697],[8.5917564,7.7266175],[8.5917591,7.7266707],[8.5917162,7.7266972],[8.5916971,7.726693],[8.5916679,7.7266574],[8.5916437,7.7265776],[8.5916062,7.7265564],[8.591504,7.7265681],[8.5913782,7.7266069],[8.5913565,7.7266292],[8.5912519,7.7266],[8.5911636,7.7265776],[8.5908659,7.726575],[8.5908498,7.7265165],[8.5908042,7.7264899],[8.590761,7.726491],[8.5907208,7.7265335],[8.5906326,7.7265192],[8.5906084,7.7264979],[8.5906001,7.7264644]]],[[[8.5624963,7.7365039],[8.562495,7.7365411],[8.5625191,7.7365677],[8.56256,7.7365797],[8.5626056,7.736581],[8.5637516,7.7367381],[8.5639692,7.7367305],[8.5641576,7.7367182],[8.5642572,7.7367123],[8.5643218,7.7367186],[8.5643993,7.7367282],[8.5645093,7.7367531],[8.5646126,7.7367757],[8.5648292,7.7368222],[8.5649257,7.7368401],[8.5649961,7.7368488],[8.5651457,7.7368475],[8.5654152,7.7368614],[8.5656103,7.7368913],[8.5656982,7.736892],[8.5659188,7.7368893],[8.5660817,7.7369059],[8.5661971,7.7369013],[8.5663513,7.7369033],[8.5664485,7.7368966],[8.5664928,7.7368886],[8.566635,7.7368508],[8.5667925,7.7368375],[8.5669582,7.7368408],[8.5670366,7.7368448],[8.5671218,7.7368255],[8.5671587,7.7368102],[8.5672572,7.7367531],[8.5675228,7.7366269],[8.5677145,7.7365511],[8.5678808,7.7364913],[8.5681236,7.7363823],[8.5685018,7.7362494],[8.5686372,7.7362176],[8.5689054,7.736191],[8.5690704,7.7361631],[8.5694003,7.73607],[8.5697141,7.7360209],[8.5701379,7.7359784],[8.5706717,7.7358548],[8.5709493,7.7358295],[8.5712403,7.7358149],[8.5720249,7.7357817],[8.5726431,7.7357604],[8.5729462,7.7357657],[8.5734652,7.7357963],[8.5740794,7.7358269],[8.5745019,7.7358056],[8.5748076,7.7357976],[8.5749525,7.7358056],[8.575092,7.7358468],[8.5751832,7.7358694],[8.5755613,7.735896],[8.5758255,7.7359093],[8.5763741,7.7359345],[8.5765967,7.7359518],[8.5768019,7.7359398],[8.5769588,7.735896],[8.5772283,7.7358176],[8.5775395,7.735791],[8.5777299,7.7357591],[8.5780182,7.7357059],[8.5785037,7.7356714],[8.5788766,7.7356196],[8.5791273,7.7355744],[8.5793754,7.7355119],[8.5795954,7.735488],[8.5797469,7.7354667],[8.5800688,7.7353671],[8.5803451,7.7352754],[8.5807072,7.7351784],[8.5810116,7.7351119],[8.5811819,7.735088],[8.5813174,7.7350388],[8.5814944,7.7349232],[8.5818189,7.7348103],[8.581953,7.7347411],[8.5821354,7.7347],[8.5822897,7.7347172],[8.5824291,7.7347584],[8.5825163,7.7347744],[8.5825995,7.734781],[8.5826746,7.7347624],[8.5827188,7.7347425],[8.5828315,7.7346521],[8.5829012,7.7346149],[8.5830554,7.7345963],[8.5832928,7.7345697],[8.5834832,7.7345524],[8.5837434,7.7344833],[8.5838641,7.7344435],[8.5839754,7.7344103],[8.5840572,7.7343571],[8.5840975,7.7343159],[8.5842048,7.7342322],[8.5842624,7.7342149],[8.5843657,7.7342016],[8.5844207,7.7341764],[8.5844609,7.7341152],[8.5844877,7.7340475],[8.5845722,7.7339385],[8.5846178,7.7338747],[8.5846513,7.7338016],[8.5846581,7.7337405],[8.5846473,7.7336754],[8.5845897,7.7335651],[8.5845092,7.7334441],[8.5843617,7.7332182],[8.5842343,7.7330973],[8.5840921,7.7329896],[8.5839473,7.7329352],[8.5836898,7.7328621],[8.5835355,7.7328714],[8.5827604,7.7328554],[8.582354,7.7328368],[8.5822079,7.7328249],[8.5821046,7.7328036],[8.5819584,7.7327504],[8.5814984,7.7325896],[8.5811095,7.732494],[8.5806455,7.7323119],[8.580333,7.7322282],[8.5800299,7.7321312],[8.5797268,7.7320674],[8.5793245,7.7319717],[8.5792038,7.7319425],[8.5790214,7.7319305],[8.5787706,7.7319146],[8.5786191,7.7319066],[8.5783964,7.7318594],[8.5783126,7.7318342],[8.5781034,7.7318302],[8.5780102,7.7318302],[8.5779297,7.7318408],[8.5778271,7.7318295],[8.5777654,7.7318136],[8.5777004,7.731795],[8.5776132,7.731787],[8.5774114,7.7317883],[8.5772645,7.7317863],[8.577117,7.731797],[8.5770386,7.7318182],[8.5768609,7.7318435],[8.5766141,7.7318534],[8.576364,7.731876],[8.5762963,7.7318807],[8.576199,7.7318607],[8.5761454,7.7318494],[8.5760549,7.7318501],[8.5758591,7.73188],[8.5755506,7.7319345],[8.5751215,7.7320288],[8.5745837,7.7321152],[8.5742269,7.7322069],[8.5738206,7.7323039],[8.5736449,7.7323611],[8.5735054,7.7324235],[8.5733512,7.7324714],[8.5730039,7.7326003],[8.572564,7.7327943],[8.5720959,7.7330069],[8.5717928,7.7330933],[8.5714307,7.7332594],[8.5711156,7.7333976],[8.5710043,7.7334627],[8.5709104,7.7334933],[8.57072,7.7335544],[8.5703538,7.7337551],[8.5697879,7.7340847],[8.5694499,7.7342388],[8.5693131,7.7343252],[8.5692608,7.7344049],[8.569179,7.7344754],[8.569057,7.7345578],[8.5690007,7.7345963],[8.5689148,7.7346747],[8.5687365,7.7348129],[8.568487,7.7349671],[8.5680901,7.735181],[8.5678084,7.7353671],[8.5673605,7.7356302],[8.5668348,7.7359013],[8.566761,7.7359119],[8.5666906,7.7359093],[8.5666269,7.7359026],[8.5665672,7.7358913],[8.5665116,7.735894],[8.5664459,7.7359152],[8.5663808,7.7359631],[8.56635,7.7360069],[8.566305,7.7360594],[8.5661951,7.736098],[8.5660261,7.7361392],[8.5658202,7.7361956],[8.5656928,7.7362029],[8.5655601,7.7362308],[8.5654803,7.7362674],[8.5654454,7.736286],[8.5654011,7.7362953],[8.5653482,7.7362893],[8.565312,7.736274],[8.5652342,7.7362215],[8.5651376,7.7361485],[8.5649988,7.7361059],[8.5649183,7.7360793],[8.5648499,7.7360435],[8.5647326,7.7360461],[8.5646655,7.7360455],[8.5646005,7.7360541],[8.5645328,7.7360621],[8.5644845,7.7360521],[8.5644469,7.7360308],[8.5644168,7.7359943],[8.564398,7.7359498],[8.5643993,7.7359006],[8.5644436,7.7358501],[8.5644919,7.7357963],[8.5645106,7.7357578],[8.5645093,7.7357179],[8.5644899,7.735698],[8.5644416,7.7356893],[8.5643846,7.7357039],[8.5643329,7.7357531],[8.5642183,7.7358295],[8.5639474,7.7359956],[8.5636564,7.7361259],[8.563423,7.7362043],[8.5628497,7.7363458],[8.5627149,7.7364096],[8.5625238,7.7364833],[8.5624963,7.7365039]]],[[[8.560838,7.7368594],[8.5608174,7.7368886],[8.5608427,7.7369531],[8.5608722,7.736981],[8.5609239,7.7370109],[8.5609862,7.7370189],[8.5610352,7.7370368],[8.5610667,7.7370667],[8.561129,7.7370886],[8.5612177,7.7370894],[8.5613128,7.7370601],[8.5613785,7.7370548],[8.561473,7.73707],[8.5615247,7.7370707],[8.5615535,7.7370621],[8.5616098,7.7370401],[8.5618425,7.7369544],[8.5620886,7.7369205],[8.5622049,7.7369215],[8.5622871,7.7369043],[8.5624329,7.7368587],[8.5625612,7.7367984],[8.5626066,7.7367617],[8.5626261,7.7367415],[8.5626388,7.7367132],[8.5626405,7.736679],[8.5626153,7.7366322],[8.5625701,7.7366033],[8.5624936,7.736595],[8.5624406,7.736589],[8.5623682,7.7365877],[8.5622489,7.7366116],[8.5620088,7.7366754],[8.5617352,7.7367325],[8.5615877,7.7367843],[8.5613061,7.7368953],[8.56117,7.7369425],[8.5610888,7.7369458],[8.5610023,7.7369172],[8.5609312,7.7368607],[8.5608722,7.7368508],[8.560838,7.7368594]]],[[[8.5577347,7.7380966],[8.5577166,7.7381265],[8.5577233,7.7381504],[8.5577414,7.7381684],[8.5577639,7.7381767],[8.5577813,7.7381744],[8.5577984,7.7381727],[8.5578306,7.7381484],[8.5578665,7.7381375],[8.5578916,7.7381352],[8.5579453,7.7381358],[8.558023,7.7381405],[8.5581075,7.7381524],[8.5582209,7.7381697],[8.5583178,7.7381751],[8.5583851,7.7381823],[8.5584556,7.7382036],[8.5585199,7.7382215],[8.5585763,7.7382508],[8.5586272,7.738276],[8.5586963,7.7383504],[8.5587439,7.7383896],[8.5587707,7.7384428],[8.5587684,7.738468],[8.5587516,7.738483],[8.5587234,7.7384886],[8.5587037,7.7384986],[8.5586996,7.7385232],[8.5587191,7.7385361],[8.5587553,7.7385544],[8.5588391,7.738584],[8.5589189,7.7385883],[8.5590208,7.738571],[8.5590678,7.7385458],[8.5590845,7.7385318],[8.5590892,7.7385132],[8.5590882,7.7384971],[8.5590842,7.7384817],[8.5590649,7.7384594],[8.5590371,7.7384323],[8.5590148,7.7384145],[8.5589891,7.7384059],[8.5589672,7.7384018],[8.5589506,7.7384013],[8.5589352,7.7383971],[8.558928,7.7383921],[8.5589265,7.738385],[8.5589323,7.7383734],[8.5589528,7.7383368],[8.5589601,7.7383086],[8.5589605,7.7382946],[8.5589536,7.738278],[8.5589404,7.738266],[8.5589134,7.7382504],[8.5588693,7.7382222],[8.5588099,7.7381591],[8.5587365,7.7381298],[8.558642,7.738092],[8.5585877,7.738066],[8.5585494,7.7380282],[8.5584998,7.7379763],[8.5584676,7.7379504],[8.5584375,7.7379385],[8.5583892,7.7379378],[8.558359,7.7379385],[8.558306,7.7379405],[8.5582785,7.7379305],[8.5582443,7.7379079],[8.5581967,7.7379019],[8.5581652,7.7379046],[8.5581535,7.7379136],[8.5581511,7.7379259],[8.5581551,7.7379484],[8.5581551,7.737973],[8.5581458,7.737989],[8.5581139,7.7380222],[8.5580271,7.7380574],[8.5579634,7.7380747],[8.5579241,7.7380787],[8.5578799,7.7380777],[8.557834,7.7380621],[8.5578024,7.7380508],[8.5577743,7.7380461],[8.5577548,7.7380461],[8.5577407,7.7380641],[8.5577347,7.7380966]]],[[[8.5565783,7.7381669],[8.5565715,7.7381768],[8.5565747,7.7381905],[8.556583,7.7382003],[8.5566006,7.7382084],[8.5567068,7.7382096],[8.5567644,7.7382179],[8.5567943,7.7382381],[8.5568104,7.7382601],[8.5568201,7.7382847],[8.5568321,7.7383066],[8.5568965,7.7383518],[8.5569187,7.738366],[8.5569438,7.7383724],[8.55698,7.7383667],[8.5570316,7.7383544],[8.5570675,7.7383518],[8.5570823,7.7383624],[8.5570903,7.7383817],[8.5570913,7.7383943],[8.5570896,7.7384152],[8.5570858,7.738435],[8.557092,7.7384571],[8.5571022,7.7384674],[8.5571195,7.7384704],[8.5571349,7.7384667],[8.5572278,7.7384132],[8.5573247,7.7383591],[8.5573351,7.7383428],[8.5573418,7.7383162],[8.5573461,7.7382827],[8.5573445,7.7382142],[8.557331,7.7381837],[8.5573119,7.7381624],[8.5572871,7.7381252],[8.5572663,7.738094],[8.5572325,7.738069],[8.557153,7.7380445],[8.5570333,7.7380405],[8.5569736,7.7380471],[8.5566075,7.7381557],[8.5565783,7.7381669]]],[[[8.5600759,7.7383106],[8.5600676,7.7383252],[8.5600733,7.7383498],[8.5600803,7.7383644],[8.5600994,7.7383757],[8.5601718,7.7383906],[8.5603965,7.7384189],[8.5607116,7.7384308],[8.5607703,7.7384504],[8.560826,7.7384577],[8.5608783,7.7384604],[8.5609503,7.7384498],[8.5609902,7.7384358],[8.561055,7.7383986],[8.5611062,7.738379],[8.561129,7.7383753],[8.5611787,7.7383763],[8.5612484,7.738387],[8.5612977,7.7383856],[8.561343,7.7383787],[8.5613929,7.7383315],[8.5614305,7.7382963],[8.5614573,7.738288],[8.5615029,7.738285],[8.5615253,7.7382787],[8.5615579,7.738269],[8.5615894,7.7382491],[8.5616169,7.7382285],[8.5616232,7.7382102],[8.5616199,7.7381886],[8.5616088,7.738179],[8.5615833,7.7381684],[8.5615297,7.7381567],[8.5614972,7.7381694],[8.5614657,7.7381744],[8.5614311,7.7381783],[8.5613074,7.7381614],[8.5612172,7.7381481],[8.561121,7.7381325],[8.5610761,7.7381285],[8.5610365,7.7381365],[8.5609949,7.7381531],[8.5609312,7.7381631],[8.5608876,7.738167],[8.5607629,7.7381644],[8.5606456,7.7381637],[8.5605872,7.7381823],[8.560553,7.7382302],[8.5605644,7.738288],[8.5605651,7.7383252],[8.5605504,7.7383498],[8.5605095,7.7383604],[8.5604659,7.7383697],[8.5604095,7.738369],[8.5603103,7.7383544],[8.5601474,7.7383192],[8.5601118,7.7382996],[8.5600917,7.7382999],[8.5600759,7.7383106]]],[[[8.5592005,7.7381175],[8.5591935,7.7381338],[8.5591965,7.7381541],[8.5592069,7.738166],[8.5592327,7.7381737],[8.5593107,7.7381848],[8.5594104,7.7381963],[8.5595593,7.7382069],[8.5596045,7.7382129],[8.5596351,7.7382222],[8.5596428,7.7382445],[8.5596381,7.7382707],[8.5596263,7.7382903],[8.5596072,7.7383076],[8.5594798,7.7384059],[8.5594631,7.7384262],[8.559456,7.7384518],[8.559457,7.7384707],[8.5594681,7.7385079],[8.5594956,7.7385644],[8.5595298,7.738618],[8.5595757,7.7386903],[8.5595891,7.7387119],[8.5596012,7.7387232],[8.5596186,7.7387268],[8.5596384,7.7387205],[8.559685,7.7386707],[8.5597236,7.7386222],[8.5598003,7.7384853],[8.5598557,7.7383787],[8.5598604,7.7383494],[8.5598523,7.7383358],[8.5598325,7.7383371],[8.5598084,7.7383451],[8.5597963,7.7383557],[8.5597762,7.7383634],[8.5597618,7.7383617],[8.5597484,7.7383508],[8.559742,7.7383308],[8.5597517,7.7383119],[8.5597782,7.738281],[8.5598275,7.7382381],[8.5598862,7.7381833],[8.5598982,7.7381597],[8.559907,7.7381368],[8.5599066,7.7381172],[8.5598959,7.7381066],[8.5598734,7.7381079],[8.5598339,7.7381229],[8.5597789,7.7381146],[8.5595915,7.7381089],[8.5593866,7.7381099],[8.5592673,7.7381096],[8.5592163,7.7381062],[8.5592005,7.7381175]]],[[[8.6679708,7.7408228],[8.6679735,7.7408574],[8.6679903,7.7408953],[8.6680895,7.7410255],[8.6681883,7.7411627],[8.6683711,7.7414162],[8.6686903,7.741767],[8.6687788,7.7418441],[8.6688513,7.7418972],[8.6689103,7.7419291],[8.6689988,7.7419876],[8.6690672,7.7420208],[8.6691141,7.7420647],[8.6691812,7.7421444],[8.6692402,7.7422122],[8.6693456,7.7423016],[8.6695299,7.7424328],[8.66979,7.7426257],[8.6700019,7.7427903],[8.6703385,7.7430534],[8.6705022,7.7432035],[8.6706081,7.7433085],[8.6706953,7.7434308],[8.6707543,7.7435171],[8.6708495,7.7436434],[8.670942,7.7437457],[8.6710077,7.7438254],[8.6710587,7.7438693],[8.6711043,7.7438985],[8.6711593,7.7439198],[8.6712961,7.7439224],[8.6720914,7.7440394],[8.672381,7.7441218],[8.672542,7.7441696],[8.6727002,7.7441988],[8.6728799,7.7442626],[8.6730221,7.7442839],[8.6732098,7.7443583],[8.6732742,7.7443769],[8.6732823,7.7443743],[8.6733627,7.7443982],[8.6735371,7.7445709],[8.673639,7.7447171],[8.673808,7.74485],[8.6738482,7.7448779],[8.6740024,7.7449324],[8.6741459,7.7449483],[8.6746341,7.7447889],[8.6751062,7.7445603],[8.6754119,7.7443636],[8.6756372,7.7441829],[8.6760878,7.7435238],[8.6765599,7.7429391],[8.6767638,7.7426095],[8.6771607,7.7422055],[8.6776757,7.7417484],[8.6782551,7.7413125],[8.6787111,7.7408873],[8.6790222,7.7405577],[8.6794299,7.7401484],[8.6797142,7.7398667],[8.6800897,7.7396328],[8.6803901,7.7395478],[8.6806691,7.7394361],[8.6809212,7.7393245],[8.6812216,7.7391172],[8.6815971,7.7388515],[8.6820423,7.7384421],[8.6821657,7.7382933],[8.6822462,7.7381923],[8.6823589,7.7379903],[8.6823964,7.7378308],[8.6823535,7.7376661],[8.6823052,7.7375279],[8.6821979,7.7374056],[8.6819994,7.7373578],[8.6816561,7.7373365],[8.6810982,7.7374003],[8.6802935,7.7374588],[8.6794191,7.7375438],[8.6785662,7.7376661],[8.6766028,7.7378681],[8.6754656,7.7379637],[8.6744085,7.7380887],[8.6729236,7.7384145],[8.6713652,7.7389801],[8.6702192,7.7396381],[8.6700422,7.7397551],[8.6698544,7.7398933],[8.6697565,7.7399504],[8.669609,7.7400062],[8.6695459,7.7400501],[8.6695057,7.7400979],[8.6694601,7.740167],[8.6694172,7.7402574],[8.6693501,7.7403531],[8.6692724,7.7404036],[8.6691168,7.740462],[8.6689371,7.7405178],[8.6687601,7.740571],[8.6685643,7.7406056],[8.6682545,7.7406627],[8.6680949,7.7406999],[8.6680278,7.7407294],[8.668001,7.7407544],[8.6679836,7.7407816],[8.6679708,7.7408228]]],[[[8.473911,7.7430009],[8.473913,7.7430288],[8.4739425,7.7430547],[8.4739988,7.7430793],[8.4740612,7.7430813],[8.4741638,7.7430786],[8.4742402,7.7430779],[8.4742979,7.7430939],[8.4743455,7.7431072],[8.4743965,7.7431112],[8.4745084,7.7431078],[8.4745943,7.7431058],[8.4746439,7.7430979],[8.4746975,7.7430886],[8.4747438,7.7430733],[8.4748209,7.7430254],[8.4748491,7.7430042],[8.4748766,7.742959],[8.4748954,7.7429012],[8.4749416,7.7428686],[8.475057,7.7428221],[8.4752575,7.7427583],[8.475344,7.7427497],[8.4753936,7.7427358],[8.4754372,7.7427078],[8.4754687,7.7426706],[8.4755337,7.7426168],[8.475639,7.7425637],[8.4756745,7.7425391],[8.4756893,7.7425005],[8.4756806,7.7424507],[8.4756625,7.7424288],[8.4756437,7.7424235],[8.4756082,7.7424301],[8.4755545,7.7424467],[8.4754854,7.742454],[8.4754271,7.7424733],[8.4753151,7.7425318],[8.4752467,7.7425657],[8.4751703,7.7425809],[8.4751106,7.7425863],[8.4749959,7.7425849],[8.4748712,7.7425829],[8.474829,7.7425889],[8.4746198,7.7426713],[8.4745661,7.7427005],[8.4745017,7.7427358],[8.4744454,7.7427716],[8.4743804,7.7428068],[8.4742489,7.7428235],[8.4741604,7.7428427],[8.4740277,7.7428879],[8.4739311,7.742969],[8.473911,7.7430009]]],[[[8.485412,7.7487303],[8.4854113,7.7487469],[8.4854281,7.7487665],[8.4854599,7.7487811],[8.485531,7.7488113],[8.4855571,7.7488236],[8.4855826,7.7488316],[8.4856577,7.7488472],[8.4858602,7.7489256],[8.4865455,7.7491077],[8.4872402,7.7493349],[8.4879269,7.7495582],[8.4889381,7.7498186],[8.4895925,7.749897],[8.4900297,7.749994],[8.4905581,7.7500618],[8.4909202,7.7501415],[8.4915639,7.7502332],[8.4927481,7.7504511],[8.4932283,7.7505003],[8.4935166,7.7504897],[8.4940048,7.7504379],[8.4943414,7.7503143],[8.4944929,7.7502611],[8.4946431,7.7502345],[8.4947249,7.7502279],[8.4948215,7.7502365],[8.4949596,7.7502472],[8.4950341,7.7502531],[8.495079,7.7502558],[8.4951065,7.7502512],[8.4951349,7.7502393],[8.4951333,7.7502166],[8.4951172,7.7502],[8.495081,7.7501787],[8.4950106,7.7501714],[8.494918,7.7501442],[8.4948181,7.750103],[8.4947343,7.7500458],[8.4946981,7.7500286],[8.4946733,7.7500226],[8.4946036,7.750012],[8.4945231,7.7499708],[8.4943615,7.7498804],[8.4942757,7.7498346],[8.4942099,7.7498173],[8.4940986,7.7497854],[8.4939437,7.7497349],[8.4937251,7.7496193],[8.4936453,7.7495807],[8.4935917,7.7495342],[8.4935649,7.7494924],[8.4935334,7.7494445],[8.4934857,7.749392],[8.4933107,7.749295],[8.4931116,7.749212],[8.4929406,7.7491396],[8.4927984,7.7490937],[8.4925865,7.7490625],[8.4923358,7.7490053],[8.4921125,7.7489801],[8.4920172,7.7489515],[8.4919441,7.7489296],[8.4918315,7.7489256],[8.491749,7.7489276],[8.491627,7.7489303],[8.4915686,7.7489163],[8.4914412,7.7488764],[8.4913695,7.7488632],[8.4913333,7.7488465],[8.4912783,7.7488346],[8.4912072,7.7488299],[8.4910811,7.7488233],[8.4908102,7.7487914],[8.490772,7.7487841],[8.4907626,7.7487801],[8.4907358,7.7487469],[8.4907097,7.7487289],[8.4906694,7.7487289],[8.4906346,7.7487515],[8.4906091,7.7487635],[8.4905279,7.7487549],[8.4903798,7.7487336],[8.4901585,7.7487017],[8.4900374,7.7486934],[8.4898074,7.748698],[8.4896016,7.7486997],[8.4893843,7.7487107],[8.4892241,7.7487186],[8.4890675,7.7487123],[8.4889656,7.7486927],[8.4887154,7.7486831],[8.4884308,7.7486821],[8.4882484,7.7487007],[8.4880442,7.7486904],[8.4879839,7.7486841],[8.4879,7.7486695],[8.4877918,7.7486399],[8.4877217,7.7486273],[8.4876265,7.7486343],[8.4875487,7.7486446],[8.4873646,7.7486602],[8.4872184,7.7486446],[8.4869764,7.7486299],[8.486852,7.7486067],[8.4867796,7.7485941],[8.4867527,7.7485921],[8.4867162,7.748601],[8.4866786,7.7486177],[8.4866381,7.748618],[8.4866022,7.748612],[8.4865693,7.748608],[8.4864859,7.7486263],[8.4863675,7.7486379],[8.4860926,7.7486436],[8.4858505,7.7486582],[8.4856752,7.7486652],[8.4855716,7.7486555],[8.4855199,7.7486525],[8.4854817,7.7486682],[8.4854475,7.7486921],[8.4854163,7.7487193],[8.485412,7.7487303]]],[[[8.4444328,7.749703],[8.4444325,7.7497233],[8.4444543,7.7497741],[8.4444925,7.7498638],[8.4445012,7.749901],[8.4445133,7.7499216],[8.4445569,7.7499515],[8.4446427,7.7500007],[8.4446622,7.7500173],[8.4446776,7.7500525],[8.4446749,7.750099],[8.4446783,7.7501282],[8.4446944,7.7501468],[8.4448016,7.750204],[8.4448613,7.750208],[8.4449002,7.75019],[8.4449364,7.7501355],[8.4449304,7.7500452],[8.4448948,7.7499468],[8.4448707,7.749893],[8.4448345,7.7498465],[8.4447748,7.7498106],[8.444689,7.74979],[8.4446427,7.7497761],[8.4446199,7.7497601],[8.444571,7.749709],[8.4445096,7.7496651],[8.4444771,7.7496595],[8.444452,7.7496694],[8.4444328,7.749703]]],[[[8.4546152,7.7515893],[8.4546011,7.7516358],[8.4546179,7.7516763],[8.454648,7.7517129],[8.4546769,7.7517268],[8.4547091,7.7517262],[8.4547278,7.7517076],[8.4547801,7.7516192],[8.454815,7.7515853],[8.454872,7.7515514],[8.4549437,7.7515255],[8.4550671,7.7515023],[8.4551469,7.7514857],[8.4552924,7.7514737],[8.455564,7.751473],[8.4558396,7.7514252],[8.4560589,7.7513594],[8.4563425,7.7512677],[8.4565329,7.751178],[8.4579036,7.750487],[8.4580102,7.7504099],[8.4580511,7.7503661],[8.4581289,7.7503256],[8.4582033,7.7502864],[8.4583113,7.7502492],[8.4584977,7.7501834],[8.4586224,7.7501522],[8.4586713,7.750109],[8.4587143,7.7500571],[8.458786,7.7500007],[8.4588504,7.7499608],[8.459016,7.7498831],[8.4591119,7.7498113],[8.4591729,7.7497814],[8.4592319,7.7497774],[8.4592815,7.7497734],[8.4593184,7.7497615],[8.459362,7.7497282],[8.4594076,7.7496585],[8.4595786,7.7494399],[8.4596222,7.7493668],[8.4596524,7.7492798],[8.4596618,7.7492346],[8.4596483,7.749198],[8.4595913,7.7491701],[8.4595069,7.7491648],[8.4594606,7.7491781],[8.4593292,7.7492193],[8.4591924,7.7492492],[8.4591313,7.7492791],[8.4590717,7.7493123],[8.4589992,7.749321],[8.4589335,7.749317],[8.4588537,7.7493023],[8.458792,7.7492778],[8.4586425,7.7492332],[8.4584206,7.74921],[8.4583133,7.7491914],[8.4582636,7.7491921],[8.4581966,7.7492286],[8.4581121,7.7492851],[8.4580082,7.7493382],[8.4579418,7.7493648],[8.4578814,7.7493974],[8.4578117,7.7494724],[8.4577232,7.7495283],[8.4576796,7.7495409],[8.4576105,7.7495449],[8.4575368,7.7495535],[8.4574804,7.7495661],[8.457408,7.7496259],[8.4573832,7.7496512],[8.4573296,7.7496844],[8.4572639,7.7496844],[8.4571928,7.7496791],[8.4570258,7.7497096],[8.4569574,7.7497289],[8.4568629,7.7497581],[8.4567482,7.7498106],[8.4563244,7.7499867],[8.4558731,7.7502731],[8.455617,7.7504737],[8.455283,7.7507302],[8.4550537,7.750984],[8.4549337,7.7511408],[8.4548378,7.7512903],[8.4547835,7.7513368],[8.4547178,7.7513873],[8.4546782,7.7514498],[8.4546152,7.7515893]]],[[[8.4495163,7.7501435],[8.4494962,7.7501581],[8.4494975,7.7501834],[8.4495203,7.7502133],[8.4495619,7.7502418],[8.4496269,7.7502565],[8.4497014,7.7502605],[8.449755,7.7502691],[8.4497845,7.7502791],[8.4498127,7.7503003],[8.4498563,7.7503362],[8.4499166,7.7504013],[8.4499488,7.7505362],[8.4499743,7.750604],[8.4500038,7.7506491],[8.4500366,7.7506817],[8.4500876,7.7507083],[8.4502459,7.7507395],[8.4504718,7.7507993],[8.4505473,7.7508189],[8.4505972,7.7508252],[8.4506207,7.7508352],[8.4506321,7.7508518],[8.4506354,7.7508784],[8.4506308,7.7509269],[8.4506411,7.7509541],[8.4506797,7.750986],[8.4506985,7.7509893],[8.4507226,7.7509873],[8.4507682,7.7509567],[8.4508212,7.7509069],[8.450838,7.7508604],[8.4508359,7.7508319],[8.4508198,7.750796],[8.4507863,7.7507508],[8.4507515,7.7507315],[8.4506958,7.7507329],[8.45068,7.7507302],[8.450672,7.7507232],[8.450671,7.7507056],[8.4506703,7.750687],[8.4506753,7.7506795],[8.4506847,7.7506754],[8.4507085,7.7506711],[8.4507749,7.7506651],[8.4508111,7.7506465],[8.4508721,7.7505628],[8.4509258,7.7505242],[8.4509452,7.7504983],[8.4509493,7.7504777],[8.4509479,7.7504511],[8.4508976,7.7503448],[8.4508185,7.7502638],[8.4506576,7.7502133],[8.4504705,7.7501687],[8.4503143,7.7501362],[8.4498127,7.7501116],[8.4495599,7.7501276],[8.4495163,7.7501435]]],[[[8.6937502,7.7420726],[8.6922213,7.7418707],[8.6919424,7.74186],[8.6917546,7.7418467],[8.6915883,7.7418122],[8.6913791,7.7417617],[8.6912799,7.7417085],[8.6911377,7.7416368],[8.6910626,7.7415823],[8.691005,7.7415131],[8.6909567,7.7414547],[8.6909232,7.7414228],[8.6908588,7.7413923],[8.690785,7.7413736],[8.6906911,7.7413445],[8.6906241,7.7413152],[8.6905477,7.7412832],[8.6903921,7.741262],[8.6900609,7.7412248],[8.6895874,7.7412594],[8.6887512,7.7415223],[8.686998,7.7421135],[8.6858476,7.7425285],[8.6852288,7.7425989],[8.6845514,7.7425761],[8.6841237,7.7426414],[8.6833084,7.7431092],[8.6823106,7.7444062],[8.6799717,7.7460433],[8.6795506,7.7461961],[8.6793548,7.7462506],[8.6790544,7.7463782],[8.678695,7.7465323],[8.6780459,7.7467609],[8.6777615,7.74683],[8.6775631,7.7468353],[8.6772358,7.7468353],[8.6768657,7.7467875],[8.6764848,7.7467024],[8.6761522,7.7465749],[8.675825,7.7465323],[8.6751866,7.7465004],[8.6748782,7.7464699],[8.6746301,7.7464313],[8.6745255,7.7464114],[8.6744732,7.7464234],[8.6744544,7.7464513],[8.6744544,7.7464818],[8.6744678,7.7465137],[8.6745107,7.7466014],[8.6746071,7.7467729],[8.6747386,7.7469974],[8.675016,7.7476255],[8.6756533,7.7490625],[8.6761039,7.7500724],[8.6764526,7.7506996],[8.6770534,7.7522996],[8.677445,7.7532457],[8.6776596,7.7536922],[8.6780405,7.7541972],[8.6796284,7.7561638],[8.6805457,7.7572269],[8.6810446,7.7577106],[8.6820155,7.7587099],[8.6827987,7.7594753],[8.6834425,7.7601131],[8.684274,7.760937],[8.6852074,7.7619363],[8.685658,7.7624146],[8.686232,7.7630046],[8.686865,7.7635627],[8.6872137,7.7638498],[8.6878949,7.7644876],[8.6881256,7.7646816],[8.6883107,7.7648012],[8.6884984,7.7649341],[8.6887184,7.7650802],[8.6889544,7.7652051],[8.6892334,7.7653327],[8.6896062,7.7654869],[8.6898556,7.7655719],[8.6901534,7.765649],[8.6905289,7.7656862],[8.6910117,7.7657686],[8.6914462,7.7658483],[8.6922267,7.7659068],[8.6926344,7.7659466],[8.6930153,7.7659785],[8.6932835,7.7659891],[8.693541,7.7659626],[8.6937636,7.7659333],[8.6940318,7.7658828],[8.694351,7.7658191],[8.6946514,7.7657473],[8.6949813,7.7656437],[8.6952013,7.7655427],[8.6954346,7.7654789],[8.6959147,7.7653301],[8.6967623,7.765051],[8.6970976,7.764966],[8.6974356,7.7649261],[8.6978352,7.7648783],[8.6981088,7.7648384],[8.6983234,7.764772],[8.6988491,7.764663],[8.6992809,7.764562],[8.7001795,7.7643388],[8.700614,7.7642165],[8.7010083,7.7641315],[8.7013516,7.7640863],[8.7016842,7.7640358],[8.7020597,7.7640198],[8.7026793,7.7639959],[8.7030897,7.7640305],[8.7046131,7.7641873],[8.7057209,7.7643813],[8.7066328,7.7644929],[8.7073222,7.7646125],[8.7079123,7.7647427],[8.7089422,7.7648543],[8.7099776,7.7650404],[8.7127268,7.765136],[8.7138426,7.7650829],[8.7140261,7.7650619],[8.6932648,7.7531429],[8.6957028,7.7423156],[8.6952147,7.7422241],[8.6945441,7.7421099],[8.6942893,7.7420806],[8.6937502,7.7420726]]],[[[8.4567428,7.7634913],[8.4567388,7.7635023],[8.4567425,7.7635119],[8.456752,7.7635226],[8.4568334,7.7635441],[8.4569393,7.76358],[8.4571029,7.7636305],[8.4573376,7.763685],[8.4575012,7.7637275],[8.4576112,7.7637594],[8.4577399,7.7637913],[8.4579116,7.7638179],[8.4580377,7.7638205],[8.4585004,7.7638418],[8.458778,7.7638737],[8.4591052,7.7639295],[8.4594767,7.7639733],[8.4601937,7.7640695],[8.4607092,7.7641387],[8.4611155,7.7642019],[8.4612925,7.7642112],[8.4615795,7.7642856],[8.4618504,7.7643893],[8.4623963,7.7646098],[8.4626792,7.7647135],[8.4630561,7.7648802],[8.4632807,7.764956],[8.4635114,7.7650198],[8.4637696,7.7651321],[8.4639714,7.7652038],[8.4642168,7.7652829],[8.4643476,7.7653487],[8.4645655,7.765447],[8.4647553,7.7655247],[8.464939,7.7655885],[8.4650335,7.765627],[8.4651207,7.7656403],[8.4652454,7.7656536],[8.4653467,7.7656682],[8.4655291,7.7657294],[8.4656578,7.7657872],[8.4658597,7.7658662],[8.4661162,7.7659426],[8.4663042,7.7660174],[8.4664588,7.7660825],[8.466606,7.7661695],[8.4667636,7.7662642],[8.4668306,7.7662987],[8.466887,7.766312],[8.4669366,7.7663081],[8.4669815,7.7662828],[8.4669849,7.7662589],[8.4669741,7.7662257],[8.4669439,7.7661898],[8.4668507,7.7660981],[8.4667441,7.766015],[8.4667079,7.7659891],[8.4666784,7.7659559],[8.4666234,7.7658536],[8.4665081,7.7657287],[8.4663834,7.7655799],[8.46626,7.7654031],[8.4660575,7.7651626],[8.4659234,7.7650297],[8.4655049,7.7647852],[8.4647687,7.7644185],[8.4641772,7.7640823],[8.4635402,7.7637687],[8.4631245,7.7635614],[8.4628335,7.7634338],[8.4622353,7.7632345],[8.4621066,7.7631548],[8.4619993,7.763087],[8.4619135,7.7630325],[8.4615996,7.7629395],[8.4612831,7.7628173],[8.4609506,7.7626897],[8.4603685,7.7625489],[8.4594096,7.7624439],[8.4591455,7.76246],[8.4589952,7.7624558],[8.4588142,7.7624851],[8.4585339,7.7625582],[8.458212,7.762691],[8.4580886,7.7627508],[8.4579483,7.7627977],[8.4577125,7.7628691],[8.4575555,7.7629335],[8.4574288,7.7630139],[8.457351,7.7630697],[8.4572565,7.7631209],[8.4571043,7.7632199],[8.456938,7.7633375],[8.4567883,7.7634533],[8.4567522,7.7634794],[8.4567428,7.7634913]]],[[[8.4581765,7.7617722],[8.4581604,7.7618074],[8.4581644,7.761828],[8.4581879,7.7618452],[8.4582147,7.7618446],[8.4582455,7.7618373],[8.4583502,7.7617967],[8.4587917,7.7617026],[8.4592701,7.7617024],[8.4599192,7.7617303],[8.4604383,7.761814],[8.462,7.76225],[8.4655,7.76375],[8.4663941,7.7643447],[8.4665738,7.7644557],[8.4666898,7.7645607],[8.4667696,7.7646171],[8.4674107,7.7649832],[8.4677674,7.7652101],[8.4683213,7.765552],[8.4687771,7.7658462],[8.4690115,7.7660205],[8.4692876,7.7661866],[8.4702793,7.7669778],[8.4705716,7.7672116],[8.4711751,7.767597],[8.4715775,7.7679053],[8.4724465,7.7684368],[8.4729212,7.76866],[8.4732565,7.7687929],[8.473573,7.7689072],[8.473801,7.7690215],[8.4748068,7.7694972],[8.4760782,7.7701323],[8.4775159,7.7709296],[8.4787551,7.7715116],[8.4800211,7.7721574],[8.4806594,7.7725401],[8.4814265,7.7729919],[8.4821615,7.7734756],[8.4825933,7.7737201],[8.4833644,7.7741904],[8.4838821,7.7745612],[8.4843676,7.774888],[8.4849577,7.775288],[8.4856242,7.7756933],[8.4861325,7.7759936],[8.4867708,7.7763776],[8.4871919,7.7766473],[8.4875889,7.7768679],[8.4880503,7.7771483],[8.488411,7.7773436],[8.4889448,7.7776386],[8.4892586,7.7777967],[8.4894893,7.7779309],[8.489683,7.7780193],[8.4899392,7.7781309],[8.4900948,7.7782246],[8.490302,7.7782857],[8.4907754,7.778481],[8.4911174,7.7786206],[8.4913789,7.7787049],[8.4916136,7.7787475],[8.4919871,7.7788132],[8.4922855,7.7788571],[8.4926295,7.7788617],[8.4929024,7.7788312],[8.4930895,7.7788159],[8.4933121,7.7787754],[8.4935515,7.7787182],[8.493801,7.7786919],[8.4939779,7.778677],[8.4941529,7.7786498],[8.494397,7.7785807],[8.4947886,7.7784485],[8.4951454,7.7783335],[8.4956188,7.7780871],[8.4957938,7.7779588],[8.4960647,7.7777476],[8.4963047,7.7775635],[8.4966011,7.777321],[8.4966628,7.7772546],[8.4967084,7.7771709],[8.4967849,7.7770526],[8.4969968,7.7768081],[8.4972489,7.7765038],[8.4975667,7.7760972],[8.4977719,7.775866],[8.497961,7.7756773],[8.4983271,7.7753093],[8.4985363,7.7751073],[8.4987965,7.774888],[8.4989159,7.7747804],[8.4990714,7.7746103],[8.4994054,7.7743074],[8.4996803,7.7740655],[8.5000893,7.7737307],[8.500611,7.7732523],[8.5010254,7.772859],[8.5013808,7.7725162],[8.5017621,7.7722447],[8.5022299,7.7719229],[8.5026379,7.7716386],[8.5028664,7.7714563],[8.5032248,7.7711741],[8.5038686,7.7706187],[8.5041153,7.7704087],[8.5044318,7.7701164],[8.505148,7.7694334],[8.5055798,7.7689178],[8.5060197,7.7683677],[8.506532,7.7677139],[8.5070577,7.7669246],[8.5072938,7.7666562],[8.5079777,7.7657925],[8.5087529,7.7647427],[8.5097346,7.7634006],[8.5108423,7.7619203],[8.5112125,7.7613702],[8.5114405,7.7608599],[8.5118133,7.7602593],[8.5123725,7.7594009],[8.5126179,7.7590022],[8.5129425,7.7584773],[8.5133676,7.7578541],[8.5139711,7.7571937],[8.5141656,7.7570037],[8.5143091,7.7568602],[8.514415,7.7567273],[8.5144392,7.75671],[8.5144794,7.7566887],[8.5145693,7.7566555],[8.5146336,7.7565784],[8.5146752,7.7564588],[8.51469,7.7562954],[8.5146618,7.756023],[8.5146216,7.755728],[8.5145693,7.7554682],[8.5145404,7.7554217],[8.514462,7.755336],[8.5144137,7.7553247],[8.514354,7.7553273],[8.5142668,7.7553626],[8.5142648,7.7553865],[8.5142722,7.7554044],[8.5143158,7.7554383],[8.5143312,7.7554695],[8.5143279,7.7554988],[8.5143097,7.7555393],[8.5142829,7.7555692],[8.5142501,7.7555944],[8.5141703,7.7555971],[8.5140583,7.7555831],[8.5140315,7.7555479],[8.5140187,7.7554782],[8.5140234,7.7553944],[8.514071,7.7552775],[8.5140918,7.7552104],[8.5140911,7.7551885],[8.5140824,7.7551672],[8.5140435,7.7551453],[8.5139946,7.7551147],[8.5139316,7.7550662],[8.5137914,7.7550503],[8.5124309,7.7551087],[8.5121834,7.7551028],[8.5119648,7.7550915],[8.5117985,7.7551227],[8.5116939,7.7551712],[8.511647,7.7551925],[8.5116349,7.7551825],[8.5116309,7.7551646],[8.5116202,7.755146],[8.5115772,7.755138],[8.5115129,7.755132],[8.5114304,7.755138],[8.5113399,7.7551739],[8.5112973,7.7552018],[8.5112939,7.7552069],[8.5112939,7.7552154],[8.511299,7.7552212],[8.511307,7.755221],[8.5113271,7.7552157],[8.5113784,7.7552021],[8.5114405,7.7552004],[8.5114807,7.7552101],[8.5115065,7.7552257],[8.5115182,7.7552406],[8.5115199,7.7552526],[8.5115156,7.7552616],[8.511415,7.7552901],[8.5112239,7.755328],[8.5112011,7.755338],[8.5111924,7.7553526],[8.5111893,7.7553616],[8.5111944,7.7553752],[8.5112071,7.7553825],[8.5112259,7.7554091],[8.5112312,7.7554327],[8.5112309,7.7554596],[8.5112396,7.7554855],[8.5112567,7.7555021],[8.5113043,7.7555114],[8.511477,7.7555034],[8.5115769,7.7555137],[8.5116242,7.7555243],[8.5116772,7.7555459],[8.5117499,7.7555861],[8.5118019,7.7556297],[8.5118374,7.7556735],[8.5118663,7.7557167],[8.5118703,7.7557519],[8.5118602,7.7557818],[8.5118515,7.7557971],[8.5118133,7.755809],[8.5117583,7.7558217],[8.5116785,7.7558403],[8.5116262,7.7558423],[8.5115699,7.7558296],[8.5115075,7.755815],[8.5114405,7.755811],[8.5112232,7.7558257],[8.5110261,7.7558356],[8.5108906,7.7558542],[8.5107987,7.7558728],[8.5107149,7.7559054],[8.5106479,7.7559466],[8.5105949,7.7559758],[8.5105687,7.7559791],[8.5105231,7.7559692],[8.5103951,7.7559459],[8.5100886,7.7558994],[8.5096622,7.7558742],[8.5094395,7.7558622],[8.5090131,7.7558157],[8.5087851,7.7557878],[8.5084216,7.7557785],[8.5081789,7.7557772],[8.5080649,7.7557904],[8.5078517,7.7558423],[8.5076451,7.7558888],[8.5073782,7.7559074],[8.5068163,7.7559433],[8.5066232,7.75593],[8.5064422,7.7559074],[8.5060837,7.7558666],[8.5056455,7.755813],[8.5053746,7.7557692],[8.5049251,7.7557275],[8.5045302,7.7557011],[8.5041286,7.7556675],[8.5036304,7.7556397],[8.503205,7.7555939],[8.5028873,7.7555418],[8.5024078,7.7554995],[8.501615,7.7553237],[8.5008243,7.7550744],[8.5002057,7.7548489],[8.4979718,7.7542266],[8.4962417,7.7538663],[8.4958716,7.7538118],[8.4955403,7.7537586],[8.4954411,7.7537095],[8.4953566,7.7536882],[8.4952587,7.7536988],[8.4951165,7.7536988],[8.4948295,7.7536723],[8.4945586,7.7536218],[8.4942153,7.7535088],[8.4939967,7.7534344],[8.4938411,7.7533959],[8.4931163,7.7533102],[8.4929305,7.7532676],[8.4925704,7.7532125],[8.49215,7.7531627],[8.4920273,7.7531567],[8.4918416,7.7531228],[8.4895925,7.7528164],[8.4892881,7.7528068],[8.4890207,7.7527817],[8.48875,7.75275],[8.4882814,7.7526568],[8.4874711,7.7525131],[8.4854016,7.7521082],[8.4851481,7.752067],[8.4845929,7.7520245],[8.4840028,7.7520458],[8.4834637,7.7520152],[8.4830734,7.7520192],[8.4826429,7.7520471],[8.4821413,7.7521082],[8.4816961,7.7521441],[8.4812482,7.7522225],[8.4805387,7.7523262],[8.4801082,7.7524298],[8.479726,7.7525135],[8.4792854,7.7526513],[8.4787666,7.7527911],[8.4780203,7.7530278],[8.4776346,7.7531426],[8.4770664,7.7533179],[8.4766946,7.7534268],[8.4750369,7.7538196],[8.4744194,7.7538331],[8.4736598,7.7539157],[8.4734496,7.7539447],[8.4729937,7.7540218],[8.4724706,7.7540377],[8.4717445,7.7541634],[8.4715225,7.7542215],[8.4712315,7.7542822],[8.4705761,7.7545014],[8.4701371,7.7546011],[8.4696179,7.7547013],[8.4691796,7.7548084],[8.4687071,7.7549678],[8.4680101,7.7552257],[8.4669909,7.7556004],[8.4659475,7.7560947],[8.4649926,7.7565944],[8.4642604,7.757017],[8.463427,7.7575106],[8.463,7.75775],[8.4607085,7.759355],[8.4598106,7.7600454],[8.4593412,7.760448],[8.4587075,7.7611276],[8.4583196,7.7616084],[8.4582107,7.7617237],[8.4581765,7.7617722]]],[[[8.4727141,7.7697158],[8.4727174,7.769741],[8.4727476,7.7697709],[8.4728649,7.7698799],[8.4730071,7.7699709],[8.4731694,7.770121],[8.473284,7.77023],[8.4734222,7.7703237],[8.4736602,7.7704878],[8.4739801,7.7706891],[8.4742047,7.7708293],[8.4744696,7.7709821],[8.4747391,7.7711356],[8.4751213,7.7713535],[8.4753037,7.7714605],[8.4753748,7.7715156],[8.4754821,7.7715701],[8.4756323,7.7716478],[8.4757805,7.7717242],[8.4758757,7.7717667],[8.4759508,7.7718172],[8.4760809,7.7719262],[8.4762626,7.7720571],[8.4764108,7.77218],[8.4766247,7.7722983],[8.4768527,7.7724438],[8.4770418,7.7725806],[8.4772262,7.7726976],[8.477534,7.7728809],[8.4777117,7.7730098],[8.4779826,7.773158],[8.4782837,7.7733487],[8.4787034,7.7735779],[8.4793586,7.7739885],[8.4800137,7.7744562],[8.4805977,7.7747392],[8.4812149,7.7749603],[8.4816755,7.7750588],[8.4819053,7.775102],[8.4820086,7.7751093],[8.482089,7.7751093],[8.4821682,7.7751246],[8.4822352,7.7751498],[8.4824424,7.7752375],[8.4825309,7.7752568],[8.4826127,7.7752621],[8.4826858,7.7752701],[8.4827308,7.7752628],[8.4827529,7.7752481],[8.4827777,7.775203],[8.4827777,7.7751558],[8.4827616,7.775098],[8.4826932,7.7750096],[8.4826597,7.7749658],[8.4825926,7.7748309],[8.4825625,7.7747851],[8.4825229,7.7747406],[8.4823415,7.7746243],[8.4820103,7.7743459],[8.4817095,7.7740914],[8.4814285,7.7738835],[8.4810396,7.7736324],[8.4806923,7.7734164],[8.480534,7.7733294],[8.479781,7.7729135],[8.4794095,7.7726969],[8.4787631,7.7724099],[8.4780966,7.7720976],[8.4780228,7.7720577],[8.4779678,7.7720152],[8.4778686,7.7719594],[8.4777412,7.7718863],[8.4776419,7.7718611],[8.4775172,7.7718146],[8.4771819,7.7716073],[8.4767836,7.7714133],[8.4763424,7.7711502],[8.4758878,7.7708871],[8.4754895,7.7707037],[8.4750094,7.7704473],[8.4745426,7.7702346],[8.4733913,7.7698307],[8.4730098,7.7697217],[8.4728254,7.769658],[8.4727831,7.769646],[8.4727482,7.7696613],[8.4727261,7.7696892],[8.4727141,7.7697158]]],[[[8.4287527,7.8159133],[8.4377251,7.8172637],[8.4377247,7.8206875],[8.4423759,7.8261372],[8.4424794,7.8314977],[8.4457943,7.8343678],[8.4499719,7.8462816],[8.4945152,7.8513831],[8.5491184,7.833337],[8.5666224,7.8335787],[8.5797388,7.8353445],[8.5804391,7.8356094],[8.5939062,7.8339746],[8.6013613,7.8338971],[8.6167731,7.8335666],[8.6334744,7.8299501],[8.6413437,7.8285932],[8.648548,7.8274056],[8.6532175,7.826368],[8.6586002,7.8261545],[8.6621211,7.8260286],[8.6674466,7.8269668],[8.6750679,7.8263235],[8.6813398,7.8244396],[8.6841949,7.8130654],[8.6891095,7.8059708],[8.6881384,7.7964991],[8.6908164,7.7894026],[8.6917199,7.7858087],[8.7112442,7.7701711],[8.7112369,7.7701655],[8.7109029,7.7699888],[8.7103665,7.7697868],[8.7098777,7.76968],[8.709279,7.7696111],[8.7082908,7.7695573],[8.706944,7.7696646],[8.705163,7.769941],[8.7042403,7.7702014],[8.7035805,7.7703715],[8.702572,7.7703981],[8.6997682,7.7707331],[8.6978273,7.7711056],[8.69675,7.77125],[8.6944122,7.7709899],[8.6931873,7.7710892],[8.6927149,7.7711821],[8.6925405,7.771206],[8.6923957,7.7712326],[8.692157,7.7712591],[8.6918807,7.7712724],[8.6915883,7.7712565],[8.6913684,7.7711794],[8.6909661,7.7709828],[8.6904672,7.7708286],[8.6899629,7.7706107],[8.6891824,7.7702838],[8.6883536,7.7699171],[8.6880076,7.7697496],[8.6875945,7.7695264],[8.6871145,7.7693617],[8.6868489,7.769242],[8.6865941,7.7691065],[8.686409,7.7689816],[8.6858699,7.768676],[8.6853683,7.7684235],[8.6852074,7.7683385],[8.6850786,7.7682215],[8.684856,7.7680063],[8.6845905,7.7677352],[8.6843383,7.7674907],[8.6839735,7.7670841],[8.6838528,7.766922],[8.6837938,7.766813],[8.6837563,7.7667359],[8.6837161,7.7666243],[8.683708,7.766518],[8.6836732,7.7663878],[8.6835659,7.766231],[8.6834452,7.7660503],[8.6829516,7.7654682],[8.6828443,7.7652955],[8.6827907,7.7652051],[8.6823159,7.7646098],[8.6820531,7.7642351],[8.6819941,7.7640916],[8.6819082,7.7637567],[8.6817822,7.7635574],[8.6814898,7.7631827],[8.6811974,7.762909],[8.6809909,7.7626897],[8.6809695,7.7626352],[8.6809695,7.7625914],[8.6809534,7.762513],[8.6808944,7.7624306],[8.6807388,7.7622897],[8.6804062,7.7620133],[8.6798537,7.7615509],[8.6787835,7.7607935],[8.6776677,7.7601105],[8.6769086,7.7596029],[8.6762649,7.7591883],[8.6756694,7.75888],[8.6747092,7.7583644],[8.6741888,7.7580561],[8.6738509,7.7578807],[8.6719063,7.7570874],[8.6708415,7.7564084],[8.6703506,7.7560124],[8.6698789,7.7554741],[8.6695299,7.755138],[8.6689398,7.7547074],[8.6680375,7.7542315],[8.6672864,7.753855],[8.6667699,7.7536284],[8.6651847,7.7533042],[8.66376,7.7527182],[8.6628431,7.7521853],[8.66246,7.7518167],[8.6617193,7.7510505],[8.6613894,7.7507833],[8.6604652,7.7502671],[8.6597818,7.7499393],[8.6576297,7.7488847],[8.6567947,7.7485549],[8.6563085,7.7484683],[8.6558533,7.7483555],[8.6553785,7.7482731],[8.6550618,7.7482528],[8.6549091,7.7482572],[8.6547884,7.7482506],[8.6546704,7.7482213],[8.6545256,7.7481389],[8.6544545,7.7480512],[8.6543834,7.7479835],[8.6543204,7.7479595],[8.6542346,7.7479489],[8.6540803,7.7479529],[8.6539878,7.747929],[8.6538777,7.7478888],[8.6536254,7.7478081],[8.6534671,7.7477932],[8.6525134,7.7475934],[8.6520649,7.7474364],[8.6517669,7.7473416],[8.6514035,7.7472632],[8.6512198,7.7472061],[8.6511594,7.7471835],[8.6510776,7.7471489],[8.6510105,7.747121],[8.6509596,7.7471064],[8.6509086,7.7470971],[8.6507624,7.7470665],[8.6506873,7.7470506],[8.6506297,7.7470386],[8.6505519,7.747036],[8.6504889,7.7470373],[8.6504151,7.747028],[8.6503091,7.7469988],[8.6501817,7.7469536],[8.6498612,7.7468353],[8.649601,7.7467609],[8.6493851,7.7466918],[8.6491786,7.7466386],[8.6491142,7.7466254],[8.6490566,7.74662],[8.6489654,7.7466041],[8.648897,7.7465788],[8.6488339,7.7465377],[8.6487763,7.7465058],[8.6486851,7.7464845],[8.6485952,7.7464752],[8.6485161,7.7464632],[8.6484678,7.7464433],[8.6484142,7.7463981],[8.6483431,7.7463715],[8.6482894,7.7463556],[8.6482143,7.7463397],[8.648095,7.7463357],[8.6479823,7.7463091],[8.647926,7.7462838],[8.6478911,7.7462519],[8.6477959,7.7462174],[8.6476859,7.7462187],[8.647238,7.746139],[8.6469725,7.7460672],[8.6468223,7.7460327],[8.6465514,7.7460327],[8.6463958,7.7460034],[8.6460364,7.745945],[8.6458433,7.7458998],[8.6457655,7.7458679],[8.645618,7.7458493],[8.6447074,7.7458227],[8.6435835,7.7458147],[8.6432375,7.7458201],[8.6429559,7.7458373],[8.6427775,7.7458546],[8.6426595,7.7458759],[8.6424838,7.7459038],[8.642284,7.7459264],[8.6420372,7.745953],[8.64175,7.746],[8.6406049,7.7460832],[8.6401302,7.746149],[8.6399049,7.7461968],[8.6397547,7.7462539],[8.6395568,7.7462818],[8.6394308,7.7463071],[8.6393664,7.7463157],[8.6393265,7.7463028],[8.6392806,7.7463041],[8.6392424,7.7463184],[8.6391565,7.7463543],[8.6390211,7.7463994],[8.6388621,7.746444],[8.638557,7.7465489],[8.6384209,7.7465915],[8.6378436,7.7467543],[8.6375177,7.7468752],[8.6373702,7.7469297],[8.6372374,7.7469589],[8.6371502,7.7469921],[8.6370282,7.7470346],[8.6368887,7.7470612],[8.6367305,7.7470905],[8.6366339,7.7471277],[8.6365937,7.7471476],[8.6365266,7.7471795],[8.6364327,7.7472008],[8.6363107,7.7472273],[8.6362182,7.7472486],[8.6360036,7.7473124],[8.6357233,7.7474041],[8.6355825,7.7474453],[8.635498,7.7474718],[8.6353719,7.7475237],[8.6352043,7.7475556],[8.6350179,7.7475941],[8.6347919,7.7476702],[8.6345988,7.7477184],[8.6345143,7.747731],[8.6344465,7.7477389],[8.6343862,7.7477429],[8.6343041,7.7477535],[8.634181,7.7477768],[8.6340664,7.7477974],[8.633937,7.7478267],[8.6337774,7.7478519],[8.6334575,7.7478964],[8.6332201,7.747929],[8.6329103,7.7479921],[8.632742,7.7480207],[8.6326328,7.7480386],[8.6325576,7.7480579],[8.6324939,7.7480619],[8.6324396,7.7480738],[8.6323719,7.7480884],[8.6319823,7.7481409],[8.6318146,7.7481761],[8.6315745,7.748214],[8.6313996,7.748218],[8.6312993,7.7481997],[8.6312152,7.7482173],[8.6311776,7.7482193],[8.6311105,7.7482246],[8.6310562,7.7482333],[8.6309181,7.7482466],[8.6306807,7.7482864],[8.6304487,7.7483104],[8.6301497,7.748321],[8.6299565,7.7483223],[8.6297876,7.748309],[8.6296307,7.748309],[8.6293691,7.7482864],[8.6291827,7.7482599],[8.6290352,7.7482466],[8.628885,7.7482266],[8.6287911,7.7481868],[8.628704,7.7481562],[8.6286074,7.7481084],[8.6285363,7.7480592],[8.6283848,7.7479675],[8.6282761,7.7479223],[8.628138,7.7478944],[8.628024,7.7478652],[8.6278886,7.7478001],[8.6278148,7.7477788],[8.627794,7.7477775],[8.6277692,7.7477795],[8.6277377,7.7477881],[8.6277149,7.7478054],[8.6276565,7.7478619],[8.6276304,7.7478805],[8.6275969,7.7478811],[8.6275794,7.7478785],[8.6275526,7.7478718],[8.6275157,7.7478652],[8.6274675,7.7478692],[8.6274286,7.7478918],[8.627395,7.7479144],[8.6273414,7.7479476],[8.6273079,7.7479688],[8.6272582,7.7479781],[8.627214,7.7479795],[8.6271644,7.7479675],[8.6271241,7.7479569],[8.6268827,7.7479715],[8.6267661,7.7479768],[8.6265957,7.7479967],[8.6251018,7.7481709],[8.6247276,7.7482034],[8.6242072,7.7482625],[8.6240101,7.7482851],[8.6233181,7.7483688],[8.6210811,7.7483927],[8.6200086,7.7482993],[8.6189944,7.7481084],[8.6165924,7.7475199],[8.6137887,7.7469026],[8.6136755,7.7468566],[8.6134931,7.7467901],[8.6131391,7.7465961],[8.6126348,7.7463755],[8.6124229,7.7462772],[8.6122003,7.7462533],[8.6118612,7.7461985],[8.6114547,7.7461363],[8.6111221,7.7460566],[8.6107519,7.7459264],[8.6104086,7.7457829],[8.610088,7.74568],[8.6086357,7.745331],[8.607851,7.7451063],[8.6076513,7.7450121],[8.6073925,7.7449005],[8.607084,7.7448154],[8.6068802,7.7447503],[8.6066012,7.7447078],[8.6064564,7.7446746],[8.6062029,7.7446799],[8.6054586,7.7446294],[8.6049114,7.7445975],[8.6044219,7.7445789],[8.6037554,7.7445404],[8.6032895,7.7445261],[8.6028408,7.7445696],[8.6017559,7.744497],[8.6011938,7.7444306],[8.6008239,7.7443628],[8.6004852,7.7443161],[8.6001046,7.7442787],[8.5995561,7.7442079],[8.598716,7.7441383],[8.5978789,7.7440929],[8.5972169,7.7441034],[8.5955109,7.7441502],[8.5950222,7.744177],[8.5941348,7.7442675],[8.5936434,7.7442778],[8.593093,7.7442351],[8.5923565,7.7442193],[8.5916971,7.7441765],[8.5911139,7.7440705],[8.5904965,7.7439745],[8.5899783,7.7438228],[8.5896537,7.7436779],[8.5893682,7.7435277],[8.5889583,7.7433313],[8.5886041,7.7431509],[8.588014,7.7428536],[8.5875622,7.7426104],[8.5870129,7.7423129],[8.5864281,7.7421169],[8.5859174,7.7419204],[8.585346,7.7417112],[8.5849705,7.7416235],[8.5845387,7.7415597],[8.5842034,7.7415437],[8.5839137,7.7415119],[8.5836831,7.7415384],[8.5833451,7.741573],[8.5832512,7.7415942],[8.5830662,7.7415942],[8.5828945,7.7415624],[8.5825941,7.7415517],[8.5822481,7.7415065],[8.5821898,7.7414959],[8.5820409,7.7414594],[8.5819752,7.7414434],[8.5819001,7.7414348],[8.5818437,7.7414261],[8.5817566,7.7413942],[8.5817324,7.7413796],[8.5816855,7.7413557],[8.5816419,7.7413511],[8.581605,7.741357],[8.5815722,7.7413537],[8.5815279,7.7413431],[8.5814428,7.7413178],[8.5813744,7.7412859],[8.5813341,7.7412773],[8.5812912,7.7412846],[8.5812503,7.7412979],[8.5812128,7.7413092],[8.5811712,7.7413079],[8.5811242,7.7412986],[8.5810585,7.7413065],[8.5810183,7.7413059],[8.5809787,7.7412959],[8.5809412,7.74128],[8.5809056,7.741262],[8.5808466,7.7412394],[8.580789,7.7412308],[8.5807306,7.7412434],[8.5806474,7.7412745],[8.5805697,7.741278],[8.5804725,7.7412713],[8.5804228,7.7412594],[8.5803659,7.7412687],[8.5801392,7.7413073],[8.5800188,7.7413142],[8.5799458,7.7413212],[8.5798542,7.7413325],[8.5797436,7.7413607],[8.5795759,7.7413936],[8.579415,7.7414235],[8.579303,7.7414504],[8.5792319,7.7414829],[8.5791532,7.7415138],[8.5789372,7.7415743],[8.5787837,7.7416119],[8.5787099,7.7416268],[8.5786613,7.7416437],[8.5785912,7.741681],[8.5785369,7.7417238],[8.5784447,7.7417587],[8.5783532,7.74178],[8.5783066,7.7417859],[8.5782627,7.7417889],[8.5782127,7.741778],[8.5781835,7.7417766],[8.578141,7.7417966],[8.5781195,7.7418248],[8.578087,7.7418487],[8.57803,7.7418683],[8.5780008,7.7418756],[8.5778975,7.7418919],[8.5777802,7.7419178],[8.5774154,7.7420218],[8.5772246,7.7420863],[8.5771204,7.7421311],[8.5769504,7.7421899],[8.5767693,7.7422497],[8.5766667,7.7422683],[8.5766315,7.7422637],[8.5766094,7.7422464],[8.5765866,7.7422321],[8.5765625,7.7422344],[8.5765196,7.7422587],[8.5764844,7.7422813],[8.5764528,7.7423301],[8.576421,7.7423627],[8.5763533,7.7423896],[8.5761907,7.7424288],[8.5760844,7.7424746],[8.5760294,7.7424889],[8.5759858,7.7424879],[8.5758835,7.7425022],[8.5757793,7.7425364],[8.5757209,7.7425424],[8.5756898,7.7425331],[8.5756616,7.7425181],[8.5756126,7.7424989],[8.5755828,7.7425005],[8.5755627,7.7425128],[8.575556,7.7425321],[8.5755634,7.7425573],[8.5755694,7.7425839],[8.5755691,7.7426112],[8.5755627,7.7426288],[8.5755499,7.7426454],[8.575509,7.74267],[8.5752033,7.7427583],[8.5751288,7.742759],[8.5750034,7.7427909],[8.5749176,7.7428235],[8.574866,7.7428195],[8.5747728,7.7428175],[8.5746722,7.7428334],[8.5745636,7.742858],[8.5744925,7.7428906],[8.5744227,7.742947],[8.5743657,7.7429836],[8.5743255,7.7429916],[8.5742987,7.7429856],[8.5742511,7.7429703],[8.5741834,7.7429424],[8.5740761,7.742953],[8.5740218,7.7429597],[8.5740047,7.7429663],[8.5740003,7.7429829],[8.5740043,7.7429975],[8.5740187,7.7430048],[8.5740382,7.7430205],[8.5740435,7.7430357],[8.5740389,7.7430514],[8.5740308,7.7430613],[8.5740218,7.743073],[8.5739926,7.7430955],[8.573898,7.7431347],[8.5737948,7.7432082],[8.5737498,7.7432344],[8.5737026,7.743252],[8.5736858,7.7432537],[8.573669,7.7432487],[8.5736409,7.7432354],[8.573608,7.7432261],[8.5735698,7.7432234],[8.5735302,7.7432288],[8.5734451,7.7432646],[8.5732131,7.7433464],[8.5730924,7.7433896],[8.5729093,7.7434454],[8.5727598,7.7435052],[8.5721596,7.7436746],[8.5716104,7.7437603],[8.5713194,7.743769],[8.5707377,7.7438351],[8.5705744,7.7438497],[8.5705084,7.7438304],[8.5704826,7.7438158],[8.5704584,7.7438058],[8.5704467,7.7438058],[8.5704289,7.7438131],[8.5704011,7.7438374],[8.5703797,7.7438424],[8.5703367,7.7438371],[8.5703159,7.7438274],[8.5702719,7.7438068],[8.570241,7.743798],[8.5701994,7.7437801],[8.5701714,7.7437796],[8.5701594,7.7437854],[8.5701523,7.7437969],[8.5701441,7.743807],[8.5701359,7.7438126],[8.5701258,7.7438146],[8.570118,7.7438116],[8.5701109,7.743805],[8.5701081,7.7437909],[8.5701151,7.7437195],[8.5701074,7.7436334],[8.5701041,7.7436113],[8.5701002,7.743602],[8.5700906,7.7435957],[8.5700792,7.7435977],[8.5700717,7.7436035],[8.5700668,7.7436198],[8.5700627,7.7436387],[8.5700494,7.7437337],[8.5700286,7.7438048],[8.5700172,7.7438487],[8.5700005,7.7438699],[8.5699642,7.7438786],[8.5699374,7.7438699],[8.56992,7.7438374],[8.5699267,7.7437935],[8.569918,7.7437198],[8.5699227,7.7436819],[8.5699495,7.7436424],[8.5699488,7.7436062],[8.5699398,7.7435879],[8.5699197,7.7435769],[8.5698912,7.7435743],[8.5698492,7.7435769],[8.569808,7.7435816],[8.5697658,7.7435965],[8.5697178,7.7436025],[8.5694201,7.7435743],[8.569401,7.7435746],[8.5693852,7.7435886],[8.5693876,7.7436028],[8.5694063,7.7436155],[8.5694811,7.7436304],[8.5696243,7.7436494],[8.569687,7.7436706],[8.5698181,7.7437032],[8.5698449,7.7437218],[8.5698603,7.7437626],[8.5698647,7.7437995],[8.569862,7.7438294],[8.5698389,7.743859],[8.5697919,7.7438696],[8.5697262,7.7438656],[8.5696669,7.743854],[8.5696434,7.7438407],[8.569629,7.7438175],[8.5696068,7.7437606],[8.5695921,7.7437457],[8.5695669,7.7437447],[8.5695455,7.7437523],[8.5695291,7.7437726],[8.5694999,7.7438377],[8.5694774,7.7438666],[8.5694335,7.7438952],[8.5693758,7.7439015],[8.5693433,7.7439012],[8.569289,7.7439045],[8.5692484,7.7438959],[8.5692203,7.7438746],[8.5691951,7.7438304],[8.5691918,7.7437929],[8.5692065,7.7436786],[8.5692176,7.7436274],[8.5692069,7.7435949],[8.5691787,7.7435852],[8.5689343,7.7437367],[8.5688518,7.7437188],[8.5687656,7.7436832],[8.5686593,7.7436467],[8.5686285,7.7436437],[8.5686235,7.7436381],[8.5686195,7.7436214],[8.5686225,7.7435886],[8.5686181,7.7435653],[8.5686027,7.7435241],[8.5685626,7.7434869],[8.5685324,7.7434588],[8.5685229,7.7434597],[8.568517,7.7434744],[8.5685175,7.7434979],[8.5685199,7.7435102],[8.5685165,7.7435214],[8.5685103,7.7435269],[8.5684887,7.7435249],[8.5683766,7.7435202],[8.5682986,7.7435291],[8.5682329,7.7435191],[8.5681598,7.7435025],[8.5680874,7.743468],[8.5680538,7.7434407],[8.5680324,7.7434188],[8.5680133,7.7434178],[8.5679985,7.7434205],[8.5679707,7.7434301],[8.5679429,7.7434367],[8.5679214,7.7434387],[8.5678835,7.7434334],[8.5678637,7.7434155],[8.5678594,7.7433955],[8.5678634,7.743369],[8.5678725,7.7433251],[8.5678929,7.7432354],[8.5678886,7.7432042],[8.5678721,7.7431829],[8.5678577,7.7431646],[8.5678484,7.7431563],[8.5678419,7.7431537],[8.5678342,7.7431545],[8.5678302,7.74316],[8.5678252,7.7431769],[8.5678188,7.7432228],[8.5677923,7.7433504],[8.5677787,7.7433567],[8.5677665,7.7433558],[8.5677559,7.7433502],[8.5677514,7.7433387],[8.5677608,7.7433085],[8.5677779,7.7432314],[8.5677863,7.7431387],[8.5677846,7.7431052],[8.5677833,7.7430866],[8.5677752,7.7430823],[8.5677615,7.7430886],[8.5677581,7.7431102],[8.5677554,7.7431268],[8.5677514,7.7431357],[8.5677467,7.7431384],[8.5677285,7.7431434],[8.5677189,7.743158],[8.5677159,7.7431771],[8.5677048,7.7432688],[8.5676914,7.7433269],[8.5676803,7.7433495],[8.5676694,7.7433568],[8.5676468,7.7433626],[8.5676086,7.743361],[8.5674825,7.7433371],[8.5673256,7.7432952],[8.5672123,7.7432813],[8.5671553,7.7432779],[8.567095,7.743268],[8.5670131,7.7432341],[8.5668455,7.7431829],[8.5667677,7.7431597],[8.5666893,7.743145],[8.5665679,7.7431324],[8.5664217,7.7431052],[8.5661619,7.7430477],[8.5661096,7.7430191],[8.5660831,7.7430015],[8.566063,7.7429753],[8.5660455,7.7429125],[8.5660482,7.7428912],[8.5660378,7.7428813],[8.5660254,7.7428823],[8.5660113,7.7428906],[8.5660036,7.7429142],[8.5660003,7.7429381],[8.5659885,7.7429504],[8.5659664,7.742959],[8.5659507,7.742963],[8.565891,7.7429617],[8.5658598,7.7429617],[8.5658018,7.742968],[8.5657069,7.7429936],[8.5656127,7.7429866],[8.5655088,7.7429547],[8.5654373,7.7429311],[8.5654038,7.7429258],[8.5653016,7.7429231],[8.5651799,7.7429161],[8.5651336,7.7429113],[8.5649693,7.7429035],[8.5649016,7.7428959],[8.5648147,7.7428962],[8.5647494,7.7428759],[8.564692,7.7428643],[8.5646035,7.7428573],[8.5644982,7.7428308],[8.5644583,7.7427989],[8.5644436,7.7427613],[8.5644339,7.7427125],[8.5644285,7.7426959],[8.5644007,7.7426643],[8.5643507,7.7426557],[8.5642907,7.7426607],[8.5642454,7.7426833],[8.5642059,7.7427231],[8.5641737,7.7427437],[8.5641314,7.7427593],[8.5640812,7.7427583],[8.5639903,7.7427427],[8.5639698,7.7427354],[8.5639313,7.7427231],[8.5638746,7.7427225],[8.5637636,7.7427301],[8.5636701,7.7427181],[8.5635856,7.7426949],[8.5634381,7.7426793],[8.5633848,7.7426613],[8.5633301,7.7426547],[8.5632339,7.7426666],[8.5630961,7.7426623],[8.5630207,7.7426424],[8.5629506,7.7426384],[8.562905,7.7426371],[8.5627119,7.7426085],[8.5625104,7.7425686],[8.5624155,7.7425597],[8.5622908,7.7425401],[8.5622294,7.7425331],[8.5622039,7.7425155],[8.5621892,7.7424823],[8.5621868,7.7424683],[8.5621808,7.7424311],[8.5621708,7.7423992],[8.5621426,7.7423816],[8.562106,7.7423779],[8.5620601,7.7423886],[8.5620008,7.7423966],[8.5619615,7.7423929],[8.5618838,7.7423617],[8.5618113,7.7423424],[8.5617627,7.7423364],[8.5617369,7.7423401],[8.5616977,7.7423467],[8.5616772,7.7423524],[8.5616715,7.742359],[8.5616715,7.7423696],[8.561689,7.7423873],[8.561697,7.7423982],[8.5616953,7.7424142],[8.5616782,7.7424288],[8.5616538,7.7424358],[8.5616015,7.7424338],[8.5614938,7.7424241],[8.5612571,7.7424108],[8.5611029,7.7423976],[8.5609353,7.7423696],[8.5608729,7.7423364],[8.560828,7.7423125],[8.5607944,7.7423085],[8.5606945,7.7423378],[8.560541,7.7423557],[8.5603432,7.742373],[8.5602064,7.742351],[8.5600521,7.7423198],[8.5597605,7.7423211],[8.5595459,7.7423012],[8.5588144,7.7423717],[8.5582831,7.7424148],[8.5577901,7.7424468],[8.557376,7.7424842],[8.557032,7.7424892],[8.5568972,7.7424813],[8.5568603,7.7424726],[8.5568073,7.7424447],[8.556747,7.7423896],[8.556696,7.7423504],[8.5566471,7.7423364],[8.5566042,7.7423431],[8.5565522,7.742353],[8.556519,7.7423693],[8.5564982,7.7423919],[8.5564882,7.7424195],[8.5564499,7.7424507],[8.5564063,7.7424726],[8.5562193,7.7425198],[8.5560811,7.7425424],[8.5559564,7.7425444],[8.5559189,7.7425284],[8.555884,7.7424806],[8.5558645,7.7424221],[8.5558498,7.7423916],[8.555831,7.7423643],[8.5558143,7.742363],[8.5557948,7.7423783],[8.5557841,7.7423956],[8.5557713,7.7424494],[8.5557324,7.7425158],[8.5556486,7.7425617],[8.5555923,7.7425809],[8.5555259,7.7425843],[8.5554387,7.742569],[8.5552724,7.7425397],[8.5550934,7.7425178],[8.555076,7.7425078],[8.5550552,7.7424799],[8.5550217,7.7424394],[8.5549848,7.7424215],[8.5549271,7.7424162],[8.5548922,7.7424108],[8.5547702,7.7423882],[8.5547179,7.7423683],[8.5546938,7.7423863],[8.5546837,7.7424208],[8.5546944,7.7424514],[8.5547139,7.74247],[8.5547367,7.7424819],[8.5547709,7.7425005],[8.5548413,7.7425391],[8.5549191,7.7425683],[8.5549868,7.7425929],[8.5550203,7.7426221],[8.5550082,7.7426447],[8.5549694,7.742664],[8.5549171,7.7426647],[8.5548466,7.7426467],[8.5547702,7.7426068],[8.5546327,7.7425484],[8.5543444,7.7424135],[8.5542633,7.7423776],[8.5542029,7.7423696],[8.554164,7.7423889],[8.5541352,7.7424088],[8.5541144,7.7424268],[8.5541057,7.742448],[8.5541178,7.7424647],[8.5541714,7.7424866],[8.5542089,7.7425059],[8.5542277,7.7425271],[8.5542324,7.742547],[8.5542103,7.742575],[8.5541882,7.7425902],[8.5541379,7.7425936],[8.5540614,7.7425916],[8.5539562,7.7425843],[8.5538529,7.7425557],[8.5537349,7.7425451],[8.5536718,7.7425377],[8.5536423,7.7425251],[8.5536068,7.7424966],[8.5535739,7.7424507],[8.5534801,7.7423789],[8.5534338,7.7423484],[8.5533486,7.7423125],[8.5532802,7.7423118],[8.553238,7.7423457],[8.5531951,7.7423882],[8.5531683,7.7424022],[8.5531401,7.7424102],[8.553073,7.7424155],[8.5529684,7.7424281],[8.5528424,7.7424148],[8.5527471,7.7423936],[8.5526191,7.7423437],[8.5524957,7.7422853],[8.5524246,7.7422514],[8.5523971,7.7422314],[8.5523448,7.7422248],[8.5523019,7.7422348],[8.5522677,7.7422434],[8.5522409,7.7422461],[8.5522214,7.7422454],[8.5522074,7.7422368],[8.5521933,7.7422195],[8.5521685,7.7421829],[8.5520793,7.7421371],[8.5519981,7.7421245],[8.5519559,7.7421318],[8.5519358,7.7421457],[8.5518996,7.7421411],[8.5518372,7.7421152],[8.551695,7.74207],[8.551565,7.7420168],[8.5514818,7.7419544],[8.5514013,7.7419052],[8.5513584,7.7418873],[8.5513102,7.7418833],[8.5510319,7.7419584],[8.5509494,7.7419451],[8.5509132,7.7419351],[8.5508911,7.7418979],[8.5508763,7.7418613],[8.5508421,7.7418062],[8.5508025,7.7417929],[8.5507724,7.7417989],[8.5507321,7.7418182],[8.5506906,7.7418474],[8.5506456,7.7418647],[8.5505766,7.7418527],[8.5505149,7.7418301],[8.550474,7.7418202],[8.5504398,7.7418135],[8.5504083,7.7418275],[8.5503412,7.7418753],[8.5502654,7.7419125],[8.5502138,7.7419245],[8.5501461,7.7419218],[8.5500931,7.7418899],[8.5500381,7.7418434],[8.55002,7.7417836],[8.5500294,7.7417331],[8.5500237,7.7417082],[8.5500113,7.7416976],[8.5500016,7.7416952],[8.5499835,7.7417006],[8.5499208,7.7417192],[8.5498363,7.7417544],[8.5497672,7.741765],[8.5497102,7.7417318],[8.5496613,7.741674],[8.549609,7.741652],[8.5495634,7.74167],[8.5494836,7.7417245],[8.549387,7.7417577],[8.5493233,7.7417245],[8.549216,7.7416388],[8.5491765,7.7415597],[8.5490088,7.7414846],[8.5488861,7.7414773],[8.5487527,7.7415145],[8.5486346,7.7416474],[8.5484811,7.7418022],[8.548404,7.7418873],[8.5483865,7.7419378],[8.5483812,7.7419809],[8.5483825,7.7420288],[8.5483812,7.7420693],[8.5483711,7.7420919],[8.5483517,7.7421112],[8.5483249,7.7421205],[8.5482746,7.7421225],[8.5482129,7.7421052],[8.5481807,7.7420853],[8.5481478,7.7420534],[8.5481465,7.7420308],[8.5481612,7.7420115],[8.5481881,7.7419929],[8.5482102,7.7419736],[8.5482162,7.7419524],[8.5481981,7.7419344],[8.5481371,7.7419291],[8.5480942,7.7419471],[8.5480546,7.7419597],[8.5479621,7.741965],[8.5479004,7.7419431],[8.5478206,7.7419238],[8.5477663,7.7419152],[8.5477167,7.7419185],[8.5476194,7.7419417],[8.5474505,7.7420055],[8.5472748,7.74205],[8.5469998,7.7420786],[8.5469422,7.7420853],[8.5468838,7.7421198],[8.5468476,7.742151],[8.5468067,7.7421922],[8.5466078,7.7422517],[8.5461798,7.7423265],[8.5461409,7.7423265],[8.5460993,7.7423092],[8.5460584,7.7422959],[8.5460094,7.7422999],[8.5459605,7.7423205],[8.5459229,7.7423344],[8.5458324,7.7423464],[8.5457902,7.7423577],[8.545768,7.7423849],[8.5457345,7.7424354],[8.5456929,7.7424985],[8.54565,7.7425451],[8.5455729,7.7425896],[8.5452068,7.7427331],[8.5446006,7.7430095],[8.544317,7.743171],[8.543981,7.7433437],[8.5438026,7.7434314],[8.5437255,7.7434427],[8.5436115,7.7434354],[8.5435036,7.7434168],[8.5433856,7.7433942],[8.5433085,7.7434068],[8.5432709,7.7434215],[8.5432709,7.7434507],[8.5432789,7.7434999],[8.5432729,7.7435258],[8.5432515,7.7435384],[8.5432179,7.7435404],[8.543171,7.7435444],[8.5431227,7.7435729],[8.5430842,7.7436078],[8.5430563,7.7436371],[8.5430261,7.7436786],[8.5430101,7.7437055],[8.542997,7.7437291],[8.5429987,7.7437484],[8.543008,7.743769],[8.5430178,7.7437819],[8.5430862,7.7438224],[8.5431354,7.7438454],[8.5431636,7.7438593],[8.5431757,7.7438779],[8.543173,7.7438985],[8.5431616,7.7439158],[8.5431502,7.7439244],[8.543113,7.7439351],[8.5430422,7.743961],[8.5429202,7.7439962],[8.5426594,7.7441052],[8.5417561,7.7448128],[8.5416408,7.7448925],[8.5413364,7.7451357],[8.541221,7.7452686],[8.5410862,7.7453736],[8.5410634,7.7453981],[8.5410004,7.7454752],[8.5408422,7.7456167],[8.5406524,7.7457716],[8.5405941,7.745834],[8.5405578,7.7458872],[8.540525,7.7459257],[8.5403835,7.7460327],[8.5402869,7.7461157],[8.5402152,7.7461789],[8.5401904,7.7462021],[8.5401501,7.7462154],[8.5401079,7.7462207],[8.540065,7.746222],[8.5400261,7.7462141],[8.5399973,7.7462074],[8.5399684,7.7462061],[8.5399282,7.7462227],[8.5398813,7.7462533],[8.539833,7.7462825],[8.5397257,7.746329],[8.5397062,7.7463456],[8.5396814,7.7463755],[8.5396459,7.7464606],[8.5396077,7.7464971],[8.5395815,7.7465177],[8.5395567,7.7465423],[8.5395534,7.7465735],[8.5395735,7.7466194],[8.5395943,7.7466626],[8.5396003,7.7466898],[8.5395855,7.7467277],[8.5395668,7.7467622],[8.5395433,7.7467981],[8.5394239,7.7469263],[8.5392201,7.7471157],[8.5390813,7.7472665],[8.5390417,7.747323],[8.5389881,7.7473728],[8.5387393,7.7475609],[8.5385402,7.7477316],[8.5383772,7.7478725],[8.5379514,7.7482339],[8.5376074,7.748501],[8.5374579,7.7486412],[8.537356,7.748723],[8.5372487,7.7487994],[8.5371333,7.7488625],[8.5368832,7.7489861],[8.5367122,7.7490831],[8.5365131,7.7491548],[8.5364983,7.7491834],[8.5364145,7.7492545],[8.5363743,7.7492778],[8.5363253,7.7492917],[8.5362744,7.749303],[8.536218,7.7493083],[8.5361677,7.7493236],[8.5361362,7.7493489],[8.5361134,7.7493861],[8.5360725,7.7494073],[8.5360216,7.7494047],[8.5359813,7.749408],[8.5359082,7.7494419],[8.5357855,7.7494784],[8.5355488,7.7495442],[8.5354456,7.7495708],[8.5353617,7.7495748],[8.5352652,7.7495734],[8.5351284,7.7495542],[8.5350714,7.7495395],[8.5350265,7.7495302],[8.534891,7.7495269],[8.5348132,7.7495176],[8.5346442,7.7495223],[8.5345598,7.7495402],[8.5344813,7.7495655],[8.5343888,7.7496047],[8.5343512,7.7496319],[8.5343217,7.7496711],[8.5342889,7.7496983],[8.5342446,7.7497189],[8.5342057,7.7497336],[8.5341534,7.7497409],[8.5340112,7.7497469],[8.5339294,7.7497927],[8.5338818,7.7498213],[8.5338429,7.7498246],[8.5337222,7.7498372],[8.5335184,7.7498399],[8.5332408,7.7498558],[8.5331355,7.7498718],[8.5331147,7.7498804],[8.533106,7.7498917],[8.5331107,7.7499043],[8.5331208,7.7499156],[8.533275,7.7499502],[8.5333762,7.7499561],[8.5335657,7.7499551],[8.5336139,7.7499548],[8.5336475,7.7499542],[8.5336626,7.7499608],[8.5336693,7.7499731],[8.5336673,7.7499917],[8.5336605,7.750007],[8.5336391,7.7500216],[8.5335486,7.7500708],[8.533456,7.7501259],[8.5334128,7.7501515],[8.5332991,7.750196],[8.5331663,7.7502485],[8.532986,7.7502797],[8.532872,7.750295],[8.53276,7.750299],[8.5326956,7.750287],[8.5326232,7.7502571],[8.5325541,7.7502332],[8.5324596,7.7502405],[8.5322799,7.750289],[8.5322155,7.7503229],[8.5321706,7.75038],[8.5321324,7.7504425],[8.5321411,7.7505036],[8.532131,7.7505495],[8.5320995,7.7505747],[8.5320479,7.7505993],[8.5319258,7.7506219],[8.5314068,7.7507648],[8.5310823,7.7508312],[8.5306706,7.7509501],[8.5304117,7.7510418],[8.5301328,7.7511468],[8.5298438,7.7512126],[8.5295957,7.7512943],[8.5294381,7.7513634],[8.529192,7.7514657],[8.5290009,7.7515607],[8.528842,7.7516225],[8.5286321,7.7516863],[8.5284282,7.7517355],[8.5282271,7.7517594],[8.5280956,7.751776],[8.527936,7.7517966],[8.5278556,7.7518079],[8.5277295,7.7518159],[8.527643,7.7518385],[8.5274217,7.7519003],[8.5271113,7.7519508],[8.526725,7.7519753],[8.5265379,7.7519634],[8.5264541,7.751972],[8.5263737,7.7519933],[8.52632,7.7520325],[8.526253,7.7520677],[8.5261611,7.752073],[8.5259552,7.7520504],[8.5258721,7.7520305],[8.5257098,7.7520441],[8.5255841,7.7520507],[8.5254386,7.7520597],[8.5253343,7.75208],[8.5252612,7.7521092],[8.5251727,7.7520973],[8.5251281,7.7520836],[8.525045,7.7520703],[8.5249722,7.7520713],[8.524931,7.752067],[8.5248713,7.7520335],[8.5248394,7.7520105],[8.5247435,7.751962],[8.5246983,7.7519335],[8.5246195,7.7519152],[8.524542,7.7519282],[8.5245109,7.7519511],[8.5244693,7.751977],[8.5244294,7.7519969],[8.5243932,7.7519983],[8.5243459,7.7519956],[8.5242926,7.7519956],[8.5242691,7.7520046],[8.5242473,7.7520185],[8.5242222,7.7520238],[8.5242011,7.7520275],[8.524191,7.7520208],[8.5241903,7.7520152],[8.5242001,7.7519979],[8.5242094,7.751982],[8.5242084,7.7519454],[8.5241856,7.7519086],[8.5241649,7.7518946],[8.5241367,7.7518856],[8.5240837,7.7518763],[8.5240378,7.7518853],[8.5240267,7.7519036],[8.5239885,7.7519581],[8.5239543,7.7519906],[8.5239174,7.7520132],[8.5238728,7.7520341],[8.523794,7.7520571],[8.523731,7.7520713],[8.5237083,7.7520743],[8.5236912,7.7520724],[8.5236853,7.752071],[8.5236831,7.7520672],[8.5236824,7.7520597],[8.5236898,7.7520501],[8.5237065,7.7520381],[8.5237263,7.7520222],[8.5237421,7.75199],[8.5237551,7.7519315],[8.5237518,7.7519155],[8.5237391,7.7519046],[8.5237203,7.7519026],[8.5236894,7.7519106],[8.5236173,7.7519355],[8.5235811,7.7519574],[8.5235567,7.751987],[8.5235392,7.7520218],[8.5235292,7.7520338],[8.5235057,7.7520404],[8.5234313,7.7520431],[8.5233488,7.7520358],[8.5232576,7.7520517],[8.5230014,7.7520697],[8.5229304,7.7520843],[8.5228727,7.7521076],[8.5228405,7.7521487],[8.5228097,7.7521986],[8.5227771,7.7522358],[8.5227597,7.7522368],[8.5227376,7.7522461],[8.5227165,7.7522617],[8.5227004,7.752265],[8.522692,7.7522554],[8.5226893,7.7522384],[8.5226735,7.7522242],[8.5226481,7.7522205],[8.5226222,7.7522232],[8.5225951,7.7522338],[8.5225827,7.7522487],[8.522573,7.7522667],[8.5225673,7.7522982],[8.5225716,7.7523521],[8.522572,7.7523687],[8.5225642,7.7523786],[8.5225482,7.7523826],[8.5225334,7.7523806],[8.522526,7.752373],[8.5225129,7.752359],[8.5224741,7.7523255],[8.5224503,7.7523228],[8.5224395,7.7523268],[8.5224187,7.7523391],[8.5224,7.752357],[8.5223775,7.7523627],[8.5223627,7.7523617],[8.522345,7.7523574],[8.5222739,7.7523474],[8.5221807,7.7523361],[8.5221566,7.7523341],[8.5221237,7.7523374],[8.5220781,7.7523673],[8.5220392,7.7523959],[8.522001,7.7524125],[8.5219373,7.7524139],[8.5218387,7.7524311],[8.5216275,7.7525095],[8.5213472,7.7526258],[8.5211011,7.7527361],[8.5206471,7.7530025],[8.5202461,7.7532357],[8.5199592,7.7534437],[8.5198271,7.7535168],[8.5196024,7.7536606],[8.5195065,7.7537261],[8.5194945,7.7537464],[8.5194945,7.7537626],[8.5195059,7.7537766],[8.5195394,7.7538048],[8.5195753,7.7538321],[8.5195964,7.7538586],[8.5196158,7.7538945],[8.5196155,7.7539098],[8.5196101,7.7539234],[8.5195957,7.753935],[8.5195729,7.7539493],[8.5195515,7.7539679],[8.519524,7.7539772],[8.5194968,7.7539749],[8.5194676,7.7539676],[8.5194261,7.753953],[8.519359,7.753954],[8.5192168,7.7539746],[8.5190673,7.754043],[8.5188179,7.7542071],[8.5185061,7.7544496],[8.5182439,7.7546503],[8.5179052,7.754922],[8.5176048,7.7551513],[8.5173239,7.7553546],[8.517049,7.7555513],[8.51675,7.75575],[8.5163422,7.7560761],[8.5161705,7.7562017],[8.5160431,7.7562622],[8.51596,7.7563319],[8.51585,7.7564442],[8.5155939,7.75672],[8.5153129,7.7570655],[8.5150427,7.7574395],[8.5148471,7.757745],[8.5146075,7.7581943],[8.5144471,7.7585342],[8.5141629,7.7591165],[8.5140623,7.759268],[8.5136412,7.759846],[8.5134266,7.7601224],[8.5128862,7.7608785],[8.5125764,7.7613875],[8.5123251,7.7618297],[8.5120453,7.7623681],[8.5116778,7.7630006],[8.5114405,7.7633581],[8.5111427,7.763879],[8.5108235,7.7643494],[8.5103998,7.7649606],[8.5100833,7.7654483],[8.5097037,7.7659546],[8.5094087,7.7663838],[8.509056,7.7668236],[8.5086322,7.7673498],[8.5084055,7.7676089],[8.5082996,7.7677126],[8.5081869,7.7678229],[8.5081105,7.7679252],[8.5077645,7.7683584],[8.5073219,7.7689484],[8.506811,7.7696181],[8.5063282,7.770232],[8.5058936,7.7707422],[8.5055195,7.7711409],[8.5051976,7.7715169],[8.5049602,7.7717468],[8.5047014,7.7720072],[8.5045458,7.772168],[8.5044225,7.7722478],[8.5041891,7.7724325],[8.5038538,7.7727181],[8.5032356,7.773235],[8.5026026,7.7737573],[8.5021493,7.7741506],[8.5015344,7.7746615],[8.5012615,7.7748934],[8.5010194,7.7750801],[8.5008565,7.7751691],[8.5006405,7.7753186],[8.500497,7.7754342],[8.5004521,7.775472],[8.5004246,7.7755019],[8.5004032,7.7755458],[8.5003844,7.7755876],[8.5003589,7.7756169],[8.500316,7.7756468],[8.5001792,7.7757398],[8.4998862,7.7760401],[8.4997366,7.7761896],[8.4995086,7.7764434],[8.4993189,7.7766394],[8.4989521,7.7770367],[8.4988314,7.7772041],[8.4987214,7.7773795],[8.498586,7.7775735],[8.4983359,7.7779409],[8.4981427,7.7781834],[8.4977639,7.7785648],[8.4973682,7.7789567],[8.4967956,7.7793633],[8.4966132,7.7794803],[8.4960137,7.7798018],[8.49572,7.7799334],[8.495541,7.7800045],[8.4954297,7.780033],[8.4953056,7.7800503],[8.4952366,7.7800423],[8.495138,7.7800244],[8.495022,7.7800277],[8.494908,7.7800443],[8.4946351,7.7801128],[8.4943628,7.7801692],[8.4942334,7.7801885],[8.4941744,7.7801812],[8.4941201,7.7801606],[8.4940269,7.7801154],[8.4939565,7.7800955],[8.4938867,7.7800875],[8.4937674,7.7800862],[8.4935273,7.7800902],[8.493412,7.7800915],[8.4933161,7.7800875],[8.4932383,7.7800643],[8.4931612,7.7800536],[8.4930908,7.7800516],[8.4929346,7.7800789],[8.4928011,7.7800789],[8.4925812,7.7800663],[8.4924001,7.7800324],[8.4922566,7.7800058],[8.4922218,7.7799952],[8.4921923,7.7799699],[8.4921698,7.779953],[8.4921547,7.779941],[8.4921272,7.7799257],[8.4920534,7.7799128],[8.4920253,7.7799118],[8.4920125,7.7799211],[8.4920119,7.7799337],[8.4920266,7.7799556],[8.4920253,7.7799736],[8.4920146,7.7799822],[8.4919954,7.7799852],[8.491972,7.7799802],[8.4917705,7.7799653],[8.4914017,7.7799905],[8.4911455,7.7799334],[8.4909457,7.7798789],[8.4908143,7.7798537],[8.4905876,7.7797739],[8.4903435,7.7796969],[8.490086,7.7795852],[8.4899721,7.7795321],[8.4898581,7.7794497],[8.4896301,7.7792996],[8.4894979,7.7791891],[8.4894292,7.7791477],[8.4893696,7.7791119],[8.4893458,7.77907],[8.4893089,7.7789936],[8.4892747,7.7789763],[8.4892086,7.7789385],[8.4891694,7.7788963],[8.4891416,7.7788677],[8.4891117,7.77888],[8.4890946,7.7789086],[8.4890893,7.7789614],[8.489097,7.778979],[8.4890936,7.7790414],[8.4890715,7.7790644],[8.4890326,7.779071],[8.4890018,7.779066],[8.4889535,7.7790375],[8.4888844,7.7789959],[8.4887929,7.7788943],[8.4887164,7.7788667],[8.4886863,7.7788747],[8.4886078,7.7788787],[8.4884895,7.7788577],[8.488297,7.7788259],[8.4882454,7.7788152],[8.4881535,7.7788172],[8.4880811,7.7788212],[8.488004,7.7788053],[8.4879376,7.7787813],[8.4877767,7.7787083],[8.4877331,7.7786843],[8.4876727,7.7786664],[8.4875936,7.7786644],[8.4875346,7.7786392],[8.4873489,7.7785461],[8.487092,7.778392],[8.4868493,7.7781203],[8.4867125,7.7779376],[8.4866662,7.7778931],[8.4866032,7.7778738],[8.4865315,7.7778658],[8.4864356,7.7778545],[8.4862994,7.777828],[8.486172,7.7778187],[8.4860634,7.7777881],[8.4859018,7.7777276],[8.4858354,7.7776838],[8.4857375,7.7776499],[8.4856363,7.7776227],[8.4855276,7.7776054],[8.485364,7.7774951],[8.4853097,7.7774612],[8.4852722,7.77744],[8.4852279,7.7774333],[8.4851716,7.7774419],[8.4851441,7.777436],[8.4850824,7.7774207],[8.4849986,7.7773974],[8.4848383,7.7773303],[8.4846734,7.7772533],[8.4844561,7.7771416],[8.4841651,7.7769888],[8.4838754,7.7768347],[8.4834543,7.7766699],[8.4830171,7.7765371],[8.4826496,7.7764361],[8.4822392,7.7763058],[8.4817189,7.7761092],[8.481456,7.7759923],[8.4810671,7.775785],[8.4804088,7.7755372],[8.4797381,7.775207],[8.4796556,7.7751618],[8.4794705,7.7750615],[8.4794223,7.7750156],[8.4793854,7.7749817],[8.4792949,7.7749518],[8.4791929,7.774898],[8.4784707,7.7744841],[8.4779692,7.7742223],[8.4776674,7.7740762],[8.4774797,7.7739725],[8.4773221,7.7738775],[8.4771954,7.7737898],[8.4770445,7.7737008],[8.4770022,7.7736629],[8.4769573,7.7736204],[8.4769271,7.7735838],[8.476903,7.7735486],[8.4768614,7.773526],[8.4767937,7.7735081],[8.4765147,7.7733726],[8.4763726,7.7732995],[8.4762096,7.7731925],[8.4759937,7.7730636],[8.4759749,7.773041],[8.475932,7.7729939],[8.4758683,7.77295],[8.4757671,7.7728842],[8.4754177,7.7726976],[8.4753714,7.772665],[8.4753393,7.7726225],[8.4752863,7.772576],[8.4751931,7.7725255],[8.4745802,7.7721043],[8.4741376,7.7718438],[8.4740478,7.7718039],[8.4739807,7.7717521],[8.4739123,7.7717056],[8.4737769,7.7716458],[8.4736294,7.7715913],[8.4734939,7.7714824],[8.4732391,7.7713003],[8.4728958,7.7710505],[8.4725632,7.7708007],[8.4721367,7.7705602],[8.4717062,7.770236],[8.4711148,7.7698054],[8.4707768,7.7695636],[8.4703383,7.7693098],[8.4698448,7.7690268],[8.4694009,7.7688115],[8.4690857,7.7686773],[8.4689033,7.7685936],[8.4687236,7.768486],[8.4683695,7.7683092],[8.4680665,7.7681777],[8.4678707,7.7680687],[8.4676306,7.7679106],[8.4671585,7.7676435],[8.4667227,7.7674389],[8.4662251,7.7672688],[8.4658335,7.7670987],[8.4653319,7.766914],[8.4649631,7.7667253],[8.4647928,7.7666163],[8.4646279,7.7665167],[8.4645273,7.7664502],[8.4642604,7.7663399],[8.4636234,7.7660941],[8.4632063,7.7659626],[8.4618638,7.7655945],[8.4605871,7.765245],[8.4600574,7.7651307],[8.4594002,7.7650204],[8.4588155,7.7649327],[8.4586418,7.7648902],[8.4585842,7.7648663],[8.458552,7.7648298],[8.4585292,7.7648045],[8.4585024,7.7647985],[8.4584387,7.7648065],[8.458387,7.7648095],[8.4583451,7.7648045],[8.4583146,7.7647969],[8.4582854,7.7647753],[8.4582714,7.7647514],[8.4582616,7.7647387],[8.4582476,7.7647354],[8.4582201,7.7647397],[8.4581879,7.764759],[8.4581644,7.7647876],[8.4581476,7.7647955],[8.4581094,7.7647939],[8.4580658,7.7647879],[8.4579767,7.764762],[8.4578915,7.7647294],[8.4578399,7.7647181],[8.4577896,7.7647148],[8.4577011,7.7647022],[8.4573953,7.7646417],[8.457178,7.7645932],[8.4570023,7.7645613],[8.4569413,7.7645447],[8.4568213,7.7645049],[8.4567717,7.7644936],[8.4565839,7.7644663],[8.4564237,7.7644378],[8.4562745,7.7644128],[8.4562466,7.7644015],[8.4562349,7.7643899],[8.4562248,7.7643773],[8.4562138,7.7643733],[8.4562064,7.764375],[8.4561876,7.7643889],[8.4561645,7.7643909],[8.4560994,7.7643849],[8.4560106,7.7643819],[8.4558704,7.7643946],[8.4557055,7.7643999],[8.4554976,7.7644039],[8.4554078,7.7644265],[8.45525,7.7645],[8.4542719,7.764962],[8.4537937,7.7651633],[8.4536623,7.7652244],[8.4532238,7.7654383],[8.4531031,7.7655008],[8.452572,7.7657965],[8.4520959,7.766041],[8.4517479,7.7662483],[8.4516319,7.76632],[8.4513375,7.7664582],[8.451257,7.7664947],[8.4500702,7.7671379],[8.4495907,7.7673943],[8.4491938,7.7676129],[8.4489242,7.7677485],[8.4486224,7.767874],[8.4483247,7.7680029],[8.4482718,7.7680282],[8.4480377,7.7681378],[8.4478486,7.7682448],[8.4477253,7.7683165],[8.4473497,7.768575],[8.4470688,7.7687683],[8.446816,7.768947],[8.4467597,7.7689862],[8.4465585,7.7690979],[8.446238,7.7692952],[8.4461381,7.769365],[8.4460495,7.769434],[8.4459496,7.7694792],[8.4458879,7.7695078],[8.4458202,7.7695503],[8.4455708,7.7697284],[8.4452335,7.7699277],[8.4449746,7.770042],[8.444921,7.7700699],[8.4447406,7.7701835],[8.4444295,7.7703669],[8.4441928,7.7704805],[8.4439071,7.7706027],[8.4435102,7.7707901],[8.4431735,7.7709628],[8.4429965,7.7710499],[8.4428725,7.7710937],[8.4428114,7.7711243],[8.4427652,7.7711522],[8.4426203,7.7712445],[8.4424306,7.7713442],[8.4423286,7.7714013],[8.4421724,7.7714684],[8.4418613,7.7716053],[8.4417178,7.7716697],[8.441467,7.7718073],[8.4410948,7.7719607],[8.4407897,7.7720876],[8.440661,7.7721428],[8.4404887,7.7722125],[8.4404196,7.7722491],[8.4403203,7.7723102],[8.4400924,7.7724564],[8.4398134,7.7726145],[8.4394526,7.7727779],[8.4390966,7.772952],[8.4387808,7.7730663],[8.438361,7.7732071],[8.4380867,7.7733075],[8.4377521,7.7734503],[8.4374866,7.7735686],[8.4373699,7.7736118],[8.4372707,7.773627],[8.4372278,7.7736363],[8.4371245,7.7736722],[8.4369756,7.7737181],[8.4368864,7.7737333],[8.4368476,7.773742],[8.4367289,7.7737998],[8.4364747,7.7738858],[8.4363477,7.7739031],[8.4363004,7.7739044],[8.436243,7.7738898],[8.4361515,7.7738546],[8.4361277,7.7738546],[8.4361146,7.7738589],[8.4360395,7.7738968],[8.435778,7.7740004],[8.4355983,7.7741107],[8.435424,7.7742031],[8.4352956,7.7742658],[8.435086,7.7743476],[8.4350324,7.7743632],[8.4350183,7.7743692],[8.4350055,7.7743788],[8.4349884,7.7743981],[8.4349727,7.7744067],[8.4348795,7.7744316],[8.434805,7.7744569],[8.4346139,7.7745472],[8.4344745,7.7745937],[8.4342109,7.7746834],[8.434172,7.7746967],[8.4341379,7.7747186],[8.4340869,7.7747558],[8.4340138,7.7747857],[8.4338515,7.7748249],[8.4338106,7.7748349],[8.4334626,7.7749346],[8.4333439,7.7749631],[8.4331501,7.7750056],[8.4330596,7.7750249],[8.4329986,7.7750448],[8.4325741,7.7751724],[8.4322563,7.775282],[8.4321544,7.7753013],[8.4320477,7.7753079],[8.4320055,7.7753152],[8.4317031,7.7754036],[8.4313162,7.7754833],[8.4312847,7.7754946],[8.431176,7.7755538],[8.431062,7.7756175],[8.4309319,7.7756601],[8.4307442,7.775682],[8.4307053,7.7756787],[8.4306342,7.7756846],[8.4303244,7.7757212],[8.430197,7.7757365],[8.43013,7.7757471],[8.4300388,7.775777],[8.429969,7.7757983],[8.4298725,7.7758076],[8.4298262,7.7758195],[8.4297015,7.7758713],[8.4296364,7.7758873],[8.4296083,7.7758926],[8.4295821,7.7759082],[8.4294681,7.7759976],[8.4294266,7.7760168],[8.4293863,7.7760208],[8.4292314,7.7760142],[8.4292106,7.7760168],[8.4291892,7.7760261],[8.4290705,7.7760753],[8.4289491,7.7760986],[8.4288432,7.7761285],[8.4285045,7.7762381],[8.4283604,7.7762686],[8.4283101,7.7762846],[8.4282631,7.7762926],[8.428062,7.7762919],[8.4279782,7.7763032],[8.4279487,7.7763085],[8.4277716,7.7763191],[8.4276851,7.7763338],[8.4276563,7.7763431],[8.4275745,7.7763763],[8.4275061,7.7763882],[8.4273767,7.7763862],[8.4273103,7.7763889],[8.4271105,7.7764068],[8.4266236,7.776452],[8.4261817,7.7764653],[8.4256715,7.7764587],[8.4254213,7.7764361],[8.4251652,7.7764035],[8.4250633,7.7763955],[8.4249111,7.7764075],[8.4248172,7.7764068],[8.4247387,7.7763969],[8.4246013,7.7763809],[8.4245054,7.7763882],[8.4244397,7.7764015],[8.4242056,7.77645],[8.4237859,7.7765789],[8.4236041,7.7766208],[8.4235042,7.7766327],[8.4234687,7.776642],[8.4233943,7.7766699],[8.4233057,7.7766965],[8.422996,7.7767397],[8.4227311,7.7767995],[8.4225909,7.7768453],[8.4224964,7.7768772],[8.422371,7.7769011],[8.4220263,7.7769742],[8.4218252,7.7770207],[8.421565,7.7770632],[8.4213893,7.7771124],[8.4208958,7.7772692],[8.4200227,7.7775004],[8.419548,7.77762],[8.4191873,7.7776825],[8.4189789,7.7781931],[8.4190817,7.7795294],[8.4193558,7.7806829],[8.4197099,7.7816195],[8.4200601,7.7826455],[8.4192073,7.7847623],[8.418543,7.7856417],[8.4174465,7.7881392],[8.4169449,7.7898829],[8.4161835,7.790454],[8.4154697,7.7920482],[8.4153078,7.7930733],[8.415719,7.7938842],[8.4155705,7.7946494],[8.4154247,7.7961614],[8.415362,7.7972408],[8.4155909,7.797591],[8.415693,7.7984647],[8.4157901,7.7995026],[8.4157593,7.7999577],[8.4188608,7.8006476],[8.4201652,7.800612],[8.4206772,7.8007918],[8.4208007,7.8057582],[8.4199383,7.8069798],[8.4197836,7.8106538],[8.4228312,7.8143159],[8.4287527,7.8159133]]]]}},{"type":"Feature","properties":{"kind":"water","id":"water:makurdi","localUnitId":"makurdi","name":"Mapped water in Makurdi"},"geometry":{"type":"MultiPolygon","coordinates":[[[[8.5911636,7.7265776],[8.5912519,7.7266],[8.5913565,7.7266292],[8.5913782,7.7266069],[8.591504,7.7265681],[8.5916062,7.7265564],[8.5916437,7.7265776],[8.5916679,7.7266574],[8.5916971,7.726693],[8.5917162,7.7266972],[8.5917591,7.7266707],[8.5917564,7.7266175],[8.5917349,7.7265697],[8.5917508,7.7265388],[8.5917993,7.7265271],[8.5919576,7.7265138],[8.5924964,7.7265229],[8.5926093,7.7265404],[8.5926791,7.7265511],[8.5927888,7.7265468],[8.5928722,7.7265245],[8.5929151,7.7264979],[8.5929578,7.7264352],[8.5930263,7.7263981],[8.5930946,7.7263926],[8.5931965,7.7263528],[8.5931965,7.7262996],[8.5931833,7.7262613],[8.5930546,7.726256],[8.5927032,7.7262879],[8.5925798,7.7262879],[8.5924779,7.7262799],[8.592384,7.7262613],[8.5922124,7.7262454],[8.5921534,7.7262507],[8.5918986,7.726256],[8.5917591,7.726264],[8.5916303,7.7262401],[8.5914775,7.7262135],[8.5913353,7.7262135],[8.591177,7.7262162],[8.5909947,7.7262268],[8.5908766,7.7262162],[8.5907318,7.7261922],[8.5906859,7.7261827],[8.5906272,7.7262241],[8.5906162,7.7262916],[8.5906165,7.7263597],[8.5906165,7.7264208],[8.5906001,7.7264644],[8.5906084,7.7264979],[8.5906326,7.7265192],[8.5907208,7.7265335],[8.590761,7.726491],[8.5908042,7.7264899],[8.5908498,7.7265165],[8.5908659,7.726575],[8.5911636,7.7265776]]],[[[8.7151611,7.7657135],[8.7140262,7.7650619],[8.7140261,7.7650619],[8.7138426,7.7650829],[8.7127268,7.765136],[8.7099776,7.7650404],[8.7089422,7.7648543],[8.7079123,7.7647427],[8.7073222,7.7646125],[8.7066328,7.7644929],[8.7057209,7.7643813],[8.7046131,7.7641873],[8.7030897,7.7640305],[8.7026793,7.7639959],[8.7020597,7.7640198],[8.7016842,7.7640358],[8.7013516,7.7640863],[8.7010083,7.7641315],[8.700614,7.7642165],[8.7001795,7.7643388],[8.6992809,7.764562],[8.6988491,7.764663],[8.6983234,7.764772],[8.6981088,7.7648384],[8.6978352,7.7648783],[8.6974356,7.7649261],[8.6970976,7.764966],[8.6967623,7.765051],[8.6959147,7.7653301],[8.6954346,7.7654789],[8.6952013,7.7655427],[8.6949813,7.7656437],[8.6946514,7.7657473],[8.694351,7.7658191],[8.6940318,7.7658828],[8.6937636,7.7659333],[8.693541,7.7659626],[8.6932835,7.7659891],[8.6930153,7.7659785],[8.6926344,7.7659466],[8.6922267,7.7659068],[8.6914462,7.7658483],[8.6910117,7.7657686],[8.6905289,7.7656862],[8.6901534,7.765649],[8.6898556,7.7655719],[8.6896062,7.7654869],[8.6892334,7.7653327],[8.6889544,7.7652051],[8.6887184,7.7650802],[8.6884984,7.7649341],[8.6883107,7.7648012],[8.6881256,7.7646816],[8.6878949,7.7644876],[8.6872137,7.7638498],[8.686865,7.7635627],[8.686232,7.7630046],[8.685658,7.7624146],[8.6852074,7.7619363],[8.684274,7.760937],[8.6834425,7.7601131],[8.6827987,7.7594753],[8.6820155,7.7587099],[8.6810446,7.7577106],[8.6805457,7.7572269],[8.6796284,7.7561638],[8.6780405,7.7541972],[8.6776596,7.7536922],[8.677445,7.7532457],[8.6770534,7.7522996],[8.6764526,7.7506996],[8.6761039,7.7500724],[8.6756533,7.7490625],[8.675016,7.7476255],[8.6747386,7.7469974],[8.6746071,7.7467729],[8.6745107,7.7466014],[8.6744678,7.7465137],[8.6744544,7.7464818],[8.6744544,7.7464513],[8.6744732,7.7464234],[8.6745255,7.7464114],[8.6746301,7.7464313],[8.6748782,7.7464699],[8.6751866,7.7465004],[8.675825,7.7465323],[8.6761522,7.7465749],[8.6764848,7.7467024],[8.6768657,7.7467875],[8.6772358,7.7468353],[8.6775631,7.7468353],[8.6777615,7.74683],[8.6780459,7.7467609],[8.678695,7.7465323],[8.6790544,7.7463782],[8.6793548,7.7462506],[8.6795506,7.7461961],[8.6799717,7.7460433],[8.6823106,7.7444062],[8.6833084,7.7431092],[8.6841237,7.7426414],[8.6845514,7.7425761],[8.6852288,7.7425989],[8.6858476,7.7425285],[8.686998,7.7421135],[8.6887512,7.7415223],[8.6895874,7.7412594],[8.6900609,7.7412248],[8.6903921,7.741262],[8.6905477,7.7412832],[8.6906241,7.7413152],[8.6906911,7.7413445],[8.690785,7.7413736],[8.6908588,7.7413923],[8.6909232,7.7414228],[8.6909567,7.7414547],[8.691005,7.7415131],[8.6910626,7.7415823],[8.6911377,7.7416368],[8.6912799,7.7417085],[8.6913791,7.7417617],[8.6915883,7.7418122],[8.6917546,7.7418467],[8.6919424,7.74186],[8.6922213,7.7418707],[8.6937502,7.7420726],[8.6942893,7.7420806],[8.6945441,7.7421099],[8.6952147,7.7422241],[8.6957028,7.7423156],[8.6966198,7.7382429],[8.696653,7.7380955],[8.6952817,7.7381445],[8.6946595,7.7381445],[8.6943269,7.73807],[8.6938441,7.7379425],[8.6928141,7.7378255],[8.6906401,7.7374826],[8.6888552,7.7373259],[8.6866999,7.7371167],[8.6817634,7.7370707],[8.6760858,7.7375321],[8.6748787,7.7376495],[8.6736653,7.7378726],[8.6725,7.73825],[8.6694467,7.7394627],[8.6689666,7.7396461],[8.6684194,7.739864],[8.6678696,7.7401218],[8.6669898,7.7404248],[8.6663353,7.7405843],[8.6655307,7.7406747],[8.6651833,7.740676],[8.6650278,7.7407198],[8.6649714,7.7407278],[8.6649299,7.7407278],[8.6648239,7.7406627],[8.6647341,7.7406348],[8.6646469,7.7406374],[8.664553,7.7406667],[8.6644833,7.7406627],[8.6640809,7.7406242],[8.6637497,7.740563],[8.6635941,7.7405644],[8.6635123,7.7405843],[8.6634399,7.7405816],[8.6633956,7.7405644],[8.6633567,7.7405258],[8.6632951,7.7405019],[8.6631931,7.7405072],[8.6630644,7.7405099],[8.6627626,7.7404461],[8.6620653,7.7402654],[8.6611909,7.7400687],[8.6605826,7.7399004],[8.6601515,7.7398468],[8.6600389,7.7398414],[8.659941,7.7398321],[8.6595561,7.73967],[8.6593133,7.7395863],[8.6591524,7.7395517],[8.6588922,7.7395371],[8.6587889,7.7395119],[8.6587152,7.7394853],[8.6585274,7.7393817],[8.6582445,7.7392873],[8.6579548,7.7391518],[8.6577764,7.7390999],[8.657527,7.7390015],[8.6573419,7.7389391],[8.6569959,7.7388262],[8.6563172,7.7385684],[8.6560678,7.7385099],[8.6556615,7.7384422],[8.6546879,7.7382374],[8.6542171,7.7381338],[8.6537061,7.7380541],[8.6533695,7.7380249],[8.6528197,7.737997],[8.652353,7.7380089],[8.6515188,7.7380063],[8.6510601,7.7379797],[8.6508818,7.7379903],[8.6507758,7.7380036],[8.6506927,7.7380381],[8.6506176,7.7381072],[8.6504647,7.7383105],[8.6503708,7.7384195],[8.6502823,7.73847],[8.649876,7.7385896],[8.6498022,7.738593],[8.649766,7.738583],[8.6497378,7.7385478],[8.6496983,7.7385079],[8.6496218,7.7384753],[8.6494562,7.7384342],[8.6493945,7.7384275],[8.6492309,7.7384501],[8.6489949,7.7384342],[8.6486193,7.7384753],[8.6483901,7.7384515],[8.6481889,7.7384408],[8.6481097,7.7384468],[8.6479984,7.7384567],[8.6478938,7.7384747],[8.6477161,7.7385252],[8.6475941,7.7385498],[8.6474854,7.7385597],[8.6473668,7.7385411],[8.6471401,7.7384953],[8.6468115,7.7384992],[8.6465031,7.738563],[8.6460739,7.7385963],[8.6460042,7.7386202],[8.6459385,7.7386189],[8.6458996,7.7386029],[8.6458366,7.7385604],[8.6457668,7.7385351],[8.645559,7.7385524],[8.6454423,7.7385697],[8.6453833,7.7385856],[8.6452585,7.7386441],[8.6449246,7.7386641],[8.6445384,7.7386322],[8.6441655,7.7386162],[8.6437699,7.7385086],[8.6434467,7.7384687],[8.6432616,7.7384461],[8.642917,7.7384089],[8.6427212,7.7384195],[8.6425227,7.7384262],[8.6423711,7.7384235],[8.6422169,7.7383969],[8.6411172,7.7381126],[8.6398539,7.7377139],[8.6393577,7.7375438],[8.6389929,7.7374375],[8.6386845,7.7373844],[8.6384873,7.7373431],[8.6382271,7.7373165],[8.6380058,7.7372727],[8.6377001,7.7371983],[8.6374265,7.7371611],[8.6370885,7.737076],[8.6363912,7.7369989],[8.635726,7.7369591],[8.6346692,7.7368156],[8.6337733,7.736773],[8.6328936,7.7367146],[8.6313338,7.7365452],[8.6299581,7.736322],[8.6290151,7.7361883],[8.628653,7.7361405],[8.628433,7.7361166],[8.6279154,7.735989],[8.626982,7.7358295],[8.6265153,7.7357578],[8.6259493,7.7357445],[8.6249496,7.7357479],[8.6243407,7.7357427],[8.6238385,7.7357185],[8.6233358,7.7356524],[8.6225966,7.7356009],[8.6216094,7.7354956],[8.6207232,7.7352859],[8.6200243,7.7351252],[8.6193111,7.7349349],[8.6188567,7.7348313],[8.6184061,7.7347299],[8.6177592,7.7345623],[8.61714,7.7344432],[8.6166186,7.7343316],[8.615965,7.7342386],[8.6148648,7.7341426],[8.6139303,7.7341418],[8.6130622,7.7340683],[8.612044,7.7339431],[8.6113509,7.7338422],[8.610484,7.7337489],[8.6096583,7.7336826],[8.6090484,7.733701],[8.6080559,7.7338548],[8.6077147,7.7338829],[8.6074191,7.7339349],[8.6069995,7.7339557],[8.60673,7.7339358],[8.6065851,7.7339504],[8.6064161,7.733993],[8.6062324,7.7340262],[8.6060909,7.7340893],[8.6058283,7.7341229],[8.6054365,7.7340893],[8.60524,7.734088],[8.6051367,7.734092],[8.605071,7.7341112],[8.6049128,7.734187],[8.6048571,7.7341996],[8.6045701,7.7342149],[8.6043542,7.7342242],[8.6041892,7.7342182],[8.6040337,7.7342016],[8.6037648,7.7341777],[8.6036286,7.7341485],[8.6035019,7.7341385],[8.6034261,7.7341438],[8.6032967,7.7341677],[8.6032196,7.7342202],[8.6031713,7.7342488],[8.6031123,7.7342661],[8.603064,7.7342747],[8.6029346,7.7342813],[8.6027919,7.7343086],[8.602602,7.7343332],[8.6023767,7.7343372],[8.6021407,7.7343186],[8.6019905,7.7342787],[8.6017873,7.7342332],[8.6013722,7.7342441],[8.6010504,7.7342069],[8.6007942,7.7341697],[8.6005045,7.7341604],[8.6004435,7.7341398],[8.6003852,7.7341179],[8.6003262,7.7340893],[8.6002732,7.734084],[8.6002062,7.7340887],[8.6001371,7.734074],[8.5999292,7.7340069],[8.599716,7.7339232],[8.5990012,7.7335877],[8.5987973,7.7335033],[8.5983078,7.733274],[8.5978787,7.73309],[8.5976118,7.7329365],[8.5970244,7.7325976],[8.5966596,7.7324009],[8.5964236,7.7322521],[8.5962573,7.7321564],[8.5960863,7.7320255],[8.5960139,7.7319883],[8.595985,7.7319637],[8.5959502,7.7319272],[8.5959025,7.7318946],[8.5958362,7.7318627],[8.5957476,7.7318335],[8.5956296,7.7317783],[8.595297,7.7315863],[8.5949872,7.7314003],[8.5943965,7.7310707],[8.5941537,7.7309478],[8.5939982,7.730872],[8.5938252,7.7308069],[8.5937984,7.7307983],[8.5937588,7.7307763],[8.5935545,7.7306483],[8.5932679,7.7304541],[8.5931137,7.7303624],[8.5930078,7.730292],[8.5927831,7.730173],[8.5925706,7.7300873],[8.5923875,7.7300401],[8.5922487,7.7299783],[8.591717,7.7297438],[8.5915259,7.7296434],[8.5913562,7.7295387],[8.591097,7.7292814],[8.590938,7.7291699],[8.5908199,7.7290739],[8.590713,7.7289933],[8.5905526,7.7288838],[8.5903921,7.7287857],[8.5902053,7.7287081],[8.589891,7.7285976],[8.5896684,7.7285258],[8.5894378,7.7284939],[8.5892165,7.728482],[8.5888839,7.7284501],[8.5888141,7.7284301],[8.5887524,7.7284049],[8.5887136,7.7283624],[8.5885574,7.7282511],[8.5883791,7.728156],[8.5881991,7.7280322],[8.5879297,7.7278653],[8.5878251,7.7278022],[8.5875736,7.7276786],[8.5873792,7.7276042],[8.5872055,7.7275517],[8.5869943,7.7275125],[8.5869453,7.7275019],[8.5869084,7.7274959],[8.5868642,7.7274999],[8.5868018,7.7275198],[8.5867381,7.7275192],[8.5866751,7.7275052],[8.5865483,7.7274687],[8.586325,7.7274354],[8.5862251,7.7274348],[8.5860957,7.7274501],[8.5860112,7.7274673],[8.5859261,7.7274839],[8.5858463,7.7274866],[8.5857088,7.7275165],[8.5856659,7.7275231],[8.5856317,7.7275185],[8.5855901,7.7275032],[8.5855539,7.7274693],[8.5854936,7.7274534],[8.5853836,7.7274693],[8.5852508,7.7274866],[8.58511,7.7274986],[8.5848713,7.7274746],[8.5846822,7.7274786],[8.5843147,7.7275092],[8.5840613,7.7275158],[8.5837729,7.7275251],[8.5836817,7.7275305],[8.5836039,7.727561],[8.5834014,7.7275717],[8.5831895,7.7275982],[8.5830125,7.7275889],[8.5827912,7.7276328],[8.5827188,7.7276594],[8.5825351,7.7276833],[8.5823044,7.7277192],[8.5820107,7.7278055],[8.5818712,7.7278461],[8.5817747,7.7278614],[8.5816553,7.7278693],[8.5815571,7.7278992],[8.5814699,7.7279278],[8.581435,7.7279431],[8.5814193,7.7279434],[8.5814109,7.7279384],[8.5814052,7.7279258],[8.5814099,7.7279102],[8.581422,7.7278949],[8.5814236,7.7278793],[8.5814149,7.7278707],[8.5813814,7.727867],[8.5813412,7.7278727],[8.5810813,7.7279065],[8.5806938,7.727961],[8.5805248,7.7279969],[8.5803223,7.7280049],[8.5800822,7.7280434],[8.5800031,7.728082],[8.5799213,7.7280899],[8.5798006,7.7280766],[8.5795679,7.7280939],[8.579411,7.7281158],[8.5792346,7.7281511],[8.579118,7.728179],[8.5790261,7.7282242],[8.5789704,7.7282494],[8.5789349,7.7282561],[8.5788551,7.7282554],[8.5787605,7.728272],[8.5786191,7.7283278],[8.5785782,7.7283411],[8.5785312,7.7283557],[8.5784896,7.7283597],[8.578377,7.728365],[8.5780806,7.7284401],[8.5779405,7.7284793],[8.5778627,7.7285099],[8.5777849,7.7285644],[8.5777554,7.7285777],[8.5777212,7.7285743],[8.5776763,7.728567],[8.5775482,7.7285883],[8.5773866,7.7285989],[8.5771915,7.7286494],[8.5770775,7.7286946],[8.5770158,7.7287112],[8.5769507,7.7287099],[8.5768273,7.7287019],[8.5767811,7.7287085],[8.5766946,7.7287404],[8.5764089,7.7288208],[8.5763378,7.7288275],[8.5762547,7.7288208],[8.5761407,7.7288076],[8.5759556,7.7288315],[8.5754997,7.7289351],[8.5747191,7.7289936],[8.5737334,7.7291225],[8.5734753,7.7291411],[8.5731078,7.7291976],[8.5725928,7.7292806],[8.5724111,7.7293052],[8.5721509,7.7293664],[8.5718418,7.7294634],[8.5716353,7.7295179],[8.5715099,7.7295418],[8.5712269,7.7296328],[8.5706824,7.7297843],[8.5704933,7.7298621],[8.5703672,7.7299378],[8.5703126,7.7299541],[8.5702268,7.7299667],[8.5701406,7.7299687],[8.5700769,7.7299624],[8.5700092,7.7299707],[8.5699575,7.7299843],[8.5698831,7.7300135],[8.5697986,7.7300262],[8.569584,7.7300488],[8.5691006,7.7301704],[8.5687686,7.7302601],[8.5684341,7.7303618],[8.5679251,7.7305212],[8.5676073,7.7306262],[8.5674169,7.7307208],[8.5673471,7.7307551],[8.5656922,7.7314202],[8.5654642,7.7315358],[8.5649559,7.7317298],[8.5645643,7.7318601],[8.5642008,7.7320063],[8.5637422,7.7322122],[8.5636148,7.7322787],[8.563529,7.7323119],[8.5634471,7.7323239],[8.5632862,7.7323651],[8.5627287,7.7325859],[8.5626391,7.7326109],[8.5625627,7.7326362],[8.5623032,7.7326661],[8.5620839,7.7326833],[8.5619491,7.73269],[8.561758,7.7327172],[8.5616286,7.7327445],[8.5614576,7.732789],[8.5613031,7.7328518],[8.5612608,7.7328667],[8.561234,7.732896],[8.5612196,7.7329413],[8.5612149,7.7329475],[8.561209,7.7329476],[8.5612028,7.7329448],[8.5611931,7.7329348],[8.5611723,7.7329232],[8.5611354,7.7329166],[8.5610824,7.7329292],[8.5610238,7.7329644],[8.5609312,7.7330109],[8.5605383,7.7331651],[8.5602795,7.7332421],[8.559857,7.7333365],[8.5593953,7.7334869],[8.5592884,7.7335079],[8.5591999,7.7335398],[8.5591181,7.7335677],[8.5590135,7.7335704],[8.5588847,7.7335571],[8.5585615,7.7335584],[8.5580264,7.7335823],[8.5575463,7.733593],[8.5571198,7.7336315],[8.5568221,7.7336514],[8.556688,7.7336714],[8.5565163,7.7336501],[8.556291,7.7336129],[8.5557948,7.733573],[8.5555091,7.7335637],[8.5554381,7.7335823],[8.5553777,7.7336129],[8.5553133,7.7336435],[8.5552074,7.7336302],[8.5550921,7.7335983],[8.5546891,7.7336055],[8.5544483,7.7336009],[8.554278,7.7335757],[8.554105,7.7335172],[8.55375,7.7335],[8.5533446,7.7335146],[8.5531032,7.7335385],[8.5528323,7.7335438],[8.5522301,7.7335983],[8.5518613,7.7335797],[8.5516521,7.7335956],[8.5510889,7.7336408],[8.5509065,7.7336501],[8.5507844,7.7337192],[8.5506959,7.7337617],[8.5506259,7.7337832],[8.5505833,7.7337963],[8.5504438,7.7337936],[8.5503338,7.7337604],[8.5502587,7.7337524],[8.5501622,7.7337657],[8.550071,7.7338122],[8.5500146,7.7338348],[8.549965,7.7338348],[8.5499302,7.7338149],[8.5498846,7.7337378],[8.5498376,7.7337152],[8.5497732,7.7337192],[8.5496861,7.7337617],[8.549615,7.7338215],[8.5495694,7.7339292],[8.5495211,7.7339956],[8.5494219,7.734086],[8.5493991,7.7341232],[8.5493548,7.7341857],[8.5492945,7.7342242],[8.5491617,7.7342614],[8.548923,7.7342986],[8.5485689,7.7343146],[8.548467,7.7343239],[8.548357,7.7343558],[8.5480593,7.734494],[8.54794,7.7345378],[8.5477857,7.7345963],[8.5476248,7.7346348],[8.5473244,7.7346282],[8.5472,7.7346308],[8.5471795,7.7346308],[8.5471537,7.7346249],[8.5471262,7.7346112],[8.5471001,7.7346009],[8.5470542,7.7345996],[8.5469905,7.7346285],[8.5469288,7.7346664],[8.546915,7.7346704],[8.5468852,7.734671],[8.5468553,7.7346691],[8.5468211,7.7346634],[8.546802,7.7346491],[8.5467715,7.7346421],[8.5467155,7.7346528],[8.5466709,7.7346664],[8.5466431,7.7346893],[8.5466237,7.7347282],[8.5466139,7.7347495],[8.5466002,7.7347607],[8.5465861,7.7347647],[8.5465663,7.7347644],[8.5465435,7.7347578],[8.5465063,7.7347637],[8.5464882,7.7347654],[8.5464587,7.734796],[8.5464312,7.7348049],[8.5464034,7.7348033],[8.5463725,7.7347966],[8.5463554,7.7347807],[8.5463253,7.7347717],[8.5463058,7.7347704],[8.5462254,7.734785],[8.5461201,7.7348083],[8.5458042,7.7349099],[8.5456594,7.7349524],[8.5453932,7.7350734],[8.5450821,7.7351604],[8.5449969,7.7352049],[8.5449614,7.7352568],[8.5449412,7.7353325],[8.5449198,7.7353784],[8.5448796,7.7354043],[8.5448232,7.7354189],[8.5447629,7.7354156],[8.5446321,7.7353903],[8.5444893,7.7353644],[8.5443465,7.7353837],[8.5441594,7.7354481],[8.5438496,7.7356262],[8.543513,7.7358089],[8.5434493,7.7358468],[8.543411,7.735864],[8.5433721,7.7358701],[8.5432407,7.7358947],[8.5429296,7.7360687],[8.5425031,7.7363504],[8.5423328,7.7364395],[8.5422094,7.7365445],[8.5421665,7.7366641],[8.5421544,7.73669],[8.5421367,7.7367036],[8.5421196,7.7367099],[8.5420857,7.7367063],[8.5420488,7.7366986],[8.5420203,7.7367049],[8.5419539,7.7367491],[8.5417662,7.73687],[8.5416059,7.7369614],[8.5415379,7.7370166],[8.5414651,7.737086],[8.5414021,7.7371611],[8.5413531,7.7372182],[8.5413219,7.7372338],[8.5412998,7.7372385],[8.541267,7.7372425],[8.5412341,7.7372481],[8.5412106,7.7372704],[8.5411838,7.7373269],[8.5411546,7.7373584],[8.5411117,7.7373896],[8.5407161,7.7376282],[8.5405364,7.737773],[8.5402702,7.737971],[8.5398886,7.7382973],[8.5396881,7.7384634],[8.5394494,7.7386062],[8.5393388,7.7387219],[8.5391933,7.7389145],[8.5390793,7.7391019],[8.5389961,7.739272],[8.5389485,7.7394082],[8.5389271,7.7394388],[8.5388848,7.7394627],[8.5388191,7.7394979],[8.5387816,7.7395471],[8.5387494,7.7396175],[8.5384597,7.7398979],[8.5384449,7.7399371],[8.5384409,7.7399537],[8.5384319,7.7399697],[8.5384181,7.7399813],[8.5383799,7.7400009],[8.5383283,7.7400328],[8.5382424,7.7401012],[8.5380667,7.7403245],[8.5380138,7.7404095],[8.5379085,7.7405006],[8.5378032,7.7405816],[8.5377295,7.7406521],[8.5375477,7.740874],[8.5373915,7.7410168],[8.5371964,7.7412235],[8.5369268,7.74147],[8.5367364,7.7416162],[8.5365714,7.7417922],[8.5364226,7.7420009],[8.5363649,7.7420926],[8.5363434,7.7421471],[8.5363153,7.7421829],[8.5362549,7.7422069],[8.5362328,7.7422168],[8.5361657,7.7422667],[8.5360946,7.7422985],[8.536037,7.7423205],[8.5360081,7.742353],[8.5360055,7.7424035],[8.536035,7.7424467],[8.5360578,7.7424667],[8.5360772,7.7425065],[8.5360759,7.7425351],[8.5360517,7.7425676],[8.5360081,7.7426148],[8.5359887,7.7426241],[8.5359699,7.7426228],[8.5359518,7.7426082],[8.535929,7.742573],[8.5359089,7.7425537],[8.5358774,7.7425524],[8.5358063,7.7425656],[8.5357171,7.7425902],[8.5355408,7.7427012],[8.53529,7.7429351],[8.5351646,7.7430906],[8.5351156,7.743152],[8.5350989,7.7432281],[8.5350801,7.7432799],[8.5350674,7.7433025],[8.5350459,7.7433168],[8.5350285,7.7433224],[8.5349866,7.7433294],[8.5349641,7.7433523],[8.5349634,7.7433653],[8.5349664,7.7433783],[8.5349644,7.7433995],[8.5348947,7.7435035],[8.5348199,7.7435866],[8.5348001,7.7436135],[8.534776,7.7436361],[8.5347649,7.7436404],[8.5347515,7.7436407],[8.5347428,7.7436284],[8.5347304,7.7436195],[8.534711,7.7436244],[8.5346684,7.743646],[8.5344156,7.7437786],[8.5342909,7.7438474],[8.5342382,7.7439168],[8.5342111,7.743942],[8.5341692,7.743961],[8.5340733,7.7439905],[8.5339737,7.7440125],[8.5338563,7.7440367],[8.5337222,7.7441071],[8.5335687,7.744242],[8.5334158,7.7444135],[8.5333675,7.7445397],[8.5333145,7.7446752],[8.5332508,7.744747],[8.5331342,7.7448855],[8.5330393,7.7450035],[8.5329581,7.7450899],[8.5329085,7.7451181],[8.5328619,7.7451231],[8.5327798,7.7451483],[8.5327291,7.7451756],[8.5326936,7.7452433],[8.5326115,7.7453912],[8.5324945,7.745547],[8.5324329,7.7456307],[8.5323962,7.7456751],[8.5323835,7.7456825],[8.5323722,7.7456845],[8.5323508,7.745684],[8.5323131,7.7456834],[8.532276,7.7456829],[8.5322707,7.7456908],[8.5322718,7.7456991],[8.5323084,7.7457845],[8.5323117,7.7457971],[8.5323119,7.7458041],[8.5323084,7.7458094],[8.5322346,7.7458353],[8.5322135,7.7458417],[8.5321971,7.7458363],[8.5321904,7.745827],[8.532182,7.7458058],[8.5321612,7.7456765],[8.5321541,7.74565],[8.5321478,7.7456327],[8.5321377,7.7456194],[8.5321308,7.7456153],[8.5321236,7.7456159],[8.5321153,7.7456241],[8.5320992,7.7456553],[8.5320666,7.7457224],[8.5320304,7.7457895],[8.5320073,7.74584],[8.5319949,7.7458573],[8.5319775,7.7458646],[8.531959,7.7458649],[8.5319376,7.7458583],[8.5318886,7.7458343],[8.5318541,7.74583],[8.5317857,7.74585],[8.5316268,7.7459237],[8.5313156,7.7460593],[8.5310514,7.7461616],[8.5309254,7.7461968],[8.5308402,7.7462154],[8.5307188,7.7462493],[8.530641,7.7462865],[8.530468,7.7463948],[8.5303742,7.7464429],[8.5300255,7.7465476],[8.5298149,7.7465915],[8.5295782,7.7466167],[8.5294012,7.7466307],[8.5292181,7.7466612],[8.529025,7.7466845],[8.5289694,7.7466798],[8.528905,7.7466838],[8.5288507,7.7466984],[8.5286864,7.7467091],[8.528508,7.7467024],[8.5283478,7.7467151],[8.5282452,7.7467396],[8.5281151,7.7467749],[8.5279857,7.7468147],[8.5278904,7.7468307],[8.5278274,7.7468287],[8.5277376,7.7468141],[8.5275813,7.7467941],[8.5274211,7.7467815],[8.5272923,7.7467928],[8.5268953,7.7467795],[8.5265239,7.7467629],[8.526375,7.7467543],[8.5261316,7.746743],[8.5260645,7.746735],[8.5259988,7.7467509],[8.5259163,7.7467715],[8.5257742,7.7467742],[8.525679,7.7467968],[8.5256025,7.7468067],[8.5254805,7.7467715],[8.52505,7.7466785],[8.5249367,7.7466632],[8.5247362,7.7466705],[8.5245578,7.7466526],[8.52436,7.7466087],[8.5240656,7.7466087],[8.5237766,7.7465755],[8.5236197,7.746547],[8.5233568,7.7465224],[8.52321,7.7465031],[8.5230772,7.7464931],[8.5229954,7.7465014],[8.5228968,7.7465071],[8.5228067,7.7465038],[8.5226383,7.7464699],[8.5225334,7.7464237],[8.5224459,7.7464024],[8.5223413,7.7464004],[8.5223101,7.7464021],[8.5222558,7.7464164],[8.5221576,7.7464473],[8.5220999,7.7464629],[8.5220295,7.7464566],[8.5219624,7.7464489],[8.5219463,7.7464197],[8.5219349,7.7463832],[8.5219209,7.7463619],[8.5218742,7.7463636],[8.5218018,7.7463749],[8.5217656,7.7463925],[8.5217254,7.7464187],[8.5215735,7.7464177],[8.5215349,7.746427],[8.5215085,7.7464224],[8.521491,7.7464104],[8.5214689,7.7463938],[8.5214169,7.7463782],[8.5213707,7.7463762],[8.5213365,7.7463835],[8.521308,7.7463978],[8.5212781,7.7463948],[8.5212644,7.7463888],[8.5212456,7.7463682],[8.5212332,7.7463473],[8.5212134,7.7463353],[8.5211977,7.7463353],[8.5211735,7.7463446],[8.5211323,7.7463762],[8.5210827,7.7463875],[8.5210391,7.7463795],[8.5210156,7.7463699],[8.5209948,7.7463636],[8.5209586,7.7463666],[8.5209184,7.7463686],[8.5208054,7.7463579],[8.5207769,7.7463656],[8.5207528,7.7463941],[8.5207343,7.7464191],[8.5207179,7.7464443],[8.5206924,7.7464669],[8.5206438,7.7465127],[8.5205838,7.7465709],[8.5205378,7.7465978],[8.5204993,7.7466161],[8.5204731,7.7466207],[8.5204497,7.7466154],[8.5204238,7.7466008],[8.520391,7.7465918],[8.5203189,7.7466048],[8.52028,7.7466303],[8.5201503,7.7466901],[8.5200802,7.7466961],[8.5200255,7.7466938],[8.5200065,7.7467067],[8.5199722,7.7466762],[8.5199638,7.7466732],[8.5199588,7.7466639],[8.5199649,7.7466559],[8.5199779,7.7466539],[8.5200091,7.7466563],[8.5200319,7.7466476],[8.5200507,7.7466327],[8.520052,7.7466177],[8.5200339,7.7466021],[8.5200058,7.7465868],[8.5199625,7.7465423],[8.5199095,7.7464672],[8.5198914,7.7464041],[8.5198941,7.7463529],[8.5198713,7.7462905],[8.5198197,7.7462539],[8.5196983,7.7462433],[8.5195749,7.7462426],[8.5193997,7.7462259],[8.5189714,7.7461835],[8.5186777,7.7461702],[8.5184182,7.7461616],[8.5182124,7.7461543],[8.5181064,7.7461436],[8.5177832,7.7461005],[8.517633,7.7461058],[8.5174748,7.7461323],[8.5173762,7.7461357],[8.5173272,7.7461184],[8.5171006,7.7460985],[8.5170134,7.7461111],[8.5169323,7.7461629],[8.5168491,7.7462519],[8.5168049,7.7462852],[8.5167626,7.7463071],[8.516658,7.7463303],[8.5165776,7.7463237],[8.5164582,7.7463058],[8.5163127,7.7463151],[8.5161524,7.7463038],[8.5160505,7.7462872],[8.5159667,7.7462825],[8.5158634,7.7463124],[8.5157662,7.7463715],[8.5157172,7.7464187],[8.5157005,7.7464686],[8.515683,7.7465377],[8.5156743,7.7465629],[8.5156331,7.7465918],[8.5156136,7.7466014],[8.5155932,7.7466018],[8.5155808,7.7465918],[8.5155798,7.7465676],[8.5155711,7.7465111],[8.5155724,7.7464875],[8.5155617,7.7464074],[8.5155593,7.7463762],[8.5155456,7.7463759],[8.5155298,7.7463928],[8.5155141,7.7464171],[8.5154852,7.7464353],[8.5154289,7.7464519],[8.5153806,7.7464513],[8.5153337,7.7464406],[8.5152908,7.746432],[8.5152365,7.74644],[8.5151888,7.7464592],[8.5151171,7.7465024],[8.5150427,7.7466074],[8.5149823,7.7466958],[8.5149287,7.7467463],[8.5148904,7.7467662],[8.5148556,7.7467755],[8.5148294,7.7467682],[8.5148113,7.7467436],[8.5148019,7.7467137],[8.5147919,7.7466666],[8.5147972,7.7466174],[8.5148033,7.7465755],[8.5147919,7.746541],[8.5147537,7.7465456],[8.5147107,7.7465895],[8.5146651,7.746632],[8.5146256,7.7466832],[8.5145941,7.7467264],[8.5145646,7.7467503],[8.5145411,7.7467423],[8.5145377,7.7467237],[8.5145478,7.7466918],[8.5145344,7.7466659],[8.5144767,7.7466699],[8.5144137,7.7466659],[8.5143406,7.7466712],[8.5143118,7.7466798],[8.5142963,7.7467018],[8.514289,7.7467383],[8.5142856,7.7467782],[8.5142588,7.7468273],[8.5142528,7.7468506],[8.5142346,7.7468659],[8.5142192,7.7468705],[8.5142045,7.7468559],[8.5142139,7.74682],[8.5142078,7.7467994],[8.5141656,7.7467403],[8.5141347,7.7466965],[8.5140127,7.7466925],[8.5138813,7.7467124],[8.5138115,7.7467157],[8.5137807,7.7467104],[8.5137109,7.7466971],[8.5136734,7.7467077],[8.5136439,7.7467137],[8.5136137,7.7467151],[8.5135896,7.7467011],[8.5135762,7.7466719],[8.5135614,7.746622],[8.5135534,7.7465636],[8.5135514,7.7464805],[8.5135507,7.746438],[8.513542,7.7464127],[8.5135165,7.7463908],[8.513483,7.7463901],[8.5134427,7.7464074],[8.5134072,7.7464327],[8.5133725,7.7464559],[8.5133455,7.7464931],[8.51331,7.7465523],[8.513265,7.7466287],[8.5132516,7.7466865],[8.5132409,7.746729],[8.513208,7.7467656],[8.5131007,7.7468207],[8.5130377,7.7468293],[8.5129827,7.7468313],[8.5129391,7.746818],[8.5128808,7.7467921],[8.512803,7.7467729],[8.5126615,7.7467768],[8.5126112,7.7467775],[8.512569,7.7467616],[8.5124825,7.746733],[8.5124188,7.746721],[8.5123504,7.7467323],[8.5123048,7.7467496],[8.5122337,7.7467516],[8.5121398,7.7467483],[8.5120721,7.7467357],[8.5120158,7.7467337],[8.5119668,7.7467489],[8.5119313,7.7467895],[8.5119078,7.7468054],[8.5118656,7.7468014],[8.5118401,7.7467795],[8.5117241,7.7467157],[8.5115793,7.7467084],[8.5111702,7.746719],[8.5109664,7.7467177],[8.5109174,7.7467257],[8.5108725,7.746719],[8.5108383,7.7466778],[8.5108054,7.746626],[8.5107438,7.7465749],[8.5106693,7.7465403],[8.5105848,7.746527],[8.5104078,7.7465124],[8.509862,7.7464818],[8.5096266,7.7464705],[8.5094764,7.7464705],[8.5091827,7.7464487],[8.5090975,7.7464406],[8.5090405,7.7464546],[8.5089983,7.7464752],[8.50895,7.746525],[8.5089252,7.7465642],[8.5089138,7.7466087],[8.5089259,7.7466798],[8.5089581,7.7467337],[8.5089768,7.7467582],[8.5089768,7.7467881],[8.5089641,7.7468174],[8.5089111,7.7469071],[8.5086785,7.7470911],[8.508662,7.7471084],[8.5086449,7.7471243],[8.5086245,7.7471307],[8.5086067,7.747125],[8.5085906,7.7471054],[8.5085705,7.7470709],[8.5084712,7.7469629],[8.5084314,7.7469293],[8.5083915,7.7468636],[8.508376,7.7468214],[8.5083459,7.7468031],[8.5083204,7.7467961],[8.5082815,7.7468031],[8.5082516,7.7468307],[8.5082158,7.7468659],[8.5082027,7.7468699],[8.5081903,7.7468672],[8.5081779,7.7468592],[8.5081621,7.7468373],[8.508148,7.7468283],[8.5081286,7.7468247],[8.5081045,7.7468247],[8.5080884,7.746822],[8.5080776,7.7468121],[8.5080568,7.7467642],[8.5080166,7.7466825],[8.5079878,7.746626],[8.5078946,7.746539],[8.5078302,7.7465044],[8.5078114,7.7464858],[8.5078154,7.7464672],[8.5078631,7.7464174],[8.507902,7.7463609],[8.5079241,7.7462466],[8.5079361,7.746113],[8.5079241,7.7459935],[8.5079221,7.7459018],[8.5079093,7.7458413],[8.5078959,7.7458001],[8.5078792,7.7457855],[8.5078617,7.7457752],[8.5078437,7.7457759],[8.5078322,7.7457942],[8.507794,7.7460008],[8.5077692,7.7460446],[8.5077491,7.7461084],[8.5077558,7.7462061],[8.5077444,7.7462606],[8.507731,7.7462911],[8.5077042,7.7463011],[8.5076364,7.7463144],[8.5075861,7.7463091],[8.5074762,7.7462705],[8.507385,7.7462572],[8.5072529,7.7462732],[8.5072099,7.7462878],[8.5071174,7.7463058],[8.507039,7.7462991],[8.5069498,7.7462579],[8.5068472,7.7462287],[8.506752,7.7462088],[8.5065937,7.7462274],[8.506469,7.7462407],[8.5063845,7.7462294],[8.5063262,7.746232],[8.5062863,7.746248],[8.5062504,7.7462682],[8.506238,7.7462749],[8.5062272,7.7462749],[8.5062175,7.7462719],[8.506184,7.7462619],[8.5061035,7.7462287],[8.50596,7.7461676],[8.5058427,7.7461277],[8.5056214,7.7461244],[8.5054471,7.7461217],[8.505374,7.7461197],[8.5053109,7.7461084],[8.505264,7.7460759],[8.505156,7.7460347],[8.5050816,7.7460174],[8.5048932,7.7459975],[8.5048536,7.7459882],[8.5047524,7.7459583],[8.5046444,7.7459397],[8.5045546,7.7459084],[8.504409,7.7458779],[8.5043286,7.7458633],[8.5041556,7.7457922],[8.5040671,7.7457742],[8.5039651,7.7457569],[8.5038632,7.7457549],[8.5037848,7.7457151],[8.5036775,7.7456447],[8.5036017,7.7456041],[8.503489,7.7456028],[8.503359,7.7456214],[8.5032778,7.7456055],[8.5032255,7.7455656],[8.5031611,7.7454825],[8.5030653,7.7454148],[8.502726,7.7452812],[8.5026274,7.745232],[8.5025027,7.7452075],[8.5024544,7.7451842],[8.5023981,7.7451463],[8.5023672,7.7451011],[8.5023203,7.7450732],[8.5022519,7.745044],[8.5021681,7.7450015],[8.5019414,7.7448726],[8.5018717,7.7448168],[8.5017805,7.7447463],[8.5016236,7.7446812],[8.5005815,7.7442706],[8.500265,7.7441643],[8.4998124,7.7440121],[8.499679,7.7439809],[8.4995603,7.7439842],[8.499508,7.7439922],[8.4994503,7.7440314],[8.4994101,7.7440792],[8.4993652,7.7441417],[8.4992947,7.7442062],[8.4992723,7.7442254],[8.4992388,7.744245],[8.4992059,7.7442507],[8.4991854,7.74425],[8.499169,7.7442437],[8.4991683,7.7442287],[8.499174,7.7442145],[8.4991901,7.7441915],[8.4992136,7.7441464],[8.4992079,7.7441231],[8.4991868,7.7441121],[8.499167,7.7441224],[8.4991432,7.7441483],[8.4990708,7.7442111],[8.4990255,7.7442284],[8.4990057,7.7442324],[8.4989591,7.7442341],[8.4989407,7.7442241],[8.4989253,7.7442035],[8.4989229,7.7441836],[8.4989172,7.7441653],[8.4988991,7.7441218],[8.498871,7.7440978],[8.4988066,7.7440547],[8.4987422,7.7440221],[8.4986939,7.7440048],[8.4986785,7.7439636],[8.4986691,7.7439211],[8.4986664,7.7438866],[8.4986752,7.7438294],[8.4986859,7.7438088],[8.4987107,7.7437982],[8.4987382,7.7438068],[8.4987503,7.7438321],[8.4987731,7.7438759],[8.4988005,7.7438939],[8.4988428,7.7438998],[8.4989159,7.7438859],[8.4989682,7.7438427],[8.4989917,7.7437709],[8.4989896,7.7436925],[8.4990047,7.7436102],[8.4990098,7.7435806],[8.4990071,7.7435613],[8.498995,7.743542],[8.4989695,7.7435294],[8.4988703,7.7434906],[8.4986812,7.7434121],[8.4985524,7.7433636],[8.4984854,7.7433364],[8.4983781,7.7433357],[8.4982903,7.7433457],[8.4982661,7.7433457],[8.4982299,7.7433404],[8.4981823,7.7433258],[8.4980294,7.7432766],[8.497851,7.7432401],[8.4978276,7.7432328],[8.4977759,7.7432055],[8.4976485,7.743153],[8.4974655,7.7430919],[8.4973998,7.7430852],[8.4973039,7.7430447],[8.4970544,7.7429723],[8.4968653,7.7429338],[8.4967788,7.7429198],[8.4966689,7.7429218],[8.496628,7.7429231],[8.4965643,7.7429344],[8.4965227,7.7429191],[8.4964838,7.7428846],[8.4963624,7.7428361],[8.4959286,7.7426494],[8.495716,7.7426055],[8.4955886,7.7425763],[8.4955122,7.7425444],[8.4953579,7.7424494],[8.4951407,7.7423218],[8.4949241,7.7422733],[8.4947457,7.7422248],[8.4945291,7.7421484],[8.4944748,7.7421344],[8.4943984,7.742062],[8.4942408,7.7420082],[8.4940068,7.7419324],[8.4939115,7.7418972],[8.4937942,7.7418268],[8.49376,7.7417803],[8.4937151,7.7417258],[8.4936105,7.7416979],[8.49353,7.7416893],[8.4934194,7.74168],[8.4933201,7.7416275],[8.4932209,7.7415663],[8.4931164,7.7415306],[8.4930331,7.7415291],[8.4929716,7.7415288],[8.4928787,7.7415255],[8.4928434,7.7415157],[8.4928216,7.7415019],[8.4927619,7.7414728],[8.4927087,7.7414605],[8.4926749,7.7414574],[8.4926501,7.7414499],[8.492643,7.7414333],[8.4926526,7.7414142],[8.4926724,7.7414102],[8.4927156,7.7414022],[8.4927307,7.7413926],[8.4927315,7.7413713],[8.4927098,7.7413557],[8.4926808,7.7413522],[8.4926362,7.7413431],[8.4923991,7.7412726],[8.4915613,7.7410089],[8.491464,7.7409962],[8.4913802,7.7409956],[8.4913004,7.7410022],[8.4912367,7.7410335],[8.4912119,7.741068],[8.4911898,7.7410879],[8.4911603,7.7411026],[8.4910952,7.7411205],[8.4910221,7.7411305],[8.4909819,7.7411265],[8.490939,7.7411172],[8.4908947,7.7410919],[8.4908612,7.7410687],[8.4907774,7.7410275],[8.4906285,7.7409763],[8.4905668,7.7409451],[8.4905145,7.7409099],[8.490481,7.740864],[8.490473,7.7408261],[8.4904797,7.7407903],[8.4904783,7.7407484],[8.4904495,7.7407079],[8.4903999,7.7406919],[8.4903254,7.7406913],[8.4902282,7.7407584],[8.4901826,7.7407889],[8.4901551,7.7408016],[8.4900974,7.7408155],[8.490017,7.7408095],[8.4898661,7.740759],[8.4897535,7.7407338],[8.4892559,7.7407065],[8.4888011,7.7406968],[8.4884116,7.7407647],[8.4881602,7.7408215],[8.4880684,7.7408527],[8.4880114,7.7408972],[8.4879778,7.7409444],[8.487949,7.7409743],[8.4878886,7.7410149],[8.4878471,7.7410348],[8.4878015,7.7410428],[8.4877478,7.7410361],[8.4876607,7.7410374],[8.4875514,7.7410707],[8.4872443,7.7412461],[8.4870486,7.7413799],[8.4869616,7.7414421],[8.4869288,7.741472],[8.4868986,7.7414843],[8.4868654,7.7414836],[8.4868245,7.741482],[8.4867715,7.7414813],[8.4866837,7.7415158],[8.4865838,7.741575],[8.4864932,7.7416408],[8.4864771,7.7416547],[8.4864456,7.7416673],[8.4864081,7.7416713],[8.4862961,7.7416833],[8.4861861,7.7417205],[8.4861211,7.7417544],[8.4860802,7.741769],[8.4860165,7.7417716],[8.485885,7.7417982],[8.4857214,7.7418255],[8.4856027,7.741858],[8.4855216,7.7418893],[8.4854733,7.7418966],[8.4854317,7.7418833],[8.4853955,7.7418673],[8.4852822,7.7418613],[8.4851287,7.741862],[8.4850945,7.7418627],[8.4850375,7.7418753],[8.4849382,7.7419251],[8.4848611,7.7419437],[8.4847746,7.7419411],[8.48467,7.7419364],[8.4845667,7.7419132],[8.4844042,7.7418675],[8.4841403,7.7418454],[8.4833359,7.7417776],[8.4824297,7.7415637],[8.4821333,7.7415305],[8.4818946,7.7415198],[8.4815969,7.7415172],[8.4815244,7.7415026],[8.4813568,7.7414494],[8.4807674,7.7413544],[8.4805917,7.7413537],[8.480467,7.741381],[8.480237,7.7414261],[8.4800499,7.7415092],[8.4799889,7.7415358],[8.4799198,7.7415464],[8.4798581,7.7415231],[8.4797864,7.7414966],[8.4795872,7.7414879],[8.4794994,7.7414919],[8.4793894,7.7415112],[8.4792345,7.7414966],[8.4791353,7.7414926],[8.4789992,7.7415397],[8.4788918,7.7416155],[8.478857,7.7416461],[8.4787993,7.7416687],[8.4787349,7.7416514],[8.4787081,7.7416102],[8.4786652,7.7415437],[8.4786035,7.7415092],[8.4785271,7.7415119],[8.4784345,7.7415464],[8.4783179,7.7416168],[8.4781194,7.7417072],[8.4778123,7.7418228],[8.4777237,7.7418507],[8.4776634,7.7418574],[8.4775534,7.7418454],[8.4774166,7.7418281],[8.47714,7.7418352],[8.4771062,7.7418268],[8.4770894,7.7418208],[8.4770599,7.7417936],[8.4769553,7.7417604],[8.4768561,7.7417504],[8.4767179,7.7417909],[8.4764322,7.7418467],[8.4762103,7.7418833],[8.4758154,7.7418853],[8.475692,7.7419045],[8.4755538,7.7419118],[8.4754573,7.7419344],[8.4753795,7.7419504],[8.4752561,7.7420035],[8.4750268,7.7420394],[8.4748887,7.742062],[8.4746238,7.7421285],[8.4743569,7.7421843],[8.4741061,7.7422713],[8.4740216,7.7423122],[8.4739861,7.7423368],[8.4739663,7.7423653],[8.4739304,7.7424218],[8.473908,7.7424417],[8.4738855,7.7424567],[8.4737936,7.7424939],[8.4737112,7.7425205],[8.4736669,7.7425331],[8.4736361,7.742551],[8.4736146,7.7425803],[8.4736012,7.7426162],[8.473571,7.7426407],[8.4735274,7.7426507],[8.4734711,7.742648],[8.4734014,7.7426374],[8.4733048,7.7426401],[8.4730487,7.7427065],[8.472822,7.742769],[8.4723566,7.742858],[8.4719972,7.7429603],[8.4717347,7.743001],[8.4699034,7.7432929],[8.4677386,7.7439584],[8.4672645,7.744147],[8.467019,7.744252],[8.4667253,7.7443689],[8.466264,7.7446201],[8.4659287,7.7447995],[8.465568,7.7449603],[8.4650543,7.745141],[8.4642322,7.7454546],[8.4635711,7.7457563],[8.4633256,7.7458772],[8.4630011,7.7460925],[8.462698,7.7463383],[8.4621441,7.7467343],[8.4619229,7.7468685],[8.461711,7.7469948],[8.4613891,7.7471662],[8.4608929,7.7474187],[8.4605891,7.7475788],[8.4605516,7.7476021],[8.4605328,7.7476253],[8.4605087,7.7476599],[8.4604818,7.7476958],[8.4604436,7.7477197],[8.4603987,7.747727],[8.4602994,7.7477449],[8.4602049,7.7477476],[8.4601392,7.7477795],[8.4600701,7.7478366],[8.4600044,7.7478858],[8.4598555,7.7479655],[8.4598254,7.7479854],[8.4597851,7.7480213],[8.4597362,7.7480751],[8.4596644,7.7481203],[8.4595605,7.7481728],[8.4594599,7.7482466],[8.4593694,7.7483037],[8.4593325,7.7483429],[8.4592976,7.7483854],[8.459252,7.7484107],[8.4592051,7.7484246],[8.4591709,7.7484286],[8.4590992,7.7484605],[8.459022,7.7485163],[8.4589845,7.7485422],[8.4588899,7.7485788],[8.4588115,7.7486173],[8.4587739,7.7486339],[8.4587337,7.7486412],[8.4586713,7.7486419],[8.4585775,7.7486339],[8.458385,7.7486359],[8.458096,7.7486804],[8.4579062,7.748707],[8.4576843,7.7487442],[8.4575777,7.7487768],[8.4575213,7.7488007],[8.4574188,7.7488632],[8.4573691,7.7488864],[8.4573188,7.7489044],[8.4572491,7.7489176],[8.4571358,7.7489143],[8.4570345,7.748923],[8.4567542,7.7489834],[8.4566154,7.7490107],[8.4565316,7.7490445],[8.4564156,7.749101],[8.4563331,7.7491269],[8.456075,7.7492113],[8.4559281,7.7492631],[8.4558389,7.7492711],[8.4555057,7.7492937],[8.4548777,7.7493536],[8.4545146,7.7493987],[8.454131,7.7494279],[8.4536684,7.7494452],[8.4533492,7.7494744],[8.4526204,7.7495563],[8.4522535,7.7496153],[8.4521033,7.7496485],[8.4519021,7.7497123],[8.4516808,7.7497681],[8.4512758,7.7498133],[8.450911,7.749808],[8.4506294,7.7497973],[8.4503826,7.7497588],[8.4499924,7.7497216],[8.4495485,7.7497017],[8.4493768,7.749707],[8.4492707,7.7497194],[8.4491891,7.7497469],[8.4490754,7.7497843],[8.4489402,7.7498177],[8.4487804,7.7498546],[8.4486897,7.7498728],[8.4485846,7.7498865],[8.4484724,7.7498771],[8.4483726,7.7498547],[8.4482853,7.7498432],[8.4481821,7.7498445],[8.4480334,7.7498872],[8.4479062,7.7499217],[8.4477312,7.7499221],[8.4475449,7.749897],[8.4474,7.749897],[8.4470084,7.7499993],[8.4468636,7.7500505],[8.4467764,7.7500658],[8.446641,7.7500804],[8.4465471,7.7501036],[8.4465209,7.750103],[8.4464747,7.7500857],[8.446415,7.7500345],[8.446366,7.7499967],[8.4462775,7.7499555],[8.4460951,7.7499023],[8.4460522,7.7498757],[8.4460321,7.7498239],[8.4460214,7.7497508],[8.4459986,7.749703],[8.445949,7.7496578],[8.4458806,7.7496366],[8.4458162,7.7496299],[8.4457451,7.7496385],[8.4456868,7.7496528],[8.4456546,7.7496538],[8.4456046,7.7496432],[8.4455332,7.7496073],[8.4454434,7.7495807],[8.445332,7.7495435],[8.445096,7.7494452],[8.4450477,7.749412],[8.4450196,7.7493781],[8.444927,7.7492618],[8.4447634,7.7491037],[8.4446427,7.7489987],[8.4444711,7.7488844],[8.4443329,7.748826],[8.4441358,7.7487914],[8.4438421,7.7487768],[8.4435672,7.7487907],[8.4433459,7.7487974],[8.4432024,7.7487961],[8.4431266,7.7488034],[8.4428369,7.7488532],[8.4426666,7.7488705],[8.4425043,7.7488824],[8.4424426,7.7488824],[8.442389,7.7488718],[8.4423695,7.7488731],[8.4423374,7.7488804],[8.4422649,7.7488951],[8.4421744,7.7488917],[8.442108,7.7488811],[8.4420289,7.7488764],[8.4419189,7.7488838],[8.4413443,7.7489356],[8.4412538,7.7489495],[8.441005,7.7490067],[8.4405819,7.7491276],[8.4399991,7.7493396],[8.4399173,7.7493761],[8.4397866,7.7494538],[8.4395264,7.749602],[8.4392827,7.7497289],[8.4392304,7.7497439],[8.4391918,7.7497658],[8.4391683,7.7497854],[8.4391321,7.7497987],[8.4390151,7.7498226],[8.4389705,7.7498392],[8.4387734,7.7499475],[8.4383898,7.7501993],[8.4382148,7.7503003],[8.4378909,7.7504525],[8.4378078,7.7505036],[8.4377079,7.750584],[8.4373511,7.7508159],[8.4370876,7.7509853],[8.4369441,7.751075],[8.4368113,7.7511833],[8.4366209,7.7513501],[8.4365197,7.7514405],[8.4363688,7.7515528],[8.4363171,7.7516165],[8.4362836,7.751669],[8.4362414,7.7517162],[8.4360281,7.7518923],[8.4357552,7.7521082],[8.4355514,7.7522883],[8.4354307,7.7523879],[8.4353368,7.7524384],[8.4351383,7.7524929],[8.4349177,7.7525746],[8.4346367,7.7527115],[8.4342156,7.7528617],[8.4338267,7.7529892],[8.4334834,7.7531274],[8.4330328,7.7532245],[8.4326868,7.7532736],[8.4321999,7.7533786],[8.4312343,7.7536019],[8.4305853,7.7537959],[8.4303439,7.7538822],[8.4300327,7.7539832],[8.4293582,7.75416],[8.4291744,7.7542038],[8.4288874,7.7543327],[8.4287064,7.7544536],[8.4286125,7.754548],[8.4285629,7.7546437],[8.4283926,7.7550583],[8.4282356,7.7552974],[8.4280626,7.7555061],[8.4278816,7.7556443],[8.4273693,7.7558263],[8.4267779,7.756007],[8.4264855,7.7561107],[8.4263836,7.7561452],[8.4263179,7.7561811],[8.4262414,7.7562609],[8.4260885,7.7563339],[8.4258887,7.7563951],[8.4258123,7.7564363],[8.4255789,7.7565811],[8.4252919,7.7567346],[8.4250512,7.7568322],[8.4249365,7.7568741],[8.4248239,7.7569146],[8.4246536,7.7569685],[8.4243867,7.7570209],[8.4242955,7.7570462],[8.4242418,7.7570754],[8.4242029,7.7571166],[8.4240916,7.7572535],[8.4240273,7.757292],[8.4237322,7.7573598],[8.4232749,7.7574316],[8.4231099,7.7574196],[8.4230268,7.757393],[8.4229517,7.7573425],[8.4229155,7.7572867],[8.4228699,7.7572389],[8.4227921,7.7572136],[8.4227049,7.757211],[8.4225266,7.7572296],[8.4224005,7.7572548],[8.4222905,7.7573027],[8.422088,7.7574475],[8.4216736,7.7577797],[8.4213947,7.7579425],[8.4206732,7.7582661],[8.4199584,7.758589],[8.4192945,7.7589092],[8.4189941,7.7590401],[8.4187782,7.7591298],[8.4185985,7.7592095],[8.4184577,7.7592906],[8.4182585,7.7594075],[8.4180332,7.7595178],[8.4177241,7.7596215],[8.417427,7.7597012],[8.4169127,7.7598673],[8.4166431,7.7599803],[8.4163789,7.7600586],[8.416043,7.7601676],[8.4159803,7.7601955],[8.415931,7.7602154],[8.4158619,7.7602281],[8.415762,7.7602507],[8.4156387,7.7602945],[8.4153376,7.7604487],[8.4149527,7.7606653],[8.4147978,7.7607523],[8.4144538,7.7609237],[8.4140689,7.7611044],[8.4136236,7.7613709],[8.4133273,7.7615336],[8.4130832,7.7616845],[8.4127754,7.7619017],[8.4126446,7.7620054],[8.4126198,7.7620333],[8.4125246,7.7620971],[8.4124897,7.762127],[8.4124066,7.7622246],[8.4122651,7.7623455],[8.4122141,7.7623847],[8.4120908,7.7625542],[8.4120438,7.7626352],[8.4120344,7.7626711],[8.4120264,7.7627874],[8.412009,7.7628372],[8.4119774,7.7628704],[8.4118862,7.7629163],[8.4116046,7.7630199],[8.4114484,7.7630996],[8.4113659,7.7631721],[8.411333,7.7632305],[8.4113029,7.7633023],[8.4112626,7.7633395],[8.4111258,7.7634166],[8.4107396,7.763588],[8.410576,7.763677],[8.4102099,7.7639268],[8.4101086,7.7639813],[8.4100114,7.7640179],[8.4099376,7.7640418],[8.4098793,7.7640577],[8.4096614,7.7641228],[8.4090431,7.7642491],[8.4085234,7.7643414],[8.4083759,7.7643687],[8.408227,7.7643819],[8.4078851,7.7643899],[8.4076765,7.7644005],[8.4074049,7.7644158],[8.407069,7.7644663],[8.4067015,7.7645321],[8.4065131,7.7645633],[8.4064501,7.7645779],[8.4062918,7.7646284],[8.4060927,7.7646823],[8.4058017,7.7647294],[8.4055924,7.764764],[8.4054201,7.7648092],[8.4053343,7.7648298],[8.40517,7.764853],[8.4047154,7.7649261],[8.4044887,7.7649792],[8.4040569,7.7650895],[8.403853,7.7651228],[8.4036089,7.7651174],[8.4033139,7.7650616],[8.4027694,7.7649314],[8.4025535,7.7648663],[8.4024368,7.7647959],[8.4021404,7.764651],[8.4018159,7.7645633],[8.4012976,7.7644816],[8.4011098,7.7644417],[8.4010696,7.7644198],[8.4009643,7.764378],[8.4009301,7.7643633],[8.4008664,7.7643049],[8.4007745,7.7642298],[8.4005097,7.7641075],[8.4003273,7.7640278],[8.4000389,7.763968],[8.3996084,7.7639428],[8.3993711,7.7639521],[8.3992745,7.7639468],[8.3990519,7.763883],[8.398899,7.7638444],[8.3987153,7.7638312],[8.3982633,7.7638405],[8.3981788,7.7638471],[8.3979307,7.7638923],[8.3975512,7.7639268],[8.3973862,7.7639481],[8.3971019,7.7640012],[8.3964407,7.7641275],[8.3962221,7.7641421],[8.396021,7.7641328],[8.3956106,7.7640996],[8.3953638,7.7640996],[8.3950889,7.7640717],[8.3948958,7.7640185],[8.3945484,7.763879],[8.3942561,7.7637288],[8.3940375,7.7635867],[8.3939584,7.7635614],[8.3938041,7.7635401],[8.3936767,7.7635215],[8.3934823,7.7634551],[8.3931403,7.7633302],[8.3927889,7.7632438],[8.3925824,7.7632133],[8.392451,7.7632013],[8.3923624,7.7631707],[8.3920312,7.7630259],[8.3919132,7.7630006],[8.3917831,7.763006],[8.3916382,7.7630232],[8.3915511,7.7630099],[8.3913432,7.7629502],[8.3912587,7.7629315],[8.3907934,7.7629143],[8.3906727,7.7628943],[8.3905345,7.7628399],[8.3903401,7.7628106],[8.3902194,7.7628146],[8.3893624,7.7628744],[8.3890097,7.762905],[8.3889386,7.7629222],[8.3888876,7.7629409],[8.3887401,7.7629648],[8.3882104,7.7630093],[8.3881601,7.7630166],[8.3880941,7.7630374],[8.3873752,7.7644131],[8.3871125,7.7649158],[8.3877517,7.764752],[8.3880736,7.7646484],[8.3883136,7.7645593],[8.3893155,7.7641394],[8.3895367,7.764065],[8.3897675,7.7640251],[8.3900785,7.7640145],[8.3905413,7.7640783],[8.3912534,7.7642923],[8.3917616,7.7644251],[8.3923987,7.7646417],[8.392923,7.7647799],[8.3934568,7.7649048],[8.3938994,7.765051],[8.3940952,7.7650962],[8.3944693,7.7651666],[8.3951278,7.7652889],[8.3955932,7.7653805],[8.3959579,7.765431],[8.3963884,7.7654962],[8.3968914,7.7656157],[8.3976974,7.7658323],[8.3979562,7.7659466],[8.3982056,7.7661034],[8.3984014,7.7662921],[8.3985583,7.7665087],[8.3986521,7.7666569],[8.4031553,7.7661829],[8.411994,7.7685089],[8.420536,7.7742327],[8.4205906,7.7742447],[8.4191873,7.7776825],[8.419548,7.77762],[8.4200227,7.7775004],[8.4208958,7.7772692],[8.4213893,7.7771124],[8.421565,7.7770632],[8.4218252,7.7770207],[8.4220263,7.7769742],[8.422371,7.7769011],[8.4224964,7.7768772],[8.4225909,7.7768453],[8.4227311,7.7767995],[8.422996,7.7767397],[8.4233057,7.7766965],[8.4233943,7.7766699],[8.4234687,7.776642],[8.4235042,7.7766327],[8.4236041,7.7766208],[8.4237859,7.7765789],[8.4242056,7.77645],[8.4244397,7.7764015],[8.4245054,7.7763882],[8.4246013,7.7763809],[8.4247387,7.7763969],[8.4248172,7.7764068],[8.4249111,7.7764075],[8.4250633,7.7763955],[8.4251652,7.7764035],[8.4254213,7.7764361],[8.4256715,7.7764587],[8.4261817,7.7764653],[8.4266236,7.776452],[8.4271105,7.7764068],[8.4273103,7.7763889],[8.4273767,7.7763862],[8.4275061,7.7763882],[8.4275745,7.7763763],[8.4276563,7.7763431],[8.4276851,7.7763338],[8.4277716,7.7763191],[8.4279487,7.7763085],[8.4279782,7.7763032],[8.428062,7.7762919],[8.4282631,7.7762926],[8.4283101,7.7762846],[8.4283604,7.7762686],[8.4285045,7.7762381],[8.4288432,7.7761285],[8.4289491,7.7760986],[8.4290705,7.7760753],[8.4291892,7.7760261],[8.4292106,7.7760168],[8.4292314,7.7760142],[8.4293863,7.7760208],[8.4294266,7.7760168],[8.4294681,7.7759976],[8.4295821,7.7759082],[8.4296083,7.7758926],[8.4296364,7.7758873],[8.4297015,7.7758713],[8.4298262,7.7758195],[8.4298725,7.7758076],[8.429969,7.7757983],[8.4300388,7.775777],[8.43013,7.7757471],[8.430197,7.7757365],[8.4303244,7.7757212],[8.4306342,7.7756846],[8.4307053,7.7756787],[8.4307442,7.775682],[8.4309319,7.7756601],[8.431062,7.7756175],[8.431176,7.7755538],[8.4312847,7.7754946],[8.4313162,7.7754833],[8.4317031,7.7754036],[8.4320055,7.7753152],[8.4320477,7.7753079],[8.4321544,7.7753013],[8.4322563,7.775282],[8.4325741,7.7751724],[8.4329986,7.7750448],[8.4330596,7.7750249],[8.4331501,7.7750056],[8.4333439,7.7749631],[8.4334626,7.7749346],[8.4338106,7.7748349],[8.4338515,7.7748249],[8.4340138,7.7747857],[8.4340869,7.7747558],[8.4341379,7.7747186],[8.434172,7.7746967],[8.4342109,7.7746834],[8.4344745,7.7745937],[8.4346139,7.7745472],[8.434805,7.7744569],[8.4348795,7.7744316],[8.4349727,7.7744067],[8.4349884,7.7743981],[8.4350055,7.7743788],[8.4350183,7.7743692],[8.4350324,7.7743632],[8.435086,7.7743476],[8.4352956,7.7742658],[8.435424,7.7742031],[8.4355983,7.7741107],[8.435778,7.7740004],[8.4360395,7.7738968],[8.4361146,7.7738589],[8.4361277,7.7738546],[8.4361515,7.7738546],[8.436243,7.7738898],[8.4363004,7.7739044],[8.4363477,7.7739031],[8.4364747,7.7738858],[8.4367289,7.7737998],[8.4368476,7.773742],[8.4368864,7.7737333],[8.4369756,7.7737181],[8.4371245,7.7736722],[8.4372278,7.7736363],[8.4372707,7.773627],[8.4373699,7.7736118],[8.4374866,7.7735686],[8.4377521,7.7734503],[8.4380867,7.7733075],[8.438361,7.7732071],[8.4387808,7.7730663],[8.4390966,7.772952],[8.4394526,7.7727779],[8.4398134,7.7726145],[8.4400924,7.7724564],[8.4403203,7.7723102],[8.4404196,7.7722491],[8.4404887,7.7722125],[8.440661,7.7721428],[8.4407897,7.7720876],[8.4410948,7.7719607],[8.441467,7.7718073],[8.4417178,7.7716697],[8.4418613,7.7716053],[8.4421724,7.7714684],[8.4423286,7.7714013],[8.4424306,7.7713442],[8.4426203,7.7712445],[8.4427652,7.7711522],[8.4428114,7.7711243],[8.4428725,7.7710937],[8.4429965,7.7710499],[8.4431735,7.7709628],[8.4435102,7.7707901],[8.4439071,7.7706027],[8.4441928,7.7704805],[8.4444295,7.7703669],[8.4447406,7.7701835],[8.444921,7.7700699],[8.4449746,7.770042],[8.4452335,7.7699277],[8.4455708,7.7697284],[8.4458202,7.7695503],[8.4458879,7.7695078],[8.4459496,7.7694792],[8.4460495,7.769434],[8.4461381,7.769365],[8.446238,7.7692952],[8.4465585,7.7690979],[8.4467597,7.7689862],[8.446816,7.768947],[8.4470688,7.7687683],[8.4473497,7.768575],[8.4477253,7.7683165],[8.4478486,7.7682448],[8.4480377,7.7681378],[8.4482718,7.7680282],[8.4483247,7.7680029],[8.4486224,7.767874],[8.4489242,7.7677485],[8.4491938,7.7676129],[8.4495907,7.7673943],[8.4500702,7.7671379],[8.451257,7.7664947],[8.4513375,7.7664582],[8.4516319,7.76632],[8.4517479,7.7662483],[8.4520959,7.766041],[8.452572,7.7657965],[8.4531031,7.7655008],[8.4532238,7.7654383],[8.4536623,7.7652244],[8.4537937,7.7651633],[8.4542719,7.764962],[8.45525,7.7645],[8.4554078,7.7644265],[8.4554976,7.7644039],[8.4557055,7.7643999],[8.4558704,7.7643946],[8.4560106,7.7643819],[8.4560994,7.7643849],[8.4561645,7.7643909],[8.4561876,7.7643889],[8.4562064,7.764375],[8.4562138,7.7643733],[8.4562248,7.7643773],[8.4562349,7.7643899],[8.4562466,7.7644015],[8.4562745,7.7644128],[8.4564237,7.7644378],[8.4565839,7.7644663],[8.4567717,7.7644936],[8.4568213,7.7645049],[8.4569413,7.7645447],[8.4570023,7.7645613],[8.457178,7.7645932],[8.4573953,7.7646417],[8.4577011,7.7647022],[8.4577896,7.7647148],[8.4578399,7.7647181],[8.4578915,7.7647294],[8.4579767,7.764762],[8.4580658,7.7647879],[8.4581094,7.7647939],[8.4581476,7.7647955],[8.4581644,7.7647876],[8.4581879,7.764759],[8.4582201,7.7647397],[8.4582476,7.7647354],[8.4582616,7.7647387],[8.4582714,7.7647514],[8.4582854,7.7647753],[8.4583146,7.7647969],[8.4583451,7.7648045],[8.458387,7.7648095],[8.4584387,7.7648065],[8.4585024,7.7647985],[8.4585292,7.7648045],[8.458552,7.7648298],[8.4585842,7.7648663],[8.4586418,7.7648902],[8.4588155,7.7649327],[8.4594002,7.7650204],[8.4600574,7.7651307],[8.4605871,7.765245],[8.4618638,7.7655945],[8.4632063,7.7659626],[8.4636234,7.7660941],[8.4642604,7.7663399],[8.4645273,7.7664502],[8.4646279,7.7665167],[8.4647928,7.7666163],[8.4649631,7.7667253],[8.4653319,7.766914],[8.4658335,7.7670987],[8.4662251,7.7672688],[8.4667227,7.7674389],[8.4671585,7.7676435],[8.4676306,7.7679106],[8.4678707,7.7680687],[8.4680665,7.7681777],[8.4683695,7.7683092],[8.4687236,7.768486],[8.4689033,7.7685936],[8.4690857,7.7686773],[8.4694009,7.7688115],[8.4698448,7.7690268],[8.4703383,7.7693098],[8.4707768,7.7695636],[8.4711148,7.7698054],[8.4717062,7.770236],[8.4721367,7.7705602],[8.4725632,7.7708007],[8.4728958,7.7710505],[8.4732391,7.7713003],[8.4734939,7.7714824],[8.4736294,7.7715913],[8.4737769,7.7716458],[8.4739123,7.7717056],[8.4739807,7.7717521],[8.4740478,7.7718039],[8.4741376,7.7718438],[8.4745802,7.7721043],[8.4751931,7.7725255],[8.4752863,7.772576],[8.4753393,7.7726225],[8.4753714,7.772665],[8.4754177,7.7726976],[8.4757671,7.7728842],[8.4758683,7.77295],[8.475932,7.7729939],[8.4759749,7.773041],[8.4759937,7.7730636],[8.4762096,7.7731925],[8.4763726,7.7732995],[8.4765147,7.7733726],[8.4767937,7.7735081],[8.4768614,7.773526],[8.476903,7.7735486],[8.4769271,7.7735838],[8.4769573,7.7736204],[8.4770022,7.7736629],[8.4770445,7.7737008],[8.4771954,7.7737898],[8.4773221,7.7738775],[8.4774797,7.7739725],[8.4776674,7.7740762],[8.4779692,7.7742223],[8.4784707,7.7744841],[8.4791929,7.774898],[8.4792949,7.7749518],[8.4793854,7.7749817],[8.4794223,7.7750156],[8.4794705,7.7750615],[8.4796556,7.7751618],[8.4797381,7.775207],[8.4804088,7.7755372],[8.4810671,7.775785],[8.481456,7.7759923],[8.4817189,7.7761092],[8.4822392,7.7763058],[8.4826496,7.7764361],[8.4830171,7.7765371],[8.4834543,7.7766699],[8.4838754,7.7768347],[8.4841651,7.7769888],[8.4844561,7.7771416],[8.4846734,7.7772533],[8.4848383,7.7773303],[8.4849986,7.7773974],[8.4850824,7.7774207],[8.4851441,7.777436],[8.4851716,7.7774419],[8.4852279,7.7774333],[8.4852722,7.77744],[8.4853097,7.7774612],[8.485364,7.7774951],[8.4855276,7.7776054],[8.4856363,7.7776227],[8.4857375,7.7776499],[8.4858354,7.7776838],[8.4859018,7.7777276],[8.4860634,7.7777881],[8.486172,7.7778187],[8.4862994,7.777828],[8.4864356,7.7778545],[8.4865315,7.7778658],[8.4866032,7.7778738],[8.4866662,7.7778931],[8.4867125,7.7779376],[8.4868493,7.7781203],[8.487092,7.778392],[8.4873489,7.7785461],[8.4875346,7.7786392],[8.4875936,7.7786644],[8.4876727,7.7786664],[8.4877331,7.7786843],[8.4877767,7.7787083],[8.4879376,7.7787813],[8.488004,7.7788053],[8.4880811,7.7788212],[8.4881535,7.7788172],[8.4882454,7.7788152],[8.488297,7.7788259],[8.4884895,7.7788577],[8.4886078,7.7788787],[8.4886863,7.7788747],[8.4887164,7.7788667],[8.4887929,7.7788943],[8.4888844,7.7789959],[8.4889535,7.7790375],[8.4890018,7.779066],[8.4890326,7.779071],[8.4890715,7.7790644],[8.4890936,7.7790414],[8.489097,7.778979],[8.4890893,7.7789614],[8.4890946,7.7789086],[8.4891117,7.77888],[8.4891416,7.7788677],[8.4891694,7.7788963],[8.4892086,7.7789385],[8.4892747,7.7789763],[8.4893089,7.7789936],[8.4893458,7.77907],[8.4893696,7.7791119],[8.4894292,7.7791477],[8.4894979,7.7791891],[8.4896301,7.7792996],[8.4898581,7.7794497],[8.4899721,7.7795321],[8.490086,7.7795852],[8.4903435,7.7796969],[8.4905876,7.7797739],[8.4908143,7.7798537],[8.4909457,7.7798789],[8.4911455,7.7799334],[8.4914017,7.7799905],[8.4917705,7.7799653],[8.491972,7.7799802],[8.4919954,7.7799852],[8.4920146,7.7799822],[8.4920253,7.7799736],[8.4920266,7.7799556],[8.4920119,7.7799337],[8.4920125,7.7799211],[8.4920253,7.7799118],[8.4920534,7.7799128],[8.4921272,7.7799257],[8.4921547,7.779941],[8.4921698,7.779953],[8.4921923,7.7799699],[8.4922218,7.7799952],[8.4922566,7.7800058],[8.4924001,7.7800324],[8.4925812,7.7800663],[8.4928011,7.7800789],[8.4929346,7.7800789],[8.4930908,7.7800516],[8.4931612,7.7800536],[8.4932383,7.7800643],[8.4933161,7.7800875],[8.493412,7.7800915],[8.4935273,7.7800902],[8.4937674,7.7800862],[8.4938867,7.7800875],[8.4939565,7.7800955],[8.4940269,7.7801154],[8.4941201,7.7801606],[8.4941744,7.7801812],[8.4942334,7.7801885],[8.4943628,7.7801692],[8.4946351,7.7801128],[8.494908,7.7800443],[8.495022,7.7800277],[8.495138,7.7800244],[8.4952366,7.7800423],[8.4953056,7.7800503],[8.4954297,7.780033],[8.495541,7.7800045],[8.49572,7.7799334],[8.4960137,7.7798018],[8.4966132,7.7794803],[8.4967956,7.7793633],[8.4973682,7.7789567],[8.4977639,7.7785648],[8.4981427,7.7781834],[8.4983359,7.7779409],[8.498586,7.7775735],[8.4987214,7.7773795],[8.4988314,7.7772041],[8.4989521,7.7770367],[8.4993189,7.7766394],[8.4995086,7.7764434],[8.4997366,7.7761896],[8.4998862,7.7760401],[8.5001792,7.7757398],[8.500316,7.7756468],[8.5003589,7.7756169],[8.5003844,7.7755876],[8.5004032,7.7755458],[8.5004246,7.7755019],[8.5004521,7.775472],[8.500497,7.7754342],[8.5006405,7.7753186],[8.5008565,7.7751691],[8.5010194,7.7750801],[8.5012615,7.7748934],[8.5015344,7.7746615],[8.5021493,7.7741506],[8.5026026,7.7737573],[8.5032356,7.773235],[8.5038538,7.7727181],[8.5041891,7.7724325],[8.5044225,7.7722478],[8.5045458,7.772168],[8.5047014,7.7720072],[8.5049602,7.7717468],[8.5051976,7.7715169],[8.5055195,7.7711409],[8.5058936,7.7707422],[8.5063282,7.770232],[8.506811,7.7696181],[8.5073219,7.7689484],[8.5077645,7.7683584],[8.5081105,7.7679252],[8.5081869,7.7678229],[8.5082996,7.7677126],[8.5084055,7.7676089],[8.5086322,7.7673498],[8.509056,7.7668236],[8.5094087,7.7663838],[8.5097037,7.7659546],[8.5100833,7.7654483],[8.5103998,7.7649606],[8.5108235,7.7643494],[8.5111427,7.763879],[8.5114405,7.7633581],[8.5116778,7.7630006],[8.5120453,7.7623681],[8.5123251,7.7618297],[8.5125764,7.7613875],[8.5128862,7.7608785],[8.5134266,7.7601224],[8.5136412,7.759846],[8.5140623,7.759268],[8.5141629,7.7591165],[8.5144471,7.7585342],[8.5146075,7.7581943],[8.5148471,7.757745],[8.5150427,7.7574395],[8.5153129,7.7570655],[8.5155939,7.75672],[8.51585,7.7564442],[8.51596,7.7563319],[8.5160431,7.7562622],[8.5161705,7.7562017],[8.5163422,7.7560761],[8.51675,7.75575],[8.517049,7.7555513],[8.5173239,7.7553546],[8.5176048,7.7551513],[8.5179052,7.754922],[8.5182439,7.7546503],[8.5185061,7.7544496],[8.5188179,7.7542071],[8.5190673,7.754043],[8.5192168,7.7539746],[8.519359,7.753954],[8.5194261,7.753953],[8.5194676,7.7539676],[8.5194968,7.7539749],[8.519524,7.7539772],[8.5195515,7.7539679],[8.5195729,7.7539493],[8.5195957,7.753935],[8.5196101,7.7539234],[8.5196155,7.7539098],[8.5196158,7.7538945],[8.5195964,7.7538586],[8.5195753,7.7538321],[8.5195394,7.7538048],[8.5195059,7.7537766],[8.5194945,7.7537626],[8.5194945,7.7537464],[8.5195065,7.7537261],[8.5196024,7.7536606],[8.5198271,7.7535168],[8.5199592,7.7534437],[8.5202461,7.7532357],[8.5206471,7.7530025],[8.5211011,7.7527361],[8.5213472,7.7526258],[8.5216275,7.7525095],[8.5218387,7.7524311],[8.5219373,7.7524139],[8.522001,7.7524125],[8.5220392,7.7523959],[8.5220781,7.7523673],[8.5221237,7.7523374],[8.5221566,7.7523341],[8.5221807,7.7523361],[8.5222739,7.7523474],[8.522345,7.7523574],[8.5223627,7.7523617],[8.5223775,7.7523627],[8.5224,7.752357],[8.5224187,7.7523391],[8.5224395,7.7523268],[8.5224503,7.7523228],[8.5224741,7.7523255],[8.5225129,7.752359],[8.522526,7.752373],[8.5225334,7.7523806],[8.5225482,7.7523826],[8.5225642,7.7523786],[8.522572,7.7523687],[8.5225716,7.7523521],[8.5225673,7.7522982],[8.522573,7.7522667],[8.5225827,7.7522487],[8.5225951,7.7522338],[8.5226222,7.7522232],[8.5226481,7.7522205],[8.5226735,7.7522242],[8.5226893,7.7522384],[8.522692,7.7522554],[8.5227004,7.752265],[8.5227165,7.7522617],[8.5227376,7.7522461],[8.5227597,7.7522368],[8.5227771,7.7522358],[8.5228097,7.7521986],[8.5228405,7.7521487],[8.5228727,7.7521076],[8.5229304,7.7520843],[8.5230014,7.7520697],[8.5232576,7.7520517],[8.5233488,7.7520358],[8.5234313,7.7520431],[8.5235057,7.7520404],[8.5235292,7.7520338],[8.5235392,7.7520218],[8.5235567,7.751987],[8.5235811,7.7519574],[8.5236173,7.7519355],[8.5236894,7.7519106],[8.5237203,7.7519026],[8.5237391,7.7519046],[8.5237518,7.7519155],[8.5237551,7.7519315],[8.5237421,7.75199],[8.5237263,7.7520222],[8.5237065,7.7520381],[8.5236898,7.7520501],[8.5236824,7.7520597],[8.5236831,7.7520672],[8.5236853,7.752071],[8.5236912,7.7520724],[8.5237083,7.7520743],[8.523731,7.7520713],[8.523794,7.7520571],[8.5238728,7.7520341],[8.5239174,7.7520132],[8.5239543,7.7519906],[8.5239885,7.7519581],[8.5240267,7.7519036],[8.5240378,7.7518853],[8.5240837,7.7518763],[8.5241367,7.7518856],[8.5241649,7.7518946],[8.5241856,7.7519086],[8.5242084,7.7519454],[8.5242094,7.751982],[8.5242001,7.7519979],[8.5241903,7.7520152],[8.524191,7.7520208],[8.5242011,7.7520275],[8.5242222,7.7520238],[8.5242473,7.7520185],[8.5242691,7.7520046],[8.5242926,7.7519956],[8.5243459,7.7519956],[8.5243932,7.7519983],[8.5244294,7.7519969],[8.5244693,7.751977],[8.5245109,7.7519511],[8.524542,7.7519282],[8.5246195,7.7519152],[8.5246983,7.7519335],[8.5247435,7.751962],[8.5248394,7.7520105],[8.5248713,7.7520335],[8.524931,7.752067],[8.5249722,7.7520713],[8.525045,7.7520703],[8.5251281,7.7520836],[8.5251727,7.7520973],[8.5252612,7.7521092],[8.5253343,7.75208],[8.5254386,7.7520597],[8.5255841,7.7520507],[8.5257098,7.7520441],[8.5258721,7.7520305],[8.5259552,7.7520504],[8.5261611,7.752073],[8.526253,7.7520677],[8.52632,7.7520325],[8.5263737,7.7519933],[8.5264541,7.751972],[8.5265379,7.7519634],[8.526725,7.7519753],[8.5271113,7.7519508],[8.5274217,7.7519003],[8.527643,7.7518385],[8.5277295,7.7518159],[8.5278556,7.7518079],[8.527936,7.7517966],[8.5280956,7.751776],[8.5282271,7.7517594],[8.5284282,7.7517355],[8.5286321,7.7516863],[8.528842,7.7516225],[8.5290009,7.7515607],[8.529192,7.7514657],[8.5294381,7.7513634],[8.5295957,7.7512943],[8.5298438,7.7512126],[8.5301328,7.7511468],[8.5304117,7.7510418],[8.5306706,7.7509501],[8.5310823,7.7508312],[8.5314068,7.7507648],[8.5319258,7.7506219],[8.5320479,7.7505993],[8.5320995,7.7505747],[8.532131,7.7505495],[8.5321411,7.7505036],[8.5321324,7.7504425],[8.5321706,7.75038],[8.5322155,7.7503229],[8.5322799,7.750289],[8.5324596,7.7502405],[8.5325541,7.7502332],[8.5326232,7.7502571],[8.5326956,7.750287],[8.53276,7.750299],[8.532872,7.750295],[8.532986,7.7502797],[8.5331663,7.7502485],[8.5332991,7.750196],[8.5334128,7.7501515],[8.533456,7.7501259],[8.5335486,7.7500708],[8.5336391,7.7500216],[8.5336605,7.750007],[8.5336673,7.7499917],[8.5336693,7.7499731],[8.5336626,7.7499608],[8.5336475,7.7499542],[8.5336139,7.7499548],[8.5335657,7.7499551],[8.5333762,7.7499561],[8.533275,7.7499502],[8.5331208,7.7499156],[8.5331107,7.7499043],[8.533106,7.7498917],[8.5331147,7.7498804],[8.5331355,7.7498718],[8.5332408,7.7498558],[8.5335184,7.7498399],[8.5337222,7.7498372],[8.5338429,7.7498246],[8.5338818,7.7498213],[8.5339294,7.7497927],[8.5340112,7.7497469],[8.5341534,7.7497409],[8.5342057,7.7497336],[8.5342446,7.7497189],[8.5342889,7.7496983],[8.5343217,7.7496711],[8.5343512,7.7496319],[8.5343888,7.7496047],[8.5344813,7.7495655],[8.5345598,7.7495402],[8.5346442,7.7495223],[8.5348132,7.7495176],[8.534891,7.7495269],[8.5350265,7.7495302],[8.5350714,7.7495395],[8.5351284,7.7495542],[8.5352652,7.7495734],[8.5353617,7.7495748],[8.5354456,7.7495708],[8.5355488,7.7495442],[8.5357855,7.7494784],[8.5359082,7.7494419],[8.5359813,7.749408],[8.5360216,7.7494047],[8.5360725,7.7494073],[8.5361134,7.7493861],[8.5361362,7.7493489],[8.5361677,7.7493236],[8.536218,7.7493083],[8.5362744,7.749303],[8.5363253,7.7492917],[8.5363743,7.7492778],[8.5364145,7.7492545],[8.5364983,7.7491834],[8.5365131,7.7491548],[8.5367122,7.7490831],[8.5368832,7.7489861],[8.5371333,7.7488625],[8.5372487,7.7487994],[8.537356,7.748723],[8.5374579,7.7486412],[8.5376074,7.748501],[8.5379514,7.7482339],[8.5383772,7.7478725],[8.5385402,7.7477316],[8.5387393,7.7475609],[8.5389881,7.7473728],[8.5390417,7.747323],[8.5390813,7.7472665],[8.5392201,7.7471157],[8.5394239,7.7469263],[8.5395433,7.7467981],[8.5395668,7.7467622],[8.5395855,7.7467277],[8.5396003,7.7466898],[8.5395943,7.7466626],[8.5395735,7.7466194],[8.5395534,7.7465735],[8.5395567,7.7465423],[8.5395815,7.7465177],[8.5396077,7.7464971],[8.5396459,7.7464606],[8.5396814,7.7463755],[8.5397062,7.7463456],[8.5397257,7.746329],[8.539833,7.7462825],[8.5398813,7.7462533],[8.5399282,7.7462227],[8.5399684,7.7462061],[8.5399973,7.7462074],[8.5400261,7.7462141],[8.540065,7.746222],[8.5401079,7.7462207],[8.5401501,7.7462154],[8.5401904,7.7462021],[8.5402152,7.7461789],[8.5402869,7.7461157],[8.5403835,7.7460327],[8.540525,7.7459257],[8.5405578,7.7458872],[8.5405941,7.745834],[8.5406524,7.7457716],[8.5408422,7.7456167],[8.5410004,7.7454752],[8.5410634,7.7453981],[8.5410862,7.7453736],[8.541221,7.7452686],[8.5413364,7.7451357],[8.5416408,7.7448925],[8.5417561,7.7448128],[8.5426594,7.7441052],[8.5429202,7.7439962],[8.5430422,7.743961],[8.543113,7.7439351],[8.5431502,7.7439244],[8.5431616,7.7439158],[8.543173,7.7438985],[8.5431757,7.7438779],[8.5431636,7.7438593],[8.5431354,7.7438454],[8.5430862,7.7438224],[8.5430178,7.7437819],[8.543008,7.743769],[8.5429987,7.7437484],[8.542997,7.7437291],[8.5430101,7.7437055],[8.5430261,7.7436786],[8.5430563,7.7436371],[8.5430842,7.7436078],[8.5431227,7.7435729],[8.543171,7.7435444],[8.5432179,7.7435404],[8.5432515,7.7435384],[8.5432729,7.7435258],[8.5432789,7.7434999],[8.5432709,7.7434507],[8.5432709,7.7434215],[8.5433085,7.7434068],[8.5433856,7.7433942],[8.5435036,7.7434168],[8.5436115,7.7434354],[8.5437255,7.7434427],[8.5438026,7.7434314],[8.543981,7.7433437],[8.544317,7.743171],[8.5446006,7.7430095],[8.5452068,7.7427331],[8.5455729,7.7425896],[8.54565,7.7425451],[8.5456929,7.7424985],[8.5457345,7.7424354],[8.545768,7.7423849],[8.5457902,7.7423577],[8.5458324,7.7423464],[8.5459229,7.7423344],[8.5459605,7.7423205],[8.5460094,7.7422999],[8.5460584,7.7422959],[8.5460993,7.7423092],[8.5461409,7.7423265],[8.5461798,7.7423265],[8.5466078,7.7422517],[8.5468067,7.7421922],[8.5468476,7.742151],[8.5468838,7.7421198],[8.5469422,7.7420853],[8.5469998,7.7420786],[8.5472748,7.74205],[8.5474505,7.7420055],[8.5476194,7.7419417],[8.5477167,7.7419185],[8.5477663,7.7419152],[8.5478206,7.7419238],[8.5479004,7.7419431],[8.5479621,7.741965],[8.5480546,7.7419597],[8.5480942,7.7419471],[8.5481371,7.7419291],[8.5481981,7.7419344],[8.5482162,7.7419524],[8.5482102,7.7419736],[8.5481881,7.7419929],[8.5481612,7.7420115],[8.5481465,7.7420308],[8.5481478,7.7420534],[8.5481807,7.7420853],[8.5482129,7.7421052],[8.5482746,7.7421225],[8.5483249,7.7421205],[8.5483517,7.7421112],[8.5483711,7.7420919],[8.5483812,7.7420693],[8.5483825,7.7420288],[8.5483812,7.7419809],[8.5483865,7.7419378],[8.548404,7.7418873],[8.5484811,7.7418022],[8.5486346,7.7416474],[8.5487527,7.7415145],[8.5488861,7.7414773],[8.5490088,7.7414846],[8.5491765,7.7415597],[8.549216,7.7416388],[8.5493233,7.7417245],[8.549387,7.7417577],[8.5494836,7.7417245],[8.5495634,7.74167],[8.549609,7.741652],[8.5496613,7.741674],[8.5497102,7.7417318],[8.5497672,7.741765],[8.5498363,7.7417544],[8.5499208,7.7417192],[8.5499835,7.7417006],[8.5500016,7.7416952],[8.5500113,7.7416976],[8.5500237,7.7417082],[8.5500294,7.7417331],[8.55002,7.7417836],[8.5500381,7.7418434],[8.5500931,7.7418899],[8.5501461,7.7419218],[8.5502138,7.7419245],[8.5502654,7.7419125],[8.5503412,7.7418753],[8.5504083,7.7418275],[8.5504398,7.7418135],[8.550474,7.7418202],[8.5505149,7.7418301],[8.5505766,7.7418527],[8.5506456,7.7418647],[8.5506906,7.7418474],[8.5507321,7.7418182],[8.5507724,7.7417989],[8.5508025,7.7417929],[8.5508421,7.7418062],[8.5508763,7.7418613],[8.5508911,7.7418979],[8.5509132,7.7419351],[8.5509494,7.7419451],[8.5510319,7.7419584],[8.5513102,7.7418833],[8.5513584,7.7418873],[8.5514013,7.7419052],[8.5514818,7.7419544],[8.551565,7.7420168],[8.551695,7.74207],[8.5518372,7.7421152],[8.5518996,7.7421411],[8.5519358,7.7421457],[8.5519559,7.7421318],[8.5519981,7.7421245],[8.5520793,7.7421371],[8.5521685,7.7421829],[8.5521933,7.7422195],[8.5522074,7.7422368],[8.5522214,7.7422454],[8.5522409,7.7422461],[8.5522677,7.7422434],[8.5523019,7.7422348],[8.5523448,7.7422248],[8.5523971,7.7422314],[8.5524246,7.7422514],[8.5524957,7.7422853],[8.5526191,7.7423437],[8.5527471,7.7423936],[8.5528424,7.7424148],[8.5529684,7.7424281],[8.553073,7.7424155],[8.5531401,7.7424102],[8.5531683,7.7424022],[8.5531951,7.7423882],[8.553238,7.7423457],[8.5532802,7.7423118],[8.5533486,7.7423125],[8.5534338,7.7423484],[8.5534801,7.7423789],[8.5535739,7.7424507],[8.5536068,7.7424966],[8.5536423,7.7425251],[8.5536718,7.7425377],[8.5537349,7.7425451],[8.5538529,7.7425557],[8.5539562,7.7425843],[8.5540614,7.7425916],[8.5541379,7.7425936],[8.5541882,7.7425902],[8.5542103,7.742575],[8.5542324,7.742547],[8.5542277,7.7425271],[8.5542089,7.7425059],[8.5541714,7.7424866],[8.5541178,7.7424647],[8.5541057,7.742448],[8.5541144,7.7424268],[8.5541352,7.7424088],[8.554164,7.7423889],[8.5542029,7.7423696],[8.5542633,7.7423776],[8.5543444,7.7424135],[8.5546327,7.7425484],[8.5547702,7.7426068],[8.5548466,7.7426467],[8.5549171,7.7426647],[8.5549694,7.742664],[8.5550082,7.7426447],[8.5550203,7.7426221],[8.5549868,7.7425929],[8.5549191,7.7425683],[8.5548413,7.7425391],[8.5547709,7.7425005],[8.5547367,7.7424819],[8.5547139,7.74247],[8.5546944,7.7424514],[8.5546837,7.7424208],[8.5546938,7.7423863],[8.5547179,7.7423683],[8.5547702,7.7423882],[8.5548922,7.7424108],[8.5549271,7.7424162],[8.5549848,7.7424215],[8.5550217,7.7424394],[8.5550552,7.7424799],[8.555076,7.7425078],[8.5550934,7.7425178],[8.5552724,7.7425397],[8.5554387,7.742569],[8.5555259,7.7425843],[8.5555923,7.7425809],[8.5556486,7.7425617],[8.5557324,7.7425158],[8.5557713,7.7424494],[8.5557841,7.7423956],[8.5557948,7.7423783],[8.5558143,7.742363],[8.555831,7.7423643],[8.5558498,7.7423916],[8.5558645,7.7424221],[8.555884,7.7424806],[8.5559189,7.7425284],[8.5559564,7.7425444],[8.5560811,7.7425424],[8.5562193,7.7425198],[8.5564063,7.7424726],[8.5564499,7.7424507],[8.5564882,7.7424195],[8.5564982,7.7423919],[8.556519,7.7423693],[8.5565522,7.742353],[8.5566042,7.7423431],[8.5566471,7.7423364],[8.556696,7.7423504],[8.556747,7.7423896],[8.5568073,7.7424447],[8.5568603,7.7424726],[8.5568972,7.7424813],[8.557032,7.7424892],[8.557376,7.7424842],[8.5577901,7.7424468],[8.5582831,7.7424148],[8.5588144,7.7423717],[8.5595459,7.7423012],[8.5597605,7.7423211],[8.5600521,7.7423198],[8.5602064,7.742351],[8.5603432,7.742373],[8.560541,7.7423557],[8.5606945,7.7423378],[8.5607944,7.7423085],[8.560828,7.7423125],[8.5608729,7.7423364],[8.5609353,7.7423696],[8.5611029,7.7423976],[8.5612571,7.7424108],[8.5614938,7.7424241],[8.5616015,7.7424338],[8.5616538,7.7424358],[8.5616782,7.7424288],[8.5616953,7.7424142],[8.561697,7.7423982],[8.561689,7.7423873],[8.5616715,7.7423696],[8.5616715,7.742359],[8.5616772,7.7423524],[8.5616977,7.7423467],[8.5617369,7.7423401],[8.5617627,7.7423364],[8.5618113,7.7423424],[8.5618838,7.7423617],[8.5619615,7.7423929],[8.5620008,7.7423966],[8.5620601,7.7423886],[8.562106,7.7423779],[8.5621426,7.7423816],[8.5621708,7.7423992],[8.5621808,7.7424311],[8.5621868,7.7424683],[8.5621892,7.7424823],[8.5622039,7.7425155],[8.5622294,7.7425331],[8.5622908,7.7425401],[8.5624155,7.7425597],[8.5625104,7.7425686],[8.5627119,7.7426085],[8.562905,7.7426371],[8.5629506,7.7426384],[8.5630207,7.7426424],[8.5630961,7.7426623],[8.5632339,7.7426666],[8.5633301,7.7426547],[8.5633848,7.7426613],[8.5634381,7.7426793],[8.5635856,7.7426949],[8.5636701,7.7427181],[8.5637636,7.7427301],[8.5638746,7.7427225],[8.5639313,7.7427231],[8.5639698,7.7427354],[8.5639903,7.7427427],[8.5640812,7.7427583],[8.5641314,7.7427593],[8.5641737,7.7427437],[8.5642059,7.7427231],[8.5642454,7.7426833],[8.5642907,7.7426607],[8.5643507,7.7426557],[8.5644007,7.7426643],[8.5644285,7.7426959],[8.5644339,7.7427125],[8.5644436,7.7427613],[8.5644583,7.7427989],[8.5644982,7.7428308],[8.5646035,7.7428573],[8.564692,7.7428643],[8.5647494,7.7428759],[8.5648147,7.7428962],[8.5649016,7.7428959],[8.5649693,7.7429035],[8.5651336,7.7429113],[8.5651799,7.7429161],[8.5653016,7.7429231],[8.5654038,7.7429258],[8.5654373,7.7429311],[8.5655088,7.7429547],[8.5656127,7.7429866],[8.5657069,7.7429936],[8.5658018,7.742968],[8.5658598,7.7429617],[8.565891,7.7429617],[8.5659507,7.742963],[8.5659664,7.742959],[8.5659885,7.7429504],[8.5660003,7.7429381],[8.5660036,7.7429142],[8.5660113,7.7428906],[8.5660254,7.7428823],[8.5660378,7.7428813],[8.5660482,7.7428912],[8.5660455,7.7429125],[8.566063,7.7429753],[8.5660831,7.7430015],[8.5661096,7.7430191],[8.5661619,7.7430477],[8.5664217,7.7431052],[8.5665679,7.7431324],[8.5666893,7.743145],[8.5667677,7.7431597],[8.5668455,7.7431829],[8.5670131,7.7432341],[8.567095,7.743268],[8.5671553,7.7432779],[8.5672123,7.7432813],[8.5673256,7.7432952],[8.5674825,7.7433371],[8.5676086,7.743361],[8.5676468,7.7433626],[8.5676694,7.7433568],[8.5676803,7.7433495],[8.5676914,7.7433269],[8.5677048,7.7432688],[8.5677159,7.7431771],[8.5677189,7.743158],[8.5677285,7.7431434],[8.5677467,7.7431384],[8.5677514,7.7431357],[8.5677554,7.7431268],[8.5677581,7.7431102],[8.5677615,7.7430886],[8.5677752,7.7430823],[8.5677833,7.7430866],[8.5677846,7.7431052],[8.5677863,7.7431387],[8.5677779,7.7432314],[8.5677608,7.7433085],[8.5677514,7.7433387],[8.5677559,7.7433502],[8.5677665,7.7433558],[8.5677787,7.7433567],[8.5677923,7.7433504],[8.5678188,7.7432228],[8.5678252,7.7431769],[8.5678302,7.74316],[8.5678342,7.7431545],[8.5678419,7.7431537],[8.5678484,7.7431563],[8.5678577,7.7431646],[8.5678721,7.7431829],[8.5678886,7.7432042],[8.5678929,7.7432354],[8.5678725,7.7433251],[8.5678634,7.743369],[8.5678594,7.7433955],[8.5678637,7.7434155],[8.5678835,7.7434334],[8.5679214,7.7434387],[8.5679429,7.7434367],[8.5679707,7.7434301],[8.5679985,7.7434205],[8.5680133,7.7434178],[8.5680324,7.7434188],[8.5680538,7.7434407],[8.5680874,7.743468],[8.5681598,7.7435025],[8.5682329,7.7435191],[8.5682986,7.7435291],[8.5683766,7.7435202],[8.5684887,7.7435249],[8.5685103,7.7435269],[8.5685165,7.7435214],[8.5685199,7.7435102],[8.5685175,7.7434979],[8.568517,7.7434744],[8.5685229,7.7434597],[8.5685324,7.7434588],[8.5685626,7.7434869],[8.5686027,7.7435241],[8.5686181,7.7435653],[8.5686225,7.7435886],[8.5686195,7.7436214],[8.5686235,7.7436381],[8.5686285,7.7436437],[8.5686593,7.7436467],[8.5687656,7.7436832],[8.5688518,7.7437188],[8.5689343,7.7437367],[8.5691787,7.7435852],[8.5692069,7.7435949],[8.5692176,7.7436274],[8.5692065,7.7436786],[8.5691918,7.7437929],[8.5691951,7.7438304],[8.5692203,7.7438746],[8.5692484,7.7438959],[8.569289,7.7439045],[8.5693433,7.7439012],[8.5693758,7.7439015],[8.5694335,7.7438952],[8.5694774,7.7438666],[8.5694999,7.7438377],[8.5695291,7.7437726],[8.5695455,7.7437523],[8.5695669,7.7437447],[8.5695921,7.7437457],[8.5696068,7.7437606],[8.569629,7.7438175],[8.5696434,7.7438407],[8.5696669,7.743854],[8.5697262,7.7438656],[8.5697919,7.7438696],[8.5698389,7.743859],[8.569862,7.7438294],[8.5698647,7.7437995],[8.5698603,7.7437626],[8.5698449,7.7437218],[8.5698181,7.7437032],[8.569687,7.7436706],[8.5696243,7.7436494],[8.5694811,7.7436304],[8.5694063,7.7436155],[8.5693876,7.7436028],[8.5693852,7.7435886],[8.569401,7.7435746],[8.5694201,7.7435743],[8.5697178,7.7436025],[8.5697658,7.7435965],[8.569808,7.7435816],[8.5698492,7.7435769],[8.5698912,7.7435743],[8.5699197,7.7435769],[8.5699398,7.7435879],[8.5699488,7.7436062],[8.5699495,7.7436424],[8.5699227,7.7436819],[8.569918,7.7437198],[8.5699267,7.7437935],[8.56992,7.7438374],[8.5699374,7.7438699],[8.5699642,7.7438786],[8.5700005,7.7438699],[8.5700172,7.7438487],[8.5700286,7.7438048],[8.5700494,7.7437337],[8.5700627,7.7436387],[8.5700668,7.7436198],[8.5700717,7.7436035],[8.5700792,7.7435977],[8.5700906,7.7435957],[8.5701002,7.743602],[8.5701041,7.7436113],[8.5701074,7.7436334],[8.5701151,7.7437195],[8.5701081,7.7437909],[8.5701109,7.743805],[8.570118,7.7438116],[8.5701258,7.7438146],[8.5701359,7.7438126],[8.5701441,7.743807],[8.5701523,7.7437969],[8.5701594,7.7437854],[8.5701714,7.7437796],[8.5701994,7.7437801],[8.570241,7.743798],[8.5702719,7.7438068],[8.5703159,7.7438274],[8.5703367,7.7438371],[8.5703797,7.7438424],[8.5704011,7.7438374],[8.5704289,7.7438131],[8.5704467,7.7438058],[8.5704584,7.7438058],[8.5704826,7.7438158],[8.5705084,7.7438304],[8.5705744,7.7438497],[8.5707377,7.7438351],[8.5713194,7.743769],[8.5716104,7.7437603],[8.5721596,7.7436746],[8.5727598,7.7435052],[8.5729093,7.7434454],[8.5730924,7.7433896],[8.5732131,7.7433464],[8.5734451,7.7432646],[8.5735302,7.7432288],[8.5735698,7.7432234],[8.573608,7.7432261],[8.5736409,7.7432354],[8.573669,7.7432487],[8.5736858,7.7432537],[8.5737026,7.743252],[8.5737498,7.7432344],[8.5737948,7.7432082],[8.573898,7.7431347],[8.5739926,7.7430955],[8.5740218,7.743073],[8.5740308,7.7430613],[8.5740389,7.7430514],[8.5740435,7.7430357],[8.5740382,7.7430205],[8.5740187,7.7430048],[8.5740043,7.7429975],[8.5740003,7.7429829],[8.5740047,7.7429663],[8.5740218,7.7429597],[8.5740761,7.742953],[8.5741834,7.7429424],[8.5742511,7.7429703],[8.5742987,7.7429856],[8.5743255,7.7429916],[8.5743657,7.7429836],[8.5744227,7.742947],[8.5744925,7.7428906],[8.5745636,7.742858],[8.5746722,7.7428334],[8.5747728,7.7428175],[8.574866,7.7428195],[8.5749176,7.7428235],[8.5750034,7.7427909],[8.5751288,7.742759],[8.5752033,7.7427583],[8.575509,7.74267],[8.5755499,7.7426454],[8.5755627,7.7426288],[8.5755691,7.7426112],[8.5755694,7.7425839],[8.5755634,7.7425573],[8.575556,7.7425321],[8.5755627,7.7425128],[8.5755828,7.7425005],[8.5756126,7.7424989],[8.5756616,7.7425181],[8.5756898,7.7425331],[8.5757209,7.7425424],[8.5757793,7.7425364],[8.5758835,7.7425022],[8.5759858,7.7424879],[8.5760294,7.7424889],[8.5760844,7.7424746],[8.5761907,7.7424288],[8.5763533,7.7423896],[8.576421,7.7423627],[8.5764528,7.7423301],[8.5764844,7.7422813],[8.5765196,7.7422587],[8.5765625,7.7422344],[8.5765866,7.7422321],[8.5766094,7.7422464],[8.5766315,7.7422637],[8.5766667,7.7422683],[8.5767693,7.7422497],[8.5769504,7.7421899],[8.5771204,7.7421311],[8.5772246,7.7420863],[8.5774154,7.7420218],[8.5777802,7.7419178],[8.5778975,7.7418919],[8.5780008,7.7418756],[8.57803,7.7418683],[8.578087,7.7418487],[8.5781195,7.7418248],[8.578141,7.7417966],[8.5781835,7.7417766],[8.5782127,7.741778],[8.5782627,7.7417889],[8.5783066,7.7417859],[8.5783532,7.74178],[8.5784447,7.7417587],[8.5785369,7.7417238],[8.5785912,7.741681],[8.5786613,7.7416437],[8.5787099,7.7416268],[8.5787837,7.7416119],[8.5789372,7.7415743],[8.5791532,7.7415138],[8.5792319,7.7414829],[8.579303,7.7414504],[8.579415,7.7414235],[8.5795759,7.7413936],[8.5797436,7.7413607],[8.5798542,7.7413325],[8.5799458,7.7413212],[8.5800188,7.7413142],[8.5801392,7.7413073],[8.5803659,7.7412687],[8.5804228,7.7412594],[8.5804725,7.7412713],[8.5805697,7.741278],[8.5806474,7.7412745],[8.5807306,7.7412434],[8.580789,7.7412308],[8.5808466,7.7412394],[8.5809056,7.741262],[8.5809412,7.74128],[8.5809787,7.7412959],[8.5810183,7.7413059],[8.5810585,7.7413065],[8.5811242,7.7412986],[8.5811712,7.7413079],[8.5812128,7.7413092],[8.5812503,7.7412979],[8.5812912,7.7412846],[8.5813341,7.7412773],[8.5813744,7.7412859],[8.5814428,7.7413178],[8.5815279,7.7413431],[8.5815722,7.7413537],[8.581605,7.741357],[8.5816419,7.7413511],[8.5816855,7.7413557],[8.5817324,7.7413796],[8.5817566,7.7413942],[8.5818437,7.7414261],[8.5819001,7.7414348],[8.5819752,7.7414434],[8.5820409,7.7414594],[8.5821898,7.7414959],[8.5822481,7.7415065],[8.5825941,7.7415517],[8.5828945,7.7415624],[8.5830662,7.7415942],[8.5832512,7.7415942],[8.5833451,7.741573],[8.5836831,7.7415384],[8.5839137,7.7415119],[8.5842034,7.7415437],[8.5845387,7.7415597],[8.5849705,7.7416235],[8.585346,7.7417112],[8.5859174,7.7419204],[8.5864281,7.7421169],[8.5870129,7.7423129],[8.5875622,7.7426104],[8.588014,7.7428536],[8.5886041,7.7431509],[8.5889583,7.7433313],[8.5893682,7.7435277],[8.5896537,7.7436779],[8.5899783,7.7438228],[8.5904965,7.7439745],[8.5911139,7.7440705],[8.5916971,7.7441765],[8.5923565,7.7442193],[8.593093,7.7442351],[8.5936434,7.7442778],[8.5941348,7.7442675],[8.5950222,7.744177],[8.5955109,7.7441502],[8.5972169,7.7441034],[8.5978789,7.7440929],[8.598716,7.7441383],[8.5995561,7.7442079],[8.6001046,7.7442787],[8.6004852,7.7443161],[8.6008239,7.7443628],[8.6011938,7.7444306],[8.6017559,7.744497],[8.6028408,7.7445696],[8.6032895,7.7445261],[8.6037554,7.7445404],[8.6044219,7.7445789],[8.6049114,7.7445975],[8.6054586,7.7446294],[8.6062029,7.7446799],[8.6064564,7.7446746],[8.6066012,7.7447078],[8.6068802,7.7447503],[8.607084,7.7448154],[8.6073925,7.7449005],[8.6076513,7.7450121],[8.607851,7.7451063],[8.6086357,7.745331],[8.610088,7.74568],[8.6104086,7.7457829],[8.6107519,7.7459264],[8.6111221,7.7460566],[8.6114547,7.7461363],[8.6118612,7.7461985],[8.6122003,7.7462533],[8.6124229,7.7462772],[8.6126348,7.7463755],[8.6131391,7.7465961],[8.6134931,7.7467901],[8.6136755,7.7468566],[8.6137887,7.7469026],[8.6165924,7.7475199],[8.6189944,7.7481084],[8.6200086,7.7482993],[8.6210811,7.7483927],[8.6233181,7.7483688],[8.6240101,7.7482851],[8.6242072,7.7482625],[8.6247276,7.7482034],[8.6251018,7.7481709],[8.6265957,7.7479967],[8.6267661,7.7479768],[8.6268827,7.7479715],[8.6271241,7.7479569],[8.6271644,7.7479675],[8.627214,7.7479795],[8.6272582,7.7479781],[8.6273079,7.7479688],[8.6273414,7.7479476],[8.627395,7.7479144],[8.6274286,7.7478918],[8.6274675,7.7478692],[8.6275157,7.7478652],[8.6275526,7.7478718],[8.6275794,7.7478785],[8.6275969,7.7478811],[8.6276304,7.7478805],[8.6276565,7.7478619],[8.6277149,7.7478054],[8.6277377,7.7477881],[8.6277692,7.7477795],[8.627794,7.7477775],[8.6278148,7.7477788],[8.6278886,7.7478001],[8.628024,7.7478652],[8.628138,7.7478944],[8.6282761,7.7479223],[8.6283848,7.7479675],[8.6285363,7.7480592],[8.6286074,7.7481084],[8.628704,7.7481562],[8.6287911,7.7481868],[8.628885,7.7482266],[8.6290352,7.7482466],[8.6291827,7.7482599],[8.6293691,7.7482864],[8.6296307,7.748309],[8.6297876,7.748309],[8.6299565,7.7483223],[8.6301497,7.748321],[8.6304487,7.7483104],[8.6306807,7.7482864],[8.6309181,7.7482466],[8.6310562,7.7482333],[8.6311105,7.7482246],[8.6311776,7.7482193],[8.6312152,7.7482173],[8.6312993,7.7481997],[8.6313996,7.748218],[8.6315745,7.748214],[8.6318146,7.7481761],[8.6319823,7.7481409],[8.6323719,7.7480884],[8.6324396,7.7480738],[8.6324939,7.7480619],[8.6325576,7.7480579],[8.6326328,7.7480386],[8.632742,7.7480207],[8.6329103,7.7479921],[8.6332201,7.747929],[8.6334575,7.7478964],[8.6337774,7.7478519],[8.633937,7.7478267],[8.6340664,7.7477974],[8.634181,7.7477768],[8.6343041,7.7477535],[8.6343862,7.7477429],[8.6344465,7.7477389],[8.6345143,7.747731],[8.6345988,7.7477184],[8.6347919,7.7476702],[8.6350179,7.7475941],[8.6352043,7.7475556],[8.6353719,7.7475237],[8.635498,7.7474718],[8.6355825,7.7474453],[8.6357233,7.7474041],[8.6360036,7.7473124],[8.6362182,7.7472486],[8.6363107,7.7472273],[8.6364327,7.7472008],[8.6365266,7.7471795],[8.6365937,7.7471476],[8.6366339,7.7471277],[8.6367305,7.7470905],[8.6368887,7.7470612],[8.6370282,7.7470346],[8.6371502,7.7469921],[8.6372374,7.7469589],[8.6373702,7.7469297],[8.6375177,7.7468752],[8.6378436,7.7467543],[8.6384209,7.7465915],[8.638557,7.7465489],[8.6388621,7.746444],[8.6390211,7.7463994],[8.6391565,7.7463543],[8.6392424,7.7463184],[8.6392806,7.7463041],[8.6393265,7.7463028],[8.6393664,7.7463157],[8.6394308,7.7463071],[8.6395568,7.7462818],[8.6397547,7.7462539],[8.6399049,7.7461968],[8.6401302,7.746149],[8.6406049,7.7460832],[8.64175,7.746],[8.6420372,7.745953],[8.642284,7.7459264],[8.6424838,7.7459038],[8.6426595,7.7458759],[8.6427775,7.7458546],[8.6429559,7.7458373],[8.6432375,7.7458201],[8.6435835,7.7458147],[8.6447074,7.7458227],[8.645618,7.7458493],[8.6457655,7.7458679],[8.6458433,7.7458998],[8.6460364,7.745945],[8.6463958,7.7460034],[8.6465514,7.7460327],[8.6468223,7.7460327],[8.6469725,7.7460672],[8.647238,7.746139],[8.6476859,7.7462187],[8.6477959,7.7462174],[8.6478911,7.7462519],[8.647926,7.7462838],[8.6479823,7.7463091],[8.648095,7.7463357],[8.6482143,7.7463397],[8.6482894,7.7463556],[8.6483431,7.7463715],[8.6484142,7.7463981],[8.6484678,7.7464433],[8.6485161,7.7464632],[8.6485952,7.7464752],[8.6486851,7.7464845],[8.6487763,7.7465058],[8.6488339,7.7465377],[8.648897,7.7465788],[8.6489654,7.7466041],[8.6490566,7.74662],[8.6491142,7.7466254],[8.6491786,7.7466386],[8.6493851,7.7466918],[8.649601,7.7467609],[8.6498612,7.7468353],[8.6501817,7.7469536],[8.6503091,7.7469988],[8.6504151,7.747028],[8.6504889,7.7470373],[8.6505519,7.747036],[8.6506297,7.7470386],[8.6506873,7.7470506],[8.6507624,7.7470665],[8.6509086,7.7470971],[8.6509596,7.7471064],[8.6510105,7.747121],[8.6510776,7.7471489],[8.6511594,7.7471835],[8.6512198,7.7472061],[8.6514035,7.7472632],[8.6517669,7.7473416],[8.6520649,7.7474364],[8.6525134,7.7475934],[8.6534671,7.7477932],[8.6536254,7.7478081],[8.6538777,7.7478888],[8.6539878,7.747929],[8.6540803,7.7479529],[8.6542346,7.7479489],[8.6543204,7.7479595],[8.6543834,7.7479835],[8.6544545,7.7480512],[8.6545256,7.7481389],[8.6546704,7.7482213],[8.6547884,7.7482506],[8.6549091,7.7482572],[8.6550618,7.7482528],[8.6553785,7.7482731],[8.6558533,7.7483555],[8.6563085,7.7484683],[8.6567947,7.7485549],[8.6576297,7.7488847],[8.6597818,7.7499393],[8.6604652,7.7502671],[8.6613894,7.7507833],[8.6617193,7.7510505],[8.66246,7.7518167],[8.6628431,7.7521853],[8.66376,7.7527182],[8.6651847,7.7533042],[8.6667699,7.7536284],[8.6672864,7.753855],[8.6680375,7.7542315],[8.6689398,7.7547074],[8.6695299,7.755138],[8.6698789,7.7554741],[8.6703506,7.7560124],[8.6708415,7.7564084],[8.6719063,7.7570874],[8.6738509,7.7578807],[8.6741888,7.7580561],[8.6747092,7.7583644],[8.6756694,7.75888],[8.6762649,7.7591883],[8.6769086,7.7596029],[8.6776677,7.7601105],[8.6787835,7.7607935],[8.6798537,7.7615509],[8.6804062,7.7620133],[8.6807388,7.7622897],[8.6808944,7.7624306],[8.6809534,7.762513],[8.6809695,7.7625914],[8.6809695,7.7626352],[8.6809909,7.7626897],[8.6811974,7.762909],[8.6814898,7.7631827],[8.6817822,7.7635574],[8.6819082,7.7637567],[8.6819941,7.7640916],[8.6820531,7.7642351],[8.6823159,7.7646098],[8.6827907,7.7652051],[8.6828443,7.7652955],[8.6829516,7.7654682],[8.6834452,7.7660503],[8.6835659,7.766231],[8.6836732,7.7663878],[8.683708,7.766518],[8.6837161,7.7666243],[8.6837563,7.7667359],[8.6837938,7.766813],[8.6838528,7.766922],[8.6839735,7.7670841],[8.6843383,7.7674907],[8.6845905,7.7677352],[8.684856,7.7680063],[8.6850786,7.7682215],[8.6852074,7.7683385],[8.6853683,7.7684235],[8.6858699,7.768676],[8.686409,7.7689816],[8.6865941,7.7691065],[8.6868489,7.769242],[8.6871145,7.7693617],[8.6875945,7.7695264],[8.6880076,7.7697496],[8.6883536,7.7699171],[8.6891824,7.7702838],[8.6899629,7.7706107],[8.6904672,7.7708286],[8.6909661,7.7709828],[8.6913684,7.7711794],[8.6915883,7.7712565],[8.6918807,7.7712724],[8.692157,7.7712591],[8.6923957,7.7712326],[8.6925405,7.771206],[8.6927149,7.7711821],[8.6931873,7.7710892],[8.6944122,7.7709899],[8.69675,7.77125],[8.6978273,7.7711056],[8.6997682,7.7707331],[8.702572,7.7703981],[8.7035805,7.7703715],[8.7042403,7.7702014],[8.705163,7.769941],[8.706944,7.7696646],[8.7082908,7.7695573],[8.709279,7.7696111],[8.7098777,7.76968],[8.7103665,7.7697868],[8.7109029,7.7699888],[8.7112369,7.7701655],[8.7112442,7.7701711],[8.7156102,7.7666743],[8.7151611,7.7657135]],[[8.5573119,7.7381624],[8.557331,7.7381837],[8.5573445,7.7382142],[8.5573461,7.7382827],[8.5573418,7.7383162],[8.5573351,7.7383428],[8.5573247,7.7383591],[8.5572278,7.7384132],[8.5571349,7.7384667],[8.5571195,7.7384704],[8.5571022,7.7384674],[8.557092,7.7384571],[8.5570858,7.738435],[8.5570896,7.7384152],[8.5570913,7.7383943],[8.5570903,7.7383817],[8.5570823,7.7383624],[8.5570675,7.7383518],[8.5570316,7.7383544],[8.55698,7.7383667],[8.5569438,7.7383724],[8.5569187,7.738366],[8.5568965,7.7383518],[8.5568321,7.7383066],[8.5568201,7.7382847],[8.5568104,7.7382601],[8.5567943,7.7382381],[8.5567644,7.7382179],[8.5567068,7.7382096],[8.5566006,7.7382084],[8.556583,7.7382003],[8.5565747,7.7381905],[8.5565715,7.7381768],[8.5565783,7.7381669],[8.5566075,7.7381557],[8.5569736,7.7380471],[8.5570333,7.7380405],[8.557153,7.7380445],[8.5572325,7.738069],[8.5572663,7.738094],[8.5572871,7.7381252],[8.5573119,7.7381624]],[[8.5579634,7.7380747],[8.5580271,7.7380574],[8.5581139,7.7380222],[8.5581458,7.737989],[8.5581551,7.737973],[8.5581551,7.7379484],[8.5581511,7.7379259],[8.5581535,7.7379136],[8.5581652,7.7379046],[8.5581967,7.7379019],[8.5582443,7.7379079],[8.5582785,7.7379305],[8.558306,7.7379405],[8.558359,7.7379385],[8.5583892,7.7379378],[8.5584375,7.7379385],[8.5584676,7.7379504],[8.5584998,7.7379763],[8.5585494,7.7380282],[8.5585877,7.738066],[8.558642,7.738092],[8.5587365,7.7381298],[8.5588099,7.7381591],[8.5588693,7.7382222],[8.5589134,7.7382504],[8.5589404,7.738266],[8.5589536,7.738278],[8.5589605,7.7382946],[8.5589601,7.7383086],[8.5589528,7.7383368],[8.5589323,7.7383734],[8.5589265,7.738385],[8.558928,7.7383921],[8.5589352,7.7383971],[8.5589506,7.7384013],[8.5589672,7.7384018],[8.5589891,7.7384059],[8.5590148,7.7384145],[8.5590371,7.7384323],[8.5590649,7.7384594],[8.5590842,7.7384817],[8.5590882,7.7384971],[8.5590892,7.7385132],[8.5590845,7.7385318],[8.5590678,7.7385458],[8.5590208,7.738571],[8.5589189,7.7385883],[8.5588391,7.738584],[8.5587553,7.7385544],[8.5587191,7.7385361],[8.5586996,7.7385232],[8.5587037,7.7384986],[8.5587234,7.7384886],[8.5587516,7.738483],[8.5587684,7.738468],[8.5587707,7.7384428],[8.5587439,7.7383896],[8.5586963,7.7383504],[8.5586272,7.738276],[8.5585763,7.7382508],[8.5585199,7.7382215],[8.5584556,7.7382036],[8.5583851,7.7381823],[8.5583178,7.7381751],[8.5582209,7.7381697],[8.5581075,7.7381524],[8.558023,7.7381405],[8.5579453,7.7381358],[8.5578916,7.7381352],[8.5578665,7.7381375],[8.5578306,7.7381484],[8.5577984,7.7381727],[8.5577813,7.7381744],[8.5577639,7.7381767],[8.5577414,7.7381684],[8.5577233,7.7381504],[8.5577166,7.7381265],[8.5577347,7.7380966],[8.5577407,7.7380641],[8.5577548,7.7380461],[8.5577743,7.7380461],[8.5578024,7.7380508],[8.557834,7.7380621],[8.5578799,7.7380777],[8.5579241,7.7380787],[8.5579634,7.7380747]],[[8.5598959,7.7381066],[8.5599066,7.7381172],[8.559907,7.7381368],[8.5598982,7.7381597],[8.5598862,7.7381833],[8.5598275,7.7382381],[8.5597782,7.738281],[8.5597517,7.7383119],[8.559742,7.7383308],[8.5597484,7.7383508],[8.5597618,7.7383617],[8.5597762,7.7383634],[8.5597963,7.7383557],[8.5598084,7.7383451],[8.5598325,7.7383371],[8.5598523,7.7383358],[8.5598604,7.7383494],[8.5598557,7.7383787],[8.5598003,7.7384853],[8.5597236,7.7386222],[8.559685,7.7386707],[8.5596384,7.7387205],[8.5596186,7.7387268],[8.5596012,7.7387232],[8.5595891,7.7387119],[8.5595757,7.7386903],[8.5595298,7.738618],[8.5594956,7.7385644],[8.5594681,7.7385079],[8.559457,7.7384707],[8.559456,7.7384518],[8.5594631,7.7384262],[8.5594798,7.7384059],[8.5596072,7.7383076],[8.5596263,7.7382903],[8.5596381,7.7382707],[8.5596428,7.7382445],[8.5596351,7.7382222],[8.5596045,7.7382129],[8.5595593,7.7382069],[8.5594104,7.7381963],[8.5593107,7.7381848],[8.5592327,7.7381737],[8.5592069,7.738166],[8.5591965,7.7381541],[8.5591935,7.7381338],[8.5592005,7.7381175],[8.5592163,7.7381062],[8.5592673,7.7381096],[8.5593866,7.7381099],[8.5595915,7.7381089],[8.5597789,7.7381146],[8.5598339,7.7381229],[8.5598734,7.7381079],[8.5598959,7.7381066]],[[8.5605504,7.7383498],[8.5605651,7.7383252],[8.5605644,7.738288],[8.560553,7.7382302],[8.5605872,7.7381823],[8.5606456,7.7381637],[8.5607629,7.7381644],[8.5608876,7.738167],[8.5609312,7.7381631],[8.5609949,7.7381531],[8.5610365,7.7381365],[8.5610761,7.7381285],[8.561121,7.7381325],[8.5612172,7.7381481],[8.5613074,7.7381614],[8.5614311,7.7381783],[8.5614657,7.7381744],[8.5614972,7.7381694],[8.5615297,7.7381567],[8.5615833,7.7381684],[8.5616088,7.738179],[8.5616199,7.7381886],[8.5616232,7.7382102],[8.5616169,7.7382285],[8.5615894,7.7382491],[8.5615579,7.738269],[8.5615253,7.7382787],[8.5615029,7.738285],[8.5614573,7.738288],[8.5614305,7.7382963],[8.5613929,7.7383315],[8.561343,7.7383787],[8.5612977,7.7383856],[8.5612484,7.738387],[8.5611787,7.7383763],[8.561129,7.7383753],[8.5611062,7.738379],[8.561055,7.7383986],[8.5609902,7.7384358],[8.5609503,7.7384498],[8.5608783,7.7384604],[8.560826,7.7384577],[8.5607703,7.7384504],[8.5607116,7.7384308],[8.5603965,7.7384189],[8.5601718,7.7383906],[8.5600994,7.7383757],[8.5600803,7.7383644],[8.5600733,7.7383498],[8.5600676,7.7383252],[8.5600759,7.7383106],[8.5600917,7.7382999],[8.5601118,7.7382996],[8.5601474,7.7383192],[8.5603103,7.7383544],[8.5604095,7.738369],[8.5604659,7.7383697],[8.5605095,7.7383604],[8.5605504,7.7383498]],[[8.5617352,7.7367325],[8.5620088,7.7366754],[8.5622489,7.7366116],[8.5623682,7.7365877],[8.5624406,7.736589],[8.5624936,7.736595],[8.5625701,7.7366033],[8.5626153,7.7366322],[8.5626405,7.736679],[8.5626388,7.7367132],[8.5626261,7.7367415],[8.5626066,7.7367617],[8.5625612,7.7367984],[8.5624329,7.7368587],[8.5622871,7.7369043],[8.5622049,7.7369215],[8.5620886,7.7369205],[8.5618425,7.7369544],[8.5616098,7.7370401],[8.5615535,7.7370621],[8.5615247,7.7370707],[8.561473,7.73707],[8.5613785,7.7370548],[8.5613128,7.7370601],[8.5612177,7.7370894],[8.561129,7.7370886],[8.5610667,7.7370667],[8.5610352,7.7370368],[8.5609862,7.7370189],[8.5609239,7.7370109],[8.5608722,7.736981],[8.5608427,7.7369531],[8.5608174,7.7368886],[8.560838,7.7368594],[8.5608722,7.7368508],[8.5609312,7.7368607],[8.5610023,7.7369172],[8.5610888,7.7369458],[8.56117,7.7369425],[8.5613061,7.7368953],[8.5615877,7.7367843],[8.5617352,7.7367325]],[[8.5643329,7.7357531],[8.5643846,7.7357039],[8.5644416,7.7356893],[8.5644899,7.735698],[8.5645093,7.7357179],[8.5645106,7.7357578],[8.5644919,7.7357963],[8.5644436,7.7358501],[8.5643993,7.7359006],[8.564398,7.7359498],[8.5644168,7.7359943],[8.5644469,7.7360308],[8.5644845,7.7360521],[8.5645328,7.7360621],[8.5646005,7.7360541],[8.5646655,7.7360455],[8.5647326,7.7360461],[8.5648499,7.7360435],[8.5649183,7.7360793],[8.5649988,7.7361059],[8.5651376,7.7361485],[8.5652342,7.7362215],[8.565312,7.736274],[8.5653482,7.7362893],[8.5654011,7.7362953],[8.5654454,7.736286],[8.5654803,7.7362674],[8.5655601,7.7362308],[8.5656928,7.7362029],[8.5658202,7.7361956],[8.5660261,7.7361392],[8.5661951,7.736098],[8.566305,7.7360594],[8.56635,7.7360069],[8.5663808,7.7359631],[8.5664459,7.7359152],[8.5665116,7.735894],[8.5665672,7.7358913],[8.5666269,7.7359026],[8.5666906,7.7359093],[8.566761,7.7359119],[8.5668348,7.7359013],[8.5673605,7.7356302],[8.5678084,7.7353671],[8.5680901,7.735181],[8.568487,7.7349671],[8.5687365,7.7348129],[8.5689148,7.7346747],[8.5690007,7.7345963],[8.569057,7.7345578],[8.569179,7.7344754],[8.5692608,7.7344049],[8.5693131,7.7343252],[8.5694499,7.7342388],[8.5697879,7.7340847],[8.5703538,7.7337551],[8.57072,7.7335544],[8.5709104,7.7334933],[8.5710043,7.7334627],[8.5711156,7.7333976],[8.5714307,7.7332594],[8.5717928,7.7330933],[8.5720959,7.7330069],[8.572564,7.7327943],[8.5730039,7.7326003],[8.5733512,7.7324714],[8.5735054,7.7324235],[8.5736449,7.7323611],[8.5738206,7.7323039],[8.5742269,7.7322069],[8.5745837,7.7321152],[8.5751215,7.7320288],[8.5755506,7.7319345],[8.5758591,7.73188],[8.5760549,7.7318501],[8.5761454,7.7318494],[8.576199,7.7318607],[8.5762963,7.7318807],[8.576364,7.731876],[8.5766141,7.7318534],[8.5768609,7.7318435],[8.5770386,7.7318182],[8.577117,7.731797],[8.5772645,7.7317863],[8.5774114,7.7317883],[8.5776132,7.731787],[8.5777004,7.731795],[8.5777654,7.7318136],[8.5778271,7.7318295],[8.5779297,7.7318408],[8.5780102,7.7318302],[8.5781034,7.7318302],[8.5783126,7.7318342],[8.5783964,7.7318594],[8.5786191,7.7319066],[8.5787706,7.7319146],[8.5790214,7.7319305],[8.5792038,7.7319425],[8.5793245,7.7319717],[8.5797268,7.7320674],[8.5800299,7.7321312],[8.580333,7.7322282],[8.5806455,7.7323119],[8.5811095,7.732494],[8.5814984,7.7325896],[8.5819584,7.7327504],[8.5821046,7.7328036],[8.5822079,7.7328249],[8.582354,7.7328368],[8.5827604,7.7328554],[8.5835355,7.7328714],[8.5836898,7.7328621],[8.5839473,7.7329352],[8.5840921,7.7329896],[8.5842343,7.7330973],[8.5843617,7.7332182],[8.5845092,7.7334441],[8.5845897,7.7335651],[8.5846473,7.7336754],[8.5846581,7.7337405],[8.5846513,7.7338016],[8.5846178,7.7338747],[8.5845722,7.7339385],[8.5844877,7.7340475],[8.5844609,7.7341152],[8.5844207,7.7341764],[8.5843657,7.7342016],[8.5842624,7.7342149],[8.5842048,7.7342322],[8.5840975,7.7343159],[8.5840572,7.7343571],[8.5839754,7.7344103],[8.5838641,7.7344435],[8.5837434,7.7344833],[8.5834832,7.7345524],[8.5832928,7.7345697],[8.5830554,7.7345963],[8.5829012,7.7346149],[8.5828315,7.7346521],[8.5827188,7.7347425],[8.5826746,7.7347624],[8.5825995,7.734781],[8.5825163,7.7347744],[8.5824291,7.7347584],[8.5822897,7.7347172],[8.5821354,7.7347],[8.581953,7.7347411],[8.5818189,7.7348103],[8.5814944,7.7349232],[8.5813174,7.7350388],[8.5811819,7.735088],[8.5810116,7.7351119],[8.5807072,7.7351784],[8.5803451,7.7352754],[8.5800688,7.7353671],[8.5797469,7.7354667],[8.5795954,7.735488],[8.5793754,7.7355119],[8.5791273,7.7355744],[8.5788766,7.7356196],[8.5785037,7.7356714],[8.5780182,7.7357059],[8.5777299,7.7357591],[8.5775395,7.735791],[8.5772283,7.7358176],[8.5769588,7.735896],[8.5768019,7.7359398],[8.5765967,7.7359518],[8.5763741,7.7359345],[8.5758255,7.7359093],[8.5755613,7.735896],[8.5751832,7.7358694],[8.575092,7.7358468],[8.5749525,7.7358056],[8.5748076,7.7357976],[8.5745019,7.7358056],[8.5740794,7.7358269],[8.5734652,7.7357963],[8.5729462,7.7357657],[8.5726431,7.7357604],[8.5720249,7.7357817],[8.5712403,7.7358149],[8.5709493,7.7358295],[8.5706717,7.7358548],[8.5701379,7.7359784],[8.5697141,7.7360209],[8.5694003,7.73607],[8.5690704,7.7361631],[8.5689054,7.736191],[8.5686372,7.7362176],[8.5685018,7.7362494],[8.5681236,7.7363823],[8.5678808,7.7364913],[8.5677145,7.7365511],[8.5675228,7.7366269],[8.5672572,7.7367531],[8.5671587,7.7368102],[8.5671218,7.7368255],[8.5670366,7.7368448],[8.5669582,7.7368408],[8.5667925,7.7368375],[8.566635,7.7368508],[8.5664928,7.7368886],[8.5664485,7.7368966],[8.5663513,7.7369033],[8.5661971,7.7369013],[8.5660817,7.7369059],[8.5659188,7.7368893],[8.5656982,7.736892],[8.5656103,7.7368913],[8.5654152,7.7368614],[8.5651457,7.7368475],[8.5649961,7.7368488],[8.5649257,7.7368401],[8.5648292,7.7368222],[8.5646126,7.7367757],[8.5645093,7.7367531],[8.5643993,7.7367282],[8.5643218,7.7367186],[8.5642572,7.7367123],[8.5641576,7.7367182],[8.5639692,7.7367305],[8.5637516,7.7367381],[8.5626056,7.736581],[8.56256,7.7365797],[8.5625191,7.7365677],[8.562495,7.7365411],[8.5624963,7.7365039],[8.5625238,7.7364833],[8.5627149,7.7364096],[8.5628497,7.7363458],[8.563423,7.7362043],[8.5636564,7.7361259],[8.5639474,7.7359956],[8.5642183,7.7358295],[8.5643329,7.7357531]],[[8.4509479,7.7504511],[8.4509493,7.7504777],[8.4509452,7.7504983],[8.4509258,7.7505242],[8.4508721,7.7505628],[8.4508111,7.7506465],[8.4507749,7.7506651],[8.4507085,7.7506711],[8.4506847,7.7506754],[8.4506753,7.7506795],[8.4506703,7.750687],[8.450671,7.7507056],[8.450672,7.7507232],[8.45068,7.7507302],[8.4506958,7.7507329],[8.4507515,7.7507315],[8.4507863,7.7507508],[8.4508198,7.750796],[8.4508359,7.7508319],[8.450838,7.7508604],[8.4508212,7.7509069],[8.4507682,7.7509567],[8.4507226,7.7509873],[8.4506985,7.7509893],[8.4506797,7.750986],[8.4506411,7.7509541],[8.4506308,7.7509269],[8.4506354,7.7508784],[8.4506321,7.7508518],[8.4506207,7.7508352],[8.4505972,7.7508252],[8.4505473,7.7508189],[8.4504718,7.7507993],[8.4502459,7.7507395],[8.4500876,7.7507083],[8.4500366,7.7506817],[8.4500038,7.7506491],[8.4499743,7.750604],[8.4499488,7.7505362],[8.4499166,7.7504013],[8.4498563,7.7503362],[8.4498127,7.7503003],[8.4497845,7.7502791],[8.449755,7.7502691],[8.4497014,7.7502605],[8.4496269,7.7502565],[8.4495619,7.7502418],[8.4495203,7.7502133],[8.4494975,7.7501834],[8.4494962,7.7501581],[8.4495163,7.7501435],[8.4495599,7.7501276],[8.4498127,7.7501116],[8.4503143,7.7501362],[8.4504705,7.7501687],[8.4506576,7.7502133],[8.4508185,7.7502638],[8.4508976,7.7503448],[8.4509479,7.7504511]],[[8.455617,7.7504737],[8.4558731,7.7502731],[8.4563244,7.7499867],[8.4567482,7.7498106],[8.4568629,7.7497581],[8.4569574,7.7497289],[8.4570258,7.7497096],[8.4571928,7.7496791],[8.4572639,7.7496844],[8.4573296,7.7496844],[8.4573832,7.7496512],[8.457408,7.7496259],[8.4574804,7.7495661],[8.4575368,7.7495535],[8.4576105,7.7495449],[8.4576796,7.7495409],[8.4577232,7.7495283],[8.4578117,7.7494724],[8.4578814,7.7493974],[8.4579418,7.7493648],[8.4580082,7.7493382],[8.4581121,7.7492851],[8.4581966,7.7492286],[8.4582636,7.7491921],[8.4583133,7.7491914],[8.4584206,7.74921],[8.4586425,7.7492332],[8.458792,7.7492778],[8.4588537,7.7493023],[8.4589335,7.749317],[8.4589992,7.749321],[8.4590717,7.7493123],[8.4591313,7.7492791],[8.4591924,7.7492492],[8.4593292,7.7492193],[8.4594606,7.7491781],[8.4595069,7.7491648],[8.4595913,7.7491701],[8.4596483,7.749198],[8.4596618,7.7492346],[8.4596524,7.7492798],[8.4596222,7.7493668],[8.4595786,7.7494399],[8.4594076,7.7496585],[8.459362,7.7497282],[8.4593184,7.7497615],[8.4592815,7.7497734],[8.4592319,7.7497774],[8.4591729,7.7497814],[8.4591119,7.7498113],[8.459016,7.7498831],[8.4588504,7.7499608],[8.458786,7.7500007],[8.4587143,7.7500571],[8.4586713,7.750109],[8.4586224,7.7501522],[8.4584977,7.7501834],[8.4583113,7.7502492],[8.4582033,7.7502864],[8.4581289,7.7503256],[8.4580511,7.7503661],[8.4580102,7.7504099],[8.4579036,7.750487],[8.4565329,7.751178],[8.4563425,7.7512677],[8.4560589,7.7513594],[8.4558396,7.7514252],[8.455564,7.751473],[8.4552924,7.7514737],[8.4551469,7.7514857],[8.4550671,7.7515023],[8.4549437,7.7515255],[8.454872,7.7515514],[8.454815,7.7515853],[8.4547801,7.7516192],[8.4547278,7.7517076],[8.4547091,7.7517262],[8.4546769,7.7517268],[8.454648,7.7517129],[8.4546179,7.7516763],[8.4546011,7.7516358],[8.4546152,7.7515893],[8.4546782,7.7514498],[8.4547178,7.7513873],[8.4547835,7.7513368],[8.4548378,7.7512903],[8.4549337,7.7511408],[8.4550537,7.750984],[8.455283,7.7507302],[8.455617,7.7504737]],[[8.4575555,7.7629335],[8.4577125,7.7628691],[8.4579483,7.7627977],[8.4580886,7.7627508],[8.458212,7.762691],[8.4585339,7.7625582],[8.4588142,7.7624851],[8.4589952,7.7624558],[8.4591455,7.76246],[8.4594096,7.7624439],[8.4603685,7.7625489],[8.4609506,7.7626897],[8.4612831,7.7628173],[8.4615996,7.7629395],[8.4619135,7.7630325],[8.4619993,7.763087],[8.4621066,7.7631548],[8.4622353,7.7632345],[8.4628335,7.7634338],[8.4631245,7.7635614],[8.4635402,7.7637687],[8.4641772,7.7640823],[8.4647687,7.7644185],[8.4655049,7.7647852],[8.4659234,7.7650297],[8.4660575,7.7651626],[8.46626,7.7654031],[8.4663834,7.7655799],[8.4665081,7.7657287],[8.4666234,7.7658536],[8.4666784,7.7659559],[8.4667079,7.7659891],[8.4667441,7.766015],[8.4668507,7.7660981],[8.4669439,7.7661898],[8.4669741,7.7662257],[8.4669849,7.7662589],[8.4669815,7.7662828],[8.4669366,7.7663081],[8.466887,7.766312],[8.4668306,7.7662987],[8.4667636,7.7662642],[8.466606,7.7661695],[8.4664588,7.7660825],[8.4663042,7.7660174],[8.4661162,7.7659426],[8.4658597,7.7658662],[8.4656578,7.7657872],[8.4655291,7.7657294],[8.4653467,7.7656682],[8.4652454,7.7656536],[8.4651207,7.7656403],[8.4650335,7.765627],[8.464939,7.7655885],[8.4647553,7.7655247],[8.4645655,7.765447],[8.4643476,7.7653487],[8.4642168,7.7652829],[8.4639714,7.7652038],[8.4637696,7.7651321],[8.4635114,7.7650198],[8.4632807,7.764956],[8.4630561,7.7648802],[8.4626792,7.7647135],[8.4623963,7.7646098],[8.4618504,7.7643893],[8.4615795,7.7642856],[8.4612925,7.7642112],[8.4611155,7.7642019],[8.4607092,7.7641387],[8.4601937,7.7640695],[8.4594767,7.7639733],[8.4591052,7.7639295],[8.458778,7.7638737],[8.4585004,7.7638418],[8.4580377,7.7638205],[8.4579116,7.7638179],[8.4577399,7.7637913],[8.4576112,7.7637594],[8.4575012,7.7637275],[8.4573376,7.763685],[8.4571029,7.7636305],[8.4569393,7.76358],[8.4568334,7.7635441],[8.456752,7.7635226],[8.4567425,7.7635119],[8.4567388,7.7635023],[8.4567428,7.7634913],[8.4567522,7.7634794],[8.4567883,7.7634533],[8.456938,7.7633375],[8.4571043,7.7632199],[8.4572565,7.7631209],[8.457351,7.7630697],[8.4574288,7.7630139],[8.4575555,7.7629335]],[[8.463427,7.7575106],[8.4642604,7.757017],[8.4649926,7.7565944],[8.4659475,7.7560947],[8.4669909,7.7556004],[8.4680101,7.7552257],[8.4687071,7.7549678],[8.4691796,7.7548084],[8.4696179,7.7547013],[8.4701371,7.7546011],[8.4705761,7.7545014],[8.4712315,7.7542822],[8.4715225,7.7542215],[8.4717445,7.7541634],[8.4724706,7.7540377],[8.4729937,7.7540218],[8.4734496,7.7539447],[8.4736598,7.7539157],[8.4744194,7.7538331],[8.4750369,7.7538196],[8.4766946,7.7534268],[8.4770664,7.7533179],[8.4776346,7.7531426],[8.4780203,7.7530278],[8.4787666,7.7527911],[8.4792854,7.7526513],[8.479726,7.7525135],[8.4801082,7.7524298],[8.4805387,7.7523262],[8.4812482,7.7522225],[8.4816961,7.7521441],[8.4821413,7.7521082],[8.4826429,7.7520471],[8.4830734,7.7520192],[8.4834637,7.7520152],[8.4840028,7.7520458],[8.4845929,7.7520245],[8.4851481,7.752067],[8.4854016,7.7521082],[8.4874711,7.7525131],[8.4882814,7.7526568],[8.48875,7.75275],[8.4890207,7.7527817],[8.4892881,7.7528068],[8.4895925,7.7528164],[8.4918416,7.7531228],[8.4920273,7.7531567],[8.49215,7.7531627],[8.4925704,7.7532125],[8.4929305,7.7532676],[8.4931163,7.7533102],[8.4938411,7.7533959],[8.4939967,7.7534344],[8.4942153,7.7535088],[8.4945586,7.7536218],[8.4948295,7.7536723],[8.4951165,7.7536988],[8.4952587,7.7536988],[8.4953566,7.7536882],[8.4954411,7.7537095],[8.4955403,7.7537586],[8.4958716,7.7538118],[8.4962417,7.7538663],[8.4979718,7.7542266],[8.5002057,7.7548489],[8.5008243,7.7550744],[8.501615,7.7553237],[8.5024078,7.7554995],[8.5028873,7.7555418],[8.503205,7.7555939],[8.5036304,7.7556397],[8.5041286,7.7556675],[8.5045302,7.7557011],[8.5049251,7.7557275],[8.5053746,7.7557692],[8.5056455,7.755813],[8.5060837,7.7558666],[8.5064422,7.7559074],[8.5066232,7.75593],[8.5068163,7.7559433],[8.5073782,7.7559074],[8.5076451,7.7558888],[8.5078517,7.7558423],[8.5080649,7.7557904],[8.5081789,7.7557772],[8.5084216,7.7557785],[8.5087851,7.7557878],[8.5090131,7.7558157],[8.5094395,7.7558622],[8.5096622,7.7558742],[8.5100886,7.7558994],[8.5103951,7.7559459],[8.5105231,7.7559692],[8.5105687,7.7559791],[8.5105949,7.7559758],[8.5106479,7.7559466],[8.5107149,7.7559054],[8.5107987,7.7558728],[8.5108906,7.7558542],[8.5110261,7.7558356],[8.5112232,7.7558257],[8.5114405,7.755811],[8.5115075,7.755815],[8.5115699,7.7558296],[8.5116262,7.7558423],[8.5116785,7.7558403],[8.5117583,7.7558217],[8.5118133,7.755809],[8.5118515,7.7557971],[8.5118602,7.7557818],[8.5118703,7.7557519],[8.5118663,7.7557167],[8.5118374,7.7556735],[8.5118019,7.7556297],[8.5117499,7.7555861],[8.5116772,7.7555459],[8.5116242,7.7555243],[8.5115769,7.7555137],[8.511477,7.7555034],[8.5113043,7.7555114],[8.5112567,7.7555021],[8.5112396,7.7554855],[8.5112309,7.7554596],[8.5112312,7.7554327],[8.5112259,7.7554091],[8.5112071,7.7553825],[8.5111944,7.7553752],[8.5111893,7.7553616],[8.5111924,7.7553526],[8.5112011,7.755338],[8.5112239,7.755328],[8.511415,7.7552901],[8.5115156,7.7552616],[8.5115199,7.7552526],[8.5115182,7.7552406],[8.5115065,7.7552257],[8.5114807,7.7552101],[8.5114405,7.7552004],[8.5113784,7.7552021],[8.5113271,7.7552157],[8.511307,7.755221],[8.511299,7.7552212],[8.5112939,7.7552154],[8.5112939,7.7552069],[8.5112973,7.7552018],[8.5113399,7.7551739],[8.5114304,7.755138],[8.5115129,7.755132],[8.5115772,7.755138],[8.5116202,7.755146],[8.5116309,7.7551646],[8.5116349,7.7551825],[8.511647,7.7551925],[8.5116939,7.7551712],[8.5117985,7.7551227],[8.5119648,7.7550915],[8.5121834,7.7551028],[8.5124309,7.7551087],[8.5137914,7.7550503],[8.5139316,7.7550662],[8.5139946,7.7551147],[8.5140435,7.7551453],[8.5140824,7.7551672],[8.5140911,7.7551885],[8.5140918,7.7552104],[8.514071,7.7552775],[8.5140234,7.7553944],[8.5140187,7.7554782],[8.5140315,7.7555479],[8.5140583,7.7555831],[8.5141703,7.7555971],[8.5142501,7.7555944],[8.5142829,7.7555692],[8.5143097,7.7555393],[8.5143279,7.7554988],[8.5143312,7.7554695],[8.5143158,7.7554383],[8.5142722,7.7554044],[8.5142648,7.7553865],[8.5142668,7.7553626],[8.514354,7.7553273],[8.5144137,7.7553247],[8.514462,7.755336],[8.5145404,7.7554217],[8.5145693,7.7554682],[8.5146216,7.755728],[8.5146618,7.756023],[8.51469,7.7562954],[8.5146752,7.7564588],[8.5146336,7.7565784],[8.5145693,7.7566555],[8.5144794,7.7566887],[8.5144392,7.75671],[8.514415,7.7567273],[8.5143091,7.7568602],[8.5141656,7.7570037],[8.5139711,7.7571937],[8.5133676,7.7578541],[8.5129425,7.7584773],[8.5126179,7.7590022],[8.5123725,7.7594009],[8.5118133,7.7602593],[8.5114405,7.7608599],[8.5112125,7.7613702],[8.5108423,7.7619203],[8.5097346,7.7634006],[8.5087529,7.7647427],[8.5079777,7.7657925],[8.5072938,7.7666562],[8.5070577,7.7669246],[8.506532,7.7677139],[8.5060197,7.7683677],[8.5055798,7.7689178],[8.505148,7.7694334],[8.5044318,7.7701164],[8.5041153,7.7704087],[8.5038686,7.7706187],[8.5032248,7.7711741],[8.5028664,7.7714563],[8.5026379,7.7716386],[8.5022299,7.7719229],[8.5017621,7.7722447],[8.5013808,7.7725162],[8.5010254,7.772859],[8.500611,7.7732523],[8.5000893,7.7737307],[8.4996803,7.7740655],[8.4994054,7.7743074],[8.4990714,7.7746103],[8.4989159,7.7747804],[8.4987965,7.774888],[8.4985363,7.7751073],[8.4983271,7.7753093],[8.497961,7.7756773],[8.4977719,7.775866],[8.4975667,7.7760972],[8.4972489,7.7765038],[8.4969968,7.7768081],[8.4967849,7.7770526],[8.4967084,7.7771709],[8.4966628,7.7772546],[8.4966011,7.777321],[8.4963047,7.7775635],[8.4960647,7.7777476],[8.4957938,7.7779588],[8.4956188,7.7780871],[8.4951454,7.7783335],[8.4947886,7.7784485],[8.494397,7.7785807],[8.4941529,7.7786498],[8.4939779,7.778677],[8.493801,7.7786919],[8.4935515,7.7787182],[8.4933121,7.7787754],[8.4930895,7.7788159],[8.4929024,7.7788312],[8.4926295,7.7788617],[8.4922855,7.7788571],[8.4919871,7.7788132],[8.4916136,7.7787475],[8.4913789,7.7787049],[8.4911174,7.7786206],[8.4907754,7.778481],[8.490302,7.7782857],[8.4900948,7.7782246],[8.4899392,7.7781309],[8.489683,7.7780193],[8.4894893,7.7779309],[8.4892586,7.7777967],[8.4889448,7.7776386],[8.488411,7.7773436],[8.4880503,7.7771483],[8.4875889,7.7768679],[8.4871919,7.7766473],[8.4867708,7.7763776],[8.4861325,7.7759936],[8.4856242,7.7756933],[8.4849577,7.775288],[8.4843676,7.774888],[8.4838821,7.7745612],[8.4833644,7.7741904],[8.4825933,7.7737201],[8.4821615,7.7734756],[8.4814265,7.7729919],[8.4806594,7.7725401],[8.4800211,7.7721574],[8.4787551,7.7715116],[8.4775159,7.7709296],[8.4760782,7.7701323],[8.4748068,7.7694972],[8.473801,7.7690215],[8.473573,7.7689072],[8.4732565,7.7687929],[8.4729212,7.76866],[8.4724465,7.7684368],[8.4715775,7.7679053],[8.4711751,7.767597],[8.4705716,7.7672116],[8.4702793,7.7669778],[8.4692876,7.7661866],[8.4690115,7.7660205],[8.4687771,7.7658462],[8.4683213,7.765552],[8.4677674,7.7652101],[8.4674107,7.7649832],[8.4667696,7.7646171],[8.4666898,7.7645607],[8.4665738,7.7644557],[8.4663941,7.7643447],[8.4655,7.76375],[8.462,7.76225],[8.4604383,7.761814],[8.4599192,7.7617303],[8.4592701,7.7617024],[8.4587917,7.7617026],[8.4583502,7.7617967],[8.4582455,7.7618373],[8.4582147,7.7618446],[8.4581879,7.7618452],[8.4581644,7.761828],[8.4581604,7.7618074],[8.4581765,7.7617722],[8.4582107,7.7617237],[8.4583196,7.7616084],[8.4587075,7.7611276],[8.4593412,7.760448],[8.4598106,7.7600454],[8.4607085,7.759355],[8.463,7.75775],[8.463427,7.7575106]],[[8.4754895,7.7707037],[8.4758878,7.7708871],[8.4763424,7.7711502],[8.4767836,7.7714133],[8.4771819,7.7716073],[8.4775172,7.7718146],[8.4776419,7.7718611],[8.4777412,7.7718863],[8.4778686,7.7719594],[8.4779678,7.7720152],[8.4780228,7.7720577],[8.4780966,7.7720976],[8.4787631,7.7724099],[8.4794095,7.7726969],[8.479781,7.7729135],[8.480534,7.7733294],[8.4806923,7.7734164],[8.4810396,7.7736324],[8.4814285,7.7738835],[8.4817095,7.7740914],[8.4820103,7.7743459],[8.4823415,7.7746243],[8.4825229,7.7747406],[8.4825625,7.7747851],[8.4825926,7.7748309],[8.4826597,7.7749658],[8.4826932,7.7750096],[8.4827616,7.775098],[8.4827777,7.7751558],[8.4827777,7.775203],[8.4827529,7.7752481],[8.4827308,7.7752628],[8.4826858,7.7752701],[8.4826127,7.7752621],[8.4825309,7.7752568],[8.4824424,7.7752375],[8.4822352,7.7751498],[8.4821682,7.7751246],[8.482089,7.7751093],[8.4820086,7.7751093],[8.4819053,7.775102],[8.4816755,7.7750588],[8.4812149,7.7749603],[8.4805977,7.7747392],[8.4800137,7.7744562],[8.4793586,7.7739885],[8.4787034,7.7735779],[8.4782837,7.7733487],[8.4779826,7.773158],[8.4777117,7.7730098],[8.477534,7.7728809],[8.4772262,7.7726976],[8.4770418,7.7725806],[8.4768527,7.7724438],[8.4766247,7.7722983],[8.4764108,7.77218],[8.4762626,7.7720571],[8.4760809,7.7719262],[8.4759508,7.7718172],[8.4758757,7.7717667],[8.4757805,7.7717242],[8.4756323,7.7716478],[8.4754821,7.7715701],[8.4753748,7.7715156],[8.4753037,7.7714605],[8.4751213,7.7713535],[8.4747391,7.7711356],[8.4744696,7.7709821],[8.4742047,7.7708293],[8.4739801,7.7706891],[8.4736602,7.7704878],[8.4734222,7.7703237],[8.473284,7.77023],[8.4731694,7.770121],[8.4730071,7.7699709],[8.4728649,7.7698799],[8.4727476,7.7697709],[8.4727174,7.769741],[8.4727141,7.7697158],[8.4727261,7.7696892],[8.4727482,7.7696613],[8.4727831,7.769646],[8.4728254,7.769658],[8.4730098,7.7697217],[8.4733913,7.7698307],[8.4745426,7.7702346],[8.4750094,7.7704473],[8.4754895,7.7707037]],[[8.4746198,7.7426713],[8.474829,7.7425889],[8.4748712,7.7425829],[8.4749959,7.7425849],[8.4751106,7.7425863],[8.4751703,7.7425809],[8.4752467,7.7425657],[8.4753151,7.7425318],[8.4754271,7.7424733],[8.4754854,7.742454],[8.4755545,7.7424467],[8.4756082,7.7424301],[8.4756437,7.7424235],[8.4756625,7.7424288],[8.4756806,7.7424507],[8.4756893,7.7425005],[8.4756745,7.7425391],[8.475639,7.7425637],[8.4755337,7.7426168],[8.4754687,7.7426706],[8.4754372,7.7427078],[8.4753936,7.7427358],[8.475344,7.7427497],[8.4752575,7.7427583],[8.475057,7.7428221],[8.4749416,7.7428686],[8.4748954,7.7429012],[8.4748766,7.742959],[8.4748491,7.7430042],[8.4748209,7.7430254],[8.4747438,7.7430733],[8.4746975,7.7430886],[8.4746439,7.7430979],[8.4745943,7.7431058],[8.4745084,7.7431078],[8.4743965,7.7431112],[8.4743455,7.7431072],[8.4742979,7.7430939],[8.4742402,7.7430779],[8.4741638,7.7430786],[8.4740612,7.7430813],[8.4739988,7.7430793],[8.4739425,7.7430547],[8.473913,7.7430288],[8.473911,7.7430009],[8.4739311,7.742969],[8.4740277,7.7428879],[8.4741604,7.7428427],[8.4742489,7.7428235],[8.4743804,7.7428068],[8.4744454,7.7427716],[8.4745017,7.7427358],[8.4745661,7.7427005],[8.4746198,7.7426713]],[[8.4860926,7.7486436],[8.4863675,7.7486379],[8.4864859,7.7486263],[8.4865693,7.748608],[8.4866022,7.748612],[8.4866381,7.748618],[8.4866786,7.7486177],[8.4867162,7.748601],[8.4867527,7.7485921],[8.4867796,7.7485941],[8.486852,7.7486067],[8.4869764,7.7486299],[8.4872184,7.7486446],[8.4873646,7.7486602],[8.4875487,7.7486446],[8.4876265,7.7486343],[8.4877217,7.7486273],[8.4877918,7.7486399],[8.4879,7.7486695],[8.4879839,7.7486841],[8.4880442,7.7486904],[8.4882484,7.7487007],[8.4884308,7.7486821],[8.4887154,7.7486831],[8.4889656,7.7486927],[8.4890675,7.7487123],[8.4892241,7.7487186],[8.4893843,7.7487107],[8.4896016,7.7486997],[8.4898074,7.748698],[8.4900374,7.7486934],[8.4901585,7.7487017],[8.4903798,7.7487336],[8.4905279,7.7487549],[8.4906091,7.7487635],[8.4906346,7.7487515],[8.4906694,7.7487289],[8.4907097,7.7487289],[8.4907358,7.7487469],[8.4907626,7.7487801],[8.490772,7.7487841],[8.4908102,7.7487914],[8.4910811,7.7488233],[8.4912072,7.7488299],[8.4912783,7.7488346],[8.4913333,7.7488465],[8.4913695,7.7488632],[8.4914412,7.7488764],[8.4915686,7.7489163],[8.491627,7.7489303],[8.491749,7.7489276],[8.4918315,7.7489256],[8.4919441,7.7489296],[8.4920172,7.7489515],[8.4921125,7.7489801],[8.4923358,7.7490053],[8.4925865,7.7490625],[8.4927984,7.7490937],[8.4929406,7.7491396],[8.4931116,7.749212],[8.4933107,7.749295],[8.4934857,7.749392],[8.4935334,7.7494445],[8.4935649,7.7494924],[8.4935917,7.7495342],[8.4936453,7.7495807],[8.4937251,7.7496193],[8.4939437,7.7497349],[8.4940986,7.7497854],[8.4942099,7.7498173],[8.4942757,7.7498346],[8.4943615,7.7498804],[8.4945231,7.7499708],[8.4946036,7.750012],[8.4946733,7.7500226],[8.4946981,7.7500286],[8.4947343,7.7500458],[8.4948181,7.750103],[8.494918,7.7501442],[8.4950106,7.7501714],[8.495081,7.7501787],[8.4951172,7.7502],[8.4951333,7.7502166],[8.4951349,7.7502393],[8.4951065,7.7502512],[8.495079,7.7502558],[8.4950341,7.7502531],[8.4949596,7.7502472],[8.4948215,7.7502365],[8.4947249,7.7502279],[8.4946431,7.7502345],[8.4944929,7.7502611],[8.4943414,7.7503143],[8.4940048,7.7504379],[8.4935166,7.7504897],[8.4932283,7.7505003],[8.4927481,7.7504511],[8.4915639,7.7502332],[8.4909202,7.7501415],[8.4905581,7.7500618],[8.4900297,7.749994],[8.4895925,7.749897],[8.4889381,7.7498186],[8.4879269,7.7495582],[8.4872402,7.7493349],[8.4865455,7.7491077],[8.4858602,7.7489256],[8.4856577,7.7488472],[8.4855826,7.7488316],[8.4855571,7.7488236],[8.485531,7.7488113],[8.4854599,7.7487811],[8.4854281,7.7487665],[8.4854113,7.7487469],[8.485412,7.7487303],[8.4854163,7.7487193],[8.4854475,7.7486921],[8.4854817,7.7486682],[8.4855199,7.7486525],[8.4855716,7.7486555],[8.4856752,7.7486652],[8.4858505,7.7486582],[8.4860926,7.7486436]],[[8.4172775,7.7619615],[8.417602,7.7619628],[8.4178823,7.7619442],[8.4181854,7.7618738],[8.4184737,7.7617542],[8.4186923,7.7616492],[8.4192073,7.7613861],[8.41932,7.7613077],[8.4194031,7.7612692],[8.4200013,7.7610898],[8.4201702,7.761038],[8.4208918,7.7607775],[8.4210916,7.760735],[8.4213088,7.7607191],[8.4214926,7.7607157],[8.4215878,7.7607031],[8.4218775,7.7606619],[8.4219781,7.7606566],[8.4223777,7.7607098],[8.4228779,7.7607882],[8.4232669,7.7608706],[8.4234479,7.7608759],[8.4236893,7.7608453],[8.4242123,7.760727],[8.4248614,7.760533],[8.4255038,7.7603503],[8.4256138,7.7603277],[8.4257258,7.7603124],[8.4258116,7.7602885],[8.4264413,7.760058],[8.4264728,7.7600493],[8.4265164,7.76005],[8.4265653,7.7600573],[8.4266713,7.7600699],[8.4267457,7.7600646],[8.4268302,7.7600361],[8.426973,7.759959],[8.4270917,7.7599092],[8.4271983,7.7598826],[8.4273921,7.7598527],[8.4274652,7.7598314],[8.4275899,7.7597557],[8.4277093,7.7596939],[8.4277582,7.7596773],[8.4279212,7.759652],[8.4280479,7.7596188],[8.4281716,7.7595872],[8.428233,7.759575],[8.4283322,7.7595557],[8.428465,7.7595152],[8.4286561,7.7594308],[8.4289505,7.7592926],[8.4294882,7.7590853],[8.4297089,7.7590029],[8.4298349,7.7589703],[8.429963,7.7589484],[8.4301326,7.7589085],[8.430303,7.7588408],[8.4303472,7.7588275],[8.4304525,7.7588095],[8.4305839,7.7588062],[8.4306262,7.7588122],[8.4306617,7.7588255],[8.4306738,7.7588461],[8.4306952,7.7589524],[8.4307107,7.7589703],[8.4307395,7.7589757],[8.4309447,7.7589776],[8.4311552,7.7589378],[8.4314805,7.7588069],[8.4320464,7.7585039],[8.4323582,7.7583345],[8.4325359,7.7582727],[8.4328645,7.7581245],[8.4332675,7.7579963],[8.4337161,7.7578488],[8.4338857,7.7577817],[8.4341117,7.7576893],[8.4342042,7.7576548],[8.4342619,7.7576362],[8.4347896,7.7574688],[8.4352298,7.7573216],[8.4355031,7.7572],[8.4357033,7.7571219],[8.4359986,7.7570103],[8.4361495,7.7569273],[8.4362327,7.7568827],[8.4363131,7.7568522],[8.4366558,7.7566921],[8.4368375,7.7565851],[8.4369488,7.756502],[8.4371627,7.7562642],[8.43739,7.7559878],[8.4375188,7.7558675],[8.4377481,7.7556582],[8.4378266,7.7555998],[8.4378889,7.7555672],[8.4379392,7.7555513],[8.4381062,7.7555087],[8.4381364,7.7554961],[8.4381565,7.7554728],[8.4381759,7.7554463],[8.4382061,7.7554283],[8.4383053,7.7553951],[8.438585,7.7553107],[8.4387311,7.7552729],[8.4388545,7.7552357],[8.4389055,7.7552264],[8.438988,7.7552204],[8.4390329,7.7552124],[8.43922,7.7551426],[8.4394895,7.755027],[8.4396344,7.7549619],[8.4398127,7.7549028],[8.4401145,7.7548131],[8.4402231,7.7547679],[8.4403391,7.7546955],[8.4405041,7.7546011],[8.4406335,7.7545393],[8.4407227,7.7545068],[8.4409808,7.7544251],[8.4411304,7.7543666],[8.44119,7.754334],[8.4412263,7.7543201],[8.4413617,7.7542915],[8.4416728,7.7542091],[8.4419773,7.7541041],[8.4420805,7.7540623],[8.4421033,7.7540517],[8.4421235,7.754046],[8.4421469,7.7540467],[8.4422958,7.754037],[8.4424956,7.7539819],[8.4425761,7.753948],[8.442625,7.7539374],[8.4426579,7.7539387],[8.4427705,7.7539527],[8.4429489,7.7539679],[8.4430287,7.7539719],[8.4431045,7.7539699],[8.4433325,7.7539613],[8.4433747,7.75396],[8.4437241,7.7539726],[8.4442853,7.7539965],[8.4444952,7.7540051],[8.4445522,7.7540164],[8.4447768,7.7541028],[8.4449264,7.75415],[8.4450249,7.7541706],[8.4452328,7.7542091],[8.4453247,7.7542437],[8.4456083,7.754332],[8.4459268,7.7544084],[8.4461039,7.754449],[8.4462058,7.7544609],[8.4465075,7.7544749],[8.4466202,7.7544902],[8.4467027,7.7545101],[8.4469112,7.7545779],[8.4470272,7.7545912],[8.4472834,7.7545958],[8.4474537,7.7545998],[8.447622,7.7546191],[8.4479385,7.7546682],[8.4482349,7.7547334],[8.4486486,7.7548742],[8.4490006,7.755025],[8.4493875,7.7552489],[8.4494854,7.7553519],[8.4495673,7.7555273],[8.4496169,7.7558516],[8.4496088,7.7560722],[8.449515,7.7564921],[8.4494506,7.7567831],[8.4493956,7.7568934],[8.4492642,7.7570488],[8.4491462,7.7571645],[8.4489651,7.7573864],[8.4482516,7.7582209],[8.4478292,7.7588547],[8.4475704,7.7592427],[8.4474792,7.7593424],[8.4470634,7.7597211],[8.446759,7.7600042],[8.4461863,7.7604626],[8.4454058,7.7612214],[8.4448747,7.7616838],[8.4447567,7.7617821],[8.444463,7.7619761],[8.444396,7.7620286],[8.4442719,7.7621349],[8.4442183,7.7621721],[8.4441532,7.7622273],[8.4440875,7.762297],[8.4440332,7.7623489],[8.4438267,7.7624817],[8.443541,7.7626286],[8.4434947,7.7626505],[8.4433888,7.762707],[8.4431266,7.7628465],[8.4430951,7.7628618],[8.4430233,7.7629163],[8.4429898,7.7629329],[8.4428946,7.7629581],[8.4428302,7.7629867],[8.4427142,7.7630658],[8.442397,7.7632591],[8.442214,7.7633701],[8.4419471,7.7635029],[8.4418378,7.7635528],[8.4416547,7.7636146],[8.441591,7.7636411],[8.4414033,7.7637242],[8.4413376,7.7637554],[8.4412947,7.76377],[8.4411706,7.7638046],[8.4411351,7.7638192],[8.4409091,7.7639308],[8.4407622,7.7639959],[8.4405296,7.7640836],[8.4404585,7.7640963],[8.4404256,7.7641089],[8.4402298,7.7642192],[8.4401393,7.764257],[8.4400729,7.7642717],[8.4398711,7.7642976],[8.4394929,7.764352],[8.4392166,7.764372],[8.4384347,7.7644065],[8.4378138,7.764469],[8.4370923,7.764558],[8.4354602,7.7648344],[8.4344973,7.7649952],[8.4334485,7.765144],[8.432955,7.7651839],[8.4323408,7.7652171],[8.430834,7.7652583],[8.4303378,7.7652776],[8.4302084,7.7652968],[8.4300622,7.7653433],[8.4299556,7.7653726],[8.4297511,7.7654051],[8.4294789,7.7654337],[8.4293313,7.7654716],[8.4292743,7.7655035],[8.4292368,7.7655526],[8.429216,7.7656044],[8.4291831,7.7656324],[8.4290282,7.7657048],[8.4289585,7.7657181],[8.4287024,7.7657167],[8.4281847,7.7656995],[8.4273854,7.765633],[8.4269026,7.7655799],[8.4268449,7.7655652],[8.4267202,7.7655081],[8.4264761,7.7653832],[8.4261355,7.7652424],[8.4254113,7.7650351],[8.424502,7.764865],[8.4241292,7.7648251],[8.4235767,7.7646949],[8.4223777,7.764368],[8.4222852,7.76438],[8.4222355,7.7644584],[8.4222174,7.7645494],[8.4222221,7.7646404],[8.4222704,7.7647148],[8.4223643,7.764772],[8.4224226,7.7648138],[8.4224334,7.764849],[8.4224186,7.7648869],[8.4223824,7.7649085],[8.4223281,7.7649327],[8.4221913,7.7649367],[8.4220129,7.7649048],[8.4216575,7.7648822],[8.4212042,7.7649367],[8.4211305,7.7649806],[8.4210809,7.765049],[8.4210514,7.7651108],[8.4209695,7.7651719],[8.4208502,7.7652091],[8.4206182,7.7652317],[8.4205511,7.7652198],[8.4203567,7.7651573],[8.4201595,7.7651095],[8.4197116,7.765039],[8.4194923,7.7650078],[8.4194005,7.7649925],[8.4193321,7.7649726],[8.4190477,7.764869],[8.4188432,7.7648377],[8.4187956,7.7648497],[8.4187789,7.7648616],[8.41875,7.7648962],[8.4187024,7.7649321],[8.4185837,7.7649646],[8.4185053,7.7649733],[8.4183712,7.7649819],[8.4182927,7.7650005],[8.418223,7.7650377],[8.4181606,7.7651002],[8.4180761,7.7651294],[8.418003,7.7651341],[8.4179802,7.7651274],[8.4179346,7.7651095],[8.4177931,7.765061],[8.4176637,7.7650331],[8.4174666,7.7650058],[8.417138,7.7649367],[8.4169033,7.7648411],[8.4163615,7.7645142],[8.416155,7.7644238],[8.4157513,7.7642617],[8.4152672,7.7641102],[8.4149775,7.7640291],[8.4144913,7.7639421],[8.414435,7.7639202],[8.4143968,7.763879],[8.4143941,7.7638232],[8.4144853,7.763693],[8.4148206,7.7633581],[8.4150794,7.7630445],[8.4155112,7.7625847],[8.4160504,7.7622127],[8.4162649,7.7620811],[8.4163588,7.7620359],[8.4165412,7.7620054],[8.4172775,7.7619615]],[[8.4176765,7.7615024],[8.4177314,7.7614566],[8.417767,7.7614552],[8.4177978,7.7614745],[8.417832,7.7615243],[8.4178521,7.7615901],[8.4178481,7.7616293],[8.417832,7.7616632],[8.4177918,7.7617104],[8.4177529,7.7617323],[8.4177247,7.7617343],[8.4176932,7.7617263],[8.417657,7.761726],[8.4175618,7.7617303],[8.4174035,7.7617051],[8.4173063,7.7616838],[8.4172379,7.7616579],[8.4172202,7.7616463],[8.4172158,7.7616296],[8.4172181,7.7616173],[8.4172426,7.7615934],[8.4173124,7.7615549],[8.4173848,7.761529],[8.4174471,7.7615144],[8.4175269,7.7615124],[8.417594,7.7615177],[8.4176329,7.761519],[8.4176765,7.7615024]],[[8.4196398,7.7605875],[8.4196358,7.7606221],[8.4196201,7.7606367],[8.4195486,7.7606805],[8.4195218,7.7606885],[8.4194246,7.7606951],[8.4193173,7.7607038],[8.4191983,7.7606955],[8.4191768,7.7606858],[8.4191698,7.7606679],[8.4191762,7.760649],[8.4191983,7.7606354],[8.4192858,7.7605935],[8.4194125,7.7605364],[8.4194816,7.7605084],[8.4195238,7.7605058],[8.4195728,7.7605244],[8.4196217,7.7605636],[8.4196398,7.7605875]],[[8.42013,7.7598377],[8.4201639,7.7598427],[8.4202085,7.7598547],[8.4202433,7.7598593],[8.4202698,7.7598567],[8.4203285,7.7598191],[8.4203486,7.7598102],[8.4204147,7.7598068],[8.4204432,7.7598118],[8.4204559,7.7598228],[8.4204566,7.7598434],[8.4204472,7.759862],[8.4204227,7.7598773],[8.4203634,7.7599025],[8.4202997,7.759953],[8.420236,7.7600181],[8.4201649,7.7600606],[8.4200361,7.7601012],[8.4199711,7.7601125],[8.4197874,7.7601164],[8.4196217,7.7601218],[8.4195084,7.7601045],[8.4194796,7.7600919],[8.4194702,7.760062],[8.4194802,7.7600454],[8.4196083,7.7600022],[8.4197592,7.7599457],[8.4198477,7.7599145],[8.4199074,7.7598985],[8.4199503,7.7598945],[8.4200314,7.7598753],[8.4200891,7.7598427],[8.42013,7.7598377]],[[8.4209642,7.7586129],[8.4210178,7.7586129],[8.4210902,7.7586315],[8.4212109,7.7586687],[8.4213075,7.75869],[8.4213679,7.7587072],[8.4214,7.7587285],[8.4214121,7.7587537],[8.421447,7.7588095],[8.4214845,7.7588627],[8.4215234,7.7589245],[8.4215496,7.7589424],[8.4216025,7.7589531],[8.4216803,7.758957],[8.4217554,7.7589637],[8.4218319,7.7589677],[8.4218989,7.758969],[8.421972,7.7589737],[8.4220082,7.7589783],[8.4220431,7.7589876],[8.4220666,7.7590042],[8.4220679,7.7590321],[8.4220485,7.7590607],[8.4219921,7.7590992],[8.4219445,7.7591291],[8.4218909,7.7591743],[8.4218165,7.7592328],[8.4217259,7.7592866],[8.421673,7.7592946],[8.421618,7.7592846],[8.4215616,7.7592587],[8.4215174,7.7592275],[8.4214416,7.7591657],[8.4213632,7.7590833],[8.4212894,7.7590049],[8.4212297,7.7589783],[8.4211908,7.758965],[8.4211265,7.7589491],[8.4210715,7.7589464],[8.4210058,7.7589358],[8.4209266,7.7589092],[8.4208569,7.758876],[8.4208073,7.7588454],[8.4207831,7.7588228],[8.4207872,7.7587923],[8.4208059,7.7587644],[8.4208733,7.7587355],[8.4208844,7.7587248],[8.4208891,7.7587112],[8.4208857,7.758676],[8.4208938,7.7586471],[8.4209092,7.7586341],[8.4209642,7.7586129]],[[8.4220874,7.7579232],[8.4221081,7.757886],[8.4222154,7.7578435],[8.4222892,7.7577963],[8.4223951,7.7576973],[8.4224662,7.7576163],[8.4225728,7.7575365],[8.4226238,7.7575033],[8.4226456,7.7574943],[8.4226634,7.7574847],[8.4227472,7.7574236],[8.42277,7.7574189],[8.4228002,7.7574276],[8.4228974,7.757492],[8.4229966,7.7575272],[8.4231656,7.7575551],[8.4232454,7.7575764],[8.4233554,7.7576242],[8.4233976,7.7576369],[8.4234285,7.7576375],[8.4234922,7.7576149],[8.4235612,7.7575983],[8.4236055,7.7575957],[8.4236558,7.7576036],[8.4237577,7.7576262],[8.4238985,7.7576256],[8.4241017,7.757605],[8.4241553,7.757587],[8.4242941,7.7574834],[8.4244739,7.7574076],[8.4245013,7.757407],[8.4245342,7.7574242],[8.424551,7.7574681],[8.4245282,7.7575963],[8.4245295,7.7576229],[8.4245456,7.7576349],[8.4246247,7.7576448],[8.4246951,7.7576269],[8.4247562,7.757593],[8.4250418,7.7574428],[8.4252162,7.7573419],[8.4252343,7.75731],[8.4252383,7.7572575],[8.4252698,7.7571864],[8.4253228,7.7571326],[8.4253878,7.7571219],[8.4254649,7.7571239],[8.4256902,7.7571565],[8.4258163,7.7571618],[8.4259008,7.7571445],[8.4259906,7.7570954],[8.4260255,7.7570861],[8.4260818,7.7570874],[8.4261315,7.7571007],[8.4261703,7.7571299],[8.426291,7.7573512],[8.4263206,7.7573764],[8.4263615,7.7573963],[8.426397,7.7573963],[8.4265351,7.75731],[8.4265995,7.757286],[8.426918,7.7571751],[8.4270146,7.7571459],[8.4270629,7.7571405],[8.4271514,7.7571379],[8.4272184,7.7571233],[8.4272841,7.7570914],[8.4273599,7.7570415],[8.4274632,7.7569937],[8.4275242,7.7569804],[8.4275711,7.7569851],[8.4276791,7.7570176],[8.4277073,7.7570249],[8.4277508,7.7570183],[8.4278702,7.7569738],[8.4279104,7.7569711],[8.4279352,7.7569804],[8.4279426,7.7570017],[8.4279433,7.7570229],[8.427887,7.7571272],[8.42784,7.7571777],[8.4277153,7.757304],[8.4274216,7.757482],[8.426796,7.7577903],[8.4266404,7.7578667],[8.4264969,7.7579],[8.4264714,7.7579139],[8.4264231,7.7579551],[8.4263447,7.757997],[8.4260835,7.7580946],[8.425987,7.7581209],[8.4259306,7.7581196],[8.4259125,7.7581106],[8.4259075,7.7580953],[8.4259082,7.7580701],[8.4259243,7.7580289],[8.4259672,7.7579385],[8.4259631,7.7579099],[8.425933,7.7578807],[8.4258337,7.7578368],[8.4255608,7.7578036],[8.4254582,7.757799],[8.4254133,7.7578063],[8.425308,7.7578295],[8.4252343,7.7578362],[8.4251491,7.7578422],[8.4251042,7.7578601],[8.4250753,7.7578741],[8.4250512,7.757898],[8.4250284,7.7579684],[8.4250338,7.7580063],[8.4250653,7.7580295],[8.4251323,7.7580501],[8.4251913,7.758098],[8.4252001,7.7581285],[8.4251947,7.7581604],[8.4251457,7.7582016],[8.425017,7.758266],[8.4248688,7.758292],[8.4248091,7.7582893],[8.4247454,7.7582747],[8.4246871,7.7582295],[8.424667,7.758181],[8.4246737,7.7581245],[8.4247206,7.7580614],[8.4247702,7.7580415],[8.4248078,7.7580109],[8.4248031,7.7579817],[8.4247763,7.7579684],[8.4247106,7.7579744],[8.4244209,7.7580069],[8.4243156,7.7580235],[8.4242043,7.7580541],[8.4241607,7.7580614],[8.4240668,7.7580681],[8.4239274,7.758094],[8.4237342,7.7581471],[8.4236316,7.7581764],[8.4235398,7.7581863],[8.4234378,7.7581817],[8.4233031,7.7581531],[8.4232467,7.7581498],[8.4231529,7.758173],[8.4231012,7.7581943],[8.4230771,7.7582189],[8.4230657,7.7582607],[8.4230831,7.7583033],[8.4231616,7.7583591],[8.4232045,7.7583976],[8.4232514,7.7584222],[8.423297,7.7584528],[8.4233272,7.7585026],[8.4233245,7.7585252],[8.4232997,7.7585484],[8.4232467,7.758575],[8.4231475,7.7586062],[8.4229664,7.7586395],[8.4228793,7.7586448],[8.4227284,7.7586361],[8.4226687,7.7586481],[8.4226365,7.7586753],[8.4225896,7.7587258],[8.4225219,7.7587584],[8.4224568,7.7587591],[8.4224012,7.7587398],[8.4222952,7.7586933],[8.4221578,7.7586534],[8.4220384,7.7586295],[8.4219861,7.7586302],[8.4219009,7.7586574],[8.4218661,7.7586973],[8.4218024,7.7587983],[8.4217641,7.7588295],[8.4217253,7.7588401],[8.4216931,7.7588328],[8.4216066,7.7587757],[8.4215114,7.7586993],[8.4214215,7.7586268],[8.4213967,7.7585797],[8.4213813,7.7584853],[8.4213793,7.7584448],[8.4214,7.7583651],[8.4214584,7.7582727],[8.4215717,7.758199],[8.4217105,7.7581518],[8.421852,7.7581352],[8.4219626,7.7581059],[8.4220324,7.7580508],[8.4220693,7.7579804],[8.4220874,7.7579232]],[[8.42324,7.7588534],[8.423287,7.7588295],[8.423529,7.7586634],[8.4236786,7.758583],[8.4237517,7.7585684],[8.4238355,7.758565],[8.4240159,7.7585724],[8.424091,7.7585684],[8.4241527,7.7585518],[8.4244189,7.7584361],[8.4245329,7.758391],[8.4246133,7.7583843],[8.4247729,7.7583989],[8.4249043,7.7584122],[8.4251471,7.758395],[8.4252416,7.758377],[8.4254488,7.7582833],[8.4255387,7.7582448],[8.4255937,7.7582382],[8.4257881,7.7582475],[8.4258378,7.7582435],[8.4260389,7.7581956],[8.4260832,7.758173],[8.4260993,7.7581564],[8.4261167,7.7581332],[8.4261388,7.7581212],[8.4261589,7.7581199],[8.4261777,7.7581372],[8.4262052,7.7582415],[8.4262267,7.7582627],[8.4262763,7.7582674],[8.4264426,7.7582269],[8.4268436,7.75808],[8.4270629,7.7580515],[8.4272399,7.7580435],[8.4273143,7.7580515],[8.4273505,7.7580614],[8.427372,7.758086],[8.4273747,7.7581332],[8.4273572,7.758187],[8.4273076,7.7582568],[8.4272278,7.7583239],[8.4271225,7.758395],[8.4269039,7.7585066],[8.4267517,7.758575],[8.4267303,7.7586062],[8.4267262,7.7586288],[8.4267249,7.7586627],[8.4267135,7.7586753],[8.4266887,7.7586833],[8.4265445,7.7586953],[8.426456,7.7587119],[8.4263273,7.7587551],[8.4261972,7.7588242],[8.4261563,7.7588448],[8.4261294,7.7588521],[8.4259538,7.75888],[8.4256171,7.7589218],[8.4252477,7.7589969],[8.4247065,7.7590999],[8.4245798,7.7591278],[8.4244718,7.7591424],[8.4243746,7.7591437],[8.4241728,7.7591298],[8.4236974,7.7590926],[8.4235029,7.7590753],[8.4233252,7.7590421],[8.4232313,7.7590447],[8.4231686,7.7590717],[8.4231482,7.7590919],[8.4231425,7.7591089],[8.4231448,7.7591301],[8.4231582,7.7591667],[8.4231562,7.759181],[8.4231455,7.7591996],[8.4231287,7.7592148],[8.4230771,7.7592241],[8.4229939,7.7592142],[8.4228799,7.7591763],[8.4228149,7.7591258],[8.4227995,7.7590826],[8.4228015,7.7590428],[8.4228263,7.7589869],[8.4228806,7.7589265],[8.4229638,7.7588853],[8.4230878,7.7588454],[8.4231368,7.7588388],[8.4231716,7.7588401],[8.4232105,7.7588554],[8.42324,7.7588534]],[[8.4287178,7.7555672],[8.4287352,7.7556017],[8.4287466,7.7556536],[8.4287439,7.7557061],[8.4287191,7.7557439],[8.4286809,7.7557692],[8.4286219,7.7557891],[8.428532,7.755819],[8.4284958,7.7558429],[8.4284382,7.7558808],[8.428406,7.7558934],[8.4283087,7.7559127],[8.4282283,7.7559207],[8.4282015,7.755914],[8.428182,7.7558928],[8.4281833,7.7558609],[8.4282303,7.7558157],[8.4283785,7.7557193],[8.4284791,7.755639],[8.4285421,7.7555659],[8.4285753,7.7555433],[8.4286222,7.7555317],[8.4286745,7.755539],[8.4287178,7.7555672]],[[8.4290966,7.7543593],[8.4292717,7.7542935],[8.4294058,7.7542796],[8.429511,7.7542962],[8.4295707,7.7543261],[8.4295955,7.7543606],[8.4295888,7.7544058],[8.4295694,7.754449],[8.4293541,7.7546456],[8.4293233,7.7546942],[8.4293112,7.75474],[8.4293146,7.7547765],[8.4293246,7.7548104],[8.4293226,7.7548603],[8.4293079,7.7549021],[8.4292576,7.7549652],[8.429167,7.7550416],[8.4287828,7.755316],[8.4286393,7.7554057],[8.4284978,7.7554649],[8.428359,7.7555061],[8.4282873,7.7555134],[8.4282719,7.7555041],[8.4282672,7.7554775],[8.4282772,7.7554449],[8.4283134,7.7553991],[8.4284241,7.7552775],[8.4285817,7.7550622],[8.428762,7.7547533],[8.4288479,7.7545666],[8.4288794,7.7545148],[8.4289431,7.7544457],[8.4290966,7.7543593]],[[8.4291489,7.7566137],[8.429214,7.7566336],[8.4292328,7.7566303],[8.4292965,7.7565671],[8.4293461,7.7565359],[8.4293776,7.7565346],[8.4294306,7.7565578],[8.4294949,7.7565791],[8.4295459,7.7565818],[8.4296512,7.756514],[8.4297417,7.7564874],[8.4297772,7.7564914],[8.4297954,7.7565007],[8.4298021,7.7565359],[8.4297967,7.7565671],[8.4297793,7.7566017],[8.4297645,7.7566602],[8.4297665,7.7567705],[8.4297591,7.7568216],[8.4297276,7.7568608],[8.4295962,7.7569425],[8.429338,7.7571558],[8.4292133,7.7572302],[8.429157,7.7572488],[8.4290779,7.7572482],[8.4290081,7.7572395],[8.4289324,7.7572442],[8.4288264,7.7572754],[8.4286695,7.7573691],[8.4285186,7.757492],[8.4284315,7.7575319],[8.4283865,7.7575305],[8.4283704,7.7575126],[8.4283671,7.7574694],[8.4283899,7.7573884],[8.4285615,7.7570263],[8.4286118,7.7569432],[8.4286983,7.7568661],[8.4288593,7.7567871],[8.428992,7.7566681],[8.4290417,7.7566329],[8.429096,7.756613],[8.4291489,7.7566137]],[[8.4307663,7.7548878],[8.4307338,7.754928],[8.4306161,7.7549915],[8.4304247,7.7550546],[8.4302902,7.7550895],[8.4302745,7.7550865],[8.4302641,7.7550705],[8.4302688,7.755049],[8.430365,7.7549749],[8.4305313,7.7548436],[8.4306282,7.7547905],[8.4306966,7.7547722],[8.4307328,7.7547785],[8.4307633,7.7547935],[8.4307801,7.7548493],[8.4307663,7.7548878]],[[8.4320357,7.7575631],[8.4320637,7.757597],[8.4320652,7.7576156],[8.4320583,7.757644],[8.4320357,7.7576681],[8.4319592,7.7577093],[8.4318808,7.7577405],[8.4318016,7.7577405],[8.4317078,7.7577292],[8.4316695,7.7577066],[8.4316615,7.7576741],[8.4316722,7.7576262],[8.4317091,7.7575923],[8.4317514,7.7575571],[8.4317835,7.7575472],[8.4318399,7.7575399],[8.4318895,7.7575179],[8.4319237,7.7575159],[8.43197,7.7575272],[8.4320357,7.7575631]],[[8.4325627,7.7570688],[8.4327324,7.7569073],[8.4327693,7.7568495],[8.4328182,7.7567034],[8.4328524,7.7565539],[8.4328645,7.756524],[8.4328846,7.7565067],[8.4330851,7.7563386],[8.4333929,7.7561207],[8.4335404,7.7559831],[8.4336343,7.7558635],[8.4336893,7.7557758],[8.4337905,7.7556602],[8.4339159,7.7555419],[8.4340346,7.7554536],[8.4341942,7.7553599],[8.4342351,7.7553453],[8.4343779,7.755316],[8.4344235,7.7552961],[8.4344966,7.7552496],[8.4345348,7.755227],[8.4345663,7.7552184],[8.4346052,7.755221],[8.4346267,7.755235],[8.4347011,7.7553473],[8.4347574,7.7553825],[8.4348118,7.7553898],[8.4349586,7.7553612],[8.4351175,7.7552994],[8.4352315,7.7552642],[8.4353455,7.7552423],[8.4355292,7.7552357],[8.4355681,7.7552283],[8.4355822,7.7552184],[8.4355903,7.7551938],[8.4355929,7.7551503],[8.4356054,7.755132],[8.4356271,7.7551264],[8.435656,7.755132],[8.4356912,7.7551576],[8.4357385,7.7552038],[8.4358119,7.7552313],[8.4359125,7.7552396],[8.4359701,7.755245],[8.4359956,7.7552533],[8.4360895,7.7553207],[8.4361891,7.7553606],[8.4363406,7.7554044],[8.43646,7.7554164],[8.4366578,7.7554224],[8.4368006,7.7553958],[8.4368482,7.7553825],[8.4369045,7.7553499],[8.4369421,7.7553307],[8.4370038,7.7553207],[8.4370789,7.7553121],[8.4371104,7.7553008],[8.4371486,7.7552775],[8.437207,7.7552523],[8.4372975,7.755217],[8.4373364,7.7551832],[8.4373699,7.7551413],[8.4374034,7.7551267],[8.437443,7.755126],[8.4374842,7.755141],[8.4375003,7.7551646],[8.4375057,7.7551891],[8.4374987,7.7552244],[8.4374866,7.7552436],[8.437447,7.7552822],[8.437388,7.7553459],[8.4373485,7.7553712],[8.4372955,7.7553958],[8.4371406,7.755427],[8.4371064,7.7554363],[8.4370682,7.7554675],[8.43704,7.7555061],[8.4369864,7.7555625],[8.436928,7.7556051],[8.4365988,7.7557811],[8.436242,7.7559074],[8.4360992,7.7559991],[8.4360221,7.7560841],[8.4360027,7.756124],[8.4359805,7.7561831],[8.4359604,7.756211],[8.4357063,7.7564037],[8.4356969,7.756421],[8.4357022,7.7564376],[8.4357398,7.756498],[8.4357385,7.7565233],[8.4357143,7.7565492],[8.4356446,7.7565738],[8.4356104,7.7565778],[8.4355185,7.7565532],[8.435481,7.7565552],[8.4353918,7.7565957],[8.4349345,7.7568469],[8.4343786,7.757108],[8.4341995,7.7571704],[8.4341385,7.7571944],[8.4341164,7.7572116],[8.4340896,7.7572561],[8.434052,7.7572887],[8.4339803,7.7573113],[8.4338844,7.7573319],[8.4338462,7.7573478],[8.4337717,7.757403],[8.4336839,7.7574535],[8.4335914,7.7574967],[8.4334733,7.7575379],[8.4332755,7.7575664],[8.4330998,7.7575771],[8.4329268,7.757583],[8.4328182,7.7576076],[8.4326633,7.7576674],[8.4325393,7.757692],[8.4323428,7.7576973],[8.4322697,7.7576608],[8.4322033,7.7576216],[8.4321785,7.7575784],[8.4321778,7.7575219],[8.4321959,7.7574708],[8.4322442,7.7573598],[8.4322663,7.7573306],[8.4323133,7.757302],[8.4324393,7.7572515],[8.4324675,7.7572355],[8.4325037,7.757191],[8.4325406,7.7571007],[8.4325627,7.7570688]],[[8.4355534,7.754431],[8.4355809,7.7544556],[8.4355973,7.7544932],[8.4356087,7.7545516],[8.435604,7.7545782],[8.4355997,7.7545842],[8.4355862,7.7545867],[8.4355487,7.7545825],[8.4355108,7.7545819],[8.4354132,7.7546064],[8.4353606,7.7546171],[8.4353254,7.7546211],[8.4353056,7.7546144],[8.4352533,7.7545589],[8.4352459,7.7545447],[8.4352456,7.754528],[8.435255,7.7545177],[8.4352979,7.7545121],[8.4353163,7.7545045],[8.4353442,7.7544746],[8.4353754,7.7544473],[8.4354267,7.7544257],[8.435494,7.7544111],[8.4355219,7.7544144],[8.4355534,7.754431]],[[8.4368154,7.7525733],[8.4369441,7.7524717],[8.4371493,7.7522889],[8.437221,7.7522471],[8.4372861,7.7522198],[8.4374283,7.7521155],[8.4375952,7.7519248],[8.4378031,7.7516245],[8.4378339,7.7515435],[8.4378406,7.7515049],[8.4378504,7.7514822],[8.4378728,7.7514651],[8.4379191,7.7514697],[8.438015,7.7514843],[8.4381008,7.751481],[8.4381605,7.7514597],[8.4382765,7.7513215],[8.4383382,7.7512219],[8.4383952,7.7511309],[8.4384354,7.7510956],[8.4384904,7.7510704],[8.4387251,7.7510418],[8.4390161,7.7510046],[8.4390879,7.7509827],[8.4392676,7.7508657],[8.4394258,7.7506824],[8.4395599,7.7505588],[8.4397477,7.7504432],[8.4400132,7.7503528],[8.4404048,7.7502558],[8.4405979,7.7501335],[8.440669,7.7500046],[8.4407012,7.7499216],[8.4407247,7.7498811],[8.4407763,7.7498525],[8.4409547,7.749816],[8.4411035,7.7497562],[8.4412336,7.7496857],[8.4414375,7.7496286],[8.4417473,7.749602],[8.4420986,7.7496339],[8.4424862,7.7496698],[8.4427008,7.7496738],[8.4429006,7.7496538],[8.4430709,7.7496485],[8.4432761,7.7496538],[8.4433714,7.7496804],[8.4434089,7.749715],[8.4434149,7.7497548],[8.4434056,7.7497807],[8.4433841,7.7498047],[8.4433472,7.7498346],[8.4433439,7.7498485],[8.4433563,7.7499106],[8.4433569,7.7499269],[8.4433224,7.7499837],[8.4433244,7.7499967],[8.4433305,7.7500027],[8.4433643,7.7500106],[8.4434773,7.7500199],[8.4435256,7.7500385],[8.4435987,7.7501083],[8.4436993,7.7502691],[8.4437502,7.7503528],[8.4438092,7.7504146],[8.4439051,7.7504737],[8.4439272,7.7504903],[8.4439319,7.7505169],[8.4438904,7.7505867],[8.443889,7.750606],[8.4439004,7.7506252],[8.4440164,7.7506897],[8.4442377,7.7507807],[8.4443859,7.7508378],[8.4444235,7.7508544],[8.4444597,7.750889],[8.4445354,7.7509667],[8.4446722,7.7510897],[8.4448405,7.7512664],[8.4449492,7.7513288],[8.4450953,7.7513641],[8.4452033,7.7513714],[8.4453823,7.7513687],[8.4454346,7.751378],[8.445548,7.7514318],[8.4457947,7.7516019],[8.4459355,7.7517395],[8.4461287,7.7518743],[8.4462138,7.7519302],[8.4463241,7.7520368],[8.4463432,7.7520498],[8.4463563,7.7520511],[8.4463798,7.7520434],[8.4464234,7.7520434],[8.4464582,7.7520624],[8.4464713,7.7520833],[8.4464934,7.7521826],[8.4465417,7.7523634],[8.4466369,7.7525986],[8.4467027,7.752679],[8.4467288,7.7527427],[8.4467342,7.752877],[8.4467053,7.7529308],[8.446651,7.7529706],[8.4465608,7.7530394],[8.4465367,7.7530637],[8.4465149,7.753072],[8.4463835,7.7530929],[8.4456512,7.7531906],[8.4450417,7.753249],[8.4442424,7.7532949],[8.4440593,7.7533029],[8.4433318,7.7532989],[8.4431212,7.7533128],[8.4430502,7.7533254],[8.4430133,7.7533367],[8.4429791,7.7533354],[8.4429241,7.7533221],[8.4427907,7.7532889],[8.4426653,7.7532796],[8.4420447,7.7533122],[8.4419203,7.7533251],[8.4418847,7.7533404],[8.4418271,7.7533979],[8.441816,7.7534053],[8.4418039,7.7534065],[8.4417929,7.7534022],[8.4417607,7.7533876],[8.4417386,7.7533902],[8.4417241,7.7534002],[8.4417034,7.7534271],[8.4416926,7.7534318],[8.4415112,7.7534643],[8.4413865,7.7535201],[8.441298,7.7535806],[8.4412531,7.7535965],[8.4412008,7.7535979],[8.4411149,7.7535912],[8.4410653,7.7536058],[8.4410258,7.7536424],[8.4409346,7.7538111],[8.4408937,7.7539101],[8.4408709,7.7539307],[8.4408078,7.7539547],[8.4406811,7.7539739],[8.4404008,7.7539925],[8.4403123,7.7540012],[8.4401829,7.7540443],[8.4399663,7.7541686],[8.4398992,7.7542164],[8.4397262,7.7543048],[8.4395874,7.7543879],[8.4395452,7.7544018],[8.4394292,7.7544091],[8.439344,7.7544197],[8.4390201,7.7545094],[8.4387814,7.7546005],[8.4386192,7.7546589],[8.4385642,7.7546902],[8.4384723,7.7547314],[8.4383462,7.7547526],[8.4381679,7.7547506],[8.437962,7.7547307],[8.4376428,7.7546782],[8.4373947,7.7546576],[8.437264,7.7546589],[8.4371614,7.7546742],[8.4370749,7.7547028],[8.4370185,7.7547068],[8.4369622,7.7547008],[8.4368791,7.7546782],[8.4367181,7.754645],[8.4366417,7.754637],[8.4364432,7.754643],[8.4363232,7.7546543],[8.4362709,7.7546556],[8.4361763,7.7546363],[8.4359886,7.7545613],[8.4357881,7.754431],[8.4357277,7.75434],[8.435717,7.7542776],[8.4357291,7.7542244],[8.4357532,7.7541885],[8.4358518,7.7541274],[8.436236,7.7540012],[8.4363876,7.7539168],[8.4364184,7.7538796],[8.4364251,7.753839],[8.4364117,7.7537792],[8.4363949,7.7537367],[8.4363534,7.7537062],[8.4363071,7.7537035],[8.4362058,7.7537327],[8.4360503,7.7537972],[8.4359534,7.7538078],[8.4359138,7.7538018],[8.4358947,7.7537716],[8.4359061,7.7537354],[8.436006,7.7536557],[8.4361736,7.7534856],[8.4362125,7.7533806],[8.4362192,7.753356],[8.4362152,7.7533382],[8.4361998,7.7533268],[8.436178,7.7533268],[8.4360436,7.7533726],[8.435892,7.7534278],[8.4357532,7.7534935],[8.4356734,7.7535593],[8.4356191,7.7536351],[8.4355876,7.7537168],[8.4355433,7.753744],[8.4354924,7.75374],[8.4354689,7.7537068],[8.4354676,7.753663],[8.435489,7.7536171],[8.4355413,7.7535567],[8.4357103,7.7533573],[8.4360214,7.7530896],[8.4362514,7.7529075],[8.4363373,7.7528623],[8.4364808,7.7527733],[8.43658,7.7527102],[8.4368154,7.7525733]],[[8.436584,7.7560276],[8.4366149,7.7560183],[8.436639,7.7560316],[8.4366417,7.7560562],[8.436637,7.7560768],[8.4365807,7.7561432],[8.4364741,7.7562522],[8.4363762,7.7563339],[8.4362715,7.7564064],[8.4361354,7.7564648],[8.4360657,7.7565],[8.4360315,7.7565107],[8.4359765,7.756508],[8.4359477,7.7564914],[8.435943,7.7564569],[8.4359504,7.7563977],[8.4359785,7.7563592],[8.4360261,7.7563273],[8.4360697,7.75631],[8.4361616,7.7562947],[8.4362179,7.7562728],[8.436352,7.7561745],[8.4364647,7.7561094],[8.436584,7.7560276]],[[8.4447748,7.7498106],[8.4448345,7.7498465],[8.4448707,7.749893],[8.4448948,7.7499468],[8.4449304,7.7500452],[8.4449364,7.7501355],[8.4449002,7.75019],[8.4448613,7.750208],[8.4448016,7.750204],[8.4446944,7.7501468],[8.4446783,7.7501282],[8.4446749,7.750099],[8.4446776,7.7500525],[8.4446622,7.7500173],[8.4446427,7.7500007],[8.4445569,7.7499515],[8.4445133,7.7499216],[8.4445012,7.749901],[8.4444925,7.7498638],[8.4444543,7.7497741],[8.4444325,7.7497233],[8.4444328,7.749703],[8.444452,7.7496694],[8.4444771,7.7496595],[8.4445096,7.7496651],[8.444571,7.749709],[8.4446199,7.7497601],[8.4446427,7.7497761],[8.444689,7.74979],[8.4447748,7.7498106]],[[8.3992524,7.7658303],[8.399296,7.765843],[8.3993717,7.7658875],[8.3994234,7.7659293],[8.3994294,7.7659732],[8.3993939,7.7660237],[8.3993134,7.7660775],[8.3992423,7.7660954],[8.3992222,7.7660941],[8.399072,7.7660443],[8.3988634,7.7659905],[8.398732,7.7659293],[8.3986442,7.7658682],[8.3985704,7.7658131],[8.3984725,7.7657599],[8.3984584,7.7657373],[8.3984571,7.7657061],[8.3984772,7.7656755],[8.3985241,7.7656563],[8.3986831,7.7656662],[8.3988098,7.7656961],[8.3988634,7.7657127],[8.3989493,7.7657626],[8.3991236,7.7658204],[8.3992061,7.7658277],[8.3992524,7.7658303]],[[8.6691168,7.740462],[8.6692724,7.7404036],[8.6693501,7.7403531],[8.6694172,7.7402574],[8.6694601,7.740167],[8.6695057,7.7400979],[8.6695459,7.7400501],[8.669609,7.7400062],[8.6697565,7.7399504],[8.6698544,7.7398933],[8.6700422,7.7397551],[8.6702192,7.7396381],[8.6713652,7.7389801],[8.6729236,7.7384145],[8.6744085,7.7380887],[8.6754656,7.7379637],[8.6766028,7.7378681],[8.6785662,7.7376661],[8.6794191,7.7375438],[8.6802935,7.7374588],[8.6810982,7.7374003],[8.6816561,7.7373365],[8.6819994,7.7373578],[8.6821979,7.7374056],[8.6823052,7.7375279],[8.6823535,7.7376661],[8.6823964,7.7378308],[8.6823589,7.7379903],[8.6822462,7.7381923],[8.6821657,7.7382933],[8.6820423,7.7384421],[8.6815971,7.7388515],[8.6812216,7.7391172],[8.6809212,7.7393245],[8.6806691,7.7394361],[8.6803901,7.7395478],[8.6800897,7.7396328],[8.6797142,7.7398667],[8.6794299,7.7401484],[8.6790222,7.7405577],[8.6787111,7.7408873],[8.6782551,7.7413125],[8.6776757,7.7417484],[8.6771607,7.7422055],[8.6767638,7.7426095],[8.6765599,7.7429391],[8.6760878,7.7435238],[8.6756372,7.7441829],[8.6754119,7.7443636],[8.6751062,7.7445603],[8.6746341,7.7447889],[8.6741459,7.7449483],[8.6740024,7.7449324],[8.6738482,7.7448779],[8.673808,7.74485],[8.673639,7.7447171],[8.6735371,7.7445709],[8.6733627,7.7443982],[8.6732823,7.7443743],[8.6732742,7.7443769],[8.6732098,7.7443583],[8.6730221,7.7442839],[8.6728799,7.7442626],[8.6727002,7.7441988],[8.672542,7.7441696],[8.672381,7.7441218],[8.6720914,7.7440394],[8.6712961,7.7439224],[8.6711593,7.7439198],[8.6711043,7.7438985],[8.6710587,7.7438693],[8.6710077,7.7438254],[8.670942,7.7437457],[8.6708495,7.7436434],[8.6707543,7.7435171],[8.6706953,7.7434308],[8.6706081,7.7433085],[8.6705022,7.7432035],[8.6703385,7.7430534],[8.6700019,7.7427903],[8.66979,7.7426257],[8.6695299,7.7424328],[8.6693456,7.7423016],[8.6692402,7.7422122],[8.6691812,7.7421444],[8.6691141,7.7420647],[8.6690672,7.7420208],[8.6689988,7.7419876],[8.6689103,7.7419291],[8.6688513,7.7418972],[8.6687788,7.7418441],[8.6686903,7.741767],[8.6683711,7.7414162],[8.6681883,7.7411627],[8.6680895,7.7410255],[8.6679903,7.7408953],[8.6679735,7.7408574],[8.6679708,7.7408228],[8.6679836,7.7407816],[8.668001,7.7407544],[8.6680278,7.7407294],[8.6680949,7.7406999],[8.6682545,7.7406627],[8.6685643,7.7406056],[8.6687601,7.740571],[8.6689371,7.7405178],[8.6691168,7.740462]]]]}},{"type":"Feature","properties":{"kind":"road","id":"road-30062649-0","name":"Unnamed mapped tertiary","osmWay":30062649,"major":false,"bridge":false},"geometry":{"type":"LineString","coordinates":[[8.5288759,7.7182334],[8.5269263,7.7177443],[8.5232756,7.7175941],[8.522736,7.7174738],[8.5179992,7.7148981],[8.5178768,7.714276],[8.5179529,7.7135816],[8.5197078,7.7102867],[8.5221481,7.708058],[8.52274,7.7078588],[8.5231785,7.7079227],[8.526945,7.7101637],[8.529249,7.7111777],[8.534144,7.7128536],[8.5415343,7.7151042]]}},{"type":"Feature","properties":{"kind":"road","id":"road-79854106-0","name":"A3","osmWay":79854106,"major":true,"bridge":false},"geometry":{"type":"LineString","coordinates":[[8.5777141,7.8350719],[8.5756152,7.8273694],[8.5748183,7.8259342],[8.5732825,7.8239204],[8.5726906,7.8226779],[8.5702127,7.8117467],[8.5667175,7.804495],[8.5665526,7.803521],[8.5663997,7.7992267],[8.5664548,7.7958986]]}},{"type":"Feature","properties":{"kind":"road","id":"road-79854120-0","name":"A3","osmWay":79854120,"major":true,"bridge":false},"geometry":{"type":"LineString","coordinates":[[8.5462494,7.7270608],[8.5354668,7.694682],[8.5352192,7.693416],[8.5351431,7.6918805],[8.5354006,7.6866521],[8.5357155,7.685399],[8.5379997,7.6801157],[8.5384289,7.6774776],[8.539238,7.674706],[8.5396282,7.6737633],[8.5413901,7.6719324],[8.547234,7.6666183],[8.549227,7.6643106],[8.5506155,7.6624408],[8.5545087,7.6555684]]}},{"type":"Feature","properties":{"kind":"road","id":"road-221700522-0","name":"Makurdi-Gbajimba Road","osmWay":221700522,"major":false,"bridge":false},"geometry":{"type":"LineString","coordinates":[[8.6230972,7.7844537],[8.6245329,7.784886],[8.6255424,7.7854088],[8.6268603,7.7865669],[8.6280663,7.787926],[8.6287718,7.7892254],[8.6298378,7.7917238],[8.6300571,7.7939192],[8.6306495,7.7955581],[8.6316415,7.7977163],[8.6332343,7.7998175],[8.6349273,7.8016373],[8.6357121,7.8023843],[8.6376048,7.803562],[8.6383281,7.8038745],[8.6407055,7.8045186],[8.6487764,7.8061384],[8.6555971,7.8069939],[8.6567781,7.8075334],[8.6586455,7.8087951],[8.6615099,7.8104223],[8.6645797,7.8125414],[8.6666032,7.8135781],[8.6700001,7.8146986],[8.6766092,7.8159715],[8.6830499,7.817627]]}},{"type":"Feature","properties":{"kind":"road","id":"road-266155696-0","name":"Unnamed mapped secondary","osmWay":266155696,"major":false,"bridge":true},"geometry":{"type":"LineString","coordinates":[[8.5432372,7.7445358],[8.5382741,7.7395123]]}},{"type":"Feature","properties":{"kind":"road","id":"road-343669481-0","name":"A3","osmWay":343669481,"major":true,"bridge":false},"geometry":{"type":"LineString","coordinates":[[8.5465518,7.7276101],[8.5463126,7.7276725],[8.5462375,7.7274005],[8.5464975,7.7273456],[8.5465518,7.7276101]]}},{"type":"Feature","properties":{"kind":"road","id":"road-343669484-0","name":"Unnamed mapped tertiary","osmWay":343669484,"major":false,"bridge":false},"geometry":{"type":"LineString","coordinates":[[8.5262898,7.7292975],[8.5264402,7.7292314],[8.5265164,7.7293935],[8.5263511,7.7294587],[8.5262898,7.7292975]]}},{"type":"Feature","properties":{"kind":"road","id":"road-343669488-0","name":"SAVANA ROUND ABOUT","osmWay":343669488,"major":true,"bridge":false},"geometry":{"type":"LineString","coordinates":[[8.5357689,7.7256778],[8.5357854,7.7253622],[8.5361013,7.7253936],[8.536055,7.7257056],[8.5357689,7.7256778]]}},{"type":"Feature","properties":{"kind":"road","id":"road-343669490-0","name":"Unnamed mapped secondary","osmWay":343669490,"major":false,"bridge":false},"geometry":{"type":"LineString","coordinates":[[8.5293527,7.7186362],[8.529159,7.7186294],[8.5291774,7.7184125],[8.5293772,7.7184479],[8.5293527,7.7186362]]}},{"type":"Feature","properties":{"kind":"road","id":"road-343669492-0","name":"Unnamed mapped tertiary","osmWay":343669492,"major":false,"bridge":false},"geometry":{"type":"LineString","coordinates":[[8.5290901,7.7190186],[8.5266526,7.724858],[8.5264389,7.7289069]]}},{"type":"Feature","properties":{"kind":"road","id":"road-343670627-0","name":"Unnamed mapped tertiary","osmWay":343670627,"major":false,"bridge":false},"geometry":{"type":"LineString","coordinates":[[8.5463126,7.7276725],[8.5460832,7.7279019],[8.5452765,7.7281564],[8.5430453,7.7280781],[8.5404553,7.72826],[8.536602,7.7255227]]}},{"type":"Feature","properties":{"kind":"road","id":"road-343671583-0","name":"Unnamed mapped primary","osmWay":343671583,"major":true,"bridge":false},"geometry":{"type":"LineString","coordinates":[[8.5269987,7.7390185],[8.5269722,7.7391608],[8.5268272,7.7391219],[8.5268678,7.7389902],[8.5269987,7.7390185]]}},{"type":"Feature","properties":{"kind":"road","id":"road-343671584-0","name":"Unnamed mapped secondary","osmWay":343671584,"major":false,"bridge":false},"geometry":{"type":"LineString","coordinates":[[8.5268367,7.7395431],[8.5263582,7.7421371],[8.5267329,7.7441]]}},{"type":"Feature","properties":{"kind":"road","id":"road-343671585-0","name":"Unnamed mapped secondary","osmWay":343671585,"major":false,"bridge":false},"geometry":{"type":"LineString","coordinates":[[8.5268874,7.7444188],[8.5267624,7.74448],[8.5267093,7.7443408],[8.5268251,7.7442973],[8.5268874,7.7444188]]}},{"type":"Feature","properties":{"kind":"road","id":"road-343671588-0","name":"Unnamed mapped secondary","osmWay":343671588,"major":false,"bridge":false},"geometry":{"type":"LineString","coordinates":[[8.5270298,7.7447254],[8.5281396,7.7453794],[8.5291538,7.7456274],[8.5301556,7.7453098],[8.5329665,7.7440753],[8.5333005,7.7438573],[8.5348588,7.7421643],[8.5355743,7.7408321],[8.5364648,7.7398933],[8.5374941,7.7391584],[8.5380381,7.7392544],[8.5382741,7.7395123]]}},{"type":"Feature","properties":{"kind":"road","id":"road-343671590-0","name":"Unnamed mapped tertiary","osmWay":343671590,"major":false,"bridge":false},"geometry":{"type":"LineString","coordinates":[[8.5204599,7.7444848],[8.5162263,7.7441956],[8.5147714,7.744836],[8.5142431,7.7449322],[8.5097861,7.7441425],[8.5064197,7.7433674],[8.5070336,7.7383318]]}},{"type":"Feature","properties":{"kind":"road","id":"road-343672510-0","name":"Konshisha Street","osmWay":343672510,"major":false,"bridge":false},"geometry":{"type":"LineString","coordinates":[[8.5295899,7.7175587],[8.5311265,7.7183707],[8.5357776,7.7217601],[8.5381418,7.723331],[8.5423703,7.7241563],[8.5449741,7.7232785]]}},{"type":"Feature","properties":{"kind":"road","id":"road-343672512-0","name":"Unnamed mapped tertiary","osmWay":343672512,"major":false,"bridge":false},"geometry":{"type":"LineString","coordinates":[[8.5430965,7.7176282],[8.5386997,7.7179275],[8.5343065,7.7236887]]}},{"type":"Feature","properties":{"kind":"road","id":"road-344014398-0","name":"Unnamed mapped tertiary","osmWay":344014398,"major":false,"bridge":false},"geometry":{"type":"LineString","coordinates":[[8.569847,7.6765446],[8.5692577,7.6762076],[8.5683103,7.6759609],[8.5620252,7.6752861],[8.556186,7.673632],[8.5467079,7.6724613],[8.5413901,7.6719324]]}},{"type":"Feature","properties":{"kind":"road","id":"road-360900820-0","name":"Unnamed mapped primary","osmWay":360900820,"major":true,"bridge":false},"geometry":{"type":"LineString","coordinates":[[8.5462163,7.7529331],[8.5467912,7.7540875],[8.5473843,7.7548851],[8.5486451,7.7560254],[8.5513826,7.7580691],[8.558437,7.766246],[8.5587464,7.7664085],[8.5590969,7.7664058]]}},{"type":"Feature","properties":{"kind":"road","id":"road-360900830-0","name":"Unnamed mapped primary","osmWay":360900830,"major":true,"bridge":false},"geometry":{"type":"LineString","coordinates":[[8.5008622,7.7971388],[8.5049287,7.7975088],[8.5068535,7.7973217],[8.5078968,7.7969979],[8.5089221,7.7964425],[8.5126098,7.7935671],[8.5168402,7.79085],[8.5172687,7.7903301],[8.5179733,7.7882472],[8.5189387,7.7863461],[8.5214355,7.7823911],[8.5223834,7.7815578],[8.5240793,7.7807255],[8.5274741,7.7801644],[8.5278555,7.7799206],[8.5285556,7.7790298],[8.5296837,7.7772565],[8.5303978,7.7757877],[8.5314196,7.7730325],[8.5374547,7.7611889],[8.5387377,7.7599291],[8.5423745,7.7568637],[8.5439964,7.7549654],[8.5460369,7.7530942]]}},{"type":"Feature","properties":{"kind":"road","id":"road-371875740-0","name":"Unnamed mapped tertiary","osmWay":371875740,"major":false,"bridge":false},"geometry":{"type":"LineString","coordinates":[[8.3895179,7.7232152],[8.3941913,7.7222184],[8.3953384,7.7218335],[8.3983447,7.7204061],[8.4020976,7.7180686],[8.406516,7.7162021],[8.4084784,7.7158112],[8.4114301,7.7158573],[8.4124457,7.715749],[8.4125408,7.7155365],[8.4124517,7.7128083],[8.4116427,7.7088257],[8.4115961,7.7074173],[8.4111285,7.7053913],[8.4112702,7.7050522],[8.4123838,7.7037327],[8.4159028,7.7002055],[8.4184379,7.6978403],[8.4197727,7.6969422],[8.4200027,7.6966547],[8.4200549,7.6957773],[8.4198403,7.692545],[8.4204751,7.6871063],[8.4209033,7.6867683],[8.4273559,7.686878]]}},{"type":"Feature","properties":{"kind":"road","id":"road-371875744-0","name":"Unnamed mapped secondary","osmWay":371875744,"major":false,"bridge":false},"geometry":{"type":"LineString","coordinates":[[8.4158552,7.7995256],[8.4169719,7.8001313],[8.4177101,7.8003808],[8.4192224,7.8006377]]}},{"type":"Feature","properties":{"kind":"road","id":"road-371875744-1","name":"Unnamed mapped secondary","osmWay":371875744,"major":false,"bridge":false},"geometry":{"type":"LineString","coordinates":[[8.4195545,7.8006287],[8.4216755,7.8002844],[8.4237813,7.7992129],[8.4254064,7.798663],[8.4269171,7.7983228],[8.4288969,7.7980564],[8.4380238,7.7980734]]}},{"type":"Feature","properties":{"kind":"road","id":"road-371875746-0","name":"Unnamed mapped tertiary","osmWay":371875746,"major":false,"bridge":false},"geometry":{"type":"LineString","coordinates":[[8.4209721,7.8120819],[8.4230321,7.8106249],[8.4274546,7.8070151],[8.430477,7.8049454],[8.4329605,7.8034686],[8.4353552,7.8024878],[8.4368172,7.8016942],[8.4371336,7.8009891],[8.4381249,7.7995486],[8.4398487,7.7977593]]}},{"type":"Feature","properties":{"kind":"road","id":"road-374260265-0","name":"Unnamed mapped tertiary","osmWay":374260265,"major":false,"bridge":false},"geometry":{"type":"LineString","coordinates":[[8.5841717,7.7210834],[8.5839942,7.7187924],[8.5835351,7.7160252],[8.5836337,7.7144689],[8.5844301,7.7119901],[8.5864385,7.7069733],[8.5870556,7.7049443],[8.587539,7.7025411],[8.5877573,7.6991902],[8.5875713,7.6976254],[8.5862285,7.6927338],[8.5855606,7.688433],[8.5860844,7.682821],[8.5874386,7.6780322],[8.5884003,7.6762756],[8.5892684,7.6752425],[8.5928871,7.671987],[8.5944857,7.6702898],[8.5961902,7.6675824],[8.5970847,7.6656193],[8.59777,7.6627723],[8.5980141,7.6584513],[8.5985371,7.6527412],[8.5983655,7.6507368],[8.5977902,7.6480586],[8.5965885,7.645385],[8.5957101,7.6442372],[8.5947324,7.6433958],[8.5938769,7.6428615],[8.5885486,7.6405287],[8.5850644,7.6383754],[8.5834725,7.6375659],[8.5801841,7.6362314],[8.5770875,7.6355044],[8.5763084,7.6354352],[8.5696417,7.6358659],[8.5666068,7.6357568],[8.5634874,7.6348517]]}},{"type":"Feature","properties":{"kind":"road","id":"road-374260266-0","name":"Unnamed mapped tertiary","osmWay":374260266,"major":false,"bridge":false},"geometry":{"type":"LineString","coordinates":[[8.5855845,7.7084289],[8.5858134,7.708519]]}},{"type":"Feature","properties":{"kind":"road","id":"road-374260268-0","name":"Unnamed mapped tertiary","osmWay":374260268,"major":false,"bridge":false},"geometry":{"type":"LineString","coordinates":[[8.5857604,7.7086565],[8.5855509,7.7085189]]}},{"type":"Feature","properties":{"kind":"road","id":"road-374260269-0","name":"Unnamed mapped trunk_link","osmWay":374260269,"major":false,"bridge":false},"geometry":{"type":"LineString","coordinates":[[8.5374952,7.7008782],[8.5377746,7.7009587]]}},{"type":"Feature","properties":{"kind":"road","id":"road-374260270-0","name":"Unnamed mapped trunk_link","osmWay":374260270,"major":false,"bridge":false},"geometry":{"type":"LineString","coordinates":[[8.537771,7.7010621],[8.5376391,7.7013101]]}},{"type":"Feature","properties":{"kind":"road","id":"road-374260271-0","name":"CHIEF ABU KING SHULUWA ROAD","osmWay":374260271,"major":false,"bridge":false},"geometry":{"type":"LineString","coordinates":[[8.5375466,7.7010442],[8.5429135,7.6989875],[8.5441753,7.6986586],[8.5496844,7.6984886],[8.5561395,7.6977708],[8.5599947,7.6976686],[8.5610719,7.6977466],[8.569236,7.7001096],[8.5714736,7.7008803],[8.5763075,7.7033455],[8.580097,7.7049275],[8.5855845,7.7084289]]}},{"type":"Feature","properties":{"kind":"road","id":"road-374260272-0","name":"Unnamed mapped tertiary","osmWay":374260272,"major":false,"bridge":false},"geometry":{"type":"LineString","coordinates":[[8.5855509,7.7085189],[8.5818948,7.7062382],[8.5806715,7.7053383],[8.5796246,7.7047878],[8.5763689,7.7034949],[8.571429,7.7009671],[8.5698281,7.7003943],[8.5610421,7.6978295],[8.5600434,7.6977382],[8.5554321,7.6979144],[8.5502308,7.6985454],[8.5441795,7.6987476],[8.5428639,7.6991118],[8.5375868,7.7011514]]}},{"type":"Feature","properties":{"kind":"road","id":"road-374265890-0","name":"Unnamed mapped tertiary","osmWay":374265890,"major":false,"bridge":false},"geometry":{"type":"LineString","coordinates":[[8.5540807,7.6983272],[8.554229,7.6995602],[8.5521175,7.7062465],[8.5521691,7.7069329],[8.5524273,7.7077994],[8.5532849,7.7098381],[8.5536297,7.7132372],[8.5534948,7.7150025],[8.5524916,7.718214],[8.5505632,7.7220632],[8.5495454,7.7262072]]}},{"type":"Feature","properties":{"kind":"road","id":"road-374265891-0","name":"Unnamed mapped tertiary_link","osmWay":374265891,"major":false,"bridge":false},"geometry":{"type":"LineString","coordinates":[[8.5541927,7.6980389],[8.5540834,7.698174]]}},{"type":"Feature","properties":{"kind":"road","id":"road-374265892-0","name":"Unnamed mapped tertiary","osmWay":374265892,"major":false,"bridge":false},"geometry":{"type":"LineString","coordinates":[[8.5536297,7.7132372],[8.5540285,7.7123113],[8.5564788,7.7083576],[8.5575999,7.7060226],[8.559305,7.7047965],[8.5644459,7.6986933],[8.5650712,7.6976498],[8.5659872,7.6971325],[8.5668328,7.6962065],[8.5688652,7.6923789],[8.5692012,7.692161],[8.5695561,7.6916591],[8.5714482,7.6870707],[8.5746779,7.6810793]]}},{"type":"Feature","properties":{"kind":"road","id":"road-374265893-0","name":"Unnamed mapped tertiary","osmWay":374265893,"major":false,"bridge":false},"geometry":{"type":"LineString","coordinates":[[8.5856949,7.6866481],[8.5826295,7.6849892],[8.5772819,7.6827726],[8.5756953,7.6818375],[8.5746779,7.6810793]]}},{"type":"Feature","properties":{"kind":"road","id":"road-374265894-0","name":"Unnamed mapped tertiary_link","osmWay":374265894,"major":false,"bridge":false},"geometry":{"type":"LineString","coordinates":[[8.5540223,7.6982171],[8.5537567,7.698094]]}},{"type":"Feature","properties":{"kind":"road","id":"road-374265895-0","name":"Unnamed mapped tertiary","osmWay":374265895,"major":false,"bridge":false},"geometry":{"type":"LineString","coordinates":[[8.5540911,7.6979353],[8.5540807,7.6983272]]}},{"type":"Feature","properties":{"kind":"road","id":"road-374265896-0","name":"Unnamed mapped tertiary","osmWay":374265896,"major":false,"bridge":false},"geometry":{"type":"LineString","coordinates":[[8.5540807,7.6983272],[8.5538801,7.6979675]]}},{"type":"Feature","properties":{"kind":"road","id":"road-374267323-0","name":"Unnamed mapped tertiary","osmWay":374267323,"major":false,"bridge":false},"geometry":{"type":"LineString","coordinates":[[8.6035601,7.571114],[8.601322,7.572024],[8.5989615,7.5716693]]}},{"type":"Feature","properties":{"kind":"road","id":"road-374267323-1","name":"Unnamed mapped tertiary","osmWay":374267323,"major":false,"bridge":false},"geometry":{"type":"LineString","coordinates":[[8.6537394,7.7076523],[8.6537664,7.7058044],[8.6531772,7.7036112],[8.6516967,7.6988056],[8.6500274,7.6950779],[8.6497933,7.6941497],[8.6487433,7.6917618],[8.6481617,7.6886478],[8.6474743,7.6868438],[8.6464168,7.6845906],[8.6458579,7.6840891],[8.644181,7.682053],[8.6437958,7.6812969],[8.6428667,7.6800543],[8.6423078,7.6790961],[8.642066,7.6781155],[8.6418092,7.6755254],[8.6414618,7.6741405],[8.6412578,7.6721792],[8.6414391,7.67045],[8.6417035,7.6694169],[8.6436447,7.6628966],[8.6438411,7.6585023],[8.6436598,7.656249],[8.6434257,7.6550063],[8.6413862,7.6505295],[8.6408499,7.6486505],[8.638312,7.6430283],[8.6363556,7.6399513],[8.6354416,7.637945],[8.6335057,7.6346615],[8.6336945,7.6339353],[8.6357339,7.6322883],[8.6379622,7.6241316],[8.6390159,7.6188235],[8.6390839,7.6174122],[8.638981,7.6161174],[8.638495,7.6136081],[8.6382319,7.6129423],[8.6364298,7.6097471],[8.6345212,7.605254],[8.6342541,7.6036658],[8.6342434,7.602104],[8.6346951,7.6002285]]}},{"type":"Feature","properties":{"kind":"road","id":"road-374298214-0","name":"Unnamed mapped secondary_link","osmWay":374298214,"major":false,"bridge":false},"geometry":{"type":"LineString","coordinates":[[8.5343069,7.7001517],[8.5343698,7.700154]]}},{"type":"Feature","properties":{"kind":"road","id":"road-374299297-0","name":"Unnamed mapped tertiary","osmWay":374299297,"major":false,"bridge":false},"geometry":{"type":"LineString","coordinates":[[8.5988983,7.5716135],[8.6020479,7.574321],[8.6031959,7.575414],[8.6037058,7.5761056],[8.6048197,7.5788279],[8.6090264,7.5858704],[8.6094191,7.5867688],[8.6099856,7.5909537],[8.6098949,7.5934092],[8.6097288,7.5942177],[8.6073799,7.6001393],[8.6067304,7.6024301],[8.6066247,7.6034856],[8.6064057,7.6042567],[8.6038907,7.6089055],[8.6029164,7.6114882],[8.6028126,7.6124684],[8.6029995,7.6144901],[8.6051368,7.6263177],[8.601859,7.6368125],[8.6011793,7.6406077],[8.5992383,7.6468505],[8.5985099,7.6519426]]}},{"type":"Feature","properties":{"kind":"road","id":"road-374399348-0","name":"Unnamed mapped tertiary","osmWay":374399348,"major":false,"bridge":false},"geometry":{"type":"LineString","coordinates":[[8.6569174,7.7087949],[8.6565168,7.7082471],[8.6555664,7.7076501],[8.6543217,7.7074978],[8.653464,7.7077525],[8.6524027,7.7083626],[8.6510147,7.7094728]]}},{"type":"Feature","properties":{"kind":"road","id":"road-374399349-0","name":"Unnamed mapped tertiary","osmWay":374399349,"major":false,"bridge":true},"geometry":{"type":"LineString","coordinates":[[8.6571503,7.709263],[8.6569174,7.7087949]]}},{"type":"Feature","properties":{"kind":"road","id":"road-374399350-0","name":"Unnamed mapped tertiary","osmWay":374399350,"major":false,"bridge":false},"geometry":{"type":"LineString","coordinates":[[8.6581717,7.7114218],[8.6571503,7.709263]]}},{"type":"Feature","properties":{"kind":"road","id":"road-374403440-0","name":"Unnamed mapped tertiary","osmWay":374403440,"major":false,"bridge":false},"geometry":{"type":"LineString","coordinates":[[8.6547744,7.7074939],[8.6552544,7.7068174],[8.6569263,7.7014341],[8.6587745,7.6973899],[8.6602487,7.6951085],[8.6641641,7.6904343],[8.6660443,7.6870994],[8.6682076,7.6839232],[8.6706434,7.6814723],[8.6731593,7.6765757],[8.6737415,7.6758716],[8.6788534,7.6681322],[8.6802155,7.6650459],[8.6818286,7.662526],[8.6843298,7.6550362]]}},{"type":"Feature","properties":{"kind":"road","id":"road-375090855-0","name":"Unnamed mapped secondary","osmWay":375090855,"major":false,"bridge":false},"geometry":{"type":"LineString","coordinates":[[8.5042608,7.8481622],[8.5049522,7.8467275],[8.5098921,7.8415741],[8.5102191,7.8410821],[8.5112987,7.8387521],[8.5127675,7.8345872],[8.5135464,7.8307832],[8.5145545,7.8279052],[8.5146278,7.827415],[8.514472,7.8263527],[8.5125384,7.8195708],[8.5123734,7.8186084],[8.5123276,7.8177459],[8.5127858,7.8103101],[8.5123184,7.8007496],[8.5124467,7.7998235],[8.5136289,7.7961463],[8.5141421,7.7951476],[8.516314,7.7926053],[8.517093,7.7909347],[8.5171248,7.7905522]]}},{"type":"Feature","properties":{"kind":"road","id":"road-376534723-0","name":"Unnamed mapped tertiary","osmWay":376534723,"major":false,"bridge":false},"geometry":{"type":"LineString","coordinates":[[8.5264959,7.7267009],[8.5243875,7.7252513],[8.5212473,7.7244188],[8.5206947,7.7240965],[8.5190101,7.7222389],[8.5182894,7.721615],[8.5145565,7.7156862],[8.5089098,7.7174172]]}},{"type":"Feature","properties":{"kind":"road","id":"road-376965773-0","name":"Unnamed mapped primary","osmWay":376965773,"major":true,"bridge":false},"geometry":{"type":"LineString","coordinates":[[8.4560913,7.8469825],[8.4592597,7.8447711],[8.4620364,7.8437271],[8.4628522,7.8431882],[8.4662735,7.8418118],[8.4685064,7.8393604],[8.4699268,7.8385161],[8.4714297,7.8372451],[8.4742706,7.8357017],[8.478422,7.8337407],[8.4792193,7.8330598],[8.4797783,7.8323971],[8.4810796,7.8301546],[8.4819686,7.8271858],[8.4843788,7.8224285],[8.4857992,7.8176257],[8.4860466,7.8162548],[8.4867523,7.8145298],[8.4892541,7.8114883],[8.4911419,7.809618],[8.49204,7.8085103],[8.4951925,7.8031989],[8.497117,7.8009291],[8.5001962,7.7976877],[8.5008622,7.7971388]]}},{"type":"Feature","properties":{"kind":"road","id":"road-378143913-0","name":"Unnamed mapped primary","osmWay":378143913,"major":true,"bridge":false},"geometry":{"type":"LineString","coordinates":[[8.408177,7.6718861],[8.4105123,7.6737014]]}},{"type":"Feature","properties":{"kind":"road","id":"road-378143913-1","name":"Unnamed mapped primary","osmWay":378143913,"major":true,"bridge":false},"geometry":{"type":"LineString","coordinates":[[8.4115259,7.6744967],[8.4273559,7.686878],[8.4289102,7.6880303],[8.4298423,7.688522],[8.4315884,7.6890271],[8.443488,7.6898418],[8.4447554,7.6900225],[8.4456553,7.6902498],[8.4470138,7.6908386],[8.45092,7.6932683]]}},{"type":"Feature","properties":{"kind":"road","id":"road-427989286-0","name":"A3","osmWay":427989286,"major":true,"bridge":false},"geometry":{"type":"LineString","coordinates":[[8.5664077,7.6295895],[8.5684387,7.6254168],[8.5720793,7.6188035],[8.5727597,7.617287],[8.5729409,7.6162728],[8.573075,7.6136489],[8.5773016,7.5992549],[8.5776226,7.5984787],[8.5791635,7.5964848],[8.5855352,7.5892453],[8.5924805,7.5788413],[8.5955286,7.5751485],[8.5988983,7.5716135],[8.5993684,7.5708678],[8.5999512,7.5693069]]}},{"type":"Feature","properties":{"kind":"road","id":"road-449255780-0","name":"Unnamed mapped primary","osmWay":449255780,"major":true,"bridge":false},"geometry":{"type":"LineString","coordinates":[[8.5343774,7.7313883],[8.533971,7.7322481],[8.533216,7.7331691],[8.5276732,7.737884],[8.5270669,7.7385814]]}},{"type":"Feature","properties":{"kind":"road","id":"road-449255781-0","name":"Unnamed mapped primary","osmWay":449255781,"major":true,"bridge":false},"geometry":{"type":"LineString","coordinates":[[8.5359974,7.7257344],[8.5357587,7.7260992]]}},{"type":"Feature","properties":{"kind":"road","id":"road-449255782-0","name":"Unnamed mapped primary","osmWay":449255782,"major":true,"bridge":false},"geometry":{"type":"LineString","coordinates":[[8.5343774,7.7313883],[8.5353014,7.7277657]]}},{"type":"Feature","properties":{"kind":"road","id":"road-449255783-0","name":"F121","osmWay":449255783,"major":true,"bridge":false},"geometry":{"type":"LineString","coordinates":[[8.5462216,7.7275779],[8.5377974,7.7256454],[8.536602,7.7255227]]}},{"type":"Feature","properties":{"kind":"road","id":"road-449255787-0","name":"Unnamed mapped primary_link","osmWay":449255787,"major":false,"bridge":false},"geometry":{"type":"LineString","coordinates":[[8.5358455,7.7250515],[8.5363653,7.7253998]]}},{"type":"Feature","properties":{"kind":"road","id":"road-449256244-0","name":"IORCHIA AYU ROAD","osmWay":449256244,"major":true,"bridge":false},"geometry":{"type":"LineString","coordinates":[[8.5361013,7.7253936],[8.538054,7.7256161],[8.5462182,7.7274379]]}},{"type":"Feature","properties":{"kind":"road","id":"road-449256245-0","name":"F121","osmWay":449256245,"major":true,"bridge":false},"geometry":{"type":"LineString","coordinates":[[8.536602,7.7255227],[8.5361333,7.7256058]]}},{"type":"Feature","properties":{"kind":"road","id":"road-453550099-0","name":"Unnamed mapped secondary","osmWay":453550099,"major":false,"bridge":false},"geometry":{"type":"LineString","coordinates":[[8.5293933,7.718579],[8.5296423,7.7196785],[8.5302307,7.7206419],[8.5353839,7.7245005],[8.5360006,7.7253222]]}},{"type":"Feature","properties":{"kind":"road","id":"road-453550100-0","name":"Unnamed mapped secondary","osmWay":453550100,"major":false,"bridge":false},"geometry":{"type":"LineString","coordinates":[[8.5357854,7.7253622],[8.5356102,7.7248364],[8.5353108,7.7245244],[8.5302057,7.7207188],[8.5296138,7.7198479],[8.5292894,7.7186673]]}},{"type":"Feature","properties":{"kind":"road","id":"road-453550103-0","name":"Unnamed mapped secondary","osmWay":453550103,"major":false,"bridge":false},"geometry":{"type":"LineString","coordinates":[[8.5353605,7.6942815],[8.5347449,7.6945886],[8.534613,7.6951023],[8.5342579,7.7027144],[8.5335123,7.7066744],[8.5331382,7.7079602],[8.5297338,7.717085],[8.5293967,7.7184879]]}},{"type":"Feature","properties":{"kind":"road","id":"road-453550104-0","name":"Unnamed mapped secondary","osmWay":453550104,"major":false,"bridge":false},"geometry":{"type":"LineString","coordinates":[[8.5292625,7.7183868],[8.5297398,7.7168338],[8.5330557,7.7079795],[8.533454,7.7065781],[8.5340159,7.7039281],[8.5342611,7.7019316],[8.5344156,7.696255],[8.5345634,7.6949931],[8.5347937,7.694436],[8.5353441,7.6942067]]}},{"type":"Feature","properties":{"kind":"road","id":"road-453550105-0","name":"Unnamed mapped trunk_link","osmWay":453550105,"major":false,"bridge":false},"geometry":{"type":"LineString","coordinates":[[8.5419931,7.7152349],[8.5421825,7.7151737],[8.5422142,7.7149628]]}},{"type":"Feature","properties":{"kind":"road","id":"road-453607621-0","name":"Unnamed mapped primary","osmWay":453607621,"major":true,"bridge":false},"geometry":{"type":"LineString","coordinates":[[8.4577895,7.6971302],[8.4604651,7.6981708],[8.4620891,7.6985934],[8.4756021,7.7006946],[8.487373,7.7028928],[8.4928273,7.7036948],[8.494285,7.704251],[8.495374,7.7049355],[8.4966776,7.7061642],[8.5047979,7.7157987],[8.5057448,7.717165],[8.5118602,7.7344687],[8.5124827,7.7366817],[8.5125947,7.7378309]]}},{"type":"Feature","properties":{"kind":"road","id":"road-453607622-0","name":"Unnamed mapped primary","osmWay":453607622,"major":true,"bridge":false},"geometry":{"type":"LineString","coordinates":[[8.512491,7.7378227],[8.5123975,7.7366466],[8.5116483,7.7341006],[8.5057716,7.7174053],[8.5048417,7.715992],[8.4964469,7.7060239],[8.4953392,7.7049979],[8.4942381,7.7043201],[8.4928058,7.7037633],[8.4867923,7.7028675],[8.4755686,7.7007783],[8.4620623,7.6986692],[8.4604208,7.6982413],[8.4577895,7.6971302]]}},{"type":"Feature","properties":{"kind":"road","id":"road-453607627-0","name":"Modern Market Road","osmWay":453607627,"major":false,"bridge":false},"geometry":{"type":"LineString","coordinates":[[8.5077114,7.7225965],[8.5027156,7.7243094],[8.5016969,7.7247821]]}},{"type":"Feature","properties":{"kind":"road","id":"road-453607628-0","name":"Modern Market Road","osmWay":453607628,"major":false,"bridge":false},"geometry":{"type":"LineString","coordinates":[[8.5016594,7.7246958],[8.5037211,7.7238195],[8.5076751,7.7225016]]}},{"type":"Feature","properties":{"kind":"road","id":"road-453607631-0","name":"Unnamed mapped primary","osmWay":453607631,"major":true,"bridge":false},"geometry":{"type":"LineString","coordinates":[[8.5270669,7.7385814],[8.5269922,7.7390106]]}},{"type":"Feature","properties":{"kind":"road","id":"road-453607632-0","name":"Unnamed mapped primary","osmWay":453607632,"major":true,"bridge":false},"geometry":{"type":"LineString","coordinates":[[8.5268678,7.7389902],[8.5270669,7.7385814]]}},{"type":"Feature","properties":{"kind":"road","id":"road-453607640-0","name":"A3","osmWay":453607640,"major":true,"bridge":false},"geometry":{"type":"LineString","coordinates":[[8.5527628,7.7464741],[8.5513975,7.742511]]}},{"type":"Feature","properties":{"kind":"road","id":"road-453607641-0","name":"A3","osmWay":453607641,"major":true,"bridge":false},"geometry":{"type":"LineString","coordinates":[[8.5468031,7.7287708],[8.5480876,7.7324078]]}},{"type":"Feature","properties":{"kind":"road","id":"road-453607642-0","name":"A3","osmWay":453607642,"major":true,"bridge":false},"geometry":{"type":"LineString","coordinates":[[8.5514791,7.7424898],[8.5527628,7.7464741]]}},{"type":"Feature","properties":{"kind":"road","id":"road-453607643-0","name":"A3","osmWay":453607643,"major":true,"bridge":true},"geometry":{"type":"LineString","coordinates":[[8.5513975,7.742511],[8.5480148,7.7324333]]}},{"type":"Feature","properties":{"kind":"road","id":"road-453607644-0","name":"A3","osmWay":453607644,"major":true,"bridge":true},"geometry":{"type":"LineString","coordinates":[[8.5480876,7.7324078],[8.5514791,7.7424898]]}},{"type":"Feature","properties":{"kind":"road","id":"road-453607645-0","name":"A3","osmWay":453607645,"major":true,"bridge":false},"geometry":{"type":"LineString","coordinates":[[8.5468031,7.7287708],[8.5465622,7.7280892]]}},{"type":"Feature","properties":{"kind":"road","id":"road-453607646-0","name":"A3","osmWay":453607646,"major":true,"bridge":false},"geometry":{"type":"LineString","coordinates":[[8.5480148,7.7324333],[8.5468031,7.7287708]]}},{"type":"Feature","properties":{"kind":"road","id":"road-453607647-0","name":"A3","osmWay":453607647,"major":true,"bridge":false},"geometry":{"type":"LineString","coordinates":[[8.5465253,7.7276406],[8.5465622,7.7280892]]}},{"type":"Feature","properties":{"kind":"road","id":"road-453607648-0","name":"A3","osmWay":453607648,"major":true,"bridge":false},"geometry":{"type":"LineString","coordinates":[[8.5465622,7.7280892],[8.5463694,7.7276897]]}},{"type":"Feature","properties":{"kind":"road","id":"road-453672483-0","name":"Unnamed mapped tertiary","osmWay":453672483,"major":false,"bridge":false},"geometry":{"type":"LineString","coordinates":[[8.5263511,7.7294587],[8.5231255,7.7325123],[8.5160595,7.7372404],[8.5158524,7.7375281],[8.5156194,7.738304]]}},{"type":"Feature","properties":{"kind":"road","id":"road-453672484-0","name":"Unnamed mapped tertiary","osmWay":453672484,"major":false,"bridge":false},"geometry":{"type":"LineString","coordinates":[[8.5155441,7.73829],[8.5159599,7.737212],[8.5230605,7.7324435],[8.5262817,7.729373]]}},{"type":"Feature","properties":{"kind":"road","id":"road-453672486-0","name":"Unnamed mapped tertiary","osmWay":453672486,"major":false,"bridge":false},"geometry":{"type":"LineString","coordinates":[[8.5264389,7.7289069],[8.5264542,7.7289395]]}},{"type":"Feature","properties":{"kind":"road","id":"road-453672487-0","name":"Unnamed mapped tertiary","osmWay":453672487,"major":false,"bridge":false},"geometry":{"type":"LineString","coordinates":[[8.5263414,7.7292414],[8.5264389,7.7289069]]}},{"type":"Feature","properties":{"kind":"road","id":"road-453672488-0","name":"Unnamed mapped tertiary","osmWay":453672488,"major":false,"bridge":false},"geometry":{"type":"LineString","coordinates":[[8.5267518,7.7289598],[8.5280098,7.7278361],[8.530525,7.7270939],[8.5323523,7.7272501],[8.5353044,7.727919]]}},{"type":"Feature","properties":{"kind":"road","id":"road-453672489-0","name":"Unnamed mapped tertiary","osmWay":453672489,"major":false,"bridge":false},"geometry":{"type":"LineString","coordinates":[[8.5352844,7.7280014],[8.5324101,7.7273479],[8.530511,7.7271783],[8.5279682,7.7279597],[8.5265245,7.7293626]]}},{"type":"Feature","properties":{"kind":"road","id":"road-453672490-0","name":"Unnamed mapped tertiary_link","osmWay":453672490,"major":false,"bridge":false},"geometry":{"type":"LineString","coordinates":[[8.5264402,7.7288528],[8.5267518,7.7289598]]}},{"type":"Feature","properties":{"kind":"road","id":"road-453672495-0","name":"Makurdi to Zaki Biam Road","osmWay":453672495,"major":true,"bridge":false},"geometry":{"type":"LineString","coordinates":[[8.6558251,7.7106222],[8.657568,7.71128],[8.6640328,7.7126707],[8.6654923,7.7132603],[8.6794379,7.7213469],[8.6858765,7.7257906],[8.6948821,7.7313883],[8.69782,7.7329127]]}},{"type":"Feature","properties":{"kind":"road","id":"road-453672502-0","name":"F121","osmWay":453672502,"major":true,"bridge":false},"geometry":{"type":"LineString","coordinates":[[8.6377266,7.7143295],[8.6329812,7.7156938],[8.6311326,7.7158737],[8.6276214,7.7152924],[8.622616,7.7133893],[8.6214519,7.7130904],[8.6173638,7.7124221],[8.6131058,7.7124873],[8.6120798,7.7127151],[8.6112567,7.7130698],[8.6076836,7.7155651],[8.6059473,7.7162311],[8.6042851,7.7165667],[8.5995012,7.7159881],[8.5979161,7.7159489],[8.5966621,7.7160711],[8.5900384,7.7190737],[8.5863105,7.7202154],[8.5836109,7.7214609],[8.5812198,7.7221511],[8.5771863,7.7220966],[8.5742404,7.7214811]]}},{"type":"Feature","properties":{"kind":"road","id":"road-453672505-0","name":"A3","osmWay":453672505,"major":true,"bridge":false},"geometry":{"type":"LineString","coordinates":[[8.5462494,7.7270608],[8.5464553,7.7273257]]}},{"type":"Feature","properties":{"kind":"road","id":"road-453672506-0","name":"A3","osmWay":453672506,"major":true,"bridge":false},"geometry":{"type":"LineString","coordinates":[[8.5462646,7.7273683],[8.5462494,7.7270608]]}},{"type":"Feature","properties":{"kind":"road","id":"road-453672507-0","name":"MAKURDI-GBOKO ROAD","osmWay":453672507,"major":true,"bridge":false},"geometry":{"type":"LineString","coordinates":[[8.5742658,7.7213908],[8.5772133,7.7220028],[8.5812124,7.7220482],[8.5835751,7.7213685],[8.5861763,7.7201384],[8.5903558,7.7188538],[8.5966351,7.7159812],[8.5974545,7.7158522],[8.5994928,7.7158884],[8.6042932,7.7164657],[8.6053641,7.7162839],[8.6077799,7.7153783],[8.6112696,7.7129213],[8.6130625,7.7123653],[8.6172298,7.7122786],[8.6217261,7.7130142],[8.6229542,7.7133754],[8.6278206,7.7152413],[8.6311757,7.7157533],[8.6328271,7.7156165],[8.6377266,7.7143295]]}},{"type":"Feature","properties":{"kind":"road","id":"road-453672513-0","name":"Unnamed mapped trunk_link","osmWay":453672513,"major":false,"bridge":false},"geometry":{"type":"LineString","coordinates":[[8.5350023,7.6943123],[8.5352978,7.6939734]]}},{"type":"Feature","properties":{"kind":"road","id":"road-453672514-0","name":"Unnamed mapped trunk_link","osmWay":453672514,"major":false,"bridge":false},"geometry":{"type":"LineString","coordinates":[[8.5354668,7.694682],[8.5352977,7.6944167],[8.5350254,7.6943745]]}},{"type":"Feature","properties":{"kind":"road","id":"road-453724723-0","name":"Unnamed mapped tertiary","osmWay":453724723,"major":false,"bridge":false},"geometry":{"type":"LineString","coordinates":[[8.5051379,7.7379066],[8.5050903,7.7334102],[8.5049291,7.7326069]]}},{"type":"Feature","properties":{"kind":"road","id":"road-553882280-0","name":"Unnamed mapped trunk_link","osmWay":553882280,"major":false,"bridge":false},"geometry":{"type":"LineString","coordinates":[[8.5424274,7.7156351],[8.5419425,7.7152789]]}},{"type":"Feature","properties":{"kind":"road","id":"road-553889301-0","name":"Unnamed mapped tertiary","osmWay":553889301,"major":false,"bridge":false},"geometry":{"type":"LineString","coordinates":[[8.5415343,7.7151042],[8.542326,7.7153305]]}},{"type":"Feature","properties":{"kind":"road","id":"road-553889302-0","name":"Unnamed mapped tertiary","osmWay":553889302,"major":false,"bridge":false},"geometry":{"type":"LineString","coordinates":[[8.5423516,7.7154136],[8.5415343,7.7151042]]}},{"type":"Feature","properties":{"kind":"road","id":"road-553899928-0","name":"Unnamed mapped tertiary","osmWay":553899928,"major":false,"bridge":false},"geometry":{"type":"LineString","coordinates":[[8.5987761,7.5717439],[8.5983722,7.5715152],[8.5972899,7.571474],[8.5945621,7.5708784],[8.5901311,7.571256],[8.5898058,7.5713739],[8.5884976,7.5727183],[8.5879558,7.5735798],[8.5873067,7.5742658],[8.5853297,7.5751307],[8.583781,7.5754153],[8.5802,7.5771602],[8.5778975,7.5780413],[8.5772645,7.5781689],[8.5758483,7.5779455],[8.5708699,7.5778716],[8.5627055,7.5806628],[8.561976,7.5807372],[8.5581136,7.5798492],[8.5541922,7.5791898],[8.5519713,7.5790941],[8.5490102,7.5792324],[8.5444933,7.5805937],[8.5392304,7.5807398],[8.5350385,7.5824761],[8.5328203,7.5827393],[8.5314471,7.5827393],[8.5303554,7.5826968],[8.5272923,7.5822474],[8.5231858,7.5811307],[8.5217857,7.581035],[8.5183525,7.5794079],[8.5166305,7.5787591],[8.5141012,7.5781237],[8.5111696,7.5778099],[8.5047483,7.5779376],[8.5020447,7.577802],[8.5003254,7.5773898],[8.4985605,7.5766161],[8.4946418,7.5755952],[8.4917665,7.5752096],[8.4888428,7.5754622],[8.4870872,7.5757822],[8.4827489,7.5772941],[8.4810832,7.5776797],[8.4792647,7.5778525],[8.4785271,7.5777381],[8.4753138,7.5768501],[8.4705026,7.5747226],[8.468796,7.5741913],[8.466543,7.5725801],[8.4655864,7.5708461]]}},{"type":"Feature","properties":{"kind":"road","id":"road-555578633-0","name":"Unnamed mapped primary_link","osmWay":555578633,"major":false,"bridge":false},"geometry":{"type":"LineString","coordinates":[[8.5490176,7.7264524],[8.5490667,7.7265713]]}},{"type":"Feature","properties":{"kind":"road","id":"road-555581408-0","name":"F121","osmWay":555581408,"major":true,"bridge":true},"geometry":{"type":"LineString","coordinates":[[8.5742404,7.7214811],[8.5740526,7.7214328]]}},{"type":"Feature","properties":{"kind":"road","id":"road-555581411-0","name":"MAKURDI-GBOKO ROAD","osmWay":555581411,"major":true,"bridge":true},"geometry":{"type":"LineString","coordinates":[[8.5740771,7.7213466],[8.5742658,7.7213908]]}},{"type":"Feature","properties":{"kind":"road","id":"road-555581414-0","name":"MAKURDI-GBOKO ROAD","osmWay":555581414,"major":true,"bridge":false},"geometry":{"type":"LineString","coordinates":[[8.5465335,7.7273751],[8.5473383,7.7272726],[8.5495454,7.7262072],[8.551153,7.7256658],[8.5652267,7.7226189],[8.5686542,7.7215951],[8.5725023,7.7210931],[8.5740771,7.7213466]]}},{"type":"Feature","properties":{"kind":"road","id":"road-555581419-0","name":"F121","osmWay":555581419,"major":true,"bridge":false},"geometry":{"type":"LineString","coordinates":[[8.5740526,7.7214328],[8.5727107,7.7211889],[8.5687558,7.721668],[8.5649777,7.7227613],[8.5511779,7.7257621],[8.5495389,7.726353],[8.547501,7.7273589],[8.546571,7.7275747]]}},{"type":"Feature","properties":{"kind":"road","id":"road-555583432-0","name":"Unnamed mapped primary_link","osmWay":555583432,"major":false,"bridge":false},"geometry":{"type":"LineString","coordinates":[[8.5808154,7.7222101],[8.580796,7.7221129]]}},{"type":"Feature","properties":{"kind":"road","id":"road-555583433-0","name":"Unnamed mapped primary_link","osmWay":555583433,"major":false,"bridge":false},"geometry":{"type":"LineString","coordinates":[[8.5758251,7.7218501],[8.575854,7.7217458]]}},{"type":"Feature","properties":{"kind":"road","id":"road-555592117-0","name":"Unnamed mapped primary_link","osmWay":555592117,"major":false,"bridge":false},"geometry":{"type":"LineString","coordinates":[[8.604488,7.7165598],[8.6044797,7.7164615]]}},{"type":"Feature","properties":{"kind":"road","id":"road-555594068-0","name":"Unnamed mapped primary_link","osmWay":555594068,"major":false,"bridge":false},"geometry":{"type":"LineString","coordinates":[[8.629347,7.7155338],[8.6293312,7.715639]]}},{"type":"Feature","properties":{"kind":"road","id":"road-556930077-0","name":"Unnamed mapped primary_link","osmWay":556930077,"major":false,"bridge":false},"geometry":{"type":"LineString","coordinates":[[8.5074267,7.722583],[8.5075602,7.7223965]]}},{"type":"Feature","properties":{"kind":"road","id":"road-556930078-0","name":"Unnamed mapped primary_link","osmWay":556930078,"major":false,"bridge":false},"geometry":{"type":"LineString","coordinates":[[8.5077319,7.7228842],[8.5074514,7.7226927]]}},{"type":"Feature","properties":{"kind":"road","id":"road-556932181-0","name":"Unnamed mapped primary_link","osmWay":556932181,"major":false,"bridge":false},"geometry":{"type":"LineString","coordinates":[[8.5061569,7.7181355],[8.5064448,7.7182848]]}},{"type":"Feature","properties":{"kind":"road","id":"road-556966295-0","name":"Unnamed mapped primary_link","osmWay":556966295,"major":false,"bridge":false},"geometry":{"type":"LineString","coordinates":[[8.4790186,7.7014],[8.4790311,7.7013299]]}},{"type":"Feature","properties":{"kind":"road","id":"road-557158718-0","name":"Unnamed mapped primary","osmWay":557158718,"major":true,"bridge":false},"geometry":{"type":"LineString","coordinates":[[8.512491,7.7378227],[8.5155441,7.73829]]}},{"type":"Feature","properties":{"kind":"road","id":"road-557188498-0","name":"Unnamed mapped primary","osmWay":557188498,"major":true,"bridge":false},"geometry":{"type":"LineString","coordinates":[[8.519456,7.7403109],[8.5151982,7.7409484],[8.5150574,7.7407491],[8.5155441,7.73829]]}},{"type":"Feature","properties":{"kind":"road","id":"road-557188499-0","name":"Unnamed mapped primary","osmWay":557188499,"major":true,"bridge":false},"geometry":{"type":"LineString","coordinates":[[8.5156194,7.738304],[8.5151356,7.7406825],[8.5152344,7.740878],[8.5194472,7.7402278]]}},{"type":"Feature","properties":{"kind":"road","id":"road-557194810-0","name":"Unnamed mapped primary","osmWay":557194810,"major":true,"bridge":false},"geometry":{"type":"LineString","coordinates":[[8.5353014,7.7277657],[8.5343774,7.7313883]]}},{"type":"Feature","properties":{"kind":"road","id":"road-557194813-0","name":"Unnamed mapped primary","osmWay":557194813,"major":true,"bridge":false},"geometry":{"type":"LineString","coordinates":[[8.5357587,7.7260992],[8.5357689,7.7256778]]}},{"type":"Feature","properties":{"kind":"road","id":"road-557196425-0","name":"Unnamed mapped primary","osmWay":557196425,"major":true,"bridge":false},"geometry":{"type":"LineString","coordinates":[[8.5353014,7.7277657],[8.5357587,7.7260992]]}},{"type":"Feature","properties":{"kind":"road","id":"road-557219400-0","name":"Unnamed mapped secondary","osmWay":557219400,"major":false,"bridge":false},"geometry":{"type":"LineString","coordinates":[[8.5268367,7.7395431],[8.5268463,7.739148]]}},{"type":"Feature","properties":{"kind":"road","id":"road-557219401-0","name":"Unnamed mapped secondary","osmWay":557219401,"major":false,"bridge":false},"geometry":{"type":"LineString","coordinates":[[8.5269722,7.7391608],[8.5268367,7.7395431]]}},{"type":"Feature","properties":{"kind":"road","id":"road-569044283-0","name":"Unnamed mapped tertiary","osmWay":569044283,"major":false,"bridge":false},"geometry":{"type":"LineString","coordinates":[[8.5291301,7.7184681],[8.5288759,7.7182334]]}},{"type":"Feature","properties":{"kind":"road","id":"road-569044284-0","name":"Unnamed mapped tertiary","osmWay":569044284,"major":false,"bridge":false},"geometry":{"type":"LineString","coordinates":[[8.5292686,7.7186701],[8.5290901,7.7190186]]}},{"type":"Feature","properties":{"kind":"road","id":"road-569044286-0","name":"Unnamed mapped secondary","osmWay":569044286,"major":false,"bridge":false},"geometry":{"type":"LineString","coordinates":[[8.5270298,7.7447254],[8.5267624,7.74448]]}},{"type":"Feature","properties":{"kind":"road","id":"road-569044287-0","name":"Unnamed mapped secondary","osmWay":569044287,"major":false,"bridge":false},"geometry":{"type":"LineString","coordinates":[[8.5268874,7.7444188],[8.5270298,7.7447254]]}},{"type":"Feature","properties":{"kind":"road","id":"road-569070758-0","name":"Unnamed mapped tertiary","osmWay":569070758,"major":false,"bridge":false},"geometry":{"type":"LineString","coordinates":[[8.5264855,7.7292576],[8.5267518,7.7289598]]}},{"type":"Feature","properties":{"kind":"road","id":"road-569070760-0","name":"Unnamed mapped tertiary","osmWay":569070760,"major":false,"bridge":false},"geometry":{"type":"LineString","coordinates":[[8.5264542,7.7289395],[8.5264707,7.7292461]]}},{"type":"Feature","properties":{"kind":"road","id":"road-569074678-0","name":"Unnamed mapped tertiary","osmWay":569074678,"major":false,"bridge":false},"geometry":{"type":"LineString","coordinates":[[8.5290901,7.7190186],[8.529159,7.7186294]]}},{"type":"Feature","properties":{"kind":"road","id":"road-569074679-0","name":"Unnamed mapped tertiary","osmWay":569074679,"major":false,"bridge":false},"geometry":{"type":"LineString","coordinates":[[8.5288759,7.7182334],[8.5292464,7.7183874]]}},{"type":"Feature","properties":{"kind":"road","id":"road-569654869-0","name":"Unnamed mapped tertiary","osmWay":569654869,"major":false,"bridge":false},"geometry":{"type":"LineString","coordinates":[[8.526603,7.7299977],[8.5291551,7.7366578]]}},{"type":"Feature","properties":{"kind":"road","id":"road-569710050-0","name":"Unnamed mapped tertiary","osmWay":569710050,"major":false,"bridge":false},"geometry":{"type":"LineString","coordinates":[[8.5089098,7.7174172],[8.5061615,7.7183891]]}},{"type":"Feature","properties":{"kind":"road","id":"road-569713114-0","name":"Unnamed mapped primary_link","osmWay":569713114,"major":false,"bridge":false},"geometry":{"type":"LineString","coordinates":[[8.5155151,7.7383955],[8.5153511,7.7382536]]}},{"type":"Feature","properties":{"kind":"road","id":"road-569713115-0","name":"Unnamed mapped primary_link","osmWay":569713115,"major":false,"bridge":false},"geometry":{"type":"LineString","coordinates":[[8.5153511,7.7382536],[8.5155643,7.7382101]]}},{"type":"Feature","properties":{"kind":"road","id":"road-569713116-0","name":"Unnamed mapped primary","osmWay":569713116,"major":true,"bridge":false},"geometry":{"type":"LineString","coordinates":[[8.5155441,7.73829],[8.5156194,7.738304]]}},{"type":"Feature","properties":{"kind":"road","id":"road-570233166-0","name":"Unnamed mapped tertiary","osmWay":570233166,"major":false,"bridge":false},"geometry":{"type":"LineString","coordinates":[[8.5070404,7.7380991],[8.5072445,7.7381134]]}},{"type":"Feature","properties":{"kind":"road","id":"road-570233167-0","name":"Unnamed mapped tertiary","osmWay":570233167,"major":false,"bridge":false},"geometry":{"type":"LineString","coordinates":[[8.5072445,7.7381134],[8.512491,7.7378227]]}},{"type":"Feature","properties":{"kind":"road","id":"road-570233169-0","name":"Unnamed mapped tertiary","osmWay":570233169,"major":false,"bridge":false},"geometry":{"type":"LineString","coordinates":[[8.5070336,7.7383318],[8.5070404,7.7380991]]}},{"type":"Feature","properties":{"kind":"road","id":"road-570233171-0","name":"Unnamed mapped tertiary","osmWay":570233171,"major":false,"bridge":false},"geometry":{"type":"LineString","coordinates":[[8.5072445,7.7381134],[8.5070336,7.7383318]]}},{"type":"Feature","properties":{"kind":"road","id":"road-570316012-0","name":"Unnamed mapped tertiary","osmWay":570316012,"major":false,"bridge":false},"geometry":{"type":"LineString","coordinates":[[8.4955269,7.7050499],[8.4949851,7.7018704],[8.494451,7.6937691],[8.4948188,7.6876663]]}},{"type":"Feature","properties":{"kind":"road","id":"road-570954842-0","name":"Unnamed mapped tertiary","osmWay":570954842,"major":false,"bridge":false},"geometry":{"type":"LineString","coordinates":[[8.5396282,7.6737633],[8.532418,7.669804],[8.5303348,7.6687266],[8.528195,7.6678243],[8.5261044,7.6665266],[8.5238644,7.6642622],[8.5222525,7.6622845],[8.521586,7.6612098],[8.518661,7.6549769],[8.517244,7.6528018],[8.5154825,7.6507249],[8.5049763,7.6417091],[8.5030612,7.6406696],[8.5015335,7.6401973],[8.5001112,7.6400127],[8.5001852,7.639478],[8.4997568,7.6376789],[8.4987214,7.6364853],[8.4965911,7.6343466],[8.4910275,7.6298644],[8.4847853,7.6234681],[8.4831539,7.6222997],[8.4814379,7.6206069],[8.480764,7.6182083],[8.4807989,7.6178706],[8.4828226,7.6148372],[8.486679,7.6115991],[8.4882306,7.6116928],[8.489622,7.6113292],[8.4906285,7.6106772],[8.4910932,7.609778],[8.4917101,7.6095865],[8.4920534,7.6096464],[8.4923968,7.6093114],[8.4932658,7.6091027],[8.494214,7.6090714],[8.4963584,7.6095939],[8.5002228,7.6074048],[8.504755,7.6098039],[8.5185564,7.614582],[8.5204768,7.61568],[8.5215282,7.6161187],[8.524876,7.6171708],[8.5281667,7.6222731],[8.5330926,7.626132],[8.5350741,7.6272419],[8.5410762,7.629051],[8.5424709,7.62979],[8.5441084,7.6311764],[8.5469637,7.6331502],[8.5497679,7.6344702],[8.5515033,7.6351322],[8.5543223,7.6348889],[8.5580063,7.6350684],[8.5629074,7.6355286]]}},{"type":"Feature","properties":{"kind":"road","id":"road-570988304-0","name":"Unnamed mapped tertiary","osmWay":570988304,"major":false,"bridge":false},"geometry":{"type":"LineString","coordinates":[[8.5249249,7.6172017],[8.5265527,7.6175411],[8.5306045,7.6188326],[8.536176,7.6202657],[8.5384591,7.6211045],[8.5395556,7.6218036],[8.540786,7.622104],[8.5450481,7.622158],[8.5495545,7.6210299],[8.5504819,7.6211161],[8.5523589,7.6216027],[8.5540877,7.6223515],[8.5565976,7.6237233],[8.5589404,7.6244341],[8.562805,7.6261444],[8.5645978,7.6274009],[8.5658879,7.6292043],[8.5664077,7.6295895]]}},{"type":"Feature","properties":{"kind":"road","id":"road-571760386-0","name":"Unnamed mapped tertiary","osmWay":571760386,"major":false,"bridge":true},"geometry":{"type":"LineString","coordinates":[[8.5206257,7.7445012],[8.5204599,7.7444848]]}},{"type":"Feature","properties":{"kind":"road","id":"road-571760387-0","name":"Unnamed mapped tertiary","osmWay":571760387,"major":false,"bridge":false},"geometry":{"type":"LineString","coordinates":[[8.5263481,7.7444156],[8.5235163,7.7446803],[8.5206257,7.7445012]]}},{"type":"Feature","properties":{"kind":"road","id":"road-571760388-0","name":"Unnamed mapped primary","osmWay":571760388,"major":true,"bridge":true},"geometry":{"type":"LineString","coordinates":[[8.5194472,7.7402278],[8.5195696,7.7402122]]}},{"type":"Feature","properties":{"kind":"road","id":"road-571760389-0","name":"Unnamed mapped primary","osmWay":571760389,"major":true,"bridge":false},"geometry":{"type":"LineString","coordinates":[[8.5195696,7.7402122],[8.5268292,7.7390286]]}},{"type":"Feature","properties":{"kind":"road","id":"road-571760390-0","name":"Unnamed mapped primary","osmWay":571760390,"major":true,"bridge":true},"geometry":{"type":"LineString","coordinates":[[8.5195871,7.7402919],[8.519456,7.7403109]]}},{"type":"Feature","properties":{"kind":"road","id":"road-571760391-0","name":"Unnamed mapped primary","osmWay":571760391,"major":true,"bridge":false},"geometry":{"type":"LineString","coordinates":[[8.5268272,7.7391219],[8.5195871,7.7402919]]}},{"type":"Feature","properties":{"kind":"road","id":"road-573553924-0","name":"Unnamed mapped primary_link","osmWay":573553924,"major":false,"bridge":false},"geometry":{"type":"LineString","coordinates":[[8.5934873,7.7175087],[8.5933038,7.7177773]]}},{"type":"Feature","properties":{"kind":"road","id":"road-573553925-0","name":"Unnamed mapped primary_link","osmWay":573553925,"major":false,"bridge":false},"geometry":{"type":"LineString","coordinates":[[8.5933038,7.7177773],[8.593027,7.7177249]]}},{"type":"Feature","properties":{"kind":"road","id":"road-574001849-0","name":"Unnamed mapped tertiary","osmWay":574001849,"major":false,"bridge":false},"geometry":{"type":"LineString","coordinates":[[8.569847,7.6765446],[8.5709395,7.6775769],[8.5715607,7.67841],[8.5730527,7.6797457]]}},{"type":"Feature","properties":{"kind":"road","id":"road-574430498-0","name":"Unnamed mapped tertiary","osmWay":574430498,"major":false,"bridge":false},"geometry":{"type":"LineString","coordinates":[[8.5070404,7.7380991],[8.5051379,7.7379066]]}},{"type":"Feature","properties":{"kind":"road","id":"road-574430499-0","name":"Unnamed mapped tertiary","osmWay":574430499,"major":false,"bridge":false},"geometry":{"type":"LineString","coordinates":[[8.5049291,7.7326069],[8.5037989,7.7291996],[8.5033935,7.7293694],[8.5031646,7.7292584],[8.5016969,7.7247821]]}},{"type":"Feature","properties":{"kind":"road","id":"road-574430501-0","name":"Unnamed mapped tertiary","osmWay":574430501,"major":false,"bridge":false},"geometry":{"type":"LineString","coordinates":[[8.5016969,7.7247821],[8.5016594,7.7246958]]}},{"type":"Feature","properties":{"kind":"road","id":"road-574478779-0","name":"Unnamed mapped tertiary","osmWay":574478779,"major":false,"bridge":false},"geometry":{"type":"LineString","coordinates":[[8.5267118,7.7444435],[8.5263481,7.7444156]]}},{"type":"Feature","properties":{"kind":"road","id":"road-574478782-0","name":"Unnamed mapped tertiary","osmWay":574478782,"major":false,"bridge":false},"geometry":{"type":"LineString","coordinates":[[8.5263481,7.7444156],[8.5267093,7.7443408]]}},{"type":"Feature","properties":{"kind":"road","id":"road-574478783-0","name":"Unnamed mapped secondary","osmWay":574478783,"major":false,"bridge":false},"geometry":{"type":"LineString","coordinates":[[8.5267316,7.744317],[8.5267329,7.7441]]}},{"type":"Feature","properties":{"kind":"road","id":"road-574478784-0","name":"Unnamed mapped secondary","osmWay":574478784,"major":false,"bridge":false},"geometry":{"type":"LineString","coordinates":[[8.5267329,7.7441],[8.5268251,7.7442973]]}},{"type":"Feature","properties":{"kind":"road","id":"road-574478785-0","name":"Unnamed mapped secondary_link","osmWay":574478785,"major":false,"bridge":false},"geometry":{"type":"LineString","coordinates":[[8.5319118,7.7120881],[8.5315421,7.7122046]]}},{"type":"Feature","properties":{"kind":"road","id":"road-574478786-0","name":"Unnamed mapped secondary_link","osmWay":574478786,"major":false,"bridge":false},"geometry":{"type":"LineString","coordinates":[[8.5317126,7.7117427],[8.5318675,7.7120734]]}},{"type":"Feature","properties":{"kind":"road","id":"road-574478789-0","name":"Unnamed mapped secondary_link","osmWay":574478789,"major":false,"bridge":false},"geometry":{"type":"LineString","coordinates":[[8.5293787,7.7190844],[8.5292051,7.7190176],[8.5290446,7.7191148]]}},{"type":"Feature","properties":{"kind":"road","id":"road-574478796-0","name":"Unnamed mapped tertiary","osmWay":574478796,"major":false,"bridge":false},"geometry":{"type":"LineString","coordinates":[[8.5343065,7.7236887],[8.5342651,7.7237479]]}},{"type":"Feature","properties":{"kind":"road","id":"road-574487984-0","name":"Unnamed mapped secondary_link","osmWay":574487984,"major":false,"bridge":false},"geometry":{"type":"LineString","coordinates":[[8.5312968,7.7118681],[8.5316331,7.7117407]]}},{"type":"Feature","properties":{"kind":"road","id":"road-574487985-0","name":"Unnamed mapped secondary_link","osmWay":574487985,"major":false,"bridge":false},"geometry":{"type":"LineString","coordinates":[[8.5314718,7.7121778],[8.5312528,7.7118525]]}},{"type":"Feature","properties":{"kind":"road","id":"road-574488000-0","name":"Unnamed mapped tertiary_link","osmWay":574488000,"major":false,"bridge":false},"geometry":{"type":"LineString","coordinates":[[8.5680554,7.6998783],[8.5680755,7.6997769]]}},{"type":"Feature","properties":{"kind":"road","id":"road-574488001-0","name":"Unnamed mapped tertiary_link","osmWay":574488001,"major":false,"bridge":false},"geometry":{"type":"LineString","coordinates":[[8.5719903,7.7012429],[8.5720333,7.701135]]}},{"type":"Feature","properties":{"kind":"road","id":"road-574488003-0","name":"Unnamed mapped tertiary_link","osmWay":574488003,"major":false,"bridge":false},"geometry":{"type":"LineString","coordinates":[[8.5786093,7.7043913],[8.5786449,7.7043056]]}},{"type":"Feature","properties":{"kind":"road","id":"road-574488005-0","name":"Unnamed mapped primary_link","osmWay":574488005,"major":false,"bridge":false},"geometry":{"type":"LineString","coordinates":[[8.5347648,7.7296055],[8.5348521,7.7296302]]}},{"type":"Feature","properties":{"kind":"road","id":"road-574488007-0","name":"Unnamed mapped tertiary","osmWay":574488007,"major":false,"bridge":false},"geometry":{"type":"LineString","coordinates":[[8.526603,7.7299977],[8.5263901,7.7294691]]}},{"type":"Feature","properties":{"kind":"road","id":"road-574488008-0","name":"Unnamed mapped tertiary","osmWay":574488008,"major":false,"bridge":false},"geometry":{"type":"LineString","coordinates":[[8.5265005,7.7294212],[8.526603,7.7299977]]}},{"type":"Feature","properties":{"kind":"road","id":"road-574488009-0","name":"Unnamed mapped tertiary_link","osmWay":574488009,"major":false,"bridge":false},"geometry":{"type":"LineString","coordinates":[[8.5324101,7.7273479],[8.5324274,7.7272647]]}},{"type":"Feature","properties":{"kind":"road","id":"road-574488019-0","name":"Unnamed mapped tertiary","osmWay":574488019,"major":false,"bridge":false},"geometry":{"type":"LineString","coordinates":[[8.4955024,7.7051296],[8.4955269,7.7050499]]}},{"type":"Feature","properties":{"kind":"road","id":"road-580690332-0","name":"Unnamed mapped primary_link","osmWay":580690332,"major":false,"bridge":false},"geometry":{"type":"LineString","coordinates":[[8.5349287,7.7289823],[8.5350137,7.7290044]]}},{"type":"Feature","properties":{"kind":"road","id":"road-581046956-0","name":"Unnamed mapped primary_link","osmWay":581046956,"major":false,"bridge":false},"geometry":{"type":"LineString","coordinates":[[8.5236177,7.7395996],[8.5236073,7.7395104]]}},{"type":"Feature","properties":{"kind":"road","id":"road-594082164-0","name":"A3","osmWay":594082164,"major":false,"bridge":false},"geometry":{"type":"LineString","coordinates":[[8.5527821,7.747378],[8.5529267,7.7469933]]}},{"type":"Feature","properties":{"kind":"road","id":"road-594454522-0","name":"Unnamed mapped secondary","osmWay":594454522,"major":false,"bridge":false},"geometry":{"type":"LineString","coordinates":[[8.4157862,7.7995609],[8.4158552,7.7995256]]}},{"type":"Feature","properties":{"kind":"road","id":"road-594483454-0","name":"Unnamed mapped secondary","osmWay":594483454,"major":false,"bridge":false},"geometry":{"type":"LineString","coordinates":[[8.4380238,7.7980734],[8.4407305,7.7975875],[8.4469463,7.7973923],[8.4583059,7.79589],[8.4608668,7.7953176],[8.465907,7.7937392],[8.4687287,7.7930294],[8.4699425,7.7929563],[8.4707246,7.7926493],[8.4712338,7.7926347],[8.4720934,7.7923459],[8.4758417,7.7915929],[8.4784759,7.7913188],[8.4808075,7.7913407],[8.4839213,7.7916039],[8.4903924,7.7950641],[8.494624,7.7969734],[8.5008622,7.7971388]]}},{"type":"Feature","properties":{"kind":"road","id":"road-594488364-0","name":"Unnamed mapped primary","osmWay":594488364,"major":true,"bridge":false},"geometry":{"type":"LineString","coordinates":[[8.559414,7.7664482],[8.5590969,7.7664058]]}},{"type":"Feature","properties":{"kind":"road","id":"road-594488365-0","name":"Unnamed mapped primary","osmWay":594488365,"major":true,"bridge":false},"geometry":{"type":"LineString","coordinates":[[8.5590969,7.7664058],[8.5593567,7.7662794]]}},{"type":"Feature","properties":{"kind":"road","id":"road-594488366-0","name":"Unnamed mapped secondary","osmWay":594488366,"major":false,"bridge":false},"geometry":{"type":"LineString","coordinates":[[8.5432372,7.7445358],[8.5438986,7.7449529],[8.5445147,7.7459472],[8.5448808,7.7480176],[8.5455337,7.7495428],[8.5462163,7.7529331]]}},{"type":"Feature","properties":{"kind":"road","id":"road-594488367-0","name":"Unnamed mapped primary","osmWay":594488367,"major":true,"bridge":false},"geometry":{"type":"LineString","coordinates":[[8.5462741,7.7530937],[8.5460369,7.7530942]]}},{"type":"Feature","properties":{"kind":"road","id":"road-594488368-0","name":"Unnamed mapped primary","osmWay":594488368,"major":true,"bridge":false},"geometry":{"type":"LineString","coordinates":[[8.5460369,7.7530942],[8.5462163,7.7529331]]}},{"type":"Feature","properties":{"kind":"road","id":"road-594528443-0","name":"Makurdi to Zaki Biam Road","osmWay":594528443,"major":true,"bridge":true},"geometry":{"type":"LineString","coordinates":[[8.6550245,7.7102767],[8.6558251,7.7106222]]}},{"type":"Feature","properties":{"kind":"road","id":"road-594528448-0","name":"Makurdi to Zaki Biam Road","osmWay":594528448,"major":true,"bridge":false},"geometry":{"type":"LineString","coordinates":[[8.6377266,7.7143295],[8.6422779,7.7130754],[8.6447541,7.7129787],[8.646042,7.712648],[8.6502114,7.7098802],[8.6514189,7.7093724],[8.6520043,7.7093062],[8.6529946,7.7094335],[8.6550245,7.7102767]]}},{"type":"Feature","properties":{"kind":"road","id":"road-594808545-0","name":"Unnamed mapped primary","osmWay":594808545,"major":true,"bridge":true},"geometry":{"type":"LineString","coordinates":[[8.45092,7.6932683],[8.4513807,7.6935591]]}},{"type":"Feature","properties":{"kind":"road","id":"road-594808546-0","name":"Unnamed mapped primary","osmWay":594808546,"major":true,"bridge":false},"geometry":{"type":"LineString","coordinates":[[8.4513807,7.6935591],[8.4552933,7.6960038],[8.4577895,7.6971302]]}},{"type":"Feature","properties":{"kind":"road","id":"road-599127100-0","name":"Unnamed mapped tertiary","osmWay":599127100,"major":false,"bridge":false},"geometry":{"type":"LineString","coordinates":[[8.5746779,7.6810793],[8.5730527,7.6797457]]}},{"type":"Feature","properties":{"kind":"road","id":"road-1124901463-0","name":"A3","osmWay":1124901463,"major":true,"bridge":false},"geometry":{"type":"LineString","coordinates":[[8.566765,7.8039474],[8.5669327,7.804637],[8.568365,7.8077673],[8.5704508,7.8119478],[8.57295,7.8228361],[8.5735114,7.8239017],[8.5753934,7.8263129],[8.5756613,7.8268321],[8.5759836,7.8276824],[8.5779715,7.8351066]]}},{"type":"Feature","properties":{"kind":"road","id":"road-1124901464-0","name":"A3","osmWay":1124901464,"major":true,"bridge":false},"geometry":{"type":"LineString","coordinates":[[8.5665906,7.8001563],[8.566765,7.8039474]]}},{"type":"Feature","properties":{"kind":"road","id":"road-1124901465-0","name":"A3","osmWay":1124901465,"major":true,"bridge":false},"geometry":{"type":"LineString","coordinates":[[8.5665822,7.7958993],[8.5665906,7.8001563]]}},{"type":"Feature","properties":{"kind":"road","id":"road-1124902832-0","name":"Unnamed mapped secondary","osmWay":1124902832,"major":false,"bridge":false},"geometry":{"type":"LineString","coordinates":[[8.5577485,7.7614068],[8.5602348,7.761315],[8.5615773,7.7614103],[8.5700368,7.7626034],[8.5727874,7.7635296],[8.5772422,7.7654774],[8.5836897,7.7678825],[8.5915298,7.7695254],[8.5940572,7.7701695],[8.5961269,7.7709128],[8.6074796,7.7757345],[8.6087892,7.7764476],[8.6132545,7.7797506],[8.6199843,7.7833407],[8.6219362,7.7841466],[8.6230972,7.7844537]]}},{"type":"Feature","properties":{"kind":"road","id":"road-1124904899-0","name":"Unnamed mapped secondary","osmWay":1124904899,"major":false,"bridge":false},"geometry":{"type":"LineString","coordinates":[[8.6693983,7.8268021],[8.66654,7.8191212],[8.6662977,7.8176671],[8.6664616,7.8161178],[8.6669746,7.8151825],[8.6675303,7.814752],[8.6681217,7.8145155],[8.6692427,7.8145093]]}},{"type":"Feature","properties":{"kind":"road","id":"road-1124904901-0","name":"Unnamed mapped secondary_link","osmWay":1124904901,"major":false,"bridge":false},"geometry":{"type":"LineString","coordinates":[[8.6676167,7.8139662],[8.667826,7.8142473],[8.6677004,7.8146728]]}},{"type":"Feature","properties":{"kind":"road","id":"road-1245441088-0","name":"Unnamed mapped tertiary","osmWay":1245441088,"major":false,"bridge":false},"geometry":{"type":"LineString","coordinates":[[8.5001112,7.6400127],[8.4955712,7.6401087],[8.4925738,7.6404928],[8.4897025,7.6413701],[8.4877995,7.6422354],[8.485238,7.64355],[8.4836394,7.6447277],[8.4822124,7.6462722],[8.479785,7.6498689],[8.479325,7.6501773],[8.4787416,7.650358],[8.4772772,7.6501401],[8.4760863,7.6503687],[8.4753366,7.650911],[8.475004,7.6513376],[8.474666,7.65251],[8.4745923,7.6591371],[8.4748203,7.6618618],[8.4751689,7.663506],[8.4757242,7.6652192],[8.4769392,7.6677365],[8.4786062,7.6700838],[8.4896126,7.6830118],[8.4914204,7.6847927],[8.4948188,7.6876663]]}},{"type":"Feature","properties":{"kind":"road","id":"road-1302475949-0","name":"Unnamed mapped trunk_link","osmWay":1302475949,"major":false,"bridge":false},"geometry":{"type":"LineString","coordinates":[[8.5660841,7.7919051],[8.5659763,7.7919284]]}},{"type":"Feature","properties":{"kind":"road","id":"road-1302475950-0","name":"Unnamed mapped trunk_link","osmWay":1302475950,"major":false,"bridge":false},"geometry":{"type":"LineString","coordinates":[[8.5637187,7.7811089],[8.5636155,7.7811414]]}},{"type":"Feature","properties":{"kind":"road","id":"road-1302475951-0","name":"Unnamed mapped trunk_link","osmWay":1302475951,"major":false,"bridge":false},"geometry":{"type":"LineString","coordinates":[[8.5636108,7.7807249],[8.563506,7.7807669]]}},{"type":"Feature","properties":{"kind":"road","id":"road-1302475952-0","name":"Unnamed mapped trunk_link","osmWay":1302475952,"major":false,"bridge":false},"geometry":{"type":"LineString","coordinates":[[8.5628467,7.7779767],[8.5627178,7.7780114]]}},{"type":"Feature","properties":{"kind":"road","id":"road-1302475953-0","name":"A3","osmWay":1302475953,"major":true,"bridge":false},"geometry":{"type":"LineString","coordinates":[[8.5602225,7.7689396],[8.5656706,7.7880449],[8.5665822,7.7958993]]}},{"type":"Feature","properties":{"kind":"road","id":"road-1302475954-0","name":"A3","osmWay":1302475954,"major":true,"bridge":false},"geometry":{"type":"LineString","coordinates":[[8.5602225,7.7689396],[8.5527628,7.7464741]]}},{"type":"Feature","properties":{"kind":"road","id":"road-1302475955-0","name":"A3","osmWay":1302475955,"major":true,"bridge":false},"geometry":{"type":"LineString","coordinates":[[8.5664548,7.7958986],[8.5654092,7.7874727],[8.5602225,7.7689396]]}},{"type":"Feature","properties":{"kind":"road","id":"road-1389326531-0","name":"A3","osmWay":1389326531,"major":true,"bridge":false},"geometry":{"type":"LineString","coordinates":[[8.5545087,7.6555684],[8.5548864,7.6544921],[8.5570357,7.6447468],[8.5582702,7.6413556],[8.563799,7.6344038],[8.5664077,7.6295895]]}},{"type":"Feature","properties":{"kind":"road","id":"road-1429003678-0","name":"Unnamed mapped tertiary_link","osmWay":1429003678,"major":false,"bridge":false},"geometry":{"type":"LineString","coordinates":[[8.5063864,7.7229035],[8.5064205,7.7229994]]}},{"type":"Feature","properties":{"kind":"rail","id":"rail-266155696-0","name":"Unnamed mapped secondary","osmWay":266155696,"major":false,"bridge":true},"geometry":{"type":"LineString","coordinates":[[8.5432372,7.7445358],[8.5382741,7.7395123]]}},{"type":"Feature","properties":{"kind":"rail","id":"rail-343561961-0","name":"Eastern Rail Line","osmWay":343561961,"major":false,"bridge":false},"geometry":{"type":"LineString","coordinates":[[8.4716047,7.5665149],[8.4722078,7.5696289],[8.4722879,7.5702188],[8.4721964,7.5708541],[8.4696328,7.5767532],[8.4693582,7.5776494],[8.4693238,7.5791242],[8.4695298,7.5797538],[8.4736258,7.5879985],[8.4742266,7.5924623],[8.4738604,7.5938973],[8.4711939,7.6006696],[8.4710337,7.6020081],[8.4708677,7.6127448],[8.4711767,7.614072],[8.4762968,7.6279626],[8.4780124,7.6329835],[8.4782389,7.6348122],[8.4788701,7.6451907],[8.4789025,7.6469392],[8.4787083,7.6478936],[8.4758841,7.6565314],[8.4758193,7.6614958],[8.4761268,7.6628994],[8.4792909,7.6698687],[8.4901994,7.6810243],[8.4915528,7.6818056],[8.5016436,7.6860744],[8.5052539,7.6883551],[8.5063214,7.6893545],[8.5067601,7.6900165],[8.5071475,7.6910344],[8.5072807,7.6923934],[8.5061658,7.7002844],[8.506477,7.7021504],[8.5068096,7.7028521],[8.516365,7.7176617],[8.5189085,7.721495],[8.5203879,7.7233047],[8.5217753,7.7240622],[8.5228087,7.7243778],[8.5365229,7.7270506],[8.5376167,7.7272957],[8.5387634,7.727913],[8.5393934,7.7290212],[8.5401465,7.7328333],[8.5400811,7.7332776],[8.5397449,7.7338791],[8.5378395,7.7364335],[8.5373235,7.7373735],[8.5373632,7.7383586],[8.5382741,7.7395123]]}},{"type":"Feature","properties":{"kind":"rail","id":"rail-1304786777-0","name":"Eastern Rail Line","osmWay":1304786777,"major":false,"bridge":false},"geometry":{"type":"LineString","coordinates":[[8.5432372,7.7445358],[8.5439617,7.7451506],[8.5443446,7.7460624],[8.5443587,7.7468303],[8.5436935,7.7478828],[8.5432244,7.7481743],[8.537857,7.7503916],[8.5368378,7.7511783],[8.5356254,7.7524328],[8.5348744,7.7529324],[8.5339517,7.7531556],[8.531291,7.753347],[8.529231,7.7540486],[8.5266132,7.7539955],[8.5261519,7.754038],[8.5252506,7.7543782],[8.5237808,7.7557283],[8.5230083,7.7566744],[8.5227508,7.7575461],[8.522783,7.7581414],[8.5246176,7.7677514],[8.5248429,7.7681554],[8.5261626,7.7693885],[8.5264737,7.7700476],[8.5281796,7.7791896],[8.5285766,7.7796254],[8.5292954,7.78004],[8.5312266,7.7802207],[8.5316021,7.7803801],[8.5320527,7.7807416],[8.5324497,7.7814644],[8.532793,7.7873747],[8.5324711,7.7881825],[8.5316021,7.7889585],[8.5289199,7.7898195],[8.5282118,7.7904254],[8.5279114,7.7908613],[8.5277612,7.7915947],[8.5277934,7.7920305],[8.5280831,7.7927959],[8.5327501,7.7979619],[8.5335548,7.7990249],[8.5366232,7.803553],[8.5368485,7.8041058],[8.5373099,7.8063911],[8.5395481,7.8092051],[8.5401959,7.809665],[8.5420401,7.8101513],[8.5424278,7.8103923],[8.5427525,7.8107195],[8.5464508,7.8165527],[8.5470409,7.8170204],[8.5487039,7.8175837],[8.5491545,7.8178601],[8.5496909,7.8184978],[8.5498626,7.8194757],[8.5488541,7.8220267],[8.5487575,7.8227494],[8.5493476,7.8243332],[8.5499055,7.8252579],[8.551944,7.827288],[8.5523088,7.8277238],[8.5526414,7.8284891],[8.5531885,7.8304129],[8.5527155,7.8333867]]}}]}
