{"type":"FeatureCollection","metadata":{"source":"Geofabrik Nigeria OSM extract, OpenStreetMap contributors, ODbL 1.0; geoBoundaries gbOpen GRID3 2022, CC BY 4.0","surfaceFormatVersion":1,"pbfUrl":"https://download.geofabrik.de/africa/nigeria-261003.osm.pbf","pbfDate":"2026-10-03","pbfSha256":"6dfa568106792fb8a9bba0b12a91e1edfb789d38c452087b2c48bc58326880b5","pbfBytes":709273731,"boundaryRelease":"9469f09","adm1Sha256":"64fa218ac3d453cc1e66412ff461c5dfa1a4a1ade0da93b239a9891b587d28f9","adm2Sha256":"bef7f2cfa45e012f4772eaa61c7b99e5188aeba4d5c6badae7e9f9aae8c02fcd","cityId":"sokoto","stateId":"sokoto","stateSourceName":"Sokoto","localUnits":[["sokoto-north","Sokoto North"],["sokoto-south","Sokoto South"]],"coordinatePrecisionDegrees":1e-07,"transportSimplificationDegrees":8e-05,"locationIndex":"sparse_file_array","waterObjects":[["relation",18162221],["way",1271740855],["way",1306020282],["way",1315678785],["way",1322309381],["way",1322309382],["way",1322310291],["way",1322310292],["way",1322310293],["way",1323851965],["way",1323854379],["way",1323855331],["way",1414208464],["way",1454234826],["way",1473421210]]},"features":[{"type":"Feature","properties":{"kind":"state","id":"state:sokoto","localUnitId":"sokoto","name":"Sokoto"},"geometry":{"type":"Polygon","coordinates":[[[4.1257764,13.2865237],[4.1273667,13.3007566],[4.1281532,13.3663152],[4.1281532,13.3897272],[4.1266677,13.410536],[4.1248851,13.4512814],[4.1264729,13.4681591],[4.1424999,13.476944],[4.2324084,13.4994225],[4.2876957,13.5411278],[4.3132463,13.5648116],[4.333449,13.588493],[4.348835,13.6066977],[4.3690948,13.6209745],[4.3747465,13.635488],[4.3777863,13.6408522],[4.3943545,13.6534603],[4.4282238,13.6673177],[4.4447925,13.6746463],[4.4650803,13.6812694],[4.503109,13.6914303],[4.5423262,13.7020527],[4.5973345,13.7139391],[4.636685,13.723065],[4.643848,13.726055],[4.667108,13.7357639],[4.7083888,13.7585251],[4.7285916,13.7622766],[4.744635,13.7657394],[4.8013561,13.7687256],[4.8042461,13.7691295],[4.8395051,13.7752778],[4.8735276,13.781422],[4.9088824,13.7459281],[4.9501793,13.7343842],[5.0057106,13.7360812],[5.0779321,13.7516998],[5.1584199,13.7432473],[5.1785948,13.7419977],[5.2047396,13.7359948],[5.2249424,13.7392271],[5.2475219,13.7429212],[5.2524728,13.7448565],[5.2670117,13.7505399],[5.2812725,13.7560807],[5.2871797,13.7617355],[5.2986231,13.7745489],[5.3052781,13.7807817],[5.3169244,13.7930157],[5.3329548,13.8101958],[5.3503977,13.8341355],[5.3831386,13.8462551],[5.4001089,13.8524859],[5.4191077,13.8594102],[5.4198923,13.8596962],[5.4219992,13.8603779],[5.4517413,13.8711053],[5.4854506,13.8774921],[5.5300009,13.885714],[5.5444043,13.8800379],[5.5571677,13.8752615],[5.591037,13.8574012],[5.6028022,13.8512398],[5.6082213,13.8485398],[5.6099627,13.8478305],[5.6155418,13.8445474],[5.631609,13.8363317],[5.6503381,13.829962],[5.657374,13.827628],[5.6770533,13.8205456],[5.6929747,13.8151939],[5.6944992,13.8169806],[5.7041681,13.8146127],[5.7051831,13.8134865],[5.7053673,13.8113214],[5.7071309,13.8100896],[5.7120398,13.8079898],[5.7167685,13.806165],[5.7434135,13.7954334],[5.7675618,13.7854616],[5.7955129,13.774566],[5.8090131,13.7697644],[5.8249783,13.7638003],[5.8383487,13.7608747],[5.8539821,13.7592374],[5.8594963,13.7586834],[5.8618229,13.7576346],[5.8761339,13.7507417],[5.9103598,13.7395674],[5.9234813,13.73622],[5.9442054,13.7248831],[5.9504866,13.7227329],[5.9506497,13.7226886],[5.9510428,13.7225666],[5.9740579,13.7152777],[5.9762592,13.7145382],[5.9818098,13.7126736],[5.987842,13.7106471],[5.9990225,13.7071004],[6.0084916,13.7039969],[6.0199573,13.7002838],[6.0315371,13.6965152],[6.0443147,13.692414],[6.0594882,13.6874814],[6.0692996,13.6842668],[6.0759737,13.6821053],[6.0891785,13.6775981],[6.0961099,13.6746783],[6.1034114,13.6709093],[6.1090031,13.6680961],[6.1164173,13.6644242],[6.138607,13.6563869],[6.1556629,13.6447462],[6.1624511,13.6474625],[6.1678702,13.6492917],[6.1718061,13.6506221],[6.1729277,13.6510796],[6.1760844,13.6519525],[6.1890332,13.6566641],[6.2092835,13.6645351],[6.223145,13.6699116],[6.2267871,13.6712516],[6.2328073,13.6735222],[6.2769709,13.6766256],[6.2963613,13.679041],[6.3425276,13.651501],[6.3572643,13.6432042],[6.3637111,13.6395745],[6.3849845,13.6275968],[6.403001,13.6113338],[6.4230849,13.604057],[6.4413268,13.5983972],[6.4620267,13.5900171],[6.4755203,13.5806132],[6.4788003,13.5785339],[6.4953428,13.5684142],[6.5297113,13.5191963],[6.5536694,13.4846684],[6.5586444,13.4778235],[6.5823336,13.454435],[6.6231194,13.413378],[6.6530531,13.3709234],[6.6613258,13.3624286],[6.6791658,13.3438873],[6.7125535,13.3114567],[6.7353708,13.2818493],[6.7441965,13.2643881],[6.7482625,13.2492903],[6.7530697,13.2070413],[6.7642129,13.1864057],[6.7799716,13.1564435],[6.788174,13.1409302],[6.792772,13.13226],[6.7434586,13.118467],[6.6876957,13.132894],[6.6856,13.1277],[6.6842,13.1183],[6.6832,13.1072],[6.6571772,13.0927583],[6.6067906,13.0466043],[6.581263,13.0225356],[6.5740383,13.0253939],[6.56028,13.0277474],[6.5512965,13.0325345],[6.5460192,13.0406277],[6.5428997,13.0442456],[6.5361898,13.0490484],[6.5289431,13.0529129],[6.5254328,13.0580423],[6.5218676,13.0666089],[6.5200958,13.0741762],[6.519447,13.0769468],[6.5210788,13.0787097],[6.5232892,13.079821],[6.5251431,13.0810711],[6.5264979,13.0829464],[6.5267831,13.0852383],[6.5252144,13.0870441],[6.5223622,13.0882247],[6.5200092,13.0896832],[6.5191536,13.0915584],[6.5187257,13.0934336],[6.5191536,13.0949615],[6.5205796,13.0972533],[6.5225049,13.0999618],[6.523004,13.1019063],[6.5227901,13.1036425],[6.5226475,13.1061426],[6.5220057,13.108226],[6.5205796,13.1111427],[6.5192962,13.1129483],[6.5196551,13.1138333],[6.5199522,13.1150486],[6.5205464,13.1171898],[6.5206058,13.1195045],[6.520487,13.1218193],[6.5194174,13.1230345],[6.5174565,13.1233239],[6.5160305,13.124134],[6.5151392,13.1250599],[6.5137131,13.1267959],[6.5116928,13.1293999],[6.5087129,13.13152],[6.5014132,13.1285319],[6.494461,13.1254071],[6.4925002,13.1241919],[6.4891132,13.1229188],[6.4818046,13.1208355],[6.4756249,13.1195624],[6.4628,13.1169],[6.4523654,13.1169346],[6.4504662,13.1194158],[6.4503949,13.1220546],[6.4511079,13.1237907],[6.4523201,13.1256656],[6.4538888,13.1261517],[6.4555803,13.1237363],[6.4586424,13.1243925],[6.4609104,13.1245679],[6.4642279,13.1282117],[6.4662481,13.1306421],[6.4643616,13.1340373],[6.463396,13.136313],[6.4613757,13.1373545],[6.4592366,13.138859],[6.4557902,13.1394377],[6.4550442,13.1392806],[6.4529823,13.1388467],[6.4517883,13.1399926],[6.4510903,13.1406625],[6.450799,13.1409421],[6.4503236,13.1433724],[6.4502523,13.1462193],[6.450799,13.1492744],[6.4516308,13.1518203],[6.4526589,13.1535723],[6.4530569,13.1542505],[6.4531983,13.1571977],[6.451821,13.1580924],[6.4487549,13.1583701],[6.4371214,13.1533634],[6.4126455,13.1380482],[6.4026016,13.1291355],[6.3983554,13.1301085],[6.3947278,13.1302791],[6.3917357,13.1298257],[6.359031,13.1371303],[6.3621324,13.1439942],[6.3693466,13.149026],[6.355913,13.164135],[6.3479,13.1573],[6.3369,13.1686],[6.3337427,13.1721369],[6.3273211,13.17955],[6.3000373,13.1824507],[6.2583093,13.1603329],[6.2611057,13.1357969],[6.229355,13.1354589],[6.1908533,13.1007653],[6.1443884,13.0790482],[6.1136501,13.0646804],[6.102,13.0598],[6.0468891,13.0311964],[6.0477,13.0289],[6.0480705,13.0265598],[6.0485532,13.0235105],[6.0497,13.0195],[6.0498,13.0181],[6.0502,13.0161],[6.0511,13.0134],[6.0521,13.011],[6.0533,13.0086],[6.0538,13.0057],[6.0547,13.0033],[6.0549,13.0003],[6.0558,12.9982],[6.0561,12.9955],[6.0557,12.994],[6.0556,12.9928],[6.0558,12.9909],[6.0566,12.9896],[6.057,12.9884],[6.057,12.9863],[6.0572,12.9855],[6.0569,12.9809],[6.0571,12.98],[6.0572,12.9779],[6.0562071,12.9737892],[6.0557,12.9722],[6.0558,12.9711],[6.0554,12.9667],[6.0487294,12.948325],[6.0438846,12.937954],[6.0348794,12.9330611],[6.0212,12.9261],[6.0057881,12.9191018],[6.0092536,12.8798317],[6.0301711,12.7953465],[6.0340776,12.7840663],[6.0244133,12.7487933],[5.9861039,12.7547336],[5.9616735,12.754693],[5.9613,12.7586],[5.9589,12.7608],[5.9532,12.764],[5.9507,12.7653],[5.9475,12.7725],[5.9408969,12.7774904],[5.9288384,12.7870865],[5.9113604,12.799689],[5.8879517,12.8170608],[5.88332,12.8203494],[5.8770016,12.8183796],[5.8695693,12.8159194],[5.8657356,12.8150423],[5.8606017,12.8133273],[5.8553728,12.8115195],[5.8520452,12.8103144],[5.8478145,12.8105461],[5.8360322,12.8147703],[5.832255,12.8193699],[5.8131328,12.8396692],[5.8109755,12.8391897],[5.80484,12.837826],[5.7713256,12.833336],[5.7613564,12.8314749],[5.7339875,12.8267818],[5.6888846,12.8565504],[5.6817127,12.8651736],[5.6748845,12.8679358],[5.6346804,12.8829284],[5.6326245,12.8770974],[5.6299138,12.8727571],[5.6267428,12.8664742],[5.6234307,12.8599116],[5.5882094,12.8040811],[5.6203764,12.7870688],[5.6492779,12.768876],[5.674533,12.7348074],[5.6863459,12.7138646],[5.6941117,12.6891366],[5.6774338,12.6319239],[5.6899973,12.6273553],[5.7230756,12.6206349],[5.7254841,12.5764864],[5.7283141,12.5511398],[5.7172366,12.4869257],[5.723343,12.4736934],[5.7359066,12.4485663],[5.7651533,12.4095352],[5.7726238,12.3834876],[5.7567414,12.338779],[5.7538224,12.3369169],[5.7551101,12.3310087],[5.7505108,12.3239667],[5.7505724,12.3239248],[5.6915467,12.3217009],[5.6526,12.3483],[5.5666702,12.351512],[5.5411,12.2728426],[5.5192759,12.260593],[5.5006701,12.2571044],[5.475761,12.2524339],[5.4696565,12.2525949],[5.4691787,12.2545347],[5.467301,12.2621584],[5.4650524,12.2712876],[5.4619959,12.2779949],[5.4591005,12.2843487],[5.4580484,12.2872696],[5.4542373,12.2967309],[5.4386735,12.3430403],[5.4222779,12.3532622],[5.39647,12.3448772],[5.3926193,12.3294874],[5.3845372,12.3242611],[5.3798666,12.3262351],[5.3756856,12.3283171],[5.3601028,12.337522],[5.3528072,12.343958],[5.3480321,12.3455508],[5.3418245,12.3420846],[5.3335326,12.3460506],[5.3216487,12.3492431],[5.3173325,12.3513063],[5.3115782,12.3557736],[5.2928682,12.3484394],[5.2761657,12.3420412],[5.2640178,12.338019],[5.2416283,12.3312622],[5.2035971,12.3224772],[5.1995155,12.3229043],[5.1886192,12.322922],[5.1818699,12.3224886],[5.1803846,12.3216176],[5.180358,12.321602],[5.1803382,12.3215893],[5.1803033,12.3215643],[5.1771638,12.319319],[5.1715664,12.3202246],[5.1602441,12.3161124],[5.155737,12.3128403],[5.1541497,12.3111964],[5.1525376,12.3095266],[5.1477153,12.306466],[5.1452553,12.3026004],[5.1444064,12.3016453],[5.1379466,12.2931596],[5.1354225,12.2906979],[5.1334707,12.2887877],[5.1280069,12.2856817],[5.1241005,12.2857972],[5.1167,12.2834],[5.1020978,12.2849018],[5.0849441,12.2939417],[5.0644,12.2974],[5.038448,12.298296],[4.9976,12.3007],[4.9668485,12.3078638],[4.9529495,12.3144141],[4.9504,12.2313],[4.9335837,12.2306518],[4.8750303,12.2297287],[4.8726761,12.2081874],[4.8617305,12.1596464],[4.86635,12.1364257],[4.8685827,12.1329011],[4.8745796,12.1182438],[4.8645526,12.0909124],[4.8645907,12.0676508],[4.863346,12.0593772],[4.8607454,12.0476062],[4.8707133,12.0286016],[4.8666996,11.9327371],[4.9444,11.8808],[4.9682171,11.8756829],[4.9592,11.8685],[4.953,11.8633],[4.9446,11.8551],[4.9371,11.8487],[4.935,11.8451],[4.9313,11.8361],[4.9281573,11.8263897],[4.9262148,11.8202185],[4.9259,11.8171],[4.9264,11.8138],[4.9254,11.8084],[4.9238,11.8023],[4.9228,11.7972],[4.9230691,11.794832],[4.9196,11.7899],[4.9293,11.7645616],[4.9410111,11.7308303],[4.9430731,11.726842],[4.9387948,11.7223738],[4.934374,11.7220945],[4.9337057,11.7230256],[4.9324936,11.7233746],[4.9317805,11.7239332],[4.9304258,11.7236539],[4.9280727,11.7233746],[4.9259336,11.723235],[4.9192576,11.7227927],[4.9151219,11.7218153],[4.9139811,11.7166488],[4.9038559,11.7120407],[4.8991499,11.7086894],[4.8938734,11.7092479],[4.8937399,11.7112728],[4.8910118,11.7124364],[4.8897377,11.713856],[4.8894525,11.7193018],[4.8911638,11.7267024],[4.8924473,11.7318687],[4.891196,11.7375126],[4.8924473,11.7452727],[4.8927,11.7468],[4.8894525,11.7501595],[4.8838908,11.7511368],[4.8786143,11.7501595],[4.8770458,11.7449349],[4.874804,11.7400568],[4.8726248,11.7381519],[4.8730526,11.7345216],[4.8697726,11.7338235],[4.8615014,11.7357783],[4.8498297,11.7351075],[4.8485327,11.744409],[4.8439693,11.7520881],[4.8368389,11.7533447],[4.8326684,11.7520378],[4.8315624,11.7566955],[4.8282824,11.7592086],[4.8235763,11.7600463],[4.8207785,11.7628907],[4.8198,11.7669],[4.81521,11.7660869],[4.8093156,11.7596274],[4.802613,11.7576728],[4.8004472,11.7520649],[4.7994281,11.7494261],[4.7947696,11.7473411],[4.7937238,11.7430035],[4.7912044,11.7409184],[4.7849296,11.7384052],[4.7804583,11.7396308],[4.7772288,11.7372882],[4.7726653,11.7374278],[4.7683396,11.7390009],[4.7657891,11.7367818],[4.7615419,11.734356],[4.762659,11.7300973],[4.7657489,11.7253266],[4.7672983,11.720413],[4.7648219,11.7180563],[4.7630155,11.7189872],[4.7611057,11.7212098],[4.759549,11.7219052],[4.7587009,11.7225696],[4.7570765,11.7230178],[4.7557035,11.7226137],[4.7558172,11.7219606],[4.7552518,11.7210748],[4.7543471,11.7210194],[4.753499,11.7205765],[4.7524812,11.7202443],[4.7516896,11.7202997],[4.7503891,11.7195246],[4.7493148,11.7196907],[4.7477316,11.719746],[4.7469401,11.7202443],[4.746205,11.7210748],[4.7450742,11.7214069],[4.7440564,11.7207426],[4.7435258,11.7195458],[4.7425609,11.7152206],[4.738487,11.7101435],[4.7382077,11.7073775],[4.7356348,11.7051165],[4.7334482,11.7042786],[4.7322123,11.7023236],[4.7311665,11.69981],[4.730036,11.6992038],[4.7271734,11.6976688],[4.7210836,11.6947501],[4.7125324,11.6911519],[4.7080272,11.692098],[4.702565,11.6911407],[4.7010463,11.6906009],[4.6988799,11.6926824],[4.6968834,11.6919842],[4.6959564,11.6903782],[4.6946558,11.6883298],[4.6918921,11.6859094],[4.6897596,11.6865898],[4.6860452,11.6861887],[4.6820978,11.6838668],[4.6765142,11.6818824],[4.67428,11.6827672],[4.6727351,11.6834771],[4.6718795,11.6851529],[4.6716355,11.6863119],[4.671758,11.6873956],[4.6718005,11.6881874],[4.6715452,11.6897293],[4.6710345,11.6907294],[4.6702685,11.6911878],[4.6695025,11.6914795],[4.669077,11.6918129],[4.668311,11.6923129],[4.6673322,11.692438],[4.6665237,11.6926463],[4.6659279,11.693063],[4.6649492,11.6938131],[4.6643534,11.6943965],[4.6632895,11.6945632],[4.6623533,11.6942715],[4.6615022,11.6938965],[4.6610767,11.6933547],[4.6606937,11.6928547],[4.6606086,11.6922713],[4.6606937,11.6916879],[4.6608639,11.6909378],[4.6608213,11.6898543],[4.6607788,11.6893125],[4.6608213,11.6883124],[4.6603279,11.6874594],[4.659786,11.6866773],[4.6596291,11.6857696],[4.6594726,11.680684],[4.6591988,11.6785562],[4.6693102,11.6748193],[4.6668106,11.6675621],[4.6410524,11.6709662],[4.6349916,11.672293],[4.6326546,11.6714253],[4.6288594,11.6681032],[4.6267406,11.6635679],[4.6253133,11.6616714],[4.6231406,11.656688],[4.6192694,11.6556253],[4.6152972,11.6577355],[4.6020722,11.6564198],[4.5936921,11.6553611],[4.5859913,11.6548723],[4.5698789,11.6328577],[4.5461637,11.6343979],[4.547162,11.6282241],[4.5483456,11.6230978],[4.5508894,11.6184819],[4.5510203,11.6166799],[4.5498794,11.6140259],[4.5487386,11.610813],[4.548596,11.6071811],[4.5479542,11.6045968],[4.5482394,11.6009647],[4.5474551,11.5974025],[4.5495229,11.5960754],[4.5514481,11.593002],[4.554229,11.5902779],[4.5561542,11.5866277],[4.5699354,11.5736547],[4.5541297,11.5645735],[4.5419858,11.5602793],[4.5227613,11.5303145],[4.5155348,11.5311551],[4.4947078,11.5325874],[4.4827859,11.5319983],[4.496796,11.552431],[4.4693569,11.5765158],[4.4341824,11.6035839],[4.4192309,11.614178],[4.4272804,11.6705613],[4.3968251,11.6922476],[4.3751016,11.7146202],[4.3715578,11.7246606],[4.3687738,11.7469842],[4.3702744,11.7466518],[4.37277,11.7466518],[4.3737683,11.7445575],[4.3749091,11.7432311],[4.3766917,11.7416254],[4.3790447,11.7405782],[4.3810412,11.740299],[4.382578,11.7414347],[4.3838221,11.7433707],[4.3853908,11.7459537],[4.3861038,11.748048],[4.3863177,11.749514],[4.3854735,11.7516379],[4.385405,11.7525414],[4.3848917,11.7532116],[4.3830403,11.7531306],[4.381355,11.7535467],[4.3810698,11.7547195],[4.3806705,11.7560598],[4.3786169,11.7571209],[4.3777042,11.7580702],[4.3775901,11.7592989],[4.3775522,11.7606051],[4.3776472,11.7615885],[4.3778754,11.7625379],[4.3793585,11.7616444],[4.3803589,11.7607271],[4.3816402,11.7603041],[4.3831233,11.7608067],[4.3848346,11.7602482],[4.3865459,11.7595781],[4.3878009,11.7596339],[4.3891699,11.7597456],[4.3902537,11.7587962],[4.3909382,11.7568416],[4.3917852,11.7558478],[4.3929918,11.757065],[4.3939045,11.7574559],[4.3949313,11.7567299],[4.4136115,11.730237],[4.4172084,11.7085409],[4.4364345,11.7108252],[4.4490948,11.7203948],[4.4868791,11.7405209],[4.4986812,11.7500387],[4.5097,11.7558],[4.5354,11.785],[4.5489735,11.7955035],[4.5440242,11.8034985],[4.5497349,11.8109224],[4.5512499,11.8920928],[4.5507524,11.8919085],[4.5671351,11.9196024],[4.5740373,11.9600574],[4.5820233,11.9965141],[4.5881818,12.0388275],[4.5789036,12.065787],[4.5767075,12.0699483],[4.5758043,12.0724585],[4.5748418,12.0747081],[4.5523197,12.0977261],[4.5509072,12.1318055],[4.5525851,12.1543131],[4.5559406,12.2128923],[4.5621492,12.229987],[4.5302505,12.2396216],[4.52498,12.2458259],[4.5250656,12.2462719],[4.5250941,12.2467039],[4.5253508,12.2469826],[4.5254468,12.2472402],[4.5249082,12.2480946],[4.5244816,12.2482028],[4.5241084,12.248783],[4.524268,12.2491099],[4.5243459,12.2495954],[4.5239388,12.2501093],[4.5232942,12.2504077],[4.5227683,12.2502585],[4.5220558,12.2503911],[4.5214451,12.25059],[4.5211906,12.2508387],[4.5211228,12.2514023],[4.5236633,12.2558041],[4.5436722,12.2517597],[4.5486764,12.2508515],[4.5492037,12.2507558],[4.550389,12.2692112],[4.5512582,12.2780137],[4.5519757,12.2836761],[4.5520365,12.2841563],[4.5563266,12.2889846],[4.5570937,12.289848],[4.5518903,12.2970817],[4.5490801,12.3007838],[4.5485458,12.3014877],[4.5565845,12.3042225],[4.5599189,12.3047622],[4.5764902,12.3330162],[4.5925193,12.3468017],[4.59019,12.3638434],[4.5864169,12.3806814],[4.5857707,12.3889179],[4.5878339,12.3959355],[4.5912565,12.3984426],[4.59582,12.4019943],[4.5970932,12.4031324],[4.5993412,12.4006523],[4.6040025,12.4064554],[4.6064099,12.4087566],[4.6074856,12.4099823],[4.6079698,12.410886],[4.612006,12.4137632],[4.6298105,12.4329395],[4.643427,12.4255671],[4.6539787,12.4187754],[4.6564394,12.4169476],[4.6582517,12.4160481],[4.6599155,12.4149745],[4.6607726,12.4142909],[4.6622923,12.4134367],[4.6643423,12.4122761],[4.6657089,12.4112896],[4.6685,12.4087],[4.6706357,12.4073135],[4.6721037,12.4066261],[4.6812444,12.396559],[4.6847905,12.397782],[4.6911444,12.3999581],[4.6997663,12.3885328],[4.7013653,12.3864137],[4.703,12.3839],[4.7033,12.3822],[4.7032571,12.3818429],[4.703,12.3797],[4.7066,12.3708],[4.7073812,12.3690274],[4.7092,12.3649],[4.7111448,12.3640024],[4.7118,12.3637],[4.7119889,12.3636903],[4.7220791,12.3631712],[4.73275,12.3634202],[4.7359906,12.3638277],[4.7397594,12.3656087],[4.7538771,12.3637266],[4.7538248,12.3695246],[4.7529106,12.3753314],[4.7508734,12.3894162],[4.7517861,12.3927123],[4.7498193,12.4209839],[4.7539971,12.4366431],[4.7574535,12.4495976],[4.7585141,12.4513793],[4.7693695,12.4696151],[4.7816086,12.4752772],[4.8031327,12.4852348],[4.8119367,12.5035566],[4.7958895,12.5123992],[4.7949114,12.5637933],[4.7946897,12.5754416],[4.7932891,12.5777564],[4.7574567,12.6369705],[4.731932,12.672115],[4.7308471,12.6911016],[4.7304447,12.6998058],[4.7303482,12.7018414],[4.7304167,12.7020973],[4.7316121,12.7065585],[4.734702,12.7138619],[4.7399872,12.7270308],[4.7435524,12.7373475],[4.7503263,12.7509092],[4.7528585,12.7566995],[4.7571962,12.764581],[4.760286,12.7724623],[4.7646831,12.7798797],[4.7702504,12.7892761],[4.7737985,12.7901715],[4.775795,12.7903384],[4.7783049,12.7913953],[4.7803014,12.7923966],[4.7884015,12.7969024],[4.7951896,12.7996837],[4.8063054,12.8041855],[4.8068353,12.8194766],[4.7751876,12.8546858],[4.7742537,12.8557247],[4.7592464,12.8744439],[4.7404911,12.8932812],[4.7126388,12.9075384],[4.7117241,12.9075339],[4.7110416,12.907872],[4.7104521,12.9087246],[4.7100909,12.9097254],[4.7091244,12.9108478],[4.7078852,12.9115417],[4.7074918,12.9121962],[4.7063034,12.9124279],[4.7048298,12.9141886],[4.7034988,12.9156712],[4.7014072,12.9180342],[4.6998861,12.9205825],[4.6982223,12.9224358],[4.6979014,12.9233624],[4.6979,12.9241],[4.6981154,12.9252389],[4.6979728,12.9266983],[4.6973667,12.9287485],[4.696618,12.9304511],[4.6953296,12.931837],[4.6943,12.9333],[4.690985,12.935142],[4.6898592,12.9361768],[4.6892737,12.9372269],[4.6881685,12.938165],[4.6874763,12.938452],[4.6869206,12.9387557],[4.6579165,12.9442452],[4.6462153,12.9486152],[4.6462305,12.9487395],[4.6463718,12.9498961],[4.6473782,12.9497531],[4.647878,12.9501794],[4.6483289,12.9505639],[4.6485666,12.9516641],[4.6480318,12.9525907],[4.6484478,12.9531118],[4.6489231,12.9532276],[4.6495173,12.9540963],[4.6503492,12.95427],[4.6512405,12.9543279],[4.6523695,12.9543279],[4.6529042,12.9550807],[4.653855,12.9559493],[4.6545086,12.9567021],[4.6553405,12.9562388],[4.656826,12.9568179],[4.6577767,12.957976],[4.658668,12.958034],[4.659797,12.9585551],[4.660174,12.958947],[4.6606883,12.9594816],[4.6609854,12.9613346],[4.6611042,12.9633613],[4.6611636,12.964809],[4.661639,12.9658512],[4.6604506,12.9659671],[4.6594999,12.9662566],[4.6589651,12.9671251],[4.6593216,12.9681095],[4.6594404,12.9689202],[4.6605694,12.9694413],[4.6620549,12.9701941],[4.6634216,12.9704836],[4.6641346,12.9694413],[4.6649665,12.9695571],[4.6650707,12.9695649],[4.665739,12.969615],[4.6656201,12.9715259],[4.6661549,12.9734946],[4.6678781,12.975058],[4.6694824,12.9754633],[4.6704331,12.9755212],[4.6709085,12.9763897],[4.6717998,12.9766213],[4.6723346,12.9776057],[4.673107,12.97859],[4.6736418,12.9793427],[4.6736073,12.9794886],[4.6734635,12.9800955],[4.673523,12.9806166],[4.6740577,12.9806745],[4.6747114,12.9802692],[4.6758403,12.9805008],[4.6766128,12.9805587],[4.6773853,12.9806745],[4.6780389,12.9809061],[4.6782766,12.9802113],[4.6784548,12.9794585],[4.6791679,12.9794585],[4.6806098,12.9802885],[4.6794125,12.9839614],[4.6780428,12.988163],[4.6777733,12.9984921],[4.6777576,12.9990942],[4.6866694,13.0061299],[4.7025906,13.025758],[4.7152571,13.0383671],[4.7165779,13.0408818],[4.7212126,13.0451886],[4.7247065,13.0494953],[4.7300175,13.052009],[4.7316277,13.0527711],[4.7263465,13.0544966],[4.7172211,13.0618347],[4.702156,13.0732034],[4.6829859,13.0789115],[4.6231642,13.070269],[4.6230468,13.0701123],[4.5547152,13.1114445],[4.5129507,13.1367035],[4.4975303,13.1599619],[4.4966031,13.1603268],[4.4957118,13.1603268],[4.4941075,13.1615418],[4.4930379,13.162294],[4.4925626,13.1629304],[4.4921466,13.1640876],[4.4917307,13.1651291],[4.4910771,13.1659969],[4.4903046,13.1665755],[4.4895321,13.1667491],[4.4888191,13.1673277],[4.4883437,13.1677905],[4.4870365,13.1681377],[4.4861452,13.168832],[4.4851945,13.1690055],[4.4843032,13.1695841],[4.4828771,13.1702205],[4.4819858,13.1709148],[4.4806786,13.1717248],[4.4800249,13.1725348],[4.4789554,13.1734605],[4.4779453,13.1742705],[4.4761627,13.1750226],[4.4743206,13.1763533],[4.4725975,13.1775104],[4.4708743,13.1788411],[4.4695076,13.1794775],[4.4675468,13.1805189],[4.4654229,13.1808727],[4.4630314,13.1813058],[4.4617864,13.1823167],[4.4604744,13.182775],[4.459519,13.1827055],[4.4580929,13.1826083],[4.4574226,13.1826222],[4.4567918,13.1827173],[4.4561381,13.1827752],[4.455128,13.1830066],[4.4537019,13.1835851],[4.4522164,13.1843372],[4.4504932,13.1852629],[4.4485324,13.186015],[4.4468686,13.1867092],[4.4395006,13.1887919],[4.4377774,13.1898333],[4.4349252,13.1909325],[4.4324296,13.1918003],[4.4311223,13.1920895],[4.4297557,13.192668],[4.407076,13.1955419],[4.3918455,13.1971346],[4.3744473,13.2010902],[4.3002389,13.2596146],[4.258027,13.2644265],[4.2139136,13.2636862],[4.1785704,13.2540686],[4.1264047,13.2496741],[4.1257764,13.2865237]]]}},{"type":"Feature","properties":{"kind":"administrative","id":"administrative:sokoto-north","localUnitId":"sokoto-north","name":"Sokoto North"},"geometry":{"type":"Polygon","coordinates":[[[5.2454555,13.0824225],[5.2469528,13.0851311],[5.2487354,13.0859646],[5.2504467,13.0850617],[5.2518015,13.0849228],[5.2523719,13.0870063],[5.2539406,13.0865896],[5.2551528,13.0858951],[5.2565076,13.0864507],[5.2569354,13.0874925],[5.2565076,13.0886037],[5.2572381,13.0895735],[5.2595514,13.0875018],[5.2605259,13.0855803],[5.2609041,13.0840319],[5.2607755,13.0832652],[5.2621065,13.0813205],[5.2626117,13.0785986],[5.263283,13.0780215],[5.2633424,13.0775469],[5.2632989,13.0750919],[5.2628552,13.0721409],[5.2630572,13.0706708],[5.2638296,13.0696868],[5.2646378,13.0700225],[5.2650537,13.070775],[5.2654934,13.0706245],[5.2657548,13.0702656],[5.2661351,13.0691543],[5.267044,13.067721],[5.2681673,13.0668622],[5.2689947,13.0664913],[5.2707971,13.0653327],[5.2706277,13.0651557],[5.2638744,13.0665672],[5.2625507,13.0658302],[5.2609,13.0652],[5.2596388,13.0652586],[5.2579838,13.0654466],[5.2569958,13.0656657],[5.2562518,13.0658114],[5.2560633,13.0657679],[5.2556,13.0645],[5.2552254,13.0641627],[5.2549104,13.0638234],[5.2544671,13.0632732],[5.2539552,13.0625906],[5.2534952,13.062071],[5.2532525,13.0617707],[5.2527988,13.0613314],[5.251792,13.0605099],[5.25067,13.0595205],[5.2501719,13.0591298],[5.2493877,13.058753],[5.2478618,13.0581421],[5.2473405,13.0579247],[5.2471009,13.057793],[5.2468218,13.0577003],[5.245529,13.0571743],[5.2447423,13.0568145],[5.2434118,13.0562724],[5.2419012,13.0556862],[5.2419045,13.0557834],[5.2419034,13.0558803],[5.241881,13.0560048],[5.2418037,13.0561903],[5.2417364,13.0562645],[5.2416792,13.0563241],[5.2416243,13.0564199],[5.2415663,13.0565428],[5.24152,13.0566487],[5.2414658,13.0567438],[5.2413909,13.0568459],[5.2413429,13.0569348],[5.2413151,13.0570159],[5.241319,13.057111],[5.2413302,13.0571415],[5.241336,13.0571574],[5.2413147,13.057177],[5.2412772,13.0572115],[5.2412223,13.0572811],[5.2411072,13.0572764],[5.2409857,13.0572496],[5.2404465,13.0569947],[5.2398674,13.0567934],[5.239866,13.0569336],[5.2398322,13.0570491],[5.239738,13.0573922],[5.2395379,13.0577318],[5.2391747,13.0580446],[5.2387308,13.0583372],[5.2383844,13.0586365],[5.2384483,13.0587643],[5.2389091,13.0587004],[5.2391394,13.0586449],[5.2394017,13.0586113],[5.2396618,13.0585475],[5.2396651,13.0586578],[5.2395917,13.059],[5.2395208,13.0596066],[5.2393435,13.0600819],[5.2391732,13.0605144],[5.2389648,13.0609879],[5.2389629,13.0612657],[5.2390798,13.0614457],[5.2393109,13.0616647],[5.2393129,13.0619856],[5.2391971,13.0623057],[5.2390357,13.0626846],[5.2385361,13.0631704],[5.2385201,13.0633978],[5.2383103,13.0644081],[5.2378559,13.0642649],[5.2377569,13.064405],[5.2375636,13.0647074],[5.2373033,13.0650474],[5.237228,13.0652409],[5.2372083,13.0654454],[5.2369519,13.0654429],[5.236258,13.0654673],[5.2347858,13.0654767],[5.2334927,13.0654847],[5.232433,13.0654581],[5.231787,13.0654951],[5.2313347,13.0654803],[5.2304095,13.0655202],[5.2296762,13.0655193],[5.2289255,13.0654818],[5.2286932,13.065462],[5.2284559,13.065413],[5.2279527,13.0653603],[5.22798,13.0651906],[5.228014,13.0643126],[5.2280902,13.0629587],[5.228353,13.0613585],[5.2284534,13.0606525],[5.2291116,13.058566],[5.2273925,13.0560627],[5.2257662,13.0538325],[5.2248128,13.0530993],[5.2242,13.0527],[5.2248,13.0518],[5.225418,13.0511461],[5.2273799,13.0498844],[5.2270663,13.0492403],[5.2263148,13.048163],[5.2257851,13.0475168],[5.2254146,13.0470343],[5.2243492,13.0458145],[5.2229622,13.0432689],[5.2179637,13.0454019],[5.2180346,13.0464455],[5.2180564,13.0475818],[5.2178873,13.0490746],[5.2176031,13.050497],[5.2160443,13.0513074],[5.2154124,13.0515457],[5.2147747,13.051955],[5.2143121,13.0524705],[5.213742,13.0527593],[5.2128854,13.0528306],[5.2121954,13.0526165],[5.2117328,13.0539923],[5.211169,13.0546967],[5.2106185,13.0561648],[5.2080854,13.0593234],[5.2048497,13.0606619],[5.1974905,13.0666669],[5.195947,13.0685114],[5.1945797,13.0702372],[5.193412,13.071007],[5.1923813,13.0720318],[5.1912295,13.0758387],[5.1918468,13.0759169],[5.1926787,13.0747593],[5.1945801,13.0751066],[5.1969569,13.07638],[5.1980859,13.0775954],[5.1988583,13.0778848],[5.1988583,13.0791581],[5.2004033,13.0789845],[5.2005815,13.0774797],[5.2014134,13.0778848],[5.2025424,13.0784636],[5.2041467,13.07829],[5.2060482,13.0788109],[5.2073554,13.0793897],[5.2087221,13.0788687],[5.2105047,13.0794475],[5.2115148,13.0796212],[5.2115975,13.0799985],[5.2110989,13.0804893],[5.2106235,13.0807209],[5.2111583,13.0816469],[5.2110394,13.0825151],[5.2105641,13.0837884],[5.2108131,13.0841657],[5.211639,13.0841105],[5.212109,13.0842514],[5.2141524,13.0848421],[5.2144211,13.0849991],[5.214664,13.0855826],[5.2152582,13.0856983],[5.2160307,13.0847144],[5.2163463,13.084513],[5.2167599,13.0846241],[5.217635,13.0851774],[5.2181698,13.0860456],[5.2191205,13.0869716],[5.2215568,13.0878976],[5.2236365,13.0873189],[5.2237553,13.0854668],[5.2242901,13.0852353],[5.2264292,13.0851774],[5.2273121,13.082835],[5.2276573,13.0824699],[5.2292058,13.0817686],[5.2293408,13.0806051],[5.2298174,13.079972],[5.2303498,13.0796645],[5.2309911,13.0795204],[5.2316497,13.0795679],[5.2318887,13.0796837],[5.2321353,13.079799],[5.2325693,13.0796934],[5.2328842,13.0786471],[5.233023,13.0778775],[5.2335002,13.077306],[5.234394,13.0774548],[5.2349167,13.0773679],[5.2350943,13.0773299],[5.2357176,13.0774456],[5.2362286,13.0774068],[5.2367041,13.0772736],[5.2372938,13.0770897],[5.2377968,13.077157],[5.2381392,13.0773513],[5.2386136,13.0775369],[5.2395016,13.0781742],[5.2413436,13.0784057],[5.2428885,13.0791581],[5.243589,13.07979],[5.2454555,13.0824225]]]}},{"type":"Feature","properties":{"kind":"administrative","id":"administrative:sokoto-south","localUnitId":"sokoto-south","name":"Sokoto South"},"geometry":{"type":"Polygon","coordinates":[[[5.2692047,13.0636028],[5.2684441,13.0624914],[5.2678,13.0612],[5.2727,13.0592],[5.2754,13.0586],[5.2777,13.058],[5.2785,13.0581],[5.2993,13.0554],[5.2971079,13.0501234],[5.2945845,13.0467526],[5.2931993,13.044439],[5.2920387,13.0425004],[5.2922291,13.0381349],[5.2921194,13.030498],[5.2838219,13.0299863],[5.277815,13.0273358],[5.2763667,13.0210705],[5.2731746,13.0190754],[5.2718312,13.0176709],[5.2711139,13.01577],[5.2699473,13.0133543],[5.2693202,13.0125312],[5.2680517,13.0123937],[5.2676169,13.0124188],[5.2672266,13.0125085],[5.2666979,13.0127845],[5.2663186,13.0132108],[5.2660252,13.0133866],[5.2656827,13.0134343],[5.265105,13.0135282],[5.264452,13.013462],[5.2635736,13.0134653],[5.2629809,13.0122527],[5.2621247,13.0110653],[5.2608,13.0098],[5.2594764,13.0087399],[5.2578,13.0079],[5.2564486,13.0074299],[5.2511301,13.0055324],[5.2474,13.0056],[5.2469062,13.0076354],[5.2467008,13.0083223],[5.2463601,13.009509],[5.24593,13.0101964],[5.2452871,13.0106793],[5.2457,13.0113],[5.2463821,13.0121968],[5.2468304,13.0128896],[5.2470105,13.0132846],[5.2476861,13.0136614],[5.2472432,13.0142493],[5.2469545,13.0145863],[5.245899,13.015464],[5.2448403,13.016535],[5.2445658,13.0168962],[5.2432759,13.0196274],[5.2432479,13.0196858],[5.2426823,13.0208685],[5.2402038,13.0261546],[5.2392278,13.0282447],[5.2389971,13.0286275],[5.2384676,13.029885],[5.2381463,13.0315014],[5.2377668,13.0330759],[5.2378419,13.0334363],[5.23772,13.033851],[5.2371907,13.0336416],[5.2360556,13.0332439],[5.2357089,13.0336579],[5.2352533,13.0340743],[5.2346743,13.0344626],[5.2342915,13.0348065],[5.2338564,13.0352637],[5.2336486,13.0356182],[5.2333055,13.0359546],[5.2326855,13.0357491],[5.2325243,13.0357912],[5.2321716,13.0361899],[5.2318597,13.0365426],[5.2315121,13.0365529],[5.2310035,13.036489],[5.2306431,13.036103],[5.2304386,13.0358014],[5.2303696,13.0357094],[5.2298865,13.0357784],[5.2291733,13.0359087],[5.2280487,13.036172],[5.2271489,13.0363714],[5.2269623,13.0364123],[5.2271065,13.0365227],[5.2285327,13.0385143],[5.2297307,13.0403591],[5.2256879,13.0421728],[5.2246236,13.0426294],[5.2229622,13.0432689],[5.2243492,13.0458145],[5.2254146,13.0470343],[5.2257851,13.0475168],[5.2263148,13.048163],[5.2270663,13.0492403],[5.2273799,13.0498844],[5.225418,13.0511461],[5.2248,13.0518],[5.2242,13.0527],[5.2248128,13.0530993],[5.2257662,13.0538325],[5.2273925,13.0560627],[5.2291116,13.058566],[5.2284534,13.0606525],[5.228353,13.0613585],[5.2280902,13.0629587],[5.228014,13.0643126],[5.22798,13.0651906],[5.2279527,13.0653603],[5.2284559,13.065413],[5.2286932,13.065462],[5.2289255,13.0654818],[5.2296762,13.0655193],[5.2304095,13.0655202],[5.2313347,13.0654803],[5.231787,13.0654951],[5.232433,13.0654581],[5.2334927,13.0654847],[5.2347858,13.0654767],[5.236258,13.0654673],[5.2369519,13.0654429],[5.2372083,13.0654454],[5.237228,13.0652409],[5.2373033,13.0650474],[5.2375636,13.0647074],[5.2377569,13.064405],[5.2378559,13.0642649],[5.2383103,13.0644081],[5.2385201,13.0633978],[5.2385361,13.0631704],[5.2390357,13.0626846],[5.2391971,13.0623057],[5.2393129,13.0619856],[5.2393109,13.0616647],[5.2390798,13.0614457],[5.2389629,13.0612657],[5.2389648,13.0609879],[5.2391732,13.0605144],[5.2393435,13.0600819],[5.2395208,13.0596066],[5.2395917,13.059],[5.2396651,13.0586578],[5.2396618,13.0585475],[5.2394017,13.0586113],[5.2391394,13.0586449],[5.2389091,13.0587004],[5.2384483,13.0587643],[5.2383844,13.0586365],[5.2387308,13.0583372],[5.2391747,13.0580446],[5.2395379,13.0577318],[5.239738,13.0573922],[5.2398322,13.0570491],[5.239866,13.0569336],[5.2398674,13.0567934],[5.2404465,13.0569947],[5.2409857,13.0572496],[5.2411072,13.0572764],[5.2412223,13.0572811],[5.2412772,13.0572115],[5.2413147,13.057177],[5.241336,13.0571574],[5.2413302,13.0571415],[5.241319,13.057111],[5.2413151,13.0570159],[5.2413429,13.0569348],[5.2413909,13.0568459],[5.2414658,13.0567438],[5.24152,13.0566487],[5.2415663,13.0565428],[5.2416243,13.0564199],[5.2416792,13.0563241],[5.2417364,13.0562645],[5.2418037,13.0561903],[5.241881,13.0560048],[5.2419034,13.0558803],[5.2419045,13.0557834],[5.2419012,13.0556862],[5.2434118,13.0562724],[5.2447423,13.0568145],[5.245529,13.0571743],[5.2468218,13.0577003],[5.2471009,13.057793],[5.2473405,13.0579247],[5.2478618,13.0581421],[5.2493877,13.058753],[5.2501719,13.0591298],[5.25067,13.0595205],[5.251792,13.0605099],[5.2527988,13.0613314],[5.2532525,13.0617707],[5.2534952,13.062071],[5.2539552,13.0625906],[5.2544671,13.0632732],[5.2549104,13.0638234],[5.2552254,13.0641627],[5.2556,13.0645],[5.2560633,13.0657679],[5.2562518,13.0658114],[5.2569958,13.0656657],[5.2579838,13.0654466],[5.2596388,13.0652586],[5.2609,13.0652],[5.2625507,13.0658302],[5.2638744,13.0665672],[5.2706277,13.0651557],[5.2692047,13.0636028]]]}},{"type":"Feature","properties":{"kind":"land","id":"sokoto-north","localUnitId":"sokoto-north","name":"Sokoto North"},"geometry":{"type":"MultiPolygon","coordinates":[[[[5.2700503,13.0655967],[5.2699069,13.0656853],[5.2698576,13.0657995],[5.2697707,13.0659925],[5.2705965,13.0654616],[5.2704609,13.0654613],[5.2700503,13.0655967]]],[[[5.2504467,13.0850617],[5.2518015,13.0849228],[5.2523719,13.0870063],[5.2539406,13.0865896],[5.2551528,13.0858951],[5.2565076,13.0864507],[5.2569354,13.0874925],[5.2565986,13.0883675],[5.2566665,13.0884577],[5.25681,13.0885869],[5.256985,13.088818],[5.2571496,13.0890025],[5.2573932,13.0892264],[5.257563,13.0892825],[5.2594241,13.0876158],[5.2595167,13.0874827],[5.2596937,13.0871602],[5.259902,13.0867938],[5.2600648,13.0864739],[5.2601094,13.0864016],[5.2601098,13.0864009],[5.2602527,13.0861191],[5.2602528,13.0861188],[5.260351,13.0858345],[5.2604545,13.0855365],[5.2605323,13.0852346],[5.2606807,13.0848232],[5.2607271,13.0841691],[5.2607851,13.0839579],[5.260751,13.0838455],[5.2607652,13.083644],[5.2606842,13.0835498],[5.2606852,13.0832925],[5.260723,13.0831277],[5.2608881,13.0829232],[5.2610886,13.0825922],[5.2612534,13.0824694],[5.2615161,13.0820734],[5.2618925,13.0814868],[5.2620034,13.0814711],[5.2621065,13.0813205],[5.2621508,13.0810818],[5.262093,13.0808661],[5.2621595,13.0804897],[5.2621778,13.0801816],[5.2622805,13.0799951],[5.2622506,13.0797893],[5.2622058,13.0794506],[5.262286,13.0792939],[5.2622971,13.0789562],[5.2624212,13.0786584],[5.2628071,13.0782312],[5.2631907,13.0777525],[5.2633171,13.0769165],[5.2632977,13.076443],[5.2632674,13.0755353],[5.2631932,13.0749839],[5.263111,13.0746959],[5.2630144,13.0739683],[5.2629269,13.0736957],[5.2628561,13.0733119],[5.2628752,13.0728755],[5.2627916,13.0723322],[5.262911,13.0714208],[5.2628736,13.0712246],[5.2628943,13.0709664],[5.2629929,13.0709476],[5.262976,13.0706748],[5.2630215,13.0705701],[5.263127,13.070418],[5.2633739,13.0702387],[5.2634237,13.0701113],[5.2634474,13.0700509],[5.2635393,13.0699931],[5.2635023,13.0699052],[5.2637009,13.0696719],[5.2638761,13.069527],[5.264007,13.0694771],[5.2641121,13.069368],[5.2642253,13.0692972],[5.2642515,13.0691876],[5.2644762,13.0691551],[5.264655,13.0692752],[5.2646141,13.0696285],[5.2647558,13.0697379],[5.2647386,13.0698851],[5.2648104,13.0701146],[5.2648121,13.0703379],[5.2648121,13.070338],[5.2650537,13.070775],[5.2654934,13.0706245],[5.2657548,13.0702656],[5.2658802,13.0698991],[5.2659149,13.0695369],[5.2659855,13.0693383],[5.2659957,13.0692165],[5.266055,13.0691446],[5.2661201,13.0690591],[5.2661789,13.0689106],[5.2660842,13.0689348],[5.2660114,13.0688781],[5.2660226,13.068779],[5.2660554,13.0686325],[5.2662524,13.0683061],[5.2665129,13.0681004],[5.2665558,13.0680664],[5.266773,13.067881],[5.2672662,13.0674721],[5.2673349,13.0674197],[5.2675715,13.0672174],[5.2679808,13.0669026],[5.268469,13.0666188],[5.2688212,13.0664337],[5.2691967,13.0662688],[5.2694738,13.066009],[5.2695056,13.0657923],[5.2696163,13.0655309],[5.2697765,13.0653965],[5.270116,13.0652631],[5.2703464,13.0652259],[5.2705748,13.0652056],[5.2707149,13.0652468],[5.2706277,13.0651557],[5.2638744,13.0665672],[5.2625507,13.0658302],[5.2609,13.0652],[5.2596388,13.0652586],[5.2579838,13.0654466],[5.2569958,13.0656657],[5.2562518,13.0658114],[5.2560633,13.0657679],[5.2556,13.0645],[5.2552254,13.0641627],[5.2549104,13.0638234],[5.2544671,13.0632732],[5.2539552,13.0625906],[5.2534952,13.062071],[5.2532525,13.0617707],[5.2527988,13.0613314],[5.251792,13.0605099],[5.25067,13.0595205],[5.2501719,13.0591298],[5.2493877,13.058753],[5.2478618,13.0581421],[5.2473405,13.0579247],[5.2471009,13.057793],[5.2468218,13.0577003],[5.245529,13.0571743],[5.2447423,13.0568145],[5.2434118,13.0562724],[5.2419012,13.0556862],[5.2419045,13.0557834],[5.2419034,13.0558803],[5.241881,13.0560048],[5.2418037,13.0561903],[5.2417364,13.0562645],[5.2416792,13.0563241],[5.2416243,13.0564199],[5.2415663,13.0565428],[5.24152,13.0566487],[5.2414658,13.0567438],[5.2413909,13.0568459],[5.2413429,13.0569348],[5.2413151,13.0570159],[5.241319,13.057111],[5.2413302,13.0571415],[5.241336,13.0571574],[5.2413147,13.057177],[5.2412772,13.0572115],[5.2412223,13.0572811],[5.2411072,13.0572764],[5.2409857,13.0572496],[5.2404465,13.0569947],[5.2398674,13.0567934],[5.239866,13.0569336],[5.2398322,13.0570491],[5.239738,13.0573922],[5.2395379,13.0577318],[5.2391747,13.0580446],[5.2387308,13.0583372],[5.2383844,13.0586365],[5.2384483,13.0587643],[5.2389091,13.0587004],[5.2391394,13.0586449],[5.2394017,13.0586113],[5.2396618,13.0585475],[5.2396651,13.0586578],[5.2395917,13.059],[5.2395208,13.0596066],[5.2393435,13.0600819],[5.2391732,13.0605144],[5.2389648,13.0609879],[5.2389629,13.0612657],[5.2390798,13.0614457],[5.2393109,13.0616647],[5.2393129,13.0619856],[5.2391971,13.0623057],[5.2390357,13.0626846],[5.2385361,13.0631704],[5.2385201,13.0633978],[5.2383103,13.0644081],[5.2378559,13.0642649],[5.2377569,13.064405],[5.2375636,13.0647074],[5.2373033,13.0650474],[5.237228,13.0652409],[5.2372083,13.0654454],[5.2369519,13.0654429],[5.236258,13.0654673],[5.2347858,13.0654767],[5.2334927,13.0654847],[5.232433,13.0654581],[5.231787,13.0654951],[5.2313347,13.0654803],[5.2304095,13.0655202],[5.2296762,13.0655193],[5.2289255,13.0654818],[5.2286932,13.065462],[5.2284559,13.065413],[5.2279527,13.0653603],[5.22798,13.0651906],[5.228014,13.0643126],[5.2280902,13.0629587],[5.228353,13.0613585],[5.2284534,13.0606525],[5.2291116,13.058566],[5.2273925,13.0560627],[5.2257662,13.0538325],[5.2248128,13.0530993],[5.2242,13.0527],[5.2248,13.0518],[5.225418,13.0511461],[5.2273799,13.0498844],[5.2270663,13.0492403],[5.2263148,13.048163],[5.2257851,13.0475168],[5.2254146,13.0470343],[5.2243492,13.0458145],[5.2229622,13.0432689],[5.2179637,13.0454019],[5.2180346,13.0464455],[5.2180564,13.0475818],[5.2178873,13.0490746],[5.2176031,13.050497],[5.2160443,13.0513074],[5.2154124,13.0515457],[5.2147747,13.051955],[5.2143121,13.0524705],[5.213742,13.0527593],[5.2128854,13.0528306],[5.2121954,13.0526165],[5.2117328,13.0539923],[5.211169,13.0546967],[5.2106185,13.0561648],[5.2080854,13.0593234],[5.2048497,13.0606619],[5.1974905,13.0666669],[5.195947,13.0685114],[5.1945797,13.0702372],[5.193412,13.071007],[5.1923813,13.0720318],[5.1912295,13.0758387],[5.1918468,13.0759169],[5.1926787,13.0747593],[5.1945801,13.0751066],[5.1969569,13.07638],[5.1980859,13.0775954],[5.1988583,13.0778848],[5.1988583,13.0791581],[5.2004033,13.0789845],[5.2005815,13.0774797],[5.2014134,13.0778848],[5.2025424,13.0784636],[5.2041467,13.07829],[5.2060482,13.0788109],[5.2073554,13.0793897],[5.2087221,13.0788687],[5.2105047,13.0794475],[5.2115148,13.0796212],[5.2115975,13.0799985],[5.2110989,13.0804893],[5.2106235,13.0807209],[5.2111583,13.0816469],[5.2110394,13.0825151],[5.2105641,13.0837884],[5.2108131,13.0841657],[5.211639,13.0841105],[5.212109,13.0842514],[5.2141524,13.0848421],[5.2144211,13.0849991],[5.214664,13.0855826],[5.2152582,13.0856983],[5.2160307,13.0847144],[5.2163463,13.084513],[5.2167599,13.0846241],[5.217635,13.0851774],[5.2181698,13.0860456],[5.2191205,13.0869716],[5.2215568,13.0878976],[5.2236365,13.0873189],[5.2237553,13.0854668],[5.2242901,13.0852353],[5.2264292,13.0851774],[5.2273121,13.082835],[5.2276573,13.0824699],[5.2292058,13.0817686],[5.2293408,13.0806051],[5.2298174,13.079972],[5.2303498,13.0796645],[5.2309911,13.0795204],[5.2316497,13.0795679],[5.2318887,13.0796837],[5.2321353,13.079799],[5.2325693,13.0796934],[5.2328842,13.0786471],[5.233023,13.0778775],[5.2335002,13.077306],[5.234394,13.0774548],[5.2349167,13.0773679],[5.2350943,13.0773299],[5.2357176,13.0774456],[5.2362286,13.0774068],[5.2367041,13.0772736],[5.2372938,13.0770897],[5.2377968,13.077157],[5.2381392,13.0773513],[5.2386136,13.0775369],[5.2395016,13.0781742],[5.2413436,13.0784057],[5.2428885,13.0791581],[5.243589,13.07979],[5.2454555,13.0824225],[5.2469528,13.0851311],[5.2487354,13.0859646],[5.2504467,13.0850617]]],[[[5.2663438,13.0687719],[5.2663268,13.0688519],[5.2666175,13.0683935],[5.266417,13.0686602],[5.2663438,13.0687719]]],[[[5.26433,13.0696072],[5.2642321,13.0695678],[5.2640843,13.0696108],[5.2639254,13.0697266],[5.2646148,13.0700129],[5.2645446,13.0698362],[5.2644311,13.0696825],[5.26433,13.0696072]]],[[[5.256783,13.0889112],[5.2566687,13.0888175],[5.2572381,13.0895735],[5.2573998,13.0894287],[5.2571489,13.0892596],[5.256783,13.0889112]]]]}},{"type":"Feature","properties":{"kind":"water","id":"water:sokoto-north","localUnitId":"sokoto-north","name":"Mapped water in Sokoto North"},"geometry":{"type":"MultiPolygon","coordinates":[[[[5.2663268,13.0688519],[5.2663438,13.0687719],[5.266417,13.0686602],[5.2666175,13.0683935],[5.267044,13.067721],[5.2681673,13.0668622],[5.2689947,13.0664913],[5.2697707,13.0659925],[5.2698576,13.0657995],[5.2699069,13.0656853],[5.2700503,13.0655967],[5.2704609,13.0654613],[5.2705965,13.0654616],[5.2707971,13.0653327],[5.2707149,13.0652468],[5.2705748,13.0652056],[5.2703464,13.0652259],[5.270116,13.0652631],[5.2697765,13.0653965],[5.2696163,13.0655309],[5.2695056,13.0657923],[5.2694738,13.066009],[5.2691967,13.0662688],[5.2688212,13.0664337],[5.268469,13.0666188],[5.2679808,13.0669026],[5.2675715,13.0672174],[5.2673349,13.0674197],[5.2672662,13.0674721],[5.266773,13.067881],[5.2665558,13.0680664],[5.2665129,13.0681004],[5.2662524,13.0683061],[5.2660554,13.0686325],[5.2660226,13.068779],[5.2660114,13.0688781],[5.2660842,13.0689348],[5.2661789,13.0689106],[5.2661201,13.0690591],[5.266055,13.0691446],[5.2659957,13.0692165],[5.2659855,13.0693383],[5.2659149,13.0695369],[5.2658802,13.0698991],[5.2661351,13.0691543],[5.2663268,13.0688521],[5.2663268,13.0688519]]],[[[5.2633424,13.0775469],[5.2632989,13.0750919],[5.2628552,13.0721409],[5.2630572,13.0706708],[5.2638296,13.0696868],[5.2639254,13.0697266],[5.2640843,13.0696108],[5.2642321,13.0695678],[5.26433,13.0696072],[5.2644311,13.0696825],[5.2645446,13.0698362],[5.2646148,13.0700129],[5.2646378,13.0700225],[5.2648121,13.0703379],[5.2648104,13.0701146],[5.2647386,13.0698851],[5.2647558,13.0697379],[5.2646141,13.0696285],[5.264655,13.0692752],[5.2644762,13.0691551],[5.2642515,13.0691876],[5.2642253,13.0692972],[5.2641121,13.069368],[5.264007,13.0694771],[5.2638761,13.069527],[5.2637009,13.0696719],[5.2635023,13.0699052],[5.2635393,13.0699931],[5.2634474,13.0700509],[5.2634237,13.0701113],[5.2633739,13.0702387],[5.263127,13.070418],[5.2630215,13.0705701],[5.262976,13.0706748],[5.2629929,13.0709476],[5.2628943,13.0709664],[5.2628736,13.0712246],[5.262911,13.0714208],[5.2627916,13.0723322],[5.2628752,13.0728755],[5.2628561,13.0733119],[5.2629269,13.0736957],[5.2630144,13.0739683],[5.263111,13.0746959],[5.2631932,13.0749839],[5.2632674,13.0755353],[5.2632977,13.076443],[5.2633171,13.0769165],[5.2631907,13.0777525],[5.2628071,13.0782312],[5.2624212,13.0786584],[5.2622971,13.0789562],[5.262286,13.0792939],[5.2622058,13.0794506],[5.2622506,13.0797893],[5.2622805,13.0799951],[5.2621778,13.0801816],[5.2621595,13.0804897],[5.262093,13.0808661],[5.2621508,13.0810818],[5.2626117,13.0785986],[5.263283,13.0780215],[5.2633424,13.0775469]]],[[[5.2607755,13.0832652],[5.2620034,13.0814711],[5.2618925,13.0814868],[5.2615161,13.0820734],[5.2612534,13.0824694],[5.2610886,13.0825922],[5.2608881,13.0829232],[5.260723,13.0831277],[5.2606852,13.0832925],[5.2606842,13.0835498],[5.2607652,13.083644],[5.260751,13.0838455],[5.2607851,13.0839579],[5.2607271,13.0841691],[5.2606807,13.0848232],[5.2605323,13.0852346],[5.2604545,13.0855365],[5.260351,13.0858345],[5.2602528,13.0861188],[5.2605259,13.0855803],[5.2609041,13.0840319],[5.2607755,13.0832652]]],[[[5.259902,13.0867938],[5.2596937,13.0871602],[5.2595167,13.0874827],[5.2594241,13.0876158],[5.2595514,13.0875018],[5.2601094,13.0864016],[5.2600648,13.0864739],[5.259902,13.0867938]]],[[[5.2571489,13.0892596],[5.2573998,13.0894287],[5.2574442,13.0893889],[5.257563,13.0892825],[5.2573932,13.0892264],[5.2571496,13.0890025],[5.256985,13.088818],[5.25681,13.0885869],[5.2566665,13.0884577],[5.2565986,13.0883675],[5.2565076,13.0886037],[5.2566687,13.0888175],[5.256783,13.0889112],[5.2571489,13.0892596]]]]}},{"type":"Feature","properties":{"kind":"land","id":"sokoto-south","localUnitId":"sokoto-south","name":"Sokoto South"},"geometry":{"type":"Polygon","coordinates":[[[5.2684441,13.0624914],[5.2678,13.0612],[5.2727,13.0592],[5.2754,13.0586],[5.2777,13.058],[5.2785,13.0581],[5.2993,13.0554],[5.2971079,13.0501234],[5.2945845,13.0467526],[5.2931993,13.044439],[5.2920387,13.0425004],[5.2922291,13.0381349],[5.2921194,13.030498],[5.2838219,13.0299863],[5.277815,13.0273358],[5.2763667,13.0210705],[5.2731746,13.0190754],[5.2718312,13.0176709],[5.2711139,13.01577],[5.2699473,13.0133543],[5.2693202,13.0125312],[5.2680517,13.0123937],[5.2676169,13.0124188],[5.2672266,13.0125085],[5.2666979,13.0127845],[5.2663186,13.0132108],[5.2660252,13.0133866],[5.2656827,13.0134343],[5.265105,13.0135282],[5.264452,13.013462],[5.2635736,13.0134653],[5.2629809,13.0122527],[5.2621247,13.0110653],[5.2608,13.0098],[5.2594764,13.0087399],[5.2578,13.0079],[5.2564486,13.0074299],[5.2511301,13.0055324],[5.2474,13.0056],[5.2469062,13.0076354],[5.2467008,13.0083223],[5.2463601,13.009509],[5.24593,13.0101964],[5.2452871,13.0106793],[5.2457,13.0113],[5.2463821,13.0121968],[5.2468304,13.0128896],[5.2470105,13.0132846],[5.2476861,13.0136614],[5.2472432,13.0142493],[5.2469545,13.0145863],[5.245899,13.015464],[5.2448403,13.016535],[5.2445658,13.0168962],[5.2432759,13.0196274],[5.2432479,13.0196858],[5.2426823,13.0208685],[5.2402038,13.0261546],[5.2392278,13.0282447],[5.2389971,13.0286275],[5.2384676,13.029885],[5.2381463,13.0315014],[5.2377668,13.0330759],[5.2378419,13.0334363],[5.23772,13.033851],[5.2371907,13.0336416],[5.2360556,13.0332439],[5.2357089,13.0336579],[5.2352533,13.0340743],[5.2346743,13.0344626],[5.2342915,13.0348065],[5.2338564,13.0352637],[5.2336486,13.0356182],[5.2333055,13.0359546],[5.2326855,13.0357491],[5.2325243,13.0357912],[5.2321716,13.0361899],[5.2318597,13.0365426],[5.2315121,13.0365529],[5.2310035,13.036489],[5.2306431,13.036103],[5.2304386,13.0358014],[5.2303696,13.0357094],[5.2298865,13.0357784],[5.2291733,13.0359087],[5.2280487,13.036172],[5.2271489,13.0363714],[5.2269623,13.0364123],[5.2271065,13.0365227],[5.2285327,13.0385143],[5.2297307,13.0403591],[5.2256879,13.0421728],[5.2246236,13.0426294],[5.2229622,13.0432689],[5.2243492,13.0458145],[5.2254146,13.0470343],[5.2257851,13.0475168],[5.2263148,13.048163],[5.2270663,13.0492403],[5.2273799,13.0498844],[5.225418,13.0511461],[5.2248,13.0518],[5.2242,13.0527],[5.2248128,13.0530993],[5.2257662,13.0538325],[5.2273925,13.0560627],[5.2291116,13.058566],[5.2284534,13.0606525],[5.228353,13.0613585],[5.2280902,13.0629587],[5.228014,13.0643126],[5.22798,13.0651906],[5.2279527,13.0653603],[5.2284559,13.065413],[5.2286932,13.065462],[5.2289255,13.0654818],[5.2296762,13.0655193],[5.2304095,13.0655202],[5.2313347,13.0654803],[5.231787,13.0654951],[5.232433,13.0654581],[5.2334927,13.0654847],[5.2347858,13.0654767],[5.236258,13.0654673],[5.2369519,13.0654429],[5.2372083,13.0654454],[5.237228,13.0652409],[5.2373033,13.0650474],[5.2375636,13.0647074],[5.2377569,13.064405],[5.2378559,13.0642649],[5.2383103,13.0644081],[5.2385201,13.0633978],[5.2385361,13.0631704],[5.2390357,13.0626846],[5.2391971,13.0623057],[5.2393129,13.0619856],[5.2393109,13.0616647],[5.2390798,13.0614457],[5.2389629,13.0612657],[5.2389648,13.0609879],[5.2391732,13.0605144],[5.2393435,13.0600819],[5.2395208,13.0596066],[5.2395917,13.059],[5.2396651,13.0586578],[5.2396618,13.0585475],[5.2394017,13.0586113],[5.2391394,13.0586449],[5.2389091,13.0587004],[5.2384483,13.0587643],[5.2383844,13.0586365],[5.2387308,13.0583372],[5.2391747,13.0580446],[5.2395379,13.0577318],[5.239738,13.0573922],[5.2398322,13.0570491],[5.239866,13.0569336],[5.2398674,13.0567934],[5.2404465,13.0569947],[5.2409857,13.0572496],[5.2411072,13.0572764],[5.2412223,13.0572811],[5.2412772,13.0572115],[5.2413147,13.057177],[5.241336,13.0571574],[5.2413302,13.0571415],[5.241319,13.057111],[5.2413151,13.0570159],[5.2413429,13.0569348],[5.2413909,13.0568459],[5.2414658,13.0567438],[5.24152,13.0566487],[5.2415663,13.0565428],[5.2416243,13.0564199],[5.2416792,13.0563241],[5.2417364,13.0562645],[5.2418037,13.0561903],[5.241881,13.0560048],[5.2419034,13.0558803],[5.2419045,13.0557834],[5.2419012,13.0556862],[5.2434118,13.0562724],[5.2447423,13.0568145],[5.245529,13.0571743],[5.2468218,13.0577003],[5.2471009,13.057793],[5.2473405,13.0579247],[5.2478618,13.0581421],[5.2493877,13.058753],[5.2501719,13.0591298],[5.25067,13.0595205],[5.251792,13.0605099],[5.2527988,13.0613314],[5.2532525,13.0617707],[5.2534952,13.062071],[5.2539552,13.0625906],[5.2544671,13.0632732],[5.2549104,13.0638234],[5.2552254,13.0641627],[5.2556,13.0645],[5.2560633,13.0657679],[5.2562518,13.0658114],[5.2569958,13.0656657],[5.2579838,13.0654466],[5.2596388,13.0652586],[5.2609,13.0652],[5.2625507,13.0658302],[5.2638744,13.0665672],[5.2706277,13.0651557],[5.2692047,13.0636028],[5.2684441,13.0624914]],[[5.2291217,13.0583393],[5.229208,13.058235],[5.2293527,13.0582928],[5.2292682,13.0584643],[5.2291217,13.0583393]]]}},{"type":"Feature","properties":{"kind":"water","id":"water:sokoto-south","localUnitId":"sokoto-south","name":"Mapped water in Sokoto South"},"geometry":{"type":"Polygon","coordinates":[[[5.2293527,13.0582928],[5.229208,13.058235],[5.2291217,13.0583393],[5.2292682,13.0584643],[5.2293527,13.0582928]]]}},{"type":"Feature","properties":{"kind":"road","id":"road-208788868-0","name":"A1","osmWay":208788868,"major":true,"bridge":true},"geometry":{"type":"LineString","coordinates":[[5.2626457,13.0785694],[5.2622568,13.078367]]}},{"type":"Feature","properties":{"kind":"road","id":"road-208788871-0","name":"A1","osmWay":208788871,"major":true,"bridge":false},"geometry":{"type":"LineString","coordinates":[[5.2559623,13.0753759],[5.2522118,13.0723144],[5.2504255,13.070347],[5.2485882,13.0696507],[5.2482485,13.0694052],[5.2474093,13.0680112],[5.2471161,13.0671253]]}},{"type":"Feature","properties":{"kind":"road","id":"road-208788880-0","name":"A1","osmWay":208788880,"major":true,"bridge":false},"geometry":{"type":"LineString","coordinates":[[5.2470561,13.0670718],[5.2421575,13.0653306],[5.239655,13.0650317]]}},{"type":"Feature","properties":{"kind":"road","id":"road-208788887-0","name":"A1","osmWay":208788887,"major":true,"bridge":false},"geometry":{"type":"LineString","coordinates":[[5.2472574,13.067081],[5.247494,13.0679692],[5.2483592,13.069427],[5.2504047,13.0702334],[5.2522072,13.0722301],[5.2560084,13.0753071]]}},{"type":"Feature","properties":{"kind":"road","id":"road-208788906-0","name":"A1","osmWay":208788906,"major":true,"bridge":false},"geometry":{"type":"LineString","coordinates":[[5.2562436,13.0753638],[5.2567106,13.0757455],[5.2607717,13.0775921]]}},{"type":"Feature","properties":{"kind":"road","id":"road-208788914-0","name":"A1","osmWay":208788914,"major":true,"bridge":false},"geometry":{"type":"LineString","coordinates":[[5.2607273,13.0776593],[5.2561976,13.0755315]]}},{"type":"Feature","properties":{"kind":"road","id":"road-208876200-0","name":"A1","osmWay":208876200,"major":true,"bridge":false},"geometry":{"type":"LineString","coordinates":[[5.2270671,13.0363893],[5.2315685,13.0428944],[5.2321515,13.0459785]]}},{"type":"Feature","properties":{"kind":"road","id":"road-208876205-0","name":"Unnamed mapped trunk","osmWay":208876205,"major":true,"bridge":false},"geometry":{"type":"LineString","coordinates":[[5.2322356,13.0463122],[5.232103,13.0466601],[5.2317666,13.0465328],[5.2319801,13.0459742],[5.2321858,13.0460211],[5.2322356,13.0463122]]}},{"type":"Feature","properties":{"kind":"road","id":"road-208876217-0","name":"A126","osmWay":208876217,"major":true,"bridge":false},"geometry":{"type":"LineString","coordinates":[[5.2321515,13.0459785],[5.2324614,13.0459324],[5.232777,13.045633],[5.2335103,13.0441506],[5.2350242,13.0402253],[5.2375271,13.0345681],[5.2376984,13.0340112],[5.2376464,13.0338219]]}},{"type":"Feature","properties":{"kind":"road","id":"road-208895923-0","name":"A126","osmWay":208895923,"major":true,"bridge":false},"geometry":{"type":"LineString","coordinates":[[5.237945,13.0334226],[5.2377518,13.0337429]]}},{"type":"Feature","properties":{"kind":"road","id":"road-209341827-0","name":"Abdullahi Fodio Road","osmWay":209341827,"major":false,"bridge":false},"geometry":{"type":"LineString","coordinates":[[5.2241516,13.0526183],[5.2252396,13.0512967],[5.2268452,13.0503063],[5.2299502,13.0479373]]}},{"type":"Feature","properties":{"kind":"road","id":"road-209341828-0","name":"Unnamed mapped secondary","osmWay":209341828,"major":false,"bridge":false},"geometry":{"type":"LineString","coordinates":[[5.2241525,13.0527435],[5.2241022,13.0526707],[5.2241931,13.0526201],[5.224233,13.0527001],[5.2241525,13.0527435]]}},{"type":"Feature","properties":{"kind":"road","id":"road-209341829-0","name":"Unnamed mapped secondary","osmWay":209341829,"major":false,"bridge":false},"geometry":{"type":"LineString","coordinates":[[5.2332244,13.0449552],[5.2332671,13.0446687]]}},{"type":"Feature","properties":{"kind":"road","id":"road-209341830-0","name":"Unnamed mapped secondary","osmWay":209341830,"major":false,"bridge":false},"geometry":{"type":"LineString","coordinates":[[5.2301359,13.047857],[5.2299976,13.048024]]}},{"type":"Feature","properties":{"kind":"road","id":"road-209341832-0","name":"A1","osmWay":209341832,"major":true,"bridge":false},"geometry":{"type":"LineString","coordinates":[[5.226997,13.0364389],[5.226975,13.0364095]]}},{"type":"Feature","properties":{"kind":"road","id":"road-209341832-1","name":"A1","osmWay":209341832,"major":true,"bridge":false},"geometry":{"type":"LineString","coordinates":[[5.2291903,13.0395269],[5.2289855,13.0392116]]}},{"type":"Feature","properties":{"kind":"road","id":"road-209341832-2","name":"A1","osmWay":209341832,"major":true,"bridge":false},"geometry":{"type":"LineString","coordinates":[[5.2319035,13.0460382],[5.2317627,13.0439323],[5.2315454,13.0430961],[5.2312651,13.042516],[5.2297011,13.0403724]]}},{"type":"Feature","properties":{"kind":"road","id":"road-209341833-0","name":"Abdullahi Fodio Road","osmWay":209341833,"major":false,"bridge":false},"geometry":{"type":"LineString","coordinates":[[5.2299976,13.048024],[5.2273723,13.0500232],[5.2251732,13.0514711],[5.2242339,13.0526643]]}},{"type":"Feature","properties":{"kind":"road","id":"road-209341834-0","name":"Unnamed mapped secondary","osmWay":209341834,"major":false,"bridge":false},"geometry":{"type":"LineString","coordinates":[[5.2319492,13.0466805],[5.2299976,13.048024]]}},{"type":"Feature","properties":{"kind":"road","id":"road-209341835-0","name":"Unnamed mapped secondary","osmWay":209341835,"major":false,"bridge":false},"geometry":{"type":"LineString","coordinates":[[5.2333817,13.0447058],[5.2332244,13.0449552]]}},{"type":"Feature","properties":{"kind":"road","id":"road-209341837-0","name":"Unnamed mapped secondary","osmWay":209341837,"major":false,"bridge":true},"geometry":{"type":"LineString","coordinates":[[5.2301359,13.047857],[5.2326471,13.0459284],[5.2332244,13.0449552]]}},{"type":"Feature","properties":{"kind":"road","id":"road-209341838-0","name":"A1","osmWay":209341838,"major":true,"bridge":false},"geometry":{"type":"LineString","coordinates":[[5.2321872,13.0465876],[5.2323747,13.0504172]]}},{"type":"Feature","properties":{"kind":"road","id":"road-209341839-0","name":"Unnamed mapped secondary","osmWay":209341839,"major":false,"bridge":false},"geometry":{"type":"LineString","coordinates":[[5.2299502,13.0479373],[5.2317497,13.0464626]]}},{"type":"Feature","properties":{"kind":"road","id":"road-209341840-0","name":"Unnamed mapped secondary","osmWay":209341840,"major":false,"bridge":false},"geometry":{"type":"LineString","coordinates":[[5.2299502,13.0479373],[5.2301359,13.047857]]}},{"type":"Feature","properties":{"kind":"road","id":"road-209442383-0","name":"Unnamed mapped trunk","osmWay":209442383,"major":true,"bridge":false},"geometry":{"type":"LineString","coordinates":[[5.2323849,13.0505852],[5.2322412,13.0505895],[5.2322373,13.0504241],[5.2323964,13.050437],[5.2323849,13.0505852]]}},{"type":"Feature","properties":{"kind":"road","id":"road-209442385-0","name":"A1","osmWay":209442385,"major":true,"bridge":false},"geometry":{"type":"LineString","coordinates":[[5.2322373,13.0504241],[5.2319492,13.0466805]]}},{"type":"Feature","properties":{"kind":"road","id":"road-209442391-0","name":"A1","osmWay":209442391,"major":true,"bridge":false},"geometry":{"type":"LineString","coordinates":[[5.2329241,13.061367],[5.2331547,13.0616471],[5.2366184,13.0638362],[5.2395363,13.0648387]]}},{"type":"Feature","properties":{"kind":"road","id":"road-209442393-0","name":"Unnamed mapped trunk","osmWay":209442393,"major":true,"bridge":false},"geometry":{"type":"LineString","coordinates":[[5.2327999,13.0614535],[5.2326819,13.0613247],[5.2328221,13.0612135],[5.2329285,13.0613208],[5.2327999,13.0614535]]}},{"type":"Feature","properties":{"kind":"road","id":"road-209442394-0","name":"Ahmadu Bello Way","osmWay":209442394,"major":true,"bridge":false},"geometry":{"type":"LineString","coordinates":[[5.2327544,13.0612231],[5.2325042,13.0543274]]}},{"type":"Feature","properties":{"kind":"road","id":"road-209442395-0","name":"A1","osmWay":209442395,"major":true,"bridge":false},"geometry":{"type":"LineString","coordinates":[[5.2323736,13.050594],[5.2325999,13.0542118]]}},{"type":"Feature","properties":{"kind":"road","id":"road-209442396-0","name":"A1","osmWay":209442396,"major":true,"bridge":false},"geometry":{"type":"LineString","coordinates":[[5.2325234,13.0542164],[5.2322412,13.0505895]]}},{"type":"Feature","properties":{"kind":"road","id":"road-209442398-0","name":"Ahmadu Bello Way","osmWay":209442398,"major":true,"bridge":false},"geometry":{"type":"LineString","coordinates":[[5.2326129,13.0543411],[5.2328847,13.0612404]]}},{"type":"Feature","properties":{"kind":"road","id":"road-210755052-0","name":"Unnamed mapped trunk","osmWay":210755052,"major":true,"bridge":false},"geometry":{"type":"LineString","coordinates":[[5.2396217,13.0650508],[5.2394779,13.0650003],[5.2395363,13.0648387],[5.239685,13.0648945],[5.2396217,13.0650508]]}},{"type":"Feature","properties":{"kind":"road","id":"road-210755054-0","name":"A1","osmWay":210755054,"major":true,"bridge":false},"geometry":{"type":"LineString","coordinates":[[5.239685,13.0648945],[5.2422668,13.0653019],[5.2471307,13.0669112]]}},{"type":"Feature","properties":{"kind":"road","id":"road-210755055-0","name":"A1","osmWay":210755055,"major":true,"bridge":false},"geometry":{"type":"LineString","coordinates":[[5.2394646,13.0649639],[5.2365719,13.0638778],[5.2327999,13.0614535]]}},{"type":"Feature","properties":{"kind":"road","id":"road-210755056-0","name":"Unnamed mapped trunk","osmWay":210755056,"major":true,"bridge":false},"geometry":{"type":"LineString","coordinates":[[5.2471307,13.0669112],[5.2472701,13.0669867],[5.247195,13.0671281],[5.2470442,13.0670333],[5.2471307,13.0669112]]}},{"type":"Feature","properties":{"kind":"road","id":"road-210956940-0","name":"A126","osmWay":210956940,"major":true,"bridge":false},"geometry":{"type":"LineString","coordinates":[[5.2436672,13.0190148],[5.2419638,13.0225016]]}},{"type":"Feature","properties":{"kind":"road","id":"road-210956942-0","name":"A126","osmWay":210956942,"major":true,"bridge":false},"geometry":{"type":"LineString","coordinates":[[5.2379166,13.0324545],[5.2379972,13.0321201]]}},{"type":"Feature","properties":{"kind":"road","id":"road-210956942-1","name":"A126","osmWay":210956942,"major":true,"bridge":false},"geometry":{"type":"LineString","coordinates":[[5.238467,13.0298882],[5.2384905,13.0298306]]}},{"type":"Feature","properties":{"kind":"road","id":"road-210956942-2","name":"A126","osmWay":210956942,"major":true,"bridge":false},"geometry":{"type":"LineString","coordinates":[[5.2385032,13.0298004],[5.2391734,13.0283349]]}},{"type":"Feature","properties":{"kind":"road","id":"road-210956943-0","name":"Unnamed mapped trunk","osmWay":210956943,"major":true,"bridge":false},"geometry":{"type":"LineString","coordinates":[[5.240248,13.0260971],[5.240344,13.0263574],[5.2400764,13.0264274]]}},{"type":"Feature","properties":{"kind":"road","id":"road-210956943-1","name":"Unnamed mapped trunk","osmWay":210956943,"major":true,"bridge":false},"geometry":{"type":"LineString","coordinates":[[5.2402328,13.0260928],[5.240248,13.0260971]]}},{"type":"Feature","properties":{"kind":"road","id":"road-210956945-0","name":"A126","osmWay":210956945,"major":true,"bridge":false},"geometry":{"type":"LineString","coordinates":[[5.2436672,13.0190148],[5.2435617,13.0190222]]}},{"type":"Feature","properties":{"kind":"road","id":"road-210956945-1","name":"A126","osmWay":210956945,"major":true,"bridge":false},"geometry":{"type":"LineString","coordinates":[[5.2437071,13.0187144],[5.2437775,13.0188797],[5.2436672,13.0190148]]}},{"type":"Feature","properties":{"kind":"road","id":"road-210956946-0","name":"A126","osmWay":210956946,"major":true,"bridge":false},"geometry":{"type":"LineString","coordinates":[[5.2475761,13.0136],[5.2499838,13.0085479],[5.2510934,13.0056333]]}},{"type":"Feature","properties":{"kind":"road","id":"road-210956948-0","name":"A126","osmWay":210956948,"major":true,"bridge":false},"geometry":{"type":"LineString","coordinates":[[5.2379082,13.0336022],[5.237461,13.0350753],[5.2352189,13.0399863],[5.2331253,13.0454062],[5.2322162,13.0465374]]}},{"type":"Feature","properties":{"kind":"road","id":"road-210956949-0","name":"A126","osmWay":210956949,"major":true,"bridge":false},"geometry":{"type":"LineString","coordinates":[[5.2402406,13.0264433],[5.2385513,13.0299423],[5.2379458,13.0331155]]}},{"type":"Feature","properties":{"kind":"road","id":"road-211119119-0","name":"A126","osmWay":211119119,"major":true,"bridge":false},"geometry":{"type":"LineString","coordinates":[[5.2439078,13.0182894],[5.2437666,13.0187882]]}},{"type":"Feature","properties":{"kind":"road","id":"road-211119119-1","name":"A126","osmWay":211119119,"major":true,"bridge":false},"geometry":{"type":"LineString","coordinates":[[5.2446956,13.0167254],[5.244488,13.017061]]}},{"type":"Feature","properties":{"kind":"road","id":"road-211119119-2","name":"A126","osmWay":211119119,"major":true,"bridge":false},"geometry":{"type":"LineString","coordinates":[[5.2512808,13.0056735],[5.2500125,13.0089169],[5.247645,13.0137986],[5.2471451,13.0144546],[5.2453461,13.0160233]]}},{"type":"Feature","properties":{"kind":"road","id":"road-211119122-0","name":"A126","osmWay":211119122,"major":true,"bridge":false},"geometry":{"type":"LineString","coordinates":[[5.2512498,13.0056858],[5.251096,13.005533]]}},{"type":"Feature","properties":{"kind":"road","id":"road-211119122-1","name":"A126","osmWay":211119122,"major":true,"bridge":false},"geometry":{"type":"LineString","coordinates":[[5.2513209,13.0056005],[5.2512498,13.0056858]]}},{"type":"Feature","properties":{"kind":"road","id":"road-211266545-0","name":"Unnamed mapped primary","osmWay":211266545,"major":true,"bridge":false},"geometry":{"type":"LineString","coordinates":[[5.2181249,13.0611924],[5.217901,13.0610567],[5.2180242,13.0608554],[5.2182417,13.0609724],[5.2181249,13.0611924]]}},{"type":"Feature","properties":{"kind":"road","id":"road-211266547-0","name":"Unnamed mapped primary","osmWay":211266547,"major":true,"bridge":false},"geometry":{"type":"LineString","coordinates":[[5.2179102,13.0609593],[5.2176981,13.0606041]]}},{"type":"Feature","properties":{"kind":"road","id":"road-212380682-0","name":"Unnamed mapped primary","osmWay":212380682,"major":true,"bridge":false},"geometry":{"type":"LineString","coordinates":[[5.2461809,13.0785077],[5.2514688,13.0819928],[5.2533397,13.0826238],[5.2548619,13.0827271],[5.2559911,13.0825324],[5.2571108,13.0821143],[5.2587121,13.0810328],[5.2598803,13.079635],[5.2605173,13.0785116],[5.2607732,13.0777846]]}},{"type":"Feature","properties":{"kind":"road","id":"road-212380685-0","name":"Unnamed mapped primary","osmWay":212380685,"major":true,"bridge":false},"geometry":{"type":"LineString","coordinates":[[5.2300621,13.0729598],[5.2278436,13.0716306],[5.2264414,13.0704502],[5.2181249,13.0611924]]}},{"type":"Feature","properties":{"kind":"road","id":"road-212380686-0","name":"Unnamed mapped primary","osmWay":212380686,"major":true,"bridge":false},"geometry":{"type":"LineString","coordinates":[[5.2460219,13.0784446],[5.2461809,13.0785077]]}},{"type":"Feature","properties":{"kind":"road","id":"road-212380688-0","name":"Unnamed mapped primary","osmWay":212380688,"major":true,"bridge":false},"geometry":{"type":"LineString","coordinates":[[5.2302822,13.0729926],[5.2325144,13.0738047],[5.2397288,13.0754391],[5.2409203,13.0758238],[5.2430145,13.0766494],[5.2460219,13.0784446]]}},{"type":"Feature","properties":{"kind":"road","id":"road-212380689-0","name":"Unnamed mapped primary","osmWay":212380689,"major":true,"bridge":false},"geometry":{"type":"LineString","coordinates":[[5.2181739,13.0611606],[5.2263164,13.0702157],[5.2280117,13.0716602],[5.230088,13.0729031]]}},{"type":"Feature","properties":{"kind":"road","id":"road-212380690-0","name":"Unnamed mapped primary","osmWay":212380690,"major":true,"bridge":true},"geometry":{"type":"LineString","coordinates":[[5.230088,13.0729031],[5.2302822,13.0729926]]}},{"type":"Feature","properties":{"kind":"road","id":"road-212720079-0","name":"Unnamed mapped secondary","osmWay":212720079,"major":false,"bridge":false},"geometry":{"type":"LineString","coordinates":[[5.2454904,13.0370702],[5.2453734,13.0370756],[5.245369,13.0369617],[5.2454932,13.0369596],[5.2454904,13.0370702]]}},{"type":"Feature","properties":{"kind":"road","id":"road-212720080-0","name":"Unnamed mapped secondary","osmWay":212720080,"major":false,"bridge":false},"geometry":{"type":"LineString","coordinates":[[5.2403554,13.0262064],[5.2417459,13.0269014],[5.2437561,13.0282236],[5.2445876,13.0290807],[5.2460656,13.0310166],[5.2472958,13.0330741],[5.2479656,13.0346133],[5.248396,13.0364705],[5.2484845,13.0385547]]}},{"type":"Feature","properties":{"kind":"road","id":"road-212720083-0","name":"Unnamed mapped secondary","osmWay":212720083,"major":false,"bridge":false},"geometry":{"type":"LineString","coordinates":[[5.2482915,13.0388536],[5.2481625,13.0386544],[5.2483309,13.0384571],[5.2485545,13.0387557],[5.2482915,13.0388536]]}},{"type":"Feature","properties":{"kind":"road","id":"road-212720085-0","name":"Unnamed mapped secondary","osmWay":212720085,"major":false,"bridge":false},"geometry":{"type":"LineString","coordinates":[[5.2482338,13.0384735],[5.2483659,13.0380865],[5.2483864,13.0371341],[5.2479453,13.0347992],[5.2471933,13.0330879],[5.2459582,13.0310366],[5.2443515,13.0289448],[5.2434631,13.0280898],[5.2415387,13.0268649],[5.2402588,13.0264369]]}},{"type":"Feature","properties":{"kind":"road","id":"road-212965502-0","name":"Unnamed mapped secondary","osmWay":212965502,"major":false,"bridge":false},"geometry":{"type":"LineString","coordinates":[[5.2453533,13.0369829],[5.2453503,13.0363598],[5.2450902,13.0357082],[5.2432687,13.0337903],[5.2422521,13.0335186],[5.238449,13.0331505],[5.237945,13.0334226]]}},{"type":"Feature","properties":{"kind":"road","id":"road-212965546-0","name":"Unnamed mapped secondary","osmWay":212965546,"major":false,"bridge":false},"geometry":{"type":"LineString","coordinates":[[5.2456737,13.0461987],[5.2457678,13.0459432],[5.2456777,13.0425173],[5.2453586,13.0370595]]}},{"type":"Feature","properties":{"kind":"road","id":"road-212965566-0","name":"Unnamed mapped secondary","osmWay":212965566,"major":false,"bridge":false},"geometry":{"type":"LineString","coordinates":[[5.241168,13.0528278],[5.2445974,13.0480367],[5.2456646,13.0462582]]}},{"type":"Feature","properties":{"kind":"road","id":"road-212965584-0","name":"Unnamed mapped secondary","osmWay":212965584,"major":false,"bridge":false},"geometry":{"type":"LineString","coordinates":[[5.2457784,13.0464596],[5.2411869,13.0528727]]}},{"type":"Feature","properties":{"kind":"road","id":"road-212965606-0","name":"NTA Road","osmWay":212965606,"major":false,"bridge":false},"geometry":{"type":"LineString","coordinates":[[5.2174987,13.0741158],[5.217504,13.0626759]]}},{"type":"Feature","properties":{"kind":"road","id":"road-212965607-0","name":"NTA Road","osmWay":212965607,"major":false,"bridge":false},"geometry":{"type":"LineString","coordinates":[[5.2175812,13.0626759],[5.2176127,13.073268],[5.2174987,13.0741158]]}},{"type":"Feature","properties":{"kind":"road","id":"road-212965618-0","name":"Unnamed mapped secondary","osmWay":212965618,"major":false,"bridge":false},"geometry":{"type":"LineString","coordinates":[[5.2272492,13.0556208],[5.2272957,13.0559244],[5.2292228,13.0585848],[5.2321208,13.0610298],[5.2327033,13.0612648]]}},{"type":"Feature","properties":{"kind":"road","id":"road-212965628-0","name":"Unnamed mapped secondary","osmWay":212965628,"major":false,"bridge":false},"geometry":{"type":"LineString","coordinates":[[5.2267974,13.0555191],[5.2257549,13.0539088],[5.2241885,13.0527429]]}},{"type":"Feature","properties":{"kind":"road","id":"road-212965660-0","name":"Unnamed mapped primary_link","osmWay":212965660,"major":false,"bridge":false},"geometry":{"type":"LineString","coordinates":[[5.2241036,13.0673118],[5.2240157,13.0675991]]}},{"type":"Feature","properties":{"kind":"road","id":"road-212965661-0","name":"Unnamed mapped primary_link","osmWay":212965661,"major":false,"bridge":false},"geometry":{"type":"LineString","coordinates":[[5.2236661,13.0672076],[5.2240829,13.0672665]]}},{"type":"Feature","properties":{"kind":"road","id":"road-212965682-0","name":"Unnamed mapped tertiary","osmWay":212965682,"major":false,"bridge":false},"geometry":{"type":"LineString","coordinates":[[5.2393197,13.0651731],[5.2394779,13.0650003]]}},{"type":"Feature","properties":{"kind":"road","id":"road-212965683-0","name":"Unnamed mapped tertiary","osmWay":212965683,"major":false,"bridge":false},"geometry":{"type":"LineString","coordinates":[[5.2393197,13.0651731],[5.237345,13.0654689],[5.2304377,13.0655305],[5.2280305,13.0653968]]}},{"type":"Feature","properties":{"kind":"road","id":"road-212965691-0","name":"Unnamed mapped primary","osmWay":212965691,"major":true,"bridge":false},"geometry":{"type":"LineString","coordinates":[[5.2516207,13.0057389],[5.2512808,13.0056735]]}},{"type":"Feature","properties":{"kind":"road","id":"road-212965696-0","name":"Unnamed mapped primary","osmWay":212965696,"major":true,"bridge":false},"geometry":{"type":"LineString","coordinates":[[5.2587929,13.0083974],[5.2516207,13.0057389]]}},{"type":"Feature","properties":{"kind":"road","id":"road-212965696-1","name":"Unnamed mapped primary","osmWay":212965696,"major":true,"bridge":false},"geometry":{"type":"LineString","coordinates":[[5.2597079,13.0089253],[5.2591471,13.0085749]]}},{"type":"Feature","properties":{"kind":"road","id":"road-212965696-2","name":"Unnamed mapped primary","osmWay":212965696,"major":true,"bridge":false},"geometry":{"type":"LineString","coordinates":[[5.2614401,13.0104114],[5.2614097,13.0103824]]}},{"type":"Feature","properties":{"kind":"road","id":"road-212965696-3","name":"Unnamed mapped primary","osmWay":212965696,"major":true,"bridge":false},"geometry":{"type":"LineString","coordinates":[[5.2631384,13.012575],[5.2619074,13.0108578]]}},{"type":"Feature","properties":{"kind":"road","id":"road-212965696-4","name":"Unnamed mapped primary","osmWay":212965696,"major":true,"bridge":false},"geometry":{"type":"LineString","coordinates":[[5.2670472,13.0440721],[5.2668374,13.0355851],[5.2668386,13.0289005],[5.2666381,13.0252042],[5.2657187,13.0209934],[5.2640562,13.0147941],[5.2634274,13.0131662]]}},{"type":"Feature","properties":{"kind":"road","id":"road-212965698-0","name":"Unnamed mapped primary","osmWay":212965698,"major":true,"bridge":false},"geometry":{"type":"LineString","coordinates":[[5.2672251,13.0445881],[5.2670678,13.0447007],[5.2669582,13.0445586],[5.2671283,13.044446],[5.2672251,13.0445881]]}},{"type":"Feature","properties":{"kind":"road","id":"road-212965701-0","name":"Unnamed mapped primary","osmWay":212965701,"major":true,"bridge":false},"geometry":{"type":"LineString","coordinates":[[5.2607995,13.0775737],[5.2611127,13.0760453],[5.2611803,13.072161],[5.2614507,13.0707389],[5.2618188,13.069686],[5.2624179,13.0684857],[5.2631142,13.0675063],[5.266563,13.0637197],[5.2673703,13.062416],[5.2678111,13.0612224]]}},{"type":"Feature","properties":{"kind":"road","id":"road-212965701-1","name":"Unnamed mapped primary","osmWay":212965701,"major":true,"bridge":false},"geometry":{"type":"LineString","coordinates":[[5.2678205,13.0611916],[5.268124,13.059875],[5.268167,13.0585633],[5.2678907,13.0555207],[5.2671973,13.0513583],[5.2670187,13.0446817]]}},{"type":"Feature","properties":{"kind":"road","id":"road-212965704-0","name":"Unnamed mapped tertiary","osmWay":212965704,"major":false,"bridge":false},"geometry":{"type":"LineString","coordinates":[[5.2675523,13.0446354],[5.2672089,13.0446361]]}},{"type":"Feature","properties":{"kind":"road","id":"road-212965705-0","name":"Unnamed mapped primary","osmWay":212965705,"major":true,"bridge":false},"geometry":{"type":"LineString","coordinates":[[5.2671172,13.0439058],[5.2671805,13.0444737]]}},{"type":"Feature","properties":{"kind":"road","id":"road-212965707-0","name":"Unnamed mapped tertiary","osmWay":212965707,"major":false,"bridge":false},"geometry":{"type":"LineString","coordinates":[[5.2666904,13.0445076],[5.2669725,13.0445119]]}},{"type":"Feature","properties":{"kind":"road","id":"road-212965711-0","name":"Unnamed mapped tertiary","osmWay":212965711,"major":false,"bridge":false},"geometry":{"type":"LineString","coordinates":[[5.2666904,13.0445076],[5.2585338,13.0426019],[5.2502618,13.0443927]]}},{"type":"Feature","properties":{"kind":"road","id":"road-212965726-0","name":"Unnamed mapped secondary","osmWay":212965726,"major":false,"bridge":false},"geometry":{"type":"LineString","coordinates":[[5.2491595,13.0446224],[5.2482329,13.0388139]]}},{"type":"Feature","properties":{"kind":"road","id":"road-212965736-0","name":"Unnamed mapped secondary","osmWay":212965736,"major":false,"bridge":false},"geometry":{"type":"LineString","coordinates":[[5.2494065,13.0447338],[5.2493834,13.0455036],[5.2504508,13.0529914],[5.2513901,13.0582929],[5.2518897,13.0589298],[5.2534706,13.059461],[5.2543256,13.05997],[5.2547345,13.0603753],[5.2555728,13.0640613]]}},{"type":"Feature","properties":{"kind":"road","id":"road-212965748-0","name":"Unnamed mapped secondary","osmWay":212965748,"major":false,"bridge":false},"geometry":{"type":"LineString","coordinates":[[5.2554704,13.0640653],[5.2547914,13.0606923],[5.2545943,13.0603276],[5.2534444,13.0595286],[5.251792,13.0589626],[5.2513179,13.0583121],[5.2503123,13.0526138],[5.2492036,13.0447615]]}},{"type":"Feature","properties":{"kind":"road","id":"road-212965770-0","name":"Unnamed mapped secondary","osmWay":212965770,"major":false,"bridge":false},"geometry":{"type":"LineString","coordinates":[[5.25565,13.064251],[5.2554611,13.0643079],[5.2554081,13.0641188],[5.2556035,13.0640762],[5.25565,13.064251]]}},{"type":"Feature","properties":{"kind":"road","id":"road-212965775-0","name":"Unnamed mapped secondary","osmWay":212965775,"major":false,"bridge":false},"geometry":{"type":"LineString","coordinates":[[5.2554047,13.0642531],[5.2549641,13.0639506],[5.2536666,13.0622962],[5.2526167,13.0612414],[5.2503451,13.0593029],[5.2494658,13.0589362]]}},{"type":"Feature","properties":{"kind":"road","id":"road-212965786-0","name":"Unnamed mapped secondary","osmWay":212965786,"major":false,"bridge":false},"geometry":{"type":"LineString","coordinates":[[5.2495249,13.0587921],[5.2503909,13.0592504],[5.2531533,13.0616324],[5.2551393,13.0640126],[5.2554081,13.0641188]]}},{"type":"Feature","properties":{"kind":"road","id":"road-212965789-0","name":"Unnamed mapped secondary","osmWay":212965789,"major":false,"bridge":false},"geometry":{"type":"LineString","coordinates":[[5.2495302,13.058825],[5.2494116,13.0589526],[5.2492733,13.058839],[5.2493991,13.0587022],[5.2495302,13.058825]]}},{"type":"Feature","properties":{"kind":"road","id":"road-212965791-0","name":"Unnamed mapped secondary","osmWay":212965791,"major":false,"bridge":false},"geometry":{"type":"LineString","coordinates":[[5.2493364,13.0587194],[5.2491664,13.0578674],[5.2479723,13.0560779],[5.2474422,13.0548283],[5.2467911,13.0521918],[5.2465076,13.0484465],[5.2458186,13.0464615]]}},{"type":"Feature","properties":{"kind":"road","id":"road-212965794-0","name":"Unnamed mapped secondary","osmWay":212965794,"major":false,"bridge":false},"geometry":{"type":"LineString","coordinates":[[5.2459778,13.0464219],[5.2466429,13.0488293],[5.2468312,13.0520158],[5.2475092,13.0548373],[5.2481053,13.0562115],[5.2491984,13.0578111],[5.2494968,13.0587433]]}},{"type":"Feature","properties":{"kind":"road","id":"road-212965799-0","name":"Unnamed mapped secondary","osmWay":212965799,"major":false,"bridge":false},"geometry":{"type":"LineString","coordinates":[[5.2403058,13.0553252],[5.2425566,13.0558622],[5.249322,13.058729]]}},{"type":"Feature","properties":{"kind":"road","id":"road-212965801-0","name":"Unnamed mapped secondary","osmWay":212965801,"major":false,"bridge":false},"geometry":{"type":"LineString","coordinates":[[5.2492781,13.0588634],[5.2425441,13.0559113],[5.2402907,13.0553778]]}},{"type":"Feature","properties":{"kind":"road","id":"road-212965804-0","name":"Unnamed mapped secondary","osmWay":212965804,"major":false,"bridge":false},"geometry":{"type":"LineString","coordinates":[[5.2402395,13.0553106],[5.2403058,13.0553252]]}},{"type":"Feature","properties":{"kind":"road","id":"road-212965809-0","name":"Unnamed mapped secondary","osmWay":212965809,"major":false,"bridge":false},"geometry":{"type":"LineString","coordinates":[[5.2494309,13.0589497],[5.2482579,13.0624425],[5.2475284,13.0663756],[5.2472701,13.0669867]]}},{"type":"Feature","properties":{"kind":"road","id":"road-212965815-0","name":"Unnamed mapped secondary","osmWay":212965815,"major":false,"bridge":false},"geometry":{"type":"LineString","coordinates":[[5.2472116,13.0669197],[5.2474254,13.0665559],[5.2481713,13.0624487],[5.2493207,13.0589252]]}},{"type":"Feature","properties":{"kind":"road","id":"road-212965821-0","name":"Unnamed mapped tertiary","osmWay":212965821,"major":false,"bridge":false},"geometry":{"type":"LineString","coordinates":[[5.2476719,13.0655293],[5.2484071,13.0653031],[5.2493195,13.0652354],[5.2560549,13.0658418]]}},{"type":"Feature","properties":{"kind":"road","id":"road-212965827-0","name":"Unnamed mapped tertiary","osmWay":212965827,"major":false,"bridge":false},"geometry":{"type":"LineString","coordinates":[[5.2560323,13.0659224],[5.252814,13.0655421],[5.249362,13.0653042],[5.2484648,13.0653579],[5.2476508,13.0656179]]}},{"type":"Feature","properties":{"kind":"road","id":"road-212965836-0","name":"Unnamed mapped secondary","osmWay":212965836,"major":false,"bridge":false},"geometry":{"type":"LineString","coordinates":[[5.2560982,13.0752725],[5.2561158,13.0664468],[5.2560549,13.0658418],[5.2555131,13.0643234]]}},{"type":"Feature","properties":{"kind":"road","id":"road-212965844-0","name":"Unnamed mapped secondary","osmWay":212965844,"major":false,"bridge":false},"geometry":{"type":"LineString","coordinates":[[5.255625,13.0642843],[5.2560277,13.0654577],[5.2562097,13.066462],[5.2561887,13.0752974]]}},{"type":"Feature","properties":{"kind":"road","id":"road-213501199-0","name":"Unnamed mapped secondary","osmWay":213501199,"major":false,"bridge":false},"geometry":{"type":"LineString","coordinates":[[5.2379659,13.0331384],[5.2384856,13.0330812],[5.2417392,13.0333925],[5.2433331,13.0337512],[5.2451449,13.0356637],[5.2454367,13.0363785],[5.2454932,13.0369596]]}},{"type":"Feature","properties":{"kind":"road","id":"road-213558419-0","name":"Unnamed mapped secondary","osmWay":213558419,"major":false,"bridge":false},"geometry":{"type":"LineString","coordinates":[[5.224236,13.0526793],[5.2255843,13.0536104],[5.2270018,13.0553573]]}},{"type":"Feature","properties":{"kind":"road","id":"road-213558431-0","name":"Hospital Road","osmWay":213558431,"major":false,"bridge":false},"geometry":{"type":"LineString","coordinates":[[5.2362383,13.0333079],[5.2360926,13.0332569]]}},{"type":"Feature","properties":{"kind":"road","id":"road-213558431-1","name":"Hospital Road","osmWay":213558431,"major":false,"bridge":false},"geometry":{"type":"LineString","coordinates":[[5.2369276,13.0335494],[5.2362828,13.0333235]]}},{"type":"Feature","properties":{"kind":"road","id":"road-213558432-0","name":"Unnamed mapped secondary","osmWay":213558432,"major":false,"bridge":false},"geometry":{"type":"LineString","coordinates":[[5.2269655,13.0558026],[5.2267974,13.0555191],[5.2271014,13.0553708],[5.2272492,13.0556208],[5.2269655,13.0558026]]}},{"type":"Feature","properties":{"kind":"road","id":"road-213563343-0","name":"Unnamed mapped secondary","osmWay":213563343,"major":false,"bridge":false},"geometry":{"type":"LineString","coordinates":[[5.2458186,13.0464615],[5.2456737,13.0461987],[5.2458782,13.046087],[5.2460397,13.046314],[5.2458186,13.0464615]]}},{"type":"Feature","properties":{"kind":"road","id":"road-213563345-0","name":"Unnamed mapped trunk_link","osmWay":213563345,"major":false,"bridge":false},"geometry":{"type":"LineString","coordinates":[[5.2347654,13.0411716],[5.2347309,13.0416278],[5.2350001,13.0417731]]}},{"type":"Feature","properties":{"kind":"road","id":"road-213563346-0","name":"Unnamed mapped secondary","osmWay":213563346,"major":false,"bridge":false},"geometry":{"type":"LineString","coordinates":[[5.232684,13.0613566],[5.2320514,13.0610662],[5.2291792,13.058658],[5.2270096,13.0558088]]}},{"type":"Feature","properties":{"kind":"road","id":"road-213563347-0","name":"Unnamed mapped secondary","osmWay":213563347,"major":false,"bridge":false},"geometry":{"type":"LineString","coordinates":[[5.24546,13.0370942],[5.2457305,13.0428475]]}},{"type":"Feature","properties":{"kind":"road","id":"road-213563349-0","name":"Unnamed mapped trunk_link","osmWay":213563349,"major":false,"bridge":false},"geometry":{"type":"LineString","coordinates":[[5.2349168,13.0418294],[5.2344924,13.0419143]]}},{"type":"Feature","properties":{"kind":"road","id":"road-213573979-0","name":"Unnamed mapped tertiary","osmWay":213573979,"major":false,"bridge":false},"geometry":{"type":"LineString","coordinates":[[5.249376,13.0445486],[5.2502618,13.0443927]]}},{"type":"Feature","properties":{"kind":"road","id":"road-213573981-0","name":"Unnamed mapped secondary","osmWay":213573981,"major":false,"bridge":false},"geometry":{"type":"LineString","coordinates":[[5.2493572,13.0447704],[5.2491724,13.0447217],[5.2492139,13.044557],[5.2494079,13.0445905],[5.2493572,13.0447704]]}},{"type":"Feature","properties":{"kind":"road","id":"road-213573982-0","name":"Unnamed mapped secondary","osmWay":213573982,"major":false,"bridge":false},"geometry":{"type":"LineString","coordinates":[[5.2484932,13.0388625],[5.2484604,13.0393028],[5.2493463,13.0445351]]}},{"type":"Feature","properties":{"kind":"road","id":"road-213573983-0","name":"Unnamed mapped tertiary","osmWay":213573983,"major":false,"bridge":false},"geometry":{"type":"LineString","coordinates":[[5.2495608,13.0446202],[5.249426,13.0446839]]}},{"type":"Feature","properties":{"kind":"road","id":"road-245071639-0","name":"Unnamed mapped tertiary","osmWay":245071639,"major":false,"bridge":false},"geometry":{"type":"LineString","coordinates":[[5.2472043,13.0673584],[5.2467184,13.0705058],[5.2459814,13.0721627],[5.2458012,13.0730892],[5.2454264,13.0760865],[5.2453997,13.0780375]]}},{"type":"Feature","properties":{"kind":"road","id":"road-252597689-0","name":"Unnamed mapped tertiary","osmWay":252597689,"major":false,"bridge":false},"geometry":{"type":"LineString","coordinates":[[5.2872591,13.0447972],[5.2884552,13.0448455],[5.290819,13.0454166],[5.2949264,13.0472093]]}},{"type":"Feature","properties":{"kind":"road","id":"road-274510544-0","name":"Unnamed mapped trunk","osmWay":274510544,"major":true,"bridge":false},"geometry":{"type":"LineString","coordinates":[[5.2325039,13.0542338],[5.2326217,13.0542271],[5.2326297,13.0543241],[5.232522,13.0543435],[5.2325039,13.0542338]]}},{"type":"Feature","properties":{"kind":"road","id":"road-274510551-0","name":"Unnamed mapped trunk","osmWay":274510551,"major":true,"bridge":false},"geometry":{"type":"LineString","coordinates":[[5.2560504,13.0752825],[5.2562436,13.0753638],[5.2561521,13.0755554],[5.2559677,13.075474],[5.2560504,13.0752825]]}},{"type":"Feature","properties":{"kind":"road","id":"road-318511945-0","name":"Unnamed mapped tertiary","osmWay":318511945,"major":false,"bridge":false},"geometry":{"type":"LineString","coordinates":[[5.2126377,13.0600742],[5.2115062,13.0601269],[5.211368,13.0599512],[5.2087093,13.0585454]]}},{"type":"Feature","properties":{"kind":"road","id":"road-379190036-0","name":"Abdullahi Fodio Road","osmWay":379190036,"major":false,"bridge":false},"geometry":{"type":"LineString","coordinates":[[5.2241731,13.0527455],[5.2191509,13.0596653]]}},{"type":"Feature","properties":{"kind":"road","id":"road-379190042-0","name":"Abdullahi Fodio Road","osmWay":379190042,"major":false,"bridge":false},"geometry":{"type":"LineString","coordinates":[[5.2190834,13.0596162],[5.2241022,13.0526707]]}},{"type":"Feature","properties":{"kind":"road","id":"road-448847677-0","name":"A126","osmWay":448847677,"major":true,"bridge":false},"geometry":{"type":"LineString","coordinates":[[5.2377689,13.0330673],[5.2379458,13.0331155]]}},{"type":"Feature","properties":{"kind":"road","id":"road-448847679-0","name":"A126","osmWay":448847679,"major":true,"bridge":false},"geometry":{"type":"LineString","coordinates":[[5.2379458,13.0331155],[5.237945,13.0334226]]}},{"type":"Feature","properties":{"kind":"road","id":"road-519685928-0","name":"Unnamed mapped primary","osmWay":519685928,"major":true,"bridge":false},"geometry":{"type":"LineString","coordinates":[[5.2157917,13.055365],[5.2175977,13.0504998]]}},{"type":"Feature","properties":{"kind":"road","id":"road-519685928-1","name":"Unnamed mapped primary","osmWay":519685928,"major":true,"bridge":false},"geometry":{"type":"LineString","coordinates":[[5.2176181,13.050422],[5.2179401,13.0486086]]}},{"type":"Feature","properties":{"kind":"road","id":"road-532897257-0","name":"Unnamed mapped tertiary","osmWay":532897257,"major":false,"bridge":false},"geometry":{"type":"LineString","coordinates":[[5.2113089,13.0545219],[5.2156035,13.05551]]}},{"type":"Feature","properties":{"kind":"road","id":"road-561414348-0","name":"Unnamed mapped trunk_link","osmWay":561414348,"major":false,"bridge":false},"geometry":{"type":"LineString","coordinates":[[5.2320209,13.0455126],[5.2326893,13.0457343]]}},{"type":"Feature","properties":{"kind":"road","id":"road-561425151-0","name":"Unnamed mapped primary","osmWay":561425151,"major":true,"bridge":false},"geometry":{"type":"LineString","coordinates":[[5.218074,13.045424],[5.2180994,13.0474767],[5.2178447,13.0497814],[5.2173445,13.0515778],[5.2161589,13.0544507],[5.215923,13.0554018]]}},{"type":"Feature","properties":{"kind":"road","id":"road-561425153-0","name":"Unnamed mapped primary","osmWay":561425153,"major":true,"bridge":false},"geometry":{"type":"LineString","coordinates":[[5.2180821,13.0453514],[5.2179699,13.045493]]}},{"type":"Feature","properties":{"kind":"road","id":"road-561463884-0","name":"Unnamed mapped secondary_link","osmWay":561463884,"major":false,"bridge":false},"geometry":{"type":"LineString","coordinates":[[5.2284401,13.0608304],[5.2282882,13.0606853]]}},{"type":"Feature","properties":{"kind":"road","id":"road-561704311-0","name":"Unnamed mapped secondary","osmWay":561704311,"major":false,"bridge":false},"geometry":{"type":"LineString","coordinates":[[5.241168,13.0528278],[5.2411807,13.0528868],[5.2411164,13.0528956],[5.2411168,13.0528308],[5.241168,13.0528278]]}},{"type":"Feature","properties":{"kind":"road","id":"road-561704312-0","name":"Unnamed mapped secondary","osmWay":561704312,"major":false,"bridge":false},"geometry":{"type":"LineString","coordinates":[[5.2411697,13.0528978],[5.2403058,13.0553252]]}},{"type":"Feature","properties":{"kind":"road","id":"road-561704313-0","name":"Unnamed mapped secondary","osmWay":561704313,"major":false,"bridge":false},"geometry":{"type":"LineString","coordinates":[[5.2402395,13.0553106],[5.2411049,13.0528808]]}},{"type":"Feature","properties":{"kind":"road","id":"road-561704314-0","name":"Unnamed mapped secondary","osmWay":561704314,"major":false,"bridge":false},"geometry":{"type":"LineString","coordinates":[[5.2402907,13.0553778],[5.239817,13.0572824],[5.2395639,13.0577416],[5.2361096,13.0602897],[5.233962,13.0621611]]}},{"type":"Feature","properties":{"kind":"road","id":"road-561704315-0","name":"Unnamed mapped secondary","osmWay":561704315,"major":false,"bridge":false},"geometry":{"type":"LineString","coordinates":[[5.2403058,13.0553252],[5.2402907,13.0553778]]}},{"type":"Feature","properties":{"kind":"road","id":"road-561704316-0","name":"Unnamed mapped secondary","osmWay":561704316,"major":false,"bridge":false},"geometry":{"type":"LineString","coordinates":[[5.2402268,13.0553653],[5.2402395,13.0553106]]}},{"type":"Feature","properties":{"kind":"road","id":"road-561704317-0","name":"Unnamed mapped secondary","osmWay":561704317,"major":false,"bridge":false},"geometry":{"type":"LineString","coordinates":[[5.2338921,13.0621191],[5.2367718,13.059696],[5.2394124,13.0577911],[5.2397391,13.0572551],[5.2402268,13.0553653]]}},{"type":"Feature","properties":{"kind":"road","id":"road-561704318-0","name":"Unnamed mapped secondary_link","osmWay":561704318,"major":false,"bridge":false},"geometry":{"type":"LineString","coordinates":[[5.2403501,13.0551644],[5.240442,13.0553491]]}},{"type":"Feature","properties":{"kind":"road","id":"road-561704319-0","name":"Unnamed mapped secondary","osmWay":561704319,"major":false,"bridge":false},"geometry":{"type":"LineString","coordinates":[[5.2402907,13.0553778],[5.2402268,13.0553653]]}},{"type":"Feature","properties":{"kind":"road","id":"road-561704320-0","name":"Unnamed mapped secondary_link","osmWay":561704320,"major":false,"bridge":false},"geometry":{"type":"LineString","coordinates":[[5.2404209,13.0554045],[5.2402522,13.0555222]]}},{"type":"Feature","properties":{"kind":"road","id":"road-562515698-0","name":"A126","osmWay":562515698,"major":true,"bridge":false},"geometry":{"type":"LineString","coordinates":[[5.2419638,13.0225016],[5.2419281,13.022586]]}},{"type":"Feature","properties":{"kind":"road","id":"road-562551209-0","name":"Unnamed mapped secondary","osmWay":562551209,"major":false,"bridge":false},"geometry":{"type":"LineString","coordinates":[[5.2291792,13.058658],[5.2285554,13.0607126],[5.2283571,13.0618503],[5.228066,13.0637237],[5.2280305,13.0653968],[5.2277018,13.0657341],[5.2238698,13.0674314]]}},{"type":"Feature","properties":{"kind":"road","id":"road-562551212-0","name":"Unnamed mapped secondary","osmWay":562551212,"major":false,"bridge":false},"geometry":{"type":"LineString","coordinates":[[5.2238216,13.0673778],[5.2276432,13.0656607],[5.2278976,13.0654037],[5.227989,13.0637047],[5.2284592,13.060722],[5.2291075,13.0585858]]}},{"type":"Feature","properties":{"kind":"road","id":"road-562551213-0","name":"Unnamed mapped secondary_link","osmWay":562551213,"major":false,"bridge":false},"geometry":{"type":"LineString","coordinates":[[5.2283012,13.060583],[5.2285269,13.0604906]]}},{"type":"Feature","properties":{"kind":"road","id":"road-562813453-0","name":"Unnamed mapped secondary","osmWay":562813453,"major":false,"bridge":false},"geometry":{"type":"LineString","coordinates":[[5.2291075,13.0585858],[5.2291567,13.0585073]]}},{"type":"Feature","properties":{"kind":"road","id":"road-562813457-0","name":"Unnamed mapped secondary","osmWay":562813457,"major":false,"bridge":false},"geometry":{"type":"LineString","coordinates":[[5.2292228,13.0585848],[5.2291792,13.058658]]}},{"type":"Feature","properties":{"kind":"road","id":"road-566956791-0","name":"Unnamed mapped primary","osmWay":566956791,"major":true,"bridge":false},"geometry":{"type":"LineString","coordinates":[[5.2678626,13.0613255],[5.2674401,13.0624251],[5.2669197,13.0633552],[5.2659407,13.0645715],[5.2634101,13.0672457],[5.2626751,13.0682163],[5.2618879,13.0697186],[5.2615258,13.0707493],[5.2612643,13.0721641],[5.2611999,13.0760453],[5.2609518,13.0776171]]}},{"type":"Feature","properties":{"kind":"road","id":"road-566956791-1","name":"Unnamed mapped primary","osmWay":566956791,"major":true,"bridge":false},"geometry":{"type":"LineString","coordinates":[[5.2671691,13.044679],[5.2672516,13.0511029],[5.2678894,13.0549555],[5.2682211,13.0578484],[5.2682045,13.0598515],[5.2679201,13.061151]]}},{"type":"Feature","properties":{"kind":"road","id":"road-566956793-0","name":"Unnamed mapped primary","osmWay":566956793,"major":true,"bridge":false},"geometry":{"type":"LineString","coordinates":[[5.2608727,13.0778069],[5.2599535,13.0796716],[5.2587713,13.0810857],[5.2580139,13.0816663],[5.2567893,13.0823387],[5.2548742,13.0827994],[5.2533303,13.0826946],[5.2514329,13.0820628],[5.2461292,13.0786019]]}},{"type":"Feature","properties":{"kind":"road","id":"road-566956794-0","name":"A1","osmWay":566956794,"major":true,"bridge":false},"geometry":{"type":"LineString","coordinates":[[5.2609722,13.0776733],[5.2612859,13.077903]]}},{"type":"Feature","properties":{"kind":"road","id":"road-566956795-0","name":"A1","osmWay":566956795,"major":true,"bridge":false},"geometry":{"type":"LineString","coordinates":[[5.2612859,13.077903],[5.2609101,13.0777934]]}},{"type":"Feature","properties":{"kind":"road","id":"road-566956796-0","name":"Unnamed mapped trunk","osmWay":566956796,"major":true,"bridge":false},"geometry":{"type":"LineString","coordinates":[[5.2607273,13.0776593],[5.2608849,13.0775717],[5.2609723,13.0777018],[5.2608205,13.0778061],[5.2607273,13.0776593]]}},{"type":"Feature","properties":{"kind":"road","id":"road-566956797-0","name":"A1","osmWay":566956797,"major":true,"bridge":false},"geometry":{"type":"LineString","coordinates":[[5.2622568,13.078367],[5.2612859,13.077903]]}},{"type":"Feature","properties":{"kind":"road","id":"road-567215790-0","name":"Unnamed mapped secondary","osmWay":567215790,"major":false,"bridge":false},"geometry":{"type":"LineString","coordinates":[[5.2238698,13.0674314],[5.2238078,13.0674754]]}},{"type":"Feature","properties":{"kind":"road","id":"road-567215791-0","name":"Unnamed mapped secondary","osmWay":567215791,"major":false,"bridge":false},"geometry":{"type":"LineString","coordinates":[[5.2237581,13.0674193],[5.2238216,13.0673778]]}},{"type":"Feature","properties":{"kind":"road","id":"road-567215792-0","name":"Unnamed mapped primary","osmWay":567215792,"major":true,"bridge":true},"geometry":{"type":"LineString","coordinates":[[5.2302537,13.0730509],[5.2300621,13.0729598]]}},{"type":"Feature","properties":{"kind":"road","id":"road-567215794-0","name":"Unnamed mapped primary","osmWay":567215794,"major":true,"bridge":false},"geometry":{"type":"LineString","coordinates":[[5.2459806,13.0785041],[5.2431689,13.0768163],[5.2408967,13.0758919],[5.239711,13.0755089],[5.2324373,13.0738541],[5.2302537,13.0730509]]}},{"type":"Feature","properties":{"kind":"road","id":"road-567215795-0","name":"Unnamed mapped primary","osmWay":567215795,"major":true,"bridge":false},"geometry":{"type":"LineString","coordinates":[[5.2461292,13.0786019],[5.2459806,13.0785041]]}},{"type":"Feature","properties":{"kind":"road","id":"road-567221191-0","name":"Unnamed mapped tertiary","osmWay":567221191,"major":false,"bridge":false},"geometry":{"type":"LineString","coordinates":[[5.2672276,13.0445377],[5.2675523,13.0446354]]}},{"type":"Feature","properties":{"kind":"road","id":"road-567221192-0","name":"Unnamed mapped primary","osmWay":567221192,"major":true,"bridge":false},"geometry":{"type":"LineString","coordinates":[[5.267014,13.0444653],[5.2670472,13.0440721]]}},{"type":"Feature","properties":{"kind":"road","id":"road-567221193-0","name":"Unnamed mapped tertiary","osmWay":567221193,"major":false,"bridge":false},"geometry":{"type":"LineString","coordinates":[[5.2669624,13.0446071],[5.2666904,13.0445076]]}},{"type":"Feature","properties":{"kind":"road","id":"road-567251073-0","name":"Unnamed mapped tertiary","osmWay":567251073,"major":false,"bridge":false},"geometry":{"type":"LineString","coordinates":[[5.2396085,13.0650548],[5.2393197,13.0651731]]}},{"type":"Feature","properties":{"kind":"road","id":"road-567251074-0","name":"Unnamed mapped secondary","osmWay":567251074,"major":false,"bridge":false},"geometry":{"type":"LineString","coordinates":[[5.233962,13.0621611],[5.2339124,13.0622234]]}},{"type":"Feature","properties":{"kind":"road","id":"road-567251075-0","name":"Unnamed mapped secondary","osmWay":567251075,"major":false,"bridge":false},"geometry":{"type":"LineString","coordinates":[[5.2338412,13.062175],[5.2338921,13.0621191]]}},{"type":"Feature","properties":{"kind":"road","id":"road-571130735-0","name":"Unnamed mapped trunk_link","osmWay":571130735,"major":false,"bridge":false},"geometry":{"type":"LineString","coordinates":[[5.2589634,13.0768192],[5.2589881,13.0767683]]}},{"type":"Feature","properties":{"kind":"road","id":"road-573018410-0","name":"Unnamed mapped tertiary","osmWay":573018410,"major":false,"bridge":false},"geometry":{"type":"LineString","coordinates":[[5.2280305,13.0653968],[5.2279266,13.0653341]]}},{"type":"Feature","properties":{"kind":"road","id":"road-573018413-0","name":"Unnamed mapped primary_link","osmWay":573018413,"major":false,"bridge":false},"geometry":{"type":"LineString","coordinates":[[5.2454641,13.0781706],[5.2455066,13.0781086]]}},{"type":"Feature","properties":{"kind":"road","id":"road-573053065-0","name":"Unnamed mapped tertiary","osmWay":573053065,"major":false,"bridge":false},"geometry":{"type":"LineString","coordinates":[[5.2476508,13.0656179],[5.2475798,13.0656087]]}},{"type":"Feature","properties":{"kind":"road","id":"road-573053067-0","name":"Unnamed mapped tertiary","osmWay":573053067,"major":false,"bridge":false},"geometry":{"type":"LineString","coordinates":[[5.2475962,13.065511],[5.2476719,13.0655293]]}},{"type":"Feature","properties":{"kind":"road","id":"road-573053068-0","name":"Unnamed mapped tertiary","osmWay":573053068,"major":false,"bridge":false},"geometry":{"type":"LineString","coordinates":[[5.2561271,13.0659295],[5.2560323,13.0659224]]}},{"type":"Feature","properties":{"kind":"road","id":"road-573053070-0","name":"Unnamed mapped tertiary","osmWay":573053070,"major":false,"bridge":false},"geometry":{"type":"LineString","coordinates":[[5.2560549,13.0658418],[5.256103,13.0658167]]}},{"type":"Feature","properties":{"kind":"road","id":"road-574394040-0","name":"Unnamed mapped primary_link","osmWay":574394040,"major":false,"bridge":false},"geometry":{"type":"LineString","coordinates":[[5.2668408,13.0357568],[5.2669324,13.0357567]]}},{"type":"Feature","properties":{"kind":"road","id":"road-574394044-0","name":"Unnamed mapped primary_link","osmWay":574394044,"major":false,"bridge":false},"geometry":{"type":"LineString","coordinates":[[5.2650003,13.0183965],[5.2650873,13.0183631]]}},{"type":"Feature","properties":{"kind":"road","id":"road-574394046-0","name":"Unnamed mapped primary","osmWay":574394046,"major":true,"bridge":false},"geometry":{"type":"LineString","coordinates":[[5.2636071,13.0135002],[5.2641168,13.0147629],[5.265781,13.0209164],[5.2667631,13.0256184]]}},{"type":"Feature","properties":{"kind":"road","id":"road-576536684-0","name":"Unnamed mapped secondary","osmWay":576536684,"major":false,"bridge":false},"geometry":{"type":"LineString","coordinates":[[5.2142222,13.0845574],[5.217212,13.0754863],[5.2174987,13.0741158]]}},{"type":"Feature","properties":{"kind":"road","id":"road-576536685-0","name":"Unnamed mapped secondary","osmWay":576536685,"major":false,"bridge":true},"geometry":{"type":"LineString","coordinates":[[5.2141269,13.0848347],[5.2142222,13.0845574]]}},{"type":"Feature","properties":{"kind":"road","id":"road-1291946362-0","name":"A126","osmWay":1291946362,"major":true,"bridge":false},"geometry":{"type":"LineString","coordinates":[[5.2419281,13.022586],[5.2403469,13.0261891]]}},{"type":"Feature","properties":{"kind":"road","id":"road-1297661372-0","name":"Unnamed mapped primary","osmWay":1297661372,"major":true,"bridge":false},"geometry":{"type":"LineString","coordinates":[[5.2157197,13.055753],[5.2156035,13.05551],[5.2157917,13.055365]]}},{"type":"Feature","properties":{"kind":"road","id":"road-1297661373-0","name":"Unnamed mapped primary","osmWay":1297661373,"major":true,"bridge":false},"geometry":{"type":"LineString","coordinates":[[5.2176981,13.0606041],[5.2166473,13.059305],[5.2161404,13.0583965],[5.2158113,13.0572815],[5.2157197,13.055753]]}},{"type":"Feature","properties":{"kind":"road","id":"road-1297661374-0","name":"Unnamed mapped primary","osmWay":1297661374,"major":true,"bridge":false},"geometry":{"type":"LineString","coordinates":[[5.2157917,13.055365],[5.215923,13.0554018]]}},{"type":"Feature","properties":{"kind":"road","id":"road-1297661375-0","name":"Unnamed mapped primary","osmWay":1297661375,"major":true,"bridge":false},"geometry":{"type":"LineString","coordinates":[[5.2158359,13.0557675],[5.2157197,13.055753]]}},{"type":"Feature","properties":{"kind":"road","id":"road-1297661376-0","name":"Unnamed mapped primary","osmWay":1297661376,"major":true,"bridge":false},"geometry":{"type":"LineString","coordinates":[[5.215923,13.0554018],[5.2159949,13.0556458],[5.2158359,13.0557675]]}},{"type":"Feature","properties":{"kind":"road","id":"road-1297661377-0","name":"Unnamed mapped primary","osmWay":1297661377,"major":true,"bridge":false},"geometry":{"type":"LineString","coordinates":[[5.2158359,13.0557675],[5.2158813,13.0572648],[5.2162474,13.058464],[5.216808,13.059402],[5.2180242,13.0608554]]}},{"type":"Feature","properties":{"kind":"road","id":"road-1300630655-0","name":"Unnamed mapped tertiary","osmWay":1300630655,"major":false,"bridge":false},"geometry":{"type":"LineString","coordinates":[[5.2675523,13.0446354],[5.2710442,13.0451746],[5.2737611,13.045975],[5.2752015,13.0461382],[5.2795216,13.0460684],[5.2800712,13.04593],[5.2816164,13.0449957],[5.2826041,13.0447839],[5.2834544,13.0448269],[5.2845678,13.0450885],[5.2860104,13.044935]]}},{"type":"Feature","properties":{"kind":"road","id":"road-1300631157-0","name":"Unnamed mapped tertiary","osmWay":1300631157,"major":false,"bridge":false},"geometry":{"type":"LineString","coordinates":[[5.2860104,13.044935],[5.2872591,13.0447972]]}},{"type":"Feature","properties":{"kind":"road","id":"road-1300997167-0","name":"Unnamed mapped primary","osmWay":1300997167,"major":true,"bridge":false},"geometry":{"type":"LineString","coordinates":[[5.2518649,13.0057946],[5.257898,13.0079491]]}},{"type":"Feature","properties":{"kind":"road","id":"road-1300997167-1","name":"Unnamed mapped primary","osmWay":1300997167,"major":true,"bridge":false},"geometry":{"type":"LineString","coordinates":[[5.2635914,13.0134652],[5.2636071,13.0135002]]}},{"type":"Feature","properties":{"kind":"road","id":"road-1301831021-0","name":"Unnamed mapped primary","osmWay":1301831021,"major":true,"bridge":false},"geometry":{"type":"LineString","coordinates":[[5.2668969,13.0341422],[5.2671172,13.0439058]]}},{"type":"Feature","properties":{"kind":"road","id":"road-1301831023-0","name":"Unnamed mapped primary","osmWay":1301831023,"major":true,"bridge":false},"geometry":{"type":"LineString","coordinates":[[5.2669083,13.0322979],[5.2668969,13.0341422]]}},{"type":"Feature","properties":{"kind":"road","id":"road-1301831024-0","name":"Unnamed mapped primary","osmWay":1301831024,"major":true,"bridge":false},"geometry":{"type":"LineString","coordinates":[[5.2668885,13.0317048],[5.2669083,13.0322979]]}},{"type":"Feature","properties":{"kind":"road","id":"road-1302335254-0","name":"Unnamed mapped primary","osmWay":1302335254,"major":true,"bridge":false},"geometry":{"type":"LineString","coordinates":[[5.2668954,13.0309013],[5.2668885,13.0317048]]}},{"type":"Feature","properties":{"kind":"road","id":"road-1302335255-0","name":"Unnamed mapped primary","osmWay":1302335255,"major":true,"bridge":false},"geometry":{"type":"LineString","coordinates":[[5.2669135,13.0296863],[5.2668954,13.0309013]]}},{"type":"Feature","properties":{"kind":"road","id":"road-1302335256-0","name":"Unnamed mapped primary","osmWay":1302335256,"major":true,"bridge":false},"geometry":{"type":"LineString","coordinates":[[5.2669076,13.0288443],[5.2669135,13.0296863]]}},{"type":"Feature","properties":{"kind":"road","id":"road-1302335258-0","name":"Unnamed mapped primary","osmWay":1302335258,"major":true,"bridge":false},"geometry":{"type":"LineString","coordinates":[[5.266811,13.027594],[5.2669076,13.0288443]]}},{"type":"Feature","properties":{"kind":"road","id":"road-1302347998-0","name":"Unnamed mapped primary","osmWay":1302347998,"major":true,"bridge":false},"geometry":{"type":"LineString","coordinates":[[5.266741,13.0257346],[5.266811,13.027594]]}},{"type":"Feature","properties":{"kind":"road","id":"road-1302347999-0","name":"Unnamed mapped primary","osmWay":1302347999,"major":true,"bridge":false},"geometry":{"type":"LineString","coordinates":[[5.2667631,13.0256184],[5.266741,13.0257346]]}},{"type":"Feature","properties":{"kind":"road","id":"road-1311967394-0","name":"Unnamed mapped tertiary","osmWay":1311967394,"major":false,"bridge":false},"geometry":{"type":"LineString","coordinates":[[5.2241144,13.0526442],[5.2198738,13.0498023],[5.2189189,13.0494835],[5.2179247,13.049337]]}},{"type":"Feature","properties":{"kind":"road","id":"road-1331714920-0","name":"Unnamed mapped tertiary","osmWay":1331714920,"major":false,"bridge":false},"geometry":{"type":"LineString","coordinates":[[5.2502618,13.0443927],[5.2495608,13.0446202]]}},{"type":"Feature","properties":{"kind":"road","id":"road-1359702060-0","name":"Unnamed mapped secondary","osmWay":1359702060,"major":false,"bridge":false},"geometry":{"type":"LineString","coordinates":[[5.2457305,13.0428475],[5.2458782,13.046087]]}},{"type":"Feature","properties":{"kind":"road","id":"road-1550583569-0","name":"Abdullahi Fodio Road","osmWay":1550583569,"major":false,"bridge":true},"geometry":{"type":"LineString","coordinates":[[5.21899,13.0598867],[5.218128,13.0610732]]}},{"type":"Feature","properties":{"kind":"road","id":"road-1550583570-0","name":"Abdullahi Fodio Road","osmWay":1550583570,"major":false,"bridge":false},"geometry":{"type":"LineString","coordinates":[[5.2189216,13.0598397],[5.2190834,13.0596162]]}},{"type":"Feature","properties":{"kind":"road","id":"road-1550583571-0","name":"NTA Road","osmWay":1550583571,"major":false,"bridge":false},"geometry":{"type":"LineString","coordinates":[[5.217504,13.0626759],[5.217506,13.0624274]]}},{"type":"Feature","properties":{"kind":"road","id":"road-1550583572-0","name":"NTA Road","osmWay":1550583572,"major":false,"bridge":false},"geometry":{"type":"LineString","coordinates":[[5.2175819,13.062429],[5.2175812,13.0626759]]}},{"type":"Feature","properties":{"kind":"road","id":"road-1550583573-0","name":"Unnamed mapped primary_link","osmWay":1550583573,"major":false,"bridge":false},"geometry":{"type":"LineString","coordinates":[[5.2178246,13.0606693],[5.2182628,13.0606643]]}},{"type":"Feature","properties":{"kind":"road","id":"road-1550583574-0","name":"Unnamed mapped primary_link","osmWay":1550583574,"major":false,"bridge":false},"geometry":{"type":"LineString","coordinates":[[5.2183141,13.0614007],[5.2179472,13.061427]]}},{"type":"Feature","properties":{"kind":"road","id":"road-1550583575-0","name":"Unnamed mapped primary_link","osmWay":1550583575,"major":false,"bridge":false},"geometry":{"type":"LineString","coordinates":[[5.2177296,13.0613832],[5.2177779,13.0607173]]}},{"type":"Feature","properties":{"kind":"road","id":"road-1550583576-0","name":"NTA Road","osmWay":1550583576,"major":false,"bridge":true},"geometry":{"type":"LineString","coordinates":[[5.218128,13.0610732],[5.2177268,13.0617053],[5.2175819,13.062429]]}},{"type":"Feature","properties":{"kind":"road","id":"road-1550583577-0","name":"Abdullahi Fodio Road","osmWay":1550583577,"major":false,"bridge":false},"geometry":{"type":"LineString","coordinates":[[5.2191509,13.0596653],[5.21899,13.0598867]]}},{"type":"Feature","properties":{"kind":"road","id":"road-1550583578-0","name":"Abdullahi Fodio Road","osmWay":1550583578,"major":false,"bridge":true},"geometry":{"type":"LineString","coordinates":[[5.218061,13.0610323],[5.2189216,13.0598397]]}},{"type":"Feature","properties":{"kind":"road","id":"road-1550583579-0","name":"NTA Road","osmWay":1550583579,"major":false,"bridge":true},"geometry":{"type":"LineString","coordinates":[[5.217506,13.0624274],[5.2175954,13.0618252],[5.218061,13.0610323]]}}]}
