{"features":[{"geometry":{"coordinates":[[[-17.4768665,14.7205124],[-17.4770336,14.7204696],[-17.4770051,14.7203466],[-17.476831,14.7204013],[-17.4768665,14.7205124]]],"type":"Polygon"},"id":"0012c74f-e41e-4dbd-bcdb-aa6542277f58","properties":{"building":true,"sourceLayer":"buildings","sources":["OpenStreetMap"]},"type":"Feature"},{"geometry":{"coordinates":[[[-17.4719816,14.7182313],[-17.4720432,14.7182306],[-17.4720421,14.718145],[-17.4719804,14.7181457],[-17.4719816,14.7182313]]],"type":"Polygon"},"id":"00d7ac5a-aaae-4d31-a3e6-74f3c8466346","properties":{"building":true,"sourceLayer":"buildings","sources":["Microsoft ML Buildings"]},"type":"Feature"},{"geometry":{"coordinates":[[[-17.4780963,14.7164397],[-17.4780226,14.7164449],[-17.4780257,14.7164852],[-17.4780993,14.71648],[-17.4780963,14.7164397]]],"type":"Polygon"},"id":"00e3db2b-3d2a-47a7-8771-9a2361a7188b","properties":{"building":true,"sourceLayer":"buildings","sources":["Google Open Buildings"]},"type":"Feature"},{"geometry":{"coordinates":[[[-17.4787166,14.7193827],[-17.4788008,14.7192704],[-17.4787495,14.7192088],[-17.4786253,14.7193026],[-17.4787166,14.7193827]]],"type":"Polygon"},"id":"0106a2c9-1cc6-4af7-b833-c78072fc011b","properties":{"building":true,"sourceLayer":"buildings","sources":["OpenStreetMap"]},"type":"Feature"},{"geometry":{"coordinates":[[[-17.4750367,14.7161363],[-17.4750069,14.7161376],[-17.4750095,14.7161972],[-17.4750393,14.716196],[-17.4750367,14.7161363]]],"type":"Polygon"},"id":"0115901c-a270-4f97-b43d-20c8dfbe5235","properties":{"building":true,"sourceLayer":"buildings","sources":["Google Open Buildings"]},"type":"Feature"},{"geometry":{"coordinates":[[[-17.4731976,14.7171761],[-17.4731908,14.7171516],[-17.4731422,14.7171643],[-17.4731491,14.7171889],[-17.4731976,14.7171761]]],"type":"Polygon"},"id":"01509cb8-4140-420f-a174-f9c519338a50","properties":{"building":true,"sourceLayer":"buildings","sources":["Google Open Buildings"]},"type":"Feature"},{"geometry":{"coordinates":[[[-17.4735767,14.7177116],[-17.473546,14.717721],[-17.4735564,14.717753],[-17.473587,14.7177435],[-17.4735767,14.7177116]]],"type":"Polygon"},"id":"0167c106-40ed-4ac9-b416-17884166241a","properties":{"building":true,"sourceLayer":"buildings","sources":["Google Open Buildings"]},"type":"Feature"},{"geometry":{"coordinates":[[[-17.4791534,14.7182447],[-17.4791846,14.718207],[-17.4790715,14.7181316],[-17.4790403,14.7181655],[-17.4791534,14.7182447]]],"type":"Polygon"},"id":"01c7293f-677c-466b-ab95-0d6b6b695ac9","properties":{"building":true,"sourceLayer":"buildings","sources":["OpenStreetMap"]},"type":"Feature"},{"geometry":{"coordinates":[[[-17.4747325,14.7151873],[-17.4746726,14.7152025],[-17.4746828,14.7152406],[-17.4747427,14.7152254],[-17.4747325,14.7151873]]],"type":"Polygon"},"id":"01e59dd7-db45-4eec-bfea-724c0217b83a","properties":{"building":true,"sourceLayer":"buildings","sources":["Google Open Buildings"]},"type":"Feature"},{"geometry":{"coordinates":[[[-17.4785581,14.7198609],[-17.4786527,14.7199654],[-17.4787312,14.7198737],[-17.4786496,14.7198107],[-17.4785581,14.7198609]]],"type":"Polygon"},"id":"0219e899-12d9-42d2-8b1e-140ba768fff9","properties":{"building":true,"sourceLayer":"buildings","sources":["OpenStreetMap"]},"type":"Feature"},{"geometry":{"coordinates":[[[-17.4773823,14.7218081],[-17.4774444,14.72193],[-17.477528,14.7218948],[-17.4774584,14.721771],[-17.4773823,14.7218081]]],"type":"Polygon"},"id":"0222bddf-7f0a-476f-93f9-e281317d9cfe","properties":{"building":true,"sourceLayer":"buildings","sources":["OpenStreetMap"]},"type":"Feature"},{"geometry":{"coordinates":[[[-17.4742149,14.7155748],[-17.4741809,14.7155768],[-17.4741818,14.7155917],[-17.4741461,14.7155939],[-17.4741493,14.7156446],[-17.4742191,14.7156403],[-17.4742149,14.7155748]]],"type":"Polygon"},"id":"023348d9-4f52-4202-89d8-a612db5c2d68","properties":{"building":true,"sourceLayer":"buildings","sources":["Google Open Buildings"]},"type":"Feature"},{"geometry":{"coordinates":[[[-17.4782171,14.7197212],[-17.4781866,14.7197112],[-17.4781729,14.7197506],[-17.4782035,14.7197606],[-17.4782171,14.7197212]]],"type":"Polygon"},"id":"023d23cf-0ad4-44dd-99e5-3b7ecda164f0","properties":{"building":true,"sourceLayer":"buildings","sources":["Google Open Buildings"]},"type":"Feature"},{"geometry":{"coordinates":[[[-17.4717993,14.7217325],[-17.4718018,14.7216354],[-17.4717429,14.7216339],[-17.4717403,14.721731],[-17.4717993,14.7217325]]],"type":"Polygon"},"id":"0262347d-8e0c-4792-8fda-366fad71bab2","properties":{"building":true,"sourceLayer":"buildings","sources":["Microsoft ML Buildings"]},"type":"Feature"},{"geometry":{"coordinates":[[[-17.4740605,14.7180024],[-17.4740699,14.7181286],[-17.4741001,14.7181265],[-17.4740963,14.7180754],[-17.4741229,14.7180735],[-17.4741205,14.7180413],[-17.4740938,14.7180432],[-17.4740906,14.7180002],[-17.4740605,14.7180024]]],"type":"Polygon"},"id":"02dc866a-09d3-4928-8769-4a4a4fd86771","properties":{"building":true,"sourceLayer":"buildings","sources":["Google Open Buildings"]},"type":"Feature"},{"geometry":{"coordinates":[[[-17.47251,14.7215499],[-17.4724443,14.7215457],[-17.4724353,14.7216781],[-17.4724801,14.7216809],[-17.472478,14.7217117],[-17.4726432,14.7217224],[-17.4726526,14.7215839],[-17.4725083,14.7215746],[-17.47251,14.7215499]]],"type":"Polygon"},"id":"03716b6f-6de0-414d-82f0-320a6af2030c","properties":{"building":true,"sourceLayer":"buildings","sources":["Google Open Buildings"]},"type":"Feature"},{"geometry":{"coordinates":[[[-17.4779656,14.7194712],[-17.4780971,14.7193999],[-17.4780394,14.7193081],[-17.4778924,14.7193423],[-17.4779656,14.7194712]]],"type":"Polygon"},"id":"037f40e3-d526-4eab-b52a-f7556168d583","properties":{"building":true,"sourceLayer":"buildings","sources":["OpenStreetMap"]},"type":"Feature"},{"geometry":{"coordinates":[[[-17.4733404,14.7179242],[-17.4733726,14.7179626],[-17.4734031,14.7179383],[-17.473371,14.7178999],[-17.4733404,14.7179242]]],"type":"Polygon"},"id":"03b1e531-89cc-494f-8554-ca91e4691ff1","properties":{"building":true,"sourceLayer":"buildings","sources":["Google Open Buildings"]},"type":"Feature"},{"geometry":{"coordinates":[[[-17.4733121,14.7147368],[-17.4733715,14.7148886],[-17.4734347,14.7148652],[-17.4733753,14.7147134],[-17.4733121,14.7147368]]],"type":"Polygon"},"id":"03ef1afa-0313-4e9b-9e5c-b0e1ea0a73b6","properties":{"building":true,"sourceLayer":"buildings","sources":["Google Open Buildings"]},"type":"Feature"},{"geometry":{"coordinates":[[[-17.4744554,14.7164401],[-17.4744228,14.7164593],[-17.4744381,14.7164839],[-17.4744707,14.7164647],[-17.4744554,14.7164401]]],"type":"Polygon"},"id":"048fabd0-356d-4de1-9778-9b7bcb970491","properties":{"building":true,"sourceLayer":"buildings","sources":["Google Open Buildings"]},"type":"Feature"},{"geometry":{"coordinates":[[[-17.4786483,14.7210925],[-17.4787031,14.7211696],[-17.4788225,14.7210931],[-17.4787683,14.7210218],[-17.4786483,14.7210925]]],"type":"Polygon"},"id":"04d49b33-7478-469c-8579-0cd5dbbb6efe","properties":{"building":true,"sourceLayer":"buildings","sources":["OpenStreetMap"]},"type":"Feature"},{"geometry":{"coordinates":[[[-17.4788989,14.7198685],[-17.4789716,14.7197775],[-17.4788812,14.7197025],[-17.4787626,14.7198439],[-17.4788212,14.7198908],[-17.4788443,14.719864],[-17.4788666,14.7198804],[-17.4788882,14.7198536],[-17.4788989,14.7198685]]],"type":"Polygon"},"id":"04f24dfe-277b-4996-a89b-d648871f41b0","properties":{"building":true,"sourceLayer":"buildings","sources":["OpenStreetMap"]},"type":"Feature"},{"geometry":{"coordinates":[[[-17.4775824,14.7213407],[-17.4776702,14.7214927],[-17.4778129,14.7214278],[-17.4777648,14.7213515],[-17.4777133,14.7212698],[-17.4775824,14.7213407]]],"type":"Polygon"},"id":"050568fa-2e15-402b-9f9b-4e78eb7fa511","properties":{"building":true,"sourceLayer":"buildings","sources":["OpenStreetMap"]},"type":"Feature"},{"geometry":{"coordinates":[[[-17.4771241,14.7166494],[-17.4770282,14.7166574],[-17.4770326,14.7167075],[-17.4771285,14.7166995],[-17.4771241,14.7166494]]],"type":"Polygon"},"id":"0558e7d0-7565-41ff-bbde-e99d40046749","properties":{"building":true,"sourceLayer":"buildings","sources":["Google Open Buildings"]},"type":"Feature"},{"geometry":{"coordinates":[[[-17.4742449,14.7158272],[-17.4742111,14.715823],[-17.4742047,14.7158725],[-17.4742384,14.7158766],[-17.4742449,14.7158272]]],"type":"Polygon"},"id":"0589581f-481d-4434-8f04-7b39c0205b52","properties":{"building":true,"sourceLayer":"buildings","sources":["Google Open Buildings"]},"type":"Feature"},{"geometry":{"coordinates":[[[-17.4718257,14.7213551],[-17.4718263,14.7213188],[-17.471763,14.7213177],[-17.4717623,14.721354],[-17.4718257,14.7213551]]],"type":"Polygon"},"id":"05978cc4-b879-41fc-9401-d58ae057642f","properties":{"building":true,"sourceLayer":"buildings","sources":["Microsoft ML Buildings"]},"type":"Feature"},{"geometry":{"coordinates":[[[-17.4748611,14.7157201],[-17.4747983,14.7157332],[-17.4748091,14.715782],[-17.4748719,14.7157689],[-17.4748611,14.7157201]]],"type":"Polygon"},"id":"05a60519-3a20-478e-88d9-47524af7d035","properties":{"building":true,"sourceLayer":"buildings","sources":["Google Open Buildings"]},"type":"Feature"},{"geometry":{"coordinates":[[[-17.4713582,14.7208802],[-17.4713532,14.7209455],[-17.4714334,14.7209513],[-17.4714385,14.720886],[-17.4713582,14.7208802]]],"type":"Polygon"},"id":"05b9ac89-0b1a-4911-ae0b-da0ec9fc1175","properties":{"building":true,"sourceLayer":"buildings","sources":["Google Open Buildings"]},"type":"Feature"},{"geometry":{"coordinates":[[[-17.4767073,14.7175859],[-17.4766277,14.7175277],[-17.4765719,14.7176102],[-17.47658,14.7176236],[-17.4766112,14.7175864],[-17.476672,14.7176337],[-17.4767073,14.7175859]]],"type":"Polygon"},"id":"05d06f9b-6c69-4cb2-9884-0e1878b5ce40","properties":{"building":true,"sourceLayer":"buildings","sources":["OpenStreetMap"]},"type":"Feature"},{"geometry":{"coordinates":[[[-17.4730482,14.7165831],[-17.472965,14.7165921],[-17.472968,14.7166179],[-17.4730511,14.7166089],[-17.4730482,14.7165831]]],"type":"Polygon"},"id":"0663046a-775d-4d59-ad3e-b59999c8c097","properties":{"building":true,"sourceLayer":"buildings","sources":["Google Open Buildings"]},"type":"Feature"},{"geometry":{"coordinates":[[[-17.4771094,14.7206462],[-17.4772924,14.7206236],[-17.4772867,14.7205561],[-17.4771034,14.7205917],[-17.4771094,14.7206462]]],"type":"Polygon"},"id":"06689abd-c3d7-4332-ac92-2822e24abc00","properties":{"building":true,"sourceLayer":"buildings","sources":["OpenStreetMap"]},"type":"Feature"},{"geometry":{"coordinates":[[[-17.4740071,14.7168803],[-17.4739812,14.7168883],[-17.4739929,14.7169245],[-17.4740189,14.7169165],[-17.4740071,14.7168803]]],"type":"Polygon"},"id":"069c3d31-fd9a-4a86-96e0-89e5450ff0b3","properties":{"building":true,"sourceLayer":"buildings","sources":["Google Open Buildings"]},"type":"Feature"},{"geometry":{"coordinates":[[[-17.4737467,14.7174886],[-17.4736871,14.7175106],[-17.4736977,14.7175378],[-17.4737573,14.7175157],[-17.4737467,14.7174886]]],"type":"Polygon"},"id":"07cf44de-c037-4dfe-ad89-97cea1ec75ed","properties":{"building":true,"sourceLayer":"buildings","sources":["Google Open Buildings"]},"type":"Feature"},{"geometry":{"coordinates":[[[-17.4732279,14.7203677],[-17.4733864,14.7203283],[-17.4733463,14.7201774],[-17.4732346,14.7202052],[-17.4732498,14.7202623],[-17.473203,14.720274],[-17.4732279,14.7203677]]],"type":"Polygon"},"id":"07fa4f36-88f2-4381-a5b9-8cc8d82fb200","properties":{"building":true,"sourceLayer":"buildings","sources":["Microsoft ML Buildings"]},"type":"Feature"},{"geometry":{"coordinates":[[[-17.4738952,14.7144106],[-17.4739613,14.7145448],[-17.4739634,14.7145438],[-17.4739957,14.7146094],[-17.47408,14.7145701],[-17.4739816,14.7143703],[-17.4738952,14.7144106]]],"type":"Polygon"},"id":"085e7ec9-4de2-43e3-8d53-d581b89279cb","properties":{"building":true,"sourceLayer":"buildings","sources":["Google Open Buildings"]},"type":"Feature"},{"geometry":{"coordinates":[[[-17.4776966,14.7203791],[-17.4777743,14.720437],[-17.4778941,14.7202805],[-17.4778266,14.720223],[-17.4776966,14.7203791]]],"type":"Polygon"},"id":"088f3275-e307-4182-a395-c61f447c8a81","properties":{"building":true,"sourceLayer":"buildings","sources":["OpenStreetMap"]},"type":"Feature"},{"geometry":{"coordinates":[[[-17.4771839,14.7196273],[-17.4773309,14.7197894],[-17.4774162,14.7196867],[-17.4772955,14.7195767],[-17.4771839,14.7196273]]],"type":"Polygon"},"id":"08d7f7e3-560f-4449-b765-308b0a657e2d","properties":{"building":true,"sourceLayer":"buildings","sources":["OpenStreetMap"]},"type":"Feature"},{"geometry":{"coordinates":[[[-17.4748125,14.7164785],[-17.474739,14.7164868],[-17.4747474,14.7165565],[-17.4748209,14.7165482],[-17.4748125,14.7164785]]],"type":"Polygon"},"id":"095f0972-df87-45b3-b8ae-a04e7c82f98b","properties":{"building":true,"sourceLayer":"buildings","sources":["Google Open Buildings"]},"type":"Feature"},{"geometry":{"coordinates":[[[-17.477701,14.7190458],[-17.4777891,14.7188118],[-17.4776887,14.7187674],[-17.4776027,14.7189975],[-17.477701,14.7190458]]],"type":"Polygon"},"id":"09642efd-360e-42c7-90e0-e388c4d801a4","properties":{"building":true,"sourceLayer":"buildings","sources":["OpenStreetMap"]},"type":"Feature"},{"geometry":{"coordinates":[[[-17.4772821,14.7216535],[-17.4773548,14.7216142],[-17.4773169,14.7215424],[-17.4772908,14.7215573],[-17.4772643,14.7215093],[-17.4772116,14.7215302],[-17.4772821,14.7216535]]],"type":"Polygon"},"id":"097b32b4-b1a9-4864-8da1-323cba5f5384","properties":{"building":true,"sourceLayer":"buildings","sources":["OpenStreetMap"]},"type":"Feature"},{"geometry":{"coordinates":[[[-17.4769016,14.718643],[-17.4770205,14.7187327],[-17.4770785,14.7186378],[-17.4769734,14.718542],[-17.4769016,14.718643]]],"type":"Polygon"},"id":"0996c478-b463-4a08-9c61-3ef1e92fa32e","properties":{"building":true,"sourceLayer":"buildings","sources":["OpenStreetMap"]},"type":"Feature"},{"geometry":{"coordinates":[[[-17.4762496,14.7140636],[-17.4761876,14.7140721],[-17.4761921,14.7141034],[-17.4762541,14.7140949],[-17.4762496,14.7140636]]],"type":"Polygon"},"id":"099b8ab7-a5c6-415e-ab7f-1fb7f2bc375d","properties":{"building":true,"sourceLayer":"buildings","sources":["Google Open Buildings"]},"type":"Feature"},{"geometry":{"coordinates":[[[-17.4716923,14.7191084],[-17.4716534,14.7191093],[-17.4716543,14.7191458],[-17.4716933,14.7191449],[-17.4716923,14.7191084]]],"type":"Polygon"},"id":"09ae8e74-9ff0-4a91-b8f5-4dede16ec2f2","properties":{"building":true,"sourceLayer":"buildings","sources":["Google Open Buildings"]},"type":"Feature"},{"geometry":{"coordinates":[[[-17.4762356,14.7146522],[-17.4760894,14.7146745],[-17.4761119,14.7148144],[-17.4762581,14.7147921],[-17.4762356,14.7146522]]],"type":"Polygon"},"id":"09d23b32-c84a-43f0-8718-f91ca54e012f","properties":{"building":true,"sourceLayer":"buildings","sources":["Google Open Buildings"]},"type":"Feature"},{"geometry":{"coordinates":[[[-17.4728569,14.718089],[-17.4727711,14.7181681],[-17.4728918,14.7182921],[-17.4729776,14.7182131],[-17.4728569,14.718089]]],"type":"Polygon"},"id":"0a3115f7-74df-4401-a37f-ccd4bafb011e","properties":{"building":true,"sourceLayer":"buildings","sources":["Google Open Buildings"]},"type":"Feature"},{"geometry":{"coordinates":[[[-17.4746586,14.7162735],[-17.4746989,14.7162556],[-17.4746778,14.7162106],[-17.4746375,14.7162285],[-17.4746586,14.7162735]]],"type":"Polygon"},"id":"0a396607-1303-448d-b080-d75d76bce28e","properties":{"building":true,"sourceLayer":"buildings","sources":["Google Open Buildings"]},"type":"Feature"},{"geometry":{"coordinates":[[[-17.4740917,14.7145645],[-17.474127,14.7146256],[-17.4741514,14.7146122],[-17.4741161,14.7145512],[-17.4740917,14.7145645]]],"type":"Polygon"},"id":"0a65b1a2-1c2a-49bf-87a8-c40d2dfcd6f5","properties":{"building":true,"sourceLayer":"buildings","sources":["Google Open Buildings"]},"type":"Feature"},{"geometry":{"coordinates":[[[-17.4769773,14.7178378],[-17.4770212,14.7178148],[-17.4768871,14.7177176],[-17.4768325,14.7177875],[-17.4767901,14.7178436],[-17.4768699,14.7178926],[-17.4769101,14.7179172],[-17.4769773,14.7178378]]],"type":"Polygon"},"id":"0a8e640d-b7e7-4541-99c8-3d8d1f8ed119","properties":{"building":true,"sourceLayer":"buildings","sources":["OpenStreetMap"]},"type":"Feature"},{"geometry":{"coordinates":[[[-17.4765599,14.7154464],[-17.4764741,14.7154587],[-17.4764914,14.7155733],[-17.4765195,14.7155693],[-17.4765247,14.7156041],[-17.4765824,14.7155959],[-17.4765599,14.7154464]]],"type":"Polygon"},"id":"0acef5a6-0b72-42b3-8e09-b0d335e462a6","properties":{"building":true,"sourceLayer":"buildings","sources":["Google Open Buildings"]},"type":"Feature"},{"geometry":{"coordinates":[[[-17.4762472,14.7158828],[-17.4762581,14.7160012],[-17.476487,14.7159816],[-17.4764592,14.7156779],[-17.4761265,14.7157064],[-17.4761398,14.715852],[-17.4763128,14.7158372],[-17.4763164,14.7158769],[-17.4762472,14.7158828]]],"type":"Polygon"},"id":"0af87109-d9e9-4bf6-a874-7add20114bb8","properties":{"building":true,"sourceLayer":"buildings","sources":["Microsoft ML Buildings"]},"type":"Feature"},{"geometry":{"coordinates":[[[-17.472958,14.7203253],[-17.4729606,14.7201983],[-17.4727874,14.720195],[-17.4727848,14.7203221],[-17.472958,14.7203253]]],"type":"Polygon"},"id":"0b4496cb-b785-4135-a58f-4bf66cfbbd1e","properties":{"building":true,"sourceLayer":"buildings","sources":["Microsoft ML Buildings"]},"type":"Feature"},{"geometry":{"coordinates":[[[-17.474453,14.7141222],[-17.4744088,14.7141398],[-17.4744471,14.7142305],[-17.4744912,14.7142129],[-17.474453,14.7141222]]],"type":"Polygon"},"id":"0b49242c-c1eb-4609-bf98-c8107dafa6e9","properties":{"building":true,"sourceLayer":"buildings","sources":["Google Open Buildings"]},"type":"Feature"},{"geometry":{"coordinates":[[[-17.4773194,14.7182164],[-17.4773859,14.7182585],[-17.4774637,14.7181623],[-17.4774094,14.7181207],[-17.4773566,14.7182005],[-17.4773371,14.7181857],[-17.4773194,14.7182164]]],"type":"Polygon"},"id":"0b4afa10-9f70-441e-a798-e82835a9ae50","properties":{"building":true,"sourceLayer":"buildings","sources":["OpenStreetMap"]},"type":"Feature"},{"geometry":{"coordinates":[[[-17.4725353,14.7169307],[-17.4725749,14.7169197],[-17.4725629,14.716879],[-17.4725232,14.71689],[-17.4725353,14.7169307]]],"type":"Polygon"},"id":"0b79460f-4ae6-4fdc-bd4b-1965d75f092b","properties":{"building":true,"sourceLayer":"buildings","sources":["Microsoft ML Buildings"]},"type":"Feature"},{"geometry":{"coordinates":[[[-17.4777515,14.7136753],[-17.4776442,14.7136919],[-17.4776742,14.713876],[-17.4777815,14.7138595],[-17.4777515,14.7136753]]],"type":"Polygon"},"id":"0b9a7b13-e876-482f-99cd-68b2ace837b5","properties":{"building":true,"sourceLayer":"buildings","sources":["Google Open Buildings"]},"type":"Feature"},{"geometry":{"coordinates":[[[-17.4741624,14.717138],[-17.4741603,14.717107],[-17.4741269,14.7171091],[-17.474129,14.7171401],[-17.4741624,14.717138]]],"type":"Polygon"},"id":"0bb4dccb-8d33-47f8-b0f9-c50fca175dbb","properties":{"building":true,"sourceLayer":"buildings","sources":["Microsoft ML Buildings"]},"type":"Feature"},{"geometry":{"coordinates":[[[-17.4743795,14.7155157],[-17.4743772,14.7154807],[-17.4743177,14.7154843],[-17.4743199,14.7155193],[-17.4743795,14.7155157]]],"type":"Polygon"},"id":"0bc79a37-ffa9-46f4-ba93-0402946b5b1d","properties":{"building":true,"sourceLayer":"buildings","sources":["Google Open Buildings"]},"type":"Feature"},{"geometry":{"coordinates":[[[-17.4726066,14.7186456],[-17.4725448,14.7186626],[-17.4725652,14.7187328],[-17.4725744,14.7187643],[-17.4726362,14.7187473],[-17.4726066,14.7186456]]],"type":"Polygon"},"id":"0c593d3f-cad0-4cc7-8322-c8f07c3dea77","properties":{"building":true,"sourceLayer":"buildings","sources":["Google Open Buildings"]},"type":"Feature"},{"geometry":{"coordinates":[[[-17.4785343,14.7166808],[-17.4784371,14.7167298],[-17.47847,14.7167917],[-17.4785673,14.7167427],[-17.4785343,14.7166808]]],"type":"Polygon"},"id":"0c5fe658-b469-4aba-a1c9-545517833a07","properties":{"building":true,"sourceLayer":"buildings","sources":["Google Open Buildings"]},"type":"Feature"},{"geometry":{"coordinates":[[[-17.4709707,14.7170345],[-17.4709638,14.7171308],[-17.4710893,14.7171394],[-17.4710962,14.7170431],[-17.4709707,14.7170345]]],"type":"Polygon"},"id":"0c61198c-e02e-4b65-9d35-3cb3ea5504dc","properties":{"building":true,"sourceLayer":"buildings","sources":["Google Open Buildings"]},"type":"Feature"},{"geometry":{"coordinates":[[[-17.4711987,14.715699],[-17.4711676,14.7156963],[-17.4711628,14.7157496],[-17.4711938,14.7157523],[-17.4711987,14.715699]]],"type":"Polygon"},"id":"0c6a935f-6dbb-4e10-99f2-cde323bd138e","properties":{"building":true,"sourceLayer":"buildings","sources":["Google Open Buildings"]},"type":"Feature"},{"geometry":{"coordinates":[[[-17.4738694,14.7150837],[-17.4738269,14.7150864],[-17.4738313,14.7151522],[-17.4738113,14.7151535],[-17.4738176,14.7152465],[-17.4738573,14.7152439],[-17.4738544,14.7152017],[-17.4738773,14.7152003],[-17.4738694,14.7150837]]],"type":"Polygon"},"id":"0cdde833-6fb3-4aee-8e5f-3db314ddfa43","properties":{"building":true,"sourceLayer":"buildings","sources":["Google Open Buildings"]},"type":"Feature"},{"geometry":{"coordinates":[[[-17.4731381,14.7184994],[-17.4731006,14.7185344],[-17.4731343,14.7185686],[-17.4731899,14.7185519],[-17.4731381,14.7184994]]],"type":"Polygon"},"id":"0cf1ab91-0d9b-4a04-82af-50c64e5a28f6","properties":{"building":true,"sourceLayer":"buildings","sources":["Google Open Buildings"]},"type":"Feature"},{"geometry":{"coordinates":[[[-17.4730452,14.7208281],[-17.4731227,14.7208234],[-17.47312,14.7207821],[-17.4730452,14.7207866],[-17.4730417,14.7207324],[-17.4729679,14.7207368],[-17.4729723,14.720804],[-17.4730434,14.7207997],[-17.4730452,14.7208281]]],"type":"Polygon"},"id":"0d0c3801-e119-42e2-9bd3-7b9afd7a0456","properties":{"building":true,"sourceLayer":"buildings","sources":["Microsoft ML Buildings"]},"type":"Feature"},{"geometry":{"coordinates":[[[-17.4746601,14.7149925],[-17.4746096,14.71501],[-17.4746291,14.7150634],[-17.4746796,14.715046],[-17.4746601,14.7149925]]],"type":"Polygon"},"id":"0d161298-125d-4708-971f-56f55d78344d","properties":{"building":true,"sourceLayer":"buildings","sources":["Google Open Buildings"]},"type":"Feature"},{"geometry":{"coordinates":[[[-17.4770355,14.7176798],[-17.4770826,14.717613],[-17.4770118,14.717561],[-17.4769452,14.7176528],[-17.4769877,14.7176562],[-17.4770355,14.7176798]]],"type":"Polygon"},"id":"0d68b2f5-b2b6-4e8d-982b-3d1eadeb3be6","properties":{"building":true,"sourceLayer":"buildings","sources":["OpenStreetMap"]},"type":"Feature"},{"geometry":{"coordinates":[[[-17.4736742,14.7155076],[-17.4736403,14.7155435],[-17.4736835,14.7155822],[-17.4737175,14.7155463],[-17.4736742,14.7155076]]],"type":"Polygon"},"id":"0d92be48-2921-4545-9474-92bd417f53f0","properties":{"building":true,"sourceLayer":"buildings","sources":["Google Open Buildings"]},"type":"Feature"},{"geometry":{"coordinates":[[[-17.4721067,14.7169541],[-17.4721955,14.7169402],[-17.4721888,14.7168998],[-17.4720999,14.7169137],[-17.4721067,14.7169541]]],"type":"Polygon"},"id":"0d939e2b-55ed-4764-b5ed-da6bc0a12987","properties":{"building":true,"sourceLayer":"buildings","sources":["Microsoft ML Buildings"]},"type":"Feature"},{"geometry":{"coordinates":[[[-17.4732571,14.7176901],[-17.4732245,14.7177015],[-17.4732397,14.7177425],[-17.4732723,14.717731],[-17.4732571,14.7176901]]],"type":"Polygon"},"id":"0dbf8ab0-51db-4aec-84a7-53f957f140f6","properties":{"building":true,"sourceLayer":"buildings","sources":["Google Open Buildings"]},"type":"Feature"},{"geometry":{"coordinates":[[[-17.4778092,14.7208987],[-17.4779199,14.720763],[-17.4778428,14.7206967],[-17.4778122,14.7207306],[-17.4777329,14.7208309],[-17.4777947,14.7208858],[-17.4778092,14.7208987]]],"type":"Polygon"},"id":"0e4e0f13-de71-41f4-97ea-72cef6cc52b7","properties":{"building":true,"sourceLayer":"buildings","sources":["OpenStreetMap"]},"type":"Feature"},{"geometry":{"coordinates":[[[-17.4770522,14.7165604],[-17.4770321,14.7165608],[-17.4770332,14.7166153],[-17.4771297,14.7166135],[-17.4771276,14.7165061],[-17.4770512,14.7165075],[-17.4770522,14.7165604]]],"type":"Polygon"},"id":"0e5435bb-8867-4f28-881d-cff9bf4c766c","properties":{"building":true,"sourceLayer":"buildings","sources":["Microsoft ML Buildings"]},"type":"Feature"},{"geometry":{"coordinates":[[[-17.476966,14.7196856],[-17.476949,14.719549],[-17.4768209,14.7195497],[-17.4768397,14.7196791],[-17.4768774,14.7197213],[-17.476966,14.7196856]]],"type":"Polygon"},"id":"0e81366a-25b5-4f46-84db-562149fcadaa","properties":{"building":true,"sourceLayer":"buildings","sources":["OpenStreetMap"]},"type":"Feature"},{"geometry":{"coordinates":[[[-17.474616,14.7159947],[-17.4746124,14.7159395],[-17.4745234,14.715945],[-17.4745254,14.7159761],[-17.4745653,14.7159736],[-17.4745669,14.7159978],[-17.474616,14.7159947]]],"type":"Polygon"},"id":"0e87b4d7-d179-4929-86f5-0d183c96b9ea","properties":{"building":true,"sourceLayer":"buildings","sources":["Google Open Buildings"]},"type":"Feature"},{"geometry":{"coordinates":[[[-17.4740096,14.7147753],[-17.4739755,14.7147849],[-17.4739917,14.7148393],[-17.4740258,14.7148296],[-17.4740096,14.7147753]]],"type":"Polygon"},"id":"0e92ddfa-e5c4-4ca2-82b1-859f511bfd60","properties":{"building":true,"sourceLayer":"buildings","sources":["Google Open Buildings"]},"type":"Feature"},{"geometry":{"coordinates":[[[-17.4734122,14.7159089],[-17.4733962,14.7159331],[-17.473425,14.7159512],[-17.473441,14.715927],[-17.4734122,14.7159089]]],"type":"Polygon"},"id":"0f0201b6-b231-4284-8d27-727e70ee8cbb","properties":{"building":true,"sourceLayer":"buildings","sources":["Google Open Buildings"]},"type":"Feature"},{"geometry":{"coordinates":[[[-17.475189,14.7138717],[-17.4750988,14.7139193],[-17.4751671,14.7140418],[-17.4752573,14.7139942],[-17.475189,14.7138717]]],"type":"Polygon"},"id":"0f082c13-6916-4c6a-bb55-9e5fe07eb1da","properties":{"building":true,"sourceLayer":"buildings","sources":["Google Open Buildings"]},"type":"Feature"},{"geometry":{"coordinates":[[[-17.4735538,14.7209441],[-17.473412,14.7209823],[-17.4734181,14.7210035],[-17.4733739,14.7210154],[-17.4733933,14.7210836],[-17.4735083,14.7210526],[-17.4735191,14.7210905],[-17.4735899,14.7210714],[-17.4735538,14.7209441]]],"type":"Polygon"},"id":"0f1503f3-c0ed-4358-903b-ce79ee2def61","properties":{"building":true,"sourceLayer":"buildings","sources":["Google Open Buildings"]},"type":"Feature"},{"geometry":{"coordinates":[[[-17.4775994,14.7216239],[-17.4776758,14.7215952],[-17.4776303,14.7215107],[-17.4775616,14.721554],[-17.4775994,14.7216239]]],"type":"Polygon"},"id":"0f2de1c1-3438-4c5b-9529-7e433619ccb6","properties":{"building":true,"sourceLayer":"buildings","sources":["OpenStreetMap"]},"type":"Feature"},{"geometry":{"coordinates":[[[-17.4769632,14.7200792],[-17.4770519,14.7199659],[-17.4769547,14.7198646],[-17.4768668,14.7199945],[-17.4769632,14.7200792]]],"type":"Polygon"},"id":"0f385d42-a125-4322-90c6-f7b97c51e6e7","properties":{"building":true,"sourceLayer":"buildings","sources":["OpenStreetMap"]},"type":"Feature"},{"geometry":{"coordinates":[[[-17.4774445,14.7215689],[-17.4775218,14.7215266],[-17.4774504,14.7213999],[-17.4773555,14.721456],[-17.477406,14.7215424],[-17.4774445,14.7215689]]],"type":"Polygon"},"id":"0f3d04d4-fdb9-4568-b034-0e1e3195d56a","properties":{"building":true,"sourceLayer":"buildings","sources":["OpenStreetMap"]},"type":"Feature"},{"geometry":{"coordinates":[[[-17.4771993,14.7216964],[-17.4772686,14.7216556],[-17.4772063,14.7215349],[-17.4771367,14.7215832],[-17.4771993,14.7216964]]],"type":"Polygon"},"id":"0f582519-135b-4d5d-ace7-f46cff76abd1","properties":{"building":true,"sourceLayer":"buildings","sources":["OpenStreetMap"]},"type":"Feature"},{"geometry":{"coordinates":[[[-17.478795,14.7158618],[-17.4789158,14.7159268],[-17.4789648,14.7158416],[-17.4788439,14.7157766],[-17.478795,14.7158618]]],"type":"Polygon"},"id":"0f5c3b3d-9fd6-4fcb-b353-698dcba8ed8a","properties":{"building":true,"sourceLayer":"buildings","sources":["Microsoft ML Buildings"]},"type":"Feature"},{"geometry":{"coordinates":[[[-17.4729663,14.7172708],[-17.4728768,14.7172961],[-17.4728907,14.7173428],[-17.4729802,14.7173174],[-17.4729663,14.7172708]]],"type":"Polygon"},"id":"0f5c9f23-1cff-4959-9221-dd28a105d7b0","properties":{"building":true,"sourceLayer":"buildings","sources":["Google Open Buildings"]},"type":"Feature"},{"geometry":{"coordinates":[[[-17.4785013,14.7191267],[-17.4785874,14.71903],[-17.4784605,14.7188951],[-17.4783884,14.7189734],[-17.4785013,14.7191267]]],"type":"Polygon"},"id":"0f683776-bf31-4b0d-aaf1-dc04f4ea6205","properties":{"building":true,"sourceLayer":"buildings","sources":["OpenStreetMap"]},"type":"Feature"},{"geometry":{"coordinates":[[[-17.4780581,14.7159098],[-17.4782203,14.7159059],[-17.4782179,14.7158142],[-17.4780557,14.7158181],[-17.4780581,14.7159098]]],"type":"Polygon"},"id":"0f85808c-ac0f-4d80-a093-4dca1cda718f","properties":{"building":true,"sourceLayer":"buildings","sources":["Microsoft ML Buildings"]},"type":"Feature"},{"geometry":{"coordinates":[[[-17.4721121,14.7157001],[-17.4721157,14.7157703],[-17.4721446,14.7157689],[-17.4721409,14.7156987],[-17.4721121,14.7157001]]],"type":"Polygon"},"id":"0fcf584d-96bb-44bf-a272-70d430b6fdb0","properties":{"building":true,"sourceLayer":"buildings","sources":["Google Open Buildings"]},"type":"Feature"},{"geometry":{"coordinates":[[[-17.472727,14.7180295],[-17.4726821,14.7180469],[-17.4726763,14.7180686],[-17.472714,14.7180781],[-17.472727,14.7180295]]],"type":"Polygon"},"id":"0fffc62c-fa43-4798-80b5-f659683da5b4","properties":{"building":true,"sourceLayer":"buildings","sources":["Google Open Buildings"]},"type":"Feature"},{"geometry":{"coordinates":[[[-17.4734432,14.7151946],[-17.4733997,14.7152186],[-17.4734339,14.7152773],[-17.4734774,14.7152532],[-17.4734432,14.7151946]]],"type":"Polygon"},"id":"10158965-bf65-4f6e-8bf3-efa065cacb5f","properties":{"building":true,"sourceLayer":"buildings","sources":["Google Open Buildings"]},"type":"Feature"},{"geometry":{"coordinates":[[[-17.4737736,14.7211256],[-17.4737812,14.7211896],[-17.4739728,14.7211684],[-17.4739593,14.7210544],[-17.4738507,14.7210665],[-17.4738566,14.7211164],[-17.4737736,14.7211256]]],"type":"Polygon"},"id":"10269ad7-49e3-43ed-baab-b3ebae6320b2","properties":{"building":true,"sourceLayer":"buildings","sources":["Microsoft ML Buildings"]},"type":"Feature"},{"geometry":{"coordinates":[[[-17.4763792,14.7185375],[-17.4764841,14.7185455],[-17.4765112,14.7184228],[-17.4764621,14.7184301],[-17.4763521,14.7184524],[-17.4763792,14.7185375]]],"type":"Polygon"},"id":"10270e0c-3141-4a7b-a151-f2f0ba434eb2","properties":{"building":true,"sourceLayer":"buildings","sources":["OpenStreetMap"]},"type":"Feature"},{"geometry":{"coordinates":[[[-17.4730177,14.7173615],[-17.4730201,14.7173837],[-17.4730571,14.7174418],[-17.4730627,14.7174933],[-17.4731009,14.7174894],[-17.4730971,14.7174548],[-17.4730507,14.7173581],[-17.4730177,14.7173615]]],"type":"Polygon"},"id":"104dfa51-9ab6-47d5-873d-e6723959a327","properties":{"building":true,"sourceLayer":"buildings","sources":["Google Open Buildings"]},"type":"Feature"},{"geometry":{"coordinates":[[[-17.4725276,14.7206279],[-17.4726265,14.7206445],[-17.4726351,14.7205967],[-17.4725362,14.72058],[-17.4725276,14.7206279]]],"type":"Polygon"},"id":"1078d108-f24d-4a6e-8bef-f798a18056c3","properties":{"building":true,"sourceLayer":"buildings","sources":["Microsoft ML Buildings"]},"type":"Feature"},{"geometry":{"coordinates":[[[-17.4779073,14.7197652],[-17.4780081,14.7198988],[-17.478058,14.7198139],[-17.4779612,14.7197105],[-17.4779073,14.7197652]]],"type":"Polygon"},"id":"10814b7b-c676-40a0-9c1d-7d23807fc9c1","properties":{"building":true,"sourceLayer":"buildings","sources":["OpenStreetMap"]},"type":"Feature"},{"geometry":{"coordinates":[[[-17.4728664,14.7173722],[-17.4728945,14.7174425],[-17.4729168,14.717434],[-17.4728886,14.7173638],[-17.4728664,14.7173722]]],"type":"Polygon"},"id":"10a60957-b7a0-4b76-bb2a-d4920ba6bf0f","properties":{"building":true,"sourceLayer":"buildings","sources":["Google Open Buildings"]},"type":"Feature"},{"geometry":{"coordinates":[[[-17.4726293,14.7175479],[-17.4725882,14.7175744],[-17.4726032,14.7175963],[-17.4726443,14.7175698],[-17.4726293,14.7175479]]],"type":"Polygon"},"id":"111cc78b-1775-4a78-9935-4d3b081a4665","properties":{"building":true,"sourceLayer":"buildings","sources":["Google Open Buildings"]},"type":"Feature"},{"geometry":{"coordinates":[[[-17.4790035,14.7205652],[-17.4790544,14.720525],[-17.4789527,14.7203901],[-17.478878,14.7204534],[-17.4790035,14.7205652]]],"type":"Polygon"},"id":"116b9dda-0ab9-49be-be20-7205cb2d95d0","properties":{"building":true,"sourceLayer":"buildings","sources":["OpenStreetMap"]},"type":"Feature"},{"geometry":{"coordinates":[[[-17.4761519,14.7140899],[-17.4760507,14.714103],[-17.4760691,14.714237],[-17.4761703,14.7142239],[-17.4761519,14.7140899]]],"type":"Polygon"},"id":"1173f648-d047-4f9e-ba3e-7afe08581a91","properties":{"building":true,"sourceLayer":"buildings","sources":["Google Open Buildings"]},"type":"Feature"},{"geometry":{"coordinates":[[[-17.4741252,14.7152215],[-17.474117,14.7152525],[-17.4741439,14.7152592],[-17.4741521,14.7152282],[-17.4741252,14.7152215]]],"type":"Polygon"},"id":"11b5caaa-ee90-4ccd-a022-9f48174f2782","properties":{"building":true,"sourceLayer":"buildings","sources":["Google Open Buildings"]},"type":"Feature"},{"geometry":{"coordinates":[[[-17.4740148,14.7177833],[-17.473937,14.7177891],[-17.4739408,14.7178384],[-17.4740187,14.7178326],[-17.4740148,14.7177833]]],"type":"Polygon"},"id":"11b829fc-e1e1-44e9-8fe8-919fd3e6fd8f","properties":{"building":true,"sourceLayer":"buildings","sources":["Google Open Buildings"]},"type":"Feature"},{"geometry":{"coordinates":[[[-17.4781571,14.7185432],[-17.4781756,14.7187381],[-17.4783007,14.7186404],[-17.4783241,14.7185945],[-17.4781836,14.7184961],[-17.4781571,14.7185432]]],"type":"Polygon"},"id":"11ef9762-5fe3-44ef-9374-c4a2ad81c980","properties":{"building":true,"sourceLayer":"buildings","sources":["OpenStreetMap"]},"type":"Feature"},{"geometry":{"coordinates":[[[-17.473408,14.7160284],[-17.4733607,14.7160157],[-17.4733538,14.7160397],[-17.473401,14.7160525],[-17.473408,14.7160284]]],"type":"Polygon"},"id":"12090ca8-f295-47af-8613-2910a5472128","properties":{"building":true,"sourceLayer":"buildings","sources":["Microsoft ML Buildings"]},"type":"Feature"},{"geometry":{"coordinates":[[[-17.4771993,14.7177044],[-17.4771728,14.7176836],[-17.4771098,14.7177698],[-17.4771317,14.7177869],[-17.4771498,14.7177688],[-17.4771615,14.7177753],[-17.4771827,14.7177483],[-17.477171,14.717739],[-17.4771993,14.7177044]]],"type":"Polygon"},"id":"12274475-9bfb-46eb-95e8-404bfb343f54","properties":{"building":true,"sourceLayer":"buildings","sources":["OpenStreetMap"]},"type":"Feature"},{"geometry":{"coordinates":[[[-17.4774892,14.7186777],[-17.4773583,14.7186151],[-17.4772774,14.7187388],[-17.4774123,14.7187978],[-17.4774292,14.7188051],[-17.4774892,14.7186777]]],"type":"Polygon"},"id":"128c098b-0934-4e4e-a2e0-0421bac7a670","properties":{"building":true,"sourceLayer":"buildings","sources":["OpenStreetMap"]},"type":"Feature"},{"geometry":{"coordinates":[[[-17.4769469,14.7188395],[-17.4770079,14.7187629],[-17.4769917,14.7187502],[-17.477011,14.7187256],[-17.4769116,14.7186504],[-17.4768325,14.7187581],[-17.4769469,14.7188395]]],"type":"Polygon"},"id":"128f33d7-9829-48dd-8cf1-a7946461faf4","properties":{"building":true,"sourceLayer":"buildings","sources":["OpenStreetMap"]},"type":"Feature"},{"geometry":{"coordinates":[[[-17.4785986,14.7190287],[-17.4786853,14.7189371],[-17.4785412,14.7187983],[-17.4784728,14.7188958],[-17.4785986,14.7190287]]],"type":"Polygon"},"id":"12a6d2d9-a583-45fd-b406-86d3bf9fc89c","properties":{"building":true,"sourceLayer":"buildings","sources":["OpenStreetMap"]},"type":"Feature"},{"geometry":{"coordinates":[[[-17.4720894,14.7206356],[-17.4719545,14.7206412],[-17.4719583,14.7207283],[-17.4720676,14.7207238],[-17.4720665,14.7206997],[-17.4720922,14.7206986],[-17.4720894,14.7206356]]],"type":"Polygon"},"id":"130d7b6e-a6d6-4ca2-85ae-be5aa109fd17","properties":{"building":true,"sourceLayer":"buildings","sources":["Google Open Buildings"]},"type":"Feature"},{"geometry":{"coordinates":[[[-17.4720398,14.718334],[-17.4719982,14.7183361],[-17.472001,14.7183896],[-17.4720426,14.7183875],[-17.4720398,14.718334]]],"type":"Polygon"},"id":"1312ae84-f249-4a6a-8293-1a77b0d7cc8b","properties":{"building":true,"sourceLayer":"buildings","sources":["Google Open Buildings"]},"type":"Feature"},{"geometry":{"coordinates":[[[-17.4730938,14.7191959],[-17.4730994,14.7192345],[-17.4731238,14.7192312],[-17.4731182,14.7191926],[-17.4730938,14.7191959]]],"type":"Polygon"},"id":"1373d353-5578-41d8-bb2d-2292bf379ddc","properties":{"building":true,"sourceLayer":"buildings","sources":["Google Open Buildings"]},"type":"Feature"},{"geometry":{"coordinates":[[[-17.4782804,14.7183752],[-17.4782409,14.7184252],[-17.4784338,14.7186231],[-17.4784776,14.7185623],[-17.4782804,14.7183752]]],"type":"Polygon"},"id":"13bf35a0-4d2e-46f7-80bb-af0600f85a6f","properties":{"building":true,"sourceLayer":"buildings","sources":["OpenStreetMap"]},"type":"Feature"},{"geometry":{"coordinates":[[[-17.4779759,14.7186376],[-17.4780088,14.7186449],[-17.478043,14.7185475],[-17.4779326,14.7185064],[-17.4778533,14.7187308],[-17.4778649,14.7187375],[-17.4778802,14.7187082],[-17.4779324,14.7187235],[-17.477941,14.7187017],[-17.4779623,14.7187029],[-17.4779759,14.7186376]]],"type":"Polygon"},"id":"13d74500-cd2e-463c-b9aa-af3e3f55dec3","properties":{"building":true,"sourceLayer":"buildings","sources":["OpenStreetMap"]},"type":"Feature"},{"geometry":{"coordinates":[[[-17.4709274,14.7171291],[-17.4709183,14.7172515],[-17.4710804,14.717263],[-17.4710895,14.7171406],[-17.4709274,14.7171291]]],"type":"Polygon"},"id":"13dff46c-7416-4efe-b071-f740fa8e571f","properties":{"building":true,"sourceLayer":"buildings","sources":["Google Open Buildings"]},"type":"Feature"},{"geometry":{"coordinates":[[[-17.4761887,14.7152028],[-17.4760765,14.7152158],[-17.4760884,14.7153127],[-17.4762006,14.7152997],[-17.4761887,14.7152028]]],"type":"Polygon"},"id":"13ed3c78-15f9-49b0-8b3c-3e133118a3fa","properties":{"building":true,"sourceLayer":"buildings","sources":["Google Open Buildings"]},"type":"Feature"},{"geometry":{"coordinates":[[[-17.4772646,14.7199674],[-17.4773104,14.7200146],[-17.4773984,14.7199395],[-17.4773633,14.7199066],[-17.4773039,14.7199604],[-17.4772878,14.7199506],[-17.4772646,14.7199674]]],"type":"Polygon"},"id":"13fd08be-925b-4de7-84c0-389b32ab47a1","properties":{"building":true,"sourceLayer":"buildings","sources":["OpenStreetMap"]},"type":"Feature"},{"geometry":{"coordinates":[[[-17.4742238,14.7155278],[-17.4741971,14.7155239],[-17.4741913,14.7155611],[-17.474218,14.7155651],[-17.4742238,14.7155278]]],"type":"Polygon"},"id":"141827af-5f2b-4c28-b667-d71c4b7c3156","properties":{"building":true,"sourceLayer":"buildings","sources":["Google Open Buildings"]},"type":"Feature"},{"geometry":{"coordinates":[[[-17.4792318,14.719258],[-17.4792563,14.7192264],[-17.4791437,14.7191412],[-17.4790453,14.7192608],[-17.4791728,14.7193338],[-17.4792318,14.719258]]],"type":"Polygon"},"id":"141eff12-93ef-47b1-8cfd-90e6ff1558eb","properties":{"building":true,"sourceLayer":"buildings","sources":["OpenStreetMap"]},"type":"Feature"},{"geometry":{"coordinates":[[[-17.4732137,14.7170491],[-17.473169,14.7170581],[-17.473174,14.7170814],[-17.4732187,14.7170724],[-17.4732137,14.7170491]]],"type":"Polygon"},"id":"1425e091-f651-4f1f-8e5b-5095688d1da2","properties":{"building":true,"sourceLayer":"buildings","sources":["Google Open Buildings"]},"type":"Feature"},{"geometry":{"coordinates":[[[-17.4736529,14.7180171],[-17.4735979,14.7180427],[-17.4736223,14.7180922],[-17.4736772,14.7180666],[-17.4736529,14.7180171]]],"type":"Polygon"},"id":"147a6cb5-754b-4337-afb1-10eeacbdcb7a","properties":{"building":true,"sourceLayer":"buildings","sources":["Google Open Buildings"]},"type":"Feature"},{"geometry":{"coordinates":[[[-17.4723264,14.720678],[-17.4721804,14.7206861],[-17.4721871,14.7207987],[-17.4723331,14.7207905],[-17.4723264,14.720678]]],"type":"Polygon"},"id":"1489be9e-35cd-41d8-b9cf-3a3851ec6899","properties":{"building":true,"sourceLayer":"buildings","sources":["Microsoft ML Buildings"]},"type":"Feature"},{"geometry":{"coordinates":[[[-17.476947,14.7190742],[-17.4768081,14.7192296],[-17.4768918,14.7192903],[-17.4770117,14.7191305],[-17.476947,14.7190742]]],"type":"Polygon"},"id":"15525dc1-0024-4cf5-8446-e74cc5936177","properties":{"building":true,"sourceLayer":"buildings","sources":["OpenStreetMap"]},"type":"Feature"},{"geometry":{"coordinates":[[[-17.4747898,14.7152201],[-17.4746777,14.7152469],[-17.4746855,14.7152781],[-17.4747975,14.7152514],[-17.4747898,14.7152201]]],"type":"Polygon"},"id":"1566fc7e-1db7-495a-aef5-4f86ed547660","properties":{"building":true,"sourceLayer":"buildings","sources":["Google Open Buildings"]},"type":"Feature"},{"geometry":{"coordinates":[[[-17.4716159,14.7183862],[-17.4716052,14.7184852],[-17.4716583,14.7184906],[-17.471669,14.7183916],[-17.4716159,14.7183862]]],"type":"Polygon"},"id":"158abb48-3512-41bc-83ba-73c1f11f433f","properties":{"building":true,"sourceLayer":"buildings","sources":["Google Open Buildings"]},"type":"Feature"},{"geometry":{"coordinates":[[[-17.4782198,14.718882],[-17.478429,14.7186278],[-17.4783794,14.718581],[-17.478274,14.7187041],[-17.4782537,14.7186859],[-17.4782096,14.7187288],[-17.478169,14.71875],[-17.4782198,14.718882]]],"type":"Polygon"},"id":"15a503e0-caa5-4a55-97fa-07aa45c0120b","properties":{"building":true,"sourceLayer":"buildings","sources":["OpenStreetMap"]},"type":"Feature"},{"geometry":{"coordinates":[[[-17.4767654,14.7139775],[-17.4765901,14.7140016],[-17.4766043,14.7140998],[-17.4766203,14.7140976],[-17.4766278,14.7141497],[-17.4767872,14.7141278],[-17.4767654,14.7139775]]],"type":"Polygon"},"id":"15a802cc-7135-4250-9281-eee9b7708be5","properties":{"building":true,"sourceLayer":"buildings","sources":["Google Open Buildings"]},"type":"Feature"},{"geometry":{"coordinates":[[[-17.4790412,14.721],[-17.4790974,14.7210862],[-17.4791947,14.7210007],[-17.4791275,14.7209237],[-17.4791194,14.7209312],[-17.4790717,14.7209754],[-17.4790412,14.721]]],"type":"Polygon"},"id":"15b147c4-b04e-41fd-b366-11daf09d29fb","properties":{"building":true,"sourceLayer":"buildings","sources":["OpenStreetMap"]},"type":"Feature"},{"geometry":{"coordinates":[[[-17.4716987,14.7190247],[-17.4716316,14.7190258],[-17.4716324,14.7190709],[-17.4716995,14.7190698],[-17.4716987,14.7190247]]],"type":"Polygon"},"id":"15b74892-f273-4fb0-b6cb-a71a5b3156a5","properties":{"building":true,"sourceLayer":"buildings","sources":["Google Open Buildings"]},"type":"Feature"},{"geometry":{"coordinates":[[[-17.477122,14.7164714],[-17.4771162,14.7163289],[-17.4770144,14.7163328],[-17.4770203,14.7164753],[-17.477122,14.7164714]]],"type":"Polygon"},"id":"15fa7f1a-4247-45e4-aef0-3f111063c8ae","properties":{"building":true,"sourceLayer":"buildings","sources":["Microsoft ML Buildings"]},"type":"Feature"},{"geometry":{"coordinates":[[[-17.4758281,14.714077],[-17.4757073,14.714133],[-17.4757598,14.7142401],[-17.4758805,14.7141841],[-17.4758281,14.714077]]],"type":"Polygon"},"id":"16250fd4-58ce-4ea6-a460-b09ce9480368","properties":{"building":true,"sourceLayer":"buildings","sources":["Google Open Buildings"]},"type":"Feature"},{"geometry":{"coordinates":[[[-17.4740667,14.7156797],[-17.4740841,14.715603],[-17.474061,14.7155981],[-17.4740683,14.7155659],[-17.4740145,14.7155545],[-17.4739899,14.7156635],[-17.4740667,14.7156797]]],"type":"Polygon"},"id":"1674007a-b18a-44b9-8ba4-2cfc4edd30bf","properties":{"building":true,"sourceLayer":"buildings","sources":["Microsoft ML Buildings"]},"type":"Feature"},{"geometry":{"coordinates":[[[-17.4766883,14.7169863],[-17.4767526,14.716984],[-17.4767481,14.7168659],[-17.4766838,14.7168682],[-17.4766883,14.7169863]]],"type":"Polygon"},"id":"1689ce7b-9259-4929-8a02-779c7cbcded8","properties":{"building":true,"sourceLayer":"buildings","sources":["Microsoft ML Buildings"]},"type":"Feature"},{"geometry":{"coordinates":[[[-17.4787031,14.7211696],[-17.4787576,14.7212341],[-17.4788777,14.7211611],[-17.4788225,14.7210931],[-17.4787031,14.7211696]]],"type":"Polygon"},"id":"169e7ea5-defd-40b3-99d7-25d8bc6da639","properties":{"building":true,"sourceLayer":"buildings","sources":["OpenStreetMap"]},"type":"Feature"},{"geometry":{"coordinates":[[[-17.4717798,14.7195206],[-17.4717714,14.7196552],[-17.4717509,14.719654],[-17.471748,14.7197009],[-17.4719276,14.7197115],[-17.4719305,14.7196651],[-17.4719005,14.7196633],[-17.4719049,14.7195939],[-17.4719825,14.7195984],[-17.4719865,14.7195327],[-17.4717798,14.7195206]]],"type":"Polygon"},"id":"16e1b047-057d-4a3a-aef5-b32e32fd7871","properties":{"building":true,"sourceLayer":"buildings","sources":["Google Open Buildings"]},"type":"Feature"},{"geometry":{"coordinates":[[[-17.4778363,14.7205657],[-17.4779071,14.7206253],[-17.4779464,14.7205747],[-17.4779913,14.7205167],[-17.4779222,14.7204655],[-17.4778363,14.7205657]]],"type":"Polygon"},"id":"16f97376-a086-4fff-a934-5cd593c60ebe","properties":{"building":true,"sourceLayer":"buildings","sources":["OpenStreetMap"]},"type":"Feature"},{"geometry":{"coordinates":[[[-17.4784467,14.7160178],[-17.4783475,14.7160163],[-17.4783424,14.7163145],[-17.4784416,14.7163161],[-17.4784467,14.7160178]]],"type":"Polygon"},"id":"17467fe6-d235-4ba1-9902-0f4ec7452054","properties":{"building":true,"sourceLayer":"buildings","sources":["Microsoft ML Buildings"]},"type":"Feature"},{"geometry":{"coordinates":[[[-17.4772977,14.717498],[-17.477165,14.7173673],[-17.4771275,14.7173967],[-17.4771452,14.7174162],[-17.4771233,14.7174333],[-17.4771095,14.717421],[-17.4770868,14.7174552],[-17.477227,14.7175538],[-17.4772535,14.7175271],[-17.4772694,14.7175511],[-17.4772977,14.717498]]],"type":"Polygon"},"id":"1749a13c-1c32-47ae-b451-a5badcfd3bc3","properties":{"building":true,"sourceLayer":"buildings","sources":["OpenStreetMap"]},"type":"Feature"},{"geometry":{"coordinates":[[[-17.4726866,14.7155928],[-17.4726677,14.7155099],[-17.4726114,14.7155219],[-17.4726304,14.7156049],[-17.4726866,14.7155928]]],"type":"Polygon"},"id":"1794c155-c924-480e-ba43-89f19fb9aadc","properties":{"building":true,"sourceLayer":"buildings","sources":["Microsoft ML Buildings"]},"type":"Feature"},{"geometry":{"coordinates":[[[-17.4781023,14.7217552],[-17.4782209,14.7217663],[-17.478228,14.7217117],[-17.4781121,14.721696],[-17.4781023,14.7217552]]],"type":"Polygon"},"id":"17ada166-ba12-411f-8ac5-91abd0537b6b","properties":{"building":true,"sourceLayer":"buildings","sources":["OpenStreetMap"]},"type":"Feature"},{"geometry":{"coordinates":[[[-17.4774715,14.7189306],[-17.477484,14.718879],[-17.4774255,14.7188657],[-17.477413,14.7189173],[-17.4774715,14.7189306]]],"type":"Polygon"},"id":"17dac65f-0c86-480b-b05e-544b4cbf1781","properties":{"building":true,"sourceLayer":"buildings","sources":["Microsoft ML Buildings"]},"type":"Feature"},{"geometry":{"coordinates":[[[-17.4781932,14.719661],[-17.4782625,14.7195919],[-17.478219,14.7195285],[-17.4781369,14.7195782],[-17.4781932,14.719661]]],"type":"Polygon"},"id":"180e7c77-89ce-4125-8dc1-c11f040a477f","properties":{"building":true,"sourceLayer":"buildings","sources":["OpenStreetMap"]},"type":"Feature"},{"geometry":{"coordinates":[[[-17.4736135,14.7203452],[-17.4735142,14.72037],[-17.4735475,14.7204968],[-17.4736469,14.7204721],[-17.4736135,14.7203452]]],"type":"Polygon"},"id":"18201740-2a32-491d-8069-449dbe0388f5","properties":{"building":true,"sourceLayer":"buildings","sources":["Google Open Buildings"]},"type":"Feature"},{"geometry":{"coordinates":[[[-17.4733547,14.7162613],[-17.4733671,14.7162996],[-17.4734063,14.7162875],[-17.4733939,14.7162492],[-17.4733547,14.7162613]]],"type":"Polygon"},"id":"185a6a04-4757-44f7-abd5-e5310f720282","properties":{"building":true,"sourceLayer":"buildings","sources":["Google Open Buildings"]},"type":"Feature"},{"geometry":{"coordinates":[[[-17.4723638,14.7193922],[-17.4723597,14.7194503],[-17.4724011,14.7194531],[-17.4723991,14.7194805],[-17.4725045,14.7194876],[-17.4725105,14.7194021],[-17.4723638,14.7193922]]],"type":"Polygon"},"id":"18989de5-1f6b-4813-a276-1ea2399415cd","properties":{"building":true,"sourceLayer":"buildings","sources":["Google Open Buildings"]},"type":"Feature"},{"geometry":{"coordinates":[[[-17.4786457,14.721383],[-17.4787566,14.7213254],[-17.4786866,14.7212261],[-17.4785791,14.7212859],[-17.4786457,14.721383]]],"type":"Polygon"},"id":"18c45a1f-4c81-4d3d-82c8-f62b625ab1ed","properties":{"building":true,"sourceLayer":"buildings","sources":["OpenStreetMap"]},"type":"Feature"},{"geometry":{"coordinates":[[[-17.474636,14.7153715],[-17.4746065,14.7153759],[-17.4746104,14.7154007],[-17.4745096,14.7154157],[-17.474514,14.7154441],[-17.4746444,14.7154247],[-17.474636,14.7153715]]],"type":"Polygon"},"id":"18cbd611-fd37-4e2f-b813-65a2eddc1ac2","properties":{"building":true,"sourceLayer":"buildings","sources":["Google Open Buildings"]},"type":"Feature"},{"geometry":{"coordinates":[[[-17.4767593,14.7171642],[-17.4766856,14.7171697],[-17.4766969,14.7173124],[-17.4767705,14.7173069],[-17.4767593,14.7171642]]],"type":"Polygon"},"id":"18e73b40-49c2-419a-8a05-cd7c8a6faebf","properties":{"building":true,"sourceLayer":"buildings","sources":["Google Open Buildings"]},"type":"Feature"},{"geometry":{"coordinates":[[[-17.477832,14.7210855],[-17.4778306,14.7209707],[-17.4776368,14.720959],[-17.4776362,14.7209823],[-17.4776087,14.7209849],[-17.4776087,14.7210667],[-17.477832,14.7210855]]],"type":"Polygon"},"id":"198caf43-69f5-44fa-a09d-88f0af300a97","properties":{"building":true,"sourceLayer":"buildings","sources":["OpenStreetMap"]},"type":"Feature"},{"geometry":{"coordinates":[[[-17.4725251,14.7162926],[-17.4724862,14.7162857],[-17.4724785,14.7163259],[-17.4725174,14.7163328],[-17.4725251,14.7162926]]],"type":"Polygon"},"id":"199fac60-09fe-415c-a2bd-9a1de08d4508","properties":{"building":true,"sourceLayer":"buildings","sources":["Microsoft ML Buildings"]},"type":"Feature"},{"geometry":{"coordinates":[[[-17.4764221,14.718332],[-17.4763902,14.7181841],[-17.4762891,14.7181909],[-17.4763285,14.718354],[-17.4764221,14.718332]]],"type":"Polygon"},"id":"19b3fe3e-8a69-4b94-add5-28a61c906e08","properties":{"building":true,"sourceLayer":"buildings","sources":["OpenStreetMap"]},"type":"Feature"},{"geometry":{"coordinates":[[[-17.4765301,14.71387],[-17.4763664,14.7138925],[-17.4763863,14.7140296],[-17.4764176,14.7140253],[-17.4764197,14.7140402],[-17.4765237,14.714026],[-17.4765216,14.714011],[-17.47655,14.7140071],[-17.4765301,14.71387]]],"type":"Polygon"},"id":"1a08f3c9-70c2-4000-8362-8c74e7753203","properties":{"building":true,"sourceLayer":"buildings","sources":["Google Open Buildings"]},"type":"Feature"},{"geometry":{"coordinates":[[[-17.4778967,14.7184968],[-17.4778331,14.7184704],[-17.4777887,14.7185925],[-17.4777666,14.7185848],[-17.4777621,14.718597],[-17.4778516,14.7186279],[-17.4778967,14.7184968]]],"type":"Polygon"},"id":"1a34a82e-e2f8-458d-b5c3-af789015908b","properties":{"building":true,"sourceLayer":"buildings","sources":["OpenStreetMap"]},"type":"Feature"},{"geometry":{"coordinates":[[[-17.4716754,14.7179576],[-17.4716685,14.7180493],[-17.47171,14.7180522],[-17.4717074,14.718087],[-17.4717938,14.7180932],[-17.4718033,14.7179667],[-17.4716754,14.7179576]]],"type":"Polygon"},"id":"1a7e05c3-80ac-406b-83a6-bfbeb7c64eb9","properties":{"building":true,"sourceLayer":"buildings","sources":["Google Open Buildings"]},"type":"Feature"},{"geometry":{"coordinates":[[[-17.4723197,14.7158542],[-17.4722662,14.7158563],[-17.4722675,14.7158899],[-17.4723211,14.7158879],[-17.4723197,14.7158542]]],"type":"Polygon"},"id":"1a7efd31-fc39-4835-b6ed-b023d4d1fedd","properties":{"building":true,"sourceLayer":"buildings","sources":["Microsoft ML Buildings"]},"type":"Feature"},{"geometry":{"coordinates":[[[-17.477037,14.7157641],[-17.4769503,14.7157694],[-17.476955,14.7158421],[-17.476926,14.7158439],[-17.4769307,14.7159167],[-17.4770463,14.7159096],[-17.477037,14.7157641]]],"type":"Polygon"},"id":"1ab94e58-d89c-4284-bf4d-89e6c3010c3d","properties":{"building":true,"sourceLayer":"buildings","sources":["Google Open Buildings"]},"type":"Feature"},{"geometry":{"coordinates":[[[-17.4739046,14.7152556],[-17.4738872,14.7153105],[-17.4739235,14.7153214],[-17.4739409,14.7152665],[-17.4739046,14.7152556]]],"type":"Polygon"},"id":"1ad4285c-658c-4e85-b34c-37e01e1ca54e","properties":{"building":true,"sourceLayer":"buildings","sources":["Google Open Buildings"]},"type":"Feature"},{"geometry":{"coordinates":[[[-17.4745999,14.7179686],[-17.4745764,14.7179702],[-17.4745791,14.7180083],[-17.4746026,14.7180067],[-17.4745999,14.7179686]]],"type":"Polygon"},"id":"1b287069-37b4-4e6e-ae9c-6eec7af98119","properties":{"building":true,"sourceLayer":"buildings","sources":["Google Open Buildings"]},"type":"Feature"},{"geometry":{"coordinates":[[[-17.47183,14.7206576],[-17.4717211,14.720654],[-17.4717173,14.7207636],[-17.4718567,14.7207683],[-17.471858,14.7207312],[-17.4718275,14.7207302],[-17.47183,14.7206576]]],"type":"Polygon"},"id":"1b49b309-0066-4286-b08d-e8a446bb5231","properties":{"building":true,"sourceLayer":"buildings","sources":["Google Open Buildings"]},"type":"Feature"},{"geometry":{"coordinates":[[[-17.4751854,14.7151411],[-17.4751294,14.7151644],[-17.4751494,14.7152101],[-17.4752054,14.7151868],[-17.4751854,14.7151411]]],"type":"Polygon"},"id":"1b49dbfd-7aad-4f6c-92a0-6ab246b4bf21","properties":{"building":true,"sourceLayer":"buildings","sources":["Google Open Buildings"]},"type":"Feature"},{"geometry":{"coordinates":[[[-17.4743931,14.7152683],[-17.4743951,14.7152991],[-17.4744211,14.7153239],[-17.474441,14.7153227],[-17.4744391,14.7152929],[-17.4743931,14.7152683]]],"type":"Polygon"},"id":"1b674d8b-3a65-4009-8f87-d1de812dedd9","properties":{"building":true,"sourceLayer":"buildings","sources":["Google Open Buildings"]},"type":"Feature"},{"geometry":{"coordinates":[[[-17.4769954,14.7154215],[-17.4769045,14.7154345],[-17.4769243,14.7155656],[-17.4770152,14.7155526],[-17.4769954,14.7154215]]],"type":"Polygon"},"id":"1baaebb8-8ba8-4fa3-ae50-bfcee000fe3f","properties":{"building":true,"sourceLayer":"buildings","sources":["Google Open Buildings"]},"type":"Feature"},{"geometry":{"coordinates":[[[-17.4758214,14.714218],[-17.4757298,14.7142508],[-17.4757685,14.7143534],[-17.4758602,14.7143206],[-17.4758214,14.714218]]],"type":"Polygon"},"id":"1bba64e8-1f70-49c4-a318-9738cf098f29","properties":{"building":true,"sourceLayer":"buildings","sources":["Google Open Buildings"]},"type":"Feature"},{"geometry":{"coordinates":[[[-17.4773838,14.7215907],[-17.4774063,14.7215781],[-17.4773946,14.7215549],[-17.4774032,14.7215507],[-17.4773471,14.7214598],[-17.4773145,14.7214795],[-17.4773447,14.7215224],[-17.4773268,14.721546],[-17.4773635,14.72161],[-17.4773878,14.7215984],[-17.4773838,14.7215907]]],"type":"Polygon"},"id":"1bdcc89b-e967-4774-9221-51d0643e0396","properties":{"building":true,"sourceLayer":"buildings","sources":["OpenStreetMap"]},"type":"Feature"},{"geometry":{"coordinates":[[[-17.4776007,14.7186796],[-17.4776198,14.7186902],[-17.4776465,14.7186169],[-17.4776271,14.7186069],[-17.4776007,14.7186796]]],"type":"Polygon"},"id":"1bef1b94-248c-499f-93d5-1af165559421","properties":{"building":true,"sourceLayer":"buildings","sources":["OpenStreetMap"]},"type":"Feature"},{"geometry":{"coordinates":[[[-17.4745098,14.7141226],[-17.4744696,14.7141386],[-17.4744958,14.7142012],[-17.474536,14.7141852],[-17.4745098,14.7141226]]],"type":"Polygon"},"id":"1c43a22d-2bb0-43d4-beaa-9a50e50217f5","properties":{"building":true,"sourceLayer":"buildings","sources":["Google Open Buildings"]},"type":"Feature"},{"geometry":{"coordinates":[[[-17.4774939,14.7206441],[-17.4776322,14.7207549],[-17.4776935,14.720577],[-17.4775888,14.7205159],[-17.4774939,14.7206441]]],"type":"Polygon"},"id":"1c93893f-269f-4565-be3e-61ecefad58b7","properties":{"building":true,"sourceLayer":"buildings","sources":["OpenStreetMap"]},"type":"Feature"},{"geometry":{"coordinates":[[[-17.4786898,14.7189241],[-17.4788017,14.7188022],[-17.4786365,14.7186792],[-17.4785455,14.7187903],[-17.4786898,14.7189241]]],"type":"Polygon"},"id":"1ca910ec-c28e-4779-89ce-7375ad4eea61","properties":{"building":true,"sourceLayer":"buildings","sources":["OpenStreetMap"]},"type":"Feature"},{"geometry":{"coordinates":[[[-17.4726533,14.715909],[-17.4725653,14.715915],[-17.4725677,14.7159478],[-17.4726556,14.7159418],[-17.4726533,14.715909]]],"type":"Polygon"},"id":"1cbf0ea2-5027-4087-be55-5e7210500c43","properties":{"building":true,"sourceLayer":"buildings","sources":["Google Open Buildings"]},"type":"Feature"},{"geometry":{"coordinates":[[[-17.4715519,14.7137867],[-17.4715259,14.7137869],[-17.4715264,14.7138276],[-17.4715524,14.7138273],[-17.4715519,14.7137867]]],"type":"Polygon"},"id":"1d029907-7115-41eb-ad81-6398c4a8a04f","properties":{"building":true,"sourceLayer":"buildings","sources":["Google Open Buildings"]},"type":"Feature"},{"geometry":{"coordinates":[[[-17.4725639,14.7205689],[-17.4726068,14.7205701],[-17.4726082,14.720526],[-17.4725653,14.7205248],[-17.4725639,14.7205689]]],"type":"Polygon"},"id":"1d0af054-72a8-4110-8cda-e17af288b679","properties":{"building":true,"sourceLayer":"buildings","sources":["Microsoft ML Buildings"]},"type":"Feature"},{"geometry":{"coordinates":[[[-17.4771989,14.7198402],[-17.4772839,14.7199463],[-17.4773518,14.7198833],[-17.4772685,14.7197815],[-17.4771989,14.7198402]]],"type":"Polygon"},"id":"1d2f1128-f6e3-4bee-9000-3de960e82b20","properties":{"building":true,"sourceLayer":"buildings","sources":["OpenStreetMap"]},"type":"Feature"},{"geometry":{"coordinates":[[[-17.4714702,14.719954],[-17.4714607,14.7200545],[-17.4715698,14.7200644],[-17.4715794,14.7199638],[-17.4714702,14.719954]]],"type":"Polygon"},"id":"1d5df4ce-1eff-4abc-a42c-00723125b222","properties":{"building":true,"sourceLayer":"buildings","sources":["Google Open Buildings"]},"type":"Feature"},{"geometry":{"coordinates":[[[-17.4742943,14.7144554],[-17.4742124,14.7144928],[-17.4742405,14.7145511],[-17.4743224,14.7145137],[-17.4742943,14.7144554]]],"type":"Polygon"},"id":"1db1db5f-abf9-4410-8254-fc26fca6861e","properties":{"building":true,"sourceLayer":"buildings","sources":["Google Open Buildings"]},"type":"Feature"},{"geometry":{"coordinates":[[[-17.4767775,14.7141864],[-17.4764865,14.7142279],[-17.4765081,14.7143712],[-17.4765706,14.7143623],[-17.4765665,14.7143346],[-17.4767949,14.714302],[-17.4767775,14.7141864]]],"type":"Polygon"},"id":"1dcfd79a-5f41-42fb-be8a-c824cf054e28","properties":{"building":true,"sourceLayer":"buildings","sources":["Google Open Buildings"]},"type":"Feature"},{"geometry":{"coordinates":[[[-17.475397,14.714832],[-17.475352,14.7148508],[-17.4753679,14.7148868],[-17.475413,14.7148679],[-17.475397,14.714832]]],"type":"Polygon"},"id":"1ed1115a-5877-40f5-b691-610a1d76329b","properties":{"building":true,"sourceLayer":"buildings","sources":["Google Open Buildings"]},"type":"Feature"},{"geometry":{"coordinates":[[[-17.4777458,14.716],[-17.4776695,14.7160056],[-17.4776709,14.7160245],[-17.4777473,14.7160189],[-17.4777458,14.716]]],"type":"Polygon"},"id":"1ed27770-e12b-4db0-8f7f-c58437ef33d2","properties":{"building":true,"sourceLayer":"buildings","sources":["Google Open Buildings"]},"type":"Feature"},{"geometry":{"coordinates":[[[-17.4734817,14.7177907],[-17.4734219,14.7178134],[-17.473445,14.7178712],[-17.4735048,14.7178485],[-17.4734817,14.7177907]]],"type":"Polygon"},"id":"1f76f363-d76d-4971-8bec-9d1a480c3578","properties":{"building":true,"sourceLayer":"buildings","sources":["Google Open Buildings"]},"type":"Feature"},{"geometry":{"coordinates":[[[-17.4771869,14.7187417],[-17.4772213,14.7186916],[-17.4770999,14.7186214],[-17.4770858,14.7186393],[-17.4770294,14.7187373],[-17.4771297,14.7188083],[-17.4771612,14.7187733],[-17.4771379,14.718753],[-17.4771601,14.718727],[-17.4771869,14.7187417]]],"type":"Polygon"},"id":"1fb26618-1ca6-407a-aa4d-bef71133cc6b","properties":{"building":true,"sourceLayer":"buildings","sources":["OpenStreetMap"]},"type":"Feature"},{"geometry":{"coordinates":[[[-17.471997,14.7193507],[-17.4719117,14.7193536],[-17.4719124,14.7193726],[-17.4718152,14.7193759],[-17.4718188,14.7195202],[-17.4719737,14.7195149],[-17.4719719,14.7194657],[-17.4720011,14.7194647],[-17.471997,14.7193507]]],"type":"Polygon"},"id":"1fbcd921-4ce8-4cde-8853-38d690994976","properties":{"building":true,"sourceLayer":"buildings","sources":["Google Open Buildings"]},"type":"Feature"},{"geometry":{"coordinates":[[[-17.4731693,14.7156585],[-17.4731732,14.7156731],[-17.4731979,14.7157075],[-17.4732215,14.7157015],[-17.4732075,14.7156489],[-17.4731693,14.7156585]]],"type":"Polygon"},"id":"1fe91249-8cb2-412f-98d3-0accd8c25ec0","properties":{"building":true,"sourceLayer":"buildings","sources":["Google Open Buildings"]},"type":"Feature"},{"geometry":{"coordinates":[[[-17.4738352,14.7154839],[-17.4739454,14.7155068],[-17.4739562,14.7154585],[-17.4738459,14.7154355],[-17.4738352,14.7154839]]],"type":"Polygon"},"id":"2032fd08-55a0-4f7a-8d37-3051a9f4f7c1","properties":{"building":true,"sourceLayer":"buildings","sources":["Microsoft ML Buildings"]},"type":"Feature"},{"geometry":{"coordinates":[[[-17.4777288,14.7164859],[-17.4776265,14.7164939],[-17.4776302,14.716539],[-17.4775908,14.7165421],[-17.4775951,14.7165947],[-17.4777368,14.7165837],[-17.4777288,14.7164859]]],"type":"Polygon"},"id":"2035064e-4a61-4fe6-bf96-79c12cbbff96","properties":{"building":true,"sourceLayer":"buildings","sources":["Google Open Buildings"]},"type":"Feature"},{"geometry":{"coordinates":[[[-17.4771304,14.7203205],[-17.4771426,14.7202474],[-17.4770515,14.7201621],[-17.4770182,14.7201845],[-17.4770491,14.7203626],[-17.4771304,14.7203205]]],"type":"Polygon"},"id":"203b23be-9d2e-4269-b882-5e109c156e6d","properties":{"building":true,"sourceLayer":"buildings","sources":["OpenStreetMap"]},"type":"Feature"},{"geometry":{"coordinates":[[[-17.4734189,14.7174141],[-17.4734156,14.7173416],[-17.4733581,14.717344],[-17.4733614,14.7174165],[-17.4734189,14.7174141]]],"type":"Polygon"},"id":"2044b5ec-a386-429f-99ce-9358e5d12815","properties":{"building":true,"sourceLayer":"buildings","sources":["Microsoft ML Buildings"]},"type":"Feature"},{"geometry":{"coordinates":[[[-17.4721244,14.7136969],[-17.4721154,14.7137917],[-17.4721856,14.7137979],[-17.4721881,14.7137707],[-17.472206,14.7137723],[-17.4722034,14.7137995],[-17.4725352,14.7138291],[-17.4725478,14.7136951],[-17.4724313,14.7136847],[-17.4724276,14.7137239],[-17.4724055,14.713722],[-17.4724092,14.7136828],[-17.4723228,14.7136751],[-17.4723162,14.7137448],[-17.4722925,14.7137427],[-17.4722954,14.7137122],[-17.4721244,14.7136969]]],"type":"Polygon"},"id":"205a6f16-5725-4952-8664-f5039e698112","properties":{"building":true,"sourceLayer":"buildings","sources":["Google Open Buildings"]},"type":"Feature"},{"geometry":{"coordinates":[[[-17.4749391,14.7155528],[-17.4748928,14.7155624],[-17.4748993,14.7155916],[-17.474866,14.7155986],[-17.4748723,14.7156271],[-17.4749518,14.7156105],[-17.4749391,14.7155528]]],"type":"Polygon"},"id":"206073f5-e5cb-484d-9d2a-9f18f8ecd126","properties":{"building":true,"sourceLayer":"buildings","sources":["Google Open Buildings"]},"type":"Feature"},{"geometry":{"coordinates":[[[-17.4733617,14.7182625],[-17.4733445,14.7182984],[-17.4733821,14.7183154],[-17.4733993,14.7182795],[-17.4733617,14.7182625]]],"type":"Polygon"},"id":"20661f49-9d1f-4f05-9fd4-995af59bcba1","properties":{"building":true,"sourceLayer":"buildings","sources":["Google Open Buildings"]},"type":"Feature"},{"geometry":{"coordinates":[[[-17.4751516,14.7148982],[-17.4751191,14.7149098],[-17.4751452,14.7149792],[-17.4751777,14.7149677],[-17.4751516,14.7148982]]],"type":"Polygon"},"id":"20773ddc-e425-4a77-885c-385ca2323a27","properties":{"building":true,"sourceLayer":"buildings","sources":["Google Open Buildings"]},"type":"Feature"},{"geometry":{"coordinates":[[[-17.4740177,14.7152609],[-17.4740564,14.7152684],[-17.4740657,14.7152234],[-17.474027,14.715216],[-17.4740177,14.7152609]]],"type":"Polygon"},"id":"20a902a2-e35e-48bb-baa1-a371b5255b30","properties":{"building":true,"sourceLayer":"buildings","sources":["Microsoft ML Buildings"]},"type":"Feature"},{"geometry":{"coordinates":[[[-17.4734662,14.7153598],[-17.4734348,14.7153749],[-17.4734542,14.7154132],[-17.4734857,14.7153981],[-17.4734662,14.7153598]]],"type":"Polygon"},"id":"2172237c-90d2-49f6-b885-fac1e260a97a","properties":{"building":true,"sourceLayer":"buildings","sources":["Google Open Buildings"]},"type":"Feature"},{"geometry":{"coordinates":[[[-17.472683,14.7141773],[-17.4726822,14.7141514],[-17.4726298,14.7141527],[-17.4726305,14.7141787],[-17.472683,14.7141773]]],"type":"Polygon"},"id":"217f367d-80e2-4d5d-9e4a-0f0d5304c0c8","properties":{"building":true,"sourceLayer":"buildings","sources":["Microsoft ML Buildings"]},"type":"Feature"},{"geometry":{"coordinates":[[[-17.474342,14.7173668],[-17.4743196,14.71737],[-17.4743263,14.7174147],[-17.4743487,14.7174115],[-17.474342,14.7173668]]],"type":"Polygon"},"id":"21ac1d49-aeac-4eb2-865f-8743c22a056d","properties":{"building":true,"sourceLayer":"buildings","sources":["Google Open Buildings"]},"type":"Feature"},{"geometry":{"coordinates":[[[-17.4726586,14.7177585],[-17.4727048,14.717807],[-17.4727316,14.7177828],[-17.4726854,14.7177343],[-17.4726586,14.7177585]]],"type":"Polygon"},"id":"21b186c6-6104-416c-8691-0079e8a1659c","properties":{"building":true,"sourceLayer":"buildings","sources":["Google Open Buildings"]},"type":"Feature"},{"geometry":{"coordinates":[[[-17.4784552,14.7170119],[-17.478411,14.7170265],[-17.4784214,14.717056],[-17.4784655,14.7170414],[-17.4784552,14.7170119]]],"type":"Polygon"},"id":"21f5a132-b216-4e08-97c3-7babc33ffebc","properties":{"building":true,"sourceLayer":"buildings","sources":["Google Open Buildings"]},"type":"Feature"},{"geometry":{"coordinates":[[[-17.4743137,14.7150818],[-17.4743024,14.7151121],[-17.4743412,14.7151257],[-17.4743525,14.7150953],[-17.4743137,14.7150818]]],"type":"Polygon"},"id":"22216078-3055-4ba2-9b3a-c7bfd40eaf75","properties":{"building":true,"sourceLayer":"buildings","sources":["Google Open Buildings"]},"type":"Feature"},{"geometry":{"coordinates":[[[-17.4723441,14.7169223],[-17.4722816,14.7169509],[-17.4723029,14.7169952],[-17.4723655,14.7169666],[-17.4723441,14.7169223]]],"type":"Polygon"},"id":"22629c7d-8e31-45fb-bdd2-3e826e491d9b","properties":{"building":true,"sourceLayer":"buildings","sources":["Google Open Buildings"]},"type":"Feature"},{"geometry":{"coordinates":[[[-17.474521,14.7159089],[-17.4744893,14.7159109],[-17.4744916,14.715947],[-17.4745234,14.715945],[-17.474521,14.7159089]]],"type":"Polygon"},"id":"229efab4-223d-4dc3-b6a6-d7050e7611f3","properties":{"building":true,"sourceLayer":"buildings","sources":["Google Open Buildings"]},"type":"Feature"},{"geometry":{"coordinates":[[[-17.4773935,14.7157735],[-17.4774832,14.7157722],[-17.4774808,14.7156262],[-17.4772099,14.7156366],[-17.4771857,14.7156612],[-17.4771857,14.7157767],[-17.477293,14.7157751],[-17.4773935,14.7157735]]],"type":"Polygon"},"id":"22f56aa3-8294-476b-86cf-aef363956fa9","properties":{"building":true,"sourceLayer":"buildings","sources":["OpenStreetMap"]},"type":"Feature"},{"geometry":{"coordinates":[[[-17.4787978,14.7163874],[-17.4787436,14.716396],[-17.4787522,14.7164476],[-17.4788064,14.7164391],[-17.4787978,14.7163874]]],"type":"Polygon"},"id":"230d73e4-7c1f-482d-8490-7f662bf63a3e","properties":{"building":true,"sourceLayer":"buildings","sources":["Google Open Buildings"]},"type":"Feature"},{"geometry":{"coordinates":[[[-17.4736069,14.7165153],[-17.4736398,14.7165692],[-17.4736746,14.7165493],[-17.4736418,14.7164954],[-17.4736069,14.7165153]]],"type":"Polygon"},"id":"23a339c0-2151-442c-be36-063828024585","properties":{"building":true,"sourceLayer":"buildings","sources":["Microsoft ML Buildings"]},"type":"Feature"},{"geometry":{"coordinates":[[[-17.4777306,14.718427],[-17.4776834,14.7185589],[-17.47774,14.7185835],[-17.4777436,14.7185713],[-17.4777668,14.7185799],[-17.4777739,14.7185691],[-17.477766,14.7185646],[-17.4777765,14.7185345],[-17.4777841,14.7185367],[-17.4778095,14.7184602],[-17.4777891,14.71845],[-17.4777737,14.7184993],[-17.4777629,14.718496],[-17.4777778,14.7184455],[-17.4777306,14.718427]]],"type":"Polygon"},"id":"2417a901-98fa-42a0-ba3f-7b23dec926c9","properties":{"building":true,"sourceLayer":"buildings","sources":["OpenStreetMap"]},"type":"Feature"},{"geometry":{"coordinates":[[[-17.4767909,14.7188095],[-17.4769072,14.7188905],[-17.4769469,14.7188395],[-17.4768325,14.7187581],[-17.4767909,14.7188095]]],"type":"Polygon"},"id":"241d9044-4f49-48a7-8b21-6b87a7b8aeea","properties":{"building":true,"sourceLayer":"buildings","sources":["OpenStreetMap"]},"type":"Feature"},{"geometry":{"coordinates":[[[-17.4709434,14.7169277],[-17.4709358,14.7170321],[-17.4710962,14.7170431],[-17.4711038,14.7169386],[-17.4709434,14.7169277]]],"type":"Polygon"},"id":"2426b119-344d-453f-84dd-635dc9a66b5a","properties":{"building":true,"sourceLayer":"buildings","sources":["Google Open Buildings"]},"type":"Feature"},{"geometry":{"coordinates":[[[-17.4779314,14.7180305],[-17.4777077,14.717862],[-17.4776321,14.718044],[-17.4777082,14.7181186],[-17.4776844,14.718184],[-17.4777474,14.7182026],[-17.4777414,14.7182477],[-17.4778539,14.7182825],[-17.4779314,14.7180305]]],"type":"Polygon"},"id":"245f4189-3781-46bf-a059-3eb7582b0b0a","properties":{"building":true,"sourceLayer":"buildings","sources":["OpenStreetMap"]},"type":"Feature"},{"geometry":{"coordinates":[[[-17.4772184,14.716221],[-17.4772244,14.7163411],[-17.4773087,14.7163372],[-17.4773074,14.7163114],[-17.477369,14.7163085],[-17.4773643,14.7162143],[-17.4773134,14.7162166],[-17.4773121,14.7161907],[-17.4772653,14.7161929],[-17.4772666,14.7162188],[-17.4772184,14.716221]]],"type":"Polygon"},"id":"2461532d-5e31-4bf2-a141-7a1fc8a6ceeb","properties":{"building":true,"sourceLayer":"buildings","sources":["Microsoft ML Buildings"]},"type":"Feature"},{"geometry":{"coordinates":[[[-17.4709141,14.7173069],[-17.4709052,14.7174257],[-17.4710673,14.7174372],[-17.4710762,14.7173184],[-17.4709141,14.7173069]]],"type":"Polygon"},"id":"24663a04-a9ef-4922-8376-f36d7c94cfc8","properties":{"building":true,"sourceLayer":"buildings","sources":["Google Open Buildings"]},"type":"Feature"},{"geometry":{"coordinates":[[[-17.4762858,14.7150009],[-17.476226,14.7150081],[-17.4762387,14.7151091],[-17.4762985,14.715102],[-17.4762858,14.7150009]]],"type":"Polygon"},"id":"24d49932-7169-43d4-a18b-735c345d03c5","properties":{"building":true,"sourceLayer":"buildings","sources":["Google Open Buildings"]},"type":"Feature"},{"geometry":{"coordinates":[[[-17.473425,14.7191977],[-17.4733232,14.7192254],[-17.4733335,14.719261],[-17.4732099,14.7192947],[-17.4732452,14.7194175],[-17.473316,14.7193982],[-17.4733237,14.7194249],[-17.4733114,14.7194283],[-17.4733224,14.7194666],[-17.4732909,14.7194752],[-17.4733309,14.7196144],[-17.4733624,14.7196059],[-17.4733794,14.719665],[-17.4735067,14.7196304],[-17.4734897,14.7195712],[-17.4735293,14.7195604],[-17.4735176,14.7195196],[-17.4734355,14.7195419],[-17.4734233,14.7194994],[-17.4734657,14.7194878],[-17.4734148,14.7193106],[-17.4734544,14.7192998],[-17.473425,14.7191977]]],"type":"Polygon"},"id":"24f4ae44-593f-4f36-936c-c1ecd45097eb","properties":{"building":true,"sourceLayer":"buildings","sources":["Google Open Buildings"]},"type":"Feature"},{"geometry":{"coordinates":[[[-17.4781156,14.7216487],[-17.4781256,14.7215392],[-17.4779977,14.7215217],[-17.4779796,14.7216267],[-17.4781156,14.7216487]]],"type":"Polygon"},"id":"2523479b-0ad7-4cf1-9923-80954d8ce412","properties":{"building":true,"sourceLayer":"buildings","sources":["OpenStreetMap"]},"type":"Feature"},{"geometry":{"coordinates":[[[-17.4764986,14.7178278],[-17.4765501,14.7178221],[-17.4765611,14.7177477],[-17.4765494,14.717743],[-17.4765482,14.7177158],[-17.4765082,14.7177163],[-17.4765016,14.717734],[-17.4764926,14.7177336],[-17.4764935,14.7177163],[-17.4764788,14.7177172],[-17.4764855,14.7178062],[-17.4764981,14.7178153],[-17.4764986,14.7178278]]],"type":"Polygon"},"id":"25404493-84ed-4388-ac9a-6fe3ec9b36d9","properties":{"building":true,"sourceLayer":"buildings","sources":["OpenStreetMap"]},"type":"Feature"},{"geometry":{"coordinates":[[[-17.4732408,14.7173291],[-17.473202,14.7173015],[-17.4731696,14.7173446],[-17.4732084,14.7173722],[-17.4732408,14.7173291]]],"type":"Polygon"},"id":"2577c995-4b22-4fe9-9370-6e33936f7033","properties":{"building":true,"sourceLayer":"buildings","sources":["Google Open Buildings"]},"type":"Feature"},{"geometry":{"coordinates":[[[-17.4782668,14.7193099],[-17.4783932,14.7192365],[-17.4783098,14.7190754],[-17.4781842,14.7191856],[-17.4782668,14.7193099]]],"type":"Polygon"},"id":"25813942-475e-4003-9996-0266f6776886","properties":{"building":true,"sourceLayer":"buildings","sources":["OpenStreetMap"]},"type":"Feature"},{"geometry":{"coordinates":[[[-17.4728159,14.72004],[-17.4728126,14.7201126],[-17.4728933,14.7201161],[-17.4728966,14.7200435],[-17.4728495,14.7200415],[-17.4728159,14.72004]]],"type":"Polygon"},"id":"259d6bbb-55df-4632-807a-11a63bf4def7","properties":{"building":true,"sourceLayer":"buildings","sources":["Google Open Buildings"]},"type":"Feature"},{"geometry":{"coordinates":[[[-17.4728891,14.7207002],[-17.4728039,14.7206954],[-17.4727957,14.7208331],[-17.4728611,14.7208368],[-17.4728623,14.7208178],[-17.4729357,14.7208219],[-17.4729374,14.7207925],[-17.4728838,14.7207895],[-17.4728891,14.7207002]]],"type":"Polygon"},"id":"259fd025-c598-445e-877b-8160dcddf7c5","properties":{"building":true,"sourceLayer":"buildings","sources":["Google Open Buildings"]},"type":"Feature"},{"geometry":{"coordinates":[[[-17.4722938,14.7171709],[-17.4722625,14.7171784],[-17.4722701,14.7172088],[-17.4723014,14.7172013],[-17.4722938,14.7171709]]],"type":"Polygon"},"id":"25a8e61c-62e4-4bc6-b026-0e0c06488150","properties":{"building":true,"sourceLayer":"buildings","sources":["Google Open Buildings"]},"type":"Feature"},{"geometry":{"coordinates":[[[-17.4719152,14.720822],[-17.4719105,14.7209319],[-17.4719366,14.7209329],[-17.4719348,14.720976],[-17.4720419,14.7209803],[-17.4720451,14.7209044],[-17.4720385,14.7209042],[-17.4720398,14.7208733],[-17.4720717,14.7208746],[-17.4720737,14.7208284],[-17.4719152,14.720822]]],"type":"Polygon"},"id":"25be1d51-1881-4fb5-93e6-7a0726423092","properties":{"building":true,"sourceLayer":"buildings","sources":["Google Open Buildings"]},"type":"Feature"},{"geometry":{"coordinates":[[[-17.4720782,14.7210891],[-17.4720373,14.7210855],[-17.4720295,14.7211686],[-17.4720704,14.7211722],[-17.4720782,14.7210891]]],"type":"Polygon"},"id":"25ca1359-1581-42a7-abc2-106ecfefd33a","properties":{"building":true,"sourceLayer":"buildings","sources":["Google Open Buildings"]},"type":"Feature"},{"geometry":{"coordinates":[[[-17.4748317,14.7148977],[-17.4748013,14.714909],[-17.4748217,14.7149609],[-17.4748521,14.7149496],[-17.4748317,14.7148977]]],"type":"Polygon"},"id":"25dcf229-2dcc-42d7-8edf-8d86b1614b03","properties":{"building":true,"sourceLayer":"buildings","sources":["Google Open Buildings"]},"type":"Feature"},{"geometry":{"coordinates":[[[-17.4747916,14.7163426],[-17.4747311,14.7163641],[-17.4747699,14.7164678],[-17.4747983,14.7164577],[-17.4747883,14.7164309],[-17.4748204,14.7164195],[-17.4747916,14.7163426]]],"type":"Polygon"},"id":"25efb662-c6c3-4a37-8669-499fb5584a36","properties":{"building":true,"sourceLayer":"buildings","sources":["Google Open Buildings"]},"type":"Feature"},{"geometry":{"coordinates":[[[-17.477656,14.7185932],[-17.4776708,14.7185587],[-17.4775794,14.718517],[-17.4775629,14.7185506],[-17.477656,14.7185932]]],"type":"Polygon"},"id":"262d70cc-f3d8-4919-b150-2cf2d28d55d9","properties":{"building":true,"sourceLayer":"buildings","sources":["OpenStreetMap"]},"type":"Feature"},{"geometry":{"coordinates":[[[-17.4746701,14.7158421],[-17.474615,14.715857],[-17.4746236,14.7158871],[-17.4746786,14.7158723],[-17.4746701,14.7158421]]],"type":"Polygon"},"id":"2638104a-f9e4-4588-85d7-cca300e8e10b","properties":{"building":true,"sourceLayer":"buildings","sources":["Google Open Buildings"]},"type":"Feature"},{"geometry":{"coordinates":[[[-17.4721739,14.7172878],[-17.4721791,14.7172841],[-17.4721294,14.7172179],[-17.47199,14.717316],[-17.4721303,14.7175026],[-17.4722645,14.7174082],[-17.4721739,14.7172878]]],"type":"Polygon"},"id":"2661b2e9-fa80-4dda-9710-df67e189da78","properties":{"building":true,"sourceLayer":"buildings","sources":["Microsoft ML Buildings"]},"type":"Feature"},{"geometry":{"coordinates":[[[-17.472026,14.7177935],[-17.4720194,14.7179089],[-17.4721953,14.7179185],[-17.4721985,14.717862],[-17.4721747,14.7178607],[-17.4721781,14.7178017],[-17.472026,14.7177935]]],"type":"Polygon"},"id":"26b7870e-4a1d-49ca-a672-781ffbbb3da7","properties":{"building":true,"sourceLayer":"buildings","sources":["Google Open Buildings"]},"type":"Feature"},{"geometry":{"coordinates":[[[-17.4787007,14.7167289],[-17.4786084,14.716776],[-17.4786722,14.7168944],[-17.4787646,14.7168473],[-17.4787007,14.7167289]]],"type":"Polygon"},"id":"26f23586-58e2-48d2-90e5-849e7f8d6eab","properties":{"building":true,"sourceLayer":"buildings","sources":["Google Open Buildings"]},"type":"Feature"},{"geometry":{"coordinates":[[[-17.472774,14.7189043],[-17.4727485,14.7188166],[-17.4726013,14.7188571],[-17.4726269,14.7189448],[-17.472774,14.7189043]]],"type":"Polygon"},"id":"270efff9-1d9a-4888-9123-a5e05a39ebda","properties":{"building":true,"sourceLayer":"buildings","sources":["Google Open Buildings"]},"type":"Feature"},{"geometry":{"coordinates":[[[-17.4766166,14.7152928],[-17.4765384,14.715304],[-17.4765599,14.7154464],[-17.4766381,14.7154353],[-17.4766166,14.7152928]]],"type":"Polygon"},"id":"273558f8-2dae-4dd1-bbfa-7d3dcfb5dd4b","properties":{"building":true,"sourceLayer":"buildings","sources":["Google Open Buildings"]},"type":"Feature"},{"geometry":{"coordinates":[[[-17.4782679,14.716351],[-17.4782657,14.7162956],[-17.4781264,14.7163008],[-17.4781303,14.7163992],[-17.4782334,14.7163954],[-17.4782317,14.7163524],[-17.4782679,14.716351]]],"type":"Polygon"},"id":"2742f132-c444-4305-988b-486c0d083427","properties":{"building":true,"sourceLayer":"buildings","sources":["Microsoft ML Buildings"]},"type":"Feature"},{"geometry":{"coordinates":[[[-17.4789099,14.7155864],[-17.4788991,14.7156134],[-17.4789413,14.7156294],[-17.4789521,14.7156024],[-17.4789099,14.7155864]]],"type":"Polygon"},"id":"274bb91a-32a8-42b2-b70b-473a67c6818a","properties":{"building":true,"sourceLayer":"buildings","sources":["Google Open Buildings"]},"type":"Feature"},{"geometry":{"coordinates":[[[-17.476708,14.7138456],[-17.4765301,14.71387],[-17.4765431,14.7139598],[-17.4765832,14.7139542],[-17.4765901,14.7140016],[-17.4767279,14.7139827],[-17.476708,14.7138456]]],"type":"Polygon"},"id":"275912b0-d9c4-4e63-bce6-39d82faf8a64","properties":{"building":true,"sourceLayer":"buildings","sources":["Google Open Buildings"]},"type":"Feature"},{"geometry":{"coordinates":[[[-17.4744836,14.7157923],[-17.474453,14.715794],[-17.4744559,14.7158458],[-17.4744865,14.7158442],[-17.4744836,14.7157923]]],"type":"Polygon"},"id":"27a3b546-02ef-4c9d-bae4-aa9ed3f5f6ed","properties":{"building":true,"sourceLayer":"buildings","sources":["Google Open Buildings"]},"type":"Feature"},{"geometry":{"coordinates":[[[-17.4769272,14.721515],[-17.4769337,14.7216839],[-17.4770378,14.7216315],[-17.4770135,14.7215948],[-17.4770353,14.7215835],[-17.4769814,14.7214873],[-17.4769272,14.721515]]],"type":"Polygon"},"id":"27d89330-815c-48d8-8739-77afd805c449","properties":{"building":true,"sourceLayer":"buildings","sources":["OpenStreetMap"]},"type":"Feature"},{"geometry":{"coordinates":[[[-17.4769416,14.7190667],[-17.4768687,14.7190176],[-17.4767485,14.7191774],[-17.4768081,14.7192296],[-17.4769416,14.7190667]]],"type":"Polygon"},"id":"27e0cf19-c053-45d4-86b2-f14a2253fbd0","properties":{"building":true,"sourceLayer":"buildings","sources":["OpenStreetMap"]},"type":"Feature"},{"geometry":{"coordinates":[[[-17.4725641,14.7152325],[-17.4724609,14.7152696],[-17.4725303,14.7154521],[-17.4726335,14.715415],[-17.4725641,14.7152325]]],"type":"Polygon"},"id":"2839b1b3-3712-4419-8638-1f91031b39b1","properties":{"building":true,"sourceLayer":"buildings","sources":["Google Open Buildings"]},"type":"Feature"},{"geometry":{"coordinates":[[[-17.4727493,14.7201945],[-17.4725888,14.7201822],[-17.4725796,14.7202963],[-17.4727401,14.7203085],[-17.4727493,14.7201945]]],"type":"Polygon"},"id":"28a24ebe-a810-4c18-8ab1-c7455fed00bd","properties":{"building":true,"sourceLayer":"buildings","sources":["Google Open Buildings"]},"type":"Feature"},{"geometry":{"coordinates":[[[-17.4734865,14.7168702],[-17.473539,14.7169445],[-17.4735609,14.7169298],[-17.4735085,14.7168555],[-17.4734865,14.7168702]]],"type":"Polygon"},"id":"299cf7ae-f778-4b85-9346-3c565fe64867","properties":{"building":true,"sourceLayer":"buildings","sources":["Google Open Buildings"]},"type":"Feature"},{"geometry":{"coordinates":[[[-17.4728114,14.7177361],[-17.4727813,14.717746],[-17.4727924,14.717778],[-17.4728224,14.7177682],[-17.4728114,14.7177361]]],"type":"Polygon"},"id":"29f97bed-a8e9-4b0d-a344-10eed971fecb","properties":{"building":true,"sourceLayer":"buildings","sources":["Google Open Buildings"]},"type":"Feature"},{"geometry":{"coordinates":[[[-17.4726475,14.7182324],[-17.4727703,14.7183583],[-17.4728551,14.71828],[-17.4727323,14.7181541],[-17.4726475,14.7182324]]],"type":"Polygon"},"id":"2a25230c-99ad-4906-a052-6ec7d71b1526","properties":{"building":true,"sourceLayer":"buildings","sources":["Google Open Buildings"]},"type":"Feature"},{"geometry":{"coordinates":[[[-17.4729356,14.7179302],[-17.472894,14.7178919],[-17.4728485,14.7179381],[-17.47289,14.7179764],[-17.4729356,14.7179302]]],"type":"Polygon"},"id":"2a463e84-db00-4efc-978b-e165d1c73edd","properties":{"building":true,"sourceLayer":"buildings","sources":["Microsoft ML Buildings"]},"type":"Feature"},{"geometry":{"coordinates":[[[-17.4732627,14.7167216],[-17.4732269,14.7167247],[-17.4732306,14.7167644],[-17.4732663,14.7167613],[-17.4732627,14.7167216]]],"type":"Polygon"},"id":"2a56ccc1-b914-4ff8-b48b-a3add163b45b","properties":{"building":true,"sourceLayer":"buildings","sources":["Google Open Buildings"]},"type":"Feature"},{"geometry":{"coordinates":[[[-17.4712623,14.7145777],[-17.4712271,14.7145801],[-17.4712343,14.7146807],[-17.4712695,14.7146783],[-17.4712623,14.7145777]]],"type":"Polygon"},"id":"2a68b28e-7082-46e3-936b-36ac8a31b516","properties":{"building":true,"sourceLayer":"buildings","sources":["Google Open Buildings"]},"type":"Feature"},{"geometry":{"coordinates":[[[-17.4743601,14.7172074],[-17.4742967,14.7172164],[-17.4743175,14.7173555],[-17.4743809,14.7173465],[-17.4743601,14.7172074]]],"type":"Polygon"},"id":"2a9f4374-9a8e-4e85-9743-44152cc24442","properties":{"building":true,"sourceLayer":"buildings","sources":["Google Open Buildings"]},"type":"Feature"},{"geometry":{"coordinates":[[[-17.4727675,14.7180698],[-17.4728069,14.7180379],[-17.4727778,14.7180043],[-17.4727384,14.7180363],[-17.4727675,14.7180698]]],"type":"Polygon"},"id":"2b0358f7-22da-454b-8a6a-bc5503f08726","properties":{"building":true,"sourceLayer":"buildings","sources":["Microsoft ML Buildings"]},"type":"Feature"},{"geometry":{"coordinates":[[[-17.4722876,14.7169579],[-17.4722249,14.7169899],[-17.472247,14.7170309],[-17.4723097,14.7169989],[-17.4722876,14.7169579]]],"type":"Polygon"},"id":"2b90c72a-a58c-4a21-84fb-bdc25906beb2","properties":{"building":true,"sourceLayer":"buildings","sources":["Google Open Buildings"]},"type":"Feature"},{"geometry":{"coordinates":[[[-17.4792164,14.7207162],[-17.4792601,14.7206405],[-17.4792349,14.720627],[-17.4791231,14.7205672],[-17.4790894,14.7205491],[-17.4790436,14.7206081],[-17.4791869,14.7207211],[-17.4792164,14.7207162]]],"type":"Polygon"},"id":"2ba47511-5063-4902-a45b-ae9ed506f94e","properties":{"building":true,"sourceLayer":"buildings","sources":["OpenStreetMap"]},"type":"Feature"},{"geometry":{"coordinates":[[[-17.4781464,14.7168066],[-17.4780414,14.7168242],[-17.4780646,14.7169555],[-17.4781433,14.7169424],[-17.4781384,14.7169147],[-17.4781647,14.7169103],[-17.4781464,14.7168066]]],"type":"Polygon"},"id":"2bc4a3ea-61ba-4b2f-b62b-be6d1024ac5f","properties":{"building":true,"sourceLayer":"buildings","sources":["Google Open Buildings"]},"type":"Feature"},{"geometry":{"coordinates":[[[-17.474731,14.7178653],[-17.4746865,14.7178946],[-17.4747094,14.7179276],[-17.474754,14.7178983],[-17.474731,14.7178653]]],"type":"Polygon"},"id":"2c044071-4fa1-463a-84cc-032d306873be","properties":{"building":true,"sourceLayer":"buildings","sources":["Google Open Buildings"]},"type":"Feature"},{"geometry":{"coordinates":[[[-17.475835,14.7143379],[-17.4756556,14.7144211],[-17.475704,14.7145199],[-17.4758834,14.7144367],[-17.475835,14.7143379]]],"type":"Polygon"},"id":"2c1e104d-9d12-4ef9-ba85-5bbb044ffb58","properties":{"building":true,"sourceLayer":"buildings","sources":["Google Open Buildings"]},"type":"Feature"},{"geometry":{"coordinates":[[[-17.474842,14.7156335],[-17.4747565,14.7156514],[-17.4747657,14.7156929],[-17.4748512,14.7156751],[-17.474842,14.7156335]]],"type":"Polygon"},"id":"2c22d038-4e43-42d9-8bba-1808755ad8a6","properties":{"building":true,"sourceLayer":"buildings","sources":["Google Open Buildings"]},"type":"Feature"},{"geometry":{"coordinates":[[[-17.4759936,14.7152834],[-17.4758271,14.7153036],[-17.4758333,14.7153516],[-17.4759998,14.7153314],[-17.4759936,14.7152834]]],"type":"Polygon"},"id":"2c4ca63e-a6d1-43af-982c-67d0c8ffe6fe","properties":{"building":true,"sourceLayer":"buildings","sources":["Google Open Buildings"]},"type":"Feature"},{"geometry":{"coordinates":[[[-17.4770812,14.7199353],[-17.4771739,14.7200344],[-17.477271,14.7199504],[-17.47719,14.7198452],[-17.4770812,14.7199353]]],"type":"Polygon"},"id":"2c8cd278-4ab9-4301-b6fc-05d2697cba6f","properties":{"building":true,"sourceLayer":"buildings","sources":["OpenStreetMap"]},"type":"Feature"},{"geometry":{"coordinates":[[[-17.4788017,14.7190478],[-17.4789348,14.7189168],[-17.4788379,14.7188321],[-17.4787141,14.7189665],[-17.4788017,14.7190478]]],"type":"Polygon"},"id":"2c9b5392-7c19-414b-b64e-2f0f8ae2120b","properties":{"building":true,"sourceLayer":"buildings","sources":["OpenStreetMap"]},"type":"Feature"},{"geometry":{"coordinates":[[[-17.4740903,14.7149331],[-17.4740402,14.7149449],[-17.4740477,14.7149753],[-17.4740979,14.7149635],[-17.4740903,14.7149331]]],"type":"Polygon"},"id":"2cf59152-905b-4a96-bee1-c4d2abefd204","properties":{"building":true,"sourceLayer":"buildings","sources":["Google Open Buildings"]},"type":"Feature"},{"geometry":{"coordinates":[[[-17.4726883,14.718062],[-17.4726494,14.7180957],[-17.4726928,14.718143],[-17.4727316,14.7181093],[-17.4726883,14.718062]]],"type":"Polygon"},"id":"2d149b79-34f1-4083-b85a-0d23c3dcaea5","properties":{"building":true,"sourceLayer":"buildings","sources":["Google Open Buildings"]},"type":"Feature"},{"geometry":{"coordinates":[[[-17.4749928,14.7144795],[-17.4749129,14.7145097],[-17.4749349,14.7145648],[-17.4750148,14.7145345],[-17.4749928,14.7144795]]],"type":"Polygon"},"id":"2dafe49b-8176-4981-ba1d-9b4214538e72","properties":{"building":true,"sourceLayer":"buildings","sources":["Google Open Buildings"]},"type":"Feature"},{"geometry":{"coordinates":[[[-17.4785091,14.7213188],[-17.4786808,14.7212179],[-17.4786082,14.7211109],[-17.4784922,14.7211526],[-17.4783915,14.7211888],[-17.4785091,14.7213188]]],"type":"Polygon"},"id":"2de7398a-cf2b-496b-9f26-30c4bb781feb","properties":{"building":true,"sourceLayer":"buildings","sources":["OpenStreetMap"]},"type":"Feature"},{"geometry":{"coordinates":[[[-17.4710883,14.7174916],[-17.471058,14.7174864],[-17.4710385,14.7175945],[-17.4710688,14.7175997],[-17.4710883,14.7174916]]],"type":"Polygon"},"id":"2def0771-77cf-4c42-8b13-3c74794c8d3f","properties":{"building":true,"sourceLayer":"buildings","sources":["Google Open Buildings"]},"type":"Feature"},{"geometry":{"coordinates":[[[-17.4770548,14.7212367],[-17.4771215,14.7213491],[-17.4771959,14.7213177],[-17.4771519,14.7212367],[-17.4771385,14.7212398],[-17.4771206,14.7212096],[-17.4770548,14.7212367]]],"type":"Polygon"},"id":"2e61ce96-296f-4184-8c00-ffeaad882d54","properties":{"building":true,"sourceLayer":"buildings","sources":["OpenStreetMap"]},"type":"Feature"},{"geometry":{"coordinates":[[[-17.4738044,14.7149982],[-17.4737366,14.7150037],[-17.4737424,14.715072],[-17.4738102,14.7150666],[-17.4738044,14.7149982]]],"type":"Polygon"},"id":"2ea767f9-fac6-473b-a1a6-35e99f4ddc48","properties":{"building":true,"sourceLayer":"buildings","sources":["Google Open Buildings"]},"type":"Feature"},{"geometry":{"coordinates":[[[-17.4777664,14.7216539],[-17.4778955,14.7215851],[-17.4778129,14.7214278],[-17.4776702,14.7214927],[-17.4777664,14.7216539]]],"type":"Polygon"},"id":"2edefebc-eda3-4b21-ba06-4d3c842abf5c","properties":{"building":true,"sourceLayer":"buildings","sources":["OpenStreetMap"]},"type":"Feature"},{"geometry":{"coordinates":[[[-17.4764488,14.7181929],[-17.4765445,14.7182132],[-17.4765698,14.7181861],[-17.4765534,14.7180777],[-17.4764353,14.7180877],[-17.4764488,14.7181929]]],"type":"Polygon"},"id":"2efa7402-77c8-4b59-b6d2-2bd5da4a02f7","properties":{"building":true,"sourceLayer":"buildings","sources":["OpenStreetMap"]},"type":"Feature"},{"geometry":{"coordinates":[[[-17.4743554,14.7170419],[-17.4743218,14.7170519],[-17.4743334,14.717089],[-17.474367,14.7170791],[-17.4743554,14.7170419]]],"type":"Polygon"},"id":"2f001a23-7e23-4c4f-99e0-703adf5f3cf0","properties":{"building":true,"sourceLayer":"buildings","sources":["Google Open Buildings"]},"type":"Feature"},{"geometry":{"coordinates":[[[-17.4761947,14.7154711],[-17.476098,14.715484],[-17.4761178,14.7156246],[-17.4762145,14.7156118],[-17.4761947,14.7154711]]],"type":"Polygon"},"id":"2f4e33bf-c70d-4762-bd74-7fcc76f638b8","properties":{"building":true,"sourceLayer":"buildings","sources":["Google Open Buildings"]},"type":"Feature"},{"geometry":{"coordinates":[[[-17.4765599,14.7180694],[-17.4765832,14.7180848],[-17.4765992,14.7180598],[-17.4765758,14.7180461],[-17.4767061,14.7178876],[-17.4766462,14.7178445],[-17.4765542,14.7179537],[-17.4765599,14.7180694]]],"type":"Polygon"},"id":"2fae5422-c2fa-46f9-8aff-f6fa4d6cebf5","properties":{"building":true,"sourceLayer":"buildings","sources":["OpenStreetMap"]},"type":"Feature"},{"geometry":{"coordinates":[[[-17.472982,14.7175071],[-17.4729404,14.7175236],[-17.4729529,14.7175535],[-17.4729243,14.7175649],[-17.4729347,14.7175896],[-17.4730049,14.7175617],[-17.472982,14.7175071]]],"type":"Polygon"},"id":"2ff37e0b-57ea-414c-995f-12f1ade51ec7","properties":{"building":true,"sourceLayer":"buildings","sources":["Google Open Buildings"]},"type":"Feature"},{"geometry":{"coordinates":[[[-17.4720346,14.7169914],[-17.4719657,14.7170348],[-17.4720239,14.7171225],[-17.4719999,14.7171376],[-17.4720182,14.7171651],[-17.47193,14.7172206],[-17.471956,14.7172598],[-17.4721372,14.7171458],[-17.4720346,14.7169914]]],"type":"Polygon"},"id":"301a187f-0d13-4593-8cc7-fed2b95269d3","properties":{"building":true,"sourceLayer":"buildings","sources":["Google Open Buildings"]},"type":"Feature"},{"geometry":{"coordinates":[[[-17.4790523,14.7173334],[-17.4790016,14.7172703],[-17.4787643,14.7174488],[-17.478815,14.7175119],[-17.4790523,14.7173334]]],"type":"Polygon"},"id":"301accd9-a670-49e2-87c7-3381b8464221","properties":{"building":true,"sourceLayer":"buildings","sources":["Microsoft ML Buildings"]},"type":"Feature"},{"geometry":{"coordinates":[[[-17.4735969,14.7173241],[-17.4736576,14.7172929],[-17.4736164,14.7172181],[-17.4735558,14.7172493],[-17.4735969,14.7173241]]],"type":"Polygon"},"id":"30384917-6b03-4072-82fc-59bbe59fafdd","properties":{"building":true,"sourceLayer":"buildings","sources":["Microsoft ML Buildings"]},"type":"Feature"},{"geometry":{"coordinates":[[[-17.4738877,14.7149915],[-17.4738044,14.7149982],[-17.4738127,14.7150958],[-17.473896,14.7150891],[-17.4738877,14.7149915]]],"type":"Polygon"},"id":"303ce6ef-de79-4314-864a-a8b8983b69bb","properties":{"building":true,"sourceLayer":"buildings","sources":["Google Open Buildings"]},"type":"Feature"},{"geometry":{"coordinates":[[[-17.4727726,14.7156178],[-17.472769,14.7156929],[-17.4728252,14.7156954],[-17.4728288,14.7156204],[-17.4727726,14.7156178]]],"type":"Polygon"},"id":"3127c178-e904-4aa2-9abf-c3518613759a","properties":{"building":true,"sourceLayer":"buildings","sources":["Microsoft ML Buildings"]},"type":"Feature"},{"geometry":{"coordinates":[[[-17.4731598,14.7155947],[-17.4731335,14.7156136],[-17.4731679,14.7156588],[-17.4731942,14.7156399],[-17.4731598,14.7155947]]],"type":"Polygon"},"id":"312915cc-d006-4ea1-ae24-30f92f69219f","properties":{"building":true,"sourceLayer":"buildings","sources":["Google Open Buildings"]},"type":"Feature"},{"geometry":{"coordinates":[[[-17.4748425,14.7171177],[-17.4748463,14.7170472],[-17.4747652,14.7170431],[-17.4747637,14.7170718],[-17.4748025,14.7170738],[-17.4748003,14.7171156],[-17.4748425,14.7171177]]],"type":"Polygon"},"id":"31b502b9-5139-443d-b4d3-56becbe77783","properties":{"building":true,"sourceLayer":"buildings","sources":["Google Open Buildings"]},"type":"Feature"},{"geometry":{"coordinates":[[[-17.4740806,14.7155868],[-17.4741108,14.7155823],[-17.4741039,14.7155392],[-17.4740737,14.7155438],[-17.4740806,14.7155868]]],"type":"Polygon"},"id":"31e8d211-9c52-46a8-a022-23fe7aa67e33","properties":{"building":true,"sourceLayer":"buildings","sources":["Microsoft ML Buildings"]},"type":"Feature"},{"geometry":{"coordinates":[[[-17.4744777,14.7162654],[-17.4744403,14.7162902],[-17.4744614,14.7163205],[-17.4744989,14.7162958],[-17.4744777,14.7162654]]],"type":"Polygon"},"id":"321b4837-cbc0-473d-a97c-f208573c4a81","properties":{"building":true,"sourceLayer":"buildings","sources":["Google Open Buildings"]},"type":"Feature"},{"geometry":{"coordinates":[[[-17.4788045,14.7213131],[-17.4789301,14.7212356],[-17.4788777,14.7211611],[-17.4787576,14.7212341],[-17.4788045,14.7213131]]],"type":"Polygon"},"id":"3266fe33-036c-452d-8de9-36a1451d7451","properties":{"building":true,"sourceLayer":"buildings","sources":["OpenStreetMap"]},"type":"Feature"},{"geometry":{"coordinates":[[[-17.4778534,14.7201266],[-17.4779374,14.7200135],[-17.4778727,14.7199347],[-17.4777888,14.7200019],[-17.4778011,14.7200221],[-17.4777845,14.7200379],[-17.4777633,14.7200192],[-17.4777451,14.7200426],[-17.4777228,14.7200706],[-17.4777681,14.7201041],[-17.4777915,14.720088],[-17.4778534,14.7201266]]],"type":"Polygon"},"id":"3278560d-6ffd-48b7-8ac8-98cccf65f0a1","properties":{"building":true,"sourceLayer":"buildings","sources":["OpenStreetMap"]},"type":"Feature"},{"geometry":{"coordinates":[[[-17.4742708,14.7151011],[-17.4742515,14.7151533],[-17.474322,14.7151779],[-17.4743412,14.7151257],[-17.4742708,14.7151011]]],"type":"Polygon"},"id":"3289c994-d55b-477a-a9eb-29e9ce817e48","properties":{"building":true,"sourceLayer":"buildings","sources":["Google Open Buildings"]},"type":"Feature"},{"geometry":{"coordinates":[[[-17.4790278,14.7201025],[-17.4789616,14.7200652],[-17.4788621,14.7202073],[-17.4789277,14.7202411],[-17.4790278,14.7201025]]],"type":"Polygon"},"id":"32ccdeb5-4c9a-42af-89fb-12c6f9fc29fc","properties":{"building":true,"sourceLayer":"buildings","sources":["OpenStreetMap"]},"type":"Feature"},{"geometry":{"coordinates":[[[-17.4790685,14.7200866],[-17.4791635,14.7201579],[-17.4792825,14.7200049],[-17.4791852,14.7199336],[-17.4790685,14.7200866]]],"type":"Polygon"},"id":"32fdc332-094f-4aed-b7ce-6f46c89f5eb1","properties":{"building":true,"sourceLayer":"buildings","sources":["OpenStreetMap"]},"type":"Feature"},{"geometry":{"coordinates":[[[-17.4760796,14.7155119],[-17.4759784,14.7155215],[-17.47599,14.7156385],[-17.4760912,14.715629],[-17.4760796,14.7155119]]],"type":"Polygon"},"id":"33015c29-e5b3-497e-86d6-41be5cafca72","properties":{"building":true,"sourceLayer":"buildings","sources":["Google Open Buildings"]},"type":"Feature"},{"geometry":{"coordinates":[[[-17.4769077,14.715627],[-17.4767838,14.7156362],[-17.4767895,14.7157088],[-17.4768218,14.7157064],[-17.476827,14.7157735],[-17.4769187,14.7157667],[-17.4769077,14.715627]]],"type":"Polygon"},"id":"330635e1-b36a-410f-9544-1528958bb1e2","properties":{"building":true,"sourceLayer":"buildings","sources":["Google Open Buildings"]},"type":"Feature"},{"geometry":{"coordinates":[[[-17.4720012,14.7184038],[-17.4719951,14.718498],[-17.4721359,14.7185066],[-17.472142,14.7184123],[-17.4720012,14.7184038]]],"type":"Polygon"},"id":"336df48c-c7ee-41d8-a89b-cb5e8dce325e","properties":{"building":true,"sourceLayer":"buildings","sources":["Google Open Buildings"]},"type":"Feature"},{"geometry":{"coordinates":[[[-17.4778704,14.7162831],[-17.4777131,14.7162954],[-17.4777211,14.7163922],[-17.4778783,14.71638],[-17.4778704,14.7162831]]],"type":"Polygon"},"id":"339d9f43-da78-47a1-9009-5bf8ba8a3441","properties":{"building":true,"sourceLayer":"buildings","sources":["Google Open Buildings"]},"type":"Feature"},{"geometry":{"coordinates":[[[-17.4740609,14.7152759],[-17.4740203,14.7152711],[-17.4740174,14.7152945],[-17.474058,14.7152992],[-17.4740609,14.7152759]]],"type":"Polygon"},"id":"33cba880-a0cd-410b-8bf7-575f1419c245","properties":{"building":true,"sourceLayer":"buildings","sources":["Google Open Buildings"]},"type":"Feature"},{"geometry":{"coordinates":[[[-17.4773654,14.7206047],[-17.4773539,14.7205525],[-17.4772923,14.7205652],[-17.4773038,14.7206173],[-17.4773654,14.7206047]]],"type":"Polygon"},"id":"3401d323-7e87-4d5c-8838-341cded703df","properties":{"building":true,"sourceLayer":"buildings","sources":["Microsoft ML Buildings"]},"type":"Feature"},{"geometry":{"coordinates":[[[-17.4751395,14.7148661],[-17.4751777,14.7149677],[-17.4751987,14.7149602],[-17.4751606,14.7148587],[-17.4751395,14.7148661]]],"type":"Polygon"},"id":"34393d34-3d7d-4950-b68f-938c085a9cd2","properties":{"building":true,"sourceLayer":"buildings","sources":["Google Open Buildings"]},"type":"Feature"},{"geometry":{"coordinates":[[[-17.4775288,14.7188926],[-17.477616,14.7189307],[-17.4776745,14.7187624],[-17.4775781,14.7187212],[-17.4775288,14.7188926]]],"type":"Polygon"},"id":"3454293f-f830-4429-bce9-9def1543bbf7","properties":{"building":true,"sourceLayer":"buildings","sources":["OpenStreetMap"]},"type":"Feature"},{"geometry":{"coordinates":[[[-17.4722766,14.7159303],[-17.4722321,14.7159344],[-17.4722397,14.7160138],[-17.4722843,14.7160097],[-17.4722766,14.7159303]]],"type":"Polygon"},"id":"3454f07e-6948-4e42-bd97-de018e3f7895","properties":{"building":true,"sourceLayer":"buildings","sources":["Google Open Buildings"]},"type":"Feature"},{"geometry":{"coordinates":[[[-17.4790641,14.7163744],[-17.4789754,14.7164197],[-17.4790468,14.7165522],[-17.4791355,14.7165069],[-17.4790641,14.7163744]]],"type":"Polygon"},"id":"34d9133d-cfde-465c-a728-6d68847c18c4","properties":{"building":true,"sourceLayer":"buildings","sources":["Google Open Buildings"]},"type":"Feature"},{"geometry":{"coordinates":[[[-17.4738195,14.7176238],[-17.4738244,14.7176548],[-17.4738485,14.7176512],[-17.4738512,14.7176679],[-17.4738885,14.7176623],[-17.4738809,14.7176145],[-17.4738195,14.7176238]]],"type":"Polygon"},"id":"35198023-f13c-4bd6-ba21-bbac203db172","properties":{"building":true,"sourceLayer":"buildings","sources":["Google Open Buildings"]},"type":"Feature"},{"geometry":{"coordinates":[[[-17.4784922,14.7211526],[-17.4786082,14.7211109],[-17.4785394,14.7209978],[-17.4784062,14.7210425],[-17.4784922,14.7211526]]],"type":"Polygon"},"id":"353d805e-8be5-4460-8dd6-669ef2da6d66","properties":{"building":true,"sourceLayer":"buildings","sources":["OpenStreetMap"]},"type":"Feature"},{"geometry":{"coordinates":[[[-17.4766381,14.7154353],[-17.4765599,14.7154464],[-17.4765824,14.7155959],[-17.4766606,14.7155847],[-17.4766381,14.7154353]]],"type":"Polygon"},"id":"357bdc86-6a51-4e0d-b697-29ef30e76ef7","properties":{"building":true,"sourceLayer":"buildings","sources":["Google Open Buildings"]},"type":"Feature"},{"geometry":{"coordinates":[[[-17.4782355,14.7137653],[-17.4781761,14.7137659],[-17.4781764,14.7137881],[-17.4782357,14.7137875],[-17.4782355,14.7137653]]],"type":"Polygon"},"id":"358ec6c4-694c-437f-90d7-aaffe3de74a9","properties":{"building":true,"sourceLayer":"buildings","sources":["Google Open Buildings"]},"type":"Feature"},{"geometry":{"coordinates":[[[-17.473269,14.7173017],[-17.4732425,14.7173045],[-17.4732469,14.7173425],[-17.4732733,14.7173397],[-17.473269,14.7173017]]],"type":"Polygon"},"id":"35faa2ad-29e4-4ad6-b9e1-d723f96c4d18","properties":{"building":true,"sourceLayer":"buildings","sources":["Google Open Buildings"]},"type":"Feature"},{"geometry":{"coordinates":[[[-17.4730393,14.7171352],[-17.4729928,14.7171516],[-17.4730011,14.7171739],[-17.4729766,14.7171826],[-17.4730121,14.7172779],[-17.4730832,14.7172528],[-17.4730393,14.7171352]]],"type":"Polygon"},"id":"3619ddda-38eb-4b5e-8470-2d8c2c176e73","properties":{"building":true,"sourceLayer":"buildings","sources":["Google Open Buildings"]},"type":"Feature"},{"geometry":{"coordinates":[[[-17.4718157,14.721656],[-17.4718119,14.7217258],[-17.4718343,14.721727],[-17.4718328,14.7217537],[-17.4719232,14.7217584],[-17.4719285,14.7216618],[-17.4718157,14.721656]]],"type":"Polygon"},"id":"366fddf7-cfc9-43f5-8576-1aabb335b7e7","properties":{"building":true,"sourceLayer":"buildings","sources":["Google Open Buildings"]},"type":"Feature"},{"geometry":{"coordinates":[[[-17.4765384,14.715304],[-17.4764236,14.7153203],[-17.4764451,14.7154628],[-17.4765599,14.7154464],[-17.4765384,14.715304]]],"type":"Polygon"},"id":"367be64b-8d92-4805-b037-545eb1d6c900","properties":{"building":true,"sourceLayer":"buildings","sources":["Google Open Buildings"]},"type":"Feature"},{"geometry":{"coordinates":[[[-17.4747981,14.7165616],[-17.4747487,14.7165672],[-17.4747529,14.7166027],[-17.4748024,14.7165971],[-17.4747981,14.7165616]]],"type":"Polygon"},"id":"369d79f4-dfbd-4e5a-9fed-ae0fb8ba050b","properties":{"building":true,"sourceLayer":"buildings","sources":["Google Open Buildings"]},"type":"Feature"},{"geometry":{"coordinates":[[[-17.4730186,14.7157941],[-17.4729796,14.7157887],[-17.4729764,14.7158108],[-17.4730154,14.7158162],[-17.4730186,14.7157941]]],"type":"Polygon"},"id":"36c25631-47f0-4d91-a201-1dd80e541465","properties":{"building":true,"sourceLayer":"buildings","sources":["Google Open Buildings"]},"type":"Feature"},{"geometry":{"coordinates":[[[-17.4734632,14.7169803],[-17.4734306,14.7169889],[-17.473439,14.7170191],[-17.4734716,14.7170105],[-17.4734632,14.7169803]]],"type":"Polygon"},"id":"372265f0-cc11-4bff-ab5d-3f5864f117a8","properties":{"building":true,"sourceLayer":"buildings","sources":["Google Open Buildings"]},"type":"Feature"},{"geometry":{"coordinates":[[[-17.4763953,14.7154444],[-17.4762956,14.7154577],[-17.4763154,14.7155983],[-17.4763826,14.7155894],[-17.476379,14.7155634],[-17.4764113,14.7155591],[-17.4763953,14.7154444]]],"type":"Polygon"},"id":"3752c70a-7ca9-473d-9163-608f06bb2b1f","properties":{"building":true,"sourceLayer":"buildings","sources":["Google Open Buildings"]},"type":"Feature"},{"geometry":{"coordinates":[[[-17.4769755,14.7169655],[-17.4770597,14.7169619],[-17.4770567,14.7168946],[-17.4769724,14.7168982],[-17.4769755,14.7169655]]],"type":"Polygon"},"id":"37644e6b-5934-498b-828a-3ab87c645c4e","properties":{"building":true,"sourceLayer":"buildings","sources":["Microsoft ML Buildings"]},"type":"Feature"},{"geometry":{"coordinates":[[[-17.472162,14.7188811],[-17.472096,14.7189115],[-17.4720624,14.7189269],[-17.4721022,14.7190086],[-17.4722017,14.7189627],[-17.472162,14.7188811]]],"type":"Polygon"},"id":"377e27ab-a2a1-421c-8ef2-51d29d6732c5","properties":{"building":true,"sourceLayer":"buildings","sources":["Google Open Buildings"]},"type":"Feature"},{"geometry":{"coordinates":[[[-17.472228,14.7192868],[-17.4722212,14.7193826],[-17.4723031,14.7193881],[-17.4723054,14.7193568],[-17.4723301,14.7193584],[-17.4723347,14.719294],[-17.472228,14.7192868]]],"type":"Polygon"},"id":"37aaac56-fb62-4369-879e-58ed5fe99610","properties":{"building":true,"sourceLayer":"buildings","sources":["Google Open Buildings"]},"type":"Feature"},{"geometry":{"coordinates":[[[-17.4720494,14.7190605],[-17.4719943,14.7190582],[-17.4719887,14.7191837],[-17.4720438,14.719186],[-17.4720494,14.7190605]]],"type":"Polygon"},"id":"3816133d-3ced-4b12-918a-88a26d85487b","properties":{"building":true,"sourceLayer":"buildings","sources":["Microsoft ML Buildings"]},"type":"Feature"},{"geometry":{"coordinates":[[[-17.4735204,14.7206285],[-17.4734599,14.7206458],[-17.4734862,14.7207335],[-17.4735468,14.7207162],[-17.4735204,14.7206285]]],"type":"Polygon"},"id":"38897307-34be-408d-8ec5-1676c565313b","properties":{"building":true,"sourceLayer":"buildings","sources":["Google Open Buildings"]},"type":"Feature"},{"geometry":{"coordinates":[[[-17.4718716,14.7180134],[-17.4718658,14.7181134],[-17.4720073,14.7181211],[-17.472013,14.7180211],[-17.4718716,14.7180134]]],"type":"Polygon"},"id":"38b3e6bf-33e7-431b-addb-6911912604de","properties":{"building":true,"sourceLayer":"buildings","sources":["Google Open Buildings"]},"type":"Feature"},{"geometry":{"coordinates":[[[-17.4722956,14.7200157],[-17.4722989,14.7201505],[-17.47239,14.7201484],[-17.4723867,14.7200136],[-17.4722956,14.7200157]]],"type":"Polygon"},"id":"38cea7e6-3485-483b-a201-b70160d5de95","properties":{"building":true,"sourceLayer":"buildings","sources":["Microsoft ML Buildings"]},"type":"Feature"},{"geometry":{"coordinates":[[[-17.4741666,14.7171821],[-17.4741744,14.7172337],[-17.4742071,14.7172291],[-17.4741994,14.7171775],[-17.4741666,14.7171821]]],"type":"Polygon"},"id":"38d12dae-6a1b-4805-944d-f84f7ed491ca","properties":{"building":true,"sourceLayer":"buildings","sources":["Google Open Buildings"]},"type":"Feature"},{"geometry":{"coordinates":[[[-17.4736383,14.7175854],[-17.4735823,14.7175886],[-17.4735852,14.7176362],[-17.4736412,14.717633],[-17.4736383,14.7175854]]],"type":"Polygon"},"id":"38d39777-6472-4055-a4d5-bba1f21638e8","properties":{"building":true,"sourceLayer":"buildings","sources":["Google Open Buildings"]},"type":"Feature"},{"geometry":{"coordinates":[[[-17.4716634,14.7196356],[-17.4715814,14.7196294],[-17.4715768,14.7196865],[-17.4716589,14.7196927],[-17.4716634,14.7196356]]],"type":"Polygon"},"id":"391a7cc9-8c52-498c-8c70-40011c7244bf","properties":{"building":true,"sourceLayer":"buildings","sources":["Google Open Buildings"]},"type":"Feature"},{"geometry":{"coordinates":[[[-17.4726972,14.7205927],[-17.472699,14.7205175],[-17.4726185,14.7205157],[-17.4726167,14.7205909],[-17.4726972,14.7205927]]],"type":"Polygon"},"id":"3922b97b-884c-4105-8ef1-8610ccac1473","properties":{"building":true,"sourceLayer":"buildings","sources":["Microsoft ML Buildings"]},"type":"Feature"},{"geometry":{"coordinates":[[[-17.4721512,14.7204848],[-17.4721502,14.7205009],[-17.4721348,14.7205],[-17.4721331,14.7205275],[-17.4721486,14.7205283],[-17.4721443,14.7205999],[-17.4722215,14.7206042],[-17.4722284,14.7204892],[-17.4721512,14.7204848]]],"type":"Polygon"},"id":"398fd64c-cf42-4496-9012-50595b6b5730","properties":{"building":true,"sourceLayer":"buildings","sources":["Google Open Buildings"]},"type":"Feature"},{"geometry":{"coordinates":[[[-17.474713,14.7165032],[-17.4746593,14.7165216],[-17.4746722,14.7165571],[-17.4747259,14.7165386],[-17.474713,14.7165032]]],"type":"Polygon"},"id":"399db7a6-3bf1-489b-b3af-6d7b1188b666","properties":{"building":true,"sourceLayer":"buildings","sources":["Google Open Buildings"]},"type":"Feature"},{"geometry":{"coordinates":[[[-17.4713073,14.7157538],[-17.4712543,14.7157597],[-17.4712653,14.7158526],[-17.4713183,14.7158466],[-17.4713073,14.7157538]]],"type":"Polygon"},"id":"39e0c797-7492-49e2-8cdb-5e5550d66260","properties":{"building":true,"sourceLayer":"buildings","sources":["Google Open Buildings"]},"type":"Feature"},{"geometry":{"coordinates":[[[-17.4730901,14.7203896],[-17.4731732,14.7203875],[-17.4731712,14.720311],[-17.4730881,14.7203131],[-17.4730901,14.7203896]]],"type":"Polygon"},"id":"39e5156d-bbc6-4d31-aa18-b6dbdd4dbc81","properties":{"building":true,"sourceLayer":"buildings","sources":["Microsoft ML Buildings"]},"type":"Feature"},{"geometry":{"coordinates":[[[-17.4718666,14.7183353],[-17.4719012,14.7183374],[-17.4719044,14.718288],[-17.4720371,14.7182961],[-17.4720407,14.7182404],[-17.4718734,14.7182303],[-17.4718666,14.7183353]]],"type":"Polygon"},"id":"3a329773-26a2-48f9-a414-af29082cc0c3","properties":{"building":true,"sourceLayer":"buildings","sources":["Google Open Buildings"]},"type":"Feature"},{"geometry":{"coordinates":[[[-17.4770889,14.7177996],[-17.4771912,14.7178725],[-17.4772581,14.7177928],[-17.4772308,14.7177674],[-17.4772563,14.7177411],[-17.4772181,14.7177147],[-17.4771671,14.7177839],[-17.4771491,14.7177756],[-17.4771342,14.7177979],[-17.4771017,14.7177719],[-17.4770889,14.7177996]]],"type":"Polygon"},"id":"3a33f62a-05c3-4e47-a4af-551b3cc6a735","properties":{"building":true,"sourceLayer":"buildings","sources":["OpenStreetMap"]},"type":"Feature"},{"geometry":{"coordinates":[[[-17.476299,14.7180728],[-17.4763813,14.7180573],[-17.4763706,14.7179239],[-17.4762287,14.7179369],[-17.4762526,14.71805],[-17.476284,14.7180427],[-17.476299,14.7180728]]],"type":"Polygon"},"id":"3a5ba4e2-4a2b-4098-9a09-77d49f081475","properties":{"building":true,"sourceLayer":"buildings","sources":["OpenStreetMap"]},"type":"Feature"},{"geometry":{"coordinates":[[[-17.4724779,14.7202996],[-17.4725771,14.7203005],[-17.4725782,14.7201838],[-17.4725246,14.7201833],[-17.4725241,14.7202326],[-17.4724785,14.7202322],[-17.4724779,14.7202996]]],"type":"Polygon"},"id":"3aa57340-0d87-488f-898e-5749484fa2c8","properties":{"building":true,"sourceLayer":"buildings","sources":["Microsoft ML Buildings"]},"type":"Feature"},{"geometry":{"coordinates":[[[-17.4764183,14.7150097],[-17.4764316,14.7151434],[-17.47653,14.7151342],[-17.4765166,14.7150005],[-17.4764183,14.7150097]]],"type":"Polygon"},"id":"3aea4abf-b38f-424f-93c6-c67b0c45a974","properties":{"building":true,"sourceLayer":"buildings","sources":["Microsoft ML Buildings"]},"type":"Feature"},{"geometry":{"coordinates":[[[-17.4728355,14.7174041],[-17.4728733,14.7174587],[-17.4728954,14.7174442],[-17.4728576,14.7173896],[-17.4728355,14.7174041]]],"type":"Polygon"},"id":"3b1fcae8-6d72-4694-870d-29c1bd42c0ed","properties":{"building":true,"sourceLayer":"buildings","sources":["Google Open Buildings"]},"type":"Feature"},{"geometry":{"coordinates":[[[-17.4769218,14.7202132],[-17.4769755,14.7202041],[-17.4770259,14.7201471],[-17.4768186,14.7199741],[-17.4767958,14.7201526],[-17.4769218,14.7202132]]],"type":"Polygon"},"id":"3b20eb9a-644d-43b4-9d94-081707289f00","properties":{"building":true,"sourceLayer":"buildings","sources":["OpenStreetMap"]},"type":"Feature"},{"geometry":{"coordinates":[[[-17.473132,14.7205991],[-17.4731531,14.7206597],[-17.4732962,14.7206131],[-17.4732751,14.7205525],[-17.473132,14.7205991]]],"type":"Polygon"},"id":"3b431269-d1c8-44ef-bf51-d28b686c60da","properties":{"building":true,"sourceLayer":"buildings","sources":["Microsoft ML Buildings"]},"type":"Feature"},{"geometry":{"coordinates":[[[-17.4739195,14.7153808],[-17.4738844,14.715378],[-17.4738813,14.7154156],[-17.4739164,14.7154184],[-17.4739195,14.7153808]]],"type":"Polygon"},"id":"3b8aca8b-3b6a-46c9-94cb-8dbc40b91d05","properties":{"building":true,"sourceLayer":"buildings","sources":["Google Open Buildings"]},"type":"Feature"},{"geometry":{"coordinates":[[[-17.4771564,14.7217087],[-17.4771866,14.721697],[-17.4771367,14.7215966],[-17.4771084,14.7216148],[-17.4771564,14.7217087]]],"type":"Polygon"},"id":"3babbac0-cf25-459d-928a-dcb04baa0486","properties":{"building":true,"sourceLayer":"buildings","sources":["OpenStreetMap"]},"type":"Feature"},{"geometry":{"coordinates":[[[-17.4726494,14.716209],[-17.4725695,14.7162142],[-17.4725804,14.71637],[-17.4726862,14.716363],[-17.4726838,14.7163279],[-17.4726579,14.7163296],[-17.4726494,14.716209]]],"type":"Polygon"},"id":"3bceef6b-cc11-493a-a082-3e862ae4187d","properties":{"building":true,"sourceLayer":"buildings","sources":["Google Open Buildings"]},"type":"Feature"},{"geometry":{"coordinates":[[[-17.4778341,14.716188],[-17.4777643,14.7161934],[-17.4777723,14.7162907],[-17.4778421,14.7162853],[-17.4778341,14.716188]]],"type":"Polygon"},"id":"3c36e421-8f9b-4f3a-a64f-a7567c985b3c","properties":{"building":true,"sourceLayer":"buildings","sources":["Google Open Buildings"]},"type":"Feature"},{"geometry":{"coordinates":[[[-17.4785202,14.7194158],[-17.4786269,14.7192995],[-17.4786193,14.7192898],[-17.4785187,14.7191603],[-17.4784262,14.7192512],[-17.4784694,14.7193269],[-17.4785202,14.7194158]]],"type":"Polygon"},"id":"3c6785d4-98d8-43a7-955d-ed3be0189b7f","properties":{"building":true,"sourceLayer":"buildings","sources":["OpenStreetMap"]},"type":"Feature"},{"geometry":{"coordinates":[[[-17.4727877,14.7211715],[-17.4727948,14.721248],[-17.4729008,14.7212387],[-17.4728937,14.7211622],[-17.4727877,14.7211715]]],"type":"Polygon"},"id":"3c766710-f9d8-4f63-9ee4-1225c044f097","properties":{"building":true,"sourceLayer":"buildings","sources":["Google Open Buildings"]},"type":"Feature"},{"geometry":{"coordinates":[[[-17.476321,14.7150993],[-17.4761786,14.7151162],[-17.4761895,14.7152025],[-17.4762496,14.7151954],[-17.4762513,14.7152094],[-17.4761912,14.7152165],[-17.4762017,14.7153001],[-17.4763441,14.7152832],[-17.476321,14.7150993]]],"type":"Polygon"},"id":"3ca55669-eb49-4286-bd96-671382102d8e","properties":{"building":true,"sourceLayer":"buildings","sources":["Google Open Buildings"]},"type":"Feature"},{"geometry":{"coordinates":[[[-17.4725551,14.7176251],[-17.4725667,14.7176775],[-17.4726053,14.7176694],[-17.4725936,14.7176169],[-17.4725551,14.7176251]]],"type":"Polygon"},"id":"3cd63102-e284-4d7a-b69a-c00a04c09d19","properties":{"building":true,"sourceLayer":"buildings","sources":["Google Open Buildings"]},"type":"Feature"},{"geometry":{"coordinates":[[[-17.4753627,14.7150644],[-17.475319,14.7150709],[-17.4753238,14.7151013],[-17.4753675,14.7150947],[-17.4753627,14.7150644]]],"type":"Polygon"},"id":"3d068cee-4ac1-4d6b-a4ef-8ed8f1e1f9f7","properties":{"building":true,"sourceLayer":"buildings","sources":["Google Open Buildings"]},"type":"Feature"},{"geometry":{"coordinates":[[[-17.4725001,14.7200265],[-17.4724055,14.7200203],[-17.4723975,14.7201339],[-17.4724573,14.7201378],[-17.4724574,14.7201366],[-17.4725108,14.7201401],[-17.4725093,14.720162],[-17.4725696,14.720166],[-17.4725798,14.7200214],[-17.4725008,14.7200162],[-17.4725001,14.7200265]]],"type":"Polygon"},"id":"3d8e5f97-3221-455b-b873-c1d08f217933","properties":{"building":true,"sourceLayer":"buildings","sources":["Microsoft ML Buildings"]},"type":"Feature"},{"geometry":{"coordinates":[[[-17.4787088,14.7173397],[-17.4787386,14.7173926],[-17.4787731,14.7173761],[-17.4787301,14.7173167],[-17.4787088,14.7173397]]],"type":"Polygon"},"id":"3da8cb46-69fa-415c-a3fd-78e23b3f55ee","properties":{"building":true,"sourceLayer":"buildings","sources":["OpenStreetMap"]},"type":"Feature"},{"geometry":{"coordinates":[[[-17.4729899,14.7139572],[-17.4729815,14.7140255],[-17.473043,14.7140327],[-17.4730515,14.7139645],[-17.4729899,14.7139572]]],"type":"Polygon"},"id":"3df296fd-90aa-4c91-9582-f3e2bcd25666","properties":{"building":true,"sourceLayer":"buildings","sources":["Google Open Buildings"]},"type":"Feature"},{"geometry":{"coordinates":[[[-17.4737194,14.7157628],[-17.473705,14.7157955],[-17.4737525,14.7158153],[-17.4737669,14.7157826],[-17.4737194,14.7157628]]],"type":"Polygon"},"id":"3df89e2b-71af-433b-b37f-17f08de24dee","properties":{"building":true,"sourceLayer":"buildings","sources":["Google Open Buildings"]},"type":"Feature"},{"geometry":{"coordinates":[[[-17.472661,14.7137001],[-17.4726572,14.7137363],[-17.4726953,14.71374],[-17.4726867,14.7138218],[-17.4727712,14.7138301],[-17.4727751,14.7137927],[-17.4727957,14.7137947],[-17.4728041,14.7137142],[-17.472661,14.7137001]]],"type":"Polygon"},"id":"3e11c5ab-bf7e-4967-a538-6ca208fba2b1","properties":{"building":true,"sourceLayer":"buildings","sources":["Google Open Buildings"]},"type":"Feature"},{"geometry":{"coordinates":[[[-17.4725004,14.7143825],[-17.4724107,14.7143714],[-17.4724044,14.7144185],[-17.4724941,14.7144296],[-17.4725004,14.7143825]]],"type":"Polygon"},"id":"3e15b8ce-8a07-438a-9a49-ebd0fee24135","properties":{"building":true,"sourceLayer":"buildings","sources":["Microsoft ML Buildings"]},"type":"Feature"},{"geometry":{"coordinates":[[[-17.4772173,14.7195966],[-17.477292,14.7195699],[-17.4772322,14.7194343],[-17.47716,14.719461],[-17.4772173,14.7195966]]],"type":"Polygon"},"id":"3e25f4a6-5847-4ff2-9421-4097f5f745f7","properties":{"building":true,"sourceLayer":"buildings","sources":["OpenStreetMap"]},"type":"Feature"},{"geometry":{"coordinates":[[[-17.477141,14.7210388],[-17.4770614,14.7210801],[-17.4771199,14.7211869],[-17.4771556,14.7211684],[-17.4772225,14.7212904],[-17.4772663,14.7212677],[-17.477141,14.7210388]]],"type":"Polygon"},"id":"3e5e2b2a-6708-49c3-8d2b-f26f1b288737","properties":{"building":true,"sourceLayer":"buildings","sources":["Google Open Buildings"]},"type":"Feature"},{"geometry":{"coordinates":[[[-17.4720768,14.7186869],[-17.4721572,14.7186892],[-17.4721589,14.7186295],[-17.4720785,14.7186273],[-17.4720768,14.7186869]]],"type":"Polygon"},"id":"3e5ee6ab-8276-4524-becb-df17aece9c46","properties":{"building":true,"sourceLayer":"buildings","sources":["Microsoft ML Buildings"]},"type":"Feature"},{"geometry":{"coordinates":[[[-17.4729187,14.715491],[-17.4728652,14.7154975],[-17.4728749,14.7155731],[-17.4729285,14.7155666],[-17.4729187,14.715491]]],"type":"Polygon"},"id":"3e75d5c5-6d72-4c41-bd33-1016a6a558ad","properties":{"building":true,"sourceLayer":"buildings","sources":["Google Open Buildings"]},"type":"Feature"},{"geometry":{"coordinates":[[[-17.4742889,14.7180174],[-17.4742109,14.7180491],[-17.4742276,14.718088],[-17.4743056,14.7180562],[-17.4742889,14.7180174]]],"type":"Polygon"},"id":"3ea614fe-cca2-4a8d-b45a-4f34a4eebee8","properties":{"building":true,"sourceLayer":"buildings","sources":["Google Open Buildings"]},"type":"Feature"},{"geometry":{"coordinates":[[[-17.4770416,14.7175175],[-17.4770138,14.7175528],[-17.4770909,14.7176105],[-17.4771187,14.7175753],[-17.4770416,14.7175175]]],"type":"Polygon"},"id":"3eedfb8d-0c08-420a-aea3-88054fa9a590","properties":{"building":true,"sourceLayer":"buildings","sources":["Google Open Buildings"]},"type":"Feature"},{"geometry":{"coordinates":[[[-17.4784399,14.7197317],[-17.4784736,14.7196967],[-17.4783364,14.7195871],[-17.4783058,14.7196205],[-17.4782205,14.7197506],[-17.4783391,14.7198276],[-17.4784001,14.7197677],[-17.4783824,14.7197531],[-17.4784178,14.7197078],[-17.4784399,14.7197317]]],"type":"Polygon"},"id":"3f7ed2dd-c1fb-4373-866e-b1d7ab0c35e6","properties":{"building":true,"sourceLayer":"buildings","sources":["OpenStreetMap"]},"type":"Feature"},{"geometry":{"coordinates":[[[-17.4790412,14.7154799],[-17.4789737,14.7155686],[-17.4790882,14.7156512],[-17.4791558,14.7155622],[-17.4790412,14.7154799]]],"type":"Polygon"},"id":"3fab0b6f-3bc7-442a-8207-cf5a8f05f2a7","properties":{"building":true,"sourceLayer":"buildings","sources":["Google Open Buildings"]},"type":"Feature"},{"geometry":{"coordinates":[[[-17.4771044,14.7180035],[-17.4771528,14.7179436],[-17.4771185,14.7179148],[-17.4770814,14.7179764],[-17.4770626,14.7179703],[-17.4770371,14.7180014],[-17.4770552,14.7180117],[-17.4770421,14.7180271],[-17.4770824,14.7180586],[-17.4771136,14.7180168],[-17.4771044,14.7180035]]],"type":"Polygon"},"id":"3ff03890-3022-4062-adb5-09bb36b6a235","properties":{"building":true,"sourceLayer":"buildings","sources":["OpenStreetMap"]},"type":"Feature"},{"geometry":{"coordinates":[[[-17.4773158,14.717789],[-17.4774404,14.7176288],[-17.4774018,14.7175949],[-17.4772891,14.7177424],[-17.4772818,14.717752],[-17.4773158,14.717789]]],"type":"Polygon"},"id":"401bdad3-7140-4aaf-8ea4-219d5457de76","properties":{"building":true,"sourceLayer":"buildings","sources":["OpenStreetMap"]},"type":"Feature"},{"geometry":{"coordinates":[[[-17.4747224,14.7140363],[-17.4747528,14.7141083],[-17.4747764,14.7140989],[-17.474746,14.7140269],[-17.4747224,14.7140363]]],"type":"Polygon"},"id":"402d79e3-24f8-4e54-a9c8-bc3a666ca40f","properties":{"building":true,"sourceLayer":"buildings","sources":["Google Open Buildings"]},"type":"Feature"},{"geometry":{"coordinates":[[[-17.4763269,14.7144132],[-17.4762501,14.7144242],[-17.4762552,14.7144582],[-17.4762193,14.7144634],[-17.4762368,14.7145795],[-17.4763495,14.7145635],[-17.4763269,14.7144132]]],"type":"Polygon"},"id":"40443a9e-f5b1-497d-8457-e6b48a6bc1d2","properties":{"building":true,"sourceLayer":"buildings","sources":["Google Open Buildings"]},"type":"Feature"},{"geometry":{"coordinates":[[[-17.4776342,14.7194365],[-17.4777119,14.7193908],[-17.4776336,14.7192404],[-17.4775658,14.7192661],[-17.4776342,14.7194365]]],"type":"Polygon"},"id":"4065c118-26fd-45ed-a8cb-9870fc966f44","properties":{"building":true,"sourceLayer":"buildings","sources":["OpenStreetMap"]},"type":"Feature"},{"geometry":{"coordinates":[[[-17.478727,14.7191619],[-17.478817,14.7190697],[-17.4787141,14.7189665],[-17.4786224,14.7190716],[-17.478727,14.7191619]]],"type":"Polygon"},"id":"4074d55f-ec0c-43f2-9ef1-d0a834a3e733","properties":{"building":true,"sourceLayer":"buildings","sources":["OpenStreetMap"]},"type":"Feature"},{"geometry":{"coordinates":[[[-17.4780787,14.7164779],[-17.4780121,14.7164826],[-17.4780147,14.716517],[-17.4780813,14.7165123],[-17.4780787,14.7164779]]],"type":"Polygon"},"id":"4089dec0-b35f-4549-bd9b-498ff9ce1237","properties":{"building":true,"sourceLayer":"buildings","sources":["Google Open Buildings"]},"type":"Feature"},{"geometry":{"coordinates":[[[-17.4732069,14.7174714],[-17.4732449,14.7174768],[-17.4732503,14.7174412],[-17.4732123,14.7174358],[-17.4732069,14.7174714]]],"type":"Polygon"},"id":"40c54b69-79d8-49cd-b5cb-c17d236f7716","properties":{"building":true,"sourceLayer":"buildings","sources":["Microsoft ML Buildings"]},"type":"Feature"},{"geometry":{"coordinates":[[[-17.4778867,14.7164813],[-17.4777294,14.7164935],[-17.4777368,14.7165837],[-17.4778941,14.7165714],[-17.4778867,14.7164813]]],"type":"Polygon"},"id":"40f3ee41-e72d-42cc-9dfb-3ee0cf4d23d6","properties":{"building":true,"sourceLayer":"buildings","sources":["Google Open Buildings"]},"type":"Feature"},{"geometry":{"coordinates":[[[-17.4782572,14.7210798],[-17.478186,14.7210771],[-17.4781844,14.7211163],[-17.4782557,14.721119],[-17.4782572,14.7210798]]],"type":"Polygon"},"id":"4109fdf1-15d2-42c8-8618-967d8bf421d0","properties":{"building":true,"sourceLayer":"buildings","sources":["Google Open Buildings"]},"type":"Feature"},{"geometry":{"coordinates":[[[-17.4732543,14.7203594],[-17.473258,14.7203835],[-17.4732107,14.7203902],[-17.4732194,14.7204474],[-17.4732929,14.720437],[-17.4732921,14.7204319],[-17.4733945,14.7204174],[-17.473383,14.7203412],[-17.4732543,14.7203594]]],"type":"Polygon"},"id":"415ce5b8-8292-4bf2-b3ca-d152293eca56","properties":{"building":true,"sourceLayer":"buildings","sources":["Microsoft ML Buildings"]},"type":"Feature"},{"geometry":{"coordinates":[[[-17.4718658,14.7181134],[-17.4718592,14.7182297],[-17.4719587,14.7182351],[-17.4719653,14.7181188],[-17.4718658,14.7181134]]],"type":"Polygon"},"id":"4196315d-59fa-42d3-920b-4c11d7cd4304","properties":{"building":true,"sourceLayer":"buildings","sources":["Google Open Buildings"]},"type":"Feature"},{"geometry":{"coordinates":[[[-17.4771316,14.7167348],[-17.4770967,14.7167377],[-17.4770936,14.7167024],[-17.4770326,14.7167075],[-17.4770407,14.7168002],[-17.4771366,14.7167922],[-17.4771316,14.7167348]]],"type":"Polygon"},"id":"41ccbe39-9fbf-4816-849e-c34a3c5d0a6c","properties":{"building":true,"sourceLayer":"buildings","sources":["Google Open Buildings"]},"type":"Feature"},{"geometry":{"coordinates":[[[-17.4765566,14.7192652],[-17.4767467,14.7192526],[-17.4765347,14.7189825],[-17.476488,14.7189965],[-17.4765566,14.7192652]]],"type":"Polygon"},"id":"41e7ba0c-e9f0-46c6-8afa-0c1c730c1ba8","properties":{"building":true,"sourceLayer":"buildings","sources":["OpenStreetMap"]},"type":"Feature"},{"geometry":{"coordinates":[[[-17.4722127,14.720085],[-17.4722905,14.7200869],[-17.4722923,14.7200157],[-17.4722145,14.7200139],[-17.4722127,14.720085]]],"type":"Polygon"},"id":"4226b29a-de1b-4dd9-9528-a76aeee3d99f","properties":{"building":true,"sourceLayer":"buildings","sources":["Microsoft ML Buildings"]},"type":"Feature"},{"geometry":{"coordinates":[[[-17.4790359,14.7162857],[-17.4790346,14.7163272],[-17.4790761,14.7163284],[-17.4790774,14.7162869],[-17.4790359,14.7162857]]],"type":"Polygon"},"id":"423f011b-4121-4b2b-84e7-e5359a139b3a","properties":{"building":true,"sourceLayer":"buildings","sources":["Microsoft ML Buildings"]},"type":"Feature"},{"geometry":{"coordinates":[[[-17.4769622,14.7194911],[-17.4771092,14.7194337],[-17.4770647,14.7193071],[-17.4769767,14.7193468],[-17.4769622,14.7194911]]],"type":"Polygon"},"id":"42774640-b3df-4da6-90f8-ed66440438e7","properties":{"building":true,"sourceLayer":"buildings","sources":["OpenStreetMap"]},"type":"Feature"},{"geometry":{"coordinates":[[[-17.4790578,14.7217049],[-17.479137,14.7216615],[-17.479086,14.7215603],[-17.4789975,14.7216018],[-17.4790578,14.7217049]]],"type":"Polygon"},"id":"42b3f0d6-4f48-4726-ad11-4ce241c66cc5","properties":{"building":true,"sourceLayer":"buildings","sources":["OpenStreetMap"]},"type":"Feature"},{"geometry":{"coordinates":[[[-17.4732035,14.7190277],[-17.4731418,14.7190375],[-17.4731498,14.7190848],[-17.4732115,14.7190749],[-17.4732035,14.7190277]]],"type":"Polygon"},"id":"42c39996-7878-4a4d-9c72-7239cd661b1d","properties":{"building":true,"sourceLayer":"buildings","sources":["Google Open Buildings"]},"type":"Feature"},{"geometry":{"coordinates":[[[-17.4745923,14.7153526],[-17.474521,14.7153632],[-17.4745288,14.7154129],[-17.4746001,14.7154023],[-17.4745923,14.7153526]]],"type":"Polygon"},"id":"42d41b3c-43ba-43bd-8911-75aec76b83cf","properties":{"building":true,"sourceLayer":"buildings","sources":["Google Open Buildings"]},"type":"Feature"},{"geometry":{"coordinates":[[[-17.472062,14.7159817],[-17.4719437,14.7159741],[-17.4719262,14.7162309],[-17.4720445,14.7162385],[-17.472062,14.7159817]]],"type":"Polygon"},"id":"4311feac-f444-49e3-b96c-fd0756ba43f1","properties":{"building":true,"sourceLayer":"buildings","sources":["Google Open Buildings"]},"type":"Feature"},{"geometry":{"coordinates":[[[-17.4749814,14.7159117],[-17.4749194,14.715932],[-17.4749278,14.7159562],[-17.4749898,14.715936],[-17.4749814,14.7159117]]],"type":"Polygon"},"id":"4314ed5f-388d-4b73-b57d-89f72f77efcb","properties":{"building":true,"sourceLayer":"buildings","sources":["Google Open Buildings"]},"type":"Feature"},{"geometry":{"coordinates":[[[-17.4735928,14.7181853],[-17.4735471,14.7181937],[-17.4735526,14.7182219],[-17.4735983,14.7182135],[-17.4735928,14.7181853]]],"type":"Polygon"},"id":"434d2a60-d8a0-4327-be4f-266922394eb8","properties":{"building":true,"sourceLayer":"buildings","sources":["Google Open Buildings"]},"type":"Feature"},{"geometry":{"coordinates":[[[-17.4775471,14.7216907],[-17.4775545,14.721716],[-17.4776198,14.7216818],[-17.4775527,14.7215575],[-17.4774727,14.7215993],[-17.4775315,14.7216982],[-17.4775471,14.7216907]]],"type":"Polygon"},"id":"4369a127-5a2e-42fe-a57f-1a9f574a01dc","properties":{"building":true,"sourceLayer":"buildings","sources":["OpenStreetMap"]},"type":"Feature"},{"geometry":{"coordinates":[[[-17.4777089,14.7194064],[-17.477795,14.7195625],[-17.4779174,14.7194977],[-17.4778771,14.7194222],[-17.4778401,14.7194406],[-17.477795,14.7193594],[-17.4777089,14.7194064]]],"type":"Polygon"},"id":"4378c00c-3ea9-44ce-9812-2f89146cd40f","properties":{"building":true,"sourceLayer":"buildings","sources":["OpenStreetMap"]},"type":"Feature"},{"geometry":{"coordinates":[[[-17.4733377,14.7150222],[-17.4732951,14.7150372],[-17.4733148,14.7150899],[-17.4733575,14.7150749],[-17.4733377,14.7150222]]],"type":"Polygon"},"id":"437cd410-1dba-4686-8ec6-df6f38b16a2a","properties":{"building":true,"sourceLayer":"buildings","sources":["Microsoft ML Buildings"]},"type":"Feature"},{"geometry":{"coordinates":[[[-17.4773866,14.7202632],[-17.4774532,14.7201855],[-17.477357,14.7200633],[-17.4772678,14.720146],[-17.4773866,14.7202632]]],"type":"Polygon"},"id":"43fcfb96-bdea-45e2-b509-5d0b3f9aeb0b","properties":{"building":true,"sourceLayer":"buildings","sources":["OpenStreetMap"]},"type":"Feature"},{"geometry":{"coordinates":[[[-17.4746809,14.7177222],[-17.4746701,14.7176895],[-17.4745371,14.7177312],[-17.4745479,14.717764],[-17.4746809,14.7177222]]],"type":"Polygon"},"id":"4402d4cf-21d5-485d-86b8-0cea12a1d930","properties":{"building":true,"sourceLayer":"buildings","sources":["Google Open Buildings"]},"type":"Feature"},{"geometry":{"coordinates":[[[-17.4747507,14.7148853],[-17.4747856,14.7149743],[-17.4748217,14.7149609],[-17.4747867,14.7148719],[-17.4747507,14.7148853]]],"type":"Polygon"},"id":"443b2901-aefc-4a87-9435-54ca6c345e94","properties":{"building":true,"sourceLayer":"buildings","sources":["Google Open Buildings"]},"type":"Feature"},{"geometry":{"coordinates":[[[-17.4721289,14.7169882],[-17.4721431,14.7170227],[-17.4721746,14.7170104],[-17.4721604,14.716976],[-17.4721289,14.7169882]]],"type":"Polygon"},"id":"44b7475b-5000-4df2-a607-7993f5558401","properties":{"building":true,"sourceLayer":"buildings","sources":["Google Open Buildings"]},"type":"Feature"},{"geometry":{"coordinates":[[[-17.4736633,14.7148815],[-17.4737503,14.7148354],[-17.4736679,14.71469],[-17.473581,14.7147361],[-17.4736633,14.7148815]]],"type":"Polygon"},"id":"44caed8f-1b31-4a5a-bed3-b72c84ac6190","properties":{"building":true,"sourceLayer":"buildings","sources":["OpenStreetMap"]},"type":"Feature"},{"geometry":{"coordinates":[[[-17.4781391,14.7195772],[-17.4782009,14.7195336],[-17.4781486,14.719413],[-17.4779364,14.7195291],[-17.4779495,14.7195686],[-17.4780004,14.719544],[-17.4780508,14.7196436],[-17.4781391,14.7195772]]],"type":"Polygon"},"id":"454a3baa-8057-4333-8a90-a6eb913aed9c","properties":{"building":true,"sourceLayer":"buildings","sources":["OpenStreetMap"]},"type":"Feature"},{"geometry":{"coordinates":[[[-17.4762282,14.7179263],[-17.4763596,14.7179112],[-17.476347,14.7178404],[-17.4762081,14.7178531],[-17.4762282,14.7179263]]],"type":"Polygon"},"id":"4557bb3e-d266-43af-8900-da1136eb232b","properties":{"building":true,"sourceLayer":"buildings","sources":["OpenStreetMap"]},"type":"Feature"},{"geometry":{"coordinates":[[[-17.477199,14.7184959],[-17.4770858,14.7184157],[-17.4769772,14.7185546],[-17.4770858,14.7186393],[-17.4770999,14.7186214],[-17.477199,14.7184959]]],"type":"Polygon"},"id":"456511ae-0159-4f2c-9564-094051d7778c","properties":{"building":true,"sourceLayer":"buildings","sources":["OpenStreetMap"]},"type":"Feature"},{"geometry":{"coordinates":[[[-17.4758756,14.71506],[-17.4757971,14.7150695],[-17.4758043,14.7151252],[-17.4758827,14.7151157],[-17.4758756,14.71506]]],"type":"Polygon"},"id":"45f35467-4bac-4673-9354-6bc4dc27470e","properties":{"building":true,"sourceLayer":"buildings","sources":["Google Open Buildings"]},"type":"Feature"},{"geometry":{"coordinates":[[[-17.4756447,14.7143432],[-17.4756088,14.714353],[-17.4756212,14.714396],[-17.4756572,14.7143862],[-17.4756447,14.7143432]]],"type":"Polygon"},"id":"4630b699-959b-4a87-b0b1-c1c08780e748","properties":{"building":true,"sourceLayer":"buildings","sources":["Google Open Buildings"]},"type":"Feature"},{"geometry":{"coordinates":[[[-17.4719335,14.7199191],[-17.4719415,14.7199194],[-17.4719485,14.719734],[-17.4717809,14.719728],[-17.4717695,14.7200274],[-17.4718204,14.7200292],[-17.4718192,14.7200603],[-17.471928,14.7200641],[-17.4719335,14.7199191]]],"type":"Polygon"},"id":"463bac8f-a5d9-4e7d-bc96-b96a15e2e3ef","properties":{"building":true,"sourceLayer":"buildings","sources":["Microsoft ML Buildings"]},"type":"Feature"},{"geometry":{"coordinates":[[[-17.4718219,14.7210663],[-17.4717491,14.7210613],[-17.4717405,14.7211804],[-17.4718133,14.7211854],[-17.4718219,14.7210663]]],"type":"Polygon"},"id":"465687b0-0036-4583-ac8f-c16f96a3e8ca","properties":{"building":true,"sourceLayer":"buildings","sources":["Google Open Buildings"]},"type":"Feature"},{"geometry":{"coordinates":[[[-17.4727426,14.7174757],[-17.4726835,14.7175291],[-17.4727066,14.7175532],[-17.4727657,14.7174999],[-17.4727426,14.7174757]]],"type":"Polygon"},"id":"469903cb-b2dd-4058-baae-1aac1ec43cb0","properties":{"building":true,"sourceLayer":"buildings","sources":["Google Open Buildings"]},"type":"Feature"},{"geometry":{"coordinates":[[[-17.4740889,14.7170412],[-17.4740407,14.7170454],[-17.4740435,14.7170706],[-17.4740912,14.7170656],[-17.4740889,14.7170412]]],"type":"Polygon"},"id":"46a60f48-fca5-493d-99df-5a1e73ccd82c","properties":{"building":true,"sourceLayer":"buildings","sources":["Google Open Buildings"]},"type":"Feature"},{"geometry":{"coordinates":[[[-17.4724553,14.7182867],[-17.4724016,14.7182752],[-17.4723937,14.7183099],[-17.4724474,14.7183213],[-17.4724553,14.7182867]]],"type":"Polygon"},"id":"46c7bd7a-c604-4c76-9c72-4f072d1ae00d","properties":{"building":true,"sourceLayer":"buildings","sources":["Microsoft ML Buildings"]},"type":"Feature"},{"geometry":{"coordinates":[[[-17.472824,14.7215626],[-17.4727462,14.7215596],[-17.472744,14.7216129],[-17.4728218,14.7216159],[-17.472824,14.7215626]]],"type":"Polygon"},"id":"46cad29f-f17a-414d-b6a4-6e64d5296e98","properties":{"building":true,"sourceLayer":"buildings","sources":["Google Open Buildings"]},"type":"Feature"},{"geometry":{"coordinates":[[[-17.4741432,14.7170012],[-17.4741086,14.7170046],[-17.4741121,14.7170387],[-17.4741467,14.7170353],[-17.4741432,14.7170012]]],"type":"Polygon"},"id":"471125a0-2d7a-4d42-b615-3785c42548a2","properties":{"building":true,"sourceLayer":"buildings","sources":["Google Open Buildings"]},"type":"Feature"},{"geometry":{"coordinates":[[[-17.4725397,14.7166375],[-17.4724796,14.7166558],[-17.4724884,14.7166834],[-17.4725486,14.7166651],[-17.4725397,14.7166375]]],"type":"Polygon"},"id":"473138fc-9825-4ca7-8b23-03cc531b4a39","properties":{"building":true,"sourceLayer":"buildings","sources":["Google Open Buildings"]},"type":"Feature"},{"geometry":{"coordinates":[[[-17.4754723,14.7140696],[-17.4754945,14.7141277],[-17.4755357,14.714113],[-17.4755135,14.7140549],[-17.4754723,14.7140696]]],"type":"Polygon"},"id":"4767c088-e0d7-45bb-8a92-4883f9ed75f3","properties":{"building":true,"sourceLayer":"buildings","sources":["Microsoft ML Buildings"]},"type":"Feature"},{"geometry":{"coordinates":[[[-17.4740021,14.7150969],[-17.4739687,14.7150837],[-17.4739418,14.7151483],[-17.4739752,14.7151615],[-17.4740021,14.7150969]]],"type":"Polygon"},"id":"47834510-2e99-4478-8174-5aa6997801ae","properties":{"building":true,"sourceLayer":"buildings","sources":["Google Open Buildings"]},"type":"Feature"},{"geometry":{"coordinates":[[[-17.4732709,14.7176175],[-17.4732331,14.7176307],[-17.4732513,14.7176796],[-17.473289,14.7176664],[-17.4732709,14.7176175]]],"type":"Polygon"},"id":"4810b4c1-3bc5-4f99-824f-4c43ed8da428","properties":{"building":true,"sourceLayer":"buildings","sources":["Google Open Buildings"]},"type":"Feature"},{"geometry":{"coordinates":[[[-17.4743895,14.7173409],[-17.4744577,14.717344],[-17.4744603,14.717291],[-17.4743921,14.7172879],[-17.4743895,14.7173409]]],"type":"Polygon"},"id":"4850555c-21d4-495d-950b-6085a55ce961","properties":{"building":true,"sourceLayer":"buildings","sources":["Microsoft ML Buildings"]},"type":"Feature"},{"geometry":{"coordinates":[[[-17.4741873,14.7169432],[-17.4741366,14.7169542],[-17.474159,14.7170521],[-17.4742096,14.7170412],[-17.4741873,14.7169432]]],"type":"Polygon"},"id":"4883bcfd-c234-4797-9a7c-43ddf2fdcdcf","properties":{"building":true,"sourceLayer":"buildings","sources":["Google Open Buildings"]},"type":"Feature"},{"geometry":{"coordinates":[[[-17.4789142,14.7194292],[-17.4790243,14.7192863],[-17.478904,14.7192092],[-17.4787953,14.7193545],[-17.4789142,14.7194292]]],"type":"Polygon"},"id":"488f5c5f-a38b-49bc-87b5-9c7a9127e899","properties":{"building":true,"sourceLayer":"buildings","sources":["OpenStreetMap"]},"type":"Feature"},{"geometry":{"coordinates":[[[-17.4777269,14.7184234],[-17.4776288,14.7183888],[-17.4776123,14.7184236],[-17.4776052,14.7184213],[-17.4775969,14.7184514],[-17.4775893,14.7184478],[-17.4775672,14.7184922],[-17.4775924,14.7185056],[-17.4775964,14.7185233],[-17.4776786,14.7185571],[-17.47769,14.718521],[-17.4776637,14.7185133],[-17.4776739,14.718495],[-17.4776942,14.7185036],[-17.4777269,14.7184234]]],"type":"Polygon"},"id":"489c8a1f-1c1a-4ca4-90ce-b3d22a9751ec","properties":{"building":true,"sourceLayer":"buildings","sources":["OpenStreetMap"]},"type":"Feature"},{"geometry":{"coordinates":[[[-17.4773605,14.7182946],[-17.4773836,14.7182637],[-17.4772636,14.7181878],[-17.4772416,14.7182225],[-17.4772622,14.7182467],[-17.4772409,14.7182726],[-17.4773075,14.7183262],[-17.4773321,14.7182961],[-17.4773445,14.7182893],[-17.4773605,14.7182946]]],"type":"Polygon"},"id":"48ee339f-d47f-4750-bd2c-d8416f8ed997","properties":{"building":true,"sourceLayer":"buildings","sources":["OpenStreetMap"]},"type":"Feature"},{"geometry":{"coordinates":[[[-17.4779053,14.7181966],[-17.4778813,14.7181942],[-17.4778777,14.7182294],[-17.4779017,14.7182317],[-17.4779053,14.7181966]]],"type":"Polygon"},"id":"4953c5bc-f091-4412-9801-db7c06f4b269","properties":{"building":true,"sourceLayer":"buildings","sources":["Google Open Buildings"]},"type":"Feature"},{"geometry":{"coordinates":[[[-17.4724482,14.7166475],[-17.4724094,14.7166582],[-17.4724219,14.7167011],[-17.4724607,14.7166904],[-17.4724482,14.7166475]]],"type":"Polygon"},"id":"498feba8-53cb-40ff-9983-542bbe9ef123","properties":{"building":true,"sourceLayer":"buildings","sources":["Google Open Buildings"]},"type":"Feature"},{"geometry":{"coordinates":[[[-17.474058,14.7176331],[-17.4739722,14.7176551],[-17.4739938,14.7177349],[-17.4740797,14.7177129],[-17.474058,14.7176331]]],"type":"Polygon"},"id":"49f7e586-2854-49a4-9265-12728888bfe6","properties":{"building":true,"sourceLayer":"buildings","sources":["Google Open Buildings"]},"type":"Feature"},{"geometry":{"coordinates":[[[-17.4775391,14.7200231],[-17.4776498,14.7199038],[-17.4775002,14.7197642],[-17.4774125,14.7199007],[-17.4775391,14.7200231]]],"type":"Polygon"},"id":"49f80614-4dc0-48d2-a863-776e4fa2bfbc","properties":{"building":true,"sourceLayer":"buildings","sources":["OpenStreetMap"]},"type":"Feature"},{"geometry":{"coordinates":[[[-17.4714474,14.7202157],[-17.4714377,14.7203259],[-17.4715094,14.7203319],[-17.4715192,14.7202217],[-17.4714474,14.7202157]]],"type":"Polygon"},"id":"4a1074a5-65f6-4e49-a4c2-2970ea45e0f3","properties":{"building":true,"sourceLayer":"buildings","sources":["Google Open Buildings"]},"type":"Feature"},{"geometry":{"coordinates":[[[-17.4733528,14.7205051],[-17.4733045,14.7205181],[-17.4733276,14.7205994],[-17.4733759,14.7205864],[-17.4733528,14.7205051]]],"type":"Polygon"},"id":"4a10f889-d861-4f57-9961-3343e1a0aff9","properties":{"building":true,"sourceLayer":"buildings","sources":["Google Open Buildings"]},"type":"Feature"},{"geometry":{"coordinates":[[[-17.4767197,14.7184874],[-17.4768686,14.7185954],[-17.4769564,14.7184874],[-17.4768051,14.7183808],[-17.4767197,14.7184874]]],"type":"Polygon"},"id":"4a310e43-e929-41fb-9a13-1028653637a5","properties":{"building":true,"sourceLayer":"buildings","sources":["OpenStreetMap"]},"type":"Feature"},{"geometry":{"coordinates":[[[-17.4753175,14.7143468],[-17.4752466,14.7143895],[-17.4752692,14.7144251],[-17.4753401,14.7143824],[-17.4753175,14.7143468]]],"type":"Polygon"},"id":"4a37986b-574a-491c-9b64-0853940ed4f6","properties":{"building":true,"sourceLayer":"buildings","sources":["Google Open Buildings"]},"type":"Feature"},{"geometry":{"coordinates":[[[-17.4721621,14.7201201],[-17.4721506,14.7202636],[-17.4723424,14.7202782],[-17.4723515,14.7201642],[-17.4722897,14.7201595],[-17.4722921,14.72013],[-17.4721621,14.7201201]]],"type":"Polygon"},"id":"4a551097-c7a6-4314-9d99-505d17c831fc","properties":{"building":true,"sourceLayer":"buildings","sources":["Google Open Buildings"]},"type":"Feature"},{"geometry":{"coordinates":[[[-17.4769149,14.7214553],[-17.4770181,14.7214029],[-17.4769826,14.7212819],[-17.4769097,14.7213121],[-17.4769149,14.7214553]]],"type":"Polygon"},"id":"4a8a54db-74c1-4981-95bd-9832c3350261","properties":{"building":true,"sourceLayer":"buildings","sources":["OpenStreetMap"]},"type":"Feature"},{"geometry":{"coordinates":[[[-17.4790295,14.7162809],[-17.4790832,14.7162806],[-17.4790811,14.7160056],[-17.4787298,14.7160081],[-17.4787299,14.7160314],[-17.4786682,14.7160318],[-17.4786692,14.7161564],[-17.4787523,14.7161558],[-17.4787536,14.7163218],[-17.4789494,14.7163204],[-17.4789495,14.7163438],[-17.47903,14.7163432],[-17.4790295,14.7162809]]],"type":"Polygon"},"id":"4abe4c9a-ae82-4476-b317-ab8bed546a7e","properties":{"building":true,"sourceLayer":"buildings","sources":["Microsoft ML Buildings"]},"type":"Feature"},{"geometry":{"coordinates":[[[-17.4730692,14.7152215],[-17.4730797,14.7152539],[-17.4731044,14.7152463],[-17.4730939,14.7152139],[-17.4730692,14.7152215]]],"type":"Polygon"},"id":"4b253367-3fcd-4c83-8ab7-b853eddb009f","properties":{"building":true,"sourceLayer":"buildings","sources":["Google Open Buildings"]},"type":"Feature"},{"geometry":{"coordinates":[[[-17.4723532,14.7198315],[-17.4723553,14.7197953],[-17.4722991,14.7197923],[-17.4722971,14.7198285],[-17.4723532,14.7198315]]],"type":"Polygon"},"id":"4b8095c3-25a0-4902-8bd5-24cd646b40d9","properties":{"building":true,"sourceLayer":"buildings","sources":["Microsoft ML Buildings"]},"type":"Feature"},{"geometry":{"coordinates":[[[-17.4740669,14.7154137],[-17.4740702,14.7154559],[-17.4741256,14.7154518],[-17.4741222,14.7154096],[-17.4740669,14.7154137]]],"type":"Polygon"},"id":"4b81206a-e65a-4b99-8de5-d9ae6ba3252a","properties":{"building":true,"sourceLayer":"buildings","sources":["Google Open Buildings"]},"type":"Feature"},{"geometry":{"coordinates":[[[-17.4783728,14.7198939],[-17.478468,14.7199653],[-17.4785581,14.7198609],[-17.478485,14.7197498],[-17.4783728,14.7198939]]],"type":"Polygon"},"id":"4b8fc2c9-7bf9-4e05-91d6-539cf25dd8fc","properties":{"building":true,"sourceLayer":"buildings","sources":["OpenStreetMap"]},"type":"Feature"},{"geometry":{"coordinates":[[[-17.4716767,14.7186812],[-17.4716318,14.7186758],[-17.4716209,14.7187601],[-17.4716658,14.7187655],[-17.4716767,14.7186812]]],"type":"Polygon"},"id":"4baa3452-1d13-49f6-af48-024f212aa94e","properties":{"building":true,"sourceLayer":"buildings","sources":["Microsoft ML Buildings"]},"type":"Feature"},{"geometry":{"coordinates":[[[-17.4775034,14.7165841],[-17.4773405,14.7165985],[-17.4773496,14.7166962],[-17.4775125,14.7166818],[-17.4775034,14.7165841]]],"type":"Polygon"},"id":"4bb8ccb4-e75c-4b2c-b4b2-c395722e53a9","properties":{"building":true,"sourceLayer":"buildings","sources":["Google Open Buildings"]},"type":"Feature"},{"geometry":{"coordinates":[[[-17.4722876,14.7177361],[-17.4723011,14.7177714],[-17.4724591,14.7177148],[-17.4724128,14.7175939],[-17.4722288,14.7176598],[-17.4722616,14.7177454],[-17.4722876,14.7177361]]],"type":"Polygon"},"id":"4beff081-e674-4d77-b4a5-8e8faf4a8ea1","properties":{"building":true,"sourceLayer":"buildings","sources":["Microsoft ML Buildings"]},"type":"Feature"},{"geometry":{"coordinates":[[[-17.4790913,14.7139387],[-17.4789389,14.7139865],[-17.4789566,14.71404],[-17.479109,14.7139921],[-17.4790913,14.7139387]]],"type":"Polygon"},"id":"4c552d17-68d9-43ab-a7af-9dae31f33375","properties":{"building":true,"sourceLayer":"buildings","sources":["Google Open Buildings"]},"type":"Feature"},{"geometry":{"coordinates":[[[-17.4770835,14.7186296],[-17.477195,14.71849],[-17.4770821,14.7184112],[-17.4769805,14.7185362],[-17.4770835,14.7186296]]],"type":"Polygon"},"id":"4c5bd5a5-59ca-43d6-86db-5a80594260dd","properties":{"building":true,"sourceLayer":"buildings","sources":["OpenStreetMap"]},"type":"Feature"},{"geometry":{"coordinates":[[[-17.4735453,14.7196882],[-17.4734415,14.7197183],[-17.4734785,14.7198393],[-17.4735823,14.7198092],[-17.4735453,14.7196882]]],"type":"Polygon"},"id":"4c73be2b-9be8-4ee3-b23e-be55972911ef","properties":{"building":true,"sourceLayer":"buildings","sources":["Google Open Buildings"]},"type":"Feature"},{"geometry":{"coordinates":[[[-17.4717885,14.7181464],[-17.4717458,14.7181468],[-17.4717463,14.7181887],[-17.471789,14.7181882],[-17.4717885,14.7181464]]],"type":"Polygon"},"id":"4cb3a348-4509-4b33-8e7f-07291484b7ec","properties":{"building":true,"sourceLayer":"buildings","sources":["Google Open Buildings"]},"type":"Feature"},{"geometry":{"coordinates":[[[-17.4741019,14.7181243],[-17.4740744,14.7181322],[-17.4740834,14.7181616],[-17.4741109,14.7181537],[-17.4741019,14.7181243]]],"type":"Polygon"},"id":"4cd1620b-4f6c-4325-a3f2-191c19865fae","properties":{"building":true,"sourceLayer":"buildings","sources":["Google Open Buildings"]},"type":"Feature"},{"geometry":{"coordinates":[[[-17.4743452,14.714128],[-17.4742572,14.7141682],[-17.4743322,14.7143238],[-17.4744202,14.7142836],[-17.4743452,14.714128]]],"type":"Polygon"},"id":"4d2f5cc4-0549-4e70-b5f0-14491f46b263","properties":{"building":true,"sourceLayer":"buildings","sources":["Google Open Buildings"]},"type":"Feature"},{"geometry":{"coordinates":[[[-17.4736184,14.7174005],[-17.4736273,14.7174562],[-17.4736701,14.7174497],[-17.4736612,14.717394],[-17.4736184,14.7174005]]],"type":"Polygon"},"id":"4d3e1727-6394-48f0-b65b-eefc4ef18fbc","properties":{"building":true,"sourceLayer":"buildings","sources":["Google Open Buildings"]},"type":"Feature"},{"geometry":{"coordinates":[[[-17.4721054,14.7157391],[-17.4720216,14.7157348],[-17.4720186,14.7157908],[-17.4721024,14.7157952],[-17.4721054,14.7157391]]],"type":"Polygon"},"id":"4d48fa88-942b-4dcb-a39b-e8112197e12d","properties":{"building":true,"sourceLayer":"buildings","sources":["Google Open Buildings"]},"type":"Feature"},{"geometry":{"coordinates":[[[-17.4721415,14.7192904],[-17.472008,14.719281],[-17.4720008,14.7193745],[-17.4721345,14.7193839],[-17.4721415,14.7192904]]],"type":"Polygon"},"id":"4d4bd98f-613b-4035-bfb6-667cf02aaafc","properties":{"building":true,"sourceLayer":"buildings","sources":["Google Open Buildings"]},"type":"Feature"},{"geometry":{"coordinates":[[[-17.4779627,14.7210722],[-17.4779995,14.7210703],[-17.4780062,14.7209295],[-17.4779278,14.7209334],[-17.4779177,14.721093],[-17.4779586,14.7210942],[-17.4779627,14.7210722]]],"type":"Polygon"},"id":"4d9b9356-fe27-4efe-9083-fc45e99f0cc4","properties":{"building":true,"sourceLayer":"buildings","sources":["OpenStreetMap"]},"type":"Feature"},{"geometry":{"coordinates":[[[-17.4743948,14.7160253],[-17.4743831,14.7160802],[-17.4744446,14.7160926],[-17.4744491,14.7160715],[-17.4744282,14.7160673],[-17.4744354,14.7160335],[-17.4743948,14.7160253]]],"type":"Polygon"},"id":"4df95f7f-6816-4e30-b9b0-c8ff4018487e","properties":{"building":true,"sourceLayer":"buildings","sources":["Google Open Buildings"]},"type":"Feature"},{"geometry":{"coordinates":[[[-17.4726734,14.7167277],[-17.4726531,14.7167302],[-17.4726598,14.716782],[-17.4726802,14.7167794],[-17.4726734,14.7167277]]],"type":"Polygon"},"id":"4e3856e3-980f-4ac8-9be0-3de7f76097c3","properties":{"building":true,"sourceLayer":"buildings","sources":["Google Open Buildings"]},"type":"Feature"},{"geometry":{"coordinates":[[[-17.4718735,14.7215566],[-17.4718348,14.7215579],[-17.4718359,14.7215972],[-17.4718749,14.7215959],[-17.4718735,14.7215566]]],"type":"Polygon"},"id":"4e4c7950-590e-4a7c-b3fd-d9343fc9471d","properties":{"building":true,"sourceLayer":"buildings","sources":["Google Open Buildings"]},"type":"Feature"},{"geometry":{"coordinates":[[[-17.4738168,14.7172733],[-17.4737782,14.7172894],[-17.4737912,14.717319],[-17.4738298,14.7173029],[-17.4738168,14.7172733]]],"type":"Polygon"},"id":"4e5dd571-6a2f-4cc9-b181-fce35831d2f4","properties":{"building":true,"sourceLayer":"buildings","sources":["Google Open Buildings"]},"type":"Feature"},{"geometry":{"coordinates":[[[-17.4745314,14.7160088],[-17.4744908,14.7161009],[-17.4745464,14.7161241],[-17.474587,14.7160321],[-17.4745314,14.7160088]]],"type":"Polygon"},"id":"4e8567c3-77b5-47f7-b2d7-285566bf20fa","properties":{"building":true,"sourceLayer":"buildings","sources":["Google Open Buildings"]},"type":"Feature"},{"geometry":{"coordinates":[[[-17.4770559,14.7171621],[-17.4769613,14.7171692],[-17.476971,14.7172919],[-17.4770656,14.7172848],[-17.4770559,14.7171621]]],"type":"Polygon"},"id":"4ecbb69c-0275-4718-a269-5d0c29be5f46","properties":{"building":true,"sourceLayer":"buildings","sources":["Google Open Buildings"]},"type":"Feature"},{"geometry":{"coordinates":[[[-17.477573,14.7202939],[-17.4776647,14.7203684],[-17.4777495,14.7202639],[-17.4776699,14.7201995],[-17.477573,14.7202939]]],"type":"Polygon"},"id":"4f277c9c-4cc7-4618-86e5-a7b76b33a243","properties":{"building":true,"sourceLayer":"buildings","sources":["OpenStreetMap"]},"type":"Feature"},{"geometry":{"coordinates":[[[-17.4741949,14.7180507],[-17.4741019,14.7180857],[-17.474114,14.7181163],[-17.4742071,14.7180813],[-17.4741949,14.7180507]]],"type":"Polygon"},"id":"4f3db074-9802-4261-a3c4-797f821588da","properties":{"building":true,"sourceLayer":"buildings","sources":["Google Open Buildings"]},"type":"Feature"},{"geometry":{"coordinates":[[[-17.4757254,14.7140552],[-17.4759906,14.7139355],[-17.4758583,14.7136615],[-17.4755931,14.7137812],[-17.4757254,14.7140552]]],"type":"Polygon"},"id":"4f435203-a571-430c-8842-bf4dade62862","properties":{"building":true,"sourceLayer":"buildings","sources":["OpenStreetMap"]},"type":"Feature"},{"geometry":{"coordinates":[[[-17.4721209,14.7161375],[-17.4720569,14.7161343],[-17.472055,14.7161704],[-17.472119,14.7161735],[-17.4721209,14.7161375]]],"type":"Polygon"},"id":"4f701230-2862-4289-b88e-599395d1f6f9","properties":{"building":true,"sourceLayer":"buildings","sources":["Google Open Buildings"]},"type":"Feature"},{"geometry":{"coordinates":[[[-17.4772332,14.7203854],[-17.4773388,14.7202941],[-17.4772529,14.7202006],[-17.4771492,14.7203113],[-17.4772332,14.7203854]]],"type":"Polygon"},"id":"4fb1d20c-008e-49e9-97a5-b9d5f735a1e4","properties":{"building":true,"sourceLayer":"buildings","sources":["OpenStreetMap"]},"type":"Feature"},{"geometry":{"coordinates":[[[-17.4734114,14.7169205],[-17.4734422,14.7169641],[-17.4734715,14.7169445],[-17.4734407,14.7169009],[-17.4734114,14.7169205]]],"type":"Polygon"},"id":"4fc8123e-5d19-4830-b55a-1f0ae365573d","properties":{"building":true,"sourceLayer":"buildings","sources":["Google Open Buildings"]},"type":"Feature"},{"geometry":{"coordinates":[[[-17.4730322,14.7148906],[-17.4731031,14.7150111],[-17.4731591,14.7149799],[-17.4730882,14.7148594],[-17.4730322,14.7148906]]],"type":"Polygon"},"id":"4ffbdc88-732a-49a7-8b96-c2e79995ec14","properties":{"building":true,"sourceLayer":"buildings","sources":["Google Open Buildings"]},"type":"Feature"},{"geometry":{"coordinates":[[[-17.4775957,14.717759],[-17.4774638,14.7179282],[-17.4776117,14.7180403],[-17.4777017,14.7178365],[-17.4775957,14.717759]]],"type":"Polygon"},"id":"500c7c68-e7fc-4972-b56b-76a13d38fe09","properties":{"building":true,"sourceLayer":"buildings","sources":["OpenStreetMap"]},"type":"Feature"},{"geometry":{"coordinates":[[[-17.472583,14.717579],[-17.4725675,14.7175904],[-17.4726067,14.7176408],[-17.4726222,14.7176294],[-17.472583,14.717579]]],"type":"Polygon"},"id":"501a120c-44b7-4170-906c-20d94ee15720","properties":{"building":true,"sourceLayer":"buildings","sources":["Google Open Buildings"]},"type":"Feature"},{"geometry":{"coordinates":[[[-17.4722415,14.721178],[-17.472184,14.7211731],[-17.4721746,14.7212779],[-17.4722321,14.7212828],[-17.4722415,14.721178]]],"type":"Polygon"},"id":"508275b0-3366-4b31-ace1-2cc8a7c94517","properties":{"building":true,"sourceLayer":"buildings","sources":["Google Open Buildings"]},"type":"Feature"},{"geometry":{"coordinates":[[[-17.4740016,14.7153362],[-17.4739876,14.7153784],[-17.4740113,14.7153858],[-17.4740046,14.7154058],[-17.4740589,14.7154229],[-17.4740795,14.7153606],[-17.4740016,14.7153362]]],"type":"Polygon"},"id":"5087bf49-5f14-4762-954e-4cba748faa7d","properties":{"building":true,"sourceLayer":"buildings","sources":["Google Open Buildings"]},"type":"Feature"},{"geometry":{"coordinates":[[[-17.478824,14.7192535],[-17.4790305,14.7189959],[-17.4789348,14.7189168],[-17.4788017,14.7190478],[-17.478817,14.7190697],[-17.4788262,14.7190828],[-17.478727,14.7191619],[-17.4787394,14.7191736],[-17.4787531,14.7191865],[-17.478824,14.7192535]]],"type":"Polygon"},"id":"50b3322f-a7a7-497c-a59a-6778b5dc93e3","properties":{"building":true,"sourceLayer":"buildings","sources":["OpenStreetMap"]},"type":"Feature"},{"geometry":{"coordinates":[[[-17.4762607,14.7170665],[-17.4762232,14.7170695],[-17.4762296,14.7171437],[-17.476267,14.7171406],[-17.4762607,14.7170665]]],"type":"Polygon"},"id":"50eb5668-cbeb-49ef-825a-57ce37ab3385","properties":{"building":true,"sourceLayer":"buildings","sources":["Google Open Buildings"]},"type":"Feature"},{"geometry":{"coordinates":[[[-17.4733714,14.7161441],[-17.4733382,14.7161428],[-17.4733342,14.7162377],[-17.4733674,14.716239],[-17.4733714,14.7161441]]],"type":"Polygon"},"id":"5115d9a6-39a7-4d2e-8e6c-674eb5453547","properties":{"building":true,"sourceLayer":"buildings","sources":["Google Open Buildings"]},"type":"Feature"},{"geometry":{"coordinates":[[[-17.4767094,14.7189178],[-17.4766225,14.7190239],[-17.4767413,14.7191702],[-17.4768601,14.7190161],[-17.4767094,14.7189178]]],"type":"Polygon"},"id":"511d1a34-d598-4880-8613-26208b551e36","properties":{"building":true,"sourceLayer":"buildings","sources":["OpenStreetMap"]},"type":"Feature"},{"geometry":{"coordinates":[[[-17.4709547,14.7165968],[-17.4709507,14.7166746],[-17.4710998,14.7166819],[-17.4711038,14.7166042],[-17.4709547,14.7165968]]],"type":"Polygon"},"id":"513116a1-d714-42bc-a09c-f56f8c0dc272","properties":{"building":true,"sourceLayer":"buildings","sources":["Google Open Buildings"]},"type":"Feature"},{"geometry":{"coordinates":[[[-17.4786214,14.7192886],[-17.4787279,14.7191975],[-17.4786097,14.7190695],[-17.4785205,14.7191766],[-17.4786214,14.7192886]]],"type":"Polygon"},"id":"5133dd9b-51b6-42c2-829e-6cd882fe1a6b","properties":{"building":true,"sourceLayer":"buildings","sources":["OpenStreetMap"]},"type":"Feature"},{"geometry":{"coordinates":[[[-17.4775228,14.7209287],[-17.4776082,14.7208032],[-17.4775419,14.7207431],[-17.477491,14.7208425],[-17.4773448,14.7207472],[-17.4773547,14.7209043],[-17.4775228,14.7209287]]],"type":"Polygon"},"id":"51a1dbbc-389e-4976-9f5b-8acd5d901fdb","properties":{"building":true,"sourceLayer":"buildings","sources":["OpenStreetMap"]},"type":"Feature"},{"geometry":{"coordinates":[[[-17.4727012,14.7212187],[-17.4725496,14.7212123],[-17.4725359,14.7215116],[-17.4726875,14.7215181],[-17.4727012,14.7212187]]],"type":"Polygon"},"id":"51b8d4ee-9073-4266-8fdc-40b0e7bc5340","properties":{"building":true,"sourceLayer":"buildings","sources":["OpenStreetMap"]},"type":"Feature"},{"geometry":{"coordinates":[[[-17.4735082,14.7149255],[-17.4734822,14.7149372],[-17.4735114,14.7149984],[-17.4735374,14.7149866],[-17.4735082,14.7149255]]],"type":"Polygon"},"id":"51c13937-a108-46ab-a132-a25606e608f5","properties":{"building":true,"sourceLayer":"buildings","sources":["Google Open Buildings"]},"type":"Feature"},{"geometry":{"coordinates":[[[-17.4728708,14.717517],[-17.4728286,14.7175291],[-17.4728385,14.7175618],[-17.4728807,14.7175497],[-17.4728708,14.717517]]],"type":"Polygon"},"id":"51c9520d-0d05-4b4a-9a2e-e1eefb9f6ae6","properties":{"building":true,"sourceLayer":"buildings","sources":["Google Open Buildings"]},"type":"Feature"},{"geometry":{"coordinates":[[[-17.4774138,14.7167496],[-17.4773398,14.7167561],[-17.4773498,14.7168624],[-17.4774237,14.7168559],[-17.4774138,14.7167496]]],"type":"Polygon"},"id":"51d2300a-02c0-4cb3-ad40-71054d0b3661","properties":{"building":true,"sourceLayer":"buildings","sources":["Google Open Buildings"]},"type":"Feature"},{"geometry":{"coordinates":[[[-17.4774854,14.7163914],[-17.4773436,14.716404],[-17.4773529,14.716503],[-17.4774946,14.7164904],[-17.4774854,14.7163914]]],"type":"Polygon"},"id":"51d6e1dc-69a1-4853-afe1-5fa456ec4e85","properties":{"building":true,"sourceLayer":"buildings","sources":["Google Open Buildings"]},"type":"Feature"},{"geometry":{"coordinates":[[[-17.4721169,14.715647],[-17.4720062,14.7156266],[-17.4719757,14.7157832],[-17.4720142,14.7157903],[-17.4720269,14.7157254],[-17.472099,14.7157388],[-17.4721169,14.715647]]],"type":"Polygon"},"id":"52105978-5bba-4462-a7ff-291dc2685f54","properties":{"building":true,"sourceLayer":"buildings","sources":["Google Open Buildings"]},"type":"Feature"},{"geometry":{"coordinates":[[[-17.4774752,14.7217729],[-17.4775345,14.7218858],[-17.4776083,14.7218555],[-17.4775401,14.7217421],[-17.4774752,14.7217729]]],"type":"Polygon"},"id":"52214d28-19be-464d-bac3-fb722d0b4af8","properties":{"building":true,"sourceLayer":"buildings","sources":["OpenStreetMap"]},"type":"Feature"},{"geometry":{"coordinates":[[[-17.4779324,14.7168463],[-17.4777707,14.7168686],[-17.4777915,14.7170119],[-17.4778689,14.7170013],[-17.4778657,14.7169793],[-17.4778762,14.7169779],[-17.4778794,14.7169998],[-17.4779532,14.7169896],[-17.4779324,14.7168463]]],"type":"Polygon"},"id":"52491c33-6d0e-4e31-8dcc-6fa62edda44b","properties":{"building":true,"sourceLayer":"buildings","sources":["Google Open Buildings"]},"type":"Feature"},{"geometry":{"coordinates":[[[-17.4716234,14.7184871],[-17.4716186,14.7185312],[-17.4717349,14.7185431],[-17.4717396,14.718499],[-17.4716234,14.7184871]]],"type":"Polygon"},"id":"5277ebbd-d08e-40d3-b22b-693da82dcc17","properties":{"building":true,"sourceLayer":"buildings","sources":["Google Open Buildings"]},"type":"Feature"},{"geometry":{"coordinates":[[[-17.474104,14.7177396],[-17.4740753,14.7177418],[-17.4740827,14.7178355],[-17.4741114,14.7178334],[-17.474104,14.7177396]]],"type":"Polygon"},"id":"52e42577-3035-43fe-b857-a12afe6b03bf","properties":{"building":true,"sourceLayer":"buildings","sources":["Google Open Buildings"]},"type":"Feature"},{"geometry":{"coordinates":[[[-17.4721241,14.7207956],[-17.4721225,14.7208224],[-17.4721176,14.7209045],[-17.4721376,14.7209056],[-17.4721354,14.7209437],[-17.4722947,14.7209526],[-17.4722963,14.7209262],[-17.4723776,14.7209307],[-17.472376,14.7209572],[-17.472423,14.7209598],[-17.4724246,14.7209333],[-17.4725086,14.720938],[-17.4725157,14.7208175],[-17.4721241,14.7207956]]],"type":"Polygon"},"id":"530fb3b8-f19f-420c-9515-7574966ab3ff","properties":{"building":true,"sourceLayer":"buildings","sources":["Google Open Buildings"]},"type":"Feature"},{"geometry":{"coordinates":[[[-17.4726772,14.7206883],[-17.4726691,14.720826],[-17.4727957,14.7208331],[-17.4728039,14.7206954],[-17.4726772,14.7206883]]],"type":"Polygon"},"id":"53240348-3acc-4347-8552-426070054f72","properties":{"building":true,"sourceLayer":"buildings","sources":["Google Open Buildings"]},"type":"Feature"},{"geometry":{"coordinates":[[[-17.4734683,14.7204549],[-17.4734077,14.7204722],[-17.4734281,14.7205398],[-17.4734886,14.7205226],[-17.4734683,14.7204549]]],"type":"Polygon"},"id":"532ffd64-738c-48a2-8f8c-10dee1d3b88b","properties":{"building":true,"sourceLayer":"buildings","sources":["Google Open Buildings"]},"type":"Feature"},{"geometry":{"coordinates":[[[-17.477426,14.7160559],[-17.477425,14.716004],[-17.4773526,14.7160053],[-17.4773536,14.7160572],[-17.477426,14.7160559]]],"type":"Polygon"},"id":"5348a8b6-1d36-4330-a1d3-5965171b2ffa","properties":{"building":true,"sourceLayer":"buildings","sources":["Microsoft ML Buildings"]},"type":"Feature"},{"geometry":{"coordinates":[[[-17.4773224,14.7164058],[-17.4771942,14.7164172],[-17.4772035,14.7165162],[-17.4773317,14.7165049],[-17.4773224,14.7164058]]],"type":"Polygon"},"id":"534bda57-6510-4a96-8630-4c638d1290d8","properties":{"building":true,"sourceLayer":"buildings","sources":["Google Open Buildings"]},"type":"Feature"},{"geometry":{"coordinates":[[[-17.4731972,14.7167273],[-17.4731553,14.716731],[-17.4731579,14.7167589],[-17.4731997,14.7167552],[-17.4731972,14.7167273]]],"type":"Polygon"},"id":"5353f1ec-40bd-48e5-b0de-7b512ad19bcd","properties":{"building":true,"sourceLayer":"buildings","sources":["Google Open Buildings"]},"type":"Feature"},{"geometry":{"coordinates":[[[-17.4738781,14.717555],[-17.4738273,14.7175756],[-17.4738461,14.7176195],[-17.473897,14.7175988],[-17.4738781,14.717555]]],"type":"Polygon"},"id":"536d3c55-6167-4bc6-aa52-80e4ace8691a","properties":{"building":true,"sourceLayer":"buildings","sources":["Google Open Buildings"]},"type":"Feature"},{"geometry":{"coordinates":[[[-17.4715287,14.7140223],[-17.4714452,14.7140172],[-17.4714338,14.714195],[-17.4715173,14.7142],[-17.4715194,14.7141676],[-17.4714738,14.7141648],[-17.4714783,14.7140941],[-17.4715239,14.7140969],[-17.4715287,14.7140223]]],"type":"Polygon"},"id":"542fd6c3-d036-4724-b5c0-a7baf679fbcc","properties":{"building":true,"sourceLayer":"buildings","sources":["Google Open Buildings"]},"type":"Feature"},{"geometry":{"coordinates":[[[-17.4776998,14.7183719],[-17.4779132,14.7184618],[-17.4779627,14.7183263],[-17.47774,14.718255],[-17.4776998,14.7183719]]],"type":"Polygon"},"id":"545b5892-1a6e-45b8-9542-29125bbf9828","properties":{"building":true,"sourceLayer":"buildings","sources":["OpenStreetMap"]},"type":"Feature"},{"geometry":{"coordinates":[[[-17.4718685,14.7188373],[-17.4718377,14.7188466],[-17.4718574,14.7189089],[-17.4718883,14.7188997],[-17.4718685,14.7188373]]],"type":"Polygon"},"id":"547c1234-e6a2-4710-b207-87a816d73965","properties":{"building":true,"sourceLayer":"buildings","sources":["Google Open Buildings"]},"type":"Feature"},{"geometry":{"coordinates":[[[-17.4737977,14.7208069],[-17.4738656,14.7207918],[-17.4738401,14.7206846],[-17.4736541,14.720726],[-17.473681,14.7208393],[-17.4737508,14.7208238],[-17.473742,14.7207868],[-17.4737904,14.7207761],[-17.4737977,14.7208069]]],"type":"Polygon"},"id":"54e3ce43-1c46-4080-8d51-0b0f8da7f996","properties":{"building":true,"sourceLayer":"buildings","sources":["Microsoft ML Buildings"]},"type":"Feature"},{"geometry":{"coordinates":[[[-17.4744604,14.716554],[-17.4744249,14.7165754],[-17.4744485,14.7166125],[-17.474484,14.7165912],[-17.4744604,14.716554]]],"type":"Polygon"},"id":"54e97fb0-5767-4a9b-85b7-8c01dd5d3de2","properties":{"building":true,"sourceLayer":"buildings","sources":["Google Open Buildings"]},"type":"Feature"},{"geometry":{"coordinates":[[[-17.4773854,14.7188558],[-17.4774123,14.7187978],[-17.4772774,14.7187388],[-17.4772075,14.7188312],[-17.4773193,14.7188844],[-17.4773335,14.7188911],[-17.4773449,14.7188701],[-17.4773589,14.718844],[-17.4773854,14.7188558]]],"type":"Polygon"},"id":"54ebf9b8-1f26-4c83-a634-9184202ec444","properties":{"building":true,"sourceLayer":"buildings","sources":["OpenStreetMap"]},"type":"Feature"},{"geometry":{"coordinates":[[[-17.474401,14.7154294],[-17.4743741,14.715431],[-17.4743795,14.7155157],[-17.4744064,14.7155141],[-17.474401,14.7154294]]],"type":"Polygon"},"id":"55007ef5-1e3f-4901-9c3a-56291ca93caf","properties":{"building":true,"sourceLayer":"buildings","sources":["Google Open Buildings"]},"type":"Feature"},{"geometry":{"coordinates":[[[-17.4741334,14.7151543],[-17.4740769,14.7151476],[-17.4740732,14.7151772],[-17.4741297,14.7151839],[-17.4741334,14.7151543]]],"type":"Polygon"},"id":"55230dcb-25bc-4571-8fbb-424601bdb56b","properties":{"building":true,"sourceLayer":"buildings","sources":["Google Open Buildings"]},"type":"Feature"},{"geometry":{"coordinates":[[[-17.4734262,14.7180821],[-17.4733916,14.7180901],[-17.4734008,14.7181277],[-17.4734354,14.7181197],[-17.4734262,14.7180821]]],"type":"Polygon"},"id":"554cd1ed-60f7-4193-b9c2-dbc92b084226","properties":{"building":true,"sourceLayer":"buildings","sources":["Google Open Buildings"]},"type":"Feature"},{"geometry":{"coordinates":[[[-17.4735982,14.7165954],[-17.4735594,14.7166214],[-17.4735909,14.7166661],[-17.4736298,14.71664],[-17.4735982,14.7165954]]],"type":"Polygon"},"id":"5582dff6-7193-4bd0-b189-06daae8f0ae3","properties":{"building":true,"sourceLayer":"buildings","sources":["Google Open Buildings"]},"type":"Feature"},{"geometry":{"coordinates":[[[-17.4732951,14.7191288],[-17.4731905,14.7191552],[-17.4732221,14.7192735],[-17.4732376,14.7192696],[-17.47323,14.7192414],[-17.4733191,14.7192189],[-17.4732951,14.7191288]]],"type":"Polygon"},"id":"558d3f6f-fa03-4a86-9c9a-fc284e2ea5b1","properties":{"building":true,"sourceLayer":"buildings","sources":["Google Open Buildings"]},"type":"Feature"},{"geometry":{"coordinates":[[[-17.4769672,14.7218156],[-17.4770658,14.7217635],[-17.4770107,14.7216559],[-17.4769318,14.7216976],[-17.4769672,14.7218156]]],"type":"Polygon"},"id":"559bbae6-8dcd-4845-9b5b-4b17049531f8","properties":{"building":true,"sourceLayer":"buildings","sources":["OpenStreetMap"]},"type":"Feature"},{"geometry":{"coordinates":[[[-17.4746007,14.7144819],[-17.4745664,14.7144971],[-17.4745887,14.7145448],[-17.474623,14.7145296],[-17.4746007,14.7144819]]],"type":"Polygon"},"id":"55c79e10-bcc5-41c8-b8fa-65f0e50ece1d","properties":{"building":true,"sourceLayer":"buildings","sources":["Google Open Buildings"]},"type":"Feature"},{"geometry":{"coordinates":[[[-17.4718003,14.7214213],[-17.4716399,14.7214121],[-17.4716319,14.721544],[-17.4716961,14.7215476],[-17.4716933,14.7215942],[-17.4717494,14.7215974],[-17.4717475,14.7216284],[-17.4717903,14.7216308],[-17.4717966,14.7215274],[-17.4717939,14.7215273],[-17.4718003,14.7214213]]],"type":"Polygon"},"id":"55dfa400-1f16-427d-bd2b-1a8240a70b06","properties":{"building":true,"sourceLayer":"buildings","sources":["Microsoft ML Buildings"]},"type":"Feature"},{"geometry":{"coordinates":[[[-17.4713147,14.7213781],[-17.4713118,14.7214461],[-17.4714181,14.7214504],[-17.4714209,14.7213824],[-17.4713147,14.7213781]]],"type":"Polygon"},"id":"55f61ff7-e814-4886-ac4c-5f5598917bb4","properties":{"building":true,"sourceLayer":"buildings","sources":["Google Open Buildings"]},"type":"Feature"},{"geometry":{"coordinates":[[[-17.4770564,14.7210365],[-17.4770792,14.7210236],[-17.4769999,14.7208584],[-17.47693,14.7208958],[-17.4769373,14.7209968],[-17.4769653,14.7209835],[-17.4769743,14.7209972],[-17.4769328,14.7210189],[-17.4769344,14.7210955],[-17.4769999,14.7210605],[-17.4769832,14.7210283],[-17.4770129,14.7210149],[-17.4770296,14.7210377],[-17.4770519,14.7210259],[-17.4770564,14.7210365]]],"type":"Polygon"},"id":"560f6d7c-48fe-403c-b4fd-1fe3a86865c2","properties":{"building":true,"sourceLayer":"buildings","sources":["OpenStreetMap"]},"type":"Feature"},{"geometry":{"coordinates":[[[-17.4773743,14.7185498],[-17.4774223,14.7185859],[-17.4775349,14.7184467],[-17.4774818,14.7183992],[-17.4774665,14.7184217],[-17.4774605,14.7184187],[-17.4774504,14.7184331],[-17.4774416,14.7184287],[-17.4774236,14.7184468],[-17.4774311,14.7184565],[-17.4774152,14.7184854],[-17.4774006,14.7184771],[-17.4773957,14.7184829],[-17.4774078,14.718496],[-17.4773743,14.7185498]]],"type":"Polygon"},"id":"564283e1-fbc7-4d15-87a9-ddf0a4e4c357","properties":{"building":true,"sourceLayer":"buildings","sources":["OpenStreetMap"]},"type":"Feature"},{"geometry":{"coordinates":[[[-17.472749,14.7180697],[-17.4727171,14.7180881],[-17.4727386,14.7181234],[-17.4727705,14.7181049],[-17.472749,14.7180697]]],"type":"Polygon"},"id":"56720f75-19a5-4f28-b2db-df018392550c","properties":{"building":true,"sourceLayer":"buildings","sources":["Google Open Buildings"]},"type":"Feature"},{"geometry":{"coordinates":[[[-17.4748498,14.7144092],[-17.4748353,14.7144133],[-17.4748438,14.7144417],[-17.4748132,14.7144503],[-17.4748238,14.7144862],[-17.4748688,14.7144735],[-17.4748498,14.7144092]]],"type":"Polygon"},"id":"5694cf0b-3393-433a-a2b3-1569226ea076","properties":{"building":true,"sourceLayer":"buildings","sources":["Google Open Buildings"]},"type":"Feature"},{"geometry":{"coordinates":[[[-17.472974,14.718012],[-17.4729284,14.7180479],[-17.4729497,14.7180736],[-17.4729954,14.7180377],[-17.472974,14.718012]]],"type":"Polygon"},"id":"56a6fedc-bbdd-410c-a427-62f552d81361","properties":{"building":true,"sourceLayer":"buildings","sources":["Google Open Buildings"]},"type":"Feature"},{"geometry":{"coordinates":[[[-17.4777449,14.7166812],[-17.4776703,14.716687],[-17.4776798,14.7168026],[-17.4777544,14.7167968],[-17.4777449,14.7166812]]],"type":"Polygon"},"id":"56a9f1c4-f3f4-49bf-a407-9fcda97f1d4b","properties":{"building":true,"sourceLayer":"buildings","sources":["Google Open Buildings"]},"type":"Feature"},{"geometry":{"coordinates":[[[-17.4781868,14.7159762],[-17.4780376,14.7159885],[-17.4780464,14.7160889],[-17.4781955,14.7160765],[-17.4781868,14.7159762]]],"type":"Polygon"},"id":"56c32520-7c57-421f-b45b-02e99a58d97c","properties":{"building":true,"sourceLayer":"buildings","sources":["Google Open Buildings"]},"type":"Feature"},{"geometry":{"coordinates":[[[-17.478379,14.7193926],[-17.4784462,14.7193327],[-17.4784154,14.7192574],[-17.4783025,14.7193238],[-17.4783386,14.7193789],[-17.4783546,14.719367],[-17.478379,14.7193926]]],"type":"Polygon"},"id":"56d60d4a-1f61-48b0-b48e-fd86bc38ae74","properties":{"building":true,"sourceLayer":"buildings","sources":["OpenStreetMap"]},"type":"Feature"},{"geometry":{"coordinates":[[[-17.4733375,14.7180094],[-17.4733436,14.7180561],[-17.473382,14.7180514],[-17.473376,14.7180047],[-17.4733375,14.7180094]]],"type":"Polygon"},"id":"5702339b-f0a2-4c52-9c63-e397e74e4058","properties":{"building":true,"sourceLayer":"buildings","sources":["Google Open Buildings"]},"type":"Feature"},{"geometry":{"coordinates":[[[-17.4726964,14.7142067],[-17.4725892,14.7141961],[-17.472582,14.7142651],[-17.4726892,14.7142757],[-17.4726964,14.7142067]]],"type":"Polygon"},"id":"572683e6-2eb9-42e4-90b7-e01bfdf56dd1","properties":{"building":true,"sourceLayer":"buildings","sources":["Google Open Buildings"]},"type":"Feature"},{"geometry":{"coordinates":[[[-17.4765102,14.7161974],[-17.4764135,14.7162053],[-17.4764221,14.7163059],[-17.4765188,14.716298],[-17.4765102,14.7161974]]],"type":"Polygon"},"id":"573707c4-4e6f-4df4-8c81-55287e013014","properties":{"building":true,"sourceLayer":"buildings","sources":["Google Open Buildings"]},"type":"Feature"},{"geometry":{"coordinates":[[[-17.4746458,14.7169563],[-17.4746125,14.7169584],[-17.4746179,14.717038],[-17.4746513,14.7170359],[-17.4746458,14.7169563]]],"type":"Polygon"},"id":"5781d729-eb88-404a-a0c4-e27a518e0416","properties":{"building":true,"sourceLayer":"buildings","sources":["Google Open Buildings"]},"type":"Feature"},{"geometry":{"coordinates":[[[-17.4767419,14.7154204],[-17.4766515,14.7154333],[-17.476674,14.7155828],[-17.4767644,14.7155699],[-17.4767419,14.7154204]]],"type":"Polygon"},"id":"579d5da9-386f-40aa-a059-58c7c17ae887","properties":{"building":true,"sourceLayer":"buildings","sources":["Google Open Buildings"]},"type":"Feature"},{"geometry":{"coordinates":[[[-17.4751191,14.7149098],[-17.4750628,14.7149298],[-17.4750941,14.7150131],[-17.4751504,14.7149931],[-17.4751191,14.7149098]]],"type":"Polygon"},"id":"57ac8575-b943-46f4-a832-cb04b171aa44","properties":{"building":true,"sourceLayer":"buildings","sources":["Google Open Buildings"]},"type":"Feature"},{"geometry":{"coordinates":[[[-17.477292,14.7195538],[-17.4774481,14.7195045],[-17.4773957,14.7193703],[-17.4772393,14.7194346],[-17.477292,14.7195538]]],"type":"Polygon"},"id":"57c1155b-c865-4aee-a16b-9c6c42d57b01","properties":{"building":true,"sourceLayer":"buildings","sources":["OpenStreetMap"]},"type":"Feature"},{"geometry":{"coordinates":[[[-17.4734231,14.7165263],[-17.4733966,14.7165381],[-17.4734182,14.7165841],[-17.4734447,14.7165723],[-17.4734231,14.7165263]]],"type":"Polygon"},"id":"57fadb69-9757-4216-909e-02fcf19a11d6","properties":{"building":true,"sourceLayer":"buildings","sources":["Google Open Buildings"]},"type":"Feature"},{"geometry":{"coordinates":[[[-17.4769494,14.7184775],[-17.4770368,14.7183695],[-17.4768873,14.7182661],[-17.4768079,14.7183727],[-17.4769494,14.7184775]]],"type":"Polygon"},"id":"580a0d91-3745-43bd-b6a8-8ece3a91411d","properties":{"building":true,"sourceLayer":"buildings","sources":["OpenStreetMap"]},"type":"Feature"},{"geometry":{"coordinates":[[[-17.4742264,14.7143796],[-17.4741759,14.7143975],[-17.474186,14.7144245],[-17.4742365,14.7144067],[-17.4742264,14.7143796]]],"type":"Polygon"},"id":"584f1aa1-bcca-4e58-bf89-b8fd471745fe","properties":{"building":true,"sourceLayer":"buildings","sources":["Google Open Buildings"]},"type":"Feature"},{"geometry":{"coordinates":[[[-17.4724934,14.715647],[-17.4724159,14.7156649],[-17.4724369,14.7157508],[-17.4725143,14.7157329],[-17.4724934,14.715647]]],"type":"Polygon"},"id":"58629cb6-61ec-4a9f-80ba-d184f32e99a5","properties":{"building":true,"sourceLayer":"buildings","sources":["Google Open Buildings"]},"type":"Feature"},{"geometry":{"coordinates":[[[-17.4718219,14.7210663],[-17.4718157,14.7211516],[-17.4719649,14.7211619],[-17.4719711,14.7210765],[-17.4718219,14.7210663]]],"type":"Polygon"},"id":"5923f4b3-9a8a-4a62-835e-a90f4a324e03","properties":{"building":true,"sourceLayer":"buildings","sources":["Google Open Buildings"]},"type":"Feature"},{"geometry":{"coordinates":[[[-17.472995,14.7154144],[-17.4729067,14.7154321],[-17.4729267,14.7155265],[-17.473015,14.7155087],[-17.472995,14.7154144]]],"type":"Polygon"},"id":"594ab6f9-a93d-447d-83e2-49d2f7df5daf","properties":{"building":true,"sourceLayer":"buildings","sources":["Google Open Buildings"]},"type":"Feature"},{"geometry":{"coordinates":[[[-17.4782942,14.7204081],[-17.4784128,14.7204979],[-17.4784931,14.7203929],[-17.4784349,14.7203524],[-17.4783809,14.7203097],[-17.4782942,14.7204081]]],"type":"Polygon"},"id":"59636212-10aa-4353-82b7-c70e20ebf566","properties":{"building":true,"sourceLayer":"buildings","sources":["OpenStreetMap"]},"type":"Feature"},{"geometry":{"coordinates":[[[-17.4728933,14.7139923],[-17.4728863,14.7140656],[-17.4729859,14.7140746],[-17.4729929,14.7140013],[-17.4728933,14.7139923]]],"type":"Polygon"},"id":"59922cac-b36e-489a-9ee8-f18d72f30634","properties":{"building":true,"sourceLayer":"buildings","sources":["Google Open Buildings"]},"type":"Feature"},{"geometry":{"coordinates":[[[-17.4768262,14.7195236],[-17.4769462,14.7195343],[-17.4769505,14.7194114],[-17.4768082,14.7194045],[-17.4768262,14.7195236]]],"type":"Polygon"},"id":"59bd81ab-9019-462c-bef1-5c7a33b9fdfd","properties":{"building":true,"sourceLayer":"buildings","sources":["OpenStreetMap"]},"type":"Feature"},{"geometry":{"coordinates":[[[-17.4772213,14.7186916],[-17.4773112,14.7185696],[-17.477199,14.7184959],[-17.4770999,14.7186214],[-17.4772213,14.7186916]]],"type":"Polygon"},"id":"59cfeb92-2d60-4cae-9d01-974cf6b2a16b","properties":{"building":true,"sourceLayer":"buildings","sources":["OpenStreetMap"]},"type":"Feature"},{"geometry":{"coordinates":[[[-17.4726625,14.7176975],[-17.4726261,14.7177066],[-17.4726369,14.7177476],[-17.4726733,14.7177385],[-17.4726625,14.7176975]]],"type":"Polygon"},"id":"59ec798e-b6ab-4b65-8054-e89450b57722","properties":{"building":true,"sourceLayer":"buildings","sources":["Google Open Buildings"]},"type":"Feature"},{"geometry":{"coordinates":[[[-17.4752371,14.7150942],[-17.475207,14.7150987],[-17.4752114,14.715127],[-17.4752416,14.7151225],[-17.4752371,14.7150942]]],"type":"Polygon"},"id":"5a1234b5-ff11-411c-868c-cac0d393d72b","properties":{"building":true,"sourceLayer":"buildings","sources":["Google Open Buildings"]},"type":"Feature"},{"geometry":{"coordinates":[[[-17.4765336,14.7175961],[-17.4765737,14.7175955],[-17.4765697,14.7175392],[-17.4765398,14.717541],[-17.4765358,14.7175079],[-17.4765687,14.7175073],[-17.4765675,14.7174456],[-17.4763478,14.7174641],[-17.4763583,14.7175222],[-17.4763913,14.717521],[-17.4763947,14.7175493],[-17.4763639,14.717555],[-17.4763737,14.7176059],[-17.4764748,14.7176074],[-17.4764711,14.7175857],[-17.4765315,14.7175809],[-17.4765336,14.7175961]]],"type":"Polygon"},"id":"5a82f6c0-2b96-490c-9d45-a0f72affa715","properties":{"building":true,"sourceLayer":"buildings","sources":["OpenStreetMap"]},"type":"Feature"},{"geometry":{"coordinates":[[[-17.4771851,14.7181746],[-17.4772962,14.7180319],[-17.477195,14.7179477],[-17.4771557,14.717985],[-17.4771727,14.7180086],[-17.4771518,14.7180281],[-17.4771433,14.7180154],[-17.4771121,14.7180459],[-17.4771274,14.7180572],[-17.4771065,14.7180822],[-17.4770881,14.7180709],[-17.4770722,14.7180945],[-17.4771851,14.7181746]]],"type":"Polygon"},"id":"5aa31389-b97b-4667-8b95-c838aea25b15","properties":{"building":true,"sourceLayer":"buildings","sources":["OpenStreetMap"]},"type":"Feature"},{"geometry":{"coordinates":[[[-17.4747691,14.7149388],[-17.4747273,14.7149517],[-17.4747478,14.7150145],[-17.4747895,14.7150017],[-17.4747691,14.7149388]]],"type":"Polygon"},"id":"5ad9a280-a430-41c1-9849-1d0025d1239c","properties":{"building":true,"sourceLayer":"buildings","sources":["Google Open Buildings"]},"type":"Feature"},{"geometry":{"coordinates":[[[-17.4743312,14.7163206],[-17.4743222,14.7163513],[-17.4743559,14.7163607],[-17.4743649,14.71633],[-17.4743312,14.7163206]]],"type":"Polygon"},"id":"5b1e2e0a-ab0a-4294-b7ce-333ac962216e","properties":{"building":true,"sourceLayer":"buildings","sources":["Google Open Buildings"]},"type":"Feature"},{"geometry":{"coordinates":[[[-17.4788058,14.716523],[-17.478758,14.7165427],[-17.4787877,14.716611],[-17.4788355,14.7165913],[-17.4788058,14.716523]]],"type":"Polygon"},"id":"5b45426c-5600-4e2d-84e2-61ba7c4bc61b","properties":{"building":true,"sourceLayer":"buildings","sources":["Google Open Buildings"]},"type":"Feature"},{"geometry":{"coordinates":[[[-17.4784211,14.7210308],[-17.4783939,14.720913],[-17.4783332,14.7209192],[-17.4783174,14.720976],[-17.4783246,14.7210463],[-17.4784211,14.7210308]]],"type":"Polygon"},"id":"5b590464-07b7-4526-ba8d-37b7f6126824","properties":{"building":true,"sourceLayer":"buildings","sources":["OpenStreetMap"]},"type":"Feature"},{"geometry":{"coordinates":[[[-17.476911,14.7213067],[-17.4771196,14.7211997],[-17.4770851,14.7211338],[-17.4769128,14.7212119],[-17.476911,14.7213067]]],"type":"Polygon"},"id":"5b5bed25-d876-4285-954d-1f5de5f270f0","properties":{"building":true,"sourceLayer":"buildings","sources":["OpenStreetMap"]},"type":"Feature"},{"geometry":{"coordinates":[[[-17.4777883,14.7138668],[-17.4777585,14.7138715],[-17.4777636,14.7139025],[-17.4777935,14.7138978],[-17.4777883,14.7138668]]],"type":"Polygon"},"id":"5b686105-072a-4489-856b-acddba029573","properties":{"building":true,"sourceLayer":"buildings","sources":["Google Open Buildings"]},"type":"Feature"},{"geometry":{"coordinates":[[[-17.4732519,14.7171664],[-17.4731755,14.7171825],[-17.4731842,14.7172194],[-17.4732173,14.7172125],[-17.473227,14.7172561],[-17.4732698,14.7172471],[-17.4732519,14.7171664]]],"type":"Polygon"},"id":"5b79be08-9c4f-4fdc-ad11-752d5b734c7a","properties":{"building":true,"sourceLayer":"buildings","sources":["Google Open Buildings"]},"type":"Feature"},{"geometry":{"coordinates":[[[-17.4745945,14.7152999],[-17.4745483,14.7153068],[-17.4745544,14.7153452],[-17.4746006,14.7153384],[-17.4745945,14.7152999]]],"type":"Polygon"},"id":"5b903b91-1dd6-45c4-ac82-3011308a358e","properties":{"building":true,"sourceLayer":"buildings","sources":["Google Open Buildings"]},"type":"Feature"},{"geometry":{"coordinates":[[[-17.4750339,14.7141573],[-17.4750146,14.7141276],[-17.4749532,14.7141651],[-17.4749725,14.7141948],[-17.4750339,14.7141573]]],"type":"Polygon"},"id":"5c291527-0069-4eb2-82f1-17cafd4ec70c","properties":{"building":true,"sourceLayer":"buildings","sources":["Microsoft ML Buildings"]},"type":"Feature"},{"geometry":{"coordinates":[[[-17.4743162,14.7149849],[-17.4742768,14.71499],[-17.4742826,14.715032],[-17.474322,14.7150269],[-17.4743162,14.7149849]]],"type":"Polygon"},"id":"5c87142f-b819-4904-b1a2-c118bd4ebc2a","properties":{"building":true,"sourceLayer":"buildings","sources":["Google Open Buildings"]},"type":"Feature"},{"geometry":{"coordinates":[[[-17.4774663,14.7201875],[-17.4775699,14.7202864],[-17.4776666,14.720195],[-17.4775625,14.7201083],[-17.4774663,14.7201875]]],"type":"Polygon"},"id":"5c96f266-5689-458d-81c8-ca14803d4e41","properties":{"building":true,"sourceLayer":"buildings","sources":["OpenStreetMap"]},"type":"Feature"},{"geometry":{"coordinates":[[[-17.4742001,14.7142582],[-17.4741096,14.7143],[-17.4741487,14.7143803],[-17.4742393,14.7143384],[-17.4742001,14.7142582]]],"type":"Polygon"},"id":"5cbcf654-b872-47db-a31b-47005124b37e","properties":{"building":true,"sourceLayer":"buildings","sources":["Google Open Buildings"]},"type":"Feature"},{"geometry":{"coordinates":[[[-17.4727757,14.719009],[-17.4726721,14.7190376],[-17.4726973,14.7191243],[-17.4727273,14.7191161],[-17.4727313,14.7191298],[-17.4728049,14.7191095],[-17.4727757,14.719009]]],"type":"Polygon"},"id":"5cd1d0ec-4f61-435a-9d32-5cd96ca42585","properties":{"building":true,"sourceLayer":"buildings","sources":["Google Open Buildings"]},"type":"Feature"},{"geometry":{"coordinates":[[[-17.4782816,14.719081],[-17.4783048,14.7190553],[-17.4782361,14.7189192],[-17.478095,14.7189941],[-17.4782511,14.719117],[-17.4782725,14.7190917],[-17.4782633,14.7190787],[-17.4782763,14.7190689],[-17.4782816,14.719081]]],"type":"Polygon"},"id":"5d2758e4-cea2-43d0-9d18-ce6705ded0a6","properties":{"building":true,"sourceLayer":"buildings","sources":["OpenStreetMap"]},"type":"Feature"},{"geometry":{"coordinates":[[[-17.4774857,14.7157163],[-17.4775647,14.7157134],[-17.4775628,14.7156626],[-17.4774837,14.7156655],[-17.4774857,14.7157163]]],"type":"Polygon"},"id":"5d2cd060-6ac0-4c6e-9072-3e5932b75516","properties":{"building":true,"sourceLayer":"buildings","sources":["Microsoft ML Buildings"]},"type":"Feature"},{"geometry":{"coordinates":[[[-17.4791692,14.7207867],[-17.4791153,14.7207349],[-17.4789567,14.7209017],[-17.4790412,14.721],[-17.4790717,14.7209754],[-17.4791194,14.7209312],[-17.479095,14.7209007],[-17.4791692,14.7207867]]],"type":"Polygon"},"id":"5d45016c-44b5-4002-a293-a99ede4009c5","properties":{"building":true,"sourceLayer":"buildings","sources":["OpenStreetMap"]},"type":"Feature"},{"geometry":{"coordinates":[[[-17.4782446,14.7191241],[-17.4781123,14.7190197],[-17.4781035,14.7190307],[-17.4780978,14.7190228],[-17.4780724,14.7190494],[-17.4780651,14.7190865],[-17.4781117,14.7191237],[-17.4781139,14.7191335],[-17.4781283,14.7191335],[-17.4781777,14.7191792],[-17.4782446,14.7191241]]],"type":"Polygon"},"id":"5d4bf4aa-bcad-4816-86ff-d2b50422375a","properties":{"building":true,"sourceLayer":"buildings","sources":["OpenStreetMap"]},"type":"Feature"},{"geometry":{"coordinates":[[[-17.4770938,14.7210181],[-17.4771804,14.7209764],[-17.4771625,14.7209261],[-17.4771219,14.720939],[-17.4770938,14.7208254],[-17.4770064,14.720849],[-17.4770938,14.7210181]]],"type":"Polygon"},"id":"5db67678-c648-49a3-aaf1-b670173475bf","properties":{"building":true,"sourceLayer":"buildings","sources":["OpenStreetMap"]},"type":"Feature"},{"geometry":{"coordinates":[[[-17.4765283,14.7189263],[-17.4765868,14.7189709],[-17.4766788,14.7188363],[-17.4765318,14.7187535],[-17.4765283,14.7189263]]],"type":"Polygon"},"id":"5e089cbe-d4d8-4595-8e08-494514e0dfb2","properties":{"building":true,"sourceLayer":"buildings","sources":["OpenStreetMap"]},"type":"Feature"},{"geometry":{"coordinates":[[[-17.4761068,14.7137328],[-17.4759652,14.7137491],[-17.4759822,14.7138892],[-17.4761238,14.7138729],[-17.4761068,14.7137328]]],"type":"Polygon"},"id":"5e58f6e1-0f3a-442e-86eb-b84c3e38b1a5","properties":{"building":true,"sourceLayer":"buildings","sources":["Google Open Buildings"]},"type":"Feature"},{"geometry":{"coordinates":[[[-17.4786132,14.7164792],[-17.4786352,14.7165574],[-17.4787051,14.716539],[-17.4786831,14.7164608],[-17.4786132,14.7164792]]],"type":"Polygon"},"id":"5e6d67d8-01b2-4388-8152-47576d6437a5","properties":{"building":true,"sourceLayer":"buildings","sources":["Microsoft ML Buildings"]},"type":"Feature"},{"geometry":{"coordinates":[[[-17.4774804,14.7170832],[-17.4774859,14.7171335],[-17.4773187,14.7171503],[-17.47733,14.7172556],[-17.477667,14.7172217],[-17.4776638,14.7171919],[-17.47775,14.7171832],[-17.477743,14.717118],[-17.4777058,14.7171218],[-17.4776993,14.7170612],[-17.4774804,14.7170832]]],"type":"Polygon"},"id":"5eaf1eaa-16bd-4032-b78c-eea559bfccd6","properties":{"building":true,"sourceLayer":"buildings","sources":["Microsoft ML Buildings"]},"type":"Feature"},{"geometry":{"coordinates":[[[-17.4723346,14.7189611],[-17.4723585,14.7189633],[-17.4723668,14.7188758],[-17.4722897,14.718869],[-17.472275,14.7190233],[-17.4723282,14.719028],[-17.4723346,14.7189611]]],"type":"Polygon"},"id":"5ec51e70-ae25-4499-8dde-85f8da724042","properties":{"building":true,"sourceLayer":"buildings","sources":["Microsoft ML Buildings"]},"type":"Feature"},{"geometry":{"coordinates":[[[-17.4779037,14.7202757],[-17.4779616,14.7203195],[-17.4780707,14.7201917],[-17.4779878,14.7201127],[-17.4779037,14.7202757]]],"type":"Polygon"},"id":"5ec856fa-8b26-4a0c-bf8e-469f91277f5a","properties":{"building":true,"sourceLayer":"buildings","sources":["OpenStreetMap"]},"type":"Feature"},{"geometry":{"coordinates":[[[-17.4713154,14.7163544],[-17.4713008,14.716475],[-17.4713354,14.716479],[-17.47135,14.7163584],[-17.4713154,14.7163544]]],"type":"Polygon"},"id":"5efbaeaa-197f-4932-898c-6ea213de982a","properties":{"building":true,"sourceLayer":"buildings","sources":["Google Open Buildings"]},"type":"Feature"},{"geometry":{"coordinates":[[[-17.4725331,14.7204632],[-17.4726321,14.7204679],[-17.4726362,14.7203877],[-17.4725372,14.7203829],[-17.4725331,14.7204632]]],"type":"Polygon"},"id":"5f057634-d2b9-4248-936a-cde29844e3b3","properties":{"building":true,"sourceLayer":"buildings","sources":["Microsoft ML Buildings"]},"type":"Feature"},{"geometry":{"coordinates":[[[-17.4776323,14.7191105],[-17.477673,14.7191291],[-17.4777029,14.719057],[-17.4775923,14.7190076],[-17.4775677,14.719116],[-17.4776323,14.7191105]]],"type":"Polygon"},"id":"5f714327-d0df-43be-bb24-86f3726c8de1","properties":{"building":true,"sourceLayer":"buildings","sources":["OpenStreetMap"]},"type":"Feature"},{"geometry":{"coordinates":[[[-17.4744955,14.7160342],[-17.4744721,14.7160251],[-17.4744484,14.7160827],[-17.4744718,14.7160919],[-17.4744955,14.7160342]]],"type":"Polygon"},"id":"5fb125ad-74a1-47b7-a832-75a5bc66e3f5","properties":{"building":true,"sourceLayer":"buildings","sources":["Google Open Buildings"]},"type":"Feature"},{"geometry":{"coordinates":[[[-17.4735866,14.7171786],[-17.4735564,14.7171938],[-17.4735731,14.7172252],[-17.4736033,14.71721],[-17.4735866,14.7171786]]],"type":"Polygon"},"id":"5fb476dc-3e6b-432b-9421-c3e63e5e444d","properties":{"building":true,"sourceLayer":"buildings","sources":["Google Open Buildings"]},"type":"Feature"},{"geometry":{"coordinates":[[[-17.4717945,14.7217826],[-17.4717908,14.7218511],[-17.4719178,14.7218577],[-17.4719232,14.7217584],[-17.4718328,14.7217537],[-17.4718312,14.7217845],[-17.4717945,14.7217826]]],"type":"Polygon"},"id":"5ff4dc4c-0086-4aac-acee-949b7be1703c","properties":{"building":true,"sourceLayer":"buildings","sources":["Google Open Buildings"]},"type":"Feature"},{"geometry":{"coordinates":[[[-17.4711437,14.7156943],[-17.4711159,14.7156914],[-17.4711104,14.715741],[-17.4711383,14.7157439],[-17.4711437,14.7156943]]],"type":"Polygon"},"id":"6019323f-9074-46cd-ba68-4e7565cafa4b","properties":{"building":true,"sourceLayer":"buildings","sources":["Google Open Buildings"]},"type":"Feature"},{"geometry":{"coordinates":[[[-17.4746565,14.7164575],[-17.474618,14.7164645],[-17.474625,14.7165008],[-17.4746635,14.7164938],[-17.4746565,14.7164575]]],"type":"Polygon"},"id":"601d4497-9547-4783-84f9-b07ad107126c","properties":{"building":true,"sourceLayer":"buildings","sources":["Google Open Buildings"]},"type":"Feature"},{"geometry":{"coordinates":[[[-17.4764826,14.7161107],[-17.4763368,14.7161225],[-17.4763416,14.7161777],[-17.4764874,14.7161659],[-17.4764826,14.7161107]]],"type":"Polygon"},"id":"6029558e-3342-42f5-ac6e-b2d94c4bc58c","properties":{"building":true,"sourceLayer":"buildings","sources":["Google Open Buildings"]},"type":"Feature"},{"geometry":{"coordinates":[[[-17.4776442,14.7217412],[-17.4776863,14.7218031],[-17.4777657,14.7217584],[-17.4777376,14.721697],[-17.4776442,14.7217412]]],"type":"Polygon"},"id":"602cbfd8-36ea-4c4b-9f3d-ac5950cfb0ba","properties":{"building":true,"sourceLayer":"buildings","sources":["OpenStreetMap"]},"type":"Feature"},{"geometry":{"coordinates":[[[-17.4726531,14.7208252],[-17.4726075,14.7208226],[-17.4726029,14.7209004],[-17.4725546,14.7208977],[-17.4725521,14.7209405],[-17.472646,14.7209457],[-17.4726531,14.7208252]]],"type":"Polygon"},"id":"60b342f1-5005-488b-898e-01f8f62d453f","properties":{"building":true,"sourceLayer":"buildings","sources":["Google Open Buildings"]},"type":"Feature"},{"geometry":{"coordinates":[[[-17.4767725,14.7201419],[-17.4767908,14.7201419],[-17.4768184,14.7198772],[-17.4767062,14.7198985],[-17.4767725,14.7201419]]],"type":"Polygon"},"id":"60d28f47-03e9-4898-96b3-3c58b22195b9","properties":{"building":true,"sourceLayer":"buildings","sources":["OpenStreetMap"]},"type":"Feature"},{"geometry":{"coordinates":[[[-17.4773405,14.7165985],[-17.4771812,14.7166126],[-17.4771904,14.7167103],[-17.4773496,14.7166962],[-17.4773405,14.7165985]]],"type":"Polygon"},"id":"60db22b5-c469-406c-bddb-201067e2d82b","properties":{"building":true,"sourceLayer":"buildings","sources":["Google Open Buildings"]},"type":"Feature"},{"geometry":{"coordinates":[[[-17.4778934,14.7191168],[-17.4779267,14.7190174],[-17.4778414,14.7189855],[-17.4778006,14.7189637],[-17.4777687,14.7190555],[-17.4778934,14.7191168]]],"type":"Polygon"},"id":"60e861e5-0da6-4dc9-b069-ae6bca67626a","properties":{"building":true,"sourceLayer":"buildings","sources":["OpenStreetMap"]},"type":"Feature"},{"geometry":{"coordinates":[[[-17.473311,14.7157268],[-17.4733344,14.7157727],[-17.4733883,14.715747],[-17.4733649,14.7157011],[-17.473311,14.7157268]]],"type":"Polygon"},"id":"61042d1e-e271-499a-9b67-bc032fa6c2d6","properties":{"building":true,"sourceLayer":"buildings","sources":["Microsoft ML Buildings"]},"type":"Feature"},{"geometry":{"coordinates":[[[-17.4731609,14.7169883],[-17.4731257,14.7169921],[-17.4731293,14.7170233],[-17.4731645,14.7170195],[-17.4731609,14.7169883]]],"type":"Polygon"},"id":"61225cbf-4334-4060-b9af-2d14d3e72244","properties":{"building":true,"sourceLayer":"buildings","sources":["Google Open Buildings"]},"type":"Feature"},{"geometry":{"coordinates":[[[-17.4720156,14.7186304],[-17.4719867,14.7186286],[-17.4719827,14.7186911],[-17.4719327,14.7186881],[-17.4719341,14.7186664],[-17.47183,14.71866],[-17.471821,14.7188013],[-17.4718471,14.7188029],[-17.4718496,14.7187653],[-17.4720064,14.7187748],[-17.4720156,14.7186304]]],"type":"Polygon"},"id":"612632dd-9bf2-4dfa-8c62-11ed953115e2","properties":{"building":true,"sourceLayer":"buildings","sources":["Google Open Buildings"]},"type":"Feature"},{"geometry":{"coordinates":[[[-17.4735593,14.7215286],[-17.4735709,14.7215696],[-17.4736233,14.7215557],[-17.4736116,14.7215147],[-17.4735593,14.7215286]]],"type":"Polygon"},"id":"61350591-637b-4680-8c2a-7ac4173c06d6","properties":{"building":true,"sourceLayer":"buildings","sources":["Microsoft ML Buildings"]},"type":"Feature"},{"geometry":{"coordinates":[[[-17.4721362,14.7161479],[-17.4721402,14.7162166],[-17.4721963,14.7162135],[-17.4721923,14.7161449],[-17.4721362,14.7161479]]],"type":"Polygon"},"id":"617cce29-f93d-453f-ae19-2a1cefe454a7","properties":{"building":true,"sourceLayer":"buildings","sources":["Microsoft ML Buildings"]},"type":"Feature"},{"geometry":{"coordinates":[[[-17.4780685,14.7199861],[-17.4780149,14.7199438],[-17.4779533,14.7200692],[-17.4779872,14.7200981],[-17.4780685,14.7199861]]],"type":"Polygon"},"id":"61e3562f-7e4e-4836-8f29-5ba5dee47307","properties":{"building":true,"sourceLayer":"buildings","sources":["OpenStreetMap"]},"type":"Feature"},{"geometry":{"coordinates":[[[-17.4783765,14.7217474],[-17.478395,14.7217478],[-17.4784079,14.7216696],[-17.4782794,14.7216488],[-17.4782629,14.7217551],[-17.4783719,14.7217696],[-17.4783765,14.7217474]]],"type":"Polygon"},"id":"620979aa-1419-4032-a4eb-26f04f3064b2","properties":{"building":true,"sourceLayer":"buildings","sources":["OpenStreetMap"]},"type":"Feature"},{"geometry":{"coordinates":[[[-17.4732459,14.7151005],[-17.4731683,14.715138],[-17.4731865,14.7151735],[-17.473264,14.7151361],[-17.4732459,14.7151005]]],"type":"Polygon"},"id":"6243cd11-5f2c-4fd7-acd2-ffd9b21557a5","properties":{"building":true,"sourceLayer":"buildings","sources":["Google Open Buildings"]},"type":"Feature"},{"geometry":{"coordinates":[[[-17.4744037,14.7156047],[-17.4744381,14.7156008],[-17.4744279,14.7155151],[-17.4743776,14.7155207],[-17.4742955,14.7155299],[-17.4743104,14.715654],[-17.4744083,14.7156431],[-17.4744037,14.7156047]]],"type":"Polygon"},"id":"6245106b-0fbd-44f9-8b75-a16828181ba0","properties":{"building":true,"sourceLayer":"buildings","sources":["Microsoft ML Buildings"]},"type":"Feature"},{"geometry":{"coordinates":[[[-17.478152,14.7212297],[-17.478175,14.7212339],[-17.4781881,14.7211229],[-17.4780541,14.7211154],[-17.4780417,14.7212093],[-17.478152,14.7212297]]],"type":"Polygon"},"id":"6256b583-df24-4d69-b315-73ca1c222e35","properties":{"building":true,"sourceLayer":"buildings","sources":["OpenStreetMap"]},"type":"Feature"},{"geometry":{"coordinates":[[[-17.4745371,14.7177312],[-17.4744955,14.7177443],[-17.4745123,14.717795],[-17.4745539,14.7177819],[-17.4745371,14.7177312]]],"type":"Polygon"},"id":"6265d3a8-b8a9-4257-a985-5782c8d4b0de","properties":{"building":true,"sourceLayer":"buildings","sources":["Google Open Buildings"]},"type":"Feature"},{"geometry":{"coordinates":[[[-17.4742645,14.7150544],[-17.4742067,14.7150159],[-17.4741553,14.7150888],[-17.4742131,14.7151274],[-17.4742645,14.7150544]]],"type":"Polygon"},"id":"62b3f5c3-e4df-4470-b3be-783521ebd29d","properties":{"building":true,"sourceLayer":"buildings","sources":["Google Open Buildings"]},"type":"Feature"},{"geometry":{"coordinates":[[[-17.4784999,14.7218207],[-17.478561,14.7217817],[-17.4784776,14.7216543],[-17.478415,14.7216945],[-17.4784247,14.721709],[-17.4784062,14.7217257],[-17.4784247,14.7217535],[-17.4783947,14.7217805],[-17.4784216,14.721819],[-17.4784504,14.7217993],[-17.4784681,14.7218305],[-17.4784933,14.7218117],[-17.4784999,14.7218207]]],"type":"Polygon"},"id":"63123086-eb64-4570-9753-ec24a97a08fc","properties":{"building":true,"sourceLayer":"buildings","sources":["OpenStreetMap"]},"type":"Feature"},{"geometry":{"coordinates":[[[-17.4742938,14.7172848],[-17.4742666,14.7172858],[-17.4742678,14.7173175],[-17.474295,14.7173165],[-17.4742938,14.7172848]]],"type":"Polygon"},"id":"6318444a-6918-47f1-8b9d-e69d253826c7","properties":{"building":true,"sourceLayer":"buildings","sources":["Google Open Buildings"]},"type":"Feature"},{"geometry":{"coordinates":[[[-17.4786054,14.7200903],[-17.4787006,14.720172],[-17.4787502,14.7200968],[-17.4787172,14.7200539],[-17.4786764,14.7200008],[-17.4786054,14.7200903]]],"type":"Polygon"},"id":"6329c894-601c-417e-808c-cfd3e9c65a62","properties":{"building":true,"sourceLayer":"buildings","sources":["OpenStreetMap"]},"type":"Feature"},{"geometry":{"coordinates":[[[-17.4767546,14.7175578],[-17.4768436,14.7174412],[-17.4767946,14.7173995],[-17.4766984,14.7174139],[-17.4766528,14.7174943],[-17.4767546,14.7175578]]],"type":"Polygon"},"id":"634bed92-2161-45da-86a6-b50a7a78a469","properties":{"building":true,"sourceLayer":"buildings","sources":["OpenStreetMap"]},"type":"Feature"},{"geometry":{"coordinates":[[[-17.4773482,14.7218154],[-17.4773705,14.7218052],[-17.4772981,14.7216844],[-17.4772246,14.7217301],[-17.4773002,14.7218516],[-17.4773506,14.7218272],[-17.4773482,14.7218154]]],"type":"Polygon"},"id":"63544000-bfec-42cb-8f4f-c56287acc37e","properties":{"building":true,"sourceLayer":"buildings","sources":["OpenStreetMap"]},"type":"Feature"},{"geometry":{"coordinates":[[[-17.4776933,14.7208957],[-17.4777947,14.7208858],[-17.4777279,14.7208378],[-17.4776591,14.7207883],[-17.4776397,14.7208156],[-17.4775988,14.7209193],[-17.477675,14.7209164],[-17.4776933,14.7208957]]],"type":"Polygon"},"id":"6362245c-69ef-477a-972a-9350f1331e50","properties":{"building":true,"sourceLayer":"buildings","sources":["OpenStreetMap"]},"type":"Feature"},{"geometry":{"coordinates":[[[-17.4748591,14.7161662],[-17.4748223,14.7161625],[-17.4748188,14.7161955],[-17.4748555,14.7161993],[-17.4748591,14.7161662]]],"type":"Polygon"},"id":"63d52377-d355-4221-9314-c787535e9fbf","properties":{"building":true,"sourceLayer":"buildings","sources":["Google Open Buildings"]},"type":"Feature"},{"geometry":{"coordinates":[[[-17.4726115,14.7187924],[-17.4726194,14.7188405],[-17.4727083,14.7188268],[-17.4727004,14.7187787],[-17.4726115,14.7187924]]],"type":"Polygon"},"id":"63f54958-b6f2-4686-ad2e-40da0badba18","properties":{"building":true,"sourceLayer":"buildings","sources":["Microsoft ML Buildings"]},"type":"Feature"},{"geometry":{"coordinates":[[[-17.4725711,14.7171311],[-17.4725314,14.7171421],[-17.4725376,14.7171634],[-17.4725773,14.7171524],[-17.4725711,14.7171311]]],"type":"Polygon"},"id":"63f61cf9-cd5e-4140-b7f5-2b0a21e39b47","properties":{"building":true,"sourceLayer":"buildings","sources":["Google Open Buildings"]},"type":"Feature"},{"geometry":{"coordinates":[[[-17.4720872,14.7217758],[-17.4720041,14.721768],[-17.4720041,14.7218075],[-17.4720295,14.7218173],[-17.4720356,14.7218341],[-17.4720208,14.7218419],[-17.4720007,14.7218426],[-17.4719987,14.7218918],[-17.472059,14.7218957],[-17.4720611,14.7218795],[-17.4720832,14.7218769],[-17.4720872,14.7217758]]],"type":"Polygon"},"id":"641a59d5-965e-410d-b529-55d9a8b9cb2c","properties":{"building":true,"sourceLayer":"buildings","sources":["OpenStreetMap"]},"type":"Feature"},{"geometry":{"coordinates":[[[-17.4731429,14.7141917],[-17.4731577,14.7142275],[-17.4732086,14.7142078],[-17.4731938,14.714172],[-17.4731429,14.7141917]]],"type":"Polygon"},"id":"64ba5e4a-a739-42ee-9401-5daae3d42b40","properties":{"building":true,"sourceLayer":"buildings","sources":["Microsoft ML Buildings"]},"type":"Feature"},{"geometry":{"coordinates":[[[-17.472516,14.7158107],[-17.4725145,14.7157641],[-17.4724555,14.7157658],[-17.472457,14.7158124],[-17.472516,14.7158107]]],"type":"Polygon"},"id":"64f1559b-3059-4f20-8c7e-a56b6ea080ef","properties":{"building":true,"sourceLayer":"buildings","sources":["Microsoft ML Buildings"]},"type":"Feature"},{"geometry":{"coordinates":[[[-17.476743,14.7188685],[-17.4768559,14.7189466],[-17.4769394,14.7188374],[-17.4768269,14.7187631],[-17.476743,14.7188685]]],"type":"Polygon"},"id":"64fd710d-575a-4e8d-b5c2-9e45e2bec264","properties":{"building":true,"sourceLayer":"buildings","sources":["OpenStreetMap"]},"type":"Feature"},{"geometry":{"coordinates":[[[-17.4776109,14.7189433],[-17.4775923,14.7190076],[-17.4777029,14.719057],[-17.4777472,14.7189253],[-17.4776378,14.7188858],[-17.4776142,14.7189363],[-17.4776109,14.7189433]]],"type":"Polygon"},"id":"65076188-52ba-401b-ae32-7b042cb3159d","properties":{"building":true,"sourceLayer":"buildings","sources":["OpenStreetMap"]},"type":"Feature"},{"geometry":{"coordinates":[[[-17.4742614,14.7155587],[-17.4742173,14.7155564],[-17.4742154,14.7155904],[-17.4742595,14.7155927],[-17.4742614,14.7155587]]],"type":"Polygon"},"id":"65224c78-2a4d-45de-b15d-2f20fc3ed1e7","properties":{"building":true,"sourceLayer":"buildings","sources":["Google Open Buildings"]},"type":"Feature"},{"geometry":{"coordinates":[[[-17.4746785,14.7177663],[-17.4746461,14.717771],[-17.4746534,14.7178188],[-17.4746858,14.7178141],[-17.4746785,14.7177663]]],"type":"Polygon"},"id":"65346273-71b2-4256-b156-00b12d132f7a","properties":{"building":true,"sourceLayer":"buildings","sources":["Google Open Buildings"]},"type":"Feature"},{"geometry":{"coordinates":[[[-17.4722615,14.7144928],[-17.4722153,14.7144941],[-17.4722177,14.7145721],[-17.4722639,14.7145708],[-17.4722615,14.7144928]]],"type":"Polygon"},"id":"657dd46c-ec28-4286-839e-4ca943831633","properties":{"building":true,"sourceLayer":"buildings","sources":["Google Open Buildings"]},"type":"Feature"},{"geometry":{"coordinates":[[[-17.4761004,14.7158351],[-17.4760098,14.7158422],[-17.4760223,14.7159938],[-17.4761129,14.7159867],[-17.4761004,14.7158351]]],"type":"Polygon"},"id":"65daf15d-cfcc-48a6-89f3-0abccf1259ef","properties":{"building":true,"sourceLayer":"buildings","sources":["Google Open Buildings"]},"type":"Feature"},{"geometry":{"coordinates":[[[-17.4732255,14.7167094],[-17.4731957,14.716712],[-17.4731997,14.7167552],[-17.4732295,14.7167526],[-17.4732255,14.7167094]]],"type":"Polygon"},"id":"65ed6aa4-37bb-4f61-807f-aef8f1dcc3ab","properties":{"building":true,"sourceLayer":"buildings","sources":["Google Open Buildings"]},"type":"Feature"},{"geometry":{"coordinates":[[[-17.4722047,14.7193815],[-17.4721987,14.719467],[-17.4723218,14.7194753],[-17.4723279,14.7193898],[-17.4722047,14.7193815]]],"type":"Polygon"},"id":"65f0c3ce-c4bd-4014-8ab1-bce51888b283","properties":{"building":true,"sourceLayer":"buildings","sources":["Google Open Buildings"]},"type":"Feature"},{"geometry":{"coordinates":[[[-17.4747337,14.7166316],[-17.4746713,14.7166361],[-17.4746743,14.7166756],[-17.4747367,14.7166711],[-17.4747337,14.7166316]]],"type":"Polygon"},"id":"65f38e83-848a-4123-8efb-16234422706d","properties":{"building":true,"sourceLayer":"buildings","sources":["Google Open Buildings"]},"type":"Feature"},{"geometry":{"coordinates":[[[-17.4743843,14.7153431],[-17.4743272,14.7153617],[-17.4743542,14.71544],[-17.4744113,14.7154213],[-17.4743843,14.7153431]]],"type":"Polygon"},"id":"65fc6f9c-3c58-41de-bdbd-7d753aead536","properties":{"building":true,"sourceLayer":"buildings","sources":["Google Open Buildings"]},"type":"Feature"},{"geometry":{"coordinates":[[[-17.4770644,14.7179596],[-17.4771107,14.7179042],[-17.4770601,14.7178648],[-17.4770307,14.7179038],[-17.4770247,14.7178984],[-17.4769639,14.7179754],[-17.4769752,14.7179894],[-17.4769557,14.7180144],[-17.4769748,14.7180271],[-17.4769922,14.7180062],[-17.4770166,14.7180274],[-17.4770371,14.7180014],[-17.4770166,14.7179843],[-17.4770421,14.7179456],[-17.4770644,14.7179596]]],"type":"Polygon"},"id":"6631ca52-0ba8-45c1-a5e1-4f9ac2be4625","properties":{"building":true,"sourceLayer":"buildings","sources":["OpenStreetMap"]},"type":"Feature"},{"geometry":{"coordinates":[[[-17.4765104,14.714387],[-17.476404,14.7144022],[-17.4764167,14.7144868],[-17.4765232,14.7144716],[-17.4765104,14.714387]]],"type":"Polygon"},"id":"663cfeb1-9d8d-4998-a84a-ebefc0bc2b9f","properties":{"building":true,"sourceLayer":"buildings","sources":["Google Open Buildings"]},"type":"Feature"},{"geometry":{"coordinates":[[[-17.4766918,14.715643],[-17.4766185,14.7156484],[-17.4766295,14.7157881],[-17.4767027,14.7157827],[-17.4766918,14.715643]]],"type":"Polygon"},"id":"666f485c-5b7e-404b-98e0-ae07d95e461d","properties":{"building":true,"sourceLayer":"buildings","sources":["Google Open Buildings"]},"type":"Feature"},{"geometry":{"coordinates":[[[-17.4716814,14.7182776],[-17.4716283,14.7182721],[-17.4716159,14.7183862],[-17.471669,14.7183916],[-17.4716814,14.7182776]]],"type":"Polygon"},"id":"66761a94-e7c9-44af-9bd0-ab0e2218d9d6","properties":{"building":true,"sourceLayer":"buildings","sources":["Google Open Buildings"]},"type":"Feature"},{"geometry":{"coordinates":[[[-17.4782465,14.7203735],[-17.4783324,14.7202676],[-17.4782483,14.7202044],[-17.4781581,14.7203102],[-17.4781848,14.7203294],[-17.4782465,14.7203735]]],"type":"Polygon"},"id":"667bbe77-e5f8-4baf-bb45-937ccb1ffce4","properties":{"building":true,"sourceLayer":"buildings","sources":["OpenStreetMap"]},"type":"Feature"},{"geometry":{"coordinates":[[[-17.4751017,14.7145172],[-17.4750376,14.7145505],[-17.4750848,14.7146364],[-17.4751488,14.7146032],[-17.4751017,14.7145172]]],"type":"Polygon"},"id":"66a71b1b-c7cf-454c-a625-d303ee71ec2d","properties":{"building":true,"sourceLayer":"buildings","sources":["Google Open Buildings"]},"type":"Feature"},{"geometry":{"coordinates":[[[-17.4765084,14.7147448],[-17.47652,14.7148226],[-17.4765595,14.714817],[-17.4765478,14.7147392],[-17.4765084,14.7147448]]],"type":"Polygon"},"id":"66d5e48b-4bb8-4452-b81c-83725528c62e","properties":{"building":true,"sourceLayer":"buildings","sources":["Google Open Buildings"]},"type":"Feature"},{"geometry":{"coordinates":[[[-17.479177,14.7199275],[-17.4790591,14.7198402],[-17.4789384,14.7199867],[-17.4790685,14.7200866],[-17.4791852,14.7199336],[-17.479177,14.7199275]]],"type":"Polygon"},"id":"66f20b82-8039-4dd0-8341-5c13f1d4e8f7","properties":{"building":true,"sourceLayer":"buildings","sources":["OpenStreetMap"]},"type":"Feature"},{"geometry":{"coordinates":[[[-17.4750336,14.7143714],[-17.4749961,14.7143809],[-17.475012,14.7144399],[-17.4750495,14.7144303],[-17.4750336,14.7143714]]],"type":"Polygon"},"id":"66fd6199-77b5-482c-84df-db079f76fe8e","properties":{"building":true,"sourceLayer":"buildings","sources":["Google Open Buildings"]},"type":"Feature"},{"geometry":{"coordinates":[[[-17.4785158,14.7194096],[-17.4786253,14.7193026],[-17.4785074,14.7191725],[-17.4784197,14.7192496],[-17.4785158,14.7194096]]],"type":"Polygon"},"id":"670ce5af-9a3d-4053-85d1-7005ac705021","properties":{"building":true,"sourceLayer":"buildings","sources":["OpenStreetMap"]},"type":"Feature"},{"geometry":{"coordinates":[[[-17.4728188,14.715822],[-17.4727576,14.7158254],[-17.47276,14.7158663],[-17.4728212,14.7158629],[-17.4728188,14.715822]]],"type":"Polygon"},"id":"671e4fee-52c6-42e8-8fb1-61bee7359cf9","properties":{"building":true,"sourceLayer":"buildings","sources":["Google Open Buildings"]},"type":"Feature"},{"geometry":{"coordinates":[[[-17.4731093,14.7154559],[-17.4730573,14.715462],[-17.4730672,14.7155421],[-17.4731192,14.715536],[-17.4731093,14.7154559]]],"type":"Polygon"},"id":"672e79c5-5324-4662-a5fb-3e70dc25afb9","properties":{"building":true,"sourceLayer":"buildings","sources":["Google Open Buildings"]},"type":"Feature"},{"geometry":{"coordinates":[[[-17.4774632,14.7201805],[-17.4775543,14.7201006],[-17.4774413,14.7199802],[-17.4773621,14.7200577],[-17.4774632,14.7201805]]],"type":"Polygon"},"id":"67690018-a29d-4cf3-b66a-8f17a7ca45d7","properties":{"building":true,"sourceLayer":"buildings","sources":["OpenStreetMap"]},"type":"Feature"},{"geometry":{"coordinates":[[[-17.4769716,14.7175248],[-17.4770909,14.71738],[-17.4768132,14.7174026],[-17.4769716,14.7175248]]],"type":"Polygon"},"id":"67736c9a-68ca-4e30-a3f9-3ac4ca013846","properties":{"building":true,"sourceLayer":"buildings","sources":["OpenStreetMap"]},"type":"Feature"},{"geometry":{"coordinates":[[[-17.4771236,14.7182607],[-17.4771938,14.7181877],[-17.477077,14.7181087],[-17.4770632,14.7181236],[-17.4770586,14.7181197],[-17.477037,14.7181492],[-17.4770721,14.718176],[-17.4770505,14.7182008],[-17.4770758,14.7182058],[-17.4770663,14.7182148],[-17.4771236,14.7182607]]],"type":"Polygon"},"id":"6787acb3-ca5c-49ba-b2d9-c92568953e03","properties":{"building":true,"sourceLayer":"buildings","sources":["OpenStreetMap"]},"type":"Feature"},{"geometry":{"coordinates":[[[-17.4765122,14.7186148],[-17.4765551,14.7186288],[-17.476637,14.7184697],[-17.4765415,14.7184326],[-17.4765122,14.7186148]]],"type":"Polygon"},"id":"67a31278-284d-4ef9-9b21-2eee253be393","properties":{"building":true,"sourceLayer":"buildings","sources":["OpenStreetMap"]},"type":"Feature"},{"geometry":{"coordinates":[[[-17.4769248,14.7164915],[-17.4770159,14.7164832],[-17.4770017,14.7163393],[-17.4769107,14.7163476],[-17.4769248,14.7164915]]],"type":"Polygon"},"id":"67b1a0dd-d769-48cf-8ff8-3bbc5cc05890","properties":{"building":true,"sourceLayer":"buildings","sources":["OpenStreetMap"]},"type":"Feature"},{"geometry":{"coordinates":[[[-17.4772891,14.7177424],[-17.4773784,14.7176083],[-17.4772816,14.7175448],[-17.477252,14.717563],[-17.477274,14.7175785],[-17.4772319,14.7176353],[-17.4772089,14.7176202],[-17.4771721,14.717676],[-17.4772093,14.7176973],[-17.4772181,14.7176866],[-17.4772891,14.7177424]]],"type":"Polygon"},"id":"682abd21-61ce-45b7-b274-d7adea53de70","properties":{"building":true,"sourceLayer":"buildings","sources":["OpenStreetMap"]},"type":"Feature"},{"geometry":{"coordinates":[[[-17.4772641,14.7179222],[-17.4773345,14.7179807],[-17.4775561,14.7177284],[-17.4774566,14.7176356],[-17.4772641,14.7179222]]],"type":"Polygon"},"id":"68792d88-ef98-4a2c-859c-93684b2a1c1a","properties":{"building":true,"sourceLayer":"buildings","sources":["OpenStreetMap"]},"type":"Feature"},{"geometry":{"coordinates":[[[-17.4778415,14.7210887],[-17.4779155,14.7210968],[-17.4779278,14.7209334],[-17.4778469,14.7209375],[-17.4778415,14.7210887]]],"type":"Polygon"},"id":"687a2d8d-de24-41b7-80b3-f6da8d32e2a1","properties":{"building":true,"sourceLayer":"buildings","sources":["OpenStreetMap"]},"type":"Feature"},{"geometry":{"coordinates":[[[-17.4761372,14.715019],[-17.4759456,14.7150413],[-17.4759633,14.7151862],[-17.476155,14.7151639],[-17.4761372,14.715019]]],"type":"Polygon"},"id":"69480c55-a304-4871-80e5-2a09ab92e2a3","properties":{"building":true,"sourceLayer":"buildings","sources":["Google Open Buildings"]},"type":"Feature"},{"geometry":{"coordinates":[[[-17.4744249,14.7149952],[-17.4743899,14.715009],[-17.47441,14.7150573],[-17.474445,14.7150435],[-17.4744249,14.7149952]]],"type":"Polygon"},"id":"6996e3dc-68a1-4223-a29f-b545a7aa1190","properties":{"building":true,"sourceLayer":"buildings","sources":["Google Open Buildings"]},"type":"Feature"},{"geometry":{"coordinates":[[[-17.4741891,14.7155272],[-17.474142,14.7155301],[-17.4741451,14.715579],[-17.4741923,14.7155761],[-17.4741891,14.7155272]]],"type":"Polygon"},"id":"69cc6483-12f1-4b96-97ea-68124bb6c555","properties":{"building":true,"sourceLayer":"buildings","sources":["Google Open Buildings"]},"type":"Feature"},{"geometry":{"coordinates":[[[-17.47443,14.7142843],[-17.4743386,14.7143249],[-17.4743832,14.7144202],[-17.4744746,14.7143796],[-17.47443,14.7142843]]],"type":"Polygon"},"id":"6a11799f-a563-4d97-8246-e7cebaba355d","properties":{"building":true,"sourceLayer":"buildings","sources":["Google Open Buildings"]},"type":"Feature"},{"geometry":{"coordinates":[[[-17.4753762,14.7147313],[-17.4753589,14.7147429],[-17.4753678,14.7147555],[-17.4753443,14.7147712],[-17.4753647,14.7147999],[-17.4754054,14.7147726],[-17.4753762,14.7147313]]],"type":"Polygon"},"id":"6a129bab-5efe-46c0-8d4b-24e113519852","properties":{"building":true,"sourceLayer":"buildings","sources":["Google Open Buildings"]},"type":"Feature"},{"geometry":{"coordinates":[[[-17.477277,14.7190346],[-17.4773588,14.7190852],[-17.4773985,14.7189931],[-17.4773074,14.718966],[-17.477277,14.7190346]]],"type":"Polygon"},"id":"6a1e560c-027d-436d-8796-50a14f53ef83","properties":{"building":true,"sourceLayer":"buildings","sources":["OpenStreetMap"]},"type":"Feature"},{"geometry":{"coordinates":[[[-17.4730213,14.7162717],[-17.4729802,14.7162803],[-17.4729941,14.7163434],[-17.4730352,14.7163349],[-17.4730213,14.7162717]]],"type":"Polygon"},"id":"6a24282f-266b-46df-b220-bae137f9dca2","properties":{"building":true,"sourceLayer":"buildings","sources":["Google Open Buildings"]},"type":"Feature"},{"geometry":{"coordinates":[[[-17.4724083,14.7160649],[-17.4724072,14.7160156],[-17.4724903,14.7160139],[-17.4724892,14.7159621],[-17.4724034,14.7159638],[-17.4724045,14.7160131],[-17.4722651,14.7160159],[-17.4722662,14.7160677],[-17.4724083,14.7160649]]],"type":"Polygon"},"id":"6a4c0ef0-8b1c-4add-b9b8-4b6020208a4b","properties":{"building":true,"sourceLayer":"buildings","sources":["Microsoft ML Buildings"]},"type":"Feature"},{"geometry":{"coordinates":[[[-17.4728534,14.7196621],[-17.472897,14.7198278],[-17.4730582,14.7197881],[-17.4730371,14.7197077],[-17.4729927,14.7197186],[-17.4729992,14.719743],[-17.4729755,14.7197488],[-17.4729607,14.7196928],[-17.4730237,14.7196773],[-17.4730044,14.7196042],[-17.4729616,14.7196147],[-17.4729667,14.7196342],[-17.4728534,14.7196621]]],"type":"Polygon"},"id":"6a75938f-d825-441e-a58d-155a74500845","properties":{"building":true,"sourceLayer":"buildings","sources":["Microsoft ML Buildings"]},"type":"Feature"},{"geometry":{"coordinates":[[[-17.4770655,14.7214455],[-17.4771313,14.721574],[-17.4771579,14.721564],[-17.4771482,14.7215485],[-17.4772033,14.7215144],[-17.4771398,14.7213973],[-17.4770655,14.7214455]]],"type":"Polygon"},"id":"6aa12e8c-5bff-4a31-91e6-5c95bca5f471","properties":{"building":true,"sourceLayer":"buildings","sources":["OpenStreetMap"]},"type":"Feature"},{"geometry":{"coordinates":[[[-17.4770678,14.7208014],[-17.4770958,14.7207979],[-17.4770723,14.7206603],[-17.4769434,14.7206815],[-17.4769519,14.7207212],[-17.4769076,14.7207354],[-17.4769068,14.7208651],[-17.4769889,14.7208502],[-17.4769877,14.7208337],[-17.4770556,14.7208203],[-17.4770678,14.7208014]]],"type":"Polygon"},"id":"6ab94162-e878-4e2c-9e8e-9cc5e5e3e778","properties":{"building":true,"sourceLayer":"buildings","sources":["OpenStreetMap"]},"type":"Feature"},{"geometry":{"coordinates":[[[-17.4736961,14.7213733],[-17.4736234,14.7213926],[-17.473643,14.7214623],[-17.4737157,14.7214429],[-17.4736961,14.7213733]]],"type":"Polygon"},"id":"6b1bcc79-a80f-4d94-85b7-4f7d5a99c1f8","properties":{"building":true,"sourceLayer":"buildings","sources":["Google Open Buildings"]},"type":"Feature"},{"geometry":{"coordinates":[[[-17.4727709,14.715011],[-17.4726296,14.7150797],[-17.472681,14.7151798],[-17.4728223,14.715111],[-17.4727709,14.715011]]],"type":"Polygon"},"id":"6b2254aa-4fda-4d3c-a46a-8d0ad5fea6b2","properties":{"building":true,"sourceLayer":"buildings","sources":["Google Open Buildings"]},"type":"Feature"},{"geometry":{"coordinates":[[[-17.4723644,14.7191146],[-17.4723577,14.7192103],[-17.4725078,14.7192203],[-17.4725146,14.7191246],[-17.4723644,14.7191146]]],"type":"Polygon"},"id":"6bd3bc6e-d39c-4f2d-8d02-768e210d3eda","properties":{"building":true,"sourceLayer":"buildings","sources":["Google Open Buildings"]},"type":"Feature"},{"geometry":{"coordinates":[[[-17.4735079,14.7180755],[-17.4734764,14.7180798],[-17.4734827,14.7181237],[-17.4735142,14.7181195],[-17.4735079,14.7180755]]],"type":"Polygon"},"id":"6bf0170b-41d8-4121-80e3-ba01d73fea64","properties":{"building":true,"sourceLayer":"buildings","sources":["Google Open Buildings"]},"type":"Feature"},{"geometry":{"coordinates":[[[-17.4725937,14.7200294],[-17.4725925,14.7201487],[-17.4726783,14.7201496],[-17.4726795,14.7200303],[-17.4725937,14.7200294]]],"type":"Polygon"},"id":"6c201804-9cc3-4407-993a-92adfe400b31","properties":{"building":true,"sourceLayer":"buildings","sources":["Microsoft ML Buildings"]},"type":"Feature"},{"geometry":{"coordinates":[[[-17.4737242,14.7163832],[-17.4737589,14.7164198],[-17.4737802,14.7164008],[-17.4737455,14.7163641],[-17.4737242,14.7163832]]],"type":"Polygon"},"id":"6c3a7455-e82b-4281-8eac-6f95f7dacf2f","properties":{"building":true,"sourceLayer":"buildings","sources":["Google Open Buildings"]},"type":"Feature"},{"geometry":{"coordinates":[[[-17.4730537,14.7176428],[-17.4729974,14.7176618],[-17.4730042,14.7176806],[-17.4730605,14.7176616],[-17.4730537,14.7176428]]],"type":"Polygon"},"id":"6c6a1030-0605-4a74-9706-1fd305cf2b11","properties":{"building":true,"sourceLayer":"buildings","sources":["Google Open Buildings"]},"type":"Feature"},{"geometry":{"coordinates":[[[-17.473856,14.7173784],[-17.4738193,14.7174136],[-17.4738412,14.7174353],[-17.473878,14.7174001],[-17.473856,14.7173784]]],"type":"Polygon"},"id":"6c750551-b576-42be-8fb1-55a42c8f6ffb","properties":{"building":true,"sourceLayer":"buildings","sources":["Google Open Buildings"]},"type":"Feature"},{"geometry":{"coordinates":[[[-17.4777687,14.7202286],[-17.4778247,14.7201562],[-17.4777941,14.7201316],[-17.4777351,14.7202122],[-17.4777687,14.7202286]]],"type":"Polygon"},"id":"6c89e5b6-77c9-47ec-a460-cef1ec7b9646","properties":{"building":true,"sourceLayer":"buildings","sources":["OpenStreetMap"]},"type":"Feature"},{"geometry":{"coordinates":[[[-17.4775123,14.7186446],[-17.477559,14.7186719],[-17.4776133,14.7185803],[-17.4775617,14.7185522],[-17.4775123,14.7186446]]],"type":"Polygon"},"id":"6cab1099-bce3-4d3e-a9b0-9a0f16034e51","properties":{"building":true,"sourceLayer":"buildings","sources":["OpenStreetMap"]},"type":"Feature"},{"geometry":{"coordinates":[[[-17.4769613,14.7171692],[-17.476883,14.717175],[-17.4768815,14.7171551],[-17.4767764,14.717163],[-17.4767876,14.7173056],[-17.476971,14.7172919],[-17.4769613,14.7171692]]],"type":"Polygon"},"id":"6cac0acf-6601-45e1-ab6d-ffe22fb44a83","properties":{"building":true,"sourceLayer":"buildings","sources":["Google Open Buildings"]},"type":"Feature"},{"geometry":{"coordinates":[[[-17.4752741,14.7150455],[-17.4752305,14.715052],[-17.475234,14.7150743],[-17.4752776,14.7150678],[-17.4752741,14.7150455]]],"type":"Polygon"},"id":"6cb5326c-82c6-442e-8a9b-2de3beec3ffd","properties":{"building":true,"sourceLayer":"buildings","sources":["Google Open Buildings"]},"type":"Feature"},{"geometry":{"coordinates":[[[-17.4775744,14.7166945],[-17.4775774,14.7167316],[-17.4776733,14.7167241],[-17.4776703,14.716687],[-17.4775744,14.7166945]]],"type":"Polygon"},"id":"6cbf9824-802e-4b7e-856a-03ba980f78f9","properties":{"building":true,"sourceLayer":"buildings","sources":["Google Open Buildings"]},"type":"Feature"},{"geometry":{"coordinates":[[[-17.4716731,14.7195144],[-17.4715428,14.7195046],[-17.4715389,14.719554],[-17.4716691,14.7195638],[-17.4716731,14.7195144]]],"type":"Polygon"},"id":"6d073656-38aa-4981-8d2b-8af3d9a1b528","properties":{"building":true,"sourceLayer":"buildings","sources":["Google Open Buildings"]},"type":"Feature"},{"geometry":{"coordinates":[[[-17.4778325,14.7198374],[-17.4779406,14.7199563],[-17.4779983,14.7199143],[-17.477895,14.7197662],[-17.4778325,14.7198374]]],"type":"Polygon"},"id":"6d165942-ec42-4164-aca0-a96eb6b823ae","properties":{"building":true,"sourceLayer":"buildings","sources":["OpenStreetMap"]},"type":"Feature"},{"geometry":{"coordinates":[[[-17.4770259,14.7201279],[-17.4771174,14.7200421],[-17.4770548,14.7199807],[-17.4769703,14.7200855],[-17.4770259,14.7201279]]],"type":"Polygon"},"id":"6d1b9d17-0d6c-4c2a-8e9c-34d800db2dc1","properties":{"building":true,"sourceLayer":"buildings","sources":["OpenStreetMap"]},"type":"Feature"},{"geometry":{"coordinates":[[[-17.4735104,14.7179086],[-17.4735275,14.7179554],[-17.4735564,14.7179454],[-17.4735394,14.7178986],[-17.4735104,14.7179086]]],"type":"Polygon"},"id":"6d40e9a3-69f6-496c-bbd2-3c65c0c798f4","properties":{"building":true,"sourceLayer":"buildings","sources":["Google Open Buildings"]},"type":"Feature"},{"geometry":{"coordinates":[[[-17.4725208,14.7151567],[-17.4725767,14.7152702],[-17.4726308,14.715245],[-17.4725748,14.7151315],[-17.4725208,14.7151567]]],"type":"Polygon"},"id":"6d4c5f21-c4ba-42e9-aef6-2aec26b6ce62","properties":{"building":true,"sourceLayer":"buildings","sources":["Google Open Buildings"]},"type":"Feature"},{"geometry":{"coordinates":[[[-17.4782786,14.721416],[-17.478287,14.7213583],[-17.478156,14.7213467],[-17.4781401,14.7214426],[-17.4782427,14.7214541],[-17.4782471,14.7214135],[-17.4782786,14.721416]]],"type":"Polygon"},"id":"6d588ee0-6a5f-43cf-8bde-2580a7744c5a","properties":{"building":true,"sourceLayer":"buildings","sources":["OpenStreetMap"]},"type":"Feature"},{"geometry":{"coordinates":[[[-17.4778692,14.7195686],[-17.4779535,14.7196991],[-17.4779964,14.7196796],[-17.4779194,14.7195377],[-17.4778692,14.7195686]]],"type":"Polygon"},"id":"6d8c71c0-be83-4a21-aea1-d087375e65a2","properties":{"building":true,"sourceLayer":"buildings","sources":["OpenStreetMap"]},"type":"Feature"},{"geometry":{"coordinates":[[[-17.4720734,14.7166804],[-17.4720371,14.7166873],[-17.4720449,14.7167256],[-17.4720811,14.7167187],[-17.4720734,14.7166804]]],"type":"Polygon"},"id":"6d8cba17-68a7-4711-ae0f-a55ce80686ba","properties":{"building":true,"sourceLayer":"buildings","sources":["Google Open Buildings"]},"type":"Feature"},{"geometry":{"coordinates":[[[-17.4728969,14.7193157],[-17.4728554,14.7193272],[-17.4728493,14.7193062],[-17.4727404,14.7193365],[-17.4727668,14.7194265],[-17.4729171,14.7193848],[-17.4728969,14.7193157]]],"type":"Polygon"},"id":"6dff90ac-afc7-48db-958c-565af7856be8","properties":{"building":true,"sourceLayer":"buildings","sources":["Google Open Buildings"]},"type":"Feature"},{"geometry":{"coordinates":[[[-17.4738464,14.7172859],[-17.4737816,14.71736],[-17.473829,14.7173993],[-17.4738938,14.7173251],[-17.4738464,14.7172859]]],"type":"Polygon"},"id":"6e4d9a6c-82c9-4a0b-be2b-5c3077c5a5d6","properties":{"building":true,"sourceLayer":"buildings","sources":["Google Open Buildings"]},"type":"Feature"},{"geometry":{"coordinates":[[[-17.4725068,14.7142174],[-17.4725358,14.7142211],[-17.4725511,14.7141089],[-17.4725221,14.7141052],[-17.4725068,14.7142174]]],"type":"Polygon"},"id":"6e5627fd-d9c0-46ff-9bf6-16585c33138a","properties":{"building":true,"sourceLayer":"buildings","sources":["Microsoft ML Buildings"]},"type":"Feature"},{"geometry":{"coordinates":[[[-17.4744624,14.7175075],[-17.4745117,14.7174934],[-17.4744971,14.7174457],[-17.4744478,14.7174598],[-17.4744624,14.7175075]]],"type":"Polygon"},"id":"6e7e1d9c-c978-4e66-bbc7-6bd3f33d8bb2","properties":{"building":true,"sourceLayer":"buildings","sources":["Microsoft ML Buildings"]},"type":"Feature"},{"geometry":{"coordinates":[[[-17.4787769,14.7166716],[-17.4787231,14.7166991],[-17.4787399,14.7167304],[-17.4787098,14.7167457],[-17.4787646,14.7168473],[-17.4788484,14.7168044],[-17.4787769,14.7166716]]],"type":"Polygon"},"id":"6e887b19-8637-4e2d-b49c-22c7cfb70639","properties":{"building":true,"sourceLayer":"buildings","sources":["Google Open Buildings"]},"type":"Feature"},{"geometry":{"coordinates":[[[-17.4752103,14.7145453],[-17.4751603,14.714566],[-17.4751746,14.7145988],[-17.4752246,14.7145781],[-17.4752103,14.7145453]]],"type":"Polygon"},"id":"6eaccaf2-5414-40ac-98a2-6dac02ce2a53","properties":{"building":true,"sourceLayer":"buildings","sources":["Google Open Buildings"]},"type":"Feature"},{"geometry":{"coordinates":[[[-17.4730161,14.7182907],[-17.4729614,14.7182868],[-17.4729591,14.7183174],[-17.4730138,14.7183213],[-17.4730161,14.7182907]]],"type":"Polygon"},"id":"6eb49700-b0fb-4c53-95d3-5412d154007f","properties":{"building":true,"sourceLayer":"buildings","sources":["Google Open Buildings"]},"type":"Feature"},{"geometry":{"coordinates":[[[-17.4756949,14.7145815],[-17.4756493,14.7145923],[-17.4756471,14.7146081],[-17.4756904,14.7146139],[-17.4756949,14.7145815]]],"type":"Polygon"},"id":"6ee9b39e-7808-4d67-b7b9-1546ab14a8a7","properties":{"building":true,"sourceLayer":"buildings","sources":["Google Open Buildings"]},"type":"Feature"},{"geometry":{"coordinates":[[[-17.4732855,14.714727],[-17.4731887,14.714775],[-17.4732493,14.7148907],[-17.4733461,14.7148427],[-17.4732855,14.714727]]],"type":"Polygon"},"id":"6eea4b76-48b5-4dd5-9cab-e10b0b0bdc06","properties":{"building":true,"sourceLayer":"buildings","sources":["Google Open Buildings"]},"type":"Feature"},{"geometry":{"coordinates":[[[-17.4774875,14.7181759],[-17.4774686,14.7181673],[-17.4773881,14.7182683],[-17.4774025,14.7182815],[-17.4773765,14.7183127],[-17.4774629,14.7183747],[-17.4774757,14.7183588],[-17.4774822,14.7183613],[-17.4775218,14.7183055],[-17.4774932,14.7182815],[-17.4774814,14.7182667],[-17.4774916,14.71825],[-17.4774812,14.7182329],[-17.4774932,14.7182062],[-17.4774875,14.7181759]]],"type":"Polygon"},"id":"6f0d17a7-5552-4811-856b-332aee66b798","properties":{"building":true,"sourceLayer":"buildings","sources":["OpenStreetMap"]},"type":"Feature"},{"geometry":{"coordinates":[[[-17.4729802,14.7162803],[-17.4729354,14.7162896],[-17.4729493,14.7163528],[-17.4729941,14.7163434],[-17.4729802,14.7162803]]],"type":"Polygon"},"id":"6f3565e7-6048-4aaf-8822-c0ea576f04e7","properties":{"building":true,"sourceLayer":"buildings","sources":["Google Open Buildings"]},"type":"Feature"},{"geometry":{"coordinates":[[[-17.4720284,14.7166439],[-17.471997,14.7166499],[-17.4720058,14.7166933],[-17.4720371,14.7166873],[-17.4720284,14.7166439]]],"type":"Polygon"},"id":"6f5d9300-659f-4ec3-9792-9679015febaa","properties":{"building":true,"sourceLayer":"buildings","sources":["Google Open Buildings"]},"type":"Feature"},{"geometry":{"coordinates":[[[-17.4783511,14.7193877],[-17.478301,14.7193295],[-17.4782298,14.7193683],[-17.4782744,14.7194498],[-17.4782841,14.7194675],[-17.4783496,14.7194208],[-17.4783337,14.7193974],[-17.4783511,14.7193877]]],"type":"Polygon"},"id":"6f7bfaac-d715-4cd0-b5c4-104d1ce7ab05","properties":{"building":true,"sourceLayer":"buildings","sources":["OpenStreetMap"]},"type":"Feature"},{"geometry":{"coordinates":[[[-17.4716465,14.7198672],[-17.4716059,14.7198653],[-17.4716044,14.719896],[-17.4716449,14.7198979],[-17.4716465,14.7198672]]],"type":"Polygon"},"id":"6f8fa39c-d4c9-4191-8b4e-ad5d18463640","properties":{"building":true,"sourceLayer":"buildings","sources":["Google Open Buildings"]},"type":"Feature"},{"geometry":{"coordinates":[[[-17.4743012,14.7146212],[-17.4742687,14.7146302],[-17.4742821,14.7146759],[-17.4743146,14.7146669],[-17.4743012,14.7146212]]],"type":"Polygon"},"id":"6faf60ef-17be-4953-882a-bb21c544b5a9","properties":{"building":true,"sourceLayer":"buildings","sources":["Google Open Buildings"]},"type":"Feature"},{"geometry":{"coordinates":[[[-17.4789311,14.7189139],[-17.4788384,14.718836],[-17.4787144,14.7189685],[-17.4787986,14.7190495],[-17.4789311,14.7189139]]],"type":"Polygon"},"id":"6fc14446-18dd-4a15-b1a2-2dbab1950f12","properties":{"building":true,"sourceLayer":"buildings","sources":["OpenStreetMap"]},"type":"Feature"},{"geometry":{"coordinates":[[[-17.4744114,14.7169731],[-17.4743323,14.7169788],[-17.4743352,14.7170161],[-17.4744143,14.7170104],[-17.4744114,14.7169731]]],"type":"Polygon"},"id":"6ff5cf98-dd81-4ab6-b950-2835531568b1","properties":{"building":true,"sourceLayer":"buildings","sources":["Google Open Buildings"]},"type":"Feature"},{"geometry":{"coordinates":[[[-17.4776789,14.7159118],[-17.477672,14.7157664],[-17.47759,14.7157689],[-17.4774832,14.7157722],[-17.4774921,14.7159175],[-17.4776789,14.7159118]]],"type":"Polygon"},"id":"704a0102-3798-40c2-9aa1-9656b1b8c431","properties":{"building":true,"sourceLayer":"buildings","sources":["OpenStreetMap"]},"type":"Feature"},{"geometry":{"coordinates":[[[-17.4745764,14.7148759],[-17.4745308,14.7148938],[-17.4745485,14.7149366],[-17.4745941,14.7149187],[-17.4745764,14.7148759]]],"type":"Polygon"},"id":"706dd07e-338c-4115-b173-bb2190f79b65","properties":{"building":true,"sourceLayer":"buildings","sources":["Google Open Buildings"]},"type":"Feature"},{"geometry":{"coordinates":[[[-17.4765002,14.7182295],[-17.476482,14.7182719],[-17.47652,14.7182874],[-17.4765382,14.718245],[-17.4765002,14.7182295]]],"type":"Polygon"},"id":"70a92a69-7d91-4270-82d5-15d187f5e62e","properties":{"building":true,"sourceLayer":"buildings","sources":["Google Open Buildings"]},"type":"Feature"},{"geometry":{"coordinates":[[[-17.476929,14.7152481],[-17.4766166,14.7152928],[-17.4766381,14.7154353],[-17.4768303,14.7154078],[-17.4768237,14.7153639],[-17.4769439,14.7153468],[-17.476929,14.7152481]]],"type":"Polygon"},"id":"70f4054d-22fd-453b-acbd-6cc5504882a6","properties":{"building":true,"sourceLayer":"buildings","sources":["Google Open Buildings"]},"type":"Feature"},{"geometry":{"coordinates":[[[-17.4731712,14.7186966],[-17.4730285,14.7187355],[-17.4730504,14.7188117],[-17.4731931,14.7187729],[-17.4731712,14.7186966]]],"type":"Polygon"},"id":"70f742ca-26bf-45ad-bf7d-1c1e60e1f561","properties":{"building":true,"sourceLayer":"buildings","sources":["Google Open Buildings"]},"type":"Feature"},{"geometry":{"coordinates":[[[-17.4716134,14.718573],[-17.4717482,14.7185875],[-17.4717531,14.7185446],[-17.4716183,14.7185301],[-17.4716134,14.718573]]],"type":"Polygon"},"id":"7101538f-d62c-4dbf-8ddf-3d4ad6f8033f","properties":{"building":true,"sourceLayer":"buildings","sources":["Google Open Buildings"]},"type":"Feature"},{"geometry":{"coordinates":[[[-17.4772631,14.7193622],[-17.4773705,14.719317],[-17.4773295,14.7192077],[-17.4772692,14.7192253],[-17.4772618,14.7192013],[-17.4772245,14.719221],[-17.4772604,14.7193524],[-17.4772631,14.7193622]]],"type":"Polygon"},"id":"71069ee0-e209-4b97-9593-964c0dbacc24","properties":{"building":true,"sourceLayer":"buildings","sources":["OpenStreetMap"]},"type":"Feature"},{"geometry":{"coordinates":[[[-17.4750034,14.715719],[-17.4749729,14.7157226],[-17.4749766,14.7157521],[-17.4750071,14.7157485],[-17.4750034,14.715719]]],"type":"Polygon"},"id":"71132e43-95c0-4e91-9625-06f99e0fa292","properties":{"building":true,"sourceLayer":"buildings","sources":["Google Open Buildings"]},"type":"Feature"},{"geometry":{"coordinates":[[[-17.4753815,14.714146],[-17.4753247,14.7141786],[-17.4753959,14.7142959],[-17.4754821,14.7142463],[-17.4754283,14.7141577],[-17.4753988,14.7141746],[-17.4753815,14.714146]]],"type":"Polygon"},"id":"711ae178-7009-4b4e-b5c0-70f149b1f6de","properties":{"building":true,"sourceLayer":"buildings","sources":["Google Open Buildings"]},"type":"Feature"},{"geometry":{"coordinates":[[[-17.4741605,14.7181083],[-17.4741082,14.7181186],[-17.4741186,14.7181688],[-17.4741709,14.7181586],[-17.4741605,14.7181083]]],"type":"Polygon"},"id":"711de653-342b-496c-9198-bf007f70c1c0","properties":{"building":true,"sourceLayer":"buildings","sources":["Google Open Buildings"]},"type":"Feature"},{"geometry":{"coordinates":[[[-17.4748282,14.7164767],[-17.4748365,14.7165464],[-17.4749112,14.7165379],[-17.4749028,14.7164682],[-17.4748692,14.7164721],[-17.4748282,14.7164767]]],"type":"Polygon"},"id":"71300957-cc59-4b77-87a8-5a277839465a","properties":{"building":true,"sourceLayer":"buildings","sources":["Google Open Buildings"]},"type":"Feature"},{"geometry":{"coordinates":[[[-17.477373,14.7160724],[-17.4773812,14.7161257],[-17.4774979,14.7161089],[-17.4774897,14.7160556],[-17.477373,14.7160724]]],"type":"Polygon"},"id":"7130a72c-c2a6-42f4-ac9b-9defb296ae48","properties":{"building":true,"sourceLayer":"buildings","sources":["Microsoft ML Buildings"]},"type":"Feature"},{"geometry":{"coordinates":[[[-17.4781581,14.7203102],[-17.4782483,14.7202044],[-17.4781745,14.7201491],[-17.4780837,14.7202503],[-17.4781479,14.720302],[-17.4781581,14.7203102]]],"type":"Polygon"},"id":"7159f0bd-c2d5-4222-b7b2-4c0514bf6f86","properties":{"building":true,"sourceLayer":"buildings","sources":["OpenStreetMap"]},"type":"Feature"},{"geometry":{"coordinates":[[[-17.4776657,14.7156179],[-17.4775794,14.7156202],[-17.47759,14.7157689],[-17.477672,14.7157664],[-17.4776657,14.7156179]]],"type":"Polygon"},"id":"71e70279-2b75-4887-b5be-0a5343f4de91","properties":{"building":true,"sourceLayer":"buildings","sources":["OpenStreetMap"]},"type":"Feature"},{"geometry":{"coordinates":[[[-17.4739245,14.7169975],[-17.4738896,14.7170068],[-17.4738984,14.7170379],[-17.4739333,14.7170286],[-17.4739245,14.7169975]]],"type":"Polygon"},"id":"72ae8e76-0733-4bc1-9e37-8674ed74509a","properties":{"building":true,"sourceLayer":"buildings","sources":["Google Open Buildings"]},"type":"Feature"},{"geometry":{"coordinates":[[[-17.4779727,14.721628],[-17.4779638,14.7217252],[-17.4780962,14.7217492],[-17.4781156,14.7216487],[-17.4779727,14.721628]]],"type":"Polygon"},"id":"72ccc74e-2a9e-45d8-98d3-bd81645cd57d","properties":{"building":true,"sourceLayer":"buildings","sources":["OpenStreetMap"]},"type":"Feature"},{"geometry":{"coordinates":[[[-17.4771101,14.7206581],[-17.4771257,14.7207403],[-17.4773335,14.7207499],[-17.477303,14.7206366],[-17.4771101,14.7206581]]],"type":"Polygon"},"id":"72db1316-6448-43a8-9c6c-227368f66ee7","properties":{"building":true,"sourceLayer":"buildings","sources":["OpenStreetMap"]},"type":"Feature"},{"geometry":{"coordinates":[[[-17.4725418,14.7183612],[-17.4726437,14.7184633],[-17.4726941,14.7184156],[-17.4725922,14.7183135],[-17.4725418,14.7183612]]],"type":"Polygon"},"id":"73201ad4-bd34-469f-8d83-1be8409ffab9","properties":{"building":true,"sourceLayer":"buildings","sources":["Google Open Buildings"]},"type":"Feature"},{"geometry":{"coordinates":[[[-17.4728345,14.7213999],[-17.4730104,14.7213641],[-17.4729831,14.7212385],[-17.4728072,14.7212743],[-17.4728345,14.7213999]]],"type":"Polygon"},"id":"733c2b13-2702-427d-8572-ef9997987548","properties":{"building":true,"sourceLayer":"buildings","sources":["OpenStreetMap"]},"type":"Feature"},{"geometry":{"coordinates":[[[-17.4787132,14.7165536],[-17.4787477,14.7166175],[-17.4787767,14.7166026],[-17.4787423,14.7165387],[-17.4787132,14.7165536]]],"type":"Polygon"},"id":"7357f717-0719-4e0a-b586-526ad675985f","properties":{"building":true,"sourceLayer":"buildings","sources":["Google Open Buildings"]},"type":"Feature"},{"geometry":{"coordinates":[[[-17.4748828,14.7169563],[-17.4747206,14.7169714],[-17.474724,14.7170065],[-17.4748863,14.7169914],[-17.4748828,14.7169563]]],"type":"Polygon"},"id":"73626342-c66c-4fcb-a938-37995777d285","properties":{"building":true,"sourceLayer":"buildings","sources":["Google Open Buildings"]},"type":"Feature"},{"geometry":{"coordinates":[[[-17.4726893,14.7175362],[-17.4726588,14.7175365],[-17.4726591,14.7175646],[-17.4726896,14.7175643],[-17.4726893,14.7175362]]],"type":"Polygon"},"id":"7379d0e0-ab90-4e80-8e0f-06f41233ca11","properties":{"building":true,"sourceLayer":"buildings","sources":["Google Open Buildings"]},"type":"Feature"},{"geometry":{"coordinates":[[[-17.4766616,14.7180295],[-17.4767724,14.7181003],[-17.476817,14.7180432],[-17.4767911,14.7180257],[-17.4768294,14.7179795],[-17.4768602,14.717998],[-17.4769037,14.7179261],[-17.4768906,14.7179138],[-17.4768803,14.7179309],[-17.4768566,14.7179148],[-17.4768699,14.7178926],[-17.4767841,14.7178491],[-17.4766616,14.7180295]]],"type":"Polygon"},"id":"739a71d3-7e01-4890-ad72-400e8393f6f4","properties":{"building":true,"sourceLayer":"buildings","sources":["OpenStreetMap"]},"type":"Feature"},{"geometry":{"coordinates":[[[-17.4735252,14.720182],[-17.4734887,14.7201884],[-17.4734978,14.7202375],[-17.4735343,14.7202311],[-17.4735252,14.720182]]],"type":"Polygon"},"id":"73a9a158-b5cc-49e5-87d8-f08278a13def","properties":{"building":true,"sourceLayer":"buildings","sources":["Google Open Buildings"]},"type":"Feature"},{"geometry":{"coordinates":[[[-17.4727009,14.7171718],[-17.4726709,14.7171835],[-17.4726861,14.7172208],[-17.4727162,14.7172091],[-17.4727009,14.7171718]]],"type":"Polygon"},"id":"73beb386-54ab-4e6d-a0c3-34d96e5ff26c","properties":{"building":true,"sourceLayer":"buildings","sources":["Google Open Buildings"]},"type":"Feature"},{"geometry":{"coordinates":[[[-17.4768544,14.7159845],[-17.476858,14.716035],[-17.4768344,14.7160366],[-17.4768388,14.7160993],[-17.4768811,14.7160964],[-17.476883,14.716122],[-17.47693,14.7161189],[-17.4769201,14.7159801],[-17.4768544,14.7159845]]],"type":"Polygon"},"id":"73e0af72-1d78-42dd-a387-8b9112427ed5","properties":{"building":true,"sourceLayer":"buildings","sources":["Google Open Buildings"]},"type":"Feature"},{"geometry":{"coordinates":[[[-17.4780721,14.7181862],[-17.4779655,14.7184789],[-17.4781424,14.7185438],[-17.4782052,14.7184342],[-17.4781085,14.7183924],[-17.4781424,14.718315],[-17.4782268,14.718405],[-17.4782668,14.718371],[-17.4780721,14.7181862]]],"type":"Polygon"},"id":"7416a081-c6d8-40df-b400-edf8a9e26c2e","properties":{"building":true,"sourceLayer":"buildings","sources":["OpenStreetMap"]},"type":"Feature"},{"geometry":{"coordinates":[[[-17.4788288,14.7190876],[-17.4788483,14.7190692],[-17.4788189,14.7190366],[-17.4787973,14.7190585],[-17.4787085,14.718973],[-17.47862,14.7190729],[-17.478723,14.7191667],[-17.4788185,14.7190709],[-17.4788288,14.7190876]]],"type":"Polygon"},"id":"74216a3d-cbbc-4df6-994e-5b70f47f5bc5","properties":{"building":true,"sourceLayer":"buildings","sources":["OpenStreetMap"]},"type":"Feature"},{"geometry":{"coordinates":[[[-17.4765835,14.7175806],[-17.4766872,14.7174166],[-17.4765765,14.7174322],[-17.4765835,14.7175806]]],"type":"Polygon"},"id":"748b1111-d572-4417-837b-249fc979fd42","properties":{"building":true,"sourceLayer":"buildings","sources":["OpenStreetMap"]},"type":"Feature"},{"geometry":{"coordinates":[[[-17.4765575,14.7136648],[-17.4765015,14.7136725],[-17.4765056,14.7137009],[-17.4764538,14.713708],[-17.4764709,14.7138256],[-17.4765787,14.7138108],[-17.4765575,14.7136648]]],"type":"Polygon"},"id":"74d74fc6-c06b-4ffe-97ca-2e108382b003","properties":{"building":true,"sourceLayer":"buildings","sources":["Google Open Buildings"]},"type":"Feature"},{"geometry":{"coordinates":[[[-17.473408,14.7215671],[-17.4734515,14.7215555],[-17.473428,14.7214726],[-17.4733845,14.7214842],[-17.473408,14.7215671]]],"type":"Polygon"},"id":"7510288b-8386-4b82-ae45-59133c7c53fa","properties":{"building":true,"sourceLayer":"buildings","sources":["OpenStreetMap"]},"type":"Feature"},{"geometry":{"coordinates":[[[-17.4782707,14.7194378],[-17.4783287,14.7193896],[-17.4782923,14.7193269],[-17.4782275,14.7193635],[-17.4782707,14.7194378]]],"type":"Polygon"},"id":"7536ccff-9df9-40e6-b111-4bdeb5ff9237","properties":{"building":true,"sourceLayer":"buildings","sources":["OpenStreetMap"]},"type":"Feature"},{"geometry":{"coordinates":[[[-17.4760516,14.7157364],[-17.4760013,14.7157403],[-17.4760057,14.715793],[-17.476056,14.7157891],[-17.4760516,14.7157364]]],"type":"Polygon"},"id":"757af80b-fd95-4d01-bee5-43188feec9ec","properties":{"building":true,"sourceLayer":"buildings","sources":["Google Open Buildings"]},"type":"Feature"},{"geometry":{"coordinates":[[[-17.4762834,14.7142221],[-17.4762802,14.714151],[-17.4761934,14.7141546],[-17.4761965,14.7142257],[-17.4762834,14.7142221]]],"type":"Polygon"},"id":"76108dc0-1c2a-48a0-bece-d7afa46d1919","properties":{"building":true,"sourceLayer":"buildings","sources":["Microsoft ML Buildings"]},"type":"Feature"},{"geometry":{"coordinates":[[[-17.4737712,14.7176591],[-17.4737269,14.7176734],[-17.4737405,14.7177132],[-17.4737847,14.7176989],[-17.4737712,14.7176591]]],"type":"Polygon"},"id":"761ca3aa-e27a-475f-bc75-958c93fdd069","properties":{"building":true,"sourceLayer":"buildings","sources":["Google Open Buildings"]},"type":"Feature"},{"geometry":{"coordinates":[[[-17.4732697,14.7151954],[-17.4733381,14.7153088],[-17.4733982,14.7152744],[-17.4733298,14.715161],[-17.4732697,14.7151954]]],"type":"Polygon"},"id":"76d0f7e2-76cf-4e82-9f8f-47cc46e2c4e4","properties":{"building":true,"sourceLayer":"buildings","sources":["Google Open Buildings"]},"type":"Feature"},{"geometry":{"coordinates":[[[-17.4737301,14.714514],[-17.4736734,14.7145391],[-17.4737146,14.7146272],[-17.4737713,14.7146021],[-17.4737301,14.714514]]],"type":"Polygon"},"id":"76dd473c-0cb0-4551-85a5-27a6a46a7242","properties":{"building":true,"sourceLayer":"buildings","sources":["Google Open Buildings"]},"type":"Feature"},{"geometry":{"coordinates":[[[-17.4750826,14.7138805],[-17.4750517,14.7138919],[-17.4750668,14.7139307],[-17.4750977,14.7139193],[-17.4750826,14.7138805]]],"type":"Polygon"},"id":"76f49e31-d9af-40a8-aee2-34ec3f9990e4","properties":{"building":true,"sourceLayer":"buildings","sources":["Google Open Buildings"]},"type":"Feature"},{"geometry":{"coordinates":[[[-17.4735512,14.7175429],[-17.4735198,14.7175538],[-17.4735362,14.7175984],[-17.4735676,14.7175875],[-17.4735512,14.7175429]]],"type":"Polygon"},"id":"76f6fe8d-2270-4478-9a41-e43d3dad480f","properties":{"building":true,"sourceLayer":"buildings","sources":["Google Open Buildings"]},"type":"Feature"},{"geometry":{"coordinates":[[[-17.4737033,14.7169969],[-17.4737553,14.7170658],[-17.4738076,14.7170284],[-17.4737874,14.7170016],[-17.473774,14.7170112],[-17.4737422,14.7169691],[-17.4737033,14.7169969]]],"type":"Polygon"},"id":"76fd4ebb-c3a1-4bf4-a2d5-46fcfd139dea","properties":{"building":true,"sourceLayer":"buildings","sources":["Google Open Buildings"]},"type":"Feature"},{"geometry":{"coordinates":[[[-17.471591,14.7207114],[-17.4715476,14.7207128],[-17.4715486,14.7207422],[-17.471592,14.7207408],[-17.471591,14.7207114]]],"type":"Polygon"},"id":"7705f2bc-53e0-43d4-8e1c-cf236700058d","properties":{"building":true,"sourceLayer":"buildings","sources":["Google Open Buildings"]},"type":"Feature"},{"geometry":{"coordinates":[[[-17.4762239,14.7170684],[-17.4761836,14.7170715],[-17.4761894,14.7171458],[-17.4762298,14.7171428],[-17.4762239,14.7170684]]],"type":"Polygon"},"id":"77535e48-af03-4bb5-a423-c0036e4cd758","properties":{"building":true,"sourceLayer":"buildings","sources":["Google Open Buildings"]},"type":"Feature"},{"geometry":{"coordinates":[[[-17.4727344,14.717838],[-17.4727952,14.7179018],[-17.4728383,14.7178629],[-17.4727775,14.7177991],[-17.4727344,14.717838]]],"type":"Polygon"},"id":"7753af81-e01f-4f1a-ad8f-64712e879405","properties":{"building":true,"sourceLayer":"buildings","sources":["Google Open Buildings"]},"type":"Feature"},{"geometry":{"coordinates":[[[-17.4776733,14.7167241],[-17.4775774,14.7167316],[-17.4775839,14.7168101],[-17.4776798,14.7168026],[-17.4776733,14.7167241]]],"type":"Polygon"},"id":"775bb275-2118-4838-ad1e-6c35b4962977","properties":{"building":true,"sourceLayer":"buildings","sources":["Google Open Buildings"]},"type":"Feature"},{"geometry":{"coordinates":[[[-17.4734407,14.7169009],[-17.4734931,14.7169752],[-17.473539,14.7169445],[-17.4734865,14.7168702],[-17.4734407,14.7169009]]],"type":"Polygon"},"id":"775e62c8-ddbb-4f1c-84aa-1596d412741a","properties":{"building":true,"sourceLayer":"buildings","sources":["Google Open Buildings"]},"type":"Feature"},{"geometry":{"coordinates":[[[-17.474015,14.7170138],[-17.4739452,14.7170341],[-17.473955,14.7170657],[-17.4740247,14.7170455],[-17.474015,14.7170138]]],"type":"Polygon"},"id":"77c4d0e4-f2f4-477b-a4d2-c2384038918c","properties":{"building":true,"sourceLayer":"buildings","sources":["Google Open Buildings"]},"type":"Feature"},{"geometry":{"coordinates":[[[-17.4772845,14.7187207],[-17.4774388,14.7187963],[-17.477485,14.718681],[-17.4773467,14.7186104],[-17.4772845,14.7187207]]],"type":"Polygon"},"id":"77cb7119-4130-4c4c-bbd0-127cb0ce09a2","properties":{"building":true,"sourceLayer":"buildings","sources":["OpenStreetMap"]},"type":"Feature"},{"geometry":{"coordinates":[[[-17.4767176,14.7145667],[-17.4765932,14.7145865],[-17.4766174,14.714731],[-17.4767418,14.7147112],[-17.4767176,14.7145667]]],"type":"Polygon"},"id":"77d1d74f-16c1-43da-ad69-b62d2cbd5d1a","properties":{"building":true,"sourceLayer":"buildings","sources":["Google Open Buildings"]},"type":"Feature"},{"geometry":{"coordinates":[[[-17.4762447,14.7139303],[-17.4761943,14.7139372],[-17.4761978,14.7139619],[-17.4761349,14.7139705],[-17.4761482,14.7140623],[-17.4761854,14.7140572],[-17.4761876,14.7140721],[-17.4762845,14.7140588],[-17.4762673,14.7139402],[-17.4762466,14.713943],[-17.4762447,14.7139303]]],"type":"Polygon"},"id":"78102ebb-f5ed-47dd-b5e5-3b9fb25955c9","properties":{"building":true,"sourceLayer":"buildings","sources":["Google Open Buildings"]},"type":"Feature"},{"geometry":{"coordinates":[[[-17.4735822,14.7216507],[-17.4735774,14.7216223],[-17.4734254,14.721647],[-17.4734416,14.7217417],[-17.4735649,14.7217216],[-17.4735536,14.7216554],[-17.4735822,14.7216507]]],"type":"Polygon"},"id":"7815d031-9fa0-41d9-aff4-e7b853e85068","properties":{"building":true,"sourceLayer":"buildings","sources":["Google Open Buildings"]},"type":"Feature"},{"geometry":{"coordinates":[[[-17.4732548,14.717051],[-17.4732272,14.7170648],[-17.4732528,14.7171133],[-17.4732803,14.7170995],[-17.4732548,14.717051]]],"type":"Polygon"},"id":"786912c9-1f3f-46db-9365-3f39bfa225a4","properties":{"building":true,"sourceLayer":"buildings","sources":["Google Open Buildings"]},"type":"Feature"},{"geometry":{"coordinates":[[[-17.4742118,14.7154458],[-17.4741566,14.715451],[-17.474159,14.7154751],[-17.4742142,14.7154699],[-17.4742118,14.7154458]]],"type":"Polygon"},"id":"787c2500-7198-42a8-8963-f15c9566fe6a","properties":{"building":true,"sourceLayer":"buildings","sources":["Google Open Buildings"]},"type":"Feature"},{"geometry":{"coordinates":[[[-17.4778555,14.7215006],[-17.4779757,14.7214379],[-17.4779337,14.7213578],[-17.4778129,14.7214278],[-17.4778555,14.7215006]]],"type":"Polygon"},"id":"789440dc-1019-48cb-b086-fc1eed4f34d7","properties":{"building":true,"sourceLayer":"buildings","sources":["OpenStreetMap"]},"type":"Feature"},{"geometry":{"coordinates":[[[-17.4745215,14.7156138],[-17.4744828,14.7156218],[-17.4744888,14.7156496],[-17.4745275,14.7156417],[-17.4745215,14.7156138]]],"type":"Polygon"},"id":"78d0ff04-0cb8-411f-83ef-f2e68c5e7c5b","properties":{"building":true,"sourceLayer":"buildings","sources":["Google Open Buildings"]},"type":"Feature"},{"geometry":{"coordinates":[[[-17.4734113,14.7164099],[-17.4733637,14.7164237],[-17.4733777,14.7164694],[-17.4734253,14.7164556],[-17.4734113,14.7164099]]],"type":"Polygon"},"id":"78d1a001-672a-4f5f-bc03-cdf76a0a6026","properties":{"building":true,"sourceLayer":"buildings","sources":["Google Open Buildings"]},"type":"Feature"},{"geometry":{"coordinates":[[[-17.4746539,14.7152429],[-17.4746088,14.7152497],[-17.4746121,14.7152703],[-17.4746571,14.7152635],[-17.4746539,14.7152429]]],"type":"Polygon"},"id":"7900a6ba-843d-4939-b214-040772c0fb87","properties":{"building":true,"sourceLayer":"buildings","sources":["Google Open Buildings"]},"type":"Feature"},{"geometry":{"coordinates":[[[-17.4719916,14.719166],[-17.4719839,14.7189939],[-17.4719358,14.7189959],[-17.4719434,14.719168],[-17.4719916,14.719166]]],"type":"Polygon"},"id":"791acaf9-01d3-488a-85b9-9fd61444919d","properties":{"building":true,"sourceLayer":"buildings","sources":["Microsoft ML Buildings"]},"type":"Feature"},{"geometry":{"coordinates":[[[-17.4774996,14.7203845],[-17.4775767,14.7204671],[-17.4776603,14.7203761],[-17.4775688,14.720302],[-17.4774996,14.7203845]]],"type":"Polygon"},"id":"7920767b-805a-4c94-8c2c-b76ec5124f5f","properties":{"building":true,"sourceLayer":"buildings","sources":["OpenStreetMap"]},"type":"Feature"},{"geometry":{"coordinates":[[[-17.4783058,14.7196205],[-17.4784136,14.7194603],[-17.4783734,14.7193995],[-17.4783496,14.7194208],[-17.4782265,14.719531],[-17.4781391,14.7195772],[-17.4781981,14.7196588],[-17.4782733,14.7195841],[-17.4783058,14.7196205]]],"type":"Polygon"},"id":"7924c740-7ca9-4ac0-9ed6-445310e70e65","properties":{"building":true,"sourceLayer":"buildings","sources":["OpenStreetMap"]},"type":"Feature"},{"geometry":{"coordinates":[[[-17.4753959,14.7143433],[-17.4753797,14.714316],[-17.4753334,14.7143418],[-17.4753496,14.7143691],[-17.4753959,14.7143433]]],"type":"Polygon"},"id":"7997e78c-0193-49b1-8b73-8e28a3cd8094","properties":{"building":true,"sourceLayer":"buildings","sources":["Microsoft ML Buildings"]},"type":"Feature"},{"geometry":{"coordinates":[[[-17.4729218,14.7164267],[-17.4728482,14.7164306],[-17.4728541,14.7165351],[-17.4729277,14.7165312],[-17.4729218,14.7164267]]],"type":"Polygon"},"id":"79f4c3ce-f834-4f39-a695-1d33a21f4fd7","properties":{"building":true,"sourceLayer":"buildings","sources":["Google Open Buildings"]},"type":"Feature"},{"geometry":{"coordinates":[[[-17.4753135,14.7141153],[-17.4752849,14.714135],[-17.4753147,14.714176],[-17.4753433,14.7141562],[-17.4753135,14.7141153]]],"type":"Polygon"},"id":"7a022180-82ab-4314-b79d-1e740455da0a","properties":{"building":true,"sourceLayer":"buildings","sources":["Google Open Buildings"]},"type":"Feature"},{"geometry":{"coordinates":[[[-17.4766185,14.7156484],[-17.4765063,14.7156568],[-17.4765178,14.7158047],[-17.4766301,14.7157964],[-17.4766185,14.7156484]]],"type":"Polygon"},"id":"7a08da89-ad31-45ac-af8b-664af8d772f3","properties":{"building":true,"sourceLayer":"buildings","sources":["Google Open Buildings"]},"type":"Feature"},{"geometry":{"coordinates":[[[-17.4788011,14.7165087],[-17.4788647,14.7166268],[-17.4789269,14.716595],[-17.4788633,14.7164769],[-17.4788011,14.7165087]]],"type":"Polygon"},"id":"7a1c3014-7221-48f2-b5d7-6ecb0de40623","properties":{"building":true,"sourceLayer":"buildings","sources":["Google Open Buildings"]},"type":"Feature"},{"geometry":{"coordinates":[[[-17.4777717,14.718751],[-17.4778038,14.7187638],[-17.4778509,14.718631],[-17.4777684,14.7186035],[-17.4777515,14.7186696],[-17.4777373,14.7186668],[-17.4777154,14.7187339],[-17.4777611,14.7187502],[-17.4777818,14.7186999],[-17.4777918,14.7187054],[-17.4777717,14.718751]]],"type":"Polygon"},"id":"7a71625a-92f8-4359-a70a-106f1dc75d86","properties":{"building":true,"sourceLayer":"buildings","sources":["OpenStreetMap"]},"type":"Feature"},{"geometry":{"coordinates":[[[-17.4779912,14.7201026],[-17.4780774,14.7201759],[-17.4781631,14.7200645],[-17.4780808,14.71999],[-17.4779912,14.7201026]]],"type":"Polygon"},"id":"7aa8117e-916e-48cf-a770-d1bf324c7ffe","properties":{"building":true,"sourceLayer":"buildings","sources":["OpenStreetMap"]},"type":"Feature"},{"geometry":{"coordinates":[[[-17.4710073,14.7165297],[-17.4711225,14.7165257],[-17.4711195,14.7164454],[-17.4710043,14.7164493],[-17.4710073,14.7165297]]],"type":"Polygon"},"id":"7aadf1a5-cbe8-49fa-ac68-4ca97077ac72","properties":{"building":true,"sourceLayer":"buildings","sources":["Microsoft ML Buildings"]},"type":"Feature"},{"geometry":{"coordinates":[[[-17.4738487,14.7155103],[-17.4738177,14.7154994],[-17.4737944,14.7155622],[-17.4738254,14.7155731],[-17.4738487,14.7155103]]],"type":"Polygon"},"id":"7ac0b97d-f84f-4623-89cf-2ca8729c0a9a","properties":{"building":true,"sourceLayer":"buildings","sources":["Google Open Buildings"]},"type":"Feature"},{"geometry":{"coordinates":[[[-17.4740032,14.7180349],[-17.4739296,14.7180401],[-17.4739331,14.7180869],[-17.4739498,14.7180858],[-17.4739536,14.7181368],[-17.4740105,14.7181328],[-17.4740032,14.7180349]]],"type":"Polygon"},"id":"7c5b277c-be0c-4d40-9231-b772ef474f74","properties":{"building":true,"sourceLayer":"buildings","sources":["Google Open Buildings"]},"type":"Feature"},{"geometry":{"coordinates":[[[-17.4725045,14.7194876],[-17.4723805,14.7194792],[-17.4723783,14.7195096],[-17.4722949,14.719504],[-17.4722924,14.7195392],[-17.4722244,14.7195347],[-17.4722222,14.7195655],[-17.4724976,14.719584],[-17.4725045,14.7194876]]],"type":"Polygon"},"id":"7c9abf6c-2184-4628-892a-a214c2072ad3","properties":{"building":true,"sourceLayer":"buildings","sources":["Google Open Buildings"]},"type":"Feature"},{"geometry":{"coordinates":[[[-17.472864,14.7199268],[-17.4728204,14.7199235],[-17.4728166,14.7199719],[-17.4728602,14.7199751],[-17.472864,14.7199268]]],"type":"Polygon"},"id":"7cc413fe-ed02-4879-a56f-e9ef7546f0d9","properties":{"building":true,"sourceLayer":"buildings","sources":["Google Open Buildings"]},"type":"Feature"},{"geometry":{"coordinates":[[[-17.4787069,14.7198047],[-17.4788286,14.7196656],[-17.4787737,14.7196194],[-17.4786415,14.7197567],[-17.4787069,14.7198047]]],"type":"Polygon"},"id":"7d311fa1-7e22-40b3-8c20-2be2257d37b9","properties":{"building":true,"sourceLayer":"buildings","sources":["OpenStreetMap"]},"type":"Feature"},{"geometry":{"coordinates":[[[-17.4730717,14.721353],[-17.4729801,14.7213715],[-17.4729906,14.7214213],[-17.4730823,14.7214029],[-17.4730717,14.721353]]],"type":"Polygon"},"id":"7d39e37b-0dda-4c08-a79e-357552a9fc15","properties":{"building":true,"sourceLayer":"buildings","sources":["Google Open Buildings"]},"type":"Feature"},{"geometry":{"coordinates":[[[-17.4778521,14.7189834],[-17.4779006,14.718853],[-17.4778361,14.7188246],[-17.4777962,14.7189393],[-17.4778358,14.7189766],[-17.4778521,14.7189834]]],"type":"Polygon"},"id":"7d6dd0f9-c060-4a3c-91fd-e0494ab34c75","properties":{"building":true,"sourceLayer":"buildings","sources":["OpenStreetMap"]},"type":"Feature"},{"geometry":{"coordinates":[[[-17.4770283,14.7178884],[-17.4770591,14.717847],[-17.4770272,14.7178172],[-17.4770046,14.7178487],[-17.4769791,14.7178453],[-17.4768757,14.7179754],[-17.4768906,14.7179877],[-17.4768428,14.7180397],[-17.4768297,14.7180363],[-17.4767749,14.7181103],[-17.4768301,14.7181541],[-17.4768616,14.7181185],[-17.4768492,14.7181089],[-17.4768602,14.7180897],[-17.4768786,14.7181051],[-17.4769295,14.7180264],[-17.4769157,14.7180199],[-17.4769331,14.7179966],[-17.4769416,14.7180059],[-17.4769589,14.7179788],[-17.4769366,14.717959],[-17.4769992,14.7178744],[-17.4770283,14.7178884]]],"type":"Polygon"},"id":"7da956a8-3e3c-496f-b364-fce2065abb49","properties":{"building":true,"sourceLayer":"buildings","sources":["OpenStreetMap"]},"type":"Feature"},{"geometry":{"coordinates":[[[-17.472799,14.7214727],[-17.4727587,14.7214701],[-17.4727533,14.72155],[-17.4727936,14.7215526],[-17.472799,14.7214727]]],"type":"Polygon"},"id":"7dbaebc2-d4a7-414c-b4d8-26bbf04b5698","properties":{"building":true,"sourceLayer":"buildings","sources":["Google Open Buildings"]},"type":"Feature"},{"geometry":{"coordinates":[[[-17.4718439,14.7191817],[-17.4718364,14.7193022],[-17.4718131,14.7193008],[-17.4718108,14.7193386],[-17.4719203,14.719345],[-17.4719302,14.7191868],[-17.4718439,14.7191817]]],"type":"Polygon"},"id":"7dc4c7f6-4d5e-47bb-ae4c-e4676bea1d82","properties":{"building":true,"sourceLayer":"buildings","sources":["Google Open Buildings"]},"type":"Feature"},{"geometry":{"coordinates":[[[-17.4791694,14.7196905],[-17.4790591,14.7198402],[-17.479177,14.7199275],[-17.4792885,14.7197741],[-17.4791694,14.7196905]]],"type":"Polygon"},"id":"7dd55ed8-ee53-4a0d-b549-f49a485ac3ac","properties":{"building":true,"sourceLayer":"buildings","sources":["OpenStreetMap"]},"type":"Feature"},{"geometry":{"coordinates":[[[-17.4725436,14.7182523],[-17.4724906,14.7182044],[-17.4724324,14.7182647],[-17.4724853,14.7183125],[-17.4725436,14.7182523]]],"type":"Polygon"},"id":"7dd9f158-1acb-4e99-8fa5-bd204edb0bc0","properties":{"building":true,"sourceLayer":"buildings","sources":["Microsoft ML Buildings"]},"type":"Feature"},{"geometry":{"coordinates":[[[-17.4748723,14.7156271],[-17.4748644,14.7155917],[-17.4747487,14.7156159],[-17.4747565,14.7156514],[-17.4748723,14.7156271]]],"type":"Polygon"},"id":"7e1005bf-1f83-4a78-bb5c-6002c2ef7a0d","properties":{"building":true,"sourceLayer":"buildings","sources":["Google Open Buildings"]},"type":"Feature"},{"geometry":{"coordinates":[[[-17.4787702,14.7181574],[-17.4788137,14.718194],[-17.4788425,14.7181622],[-17.478799,14.7181255],[-17.4787702,14.7181574]]],"type":"Polygon"},"id":"7e2f1475-0f20-4f63-9eca-527cfea8878e","properties":{"building":true,"sourceLayer":"buildings","sources":["Microsoft ML Buildings"]},"type":"Feature"},{"geometry":{"coordinates":[[[-17.472863,14.7157032],[-17.4727115,14.7157063],[-17.4727123,14.7157438],[-17.4728638,14.7157407],[-17.472863,14.7157032]]],"type":"Polygon"},"id":"7e3e825d-4282-4725-8258-0d078590c54c","properties":{"building":true,"sourceLayer":"buildings","sources":["Microsoft ML Buildings"]},"type":"Feature"},{"geometry":{"coordinates":[[[-17.4774564,14.717936],[-17.4773911,14.7180212],[-17.4775507,14.7181255],[-17.4775791,14.7180433],[-17.4774564,14.717936]]],"type":"Polygon"},"id":"7e623b9d-12cf-412c-93cc-dd80fe63a3cb","properties":{"building":true,"sourceLayer":"buildings","sources":["OpenStreetMap"]},"type":"Feature"},{"geometry":{"coordinates":[[[-17.4722573,14.7156151],[-17.4722716,14.7156736],[-17.4722956,14.715668],[-17.4722813,14.7156095],[-17.4722573,14.7156151]]],"type":"Polygon"},"id":"7e6f5392-985e-4336-9b7b-e3132760263b","properties":{"building":true,"sourceLayer":"buildings","sources":["Google Open Buildings"]},"type":"Feature"},{"geometry":{"coordinates":[[[-17.479086,14.7215603],[-17.4791712,14.7215223],[-17.4791137,14.7214438],[-17.4790241,14.7214606],[-17.479047,14.7215068],[-17.4790695,14.7215018],[-17.4790781,14.7215141],[-17.4790627,14.7215221],[-17.479086,14.7215603]]],"type":"Polygon"},"id":"7eda2580-42bb-444e-b9ce-e78830192615","properties":{"building":true,"sourceLayer":"buildings","sources":["OpenStreetMap"]},"type":"Feature"},{"geometry":{"coordinates":[[[-17.4774318,14.7196366],[-17.4774782,14.7196315],[-17.4774552,14.7195733],[-17.4774821,14.7195579],[-17.477453,14.7195113],[-17.47731,14.7195538],[-17.4772991,14.7195644],[-17.4774226,14.7196825],[-17.4774375,14.7196732],[-17.4774318,14.7196366]]],"type":"Polygon"},"id":"7efb74dd-4c80-44fd-a545-18b785732b3c","properties":{"building":true,"sourceLayer":"buildings","sources":["OpenStreetMap"]},"type":"Feature"},{"geometry":{"coordinates":[[[-17.4731673,14.7182217],[-17.473257,14.7182981],[-17.4732796,14.718273],[-17.4731899,14.7181966],[-17.4731673,14.7182217]]],"type":"Polygon"},"id":"7f24a05d-4efc-4d73-b41d-77e2032ae027","properties":{"building":true,"sourceLayer":"buildings","sources":["Google Open Buildings"]},"type":"Feature"},{"geometry":{"coordinates":[[[-17.477159,14.7202499],[-17.4772365,14.7201686],[-17.477124,14.7200611],[-17.4770464,14.7201392],[-17.477159,14.7202499]]],"type":"Polygon"},"id":"7f365ef6-40c6-4a66-9df6-ba6dae4cab0c","properties":{"building":true,"sourceLayer":"buildings","sources":["OpenStreetMap"]},"type":"Feature"},{"geometry":{"coordinates":[[[-17.4735705,14.7176109],[-17.473541,14.7176154],[-17.4735489,14.7176646],[-17.4735783,14.7176601],[-17.4735705,14.7176109]]],"type":"Polygon"},"id":"7f7b997b-8e08-428f-9b86-192b513b4162","properties":{"building":true,"sourceLayer":"buildings","sources":["Google Open Buildings"]},"type":"Feature"},{"geometry":{"coordinates":[[[-17.4750386,14.7160296],[-17.4749633,14.716042],[-17.4749688,14.7160736],[-17.4750441,14.7160613],[-17.4750386,14.7160296]]],"type":"Polygon"},"id":"7f7c6367-4a2c-43be-9411-0e15a1a144d5","properties":{"building":true,"sourceLayer":"buildings","sources":["Google Open Buildings"]},"type":"Feature"},{"geometry":{"coordinates":[[[-17.473691,14.7172373],[-17.4736566,14.7172531],[-17.473672,14.7172841],[-17.4737061,14.7172685],[-17.473691,14.7172373]]],"type":"Polygon"},"id":"7f7fe5fc-fb4f-4503-9bd2-749d0bdd0492","properties":{"building":true,"sourceLayer":"buildings","sources":["Google Open Buildings"]},"type":"Feature"},{"geometry":{"coordinates":[[[-17.4741694,14.7162872],[-17.4741543,14.7163295],[-17.474203,14.7163459],[-17.474218,14.7163036],[-17.4741694,14.7162872]]],"type":"Polygon"},"id":"7f81fd9b-170f-437b-8e92-c8c844735ee2","properties":{"building":true,"sourceLayer":"buildings","sources":["Google Open Buildings"]},"type":"Feature"},{"geometry":{"coordinates":[[[-17.4738068,14.7217568],[-17.4737095,14.721783],[-17.4737369,14.7218796],[-17.4738342,14.7218533],[-17.4738068,14.7217568]]],"type":"Polygon"},"id":"7fdf0120-ccec-47bc-bd2e-0ee4b16b9eb4","properties":{"building":true,"sourceLayer":"buildings","sources":["Google Open Buildings"]},"type":"Feature"},{"geometry":{"coordinates":[[[-17.4734822,14.7149372],[-17.4734316,14.7149601],[-17.4734581,14.7150156],[-17.4735087,14.7149927],[-17.4734822,14.7149372]]],"type":"Polygon"},"id":"80013d03-283c-4c56-b2ad-e21f62fd2c7d","properties":{"building":true,"sourceLayer":"buildings","sources":["Google Open Buildings"]},"type":"Feature"},{"geometry":{"coordinates":[[[-17.4780789,14.7205858],[-17.4780664,14.7205751],[-17.4779913,14.7205167],[-17.4779464,14.7205747],[-17.4779595,14.7205896],[-17.4779349,14.7206194],[-17.477921,14.7206134],[-17.4779071,14.7206253],[-17.4779919,14.7206916],[-17.4780789,14.7205858]]],"type":"Polygon"},"id":"8009fdf9-70d4-47f6-b344-2453384a0933","properties":{"building":true,"sourceLayer":"buildings","sources":["OpenStreetMap"]},"type":"Feature"},{"geometry":{"coordinates":[[[-17.4768995,14.7157738],[-17.4767158,14.7157855],[-17.4767258,14.7159352],[-17.4769095,14.7159236],[-17.4768995,14.7157738]]],"type":"Polygon"},"id":"804b5eab-b4de-4f06-afca-461dc5f174fc","properties":{"building":true,"sourceLayer":"buildings","sources":["Google Open Buildings"]},"type":"Feature"},{"geometry":{"coordinates":[[[-17.4720698,14.7213954],[-17.4720653,14.7214654],[-17.4721357,14.7214697],[-17.4721402,14.7213997],[-17.4720698,14.7213954]]],"type":"Polygon"},"id":"8069457a-3d85-4231-9883-26b7dc9575f1","properties":{"building":true,"sourceLayer":"buildings","sources":["Google Open Buildings"]},"type":"Feature"},{"geometry":{"coordinates":[[[-17.4774271,14.718593],[-17.4775051,14.7186389],[-17.4775536,14.7185508],[-17.4775237,14.7185323],[-17.477563,14.7184853],[-17.4775585,14.7184609],[-17.4775382,14.7184483],[-17.4774271,14.718593]]],"type":"Polygon"},"id":"80779fb8-c8d2-4b02-ba24-3f8cc82911a6","properties":{"building":true,"sourceLayer":"buildings","sources":["OpenStreetMap"]},"type":"Feature"},{"geometry":{"coordinates":[[[-17.4770023,14.7164918],[-17.4769038,14.7164982],[-17.4769109,14.7166017],[-17.4770094,14.7165953],[-17.4770023,14.7164918]]],"type":"Polygon"},"id":"80791bff-f70a-46d9-9b0d-ba51cc24a759","properties":{"building":true,"sourceLayer":"buildings","sources":["Google Open Buildings"]},"type":"Feature"},{"geometry":{"coordinates":[[[-17.4783229,14.7214364],[-17.4784303,14.7214524],[-17.4784507,14.721353],[-17.4783345,14.7213304],[-17.478328,14.7213608],[-17.478385,14.7213725],[-17.4783813,14.7213932],[-17.4783307,14.721389],[-17.4783229,14.7214364]]],"type":"Polygon"},"id":"80a5ffc0-ef7e-4ec2-9b50-02973ea27de0","properties":{"building":true,"sourceLayer":"buildings","sources":["OpenStreetMap"]},"type":"Feature"},{"geometry":{"coordinates":[[[-17.4743055,14.716221],[-17.4742644,14.7162116],[-17.4742546,14.7162525],[-17.4742957,14.7162619],[-17.4743055,14.716221]]],"type":"Polygon"},"id":"80a87a57-f8d7-4a21-8da1-ad07306e2a71","properties":{"building":true,"sourceLayer":"buildings","sources":["Google Open Buildings"]},"type":"Feature"},{"geometry":{"coordinates":[[[-17.4730504,14.7188117],[-17.47306,14.7188451],[-17.4731376,14.7188239],[-17.4731491,14.7188639],[-17.4731614,14.7188605],[-17.47318,14.7189251],[-17.4732949,14.7188938],[-17.4732764,14.7188292],[-17.4732604,14.7188336],[-17.4732489,14.7187936],[-17.4731708,14.7188149],[-17.4731612,14.7187816],[-17.4730504,14.7188117]]],"type":"Polygon"},"id":"80dc72dd-ee08-4ae8-8d9e-de0f0a34b7d9","properties":{"building":true,"sourceLayer":"buildings","sources":["Google Open Buildings"]},"type":"Feature"},{"geometry":{"coordinates":[[[-17.4728095,14.7159836],[-17.4726496,14.7159977],[-17.4726693,14.7162093],[-17.4728292,14.7161953],[-17.4728208,14.7161046],[-17.4727535,14.7161105],[-17.4727513,14.7160874],[-17.4728186,14.7160815],[-17.4728095,14.7159836]]],"type":"Polygon"},"id":"80f5c264-5fe6-41fe-911a-5b364a689e09","properties":{"building":true,"sourceLayer":"buildings","sources":["Google Open Buildings"]},"type":"Feature"},{"geometry":{"coordinates":[[[-17.4751395,14.7148661],[-17.4751071,14.7148777],[-17.4751191,14.7149098],[-17.4751516,14.7148982],[-17.4751395,14.7148661]]],"type":"Polygon"},"id":"81166de9-de77-4f46-9853-a662533d3a8d","properties":{"building":true,"sourceLayer":"buildings","sources":["Google Open Buildings"]},"type":"Feature"},{"geometry":{"coordinates":[[[-17.4721239,14.7159399],[-17.4720874,14.7159421],[-17.4720904,14.7159901],[-17.4721269,14.7159879],[-17.4721239,14.7159399]]],"type":"Polygon"},"id":"8116e3af-b5f9-4652-9e13-9fd371d5ecb8","properties":{"building":true,"sourceLayer":"buildings","sources":["Google Open Buildings"]},"type":"Feature"},{"geometry":{"coordinates":[[[-17.4761239,14.7160418],[-17.4760314,14.7160497],[-17.4760451,14.7162022],[-17.4761377,14.7161943],[-17.4761239,14.7160418]]],"type":"Polygon"},"id":"815311c0-a738-4f0b-bdfb-2bc70934b9bf","properties":{"building":true,"sourceLayer":"buildings","sources":["Google Open Buildings"]},"type":"Feature"},{"geometry":{"coordinates":[[[-17.4750069,14.7161376],[-17.4749679,14.7161392],[-17.4749705,14.7161989],[-17.4750095,14.7161972],[-17.4750069,14.7161376]]],"type":"Polygon"},"id":"8159c0e0-0254-4505-9aec-13db7f445830","properties":{"building":true,"sourceLayer":"buildings","sources":["Google Open Buildings"]},"type":"Feature"},{"geometry":{"coordinates":[[[-17.4747266,14.7165424],[-17.4746211,14.7165706],[-17.4746425,14.7166472],[-17.4746852,14.7166359],[-17.4746731,14.7165925],[-17.4747359,14.7165758],[-17.4747266,14.7165424]]],"type":"Polygon"},"id":"8176add8-eb1b-4c06-b124-946f80cebee6","properties":{"building":true,"sourceLayer":"buildings","sources":["Google Open Buildings"]},"type":"Feature"},{"geometry":{"coordinates":[[[-17.4741188,14.7167272],[-17.4740651,14.7167439],[-17.4740869,14.7168101],[-17.4741406,14.7167933],[-17.4741188,14.7167272]]],"type":"Polygon"},"id":"81dbd0aa-e689-4c2b-8817-179f56c31ec8","properties":{"building":true,"sourceLayer":"buildings","sources":["Google Open Buildings"]},"type":"Feature"},{"geometry":{"coordinates":[[[-17.4776345,14.7217068],[-17.4777138,14.7216664],[-17.4776805,14.7216055],[-17.477604,14.7216359],[-17.4776345,14.7217068]]],"type":"Polygon"},"id":"8221220f-e370-4748-a4d4-5561d23ba5dc","properties":{"building":true,"sourceLayer":"buildings","sources":["OpenStreetMap"]},"type":"Feature"},{"geometry":{"coordinates":[[[-17.473679,14.7168623],[-17.473807,14.7170243],[-17.4738568,14.716987],[-17.4737288,14.716825],[-17.473679,14.7168623]]],"type":"Polygon"},"id":"82986daa-1b85-49b1-a2a3-4421a072955e","properties":{"building":true,"sourceLayer":"buildings","sources":["Google Open Buildings"]},"type":"Feature"},{"geometry":{"coordinates":[[[-17.4744584,14.7170417],[-17.474413,14.7170452],[-17.4744196,14.7171254],[-17.4744887,14.71712],[-17.4744848,14.7170714],[-17.474461,14.7170732],[-17.4744584,14.7170417]]],"type":"Polygon"},"id":"82a8de0e-ffe9-42df-bd65-48f0ffc64acc","properties":{"building":true,"sourceLayer":"buildings","sources":["Google Open Buildings"]},"type":"Feature"},{"geometry":{"coordinates":[[[-17.4724975,14.7187628],[-17.4724316,14.7187923],[-17.4724403,14.7188106],[-17.4723674,14.7188434],[-17.4723938,14.7188994],[-17.4725327,14.718837],[-17.4724975,14.7187628]]],"type":"Polygon"},"id":"82aca5b6-70fa-4f04-9221-c6e0a9d72b9d","properties":{"building":true,"sourceLayer":"buildings","sources":["Google Open Buildings"]},"type":"Feature"},{"geometry":{"coordinates":[[[-17.472148,14.7158075],[-17.4721157,14.7158106],[-17.4721238,14.7158913],[-17.4721562,14.7158882],[-17.472148,14.7158075]]],"type":"Polygon"},"id":"836d18e9-5ec8-408e-b26c-eef3a202960f","properties":{"building":true,"sourceLayer":"buildings","sources":["Google Open Buildings"]},"type":"Feature"},{"geometry":{"coordinates":[[[-17.4732561,14.7160003],[-17.4731596,14.7159974],[-17.473158,14.7160453],[-17.4732545,14.7160483],[-17.4732561,14.7160003]]],"type":"Polygon"},"id":"8377f520-663e-46d2-bfff-80ee86cc4b08","properties":{"building":true,"sourceLayer":"buildings","sources":["Microsoft ML Buildings"]},"type":"Feature"},{"geometry":{"coordinates":[[[-17.4724734,14.7164534],[-17.472337,14.7164669],[-17.4723457,14.7165499],[-17.472482,14.7165364],[-17.4724734,14.7164534]]],"type":"Polygon"},"id":"837e963d-72da-42f7-b9ba-bbc31fab08d3","properties":{"building":true,"sourceLayer":"buildings","sources":["Google Open Buildings"]},"type":"Feature"},{"geometry":{"coordinates":[[[-17.4738258,14.7135643],[-17.4737091,14.7136203],[-17.4738163,14.7138318],[-17.473933,14.7137758],[-17.4738258,14.7135643]]],"type":"Polygon"},"id":"8387852a-2dc4-41f3-99f3-53765d00dfec","properties":{"building":true,"sourceLayer":"buildings","sources":["Google Open Buildings"]},"type":"Feature"},{"geometry":{"coordinates":[[[-17.4783916,14.7166061],[-17.4785762,14.7165529],[-17.4785265,14.716392],[-17.478342,14.7164453],[-17.4783916,14.7166061]]],"type":"Polygon"},"id":"839167cb-d1da-40c7-aa7c-d321781032a2","properties":{"building":true,"sourceLayer":"buildings","sources":["OpenStreetMap"]},"type":"Feature"},{"geometry":{"coordinates":[[[-17.4724103,14.7139185],[-17.4724569,14.7139229],[-17.4724533,14.7139588],[-17.4725649,14.7139694],[-17.4725706,14.7139129],[-17.4725281,14.7139088],[-17.4725323,14.7138677],[-17.4723782,14.7138532],[-17.4723686,14.7139482],[-17.4724069,14.7139519],[-17.4724103,14.7139185]]],"type":"Polygon"},"id":"83e8252d-d41a-40d9-9ecc-15f0e402a6e7","properties":{"building":true,"sourceLayer":"buildings","sources":["Microsoft ML Buildings"]},"type":"Feature"},{"geometry":{"coordinates":[[[-17.4737206,14.7164184],[-17.4736891,14.7164326],[-17.4737026,14.716461],[-17.4737341,14.7164468],[-17.4737206,14.7164184]]],"type":"Polygon"},"id":"83f363d8-bee7-4d10-a62b-52193414fc39","properties":{"building":true,"sourceLayer":"buildings","sources":["Google Open Buildings"]},"type":"Feature"},{"geometry":{"coordinates":[[[-17.4786483,14.7210925],[-17.4787683,14.7210218],[-17.4787373,14.7209817],[-17.4786206,14.7210517],[-17.4786483,14.7210925]]],"type":"Polygon"},"id":"840eda7e-e1e3-4587-9fa3-3f60b0830afd","properties":{"building":true,"sourceLayer":"buildings","sources":["OpenStreetMap"]},"type":"Feature"},{"geometry":{"coordinates":[[[-17.4752377,14.7140376],[-17.4751982,14.7140264],[-17.4751868,14.7140644],[-17.4752264,14.7140756],[-17.4752377,14.7140376]]],"type":"Polygon"},"id":"843386cb-ab73-45f2-929b-b93ea26aa0d4","properties":{"building":true,"sourceLayer":"buildings","sources":["Google Open Buildings"]},"type":"Feature"},{"geometry":{"coordinates":[[[-17.4782083,14.7194843],[-17.4782744,14.7194498],[-17.4782298,14.7193683],[-17.4781486,14.719413],[-17.4782009,14.7195336],[-17.4782291,14.7195148],[-17.4782083,14.7194843]]],"type":"Polygon"},"id":"8440625c-7817-488c-b826-5bfbeb8b9595","properties":{"building":true,"sourceLayer":"buildings","sources":["OpenStreetMap"]},"type":"Feature"},{"geometry":{"coordinates":[[[-17.4735958,14.7153023],[-17.4735575,14.715321],[-17.473571,14.7153474],[-17.4736094,14.7153287],[-17.4735958,14.7153023]]],"type":"Polygon"},"id":"84496f29-925a-4398-89ca-20495f071bd6","properties":{"building":true,"sourceLayer":"buildings","sources":["Google Open Buildings"]},"type":"Feature"},{"geometry":{"coordinates":[[[-17.4749311,14.7141516],[-17.4748574,14.7141809],[-17.4748818,14.7142392],[-17.4749555,14.7142099],[-17.4749311,14.7141516]]],"type":"Polygon"},"id":"8481c8b5-8b20-49df-bf21-162dc72f23b8","properties":{"building":true,"sourceLayer":"buildings","sources":["Google Open Buildings"]},"type":"Feature"},{"geometry":{"coordinates":[[[-17.4771637,14.7188756],[-17.4772986,14.7189409],[-17.477315,14.7188843],[-17.4771936,14.7188276],[-17.4771637,14.7188756]]],"type":"Polygon"},"id":"849063a7-2926-4029-a028-18e26325fb60","properties":{"building":true,"sourceLayer":"buildings","sources":["OpenStreetMap"]},"type":"Feature"},{"geometry":{"coordinates":[[[-17.4778557,14.7212022],[-17.4777982,14.7211166],[-17.4776696,14.7211912],[-17.4777133,14.7212698],[-17.4778557,14.7212022]]],"type":"Polygon"},"id":"8495e744-cdff-428c-913c-1cb00629325e","properties":{"building":true,"sourceLayer":"buildings","sources":["OpenStreetMap"]},"type":"Feature"},{"geometry":{"coordinates":[[[-17.4733692,14.7183458],[-17.4733494,14.7183296],[-17.473286,14.7184027],[-17.4733058,14.7184189],[-17.4733692,14.7183458]]],"type":"Polygon"},"id":"850c34cd-3ef2-46cc-999c-44fa1d97ad1b","properties":{"building":true,"sourceLayer":"buildings","sources":["Google Open Buildings"]},"type":"Feature"},{"geometry":{"coordinates":[[[-17.4735415,14.7168263],[-17.4735835,14.7168764],[-17.4736096,14.7168557],[-17.4735677,14.7168056],[-17.4735415,14.7168263]]],"type":"Polygon"},"id":"8514fee1-2903-42cf-a10b-796f68dfa610","properties":{"building":true,"sourceLayer":"buildings","sources":["Google Open Buildings"]},"type":"Feature"},{"geometry":{"coordinates":[[[-17.4738947,14.7209141],[-17.4739075,14.7209114],[-17.4738813,14.720795],[-17.473784,14.7208155],[-17.4738071,14.7209183],[-17.4738132,14.720917],[-17.4738196,14.7209455],[-17.4737085,14.7209688],[-17.4737255,14.7210444],[-17.4737511,14.721039],[-17.47376,14.7210786],[-17.4738241,14.7210652],[-17.473823,14.7210602],[-17.4739177,14.7210403],[-17.4739088,14.7210006],[-17.4739139,14.7209995],[-17.4738947,14.7209141]]],"type":"Polygon"},"id":"85183a8d-0d59-4f0a-a873-cb66af5f6173","properties":{"building":true,"sourceLayer":"buildings","sources":["Microsoft ML Buildings"]},"type":"Feature"},{"geometry":{"coordinates":[[[-17.4719586,14.7215581],[-17.471961,14.7214881],[-17.4718635,14.721485],[-17.4718612,14.721555],[-17.4719586,14.7215581]]],"type":"Polygon"},"id":"852236ac-5a2d-4f90-97c2-b74c86032e52","properties":{"building":true,"sourceLayer":"buildings","sources":["Microsoft ML Buildings"]},"type":"Feature"},{"geometry":{"coordinates":[[[-17.4788911,14.7166758],[-17.4788033,14.7167206],[-17.4788484,14.7168044],[-17.4789363,14.7167596],[-17.4788911,14.7166758]]],"type":"Polygon"},"id":"8540cf66-b340-4e5e-a433-9fac5a0a00f1","properties":{"building":true,"sourceLayer":"buildings","sources":["Google Open Buildings"]},"type":"Feature"},{"geometry":{"coordinates":[[[-17.4749682,14.7139071],[-17.4750006,14.7138932],[-17.4749733,14.7138336],[-17.4749409,14.7138475],[-17.4749682,14.7139071]]],"type":"Polygon"},"id":"854fb06b-9110-4137-872e-a57926d38526","properties":{"building":true,"sourceLayer":"buildings","sources":["Microsoft ML Buildings"]},"type":"Feature"},{"geometry":{"coordinates":[[[-17.4744033,14.7171621],[-17.4743758,14.7171637],[-17.4743781,14.7171993],[-17.4744055,14.7171976],[-17.4744033,14.7171621]]],"type":"Polygon"},"id":"8550eedc-acee-46f4-85d3-d0dd1f1336fa","properties":{"building":true,"sourceLayer":"buildings","sources":["Google Open Buildings"]},"type":"Feature"},{"geometry":{"coordinates":[[[-17.4775721,14.7215016],[-17.4776174,14.7214762],[-17.477589,14.7214277],[-17.4775037,14.7214762],[-17.4775292,14.721523],[-17.4775486,14.721515],[-17.47754,14.7214944],[-17.4775622,14.7214852],[-17.4775721,14.7215016]]],"type":"Polygon"},"id":"85b432bc-c94d-4d24-a199-c3b8c604567b","properties":{"building":true,"sourceLayer":"buildings","sources":["OpenStreetMap"]},"type":"Feature"},{"geometry":{"coordinates":[[[-17.4750827,14.7151987],[-17.4750433,14.7151996],[-17.4750438,14.7152222],[-17.4750833,14.7152213],[-17.4750827,14.7151987]]],"type":"Polygon"},"id":"85c29372-17c5-43be-9d2c-a0c621bb6362","properties":{"building":true,"sourceLayer":"buildings","sources":["Google Open Buildings"]},"type":"Feature"},{"geometry":{"coordinates":[[[-17.4712272,14.7137766],[-17.4711963,14.7137769],[-17.4711969,14.7138266],[-17.4712278,14.7138262],[-17.4712272,14.7137766]]],"type":"Polygon"},"id":"85fcd187-b9c3-4cf8-bf20-3faed2e9a9ac","properties":{"building":true,"sourceLayer":"buildings","sources":["Google Open Buildings"]},"type":"Feature"},{"geometry":{"coordinates":[[[-17.4785888,14.7202823],[-17.4784756,14.720195],[-17.4783809,14.7203097],[-17.4784349,14.7203524],[-17.4784809,14.7202951],[-17.4785021,14.7203122],[-17.4784579,14.720367],[-17.4784931,14.7203929],[-17.4784986,14.7203969],[-17.4785888,14.7202823]]],"type":"Polygon"},"id":"860206b2-08ee-4615-9efb-fdbc90a15eed","properties":{"building":true,"sourceLayer":"buildings","sources":["OpenStreetMap"]},"type":"Feature"},{"geometry":{"coordinates":[[[-17.4765917,14.7194408],[-17.4767534,14.7194391],[-17.4767566,14.7192697],[-17.476557,14.7192772],[-17.4765917,14.7194408]]],"type":"Polygon"},"id":"861cccfd-eda6-4a2d-b2d2-2d7a95360676","properties":{"building":true,"sourceLayer":"buildings","sources":["OpenStreetMap"]},"type":"Feature"},{"geometry":{"coordinates":[[[-17.4767998,14.7186923],[-17.4768443,14.7186295],[-17.4767075,14.7185206],[-17.4766595,14.7185886],[-17.4767998,14.7186923]]],"type":"Polygon"},"id":"86341141-d0ce-4ed7-a776-9c1ba921651e","properties":{"building":true,"sourceLayer":"buildings","sources":["OpenStreetMap"]},"type":"Feature"},{"geometry":{"coordinates":[[[-17.4733953,14.7178153],[-17.4733566,14.7178226],[-17.4733626,14.7178531],[-17.4734014,14.7178458],[-17.4733953,14.7178153]]],"type":"Polygon"},"id":"864460c6-d380-4e74-ab87-e6ba8c28ba61","properties":{"building":true,"sourceLayer":"buildings","sources":["Google Open Buildings"]},"type":"Feature"},{"geometry":{"coordinates":[[[-17.4748824,14.7165513],[-17.4748433,14.7165524],[-17.4748441,14.7165795],[-17.4748832,14.7165784],[-17.4748824,14.7165513]]],"type":"Polygon"},"id":"866e26e3-8ac4-4440-a8d6-2ea43c901512","properties":{"building":true,"sourceLayer":"buildings","sources":["Google Open Buildings"]},"type":"Feature"},{"geometry":{"coordinates":[[[-17.4768,14.7164728],[-17.476713,14.7164785],[-17.4767224,14.7166141],[-17.4768094,14.7166084],[-17.4768,14.7164728]]],"type":"Polygon"},"id":"868a6db0-9b5e-4a77-a652-145c8a093716","properties":{"building":true,"sourceLayer":"buildings","sources":["Google Open Buildings"]},"type":"Feature"},{"geometry":{"coordinates":[[[-17.4747143,14.7139375],[-17.4746735,14.7139584],[-17.4746877,14.7139847],[-17.4747285,14.7139637],[-17.4747143,14.7139375]]],"type":"Polygon"},"id":"86cf5597-da22-4a17-969a-3b6889bfc000","properties":{"building":true,"sourceLayer":"buildings","sources":["Google Open Buildings"]},"type":"Feature"},{"geometry":{"coordinates":[[[-17.4765085,14.7187201],[-17.4764267,14.7187058],[-17.4764806,14.7189445],[-17.4765168,14.7189305],[-17.4765085,14.7187201]]],"type":"Polygon"},"id":"872c4dc4-c8de-475b-b808-c203e5457a3b","properties":{"building":true,"sourceLayer":"buildings","sources":["OpenStreetMap"]},"type":"Feature"},{"geometry":{"coordinates":[[[-17.4784746,14.7207919],[-17.478529,14.7208302],[-17.4785536,14.7207971],[-17.4784992,14.7207588],[-17.4784746,14.7207919]]],"type":"Polygon"},"id":"873d72da-1c76-40f5-9713-dc0e74694003","properties":{"building":true,"sourceLayer":"buildings","sources":["Google Open Buildings"]},"type":"Feature"},{"geometry":{"coordinates":[[[-17.4780187,14.7186902],[-17.4780361,14.7187057],[-17.478123,14.7187352],[-17.478134,14.7186999],[-17.4781177,14.7186945],[-17.4781279,14.7186699],[-17.478152,14.7186719],[-17.4781469,14.7186027],[-17.4781246,14.7185993],[-17.4780914,14.718687],[-17.4780809,14.718682],[-17.4781142,14.718591],[-17.4780833,14.7185796],[-17.4780887,14.7185619],[-17.4780506,14.7185464],[-17.4780159,14.7186423],[-17.4780328,14.7186622],[-17.4780187,14.7186902]]],"type":"Polygon"},"id":"875657fd-351b-42c3-ac5e-def0b5e347ae","properties":{"building":true,"sourceLayer":"buildings","sources":["OpenStreetMap"]},"type":"Feature"},{"geometry":{"coordinates":[[[-17.4741647,14.7180076],[-17.4741242,14.7180268],[-17.474144,14.7180663],[-17.4741844,14.7180472],[-17.4741647,14.7180076]]],"type":"Polygon"},"id":"87583bfc-4556-4740-89ca-79bb598a07cb","properties":{"building":true,"sourceLayer":"buildings","sources":["Google Open Buildings"]},"type":"Feature"},{"geometry":{"coordinates":[[[-17.4778755,14.7159015],[-17.4779711,14.7159009],[-17.4779701,14.7157525],[-17.4778745,14.7157531],[-17.477875,14.7158273],[-17.4778755,14.7159015]]],"type":"Polygon"},"id":"87935787-a690-495c-a940-7fbda7c91cf1","properties":{"building":true,"sourceLayer":"buildings","sources":["OpenStreetMap"]},"type":"Feature"},{"geometry":{"coordinates":[[[-17.4763477,14.7163697],[-17.4762605,14.7163764],[-17.4762724,14.7165231],[-17.4763596,14.7165164],[-17.4763477,14.7163697]]],"type":"Polygon"},"id":"87d44688-4b55-4810-a66c-7a31eb2a9372","properties":{"building":true,"sourceLayer":"buildings","sources":["Google Open Buildings"]},"type":"Feature"},{"geometry":{"coordinates":[[[-17.4728951,14.7168606],[-17.4728596,14.7168633],[-17.4728617,14.7168889],[-17.4728971,14.7168862],[-17.4728951,14.7168606]]],"type":"Polygon"},"id":"884bd44b-8c52-44e8-af0d-1e6114426a1a","properties":{"building":true,"sourceLayer":"buildings","sources":["Google Open Buildings"]},"type":"Feature"},{"geometry":{"coordinates":[[[-17.4716052,14.7198047],[-17.4716503,14.7198091],[-17.4716559,14.7197551],[-17.4716108,14.7197508],[-17.4716052,14.7198047]]],"type":"Polygon"},"id":"887f2424-d799-40de-9592-8529aa804feb","properties":{"building":true,"sourceLayer":"buildings","sources":["Microsoft ML Buildings"]},"type":"Feature"},{"geometry":{"coordinates":[[[-17.4762526,14.7176134],[-17.4763233,14.7176043],[-17.4763019,14.7174714],[-17.4761349,14.7174944],[-17.4761662,14.7176215],[-17.4761914,14.7176218],[-17.4761916,14.717596],[-17.4762478,14.7175905],[-17.4762526,14.7176134]]],"type":"Polygon"},"id":"890cb3a4-3bd5-4363-9187-f4ff3770eb0d","properties":{"building":true,"sourceLayer":"buildings","sources":["OpenStreetMap"]},"type":"Feature"},{"geometry":{"coordinates":[[[-17.4734345,14.7181597],[-17.4733993,14.7182027],[-17.4734534,14.7182446],[-17.4734886,14.7182016],[-17.4734345,14.7181597]]],"type":"Polygon"},"id":"89420cf0-1d1a-4c24-bdf6-5d5cc4c84f13","properties":{"building":true,"sourceLayer":"buildings","sources":["Google Open Buildings"]},"type":"Feature"},{"geometry":{"coordinates":[[[-17.4765047,14.7179417],[-17.476539,14.7179407],[-17.4765443,14.717889],[-17.4764583,14.7178845],[-17.476458,14.717913],[-17.4764165,14.7179136],[-17.4764282,14.7179414],[-17.4764877,14.717941],[-17.476488,14.7179287],[-17.4765054,14.7179287],[-17.4765047,14.7179417]]],"type":"Polygon"},"id":"895e8186-dbc8-4069-8d56-0c58df056661","properties":{"building":true,"sourceLayer":"buildings","sources":["OpenStreetMap"]},"type":"Feature"},{"geometry":{"coordinates":[[[-17.4726773,14.7162807],[-17.4726496,14.7162831],[-17.4726537,14.7163275],[-17.4726813,14.7163251],[-17.4726773,14.7162807]]],"type":"Polygon"},"id":"8977f064-39ea-423d-8358-5b6c982ac756","properties":{"building":true,"sourceLayer":"buildings","sources":["Google Open Buildings"]},"type":"Feature"},{"geometry":{"coordinates":[[[-17.4784943,14.7196589],[-17.4786324,14.7194933],[-17.4785297,14.719405],[-17.4784147,14.719583],[-17.4784943,14.7196589]]],"type":"Polygon"},"id":"89835219-c747-47d5-a935-3b0bb8a58138","properties":{"building":true,"sourceLayer":"buildings","sources":["OpenStreetMap"]},"type":"Feature"},{"geometry":{"coordinates":[[[-17.4759316,14.714887],[-17.4758784,14.714905],[-17.4758937,14.7149478],[-17.4758725,14.714955],[-17.4758997,14.7150313],[-17.4759741,14.7150062],[-17.4759316,14.714887]]],"type":"Polygon"},"id":"898be28a-09bb-42a0-9197-58bddc4b61ee","properties":{"building":true,"sourceLayer":"buildings","sources":["Google Open Buildings"]},"type":"Feature"},{"geometry":{"coordinates":[[[-17.4788706,14.7196711],[-17.4788926,14.719687],[-17.4789983,14.7195438],[-17.4788953,14.719467],[-17.4788304,14.7195523],[-17.4787737,14.7196194],[-17.4788144,14.7196525],[-17.4788244,14.719642],[-17.4788398,14.7196554],[-17.4788284,14.7196659],[-17.4788568,14.719686],[-17.4788706,14.7196711]]],"type":"Polygon"},"id":"89d9a24a-05a5-48c0-9481-6ee83847a4bb","properties":{"building":true,"sourceLayer":"buildings","sources":["OpenStreetMap"]},"type":"Feature"},{"geometry":{"coordinates":[[[-17.476351,14.7184443],[-17.4765023,14.7184163],[-17.4764283,14.7183333],[-17.4763282,14.7183592],[-17.476351,14.7184443]]],"type":"Polygon"},"id":"89e07711-9d43-43c5-893a-f26bb07eaddc","properties":{"building":true,"sourceLayer":"buildings","sources":["OpenStreetMap"]},"type":"Feature"},{"geometry":{"coordinates":[[[-17.4769505,14.7192867],[-17.477017,14.7193142],[-17.4772573,14.7191974],[-17.4771106,14.719172],[-17.4770205,14.7191307],[-17.4769006,14.7192981],[-17.4769186,14.7193188],[-17.4769505,14.7192867]]],"type":"Polygon"},"id":"8a012d8d-b4bf-48ae-ab78-d7a89dca6bcd","properties":{"building":true,"sourceLayer":"buildings","sources":["OpenStreetMap"]},"type":"Feature"},{"geometry":{"coordinates":[[[-17.4742426,14.7153607],[-17.4742381,14.715306],[-17.474188,14.7153099],[-17.4741925,14.7153646],[-17.4742426,14.7153607]]],"type":"Polygon"},"id":"8a07644a-165a-449c-98f6-a1f3f38d25bd","properties":{"building":true,"sourceLayer":"buildings","sources":["Google Open Buildings"]},"type":"Feature"},{"geometry":{"coordinates":[[[-17.4786524,14.716384],[-17.4785862,14.716391],[-17.4785912,14.7164358],[-17.4786574,14.7164287],[-17.4786524,14.716384]]],"type":"Polygon"},"id":"8a358465-698b-47d2-a803-0d2e98ff96e3","properties":{"building":true,"sourceLayer":"buildings","sources":["Google Open Buildings"]},"type":"Feature"},{"geometry":{"coordinates":[[[-17.478308,14.7190431],[-17.4784091,14.7189234],[-17.4783029,14.7188375],[-17.4782391,14.7189165],[-17.478308,14.7190431]]],"type":"Polygon"},"id":"8ae437e0-8e8a-4001-b18e-667539743693","properties":{"building":true,"sourceLayer":"buildings","sources":["OpenStreetMap"]},"type":"Feature"},{"geometry":{"coordinates":[[[-17.4772903,14.7159258],[-17.4773949,14.7159245],[-17.4773935,14.7157735],[-17.477293,14.7157751],[-17.4772903,14.7159258]]],"type":"Polygon"},"id":"8b7f0ddd-4d58-454a-aceb-a637fa278be0","properties":{"building":true,"sourceLayer":"buildings","sources":["OpenStreetMap"]},"type":"Feature"},{"geometry":{"coordinates":[[[-17.4721746,14.7162275],[-17.471926,14.7162561],[-17.4719422,14.7163899],[-17.4721908,14.7163613],[-17.4721746,14.7162275]]],"type":"Polygon"},"id":"8b820294-e6c2-4db8-8185-87031bd9909b","properties":{"building":true,"sourceLayer":"buildings","sources":["Google Open Buildings"]},"type":"Feature"},{"geometry":{"coordinates":[[[-17.4772582,14.7161984],[-17.4772565,14.7161518],[-17.4772096,14.7161534],[-17.4772113,14.7162],[-17.4772582,14.7161984]]],"type":"Polygon"},"id":"8bdd3565-a451-4109-921b-6aa4dcca1764","properties":{"building":true,"sourceLayer":"buildings","sources":["Microsoft ML Buildings"]},"type":"Feature"},{"geometry":{"coordinates":[[[-17.4770692,14.7194397],[-17.4771161,14.7194216],[-17.4771163,14.7194094],[-17.4770767,14.7192947],[-17.4769994,14.7193211],[-17.4769733,14.7193431],[-17.4769572,14.7194839],[-17.4770162,14.7194586],[-17.4770122,14.7194378],[-17.4770618,14.7194183],[-17.4770692,14.7194397]]],"type":"Polygon"},"id":"8bdef385-dc79-44fd-8c11-09511df63f53","properties":{"building":true,"sourceLayer":"buildings","sources":["OpenStreetMap"]},"type":"Feature"},{"geometry":{"coordinates":[[[-17.4749015,14.7140918],[-17.474865,14.7141072],[-17.4748835,14.7141489],[-17.47492,14.7141335],[-17.4749015,14.7140918]]],"type":"Polygon"},"id":"8c0662d9-39a9-4ff0-8d81-81133b375986","properties":{"building":true,"sourceLayer":"buildings","sources":["Google Open Buildings"]},"type":"Feature"},{"geometry":{"coordinates":[[[-17.4765089,14.7165446],[-17.4763628,14.7165559],[-17.4763707,14.7166532],[-17.4765168,14.716642],[-17.4765089,14.7165446]]],"type":"Polygon"},"id":"8c127678-2c95-4d60-80ee-5c7ba6344528","properties":{"building":true,"sourceLayer":"buildings","sources":["Google Open Buildings"]},"type":"Feature"},{"geometry":{"coordinates":[[[-17.4779275,14.7209018],[-17.4780941,14.7208919],[-17.478115,14.7208678],[-17.4780931,14.7208511],[-17.4781018,14.7208388],[-17.4781278,14.7208587],[-17.4781554,14.720824],[-17.4780332,14.7207312],[-17.4779168,14.7208801],[-17.4779275,14.7209018]]],"type":"Polygon"},"id":"8c4c0223-f065-481e-8be8-52fc0b1be8bd","properties":{"building":true,"sourceLayer":"buildings","sources":["OpenStreetMap"]},"type":"Feature"},{"geometry":{"coordinates":[[[-17.4728098,14.7174666],[-17.4728286,14.7175291],[-17.4728471,14.7175238],[-17.4728282,14.7174613],[-17.4728098,14.7174666]]],"type":"Polygon"},"id":"8c60e1e7-1ac4-46c1-b198-3ec739056c65","properties":{"building":true,"sourceLayer":"buildings","sources":["Google Open Buildings"]},"type":"Feature"},{"geometry":{"coordinates":[[[-17.4732756,14.7159029],[-17.4732482,14.7158947],[-17.4732149,14.7159127],[-17.4732101,14.715928],[-17.4732627,14.7159438],[-17.4732756,14.7159029]]],"type":"Polygon"},"id":"8ce63270-23c5-4b8c-b7f3-d188586bd74a","properties":{"building":true,"sourceLayer":"buildings","sources":["Google Open Buildings"]},"type":"Feature"},{"geometry":{"coordinates":[[[-17.4770574,14.7175015],[-17.4771802,14.7176011],[-17.4771969,14.7175925],[-17.4772202,14.7176038],[-17.4772454,14.7175682],[-17.4770854,14.7174648],[-17.4770574,14.7175015]]],"type":"Polygon"},"id":"8d092aa3-8499-442b-8155-67b2157374d5","properties":{"building":true,"sourceLayer":"buildings","sources":["OpenStreetMap"]},"type":"Feature"},{"geometry":{"coordinates":[[[-17.477598,14.7210928],[-17.4775518,14.7210183],[-17.4774439,14.7210787],[-17.4774748,14.7211517],[-17.477598,14.7210928]]],"type":"Polygon"},"id":"8d6f0823-6cdc-4ca5-a2fa-44e028c89c30","properties":{"building":true,"sourceLayer":"buildings","sources":["OpenStreetMap"]},"type":"Feature"},{"geometry":{"coordinates":[[[-17.477672,14.7157664],[-17.4777748,14.715758],[-17.4777666,14.715621],[-17.4776657,14.7156179],[-17.477672,14.7157664]]],"type":"Polygon"},"id":"8d9ca28c-5659-4bad-bab7-40d143e46e9b","properties":{"building":true,"sourceLayer":"buildings","sources":["OpenStreetMap"]},"type":"Feature"},{"geometry":{"coordinates":[[[-17.4766958,14.7195595],[-17.4767731,14.719562],[-17.4767735,14.7194804],[-17.4766797,14.7195008],[-17.4766958,14.7195595]]],"type":"Polygon"},"id":"8de7310f-83fd-4724-af6d-b167746d90af","properties":{"building":true,"sourceLayer":"buildings","sources":["OpenStreetMap"]},"type":"Feature"},{"geometry":{"coordinates":[[[-17.4764268,14.7180764],[-17.476552,14.7180678],[-17.4765422,14.7179522],[-17.476411,14.7179513],[-17.4764268,14.7180764]]],"type":"Polygon"},"id":"8e05a070-9225-4dc1-9f6d-2eeebcc2285f","properties":{"building":true,"sourceLayer":"buildings","sources":["OpenStreetMap"]},"type":"Feature"},{"geometry":{"coordinates":[[[-17.4713883,14.7159612],[-17.4713529,14.7159765],[-17.4713702,14.7160142],[-17.4714055,14.7159989],[-17.4713883,14.7159612]]],"type":"Polygon"},"id":"8e106f46-1d34-4f90-8e4d-9f8f72185f17","properties":{"building":true,"sourceLayer":"buildings","sources":["Google Open Buildings"]},"type":"Feature"},{"geometry":{"coordinates":[[[-17.4788556,14.7210296],[-17.4788747,14.7209919],[-17.4788257,14.7209688],[-17.4788066,14.7210064],[-17.4788556,14.7210296]]],"type":"Polygon"},"id":"8e4195ff-b4e6-4b6c-90d0-93f286694e65","properties":{"building":true,"sourceLayer":"buildings","sources":["Microsoft ML Buildings"]},"type":"Feature"},{"geometry":{"coordinates":[[[-17.4733667,14.7208035],[-17.4734414,14.7207888],[-17.4734225,14.7206991],[-17.4733478,14.7207139],[-17.4733667,14.7208035]]],"type":"Polygon"},"id":"8e9ce621-e863-4390-b8e5-ddb2be2ce4e3","properties":{"building":true,"sourceLayer":"buildings","sources":["Microsoft ML Buildings"]},"type":"Feature"},{"geometry":{"coordinates":[[[-17.4782971,14.7215345],[-17.4784223,14.7215547],[-17.4784303,14.7214524],[-17.4783229,14.7214364],[-17.4783126,14.7214348],[-17.4782971,14.7215345]]],"type":"Polygon"},"id":"8eb7e101-1df8-4416-9438-bc7c72578864","properties":{"building":true,"sourceLayer":"buildings","sources":["OpenStreetMap"]},"type":"Feature"},{"geometry":{"coordinates":[[[-17.4774919,14.716907],[-17.4775064,14.7170067],[-17.4774973,14.7170079],[-17.4775036,14.7170516],[-17.4775758,14.7170417],[-17.4775549,14.7168983],[-17.4774919,14.716907]]],"type":"Polygon"},"id":"8ee9db8f-fb26-4fb7-8474-9a1fb80aa6a3","properties":{"building":true,"sourceLayer":"buildings","sources":["Google Open Buildings"]},"type":"Feature"},{"geometry":{"coordinates":[[[-17.4756798,14.7146318],[-17.4756758,14.7146708],[-17.4757102,14.7146742],[-17.4757143,14.7146352],[-17.4756798,14.7146318]]],"type":"Polygon"},"id":"8ef9870f-0e47-4920-9d6c-43b18092f1f2","properties":{"building":true,"sourceLayer":"buildings","sources":["Google Open Buildings"]},"type":"Feature"},{"geometry":{"coordinates":[[[-17.4746307,14.7170826],[-17.4745242,14.7170838],[-17.4745246,14.7171189],[-17.4746311,14.7171177],[-17.4746307,14.7170826]]],"type":"Polygon"},"id":"8f014c2f-05b2-49a4-93f7-5e962806f859","properties":{"building":true,"sourceLayer":"buildings","sources":["Google Open Buildings"]},"type":"Feature"},{"geometry":{"coordinates":[[[-17.4725734,14.7178076],[-17.472486,14.717884],[-17.4725529,14.7179565],[-17.4725704,14.7179412],[-17.4725943,14.7179671],[-17.4726642,14.7179059],[-17.4725734,14.7178076]]],"type":"Polygon"},"id":"8f2d69b2-2884-4000-ab4a-078078cf09b2","properties":{"building":true,"sourceLayer":"buildings","sources":["Google Open Buildings"]},"type":"Feature"},{"geometry":{"coordinates":[[[-17.4725931,14.7175663],[-17.4725719,14.7175441],[-17.4725087,14.7176012],[-17.4725298,14.7176234],[-17.4725931,14.7175663]]],"type":"Polygon"},"id":"8f36019a-f895-4d00-99a4-d61027b9b020","properties":{"building":true,"sourceLayer":"buildings","sources":["Google Open Buildings"]},"type":"Feature"},{"geometry":{"coordinates":[[[-17.4790527,14.7213011],[-17.4790798,14.7213306],[-17.4791804,14.7212443],[-17.4791532,14.7212148],[-17.4790527,14.7213011]]],"type":"Polygon"},"id":"8f7d0d67-6337-4701-9d18-d97497057d6b","properties":{"building":true,"sourceLayer":"buildings","sources":["Microsoft ML Buildings"]},"type":"Feature"},{"geometry":{"coordinates":[[[-17.4789663,14.7217697],[-17.4790353,14.7217235],[-17.4789929,14.7216576],[-17.4789106,14.7216944],[-17.4789663,14.7217697]]],"type":"Polygon"},"id":"8f832995-334b-4a6a-9b3e-6bdfc7f62be8","properties":{"building":true,"sourceLayer":"buildings","sources":["OpenStreetMap"]},"type":"Feature"},{"geometry":{"coordinates":[[[-17.4733901,14.7164914],[-17.4733444,14.7164977],[-17.4733487,14.7165264],[-17.4733943,14.71652],[-17.4733901,14.7164914]]],"type":"Polygon"},"id":"8f96f4d5-aaf7-4b9a-a550-8ef01e0e064b","properties":{"building":true,"sourceLayer":"buildings","sources":["Google Open Buildings"]},"type":"Feature"},{"geometry":{"coordinates":[[[-17.4791153,14.7207349],[-17.4790593,14.7206674],[-17.4789637,14.7207572],[-17.4789382,14.7207274],[-17.4788642,14.7207736],[-17.4789135,14.7208555],[-17.4789382,14.7208347],[-17.4789598,14.720866],[-17.4789382,14.7208809],[-17.4789567,14.7209017],[-17.4791153,14.7207349]]],"type":"Polygon"},"id":"8f9741f4-3115-4d68-8c7a-5067c9db35e9","properties":{"building":true,"sourceLayer":"buildings","sources":["OpenStreetMap"]},"type":"Feature"},{"geometry":{"coordinates":[[[-17.4781736,14.7215509],[-17.4782582,14.7215633],[-17.4782711,14.7214588],[-17.4781401,14.7214426],[-17.4781286,14.7215198],[-17.4781771,14.72153],[-17.4781736,14.7215509]]],"type":"Polygon"},"id":"90116013-a2e3-442c-b348-8458547896df","properties":{"building":true,"sourceLayer":"buildings","sources":["OpenStreetMap"]},"type":"Feature"},{"geometry":{"coordinates":[[[-17.4775956,14.7186175],[-17.4775702,14.7186676],[-17.477593,14.7186804],[-17.4776129,14.7186228],[-17.4775956,14.7186175]]],"type":"Polygon"},"id":"9058ef5a-c4c5-4769-a31b-4035ab5b3daf","properties":{"building":true,"sourceLayer":"buildings","sources":["OpenStreetMap"]},"type":"Feature"},{"geometry":{"coordinates":[[[-17.4775009,14.7184126],[-17.4775741,14.7184649],[-17.4776095,14.7183821],[-17.477567,14.7183674],[-17.477546,14.718347],[-17.4775009,14.7184126]]],"type":"Polygon"},"id":"90873e13-3175-441e-93bc-f85a8ea37026","properties":{"building":true,"sourceLayer":"buildings","sources":["OpenStreetMap"]},"type":"Feature"},{"geometry":{"coordinates":[[[-17.477384,14.7162155],[-17.4773864,14.7163207],[-17.4775017,14.7163183],[-17.4774993,14.716213],[-17.477384,14.7162155]]],"type":"Polygon"},"id":"9087df7d-3cba-4daf-a1e2-25f205b6b27e","properties":{"building":true,"sourceLayer":"buildings","sources":["Microsoft ML Buildings"]},"type":"Feature"},{"geometry":{"coordinates":[[[-17.4724165,14.7202846],[-17.4724782,14.7202846],[-17.4724782,14.7201938],[-17.4724165,14.7201938],[-17.4724165,14.7202846]]],"type":"Polygon"},"id":"90f2958e-d941-4029-9ab2-bafd1347314b","properties":{"building":true,"sourceLayer":"buildings","sources":["Microsoft ML Buildings"]},"type":"Feature"},{"geometry":{"coordinates":[[[-17.4736654,14.7166251],[-17.4736985,14.7166368],[-17.4737149,14.7165933],[-17.4736817,14.7165816],[-17.4736654,14.7166251]]],"type":"Polygon"},"id":"90fc8e97-c8dc-4b40-bda4-cf7dca223aca","properties":{"building":true,"sourceLayer":"buildings","sources":["Microsoft ML Buildings"]},"type":"Feature"},{"geometry":{"coordinates":[[[-17.4723203,14.7174878],[-17.4722442,14.7175388],[-17.4722329,14.717523],[-17.4721603,14.7175716],[-17.4722206,14.7176558],[-17.4723693,14.7175562],[-17.4723203,14.7174878]]],"type":"Polygon"},"id":"90fd40ee-bcc9-41ab-8727-e69b422e7eba","properties":{"building":true,"sourceLayer":"buildings","sources":["Microsoft ML Buildings"]},"type":"Feature"},{"geometry":{"coordinates":[[[-17.4742133,14.7180851],[-17.4741648,14.7181022],[-17.4741762,14.7181329],[-17.4742248,14.7181157],[-17.4742133,14.7180851]]],"type":"Polygon"},"id":"9107d4a6-cd9b-4bc4-b853-d5cdad41365d","properties":{"building":true,"sourceLayer":"buildings","sources":["Google Open Buildings"]},"type":"Feature"},{"geometry":{"coordinates":[[[-17.4713229,14.7216769],[-17.4713194,14.7217591],[-17.4715229,14.7217671],[-17.4715263,14.721685],[-17.4713229,14.7216769]]],"type":"Polygon"},"id":"9161cc62-33f3-4161-8d41-e62599af0124","properties":{"building":true,"sourceLayer":"buildings","sources":["Google Open Buildings"]},"type":"Feature"},{"geometry":{"coordinates":[[[-17.4784166,14.7189208],[-17.4784717,14.7188559],[-17.4783629,14.7187584],[-17.4783033,14.7188312],[-17.4784166,14.7189208]]],"type":"Polygon"},"id":"91809093-6d3d-43fd-bbef-61f611b37935","properties":{"building":true,"sourceLayer":"buildings","sources":["OpenStreetMap"]},"type":"Feature"},{"geometry":{"coordinates":[[[-17.4719574,14.715796],[-17.4719588,14.715892],[-17.4721111,14.7158899],[-17.4721097,14.7157939],[-17.4719574,14.715796]]],"type":"Polygon"},"id":"91a79319-36ce-4ed5-8275-721b803add08","properties":{"building":true,"sourceLayer":"buildings","sources":["Google Open Buildings"]},"type":"Feature"},{"geometry":{"coordinates":[[[-17.476628,14.714743],[-17.4766608,14.7148778],[-17.4767703,14.7148525],[-17.4767375,14.7147177],[-17.476628,14.714743]]],"type":"Polygon"},"id":"91b8616a-3af2-46d3-bdeb-8df0ae767051","properties":{"building":true,"sourceLayer":"buildings","sources":["Google Open Buildings"]},"type":"Feature"},{"geometry":{"coordinates":[[[-17.4782445,14.7207118],[-17.4781222,14.7206243],[-17.4780332,14.7207312],[-17.4781554,14.720824],[-17.4782445,14.7207118]]],"type":"Polygon"},"id":"91bc3e75-2232-438d-98f1-9f247d038452","properties":{"building":true,"sourceLayer":"buildings","sources":["OpenStreetMap"]},"type":"Feature"},{"geometry":{"coordinates":[[[-17.4718228,14.7190493],[-17.4718303,14.7191081],[-17.4719043,14.7190993],[-17.4718968,14.7190405],[-17.4718228,14.7190493]]],"type":"Polygon"},"id":"92369258-0fb9-4fad-ad11-ac81a3f9f604","properties":{"building":true,"sourceLayer":"buildings","sources":["Microsoft ML Buildings"]},"type":"Feature"},{"geometry":{"coordinates":[[[-17.4714271,14.7215951],[-17.4713838,14.7215895],[-17.4713784,14.7216283],[-17.4714223,14.7216334],[-17.4714271,14.7215951]]],"type":"Polygon"},"id":"923e36a4-226f-4b66-b5f1-7e70b5cc9000","properties":{"building":true,"sourceLayer":"buildings","sources":["Google Open Buildings"]},"type":"Feature"},{"geometry":{"coordinates":[[[-17.477538,14.7187871],[-17.4775605,14.7187135],[-17.477494,14.7186834],[-17.4774669,14.718757],[-17.477538,14.7187871]]],"type":"Polygon"},"id":"924b62c4-2ba8-4a34-a3fe-ffd13c57c628","properties":{"building":true,"sourceLayer":"buildings","sources":["OpenStreetMap"]},"type":"Feature"},{"geometry":{"coordinates":[[[-17.4746328,14.7169269],[-17.4744001,14.7169388],[-17.4744018,14.7169705],[-17.4746345,14.7169586],[-17.4746328,14.7169269]]],"type":"Polygon"},"id":"928f5943-4768-4a4f-8873-aed67afad058","properties":{"building":true,"sourceLayer":"buildings","sources":["Google Open Buildings"]},"type":"Feature"},{"geometry":{"coordinates":[[[-17.4783995,14.7207678],[-17.4782747,14.7206739],[-17.4782445,14.7207118],[-17.4781554,14.720824],[-17.4781278,14.7208587],[-17.4781075,14.7208842],[-17.4781217,14.7208927],[-17.4783128,14.7208842],[-17.4783995,14.7207678]]],"type":"Polygon"},"id":"92d1fadb-a731-4982-8824-3cc6896ea5f9","properties":{"building":true,"sourceLayer":"buildings","sources":["OpenStreetMap"]},"type":"Feature"},{"geometry":{"coordinates":[[[-17.4771073,14.7205832],[-17.4772468,14.7205555],[-17.4772379,14.720412],[-17.4770733,14.7204291],[-17.4771073,14.7205832]]],"type":"Polygon"},"id":"93204dc4-638f-4efa-b528-f75e1cf39b46","properties":{"building":true,"sourceLayer":"buildings","sources":["OpenStreetMap"]},"type":"Feature"},{"geometry":{"coordinates":[[[-17.4743795,14.7167439],[-17.4743137,14.7167655],[-17.4743237,14.7167944],[-17.4743895,14.7167728],[-17.4743795,14.7167439]]],"type":"Polygon"},"id":"933d596b-6043-4da2-a65a-f8b1b031d9dc","properties":{"building":true,"sourceLayer":"buildings","sources":["Google Open Buildings"]},"type":"Feature"},{"geometry":{"coordinates":[[[-17.4719935,14.7189587],[-17.4720332,14.7190403],[-17.4721022,14.7190086],[-17.4720624,14.7189269],[-17.4719935,14.7189587]]],"type":"Polygon"},"id":"938d42f2-81a6-4fe1-8445-da74a07381b1","properties":{"building":true,"sourceLayer":"buildings","sources":["Google Open Buildings"]},"type":"Feature"},{"geometry":{"coordinates":[[[-17.4777215,14.7193885],[-17.4778571,14.7193246],[-17.4777056,14.719208],[-17.4776412,14.7192395],[-17.4777215,14.7193885]]],"type":"Polygon"},"id":"940c3e96-297e-448d-8473-ef9a14c3a499","properties":{"building":true,"sourceLayer":"buildings","sources":["OpenStreetMap"]},"type":"Feature"},{"geometry":{"coordinates":[[[-17.471202,14.7158492],[-17.4711578,14.7158545],[-17.4711622,14.7158888],[-17.4712064,14.7158835],[-17.471202,14.7158492]]],"type":"Polygon"},"id":"9416d55a-b743-4df3-be8b-a6877237da54","properties":{"building":true,"sourceLayer":"buildings","sources":["Google Open Buildings"]},"type":"Feature"},{"geometry":{"coordinates":[[[-17.4742398,14.716793],[-17.4741883,14.7168039],[-17.4741969,14.7168421],[-17.4742483,14.7168313],[-17.4742398,14.716793]]],"type":"Polygon"},"id":"94209d76-7e51-407f-a508-4a4142ee2d01","properties":{"building":true,"sourceLayer":"buildings","sources":["Google Open Buildings"]},"type":"Feature"},{"geometry":{"coordinates":[[[-17.4724715,14.7181822],[-17.4724299,14.7181409],[-17.4724327,14.7181383],[-17.4723428,14.718049],[-17.472258,14.7181288],[-17.472321,14.7181914],[-17.4722956,14.7182154],[-17.4723506,14.71827],[-17.4724126,14.7182116],[-17.472426,14.718225],[-17.4724715,14.7181822]]],"type":"Polygon"},"id":"94678b76-3b16-4912-96ac-3b1e780e8c69","properties":{"building":true,"sourceLayer":"buildings","sources":["Microsoft ML Buildings"]},"type":"Feature"},{"geometry":{"coordinates":[[[-17.4749146,14.7170144],[-17.4748635,14.7170112],[-17.474861,14.7170483],[-17.4749122,14.7170515],[-17.4749146,14.7170144]]],"type":"Polygon"},"id":"947ab19a-5f78-42e3-841c-7c92a1217936","properties":{"building":true,"sourceLayer":"buildings","sources":["Google Open Buildings"]},"type":"Feature"},{"geometry":{"coordinates":[[[-17.4780121,14.7164826],[-17.4779475,14.7164872],[-17.4779501,14.7165216],[-17.4780147,14.716517],[-17.4780121,14.7164826]]],"type":"Polygon"},"id":"94980a31-4dcd-400a-afe1-c1e11f8f2016","properties":{"building":true,"sourceLayer":"buildings","sources":["Google Open Buildings"]},"type":"Feature"},{"geometry":{"coordinates":[[[-17.4742824,14.7167519],[-17.4742442,14.7167534],[-17.4742452,14.7167787],[-17.4742835,14.7167772],[-17.4742824,14.7167519]]],"type":"Polygon"},"id":"94a91f15-02f5-4121-8802-23c83cdf3a95","properties":{"building":true,"sourceLayer":"buildings","sources":["Google Open Buildings"]},"type":"Feature"},{"geometry":{"coordinates":[[[-17.4771466,14.7208676],[-17.4772145,14.7208779],[-17.4772135,14.7207649],[-17.4771208,14.7207564],[-17.4771293,14.7208426],[-17.4771466,14.7208676]]],"type":"Polygon"},"id":"94ad4e16-8cc0-41ef-a8e3-14f3ae9767fb","properties":{"building":true,"sourceLayer":"buildings","sources":["OpenStreetMap"]},"type":"Feature"},{"geometry":{"coordinates":[[[-17.47311,14.7174996],[-17.4730562,14.7175129],[-17.4730618,14.717534],[-17.4731155,14.7175207],[-17.47311,14.7174996]]],"type":"Polygon"},"id":"94bb12eb-4fc5-410b-a3ba-65954a12f47c","properties":{"building":true,"sourceLayer":"buildings","sources":["Google Open Buildings"]},"type":"Feature"},{"geometry":{"coordinates":[[[-17.4728886,14.7170098],[-17.4728337,14.7170207],[-17.4728407,14.7170539],[-17.4728956,14.717043],[-17.4728886,14.7170098]]],"type":"Polygon"},"id":"95109414-a9ba-456b-af53-54e8c1957270","properties":{"building":true,"sourceLayer":"buildings","sources":["Google Open Buildings"]},"type":"Feature"},{"geometry":{"coordinates":[[[-17.4737499,14.7164988],[-17.4737063,14.7164617],[-17.4736736,14.7164982],[-17.4737173,14.7165353],[-17.4737499,14.7164988]]],"type":"Polygon"},"id":"9546cc06-9540-4cb7-bd4b-8e7fbbe20001","properties":{"building":true,"sourceLayer":"buildings","sources":["Google Open Buildings"]},"type":"Feature"},{"geometry":{"coordinates":[[[-17.4717183,14.7204277],[-17.4717071,14.7205997],[-17.4719083,14.7206121],[-17.4719131,14.7205391],[-17.4718431,14.7205348],[-17.4718479,14.7204616],[-17.4718081,14.7204592],[-17.4718098,14.7204334],[-17.4717183,14.7204277]]],"type":"Polygon"},"id":"9558ab31-5095-46ed-bf07-76ee2ffae2c9","properties":{"building":true,"sourceLayer":"buildings","sources":["Google Open Buildings"]},"type":"Feature"},{"geometry":{"coordinates":[[[-17.4729175,14.7208553],[-17.4729141,14.7209174],[-17.4729324,14.7209184],[-17.4729286,14.7209869],[-17.473099,14.7209959],[-17.4731063,14.7208653],[-17.4729175,14.7208553]]],"type":"Polygon"},"id":"955ba69f-2559-4a62-8e15-20fe8879dc14","properties":{"building":true,"sourceLayer":"buildings","sources":["Google Open Buildings"]},"type":"Feature"},{"geometry":{"coordinates":[[[-17.4711194,14.7137866],[-17.471114,14.7138445],[-17.4711823,14.7138506],[-17.4711876,14.7137926],[-17.4711194,14.7137866]]],"type":"Polygon"},"id":"95999672-d1af-454e-b115-e13f4f041ef6","properties":{"building":true,"sourceLayer":"buildings","sources":["Google Open Buildings"]},"type":"Feature"},{"geometry":{"coordinates":[[[-17.4737803,14.7149226],[-17.4737237,14.7149429],[-17.4737464,14.7150027],[-17.4738029,14.7149824],[-17.4737803,14.7149226]]],"type":"Polygon"},"id":"95a15594-780a-471d-b616-2ef2510079f6","properties":{"building":true,"sourceLayer":"buildings","sources":["Google Open Buildings"]},"type":"Feature"},{"geometry":{"coordinates":[[[-17.47788,14.7187158],[-17.4778535,14.7187905],[-17.4779369,14.7188227],[-17.4779449,14.7187799],[-17.4779771,14.7187952],[-17.4779865,14.7187604],[-17.4780163,14.7187703],[-17.4780329,14.7187332],[-17.4780192,14.718723],[-17.4780286,14.7187015],[-17.478008,14.7186893],[-17.4780152,14.7186514],[-17.4779825,14.7186442],[-17.4779656,14.7187095],[-17.4779455,14.7187075],[-17.4779398,14.7187321],[-17.47788,14.7187158]]],"type":"Polygon"},"id":"95dd3647-2915-4868-a854-c815e9ad14f6","properties":{"building":true,"sourceLayer":"buildings","sources":["OpenStreetMap"]},"type":"Feature"},{"geometry":{"coordinates":[[[-17.4730825,14.7200333],[-17.4730713,14.7199879],[-17.4729596,14.7200137],[-17.4729708,14.720059],[-17.4730825,14.7200333]]],"type":"Polygon"},"id":"95de1835-91d0-4b71-bbc2-2eb4068f27eb","properties":{"building":true,"sourceLayer":"buildings","sources":["Microsoft ML Buildings"]},"type":"Feature"},{"geometry":{"coordinates":[[[-17.4771982,14.7161472],[-17.4773482,14.7161412],[-17.4773429,14.7160159],[-17.4771929,14.7160218],[-17.4771982,14.7161472]]],"type":"Polygon"},"id":"95e90a26-0274-4af2-8f4e-d81e637999ff","properties":{"building":true,"sourceLayer":"buildings","sources":["Microsoft ML Buildings"]},"type":"Feature"},{"geometry":{"coordinates":[[[-17.4784289,14.7214779],[-17.4785329,14.721636],[-17.478687,14.7215265],[-17.4785597,14.7213751],[-17.4784289,14.7214779]]],"type":"Polygon"},"id":"9632196e-f36b-4e8b-ab9a-8b89b58d0795","properties":{"building":true,"sourceLayer":"buildings","sources":["OpenStreetMap"]},"type":"Feature"},{"geometry":{"coordinates":[[[-17.4752173,14.7151279],[-17.4751854,14.7151411],[-17.4752054,14.7151868],[-17.4752366,14.7151739],[-17.4752173,14.7151279]]],"type":"Polygon"},"id":"965e7e18-154b-4b01-9f63-ac91e194399c","properties":{"building":true,"sourceLayer":"buildings","sources":["Google Open Buildings"]},"type":"Feature"},{"geometry":{"coordinates":[[[-17.4769938,14.7212733],[-17.4770332,14.7213948],[-17.477117,14.7213558],[-17.4770511,14.721243],[-17.4769938,14.7212733]]],"type":"Polygon"},"id":"966fa2bf-bf15-42e9-93ce-04fc014f20cd","properties":{"building":true,"sourceLayer":"buildings","sources":["OpenStreetMap"]},"type":"Feature"},{"geometry":{"coordinates":[[[-17.4771854,14.7218984],[-17.4772039,14.7218917],[-17.4771368,14.7217627],[-17.4770582,14.7218079],[-17.477136,14.721942],[-17.4771913,14.7219124],[-17.4771854,14.7218984]]],"type":"Polygon"},"id":"972f3122-2024-416b-be0d-1d9eaeb8d62d","properties":{"building":true,"sourceLayer":"buildings","sources":["OpenStreetMap"]},"type":"Feature"},{"geometry":{"coordinates":[[[-17.4721824,14.7217816],[-17.4721207,14.7217758],[-17.472118,14.7217939],[-17.4721281,14.7218341],[-17.4721013,14.7218354],[-17.4720986,14.7218892],[-17.4721268,14.7218867],[-17.4721281,14.7219061],[-17.47211,14.7219055],[-17.4721087,14.7219327],[-17.4721657,14.7219346],[-17.4721824,14.7217816]]],"type":"Polygon"},"id":"972f4357-5817-41b0-8aec-70450831e1bd","properties":{"building":true,"sourceLayer":"buildings","sources":["OpenStreetMap"]},"type":"Feature"},{"geometry":{"coordinates":[[[-17.4731588,14.7195299],[-17.4730327,14.7195635],[-17.4730606,14.7196626],[-17.4731867,14.719629],[-17.4731588,14.7195299]]],"type":"Polygon"},"id":"978d7760-bd72-43b5-b356-87526835d12f","properties":{"building":true,"sourceLayer":"buildings","sources":["Google Open Buildings"]},"type":"Feature"},{"geometry":{"coordinates":[[[-17.4791324,14.7196124],[-17.4792482,14.719461],[-17.4791344,14.7193785],[-17.4790165,14.7195279],[-17.4791324,14.7196124]]],"type":"Polygon"},"id":"9842ac79-16b4-4416-a5d3-aa3dcb47babc","properties":{"building":true,"sourceLayer":"buildings","sources":["OpenStreetMap"]},"type":"Feature"},{"geometry":{"coordinates":[[[-17.4747598,14.7166694],[-17.4746525,14.7166771],[-17.4746597,14.7167719],[-17.4747669,14.7167642],[-17.4747598,14.7166694]]],"type":"Polygon"},"id":"98877505-0abd-44e2-8d8a-b6213708aec1","properties":{"building":true,"sourceLayer":"buildings","sources":["Google Open Buildings"]},"type":"Feature"},{"geometry":{"coordinates":[[[-17.4780498,14.719634],[-17.4781963,14.719532],[-17.4781323,14.7194163],[-17.4779723,14.719494],[-17.4780498,14.719634]]],"type":"Polygon"},"id":"990a5c71-7f39-4bc1-9129-03175212680b","properties":{"building":true,"sourceLayer":"buildings","sources":["OpenStreetMap"]},"type":"Feature"},{"geometry":{"coordinates":[[[-17.4784917,14.7196543],[-17.4786377,14.7194935],[-17.4785202,14.7194158],[-17.4784041,14.7195782],[-17.4784917,14.7196543]]],"type":"Polygon"},"id":"995c5ce4-eecf-42b4-91dc-93f35199dd88","properties":{"building":true,"sourceLayer":"buildings","sources":["OpenStreetMap"]},"type":"Feature"},{"geometry":{"coordinates":[[[-17.4777133,14.7212698],[-17.4776696,14.7211912],[-17.477541,14.7212589],[-17.4775824,14.7213407],[-17.4777133,14.7212698]]],"type":"Polygon"},"id":"997650d2-d50d-4629-ac28-5205d2f5196e","properties":{"building":true,"sourceLayer":"buildings","sources":["OpenStreetMap"]},"type":"Feature"},{"geometry":{"coordinates":[[[-17.4784002,14.7192313],[-17.478493,14.7191379],[-17.4783886,14.7189833],[-17.4783175,14.7190492],[-17.4784002,14.7192313]]],"type":"Polygon"},"id":"997c0577-6599-4742-9227-df2c40242ddb","properties":{"building":true,"sourceLayer":"buildings","sources":["OpenStreetMap"]},"type":"Feature"},{"geometry":{"coordinates":[[[-17.4771163,14.7194094],[-17.4772604,14.7193524],[-17.4772245,14.719221],[-17.4770767,14.7192947],[-17.4771163,14.7194094]]],"type":"Polygon"},"id":"997d1f89-272f-4f58-b4dc-5b664dbc84eb","properties":{"building":true,"sourceLayer":"buildings","sources":["OpenStreetMap"]},"type":"Feature"},{"geometry":{"coordinates":[[[-17.4717463,14.7202624],[-17.4717939,14.7202679],[-17.4717989,14.7202284],[-17.4717513,14.7202229],[-17.4717463,14.7202624]]],"type":"Polygon"},"id":"99a9fddd-3fdd-4ad5-bc4c-0b322adbc42f","properties":{"building":true,"sourceLayer":"buildings","sources":["Microsoft ML Buildings"]},"type":"Feature"},{"geometry":{"coordinates":[[[-17.473426,14.7197228],[-17.4733447,14.7197464],[-17.4733817,14.7198674],[-17.4734235,14.7198553],[-17.4734143,14.7198251],[-17.4734538,14.7198137],[-17.473426,14.7197228]]],"type":"Polygon"},"id":"99cf9d77-1e3c-4429-be89-cbf088408a37","properties":{"building":true,"sourceLayer":"buildings","sources":["Google Open Buildings"]},"type":"Feature"},{"geometry":{"coordinates":[[[-17.4723777,14.7170644],[-17.4723569,14.7170255],[-17.4722595,14.7170741],[-17.4722802,14.717113],[-17.4723777,14.7170644]]],"type":"Polygon"},"id":"99ffe1fb-8c6e-4764-8128-83bd0744ed69","properties":{"building":true,"sourceLayer":"buildings","sources":["Microsoft ML Buildings"]},"type":"Feature"},{"geometry":{"coordinates":[[[-17.4788582,14.7213837],[-17.4789909,14.7213091],[-17.4789301,14.7212356],[-17.4788045,14.7213131],[-17.4788582,14.7213837]]],"type":"Polygon"},"id":"9a29f6d4-abfe-47a9-b698-bfb2e00f3436","properties":{"building":true,"sourceLayer":"buildings","sources":["OpenStreetMap"]},"type":"Feature"},{"geometry":{"coordinates":[[[-17.473465,14.7146459],[-17.4734252,14.7146668],[-17.4734893,14.7147822],[-17.4735291,14.7147613],[-17.473465,14.7146459]]],"type":"Polygon"},"id":"9a2a7e4a-70a2-408b-96ae-ed69f1ab59ca","properties":{"building":true,"sourceLayer":"buildings","sources":["Google Open Buildings"]},"type":"Feature"},{"geometry":{"coordinates":[[[-17.4784196,14.7210169],[-17.4785282,14.7209864],[-17.4784753,14.7209008],[-17.4783939,14.720913],[-17.4784196,14.7210169]]],"type":"Polygon"},"id":"9a3ab4de-758b-4b37-a4a3-99d4df9ae1c1","properties":{"building":true,"sourceLayer":"buildings","sources":["OpenStreetMap"]},"type":"Feature"},{"geometry":{"coordinates":[[[-17.4732563,14.7172856],[-17.4732314,14.7172794],[-17.473222,14.717315],[-17.4732469,14.7173212],[-17.4732563,14.7172856]]],"type":"Polygon"},"id":"9a490a96-0a02-4669-b9af-56d36b0b1871","properties":{"building":true,"sourceLayer":"buildings","sources":["Google Open Buildings"]},"type":"Feature"},{"geometry":{"coordinates":[[[-17.4746515,14.7178122],[-17.4745951,14.7178223],[-17.4746026,14.7178619],[-17.474659,14.7178518],[-17.4746515,14.7178122]]],"type":"Polygon"},"id":"9a74bdb4-197e-476e-89b2-44e2af4e1f54","properties":{"building":true,"sourceLayer":"buildings","sources":["Google Open Buildings"]},"type":"Feature"},{"geometry":{"coordinates":[[[-17.4769368,14.7182252],[-17.47696,14.7182428],[-17.4770505,14.7181147],[-17.4769849,14.718067],[-17.4768857,14.7182002],[-17.4769316,14.7182386],[-17.4769368,14.7182252]]],"type":"Polygon"},"id":"9a9b7e95-277e-4be8-b116-814c02bfb330","properties":{"building":true,"sourceLayer":"buildings","sources":["OpenStreetMap"]},"type":"Feature"},{"geometry":{"coordinates":[[[-17.477615,14.7169616],[-17.4775652,14.7169685],[-17.4775779,14.7170562],[-17.4776277,14.7170494],[-17.477615,14.7169616]]],"type":"Polygon"},"id":"9ac0f55c-55ee-4a83-afc7-221233ee1fe8","properties":{"building":true,"sourceLayer":"buildings","sources":["Google Open Buildings"]},"type":"Feature"},{"geometry":{"coordinates":[[[-17.4768273,14.7201843],[-17.476772,14.7201959],[-17.4767813,14.720238],[-17.4768366,14.7202264],[-17.4768273,14.7201843]]],"type":"Polygon"},"id":"9ada5329-64b2-4add-bc1a-e944ad9052e8","properties":{"building":true,"sourceLayer":"buildings","sources":["Google Open Buildings"]},"type":"Feature"},{"geometry":{"coordinates":[[[-17.4736578,14.7175384],[-17.4735613,14.717553],[-17.4735655,14.7175796],[-17.4736621,14.7175651],[-17.4736578,14.7175384]]],"type":"Polygon"},"id":"9b02804d-f696-473d-b487-0e34688f300d","properties":{"building":true,"sourceLayer":"buildings","sources":["Google Open Buildings"]},"type":"Feature"},{"geometry":{"coordinates":[[[-17.4718337,14.7191925],[-17.4718224,14.7191458],[-17.4717843,14.7191544],[-17.4717956,14.7192011],[-17.4718337,14.7191925]]],"type":"Polygon"},"id":"9b27913e-6d00-4909-873c-4619463e6bd0","properties":{"building":true,"sourceLayer":"buildings","sources":["Microsoft ML Buildings"]},"type":"Feature"},{"geometry":{"coordinates":[[[-17.4776077,14.7196493],[-17.4775422,14.7195931],[-17.4774792,14.7196435],[-17.4774817,14.7196506],[-17.4774672,14.7196712],[-17.4774555,14.7196571],[-17.47743,14.7196914],[-17.4774955,14.7197482],[-17.4776077,14.7196493]]],"type":"Polygon"},"id":"9b75b38d-ff3d-44eb-83c8-6a6686a2e71e","properties":{"building":true,"sourceLayer":"buildings","sources":["OpenStreetMap"]},"type":"Feature"},{"geometry":{"coordinates":[[[-17.4772673,14.7193612],[-17.4773654,14.719316],[-17.4773122,14.7191859],[-17.4772197,14.7192279],[-17.4772673,14.7193612]]],"type":"Polygon"},"id":"9b8c5f76-e528-4a35-9119-4ff526358f2d","properties":{"building":true,"sourceLayer":"buildings","sources":["OpenStreetMap"]},"type":"Feature"},{"geometry":{"coordinates":[[[-17.4769731,14.7196616],[-17.4771186,14.7196209],[-17.4770697,14.7194925],[-17.4769639,14.7195336],[-17.4769731,14.7196616]]],"type":"Polygon"},"id":"9bd22f43-a23b-455e-8b8d-8ece38a8a2e5","properties":{"building":true,"sourceLayer":"buildings","sources":["OpenStreetMap"]},"type":"Feature"},{"geometry":{"coordinates":[[[-17.4778009,14.7198511],[-17.4777188,14.7197653],[-17.4776458,14.719819],[-17.4776678,14.7198423],[-17.4776351,14.7198755],[-17.4776952,14.7199396],[-17.4777083,14.719916],[-17.4777255,14.7199271],[-17.4778009,14.7198511]]],"type":"Polygon"},"id":"9bf59eea-869d-4348-af1b-6967e06600c8","properties":{"building":true,"sourceLayer":"buildings","sources":["OpenStreetMap"]},"type":"Feature"},{"geometry":{"coordinates":[[[-17.4720848,14.7195101],[-17.4720423,14.7195064],[-17.4720373,14.719559],[-17.4720798,14.7195627],[-17.4720848,14.7195101]]],"type":"Polygon"},"id":"9c0187ea-e5ac-48c7-8719-8196878e39f8","properties":{"building":true,"sourceLayer":"buildings","sources":["Microsoft ML Buildings"]},"type":"Feature"},{"geometry":{"coordinates":[[[-17.4760013,14.7157403],[-17.4759613,14.7157434],[-17.4759657,14.7157961],[-17.4760057,14.715793],[-17.4760013,14.7157403]]],"type":"Polygon"},"id":"9c3f10a0-5035-4bea-a3ab-e3aa379e0ea7","properties":{"building":true,"sourceLayer":"buildings","sources":["Google Open Buildings"]},"type":"Feature"},{"geometry":{"coordinates":[[[-17.4774519,14.7213934],[-17.4773776,14.7212834],[-17.4772655,14.7213371],[-17.4773277,14.7214467],[-17.4773438,14.7214408],[-17.4773505,14.7214521],[-17.4774519,14.7213934]]],"type":"Polygon"},"id":"9c42bd9e-b4ee-4409-953b-10d59e226cf3","properties":{"building":true,"sourceLayer":"buildings","sources":["OpenStreetMap"]},"type":"Feature"},{"geometry":{"coordinates":[[[-17.4716096,14.71911],[-17.4715597,14.7191112],[-17.4715607,14.719149],[-17.4716105,14.7191478],[-17.4716096,14.71911]]],"type":"Polygon"},"id":"9c5704a6-fc21-47ea-9ebc-b47255362536","properties":{"building":true,"sourceLayer":"buildings","sources":["Google Open Buildings"]},"type":"Feature"},{"geometry":{"coordinates":[[[-17.4731765,14.7200839],[-17.4732025,14.7201839],[-17.4733297,14.7201531],[-17.4732398,14.7198065],[-17.4730873,14.7198435],[-17.4731215,14.7199753],[-17.473177,14.7199618],[-17.4731907,14.7200143],[-17.4731881,14.7200149],[-17.4732043,14.7200772],[-17.4731765,14.7200839]]],"type":"Polygon"},"id":"9c5b58e8-29b9-49f8-ac2d-2405ac58b6bb","properties":{"building":true,"sourceLayer":"buildings","sources":["Microsoft ML Buildings"]},"type":"Feature"},{"geometry":{"coordinates":[[[-17.4763478,14.7167119],[-17.4761613,14.716728],[-17.4761744,14.7168723],[-17.476361,14.7168563],[-17.4763478,14.7167119]]],"type":"Polygon"},"id":"9ca1dbaf-976a-4f36-9262-8ffba6bba97e","properties":{"building":true,"sourceLayer":"buildings","sources":["Google Open Buildings"]},"type":"Feature"},{"geometry":{"coordinates":[[[-17.4750844,14.7152331],[-17.4750504,14.715229],[-17.4750464,14.7152611],[-17.4750804,14.7152652],[-17.4750844,14.7152331]]],"type":"Polygon"},"id":"9cad37d7-0411-4162-93d5-96d20f6ac11e","properties":{"building":true,"sourceLayer":"buildings","sources":["Google Open Buildings"]},"type":"Feature"},{"geometry":{"coordinates":[[[-17.4736132,14.7145679],[-17.473465,14.7146459],[-17.4735291,14.7147613],[-17.4736773,14.7146832],[-17.4736132,14.7145679]]],"type":"Polygon"},"id":"9cdcd820-ee51-4976-8609-931fcd434001","properties":{"building":true,"sourceLayer":"buildings","sources":["Google Open Buildings"]},"type":"Feature"},{"geometry":{"coordinates":[[[-17.4769247,14.7168098],[-17.4768259,14.7168181],[-17.4768382,14.7169575],[-17.4769369,14.7169493],[-17.4769247,14.7168098]]],"type":"Polygon"},"id":"9d43a1e3-015c-40f6-80d5-d7c4526795af","properties":{"building":true,"sourceLayer":"buildings","sources":["Google Open Buildings"]},"type":"Feature"},{"geometry":{"coordinates":[[[-17.4711605,14.7167191],[-17.471135,14.7167168],[-17.4711268,14.7168006],[-17.4711523,14.7168029],[-17.4711605,14.7167191]]],"type":"Polygon"},"id":"9d706efd-0e13-4143-aa0d-3364a2bfd210","properties":{"building":true,"sourceLayer":"buildings","sources":["Google Open Buildings"]},"type":"Feature"},{"geometry":{"coordinates":[[[-17.4719804,14.7196321],[-17.4719781,14.7196679],[-17.4719565,14.7196666],[-17.4719536,14.719713],[-17.4720121,14.7197164],[-17.4720172,14.7196343],[-17.4719804,14.7196321]]],"type":"Polygon"},"id":"9d7fb9c9-947a-4f62-914b-85e146928fa6","properties":{"building":true,"sourceLayer":"buildings","sources":["Google Open Buildings"]},"type":"Feature"},{"geometry":{"coordinates":[[[-17.4749394,14.7166105],[-17.4749077,14.7166128],[-17.4749099,14.7166416],[-17.4749416,14.7166393],[-17.4749394,14.7166105]]],"type":"Polygon"},"id":"9dba91df-6a00-42b3-9896-8318357bea62","properties":{"building":true,"sourceLayer":"buildings","sources":["Google Open Buildings"]},"type":"Feature"},{"geometry":{"coordinates":[[[-17.4744741,14.7171845],[-17.4744745,14.7172167],[-17.4745023,14.7172164],[-17.4745019,14.7171842],[-17.4744741,14.7171845]]],"type":"Polygon"},"id":"9e29d5f0-75d9-4b75-ba98-ecfb5b50747e","properties":{"building":true,"sourceLayer":"buildings","sources":["Google Open Buildings"]},"type":"Feature"},{"geometry":{"coordinates":[[[-17.4780229,14.7199333],[-17.478075,14.719976],[-17.4782195,14.7198073],[-17.4781474,14.7197519],[-17.4780229,14.7199333]]],"type":"Polygon"},"id":"9e2edae0-6f11-4c34-81d4-513420bcf513","properties":{"building":true,"sourceLayer":"buildings","sources":["OpenStreetMap"]},"type":"Feature"},{"geometry":{"coordinates":[[[-17.4732566,14.7204625],[-17.4731911,14.7204682],[-17.4731839,14.720391],[-17.4730818,14.7203998],[-17.4730925,14.7205156],[-17.4731111,14.720514],[-17.4731168,14.7205758],[-17.4732126,14.7205675],[-17.4732071,14.7205083],[-17.4732604,14.7205037],[-17.4732566,14.7204625]]],"type":"Polygon"},"id":"9e506d10-ba03-463f-9344-c7d71d123a5b","properties":{"building":true,"sourceLayer":"buildings","sources":["Microsoft ML Buildings"]},"type":"Feature"},{"geometry":{"coordinates":[[[-17.4726861,14.7186017],[-17.4726129,14.7186218],[-17.4726455,14.7187339],[-17.4726747,14.7187258],[-17.4726776,14.7187359],[-17.472695,14.7187311],[-17.4726858,14.7186996],[-17.4727124,14.7186923],[-17.4726861,14.7186017]]],"type":"Polygon"},"id":"9e570dc0-696a-407f-a7e8-80523f5b3460","properties":{"building":true,"sourceLayer":"buildings","sources":["Google Open Buildings"]},"type":"Feature"},{"geometry":{"coordinates":[[[-17.4726978,14.7141777],[-17.4726847,14.7143143],[-17.4727716,14.7143222],[-17.4727847,14.7141855],[-17.4726978,14.7141777]]],"type":"Polygon"},"id":"9e5b14b5-5480-49d3-9f80-461aeeda9ea0","properties":{"building":true,"sourceLayer":"buildings","sources":["Google Open Buildings"]},"type":"Feature"},{"geometry":{"coordinates":[[[-17.4791694,14.71911],[-17.4790721,14.719033],[-17.4790362,14.7190478],[-17.478904,14.7192092],[-17.4790243,14.7192863],[-17.4790453,14.7192608],[-17.4791437,14.7191412],[-17.4791694,14.71911]]],"type":"Polygon"},"id":"9e72fac4-5eb0-42f5-9905-dfcf9f58668b","properties":{"building":true,"sourceLayer":"buildings","sources":["OpenStreetMap"]},"type":"Feature"},{"geometry":{"coordinates":[[[-17.4740933,14.7168585],[-17.4740717,14.7168327],[-17.4740296,14.7168657],[-17.4741083,14.7169597],[-17.4741723,14.7169096],[-17.4741152,14.7168414],[-17.4740933,14.7168585]]],"type":"Polygon"},"id":"9eaca1e1-af80-4755-ba96-01a842f2ca8b","properties":{"building":true,"sourceLayer":"buildings","sources":["Microsoft ML Buildings"]},"type":"Feature"},{"geometry":{"coordinates":[[[-17.4760576,14.7152146],[-17.4760077,14.7152206],[-17.4760139,14.715269],[-17.4760638,14.7152629],[-17.4760576,14.7152146]]],"type":"Polygon"},"id":"9ec3bc6c-0f02-4785-82a9-04eb90da45a0","properties":{"building":true,"sourceLayer":"buildings","sources":["Google Open Buildings"]},"type":"Feature"},{"geometry":{"coordinates":[[[-17.4764497,14.7136796],[-17.4763378,14.713695],[-17.476359,14.713841],[-17.4764709,14.7138256],[-17.4764497,14.7136796]]],"type":"Polygon"},"id":"9eca8296-463a-4005-803f-dfbd3937e1de","properties":{"building":true,"sourceLayer":"buildings","sources":["Google Open Buildings"]},"type":"Feature"},{"geometry":{"coordinates":[[[-17.4771477,14.7169903],[-17.477043,14.7169985],[-17.477055,14.7171421],[-17.4771596,14.7171338],[-17.4771477,14.7169903]]],"type":"Polygon"},"id":"9f1904fc-bc4d-4259-89ed-1703f99bc013","properties":{"building":true,"sourceLayer":"buildings","sources":["Google Open Buildings"]},"type":"Feature"},{"geometry":{"coordinates":[[[-17.4729933,14.7192358],[-17.4729998,14.7192616],[-17.4730642,14.7192464],[-17.4729269,14.7187017],[-17.4728181,14.7185832],[-17.4727382,14.7186021],[-17.4727683,14.7187217],[-17.4727563,14.718732],[-17.4727658,14.7187697],[-17.4728025,14.7187722],[-17.4728133,14.7188153],[-17.472771,14.7188517],[-17.4728261,14.7188555],[-17.4728462,14.718935],[-17.4728232,14.7189547],[-17.472833,14.7189934],[-17.472795,14.7190024],[-17.4728203,14.7191028],[-17.4728334,14.7191172],[-17.4728135,14.7191343],[-17.4727019,14.7191606],[-17.4727238,14.7192475],[-17.4728626,14.7192147],[-17.472872,14.7190856],[-17.4729189,14.7190888],[-17.4729101,14.7192098],[-17.4729176,14.7192395],[-17.4729078,14.7192479],[-17.4729186,14.7192905],[-17.4729781,14.7192394],[-17.4729933,14.7192358]]],"type":"Polygon"},"id":"9f251630-f7e3-4320-b798-362555afdea5","properties":{"building":true,"sourceLayer":"buildings","sources":["Microsoft ML Buildings"]},"type":"Feature"},{"geometry":{"coordinates":[[[-17.4783345,14.7213304],[-17.478455,14.7213497],[-17.4784681,14.7213088],[-17.4784534,14.721305],[-17.4784581,14.7212775],[-17.478381,14.721194],[-17.4783656,14.7211635],[-17.4783425,14.7211747],[-17.4783345,14.7213304]]],"type":"Polygon"},"id":"9f8b00d8-f4b0-435f-b2c5-29a3b7f0f926","properties":{"building":true,"sourceLayer":"buildings","sources":["OpenStreetMap"]},"type":"Feature"},{"geometry":{"coordinates":[[[-17.4772173,14.71883],[-17.4773328,14.7188786],[-17.4774123,14.7188047],[-17.4772728,14.7187364],[-17.4772173,14.71883]]],"type":"Polygon"},"id":"9f8f3e2a-5671-4c77-b92c-845d43bffb02","properties":{"building":true,"sourceLayer":"buildings","sources":["OpenStreetMap"]},"type":"Feature"},{"geometry":{"coordinates":[[[-17.4770384,14.7159722],[-17.4769201,14.7159801],[-17.4769282,14.7160933],[-17.4769751,14.7160901],[-17.4769769,14.7161157],[-17.4770482,14.7161109],[-17.4770384,14.7159722]]],"type":"Polygon"},"id":"a085fc5c-6841-4943-8062-91c7eefbf2a5","properties":{"building":true,"sourceLayer":"buildings","sources":["Google Open Buildings"]},"type":"Feature"},{"geometry":{"coordinates":[[[-17.4733632,14.7208901],[-17.4732418,14.7209228],[-17.4732756,14.7210418],[-17.4732557,14.7210472],[-17.473265,14.7210802],[-17.4733315,14.7210623],[-17.4733415,14.7210975],[-17.4733933,14.7210836],[-17.4733513,14.720936],[-17.4733745,14.7209298],[-17.4733632,14.7208901]]],"type":"Polygon"},"id":"a0a076a7-0589-4c5c-b6c0-855e404bee54","properties":{"building":true,"sourceLayer":"buildings","sources":["Google Open Buildings"]},"type":"Feature"},{"geometry":{"coordinates":[[[-17.4765703,14.7181938],[-17.4766189,14.7182373],[-17.4767002,14.718131],[-17.4766442,14.7180916],[-17.4765703,14.7181938]]],"type":"Polygon"},"id":"a0a1630e-104d-4ef3-946a-9d241190c727","properties":{"building":true,"sourceLayer":"buildings","sources":["OpenStreetMap"]},"type":"Feature"},{"geometry":{"coordinates":[[[-17.4734076,14.7179549],[-17.4733632,14.7179754],[-17.4733857,14.7180215],[-17.4734301,14.718001],[-17.4734076,14.7179549]]],"type":"Polygon"},"id":"a0a9213e-ab24-4540-b2db-41ddd3131cf7","properties":{"building":true,"sourceLayer":"buildings","sources":["Google Open Buildings"]},"type":"Feature"},{"geometry":{"coordinates":[[[-17.4776441,14.7196427],[-17.4777093,14.7196062],[-17.4776371,14.7194835],[-17.4775384,14.7195403],[-17.4776441,14.7196427]]],"type":"Polygon"},"id":"a115ca34-f8bd-46d7-814c-99bcdd0f1774","properties":{"building":true,"sourceLayer":"buildings","sources":["OpenStreetMap"]},"type":"Feature"},{"geometry":{"coordinates":[[[-17.4731427,14.7173261],[-17.4730677,14.7173526],[-17.473109,14.7174635],[-17.4731841,14.717437],[-17.4731427,14.7173261]]],"type":"Polygon"},"id":"a14983f7-32a1-4b0b-836a-27e3537521ec","properties":{"building":true,"sourceLayer":"buildings","sources":["Google Open Buildings"]},"type":"Feature"},{"geometry":{"coordinates":[[[-17.4741376,14.7176951],[-17.4741008,14.7176979],[-17.474104,14.7177396],[-17.4741408,14.7177369],[-17.4741376,14.7176951]]],"type":"Polygon"},"id":"a15e6cfe-071f-4da1-92dd-1a8ca3ffcf3c","properties":{"building":true,"sourceLayer":"buildings","sources":["Google Open Buildings"]},"type":"Feature"},{"geometry":{"coordinates":[[[-17.4781189,14.7216915],[-17.4782275,14.721705],[-17.4782397,14.7216373],[-17.4781265,14.7216181],[-17.4781189,14.7216915]]],"type":"Polygon"},"id":"a1807301-15cb-4bab-a827-34d40b9d3824","properties":{"building":true,"sourceLayer":"buildings","sources":["OpenStreetMap"]},"type":"Feature"},{"geometry":{"coordinates":[[[-17.4744108,14.7179215],[-17.4743189,14.7179278],[-17.4743231,14.7179854],[-17.4744149,14.7179792],[-17.4744108,14.7179215]]],"type":"Polygon"},"id":"a248efbe-acdc-4daf-8327-c9a634b8c01e","properties":{"building":true,"sourceLayer":"buildings","sources":["Google Open Buildings"]},"type":"Feature"},{"geometry":{"coordinates":[[[-17.4732828,14.7139659],[-17.4733338,14.7140695],[-17.4734847,14.714],[-17.4733837,14.7137949],[-17.4733115,14.7138281],[-17.4733323,14.7138704],[-17.4732842,14.7138926],[-17.4733134,14.7139518],[-17.4732828,14.7139659]]],"type":"Polygon"},"id":"a27adffe-376d-4152-9c8c-c6dc0014b689","properties":{"building":true,"sourceLayer":"buildings","sources":["Microsoft ML Buildings"]},"type":"Feature"},{"geometry":{"coordinates":[[[-17.4723596,14.720615],[-17.4724507,14.7206175],[-17.4724504,14.7206279],[-17.4725148,14.7206296],[-17.4725163,14.7205778],[-17.4724895,14.720577],[-17.4724916,14.7205019],[-17.472363,14.7204984],[-17.4723596,14.720615]]],"type":"Polygon"},"id":"a294ea4e-ed45-4dbe-88f9-af9211d462c6","properties":{"building":true,"sourceLayer":"buildings","sources":["Microsoft ML Buildings"]},"type":"Feature"},{"geometry":{"coordinates":[[[-17.4723127,14.7168901],[-17.4722225,14.7169153],[-17.4722292,14.716938],[-17.4723194,14.7169128],[-17.4723127,14.7168901]]],"type":"Polygon"},"id":"a2995e58-99c8-4965-a990-8d5c5d46f728","properties":{"building":true,"sourceLayer":"buildings","sources":["Google Open Buildings"]},"type":"Feature"},{"geometry":{"coordinates":[[[-17.4737035,14.7173877],[-17.4736718,14.7173924],[-17.4736883,14.7174963],[-17.47372,14.7174915],[-17.4737035,14.7173877]]],"type":"Polygon"},"id":"a2cd2b6d-f479-47f3-8a82-6f5b4008560d","properties":{"building":true,"sourceLayer":"buildings","sources":["Google Open Buildings"]},"type":"Feature"},{"geometry":{"coordinates":[[[-17.4740764,14.7177503],[-17.4740114,14.7177545],[-17.4740171,14.7178379],[-17.4739409,14.7178429],[-17.4739372,14.7177897],[-17.473911,14.7177914],[-17.4739168,14.7178757],[-17.4740414,14.7178676],[-17.4740393,14.7178365],[-17.4740821,14.7178337],[-17.4740764,14.7177503]]],"type":"Polygon"},"id":"a2d208ee-197b-4794-b4d2-2cca72103711","properties":{"building":true,"sourceLayer":"buildings","sources":["Google Open Buildings"]},"type":"Feature"},{"geometry":{"coordinates":[[[-17.4785508,14.7163283],[-17.4786539,14.7163316],[-17.4786601,14.7161528],[-17.4785569,14.7161495],[-17.4785508,14.7163283]]],"type":"Polygon"},"id":"a2de1d76-8174-4548-ba00-77d17d4703a6","properties":{"building":true,"sourceLayer":"buildings","sources":["Microsoft ML Buildings"]},"type":"Feature"},{"geometry":{"coordinates":[[[-17.4744113,14.7164716],[-17.4743717,14.7164941],[-17.4743875,14.7165205],[-17.4744271,14.716498],[-17.4744113,14.7164716]]],"type":"Polygon"},"id":"a350dba6-b8af-471b-84b3-901e378c1c95","properties":{"building":true,"sourceLayer":"buildings","sources":["Google Open Buildings"]},"type":"Feature"},{"geometry":{"coordinates":[[[-17.4719667,14.7170425],[-17.4719187,14.717045],[-17.471922,14.7171037],[-17.4719699,14.7171012],[-17.4719667,14.7170425]]],"type":"Polygon"},"id":"a3665cb1-824f-4b3c-b7ca-2d2181c770cc","properties":{"building":true,"sourceLayer":"buildings","sources":["Google Open Buildings"]},"type":"Feature"},{"geometry":{"coordinates":[[[-17.4788793,14.7214931],[-17.4787644,14.7213348],[-17.4786079,14.7214184],[-17.4786978,14.7215378],[-17.4787766,14.7215059],[-17.4787837,14.7215187],[-17.4788793,14.7214931]]],"type":"Polygon"},"id":"a3a79e2b-e6b3-47d2-b1e1-b7f20ab8a1a3","properties":{"building":true,"sourceLayer":"buildings","sources":["OpenStreetMap"]},"type":"Feature"},{"geometry":{"coordinates":[[[-17.4766948,14.7177609],[-17.4767518,14.7178041],[-17.4768155,14.7177284],[-17.4768094,14.7177233],[-17.4768331,14.7176876],[-17.4767946,14.7176631],[-17.4768011,14.7176533],[-17.4767373,14.7176041],[-17.4766787,14.7176751],[-17.4767253,14.7177087],[-17.4766948,14.7177609]]],"type":"Polygon"},"id":"a3c346c0-7c36-4fec-a80f-4c73b547d9a0","properties":{"building":true,"sourceLayer":"buildings","sources":["OpenStreetMap"]},"type":"Feature"},{"geometry":{"coordinates":[[[-17.4760487,14.71538],[-17.4759891,14.7153847],[-17.4759924,14.7154244],[-17.476052,14.7154197],[-17.4760487,14.71538]]],"type":"Polygon"},"id":"a3c5781e-0725-4aff-8f2c-89f2877bf802","properties":{"building":true,"sourceLayer":"buildings","sources":["Google Open Buildings"]},"type":"Feature"},{"geometry":{"coordinates":[[[-17.4787287,14.7136342],[-17.4790425,14.7138459],[-17.4790623,14.7138181],[-17.4790892,14.7138362],[-17.4791485,14.713753],[-17.4788078,14.7135231],[-17.4787287,14.7136342]]],"type":"Polygon"},"id":"a40d8e4c-e893-4dc2-912a-10b21d29d60f","properties":{"building":true,"sourceLayer":"buildings","sources":["Google Open Buildings"]},"type":"Feature"},{"geometry":{"coordinates":[[[-17.4774722,14.7183772],[-17.4774975,14.7184044],[-17.477543,14.7183448],[-17.477522,14.7183118],[-17.4774851,14.718368],[-17.4774794,14.7183664],[-17.4774722,14.7183772]]],"type":"Polygon"},"id":"a45204e1-d6e9-487f-be44-9ace3a4faac6","properties":{"building":true,"sourceLayer":"buildings","sources":["OpenStreetMap"]},"type":"Feature"},{"geometry":{"coordinates":[[[-17.4788593,14.7204278],[-17.4789155,14.7203607],[-17.4789471,14.7203153],[-17.4789725,14.7203287],[-17.4790016,14.7202947],[-17.4789277,14.7202411],[-17.4788621,14.7202073],[-17.478781,14.7203253],[-17.4787638,14.720357],[-17.4788593,14.7204278]]],"type":"Polygon"},"id":"a491aef3-27ef-4613-b59e-87f3d9e4d64c","properties":{"building":true,"sourceLayer":"buildings","sources":["OpenStreetMap"]},"type":"Feature"},{"geometry":{"coordinates":[[[-17.4736399,14.7149944],[-17.4735978,14.7150124],[-17.4736318,14.715088],[-17.473674,14.71507],[-17.4736399,14.7149944]]],"type":"Polygon"},"id":"a4c6abb9-be19-439c-9b32-c04cea47a2ee","properties":{"building":true,"sourceLayer":"buildings","sources":["Google Open Buildings"]},"type":"Feature"},{"geometry":{"coordinates":[[[-17.4726214,14.7153671],[-17.4726996,14.715338],[-17.4726766,14.7152803],[-17.4725984,14.7153095],[-17.4726214,14.7153671]]],"type":"Polygon"},"id":"a4e6facd-b1ed-4efe-9386-e575eb08f3c6","properties":{"building":true,"sourceLayer":"buildings","sources":["Microsoft ML Buildings"]},"type":"Feature"},{"geometry":{"coordinates":[[[-17.4768056,14.7193977],[-17.4769625,14.7194021],[-17.4769687,14.7193484],[-17.4769974,14.7193222],[-17.4769528,14.7192968],[-17.4769182,14.7193263],[-17.4768686,14.719282],[-17.4768536,14.7193056],[-17.4767962,14.7192905],[-17.4768056,14.7193977]]],"type":"Polygon"},"id":"a51dc730-cb1f-4fbe-9f91-88a08b3ed52b","properties":{"building":true,"sourceLayer":"buildings","sources":["OpenStreetMap"]},"type":"Feature"},{"geometry":{"coordinates":[[[-17.4761539,14.7163843],[-17.4760432,14.7163922],[-17.4760543,14.7165396],[-17.476165,14.7165317],[-17.4761539,14.7163843]]],"type":"Polygon"},"id":"a51f7e1e-04c9-4c8c-a3d0-a6e373ad103c","properties":{"building":true,"sourceLayer":"buildings","sources":["Google Open Buildings"]},"type":"Feature"},{"geometry":{"coordinates":[[[-17.4757017,14.71431],[-17.4756411,14.7143381],[-17.4756769,14.7144112],[-17.4757375,14.7143831],[-17.4757017,14.71431]]],"type":"Polygon"},"id":"a55027ee-ccb4-4233-9d10-6cf9ed5b46b4","properties":{"building":true,"sourceLayer":"buildings","sources":["Google Open Buildings"]},"type":"Feature"},{"geometry":{"coordinates":[[[-17.4731162,14.7172772],[-17.4731101,14.7172536],[-17.4730353,14.7172719],[-17.4730414,14.7172955],[-17.4731162,14.7172772]]],"type":"Polygon"},"id":"a568b11c-9b08-41bd-a567-3dcda549c15c","properties":{"building":true,"sourceLayer":"buildings","sources":["Google Open Buildings"]},"type":"Feature"},{"geometry":{"coordinates":[[[-17.4767003,14.7185172],[-17.4766388,14.7184788],[-17.4765535,14.7186378],[-17.4765924,14.7186615],[-17.4767003,14.7185172]]],"type":"Polygon"},"id":"a5f6668c-e9fb-4620-a217-906fa5d34437","properties":{"building":true,"sourceLayer":"buildings","sources":["OpenStreetMap"]},"type":"Feature"},{"geometry":{"coordinates":[[[-17.4735925,14.7213603],[-17.4736905,14.7213412],[-17.4736683,14.721234],[-17.4735832,14.7212505],[-17.4735721,14.7211969],[-17.4734973,14.7212114],[-17.4735229,14.7213349],[-17.4735848,14.7213229],[-17.4735925,14.7213603]]],"type":"Polygon"},"id":"a6137fa2-14fe-4c77-8336-adb2d18d3904","properties":{"building":true,"sourceLayer":"buildings","sources":["Microsoft ML Buildings"]},"type":"Feature"},{"geometry":{"coordinates":[[[-17.4764243,14.7146405],[-17.4764278,14.7147233],[-17.4764987,14.7147205],[-17.4764951,14.7146376],[-17.4764243,14.7146405]]],"type":"Polygon"},"id":"a65bc7ad-9e9f-449d-b751-4f41547ee5df","properties":{"building":true,"sourceLayer":"buildings","sources":["Microsoft ML Buildings"]},"type":"Feature"},{"geometry":{"coordinates":[[[-17.478136,14.7193817],[-17.4782601,14.7193119],[-17.4781971,14.7192204],[-17.4781596,14.7192665],[-17.4780828,14.7192969],[-17.478136,14.7193817]]],"type":"Polygon"},"id":"a6654c7c-87f2-4ca9-809f-bd7d543d6021","properties":{"building":true,"sourceLayer":"buildings","sources":["OpenStreetMap"]},"type":"Feature"},{"geometry":{"coordinates":[[[-17.4775558,14.7192721],[-17.477431,14.7193348],[-17.4775066,14.7194954],[-17.4776304,14.7194386],[-17.4775558,14.7192721]]],"type":"Polygon"},"id":"a6867994-1cc8-4528-9f1b-7c87d4511dfd","properties":{"building":true,"sourceLayer":"buildings","sources":["OpenStreetMap"]},"type":"Feature"},{"geometry":{"coordinates":[[[-17.477623,14.7204578],[-17.4777536,14.7205654],[-17.4778149,14.7204787],[-17.4776846,14.7203884],[-17.477623,14.7204578]]],"type":"Polygon"},"id":"a6cb46c3-9ce1-4ee0-bf71-9c2a6f161801","properties":{"building":true,"sourceLayer":"buildings","sources":["OpenStreetMap"]},"type":"Feature"},{"geometry":{"coordinates":[[[-17.4765329,14.7187416],[-17.4766855,14.7188309],[-17.4767426,14.7187528],[-17.4765267,14.7186288],[-17.4765329,14.7187416]]],"type":"Polygon"},"id":"a6dcadcc-c566-4fa6-badb-fb7c572eb3b2","properties":{"building":true,"sourceLayer":"buildings","sources":["OpenStreetMap"]},"type":"Feature"},{"geometry":{"coordinates":[[[-17.4769762,14.7190476],[-17.4770544,14.7189326],[-17.4769465,14.7188456],[-17.4768637,14.7189572],[-17.4769762,14.7190476]]],"type":"Polygon"},"id":"a6dfe603-b95d-40e1-9013-76d366949597","properties":{"building":true,"sourceLayer":"buildings","sources":["OpenStreetMap"]},"type":"Feature"},{"geometry":{"coordinates":[[[-17.4715264,14.7140839],[-17.4715745,14.7140865],[-17.4715772,14.71404],[-17.4715291,14.7140374],[-17.4715264,14.7140839]]],"type":"Polygon"},"id":"a6ef79a4-b2cc-49bd-8023-04ff493f2da6","properties":{"building":true,"sourceLayer":"buildings","sources":["Microsoft ML Buildings"]},"type":"Feature"},{"geometry":{"coordinates":[[[-17.47683,14.7203858],[-17.4770097,14.7203386],[-17.4769816,14.7202132],[-17.476795,14.7202501],[-17.47683,14.7203858]]],"type":"Polygon"},"id":"a71059de-0e83-4eb6-b7ea-47b274f6aab0","properties":{"building":true,"sourceLayer":"buildings","sources":["OpenStreetMap"]},"type":"Feature"},{"geometry":{"coordinates":[[[-17.4744164,14.7158117],[-17.4743597,14.7158142],[-17.4743625,14.7158743],[-17.4744192,14.7158718],[-17.4744164,14.7158117]]],"type":"Polygon"},"id":"a711da95-1512-4d7d-b174-47c8310428e6","properties":{"building":true,"sourceLayer":"buildings","sources":["Google Open Buildings"]},"type":"Feature"},{"geometry":{"coordinates":[[[-17.476806,14.7150581],[-17.4767776,14.7149427],[-17.4765288,14.7149999],[-17.4765608,14.7151301],[-17.476637,14.7151125],[-17.4766334,14.7150978],[-17.476806,14.7150581]]],"type":"Polygon"},"id":"a73e6f91-ba00-4ae6-b81f-01bc97547a68","properties":{"building":true,"sourceLayer":"buildings","sources":["Microsoft ML Buildings"]},"type":"Feature"},{"geometry":{"coordinates":[[[-17.4721168,14.7191123],[-17.472072,14.7191066],[-17.4720682,14.7191346],[-17.472113,14.7191403],[-17.4721168,14.7191123]]],"type":"Polygon"},"id":"a77ff153-6bd6-46f8-b088-738c606cdd94","properties":{"building":true,"sourceLayer":"buildings","sources":["Microsoft ML Buildings"]},"type":"Feature"},{"geometry":{"coordinates":[[[-17.4788399,14.7204852],[-17.4787343,14.7204106],[-17.4786497,14.7205116],[-17.4787541,14.7205921],[-17.4788399,14.7204852]]],"type":"Polygon"},"id":"a793eeda-174d-4d33-9255-edbd948b874d","properties":{"building":true,"sourceLayer":"buildings","sources":["OpenStreetMap"]},"type":"Feature"},{"geometry":{"coordinates":[[[-17.4765822,14.7170403],[-17.4763352,14.7170604],[-17.476339,14.7171048],[-17.4763218,14.7171062],[-17.4763321,14.7172258],[-17.4763095,14.7172276],[-17.4763078,14.7172071],[-17.4761375,14.717221],[-17.4761497,14.7173631],[-17.4765783,14.7173283],[-17.476562,14.7171386],[-17.4765904,14.7171362],[-17.4765822,14.7170403]]],"type":"Polygon"},"id":"a7d5ff69-071b-47cd-a16e-a33f876d36a0","properties":{"building":true,"sourceLayer":"buildings","sources":["Google Open Buildings"]},"type":"Feature"},{"geometry":{"coordinates":[[[-17.4783445,14.7218783],[-17.4783751,14.7218824],[-17.4783919,14.7217743],[-17.4782622,14.7217572],[-17.4782543,14.7218616],[-17.4783246,14.7218723],[-17.4783264,14.7218564],[-17.4783467,14.7218599],[-17.4783445,14.7218783]]],"type":"Polygon"},"id":"a824a257-4703-4bd8-bde9-0ad6946ee099","properties":{"building":true,"sourceLayer":"buildings","sources":["OpenStreetMap"]},"type":"Feature"},{"geometry":{"coordinates":[[[-17.4713441,14.7159059],[-17.4712933,14.7159001],[-17.4712393,14.7163457],[-17.4712902,14.7163515],[-17.4713441,14.7159059]]],"type":"Polygon"},"id":"a89ac38d-df10-4a9a-94e4-67377f23537a","properties":{"building":true,"sourceLayer":"buildings","sources":["Google Open Buildings"]},"type":"Feature"},{"geometry":{"coordinates":[[[-17.4763873,14.7177023],[-17.4764885,14.7176997],[-17.4764786,14.7176256],[-17.4764494,14.7176282],[-17.4764485,14.7176191],[-17.4763864,14.7176186],[-17.4763755,14.7176114],[-17.4763873,14.7177023]]],"type":"Polygon"},"id":"a8bd0b36-5780-4591-b8b0-bb7e060875d1","properties":{"building":true,"sourceLayer":"buildings","sources":["OpenStreetMap"]},"type":"Feature"},{"geometry":{"coordinates":[[[-17.4747687,14.716893],[-17.4747223,14.7168655],[-17.4747012,14.7168703],[-17.4747098,14.7169064],[-17.4747687,14.716893]]],"type":"Polygon"},"id":"a9139d82-12a7-4d0d-b6b4-8091eddbb717","properties":{"building":true,"sourceLayer":"buildings","sources":["Google Open Buildings"]},"type":"Feature"},{"geometry":{"coordinates":[[[-17.4786518,14.7208664],[-17.4786155,14.7208818],[-17.4785279,14.7209126],[-17.4785686,14.7209699],[-17.4785606,14.7209776],[-17.4785827,14.721011],[-17.4786951,14.72094],[-17.4786518,14.7208664]]],"type":"Polygon"},"id":"a9380774-00cb-4248-80c1-12f171976c77","properties":{"building":true,"sourceLayer":"buildings","sources":["OpenStreetMap"]},"type":"Feature"},{"geometry":{"coordinates":[[[-17.476129,14.7171219],[-17.4761375,14.717221],[-17.4762355,14.717213],[-17.4762296,14.7171437],[-17.476192,14.7171467],[-17.4761895,14.717117],[-17.476129,14.7171219]]],"type":"Polygon"},"id":"a93acacb-ebfb-45ca-9085-b0b1a1e3976d","properties":{"building":true,"sourceLayer":"buildings","sources":["Google Open Buildings"]},"type":"Feature"},{"geometry":{"coordinates":[[[-17.4772337,14.7208878],[-17.4773409,14.7208988],[-17.4773388,14.7207619],[-17.4772255,14.7207639],[-17.4772337,14.7208878]]],"type":"Polygon"},"id":"a9627998-6b24-47de-897c-7bdf14df01a4","properties":{"building":true,"sourceLayer":"buildings","sources":["OpenStreetMap"]},"type":"Feature"},{"geometry":{"coordinates":[[[-17.4774936,14.7203725],[-17.4775634,14.7202984],[-17.4774618,14.7201932],[-17.4773864,14.7202772],[-17.4774936,14.7203725]]],"type":"Polygon"},"id":"a9a48daa-7489-4be8-a307-ff0932524a56","properties":{"building":true,"sourceLayer":"buildings","sources":["OpenStreetMap"]},"type":"Feature"},{"geometry":{"coordinates":[[[-17.4788333,14.7201156],[-17.4789111,14.7200189],[-17.4787569,14.7199074],[-17.4786764,14.7200008],[-17.4787172,14.7200539],[-17.478743,14.7200163],[-17.4787607,14.7200343],[-17.4787864,14.7200078],[-17.4788183,14.72003],[-17.4787731,14.720078],[-17.4788333,14.7201156]]],"type":"Polygon"},"id":"a9b1bb65-42f2-4457-877e-90541abd826b","properties":{"building":true,"sourceLayer":"buildings","sources":["OpenStreetMap"]},"type":"Feature"},{"geometry":{"coordinates":[[[-17.4782038,14.7197818],[-17.4783135,14.7198903],[-17.4783737,14.7198031],[-17.4782487,14.7197021],[-17.4782038,14.7197818]]],"type":"Polygon"},"id":"a9b70461-2dfd-43e1-aa28-b260db955887","properties":{"building":true,"sourceLayer":"buildings","sources":["OpenStreetMap"]},"type":"Feature"},{"geometry":{"coordinates":[[[-17.4779257,14.721679],[-17.4779042,14.7216354],[-17.4777921,14.7216873],[-17.4778136,14.7217308],[-17.4779257,14.721679]]],"type":"Polygon"},"id":"aa420398-918b-4aad-89d1-c46a591cf679","properties":{"building":true,"sourceLayer":"buildings","sources":["Microsoft ML Buildings"]},"type":"Feature"},{"geometry":{"coordinates":[[[-17.4787408,14.7209213],[-17.4788155,14.7208965],[-17.478784,14.7208163],[-17.4787011,14.7208434],[-17.4787408,14.7209213]]],"type":"Polygon"},"id":"aa581e2b-cd9d-4f83-81c6-585d9129ada0","properties":{"building":true,"sourceLayer":"buildings","sources":["OpenStreetMap"]},"type":"Feature"},{"geometry":{"coordinates":[[[-17.4748533,14.7151547],[-17.4748296,14.7151583],[-17.4748288,14.7151529],[-17.4747331,14.7151672],[-17.474742,14.7152241],[-17.4748614,14.7152063],[-17.4748533,14.7151547]]],"type":"Polygon"},"id":"aa682285-57a3-4910-8a78-3d9285f6a9bf","properties":{"building":true,"sourceLayer":"buildings","sources":["Google Open Buildings"]},"type":"Feature"},{"geometry":{"coordinates":[[[-17.4770601,14.7189253],[-17.4771297,14.7188083],[-17.4770294,14.7187373],[-17.4770079,14.7187629],[-17.4769469,14.7188395],[-17.4770601,14.7189253]]],"type":"Polygon"},"id":"aaadc3d1-a4d7-44ac-bca0-d9345f100bc6","properties":{"building":true,"sourceLayer":"buildings","sources":["OpenStreetMap"]},"type":"Feature"},{"geometry":{"coordinates":[[[-17.4744262,14.7177071],[-17.4743997,14.7177111],[-17.4744052,14.7177462],[-17.4744317,14.7177422],[-17.4744262,14.7177071]]],"type":"Polygon"},"id":"ab339dde-1537-4f95-92b5-6c139aba11e8","properties":{"building":true,"sourceLayer":"buildings","sources":["Google Open Buildings"]},"type":"Feature"},{"geometry":{"coordinates":[[[-17.4777235,14.7196031],[-17.4777881,14.719568],[-17.4777039,14.7194119],[-17.4776285,14.7194593],[-17.4777235,14.7196031]]],"type":"Polygon"},"id":"ab395c0f-3684-4bc2-a779-76ef82aca1f1","properties":{"building":true,"sourceLayer":"buildings","sources":["OpenStreetMap"]},"type":"Feature"},{"geometry":{"coordinates":[[[-17.4762974,14.7147865],[-17.4761014,14.714816],[-17.4761069,14.7148511],[-17.4760685,14.7148568],[-17.4760861,14.7149675],[-17.4763206,14.7149322],[-17.4762974,14.7147865]]],"type":"Polygon"},"id":"ab3c808d-d3ea-4d25-a51c-da50f13a41a4","properties":{"building":true,"sourceLayer":"buildings","sources":["Google Open Buildings"]},"type":"Feature"},{"geometry":{"coordinates":[[[-17.478781,14.7203253],[-17.4788621,14.7202073],[-17.4787502,14.7200968],[-17.4787006,14.720172],[-17.478726,14.720193],[-17.4786884,14.7202572],[-17.478781,14.7203253]]],"type":"Polygon"},"id":"ab5cf006-0e09-44ec-8a6e-8b51113f08fe","properties":{"building":true,"sourceLayer":"buildings","sources":["OpenStreetMap"]},"type":"Feature"},{"geometry":{"coordinates":[[[-17.4743579,14.714366],[-17.4742935,14.7143945],[-17.4743189,14.7144487],[-17.4743832,14.7144202],[-17.4743579,14.714366]]],"type":"Polygon"},"id":"ac308de0-0078-438f-9ada-dc41f3edb916","properties":{"building":true,"sourceLayer":"buildings","sources":["Google Open Buildings"]},"type":"Feature"},{"geometry":{"coordinates":[[[-17.472325,14.7199398],[-17.4724717,14.7199497],[-17.4724784,14.7198552],[-17.4723317,14.7198454],[-17.472325,14.7199398]]],"type":"Polygon"},"id":"ac3cff0b-dc53-4e65-a5ce-51ac5695aea2","properties":{"building":true,"sourceLayer":"buildings","sources":["Google Open Buildings"]},"type":"Feature"},{"geometry":{"coordinates":[[[-17.4717902,14.720214],[-17.4718989,14.7202181],[-17.471903,14.7201157],[-17.4719818,14.7201186],[-17.4719831,14.7200837],[-17.4717957,14.7200768],[-17.4717902,14.720214]]],"type":"Polygon"},"id":"ac46963e-df6a-4d0a-a4b2-a39cb5bbb314","properties":{"building":true,"sourceLayer":"buildings","sources":["Microsoft ML Buildings"]},"type":"Feature"},{"geometry":{"coordinates":[[[-17.4750244,14.7140291],[-17.4749798,14.7140438],[-17.4749913,14.714077],[-17.4750359,14.7140624],[-17.4750244,14.7140291]]],"type":"Polygon"},"id":"ac61ac5a-fd9a-44dc-aaef-53227380a9a7","properties":{"building":true,"sourceLayer":"buildings","sources":["Google Open Buildings"]},"type":"Feature"},{"geometry":{"coordinates":[[[-17.4728698,14.7209721],[-17.4728714,14.7209333],[-17.4728429,14.7209322],[-17.4728414,14.720971],[-17.4728698,14.7209721]]],"type":"Polygon"},"id":"ac7ff8a6-ea7d-400b-a54e-8a0a1863bc37","properties":{"building":true,"sourceLayer":"buildings","sources":["Microsoft ML Buildings"]},"type":"Feature"},{"geometry":{"coordinates":[[[-17.4779222,14.7204655],[-17.4779913,14.7205167],[-17.4780788,14.7204106],[-17.478007,14.7203555],[-17.4779222,14.7204655]]],"type":"Polygon"},"id":"ac857992-396d-4366-88cc-8ba9227b4dde","properties":{"building":true,"sourceLayer":"buildings","sources":["OpenStreetMap"]},"type":"Feature"},{"geometry":{"coordinates":[[[-17.4753067,14.7150701],[-17.4752413,14.7150873],[-17.4752502,14.7151193],[-17.4753156,14.7151021],[-17.4753067,14.7150701]]],"type":"Polygon"},"id":"aca8451d-6a4b-4eef-8f81-34a34eecea20","properties":{"building":true,"sourceLayer":"buildings","sources":["Google Open Buildings"]},"type":"Feature"},{"geometry":{"coordinates":[[[-17.4729682,14.7167394],[-17.4729354,14.7167522],[-17.4729577,14.7168063],[-17.4729905,14.7167934],[-17.4729682,14.7167394]]],"type":"Polygon"},"id":"acbed399-348c-4a84-820e-d9c5acff3ac4","properties":{"building":true,"sourceLayer":"buildings","sources":["Google Open Buildings"]},"type":"Feature"},{"geometry":{"coordinates":[[[-17.4719818,14.7206279],[-17.4720887,14.7206337],[-17.4720976,14.7204812],[-17.4720094,14.7204764],[-17.4720046,14.7205591],[-17.4719858,14.7205581],[-17.4719818,14.7206279]]],"type":"Polygon"},"id":"accd3eb3-e739-4115-bf03-05e709390bc4","properties":{"building":true,"sourceLayer":"buildings","sources":["Microsoft ML Buildings"]},"type":"Feature"},{"geometry":{"coordinates":[[[-17.4786483,14.7202615],[-17.4787006,14.720172],[-17.4786054,14.7200903],[-17.4785437,14.7201785],[-17.4786483,14.7202615]]],"type":"Polygon"},"id":"ad32e99b-1658-4976-85d9-ae1ab7d03630","properties":{"building":true,"sourceLayer":"buildings","sources":["OpenStreetMap"]},"type":"Feature"},{"geometry":{"coordinates":[[[-17.4779746,14.7163157],[-17.4781055,14.7163076],[-17.4781008,14.7162378],[-17.4779699,14.716246],[-17.4779746,14.7163157]]],"type":"Polygon"},"id":"ad47dc25-b9ea-4575-a4ec-4dd35945320b","properties":{"building":true,"sourceLayer":"buildings","sources":["Microsoft ML Buildings"]},"type":"Feature"},{"geometry":{"coordinates":[[[-17.4748207,14.7173048],[-17.4747483,14.7173094],[-17.4747508,14.7173468],[-17.4748232,14.7173422],[-17.4748207,14.7173048]]],"type":"Polygon"},"id":"ad7413d6-b64e-4305-9af8-845383d560d2","properties":{"building":true,"sourceLayer":"buildings","sources":["Google Open Buildings"]},"type":"Feature"},{"geometry":{"coordinates":[[[-17.4749692,14.7161676],[-17.4748996,14.7161706],[-17.474901,14.7162018],[-17.4749705,14.7161989],[-17.4749692,14.7161676]]],"type":"Polygon"},"id":"add0611d-c677-4de3-b6f3-af12084cc4e1","properties":{"building":true,"sourceLayer":"buildings","sources":["Google Open Buildings"]},"type":"Feature"},{"geometry":{"coordinates":[[[-17.4724158,14.715656],[-17.4721962,14.7157046],[-17.4722166,14.715792],[-17.4724362,14.7157434],[-17.4724158,14.715656]]],"type":"Polygon"},"id":"adde2ea3-38d7-4680-955b-1c7ccbb2403e","properties":{"building":true,"sourceLayer":"buildings","sources":["Google Open Buildings"]},"type":"Feature"},{"geometry":{"coordinates":[[[-17.4747004,14.7146094],[-17.4746466,14.7146243],[-17.4746582,14.7146639],[-17.474712,14.714649],[-17.4747004,14.7146094]]],"type":"Polygon"},"id":"ae9637f0-eb0b-4112-be88-8b66214941e8","properties":{"building":true,"sourceLayer":"buildings","sources":["Google Open Buildings"]},"type":"Feature"},{"geometry":{"coordinates":[[[-17.4727845,14.7151521],[-17.4728505,14.7152795],[-17.4728929,14.7152587],[-17.4728269,14.7151313],[-17.4727845,14.7151521]]],"type":"Polygon"},"id":"aea2314f-210c-47d4-992d-f2645edfccb3","properties":{"building":true,"sourceLayer":"buildings","sources":["Google Open Buildings"]},"type":"Feature"},{"geometry":{"coordinates":[[[-17.4748624,14.7177874],[-17.474843,14.7177561],[-17.4747759,14.7177954],[-17.4747954,14.7178267],[-17.4748624,14.7177874]]],"type":"Polygon"},"id":"af2e00b3-c428-4543-82c9-37ca70e59aac","properties":{"building":true,"sourceLayer":"buildings","sources":["Google Open Buildings"]},"type":"Feature"},{"geometry":{"coordinates":[[[-17.4742207,14.7152154],[-17.474179,14.7152105],[-17.4741724,14.7152642],[-17.474214,14.7152691],[-17.4742207,14.7152154]]],"type":"Polygon"},"id":"af5ec19b-9597-4d47-8d42-e8f9298bf0d4","properties":{"building":true,"sourceLayer":"buildings","sources":["Google Open Buildings"]},"type":"Feature"},{"geometry":{"coordinates":[[[-17.4736113,14.7173554],[-17.4736184,14.7174005],[-17.4736612,14.717394],[-17.473654,14.7173489],[-17.4736113,14.7173554]]],"type":"Polygon"},"id":"af79ff44-9a22-408c-80b9-0f95b146e4c1","properties":{"building":true,"sourceLayer":"buildings","sources":["Google Open Buildings"]},"type":"Feature"},{"geometry":{"coordinates":[[[-17.4767838,14.7156362],[-17.4766918,14.715643],[-17.4767027,14.7157827],[-17.476827,14.7157735],[-17.4768218,14.7157064],[-17.4767895,14.7157088],[-17.4767838,14.7156362]]],"type":"Polygon"},"id":"afa259a6-857b-417b-8281-43c32ed5c515","properties":{"building":true,"sourceLayer":"buildings","sources":["Google Open Buildings"]},"type":"Feature"},{"geometry":{"coordinates":[[[-17.4768302,14.7197875],[-17.4768931,14.7198505],[-17.4769183,14.7198267],[-17.4768554,14.7197637],[-17.4768302,14.7197875]]],"type":"Polygon"},"id":"afc273dd-3a8b-4a06-b5ae-80f3c2818698","properties":{"building":true,"sourceLayer":"buildings","sources":["Google Open Buildings"]},"type":"Feature"},{"geometry":{"coordinates":[[[-17.4743786,14.7161579],[-17.4743488,14.7161427],[-17.4743107,14.7162136],[-17.4743405,14.7162288],[-17.4743786,14.7161579]]],"type":"Polygon"},"id":"b00f6963-4adc-4221-9907-20746c48b06a","properties":{"building":true,"sourceLayer":"buildings","sources":["Google Open Buildings"]},"type":"Feature"},{"geometry":{"coordinates":[[[-17.4761349,14.7172179],[-17.476073,14.7172225],[-17.476076,14.7172611],[-17.4760464,14.7172633],[-17.4760548,14.7173689],[-17.4761463,14.717362],[-17.4761349,14.7172179]]],"type":"Polygon"},"id":"b09b6f04-e90a-4838-81a6-649807f96e04","properties":{"building":true,"sourceLayer":"buildings","sources":["Google Open Buildings"]},"type":"Feature"},{"geometry":{"coordinates":[[[-17.4748437,14.7170094],[-17.4747822,14.7170084],[-17.4747818,14.7170306],[-17.4748434,14.7170315],[-17.4748437,14.7170094]]],"type":"Polygon"},"id":"b0e84ee7-2026-4f06-9029-af5c2e5e8bf2","properties":{"building":true,"sourceLayer":"buildings","sources":["Google Open Buildings"]},"type":"Feature"},{"geometry":{"coordinates":[[[-17.4771781,14.7200407],[-17.4772601,14.7201383],[-17.4773455,14.7200613],[-17.4772535,14.7199678],[-17.4771781,14.7200407]]],"type":"Polygon"},"id":"b114eb1b-cfe6-4c5f-a93f-e936cc1bfb6e","properties":{"building":true,"sourceLayer":"buildings","sources":["OpenStreetMap"]},"type":"Feature"},{"geometry":{"coordinates":[[[-17.4741567,14.7217123],[-17.4740575,14.7217387],[-17.4740798,14.7218181],[-17.47411,14.7218101],[-17.4741233,14.7218574],[-17.4740931,14.7218654],[-17.4741247,14.7219783],[-17.474224,14.7219519],[-17.4741567,14.7217123]]],"type":"Polygon"},"id":"b122541e-de70-4164-b23d-949ad2a4b00e","properties":{"building":true,"sourceLayer":"buildings","sources":["Google Open Buildings"]},"type":"Feature"},{"geometry":{"coordinates":[[[-17.4765543,14.7140365],[-17.4763906,14.714059],[-17.4764081,14.7141799],[-17.4765718,14.7141574],[-17.4765543,14.7140365]]],"type":"Polygon"},"id":"b17d7fbf-c92a-414d-9177-a794a727f03a","properties":{"building":true,"sourceLayer":"buildings","sources":["Google Open Buildings"]},"type":"Feature"},{"geometry":{"coordinates":[[[-17.4737023,14.7160502],[-17.4736876,14.7160822],[-17.4737211,14.7160968],[-17.4737358,14.7160649],[-17.4737023,14.7160502]]],"type":"Polygon"},"id":"b18401bc-4803-4b06-b640-e82ebfd1fddb","properties":{"building":true,"sourceLayer":"buildings","sources":["Google Open Buildings"]},"type":"Feature"},{"geometry":{"coordinates":[[[-17.4790872,14.7153885],[-17.4790316,14.7154776],[-17.4791627,14.7155552],[-17.4792183,14.7154661],[-17.4790872,14.7153885]]],"type":"Polygon"},"id":"b1885f82-d4e9-47f0-94f5-38b438678957","properties":{"building":true,"sourceLayer":"buildings","sources":["Google Open Buildings"]},"type":"Feature"},{"geometry":{"coordinates":[[[-17.4778409,14.7171542],[-17.4778265,14.7170963],[-17.4777732,14.7171086],[-17.4777876,14.7171665],[-17.4778409,14.7171542]]],"type":"Polygon"},"id":"b1a21ee8-702a-4a65-b65e-80c3c412ae3c","properties":{"building":true,"sourceLayer":"buildings","sources":["Microsoft ML Buildings"]},"type":"Feature"},{"geometry":{"coordinates":[[[-17.4749989,14.7163456],[-17.4749593,14.7163524],[-17.4749659,14.7163887],[-17.4750055,14.7163819],[-17.4749989,14.7163456]]],"type":"Polygon"},"id":"b1cda7e4-acc0-4dbd-958c-7730e2c2d4da","properties":{"building":true,"sourceLayer":"buildings","sources":["Google Open Buildings"]},"type":"Feature"},{"geometry":{"coordinates":[[[-17.4709183,14.7172515],[-17.4709141,14.7173069],[-17.4710762,14.7173184],[-17.4710804,14.717263],[-17.4709183,14.7172515]]],"type":"Polygon"},"id":"b1ed0789-f4b9-45c7-9947-04874cb655a6","properties":{"building":true,"sourceLayer":"buildings","sources":["Google Open Buildings"]},"type":"Feature"},{"geometry":{"coordinates":[[[-17.4772617,14.7205379],[-17.477312,14.7205435],[-17.4773171,14.7205],[-17.4772668,14.7204944],[-17.4772617,14.7205379]]],"type":"Polygon"},"id":"b241cda1-3d58-43b5-b541-f7a785c77308","properties":{"building":true,"sourceLayer":"buildings","sources":["Microsoft ML Buildings"]},"type":"Feature"},{"geometry":{"coordinates":[[[-17.4782794,14.7216488],[-17.4784081,14.721667],[-17.478422,14.7215607],[-17.4782939,14.7215413],[-17.4782794,14.7216488]]],"type":"Polygon"},"id":"b2698ff3-a0fa-4fc0-b3d1-ae5769e668ec","properties":{"building":true,"sourceLayer":"buildings","sources":["OpenStreetMap"]},"type":"Feature"},{"geometry":{"coordinates":[[[-17.4781036,14.7165107],[-17.4780439,14.7165149],[-17.4780452,14.7165317],[-17.4779711,14.7165369],[-17.4779746,14.716584],[-17.4781083,14.7165746],[-17.4781036,14.7165107]]],"type":"Polygon"},"id":"b26a0add-0570-4e43-b23d-bb2b9a77e05c","properties":{"building":true,"sourceLayer":"buildings","sources":["Google Open Buildings"]},"type":"Feature"},{"geometry":{"coordinates":[[[-17.476365,14.7146988],[-17.4764029,14.7146933],[-17.476397,14.7146553],[-17.4763591,14.7146607],[-17.476365,14.7146988]]],"type":"Polygon"},"id":"b2b626b6-5011-4dc5-94e3-db33724452ed","properties":{"building":true,"sourceLayer":"buildings","sources":["Microsoft ML Buildings"]},"type":"Feature"},{"geometry":{"coordinates":[[[-17.4732247,14.7139743],[-17.4731987,14.7141204],[-17.4732717,14.7141325],[-17.4732976,14.7139864],[-17.4732247,14.7139743]]],"type":"Polygon"},"id":"b2bf058d-b878-4e2f-8fec-aa37f913f8b2","properties":{"building":true,"sourceLayer":"buildings","sources":["Microsoft ML Buildings"]},"type":"Feature"},{"geometry":{"coordinates":[[[-17.472189,14.7198358],[-17.4721823,14.7199303],[-17.4722643,14.7199358],[-17.4722676,14.7198895],[-17.4722923,14.7198911],[-17.4722957,14.719843],[-17.472189,14.7198358]]],"type":"Polygon"},"id":"b2d39cdc-6090-4630-9550-e829e4e779d7","properties":{"building":true,"sourceLayer":"buildings","sources":["Google Open Buildings"]},"type":"Feature"},{"geometry":{"coordinates":[[[-17.4750768,14.7152933],[-17.4750428,14.7152893],[-17.4750331,14.7153667],[-17.4750671,14.7153707],[-17.4750768,14.7152933]]],"type":"Polygon"},"id":"b30aaf27-35af-4aea-a2d4-1bf4ff698952","properties":{"building":true,"sourceLayer":"buildings","sources":["Google Open Buildings"]},"type":"Feature"},{"geometry":{"coordinates":[[[-17.4711301,14.7140357],[-17.4711278,14.7139751],[-17.4709771,14.713976],[-17.4709796,14.7140691],[-17.4709253,14.7140703],[-17.4709265,14.7141264],[-17.4708821,14.7141252],[-17.4708833,14.7141801],[-17.4709401,14.7141801],[-17.4709364,14.7141431],[-17.4709734,14.7141455],[-17.4709771,14.7142218],[-17.4711264,14.7142194],[-17.4711264,14.7141669],[-17.4711054,14.7141347],[-17.4711054,14.7140655],[-17.4711301,14.7140357]]],"type":"Polygon"},"id":"b32cccd7-2e0b-42be-9c4c-375e90b440c0","properties":{"building":true,"sourceLayer":"buildings","sources":["OpenStreetMap"]},"type":"Feature"},{"geometry":{"coordinates":[[[-17.4755106,14.7146272],[-17.4754775,14.7146378],[-17.4754864,14.7146645],[-17.4755196,14.7146539],[-17.4755106,14.7146272]]],"type":"Polygon"},"id":"b332cf67-9fd6-4e20-a346-e049169f9aa0","properties":{"building":true,"sourceLayer":"buildings","sources":["Google Open Buildings"]},"type":"Feature"},{"geometry":{"coordinates":[[[-17.4730876,14.7181247],[-17.4730586,14.7181179],[-17.4730489,14.7181563],[-17.473078,14.7181632],[-17.4730876,14.7181247]]],"type":"Polygon"},"id":"b36e2cad-4241-448d-badf-2963e36364bc","properties":{"building":true,"sourceLayer":"buildings","sources":["Google Open Buildings"]},"type":"Feature"},{"geometry":{"coordinates":[[[-17.4720553,14.7181192],[-17.4720584,14.7182094],[-17.472177,14.7182055],[-17.472176,14.7181777],[-17.4722007,14.7181769],[-17.4721996,14.7181437],[-17.4721749,14.7181445],[-17.4721739,14.7181154],[-17.4720553,14.7181192]]],"type":"Polygon"},"id":"b391a51e-26ef-49db-99cd-8d90d664e3a7","properties":{"building":true,"sourceLayer":"buildings","sources":["Google Open Buildings"]},"type":"Feature"},{"geometry":{"coordinates":[[[-17.4768612,14.7205533],[-17.4768449,14.7205569],[-17.4768574,14.7206097],[-17.4768737,14.720606],[-17.4768612,14.7205533]]],"type":"Polygon"},"id":"b3a7e143-dc0a-46d4-9620-5b44e2779ac2","properties":{"building":true,"sourceLayer":"buildings","sources":["Google Open Buildings"]},"type":"Feature"},{"geometry":{"coordinates":[[[-17.4728463,14.7152556],[-17.4728075,14.7152645],[-17.4728148,14.7152948],[-17.4728536,14.7152859],[-17.4728463,14.7152556]]],"type":"Polygon"},"id":"b3ab4866-61af-48f0-99ed-852cdfa82453","properties":{"building":true,"sourceLayer":"buildings","sources":["Google Open Buildings"]},"type":"Feature"},{"geometry":{"coordinates":[[[-17.4767419,14.7154204],[-17.4767672,14.7155881],[-17.4768556,14.7155754],[-17.4768303,14.7154078],[-17.4767419,14.7154204]]],"type":"Polygon"},"id":"b3bb6be7-4f9b-49d4-b008-137413c7d5c1","properties":{"building":true,"sourceLayer":"buildings","sources":["Google Open Buildings"]},"type":"Feature"},{"geometry":{"coordinates":[[[-17.4778001,14.7157658],[-17.4777022,14.7157706],[-17.47771,14.7159212],[-17.4777596,14.7159188],[-17.4777592,14.7159099],[-17.4778075,14.7159076],[-17.4778001,14.7157658]]],"type":"Polygon"},"id":"b3d44b8b-066d-4de0-ad58-212e3f5d65af","properties":{"building":true,"sourceLayer":"buildings","sources":["Google Open Buildings"]},"type":"Feature"},{"geometry":{"coordinates":[[[-17.4721475,14.7211599],[-17.4720755,14.7211555],[-17.4720612,14.7213822],[-17.4721332,14.7213866],[-17.4721475,14.7211599]]],"type":"Polygon"},"id":"b417526f-0bf2-4f50-ad5a-b6876eeca9f0","properties":{"building":true,"sourceLayer":"buildings","sources":["Google Open Buildings"]},"type":"Feature"},{"geometry":{"coordinates":[[[-17.4714697,14.720996],[-17.4714614,14.7210666],[-17.4715576,14.7210773],[-17.4715659,14.7210067],[-17.4714697,14.720996]]],"type":"Polygon"},"id":"b423d517-ff27-4c54-a514-d789d7c46663","properties":{"building":true,"sourceLayer":"buildings","sources":["Google Open Buildings"]},"type":"Feature"},{"geometry":{"coordinates":[[[-17.4735955,14.7162904],[-17.4735457,14.7162998],[-17.4735501,14.7163218],[-17.4735999,14.7163125],[-17.4735955,14.7162904]]],"type":"Polygon"},"id":"b42c15ec-6ac8-41c4-bd60-b0fa6005f85f","properties":{"building":true,"sourceLayer":"buildings","sources":["Google Open Buildings"]},"type":"Feature"},{"geometry":{"coordinates":[[[-17.4783902,14.7200587],[-17.478468,14.7199653],[-17.4783728,14.7198939],[-17.478303,14.7199873],[-17.4783902,14.7200587]]],"type":"Polygon"},"id":"b4b3e985-ab8d-406a-af16-4faae62baffb","properties":{"building":true,"sourceLayer":"buildings","sources":["OpenStreetMap"]},"type":"Feature"},{"geometry":{"coordinates":[[[-17.4716425,14.7216105],[-17.4716166,14.721609],[-17.47161,14.7217156],[-17.4716359,14.7217171],[-17.4716425,14.7216105]]],"type":"Polygon"},"id":"b4d78475-a47c-403c-9d02-baeb9b4dbc80","properties":{"building":true,"sourceLayer":"buildings","sources":["Google Open Buildings"]},"type":"Feature"},{"geometry":{"coordinates":[[[-17.472235,14.7141798],[-17.4722297,14.714232],[-17.4722554,14.7142345],[-17.4722461,14.7143252],[-17.4724634,14.7143463],[-17.4724781,14.7142034],[-17.472235,14.7141798]]],"type":"Polygon"},"id":"b4d84e83-5dc8-4e97-854c-999ca55dd4d5","properties":{"building":true,"sourceLayer":"buildings","sources":["Google Open Buildings"]},"type":"Feature"},{"geometry":{"coordinates":[[[-17.4780294,14.7213211],[-17.4781581,14.7213367],[-17.4781673,14.72126],[-17.478148,14.7212577],[-17.478152,14.7212297],[-17.4780417,14.7212093],[-17.4780294,14.7213211]]],"type":"Polygon"},"id":"b4e0bf2f-6f8a-4f61-94b0-5f0357f61d0a","properties":{"building":true,"sourceLayer":"buildings","sources":["OpenStreetMap"]},"type":"Feature"},{"geometry":{"coordinates":[[[-17.4776879,14.7187211],[-17.4777093,14.7187293],[-17.4777263,14.7186774],[-17.47772,14.7186717],[-17.4777257,14.718657],[-17.4777345,14.7186625],[-17.4777572,14.7185921],[-17.4776916,14.7185675],[-17.477679,14.7185996],[-17.4776597,14.71859],[-17.4776221,14.7186983],[-17.4776749,14.7187185],[-17.47769,14.7186843],[-17.4776995,14.7186918],[-17.4776879,14.7187211]]],"type":"Polygon"},"id":"b4f577ca-30d8-49cd-8662-3a39a957f83a","properties":{"building":true,"sourceLayer":"buildings","sources":["OpenStreetMap"]},"type":"Feature"},{"geometry":{"coordinates":[[[-17.4723477,14.7206151],[-17.4723511,14.7205256],[-17.4723153,14.7205243],[-17.472314,14.720558],[-17.4722684,14.7205563],[-17.4722663,14.7206121],[-17.4723477,14.7206151]]],"type":"Polygon"},"id":"b4f5f1f2-b53f-4267-881b-1adff720b6fc","properties":{"building":true,"sourceLayer":"buildings","sources":["Microsoft ML Buildings"]},"type":"Feature"},{"geometry":{"coordinates":[[[-17.4779578,14.7160872],[-17.4779551,14.7160354],[-17.4779016,14.716038],[-17.4779043,14.7160898],[-17.4779578,14.7160872]]],"type":"Polygon"},"id":"b52ebfbe-6ecb-4c87-9006-1bc19954eb2e","properties":{"building":true,"sourceLayer":"buildings","sources":["Microsoft ML Buildings"]},"type":"Feature"},{"geometry":{"coordinates":[[[-17.4726796,14.7215484],[-17.4726298,14.721549],[-17.4726302,14.7215826],[-17.47268,14.7215821],[-17.4726796,14.7215484]]],"type":"Polygon"},"id":"b57b1cd7-d414-4202-9347-f14edc2a1e70","properties":{"building":true,"sourceLayer":"buildings","sources":["Google Open Buildings"]},"type":"Feature"},{"geometry":{"coordinates":[[[-17.4739272,14.7144994],[-17.4738508,14.7145346],[-17.4739072,14.7146504],[-17.4739836,14.7146151],[-17.4739272,14.7144994]]],"type":"Polygon"},"id":"b5b7eb68-fa4d-4492-8a62-7b9191b9e129","properties":{"building":true,"sourceLayer":"buildings","sources":["Google Open Buildings"]},"type":"Feature"},{"geometry":{"coordinates":[[[-17.4774872,14.7160121],[-17.477428,14.7160239],[-17.4774375,14.7160687],[-17.4774967,14.7160569],[-17.4774872,14.7160121]]],"type":"Polygon"},"id":"b5dfa70e-9dc7-453e-b678-c41b7113309a","properties":{"building":true,"sourceLayer":"buildings","sources":["Microsoft ML Buildings"]},"type":"Feature"},{"geometry":{"coordinates":[[[-17.4766301,14.7157964],[-17.4765178,14.7158047],[-17.4765292,14.7159498],[-17.4766415,14.7159415],[-17.4766301,14.7157964]]],"type":"Polygon"},"id":"b60dced5-1d08-453c-8b12-9e946ed2578c","properties":{"building":true,"sourceLayer":"buildings","sources":["Google Open Buildings"]},"type":"Feature"},{"geometry":{"coordinates":[[[-17.4788448,14.7165898],[-17.4787569,14.7166347],[-17.4788033,14.7167206],[-17.4788911,14.7166758],[-17.4788448,14.7165898]]],"type":"Polygon"},"id":"b614a5f4-0ca7-4d4b-bd77-1eff3c46a251","properties":{"building":true,"sourceLayer":"buildings","sources":["Google Open Buildings"]},"type":"Feature"},{"geometry":{"coordinates":[[[-17.4748247,14.716742],[-17.474794,14.7167423],[-17.4747943,14.7167739],[-17.4748251,14.7167736],[-17.4748247,14.716742]]],"type":"Polygon"},"id":"b6532628-f242-4ed0-8f84-9a58bfd84a06","properties":{"building":true,"sourceLayer":"buildings","sources":["Google Open Buildings"]},"type":"Feature"},{"geometry":{"coordinates":[[[-17.4734238,14.7138473],[-17.473478,14.7139541],[-17.4735479,14.7139205],[-17.473562,14.7139482],[-17.4735993,14.7139302],[-17.4735475,14.7138279],[-17.4735101,14.7138458],[-17.4734938,14.7138137],[-17.4734238,14.7138473]]],"type":"Polygon"},"id":"b6594077-d3ed-4613-b582-9784d0bef8d0","properties":{"building":true,"sourceLayer":"buildings","sources":["Google Open Buildings"]},"type":"Feature"},{"geometry":{"coordinates":[[[-17.4766386,14.7182491],[-17.4766862,14.7182876],[-17.4767679,14.718178],[-17.4767233,14.7181481],[-17.4766386,14.7182491]]],"type":"Polygon"},"id":"b65c2a19-19c7-4331-98d9-9f40f888ff07","properties":{"building":true,"sourceLayer":"buildings","sources":["OpenStreetMap"]},"type":"Feature"},{"geometry":{"coordinates":[[[-17.4725703,14.7172678],[-17.4725328,14.7172891],[-17.4725637,14.7173406],[-17.4726012,14.7173193],[-17.4725703,14.7172678]]],"type":"Polygon"},"id":"b6e53127-977a-4527-a15a-fb84d8c7a90d","properties":{"building":true,"sourceLayer":"buildings","sources":["Google Open Buildings"]},"type":"Feature"},{"geometry":{"coordinates":[[[-17.4753894,14.714695],[-17.4753524,14.7147117],[-17.4753664,14.714741],[-17.4754033,14.7147243],[-17.4753894,14.714695]]],"type":"Polygon"},"id":"b7208722-24b0-4f49-9e5e-de5d61e8f519","properties":{"building":true,"sourceLayer":"buildings","sources":["Google Open Buildings"]},"type":"Feature"},{"geometry":{"coordinates":[[[-17.4737601,14.7168021],[-17.4736944,14.7167117],[-17.4736091,14.7167705],[-17.4736248,14.7167921],[-17.4736532,14.7167725],[-17.4737032,14.7168412],[-17.4737601,14.7168021]]],"type":"Polygon"},"id":"b7444b6f-9ed2-44aa-b892-6e847f87762c","properties":{"building":true,"sourceLayer":"buildings","sources":["Google Open Buildings"]},"type":"Feature"},{"geometry":{"coordinates":[[[-17.4779597,14.7162115],[-17.4781273,14.7161967],[-17.4781281,14.7162044],[-17.4782491,14.7161938],[-17.4782394,14.7160908],[-17.4779508,14.7161163],[-17.4779597,14.7162115]]],"type":"Polygon"},"id":"b74f94a8-3495-4d38-aed1-431637446865","properties":{"building":true,"sourceLayer":"buildings","sources":["Microsoft ML Buildings"]},"type":"Feature"},{"geometry":{"coordinates":[[[-17.4744688,14.7145828],[-17.4744289,14.7146041],[-17.474458,14.7146558],[-17.4744979,14.7146345],[-17.4744688,14.7145828]]],"type":"Polygon"},"id":"b765ae0a-32cc-49ba-8e60-096473a5efa6","properties":{"building":true,"sourceLayer":"buildings","sources":["Google Open Buildings"]},"type":"Feature"},{"geometry":{"coordinates":[[[-17.4777844,14.7204367],[-17.4778467,14.7204676],[-17.4779517,14.7203285],[-17.4778972,14.7202883],[-17.4777844,14.7204367]]],"type":"Polygon"},"id":"b7916cb2-ee45-4325-9037-44ad46a21fe5","properties":{"building":true,"sourceLayer":"buildings","sources":["OpenStreetMap"]},"type":"Feature"},{"geometry":{"coordinates":[[[-17.4721457,14.715939],[-17.472119,14.7159406],[-17.4721217,14.7159817],[-17.4721484,14.71598],[-17.4721457,14.715939]]],"type":"Polygon"},"id":"b792f719-0c00-4268-8b4c-7247c13b7ea6","properties":{"building":true,"sourceLayer":"buildings","sources":["Google Open Buildings"]},"type":"Feature"},{"geometry":{"coordinates":[[[-17.4715536,14.7189477],[-17.471547,14.7190054],[-17.4715975,14.7190109],[-17.4716041,14.7189531],[-17.4715536,14.7189477]]],"type":"Polygon"},"id":"b7b3a3fe-6489-4768-82fb-c39bde619d6b","properties":{"building":true,"sourceLayer":"buildings","sources":["Google Open Buildings"]},"type":"Feature"},{"geometry":{"coordinates":[[[-17.474436,14.7181201],[-17.4743873,14.718121],[-17.4743884,14.718173],[-17.474437,14.718172],[-17.474436,14.7181201]]],"type":"Polygon"},"id":"b7d441a7-5ab5-4aea-940c-d4219cc49beb","properties":{"building":true,"sourceLayer":"buildings","sources":["Google Open Buildings"]},"type":"Feature"},{"geometry":{"coordinates":[[[-17.4728286,14.7141054],[-17.4728245,14.7141486],[-17.4727885,14.7141453],[-17.4727753,14.7142835],[-17.4728647,14.7142916],[-17.4728675,14.7142623],[-17.4729671,14.7142713],[-17.4729736,14.7142026],[-17.4728741,14.7141936],[-17.472882,14.7141102],[-17.4728286,14.7141054]]],"type":"Polygon"},"id":"b7fab89f-07e2-477c-9a15-33ac74d577f2","properties":{"building":true,"sourceLayer":"buildings","sources":["Google Open Buildings"]},"type":"Feature"},{"geometry":{"coordinates":[[[-17.4734792,14.7181316],[-17.4734415,14.7181465],[-17.4734564,14.7181823],[-17.4734941,14.7181675],[-17.4734792,14.7181316]]],"type":"Polygon"},"id":"b804b75f-8a45-41b3-b29b-d2aec679030a","properties":{"building":true,"sourceLayer":"buildings","sources":["Google Open Buildings"]},"type":"Feature"},{"geometry":{"coordinates":[[[-17.4747454,14.7157443],[-17.4747122,14.7157512],[-17.474723,14.7158],[-17.4747562,14.7157931],[-17.4747454,14.7157443]]],"type":"Polygon"},"id":"b86bb585-d7e4-40cb-958b-aff0cf456158","properties":{"building":true,"sourceLayer":"buildings","sources":["Google Open Buildings"]},"type":"Feature"},{"geometry":{"coordinates":[[[-17.4732509,14.7171168],[-17.4732761,14.7171847],[-17.4733042,14.7171748],[-17.4732789,14.7171069],[-17.4732509,14.7171168]]],"type":"Polygon"},"id":"b8917338-84a9-4ea5-b189-a10887efd2f1","properties":{"building":true,"sourceLayer":"buildings","sources":["Google Open Buildings"]},"type":"Feature"},{"geometry":{"coordinates":[[[-17.4772531,14.7190309],[-17.4773583,14.7190713],[-17.4773925,14.7189973],[-17.4773894,14.7188911],[-17.4773449,14.7188701],[-17.4773335,14.7188911],[-17.4773193,14.7188844],[-17.4772571,14.7190222],[-17.4772531,14.7190309]]],"type":"Polygon"},"id":"b8d7491d-7d9a-479b-8961-4a7e0c6acc5a","properties":{"building":true,"sourceLayer":"buildings","sources":["OpenStreetMap"]},"type":"Feature"},{"geometry":{"coordinates":[[[-17.4739232,14.7152348],[-17.4739201,14.7152593],[-17.4739699,14.7152652],[-17.473973,14.7152407],[-17.4739232,14.7152348]]],"type":"Polygon"},"id":"b90798ee-a81b-4d7f-9dc3-4f4f94b1922f","properties":{"building":true,"sourceLayer":"buildings","sources":["Google Open Buildings"]},"type":"Feature"},{"geometry":{"coordinates":[[[-17.4773533,14.7205051],[-17.4774509,14.720609],[-17.4775536,14.7205109],[-17.4774518,14.7204034],[-17.4773533,14.7205051]]],"type":"Polygon"},"id":"b96c2a20-ee25-41bf-98ce-4d4ea553335a","properties":{"building":true,"sourceLayer":"buildings","sources":["OpenStreetMap"]},"type":"Feature"},{"geometry":{"coordinates":[[[-17.4771593,14.7171343],[-17.4770543,14.7171422],[-17.4770656,14.7172848],[-17.4771705,14.717277],[-17.4771593,14.7171343]]],"type":"Polygon"},"id":"b9989c65-ec3a-4e1c-b201-6fad74c3d135","properties":{"building":true,"sourceLayer":"buildings","sources":["Google Open Buildings"]},"type":"Feature"},{"geometry":{"coordinates":[[[-17.4747546,14.716768],[-17.474695,14.7167775],[-17.4747049,14.716836],[-17.4747644,14.7168265],[-17.4747546,14.716768]]],"type":"Polygon"},"id":"ba0b2c5d-f761-43ac-b5a4-c904cd7e0a07","properties":{"building":true,"sourceLayer":"buildings","sources":["Google Open Buildings"]},"type":"Feature"},{"geometry":{"coordinates":[[[-17.473354,14.7182456],[-17.4733095,14.7182968],[-17.47333,14.7183137],[-17.4733745,14.7182624],[-17.473354,14.7182456]]],"type":"Polygon"},"id":"ba25dbb0-3551-4d17-81d6-e7b06473b67c","properties":{"building":true,"sourceLayer":"buildings","sources":["Google Open Buildings"]},"type":"Feature"},{"geometry":{"coordinates":[[[-17.4744454,14.7154267],[-17.474401,14.7154294],[-17.4744064,14.7155141],[-17.4744509,14.7155114],[-17.4744454,14.7154267]]],"type":"Polygon"},"id":"ba515780-9158-4dd4-bac3-92d90a099cf2","properties":{"building":true,"sourceLayer":"buildings","sources":["Google Open Buildings"]},"type":"Feature"},{"geometry":{"coordinates":[[[-17.4780873,14.7199766],[-17.4781705,14.7200549],[-17.478307,14.7199036],[-17.4782189,14.7198183],[-17.4780873,14.7199766]]],"type":"Polygon"},"id":"ba69e2b5-bdd8-44ef-9651-c25e5ffbd728","properties":{"building":true,"sourceLayer":"buildings","sources":["OpenStreetMap"]},"type":"Feature"},{"geometry":{"coordinates":[[[-17.4770858,14.7186393],[-17.4769772,14.7185546],[-17.4769116,14.7186504],[-17.477011,14.7187256],[-17.4770294,14.7187373],[-17.4770858,14.7186393]]],"type":"Polygon"},"id":"bac2a430-a33a-4bd6-91d7-aafdee8fe0c5","properties":{"building":true,"sourceLayer":"buildings","sources":["OpenStreetMap"]},"type":"Feature"},{"geometry":{"coordinates":[[[-17.4776873,14.7161994],[-17.4775634,14.7162091],[-17.4775714,14.7163064],[-17.4776953,14.7162967],[-17.4776873,14.7161994]]],"type":"Polygon"},"id":"bafee3ef-61fa-468b-a47d-a261ab402ca7","properties":{"building":true,"sourceLayer":"buildings","sources":["Google Open Buildings"]},"type":"Feature"},{"geometry":{"coordinates":[[[-17.4785592,14.720034],[-17.4786314,14.7199467],[-17.4785581,14.7198609],[-17.478468,14.7199653],[-17.4785592,14.720034]]],"type":"Polygon"},"id":"bb108558-ef15-402b-8ab5-ce402c604cc2","properties":{"building":true,"sourceLayer":"buildings","sources":["OpenStreetMap"]},"type":"Feature"},{"geometry":{"coordinates":[[[-17.4770819,14.7161087],[-17.4770217,14.7161127],[-17.4770248,14.7161565],[-17.47698,14.7161595],[-17.4769869,14.7162567],[-17.4770919,14.7162496],[-17.4770819,14.7161087]]],"type":"Polygon"},"id":"bb2953e5-5bd0-4d29-bad2-ff46cdd6a2a2","properties":{"building":true,"sourceLayer":"buildings","sources":["Google Open Buildings"]},"type":"Feature"},{"geometry":{"coordinates":[[[-17.474587,14.7142326],[-17.4746776,14.7141927],[-17.4746088,14.7140468],[-17.4745183,14.7140867],[-17.474587,14.7142326]]],"type":"Polygon"},"id":"bb329d1a-2cfb-493f-8ee3-f54ae9fb836d","properties":{"building":true,"sourceLayer":"buildings","sources":["OpenStreetMap"]},"type":"Feature"},{"geometry":{"coordinates":[[[-17.4762689,14.7171624],[-17.4762315,14.7171654],[-17.4762355,14.717213],[-17.476273,14.7172099],[-17.4762689,14.7171624]]],"type":"Polygon"},"id":"bba1a225-4435-4af0-9db5-7e09a5fe8bc0","properties":{"building":true,"sourceLayer":"buildings","sources":["Google Open Buildings"]},"type":"Feature"},{"geometry":{"coordinates":[[[-17.4730634,14.7170558],[-17.4730211,14.7170702],[-17.473032,14.7171006],[-17.4730743,14.7170862],[-17.4730634,14.7170558]]],"type":"Polygon"},"id":"bbf925c9-d8b1-48a2-a607-4a2bb38ab364","properties":{"building":true,"sourceLayer":"buildings","sources":["Google Open Buildings"]},"type":"Feature"},{"geometry":{"coordinates":[[[-17.4735869,14.7218265],[-17.4735874,14.7217772],[-17.4734989,14.7217763],[-17.4734973,14.7219333],[-17.4736582,14.7219348],[-17.4736593,14.7218272],[-17.4735869,14.7218265]]],"type":"Polygon"},"id":"bbfaadd6-3edc-4901-be79-472b87394a99","properties":{"building":true,"sourceLayer":"buildings","sources":["Microsoft ML Buildings"]},"type":"Feature"},{"geometry":{"coordinates":[[[-17.4788743,14.7154018],[-17.4788247,14.7154814],[-17.4789115,14.7155328],[-17.4789612,14.7154532],[-17.4788743,14.7154018]]],"type":"Polygon"},"id":"bbfaaf2e-6654-468f-8198-0d2748bb27d6","properties":{"building":true,"sourceLayer":"buildings","sources":["Google Open Buildings"]},"type":"Feature"},{"geometry":{"coordinates":[[[-17.4739736,14.7148022],[-17.473866,14.7148425],[-17.4739015,14.7149322],[-17.4740091,14.7148919],[-17.4739736,14.7148022]]],"type":"Polygon"},"id":"bc132829-1e6f-4818-a82c-e6e18a9b8ce6","properties":{"building":true,"sourceLayer":"buildings","sources":["Google Open Buildings"]},"type":"Feature"},{"geometry":{"coordinates":[[[-17.4784391,14.7206275],[-17.4784031,14.7206684],[-17.47845,14.7207075],[-17.4784861,14.7206666],[-17.4784391,14.7206275]]],"type":"Polygon"},"id":"bc4ced8e-2cdc-4713-837c-4d1a74acb3a0","properties":{"building":true,"sourceLayer":"buildings","sources":["Google Open Buildings"]},"type":"Feature"},{"geometry":{"coordinates":[[[-17.4746241,14.7152955],[-17.4746302,14.715334],[-17.4746006,14.7153384],[-17.4746065,14.7153759],[-17.4747362,14.7153566],[-17.4747243,14.7152806],[-17.4746241,14.7152955]]],"type":"Polygon"},"id":"bc561856-a844-4241-bbde-6c2eb2f9e71a","properties":{"building":true,"sourceLayer":"buildings","sources":["Google Open Buildings"]},"type":"Feature"},{"geometry":{"coordinates":[[[-17.4737827,14.7205214],[-17.4736718,14.7205521],[-17.4737029,14.7206582],[-17.4737213,14.7206531],[-17.4737285,14.7206776],[-17.4738208,14.7206521],[-17.4737827,14.7205214]]],"type":"Polygon"},"id":"bc5f14da-53d1-400c-98ca-d60c7dbf808a","properties":{"building":true,"sourceLayer":"buildings","sources":["Google Open Buildings"]},"type":"Feature"},{"geometry":{"coordinates":[[[-17.4739924,14.7179142],[-17.4739298,14.717919],[-17.4739391,14.7180349],[-17.4740017,14.7180301],[-17.4739924,14.7179142]]],"type":"Polygon"},"id":"bc67d589-8a6f-4298-9573-ed678aaaa51f","properties":{"building":true,"sourceLayer":"buildings","sources":["Google Open Buildings"]},"type":"Feature"},{"geometry":{"coordinates":[[[-17.4743155,14.7169726],[-17.4742744,14.7169814],[-17.4742845,14.7170262],[-17.4743256,14.7170174],[-17.4743155,14.7169726]]],"type":"Polygon"},"id":"bc7c3f8f-7128-4acb-8919-3f7e6f0e9f05","properties":{"building":true,"sourceLayer":"buildings","sources":["Google Open Buildings"]},"type":"Feature"},{"geometry":{"coordinates":[[[-17.4722917,14.7157794],[-17.472215,14.7157974],[-17.4722272,14.7158466],[-17.4723038,14.7158286],[-17.4722917,14.7157794]]],"type":"Polygon"},"id":"bc857d29-15ea-4850-9fde-d8dcc95f94d8","properties":{"building":true,"sourceLayer":"buildings","sources":["Google Open Buildings"]},"type":"Feature"},{"geometry":{"coordinates":[[[-17.478485,14.7197498],[-17.4785581,14.7198609],[-17.4786496,14.7198107],[-17.4785185,14.7197095],[-17.478485,14.7197498]]],"type":"Polygon"},"id":"bca01f75-1c58-411b-86c0-e5abb2f7e3b1","properties":{"building":true,"sourceLayer":"buildings","sources":["OpenStreetMap"]},"type":"Feature"},{"geometry":{"coordinates":[[[-17.4730669,14.7159742],[-17.4730307,14.7159757],[-17.4730337,14.7160481],[-17.4730699,14.7160467],[-17.4730669,14.7159742]]],"type":"Polygon"},"id":"bcc5df6b-1e33-4e1d-9a48-a273c882ad37","properties":{"building":true,"sourceLayer":"buildings","sources":["Google Open Buildings"]},"type":"Feature"},{"geometry":{"coordinates":[[[-17.4748113,14.7139851],[-17.4748256,14.7140252],[-17.4748603,14.7140135],[-17.474846,14.7139734],[-17.4748113,14.7139851]]],"type":"Polygon"},"id":"bcdbe821-4af3-42a2-b576-16dff75b7984","properties":{"building":true,"sourceLayer":"buildings","sources":["Google Open Buildings"]},"type":"Feature"},{"geometry":{"coordinates":[[[-17.4760312,14.7146662],[-17.4758614,14.7147138],[-17.4758944,14.7148254],[-17.4760642,14.7147778],[-17.4760312,14.7146662]]],"type":"Polygon"},"id":"bce3d562-25e3-4dbe-ba50-1aa27f2df92c","properties":{"building":true,"sourceLayer":"buildings","sources":["Google Open Buildings"]},"type":"Feature"},{"geometry":{"coordinates":[[[-17.4750671,14.7153707],[-17.4750331,14.7153667],[-17.4750271,14.7154145],[-17.4750611,14.7154186],[-17.4750671,14.7153707]]],"type":"Polygon"},"id":"bd0cbfc8-afe1-4e56-b376-dc0c18c4205d","properties":{"building":true,"sourceLayer":"buildings","sources":["Google Open Buildings"]},"type":"Feature"},{"geometry":{"coordinates":[[[-17.4769532,14.7188388],[-17.4770644,14.7189291],[-17.4771274,14.7188237],[-17.4770226,14.7187535],[-17.4769532,14.7188388]]],"type":"Polygon"},"id":"bd2206fa-bf1d-42ad-aba4-27612fd88336","properties":{"building":true,"sourceLayer":"buildings","sources":["OpenStreetMap"]},"type":"Feature"},{"geometry":{"coordinates":[[[-17.4722733,14.719808],[-17.4722278,14.7198049],[-17.4722254,14.7198382],[-17.472271,14.7198413],[-17.4722733,14.719808]]],"type":"Polygon"},"id":"bd3490b3-57bd-4d4a-8aac-ba3cabcaa63f","properties":{"building":true,"sourceLayer":"buildings","sources":["Google Open Buildings"]},"type":"Feature"},{"geometry":{"coordinates":[[[-17.4777185,14.7201964],[-17.4777746,14.7201176],[-17.4777131,14.7200724],[-17.4777386,14.7200371],[-17.4776791,14.7199855],[-17.4775943,14.7200761],[-17.4777185,14.7201964]]],"type":"Polygon"},"id":"bd6472cb-d4a8-4c58-9f55-40f9a497e023","properties":{"building":true,"sourceLayer":"buildings","sources":["OpenStreetMap"]},"type":"Feature"},{"geometry":{"coordinates":[[[-17.4734591,14.720129],[-17.4735539,14.7201115],[-17.4735265,14.7199726],[-17.4735224,14.7199733],[-17.4735017,14.7198682],[-17.4734048,14.719886],[-17.4734273,14.7199999],[-17.4734335,14.7199988],[-17.4734591,14.720129]]],"type":"Polygon"},"id":"bdba5c0a-2ad5-4327-a619-a62584b5f8d9","properties":{"building":true,"sourceLayer":"buildings","sources":["Microsoft ML Buildings"]},"type":"Feature"},{"geometry":{"coordinates":[[[-17.4740054,14.7172455],[-17.4740577,14.7172698],[-17.4740755,14.717234],[-17.4740233,14.7172097],[-17.4740054,14.7172455]]],"type":"Polygon"},"id":"bdd453c1-611e-4fdb-a7b8-d34433903790","properties":{"building":true,"sourceLayer":"buildings","sources":["Microsoft ML Buildings"]},"type":"Feature"},{"geometry":{"coordinates":[[[-17.4759578,14.7155381],[-17.47587,14.7155464],[-17.4758802,14.7156489],[-17.47599,14.7156385],[-17.4759821,14.7155592],[-17.4759601,14.7155612],[-17.4759578,14.7155381]]],"type":"Polygon"},"id":"bdf876b5-1ee3-46e7-9621-c643ac6a9362","properties":{"building":true,"sourceLayer":"buildings","sources":["Google Open Buildings"]},"type":"Feature"},{"geometry":{"coordinates":[[[-17.4781525,14.7209897],[-17.4781589,14.7209242],[-17.4780106,14.720927],[-17.4780083,14.7210241],[-17.4780515,14.721023],[-17.4780515,14.7210027],[-17.4780871,14.7210015],[-17.4780865,14.7210252],[-17.4781309,14.7210207],[-17.4781525,14.7209897]]],"type":"Polygon"},"id":"bec7271b-b766-4912-aef8-a239df6aea09","properties":{"building":true,"sourceLayer":"buildings","sources":["OpenStreetMap"]},"type":"Feature"},{"geometry":{"coordinates":[[[-17.4760878,14.7156823],[-17.4759971,14.7156894],[-17.4760013,14.7157403],[-17.476092,14.7157332],[-17.4760878,14.7156823]]],"type":"Polygon"},"id":"bf155019-b3c5-4a85-ba5b-1236ec51be3f","properties":{"building":true,"sourceLayer":"buildings","sources":["Google Open Buildings"]},"type":"Feature"},{"geometry":{"coordinates":[[[-17.4721637,14.7164422],[-17.4721577,14.716391],[-17.4720518,14.7164025],[-17.4720577,14.7164537],[-17.4721637,14.7164422]]],"type":"Polygon"},"id":"bf2a19fb-a130-4c23-a188-dd4352a90a6e","properties":{"building":true,"sourceLayer":"buildings","sources":["Microsoft ML Buildings"]},"type":"Feature"},{"geometry":{"coordinates":[[[-17.4716612,14.7210553],[-17.4716526,14.7211744],[-17.4717405,14.7211804],[-17.4717491,14.7210613],[-17.4716612,14.7210553]]],"type":"Polygon"},"id":"bf3b26db-098e-4a7d-814a-7a29573ca6bd","properties":{"building":true,"sourceLayer":"buildings","sources":["Google Open Buildings"]},"type":"Feature"},{"geometry":{"coordinates":[[[-17.4720366,14.7185005],[-17.4720326,14.7185614],[-17.4720201,14.7185607],[-17.4720179,14.7185945],[-17.4721299,14.7186014],[-17.4721359,14.7185066],[-17.4720366,14.7185005]]],"type":"Polygon"},"id":"bf9ec75a-2424-4136-b6cd-47fc4334f596","properties":{"building":true,"sourceLayer":"buildings","sources":["Google Open Buildings"]},"type":"Feature"},{"geometry":{"coordinates":[[[-17.4739939,14.7179104],[-17.4740105,14.7181328],[-17.4740459,14.7181303],[-17.4740493,14.7181758],[-17.4740733,14.7181741],[-17.4740599,14.7179935],[-17.4740358,14.7179952],[-17.4740293,14.7179079],[-17.4739939,14.7179104]]],"type":"Polygon"},"id":"bfa2d2ad-a1fe-478b-8e39-2701cd554f5d","properties":{"building":true,"sourceLayer":"buildings","sources":["Google Open Buildings"]},"type":"Feature"},{"geometry":{"coordinates":[[[-17.47747,14.7183878],[-17.4774352,14.7183606],[-17.4773136,14.7185075],[-17.4773531,14.7185289],[-17.4774183,14.7184442],[-17.4774041,14.7184332],[-17.4774179,14.7184153],[-17.4774348,14.7184265],[-17.47747,14.7183878]]],"type":"Polygon"},"id":"bfae1bff-86f5-4aab-8bf7-5c51507095f4","properties":{"building":true,"sourceLayer":"buildings","sources":["OpenStreetMap"]},"type":"Feature"},{"geometry":{"coordinates":[[[-17.4785044,14.7168614],[-17.4783586,14.716904],[-17.4783943,14.7170199],[-17.4785401,14.7169773],[-17.4785044,14.7168614]]],"type":"Polygon"},"id":"bfe2b0a1-0c54-4165-a17f-db4ba5493c52","properties":{"building":true,"sourceLayer":"buildings","sources":["Google Open Buildings"]},"type":"Feature"},{"geometry":{"coordinates":[[[-17.4791611,14.7201904],[-17.4790278,14.7201025],[-17.4789277,14.7202411],[-17.4790016,14.7202947],[-17.4790293,14.7202634],[-17.479064,14.7202887],[-17.4791611,14.7201904]]],"type":"Polygon"},"id":"bfec7fa8-8da4-47c0-8b68-f5316432dcbe","properties":{"building":true,"sourceLayer":"buildings","sources":["OpenStreetMap"]},"type":"Feature"},{"geometry":{"coordinates":[[[-17.4732687,14.7177013],[-17.4732792,14.7177434],[-17.4733048,14.7177373],[-17.4732943,14.7176952],[-17.4732687,14.7177013]]],"type":"Polygon"},"id":"c0178a95-5f92-4294-8f37-f7d87cb843c0","properties":{"building":true,"sourceLayer":"buildings","sources":["Google Open Buildings"]},"type":"Feature"},{"geometry":{"coordinates":[[[-17.4768142,14.7176038],[-17.4769006,14.7174875],[-17.4768515,14.7174496],[-17.4767635,14.7175652],[-17.4768142,14.7176038]]],"type":"Polygon"},"id":"c037031d-8506-4156-9761-98b2d662a56e","properties":{"building":true,"sourceLayer":"buildings","sources":["OpenStreetMap"]},"type":"Feature"},{"geometry":{"coordinates":[[[-17.472787,14.7189041],[-17.4726273,14.7189483],[-17.4726552,14.7190434],[-17.4727573,14.719015],[-17.4727425,14.7189646],[-17.4728001,14.7189486],[-17.472787,14.7189041]]],"type":"Polygon"},"id":"c092cfc5-8d29-47f9-b0df-1ee73c639344","properties":{"building":true,"sourceLayer":"buildings","sources":["Google Open Buildings"]},"type":"Feature"},{"geometry":{"coordinates":[[[-17.4753492,14.7140928],[-17.4753988,14.7141746],[-17.4754283,14.7141577],[-17.4753787,14.7140759],[-17.4753492,14.7140928]]],"type":"Polygon"},"id":"c0ab7914-3f32-414c-9014-d49f55c39ea5","properties":{"building":true,"sourceLayer":"buildings","sources":["Google Open Buildings"]},"type":"Feature"},{"geometry":{"coordinates":[[[-17.4734396,14.7211404],[-17.473288,14.7211807],[-17.4733131,14.7212701],[-17.4734647,14.7212298],[-17.4734396,14.7211404]]],"type":"Polygon"},"id":"c0aeec06-c171-4bc0-9db6-6f99bcebafe8","properties":{"building":true,"sourceLayer":"buildings","sources":["Google Open Buildings"]},"type":"Feature"},{"geometry":{"coordinates":[[[-17.4720371,14.7166873],[-17.4718739,14.7167186],[-17.4718942,14.7168189],[-17.4720574,14.7167876],[-17.4720371,14.7166873]]],"type":"Polygon"},"id":"c112ca26-7c13-4154-aa8d-08fa51d42cbc","properties":{"building":true,"sourceLayer":"buildings","sources":["Google Open Buildings"]},"type":"Feature"},{"geometry":{"coordinates":[[[-17.4778386,14.7192925],[-17.4778925,14.7191232],[-17.4777648,14.7190649],[-17.477719,14.7191783],[-17.477708,14.7192006],[-17.4778386,14.7192925]]],"type":"Polygon"},"id":"c143c84f-6a0c-4ff7-8484-cbf3e9a08a2e","properties":{"building":true,"sourceLayer":"buildings","sources":["OpenStreetMap"]},"type":"Feature"},{"geometry":{"coordinates":[[[-17.4716875,14.7187626],[-17.4717209,14.7187693],[-17.4717379,14.7186897],[-17.4717045,14.718683],[-17.4716875,14.7187626]]],"type":"Polygon"},"id":"c14fda96-33f1-4c2c-ac9c-e0c9a8669b27","properties":{"building":true,"sourceLayer":"buildings","sources":["Microsoft ML Buildings"]},"type":"Feature"},{"geometry":{"coordinates":[[[-17.4735348,14.7180152],[-17.4734905,14.7180294],[-17.4735006,14.7180592],[-17.4735449,14.7180451],[-17.4735348,14.7180152]]],"type":"Polygon"},"id":"c16197d0-2c6e-4664-a72a-e4b59d64e232","properties":{"building":true,"sourceLayer":"buildings","sources":["Google Open Buildings"]},"type":"Feature"},{"geometry":{"coordinates":[[[-17.47113,14.7167677],[-17.4710564,14.7167609],[-17.4710532,14.7167937],[-17.4711268,14.7168006],[-17.47113,14.7167677]]],"type":"Polygon"},"id":"c1a5774d-3c93-4dc0-bed5-d2c1305ceb44","properties":{"building":true,"sourceLayer":"buildings","sources":["Google Open Buildings"]},"type":"Feature"},{"geometry":{"coordinates":[[[-17.4737985,14.7163813],[-17.4737619,14.7163877],[-17.4737674,14.7164179],[-17.473804,14.7164115],[-17.4737985,14.7163813]]],"type":"Polygon"},"id":"c1cb7436-e018-453e-939d-558750115391","properties":{"building":true,"sourceLayer":"buildings","sources":["Google Open Buildings"]},"type":"Feature"},{"geometry":{"coordinates":[[[-17.4736341,14.7160257],[-17.473622,14.7160548],[-17.4736829,14.7160789],[-17.473695,14.7160498],[-17.4736341,14.7160257]]],"type":"Polygon"},"id":"c1efbe85-996c-40c7-95c3-35a9d5245b6c","properties":{"building":true,"sourceLayer":"buildings","sources":["Google Open Buildings"]},"type":"Feature"},{"geometry":{"coordinates":[[[-17.4742575,14.7164778],[-17.4742175,14.7164907],[-17.4742321,14.7165336],[-17.4742721,14.7165207],[-17.4742575,14.7164778]]],"type":"Polygon"},"id":"c218a8a9-ae35-415b-8a49-17b33fc0af1c","properties":{"building":true,"sourceLayer":"buildings","sources":["Google Open Buildings"]},"type":"Feature"},{"geometry":{"coordinates":[[[-17.477223,14.7190194],[-17.4771112,14.7189614],[-17.4770298,14.7190715],[-17.4771772,14.7191295],[-17.477223,14.7190194]]],"type":"Polygon"},"id":"c22e1b38-b65a-4324-8f8a-14749d483698","properties":{"building":true,"sourceLayer":"buildings","sources":["OpenStreetMap"]},"type":"Feature"},{"geometry":{"coordinates":[[[-17.4729729,14.7166179],[-17.4729385,14.7166219],[-17.4729447,14.7166724],[-17.4729791,14.7166684],[-17.4729729,14.7166179]]],"type":"Polygon"},"id":"c30d999a-e89f-43de-b3f2-5816e66ced81","properties":{"building":true,"sourceLayer":"buildings","sources":["Google Open Buildings"]},"type":"Feature"},{"geometry":{"coordinates":[[[-17.4777329,14.7208309],[-17.4778122,14.7207306],[-17.4777482,14.7206785],[-17.4776591,14.7207883],[-17.4777279,14.7208378],[-17.4777329,14.7208309]]],"type":"Polygon"},"id":"c334fca6-ca72-4f01-98a8-7b3b0a6dfd7e","properties":{"building":true,"sourceLayer":"buildings","sources":["OpenStreetMap"]},"type":"Feature"},{"geometry":{"coordinates":[[[-17.4731941,14.7150394],[-17.4731382,14.7150706],[-17.473162,14.7151111],[-17.473218,14.7150799],[-17.4731941,14.7150394]]],"type":"Polygon"},"id":"c350ec6e-2dc5-4ca2-956b-ef3b9b86686c","properties":{"building":true,"sourceLayer":"buildings","sources":["Google Open Buildings"]},"type":"Feature"},{"geometry":{"coordinates":[[[-17.477509,14.7188984],[-17.4776142,14.7189363],[-17.4776721,14.7187744],[-17.4776242,14.7187569],[-17.4776318,14.7187377],[-17.4775775,14.7187208],[-17.477509,14.7188984]]],"type":"Polygon"},"id":"c352b911-0212-4adf-a7ef-5ee7bc6db833","properties":{"building":true,"sourceLayer":"buildings","sources":["OpenStreetMap"]},"type":"Feature"},{"geometry":{"coordinates":[[[-17.4735975,14.717427],[-17.473555,14.7174369],[-17.4735716,14.7175038],[-17.4736141,14.7174939],[-17.4735975,14.717427]]],"type":"Polygon"},"id":"c383a120-feac-4e8d-9fb6-ace37ca1eb3b","properties":{"building":true,"sourceLayer":"buildings","sources":["Google Open Buildings"]},"type":"Feature"},{"geometry":{"coordinates":[[[-17.476404,14.7144022],[-17.4763269,14.7144132],[-17.4763471,14.7145472],[-17.4764242,14.7145362],[-17.476404,14.7144022]]],"type":"Polygon"},"id":"c46fbcc6-0025-4028-bda2-312d062fe942","properties":{"building":true,"sourceLayer":"buildings","sources":["Google Open Buildings"]},"type":"Feature"},{"geometry":{"coordinates":[[[-17.4733747,14.7191056],[-17.473295,14.7191273],[-17.4733232,14.7192254],[-17.473425,14.7191977],[-17.473415,14.7191629],[-17.4733929,14.7191689],[-17.4733747,14.7191056]]],"type":"Polygon"},"id":"c4ab8228-a9d8-4a93-9813-a1242eba1743","properties":{"building":true,"sourceLayer":"buildings","sources":["Google Open Buildings"]},"type":"Feature"},{"geometry":{"coordinates":[[[-17.4775699,14.7198169],[-17.4776037,14.719846],[-17.4777134,14.719758],[-17.477674,14.7197199],[-17.4775699,14.7198169]]],"type":"Polygon"},"id":"c4f60f4c-1d26-41c8-97a9-bac397ad552a","properties":{"building":true,"sourceLayer":"buildings","sources":["OpenStreetMap"]},"type":"Feature"},{"geometry":{"coordinates":[[[-17.4743565,14.71688],[-17.4743591,14.7169131],[-17.4744996,14.716903],[-17.4744971,14.7168699],[-17.4744041,14.7168766],[-17.474403,14.7168627],[-17.4743798,14.7168644],[-17.4743808,14.7168782],[-17.4743565,14.71688]]],"type":"Polygon"},"id":"c5085fd1-c6ae-425b-b5fd-7feda830b4b9","properties":{"building":true,"sourceLayer":"buildings","sources":["Google Open Buildings"]},"type":"Feature"},{"geometry":{"coordinates":[[[-17.4732032,14.7172682],[-17.4731307,14.7172938],[-17.4731239,14.7172756],[-17.4730669,14.7172958],[-17.4730857,14.7173462],[-17.4732152,14.7173005],[-17.4732032,14.7172682]]],"type":"Polygon"},"id":"c52f4bfe-08ef-4378-b2c1-ac1e3d79ec54","properties":{"building":true,"sourceLayer":"buildings","sources":["Google Open Buildings"]},"type":"Feature"},{"geometry":{"coordinates":[[[-17.4735414,14.7155996],[-17.4734807,14.7156086],[-17.4734848,14.7156347],[-17.4735455,14.7156256],[-17.4735414,14.7155996]]],"type":"Polygon"},"id":"c54e2060-533e-4262-a2d3-0254e5550990","properties":{"building":true,"sourceLayer":"buildings","sources":["Google Open Buildings"]},"type":"Feature"},{"geometry":{"coordinates":[[[-17.4718342,14.721475],[-17.4719642,14.721483],[-17.4719827,14.7211976],[-17.4718608,14.7211901],[-17.4718481,14.7213851],[-17.4718401,14.7213846],[-17.4718342,14.721475]]],"type":"Polygon"},"id":"c56854ce-cc8f-4283-9d9f-f6104e15c332","properties":{"building":true,"sourceLayer":"buildings","sources":["Microsoft ML Buildings"]},"type":"Feature"},{"geometry":{"coordinates":[[[-17.4713145,14.7214995],[-17.4713669,14.7215072],[-17.4713725,14.7214717],[-17.4713201,14.721464],[-17.4713145,14.7214995]]],"type":"Polygon"},"id":"c57d16d9-5706-4839-b032-345cbac7d814","properties":{"building":true,"sourceLayer":"buildings","sources":["Microsoft ML Buildings"]},"type":"Feature"},{"geometry":{"coordinates":[[[-17.4778371,14.7202147],[-17.4778981,14.7202707],[-17.477949,14.7201852],[-17.4778954,14.7201372],[-17.4778371,14.7202147]]],"type":"Polygon"},"id":"c57efc2d-30a2-4c48-9cc9-1dd17c15e4e8","properties":{"building":true,"sourceLayer":"buildings","sources":["OpenStreetMap"]},"type":"Feature"},{"geometry":{"coordinates":[[[-17.4734254,14.7180265],[-17.4733896,14.7180309],[-17.4733954,14.7180754],[-17.4734311,14.718071],[-17.4734254,14.7180265]]],"type":"Polygon"},"id":"c589fce4-4e47-4d66-8f34-4ed62bbd6f26","properties":{"building":true,"sourceLayer":"buildings","sources":["Google Open Buildings"]},"type":"Feature"},{"geometry":{"coordinates":[[[-17.4781265,14.7216181],[-17.4782397,14.7216373],[-17.4782582,14.7215633],[-17.4781736,14.7215509],[-17.4781357,14.7215431],[-17.4781265,14.7216181]]],"type":"Polygon"},"id":"c59198f2-6d48-4b0c-93b2-73c13ebe7a9b","properties":{"building":true,"sourceLayer":"buildings","sources":["OpenStreetMap"]},"type":"Feature"},{"geometry":{"coordinates":[[[-17.4726444,14.7172815],[-17.4726107,14.717295],[-17.4726207,14.7173184],[-17.4726543,14.7173048],[-17.4726444,14.7172815]]],"type":"Polygon"},"id":"c5ba385f-ba42-49fe-bdf3-88746d02fad4","properties":{"building":true,"sourceLayer":"buildings","sources":["Google Open Buildings"]},"type":"Feature"},{"geometry":{"coordinates":[[[-17.4740974,14.7169788],[-17.4740613,14.7169882],[-17.4740758,14.7170411],[-17.4741119,14.7170318],[-17.4740974,14.7169788]]],"type":"Polygon"},"id":"c5de64db-33bf-4229-bac8-38a2c1e119ab","properties":{"building":true,"sourceLayer":"buildings","sources":["Google Open Buildings"]},"type":"Feature"},{"geometry":{"coordinates":[[[-17.4735313,14.7163833],[-17.4735956,14.7164558],[-17.4736184,14.7164366],[-17.4735541,14.7163642],[-17.4735313,14.7163833]]],"type":"Polygon"},"id":"c614d1f3-fcf9-4937-a5ce-90897aa110a2","properties":{"building":true,"sourceLayer":"buildings","sources":["Google Open Buildings"]},"type":"Feature"},{"geometry":{"coordinates":[[[-17.4774574,14.7213892],[-17.4775295,14.721335],[-17.477475,14.7212343],[-17.4773869,14.7212781],[-17.4774574,14.7213892]]],"type":"Polygon"},"id":"c6468d5a-cc5c-4742-9c0f-2314f16a5d50","properties":{"building":true,"sourceLayer":"buildings","sources":["OpenStreetMap"]},"type":"Feature"},{"geometry":{"coordinates":[[[-17.474772,14.7158602],[-17.4747175,14.7158705],[-17.4747262,14.7159141],[-17.4747807,14.7159038],[-17.474772,14.7158602]]],"type":"Polygon"},"id":"c64f7490-4a79-448b-8191-f30583e909a2","properties":{"building":true,"sourceLayer":"buildings","sources":["Google Open Buildings"]},"type":"Feature"},{"geometry":{"coordinates":[[[-17.4739291,14.7146823],[-17.4739473,14.714721],[-17.4740406,14.7146799],[-17.4740224,14.7146412],[-17.4739291,14.7146823]]],"type":"Polygon"},"id":"c677a064-638e-45bd-aff2-50c95256c007","properties":{"building":true,"sourceLayer":"buildings","sources":["Microsoft ML Buildings"]},"type":"Feature"},{"geometry":{"coordinates":[[[-17.4724995,14.7181554],[-17.4724722,14.7181672],[-17.472484,14.718193],[-17.4725113,14.7181812],[-17.4724995,14.7181554]]],"type":"Polygon"},"id":"c6dce35d-e2cf-48f4-83c7-ccfe0f26867f","properties":{"building":true,"sourceLayer":"buildings","sources":["Google Open Buildings"]},"type":"Feature"},{"geometry":{"coordinates":[[[-17.4727758,14.7201233],[-17.4727854,14.7201236],[-17.4727879,14.7200444],[-17.4727033,14.7200419],[-17.472699,14.7201755],[-17.4727741,14.7201777],[-17.4727758,14.7201233]]],"type":"Polygon"},"id":"c6f000b5-d05f-4df5-b984-a5eb8401be71","properties":{"building":true,"sourceLayer":"buildings","sources":["Microsoft ML Buildings"]},"type":"Feature"},{"geometry":{"coordinates":[[[-17.4779301,14.7206633],[-17.4779194,14.720695],[-17.4779597,14.7207079],[-17.4779703,14.7206762],[-17.4779301,14.7206633]]],"type":"Polygon"},"id":"c75cdbe7-8393-4413-8289-38860f98c635","properties":{"building":true,"sourceLayer":"buildings","sources":["Google Open Buildings"]},"type":"Feature"},{"geometry":{"coordinates":[[[-17.4735702,14.7174978],[-17.4735364,14.7174891],[-17.4735292,14.7175154],[-17.473563,14.7175242],[-17.4735702,14.7174978]]],"type":"Polygon"},"id":"c763044f-70ab-4981-86c9-8fe410f5c70d","properties":{"building":true,"sourceLayer":"buildings","sources":["Google Open Buildings"]},"type":"Feature"},{"geometry":{"coordinates":[[[-17.4781517,14.7204701],[-17.4780788,14.7204106],[-17.4779913,14.7205167],[-17.4780664,14.7205751],[-17.4781517,14.7204701]]],"type":"Polygon"},"id":"c76cebe6-422e-433d-81bd-609e0c149276","properties":{"building":true,"sourceLayer":"buildings","sources":["OpenStreetMap"]},"type":"Feature"},{"geometry":{"coordinates":[[[-17.4773441,14.7168019],[-17.4772482,14.7168104],[-17.4772539,14.7168709],[-17.4773498,14.7168624],[-17.4773441,14.7168019]]],"type":"Polygon"},"id":"c790bf3a-df24-41da-a836-5568f48a156f","properties":{"building":true,"sourceLayer":"buildings","sources":["Google Open Buildings"]},"type":"Feature"},{"geometry":{"coordinates":[[[-17.4755534,14.7141491],[-17.4754877,14.7141796],[-17.4755273,14.7142607],[-17.4755931,14.7142302],[-17.4755534,14.7141491]]],"type":"Polygon"},"id":"c7a51ab8-6ce1-40c6-9c4a-6263091f154f","properties":{"building":true,"sourceLayer":"buildings","sources":["Google Open Buildings"]},"type":"Feature"},{"geometry":{"coordinates":[[[-17.4741731,14.717458],[-17.4741211,14.7174638],[-17.4741238,14.7174865],[-17.4741757,14.7174807],[-17.4741731,14.717458]]],"type":"Polygon"},"id":"c7d204ac-95e4-4c83-b1b5-32eb11735637","properties":{"building":true,"sourceLayer":"buildings","sources":["Google Open Buildings"]},"type":"Feature"},{"geometry":{"coordinates":[[[-17.4719535,14.7203648],[-17.4719502,14.7204155],[-17.4719621,14.7204162],[-17.4719603,14.7204427],[-17.4720825,14.7204503],[-17.4720891,14.7203501],[-17.4719924,14.7203442],[-17.4719909,14.7203671],[-17.4719535,14.7203648]]],"type":"Polygon"},"id":"c8960279-196d-4938-925f-c17b7705bdf4","properties":{"building":true,"sourceLayer":"buildings","sources":["Google Open Buildings"]},"type":"Feature"},{"geometry":{"coordinates":[[[-17.4728675,14.7205003],[-17.4727703,14.7204959],[-17.4727636,14.7206351],[-17.4728608,14.7206395],[-17.4728675,14.7205003]]],"type":"Polygon"},"id":"c8cd3084-082f-4dd5-be34-624546653715","properties":{"building":true,"sourceLayer":"buildings","sources":["Google Open Buildings"]},"type":"Feature"},{"geometry":{"coordinates":[[[-17.4787737,14.7196194],[-17.4788304,14.7195523],[-17.4787098,14.7194626],[-17.47865,14.7195333],[-17.4787031,14.7195735],[-17.4787147,14.7195549],[-17.4787409,14.7195705],[-17.4787285,14.7195899],[-17.4787737,14.7196194]]],"type":"Polygon"},"id":"c8f41f4d-1fb4-4b06-8311-07024c809a40","properties":{"building":true,"sourceLayer":"buildings","sources":["OpenStreetMap"]},"type":"Feature"},{"geometry":{"coordinates":[[[-17.4722686,14.7139497],[-17.4722677,14.7139756],[-17.4723133,14.7139771],[-17.4723142,14.7139512],[-17.4722686,14.7139497]]],"type":"Polygon"},"id":"c8f54496-be01-45ad-8361-d96beddac333","properties":{"building":true,"sourceLayer":"buildings","sources":["Microsoft ML Buildings"]},"type":"Feature"},{"geometry":{"coordinates":[[[-17.4768676,14.7186971],[-17.476984,14.7187737],[-17.4770159,14.7187405],[-17.4768984,14.718656],[-17.4768676,14.7186971]]],"type":"Polygon"},"id":"c8fbd64a-f584-4da4-b96b-7241cb2f8056","properties":{"building":true,"sourceLayer":"buildings","sources":["OpenStreetMap"]},"type":"Feature"},{"geometry":{"coordinates":[[[-17.4730827,14.716337],[-17.473087,14.7163738],[-17.473129,14.7163692],[-17.4731248,14.7163324],[-17.4730827,14.716337]]],"type":"Polygon"},"id":"c93dc01b-f722-4bb7-930b-2c56bb39c5b2","properties":{"building":true,"sourceLayer":"buildings","sources":["Google Open Buildings"]},"type":"Feature"},{"geometry":{"coordinates":[[[-17.4747316,14.7163656],[-17.4746371,14.7163991],[-17.4746753,14.7165013],[-17.4747699,14.7164678],[-17.4747316,14.7163656]]],"type":"Polygon"},"id":"c945edb0-52d8-4ac0-8645-aa2e90b70b7b","properties":{"building":true,"sourceLayer":"buildings","sources":["Google Open Buildings"]},"type":"Feature"},{"geometry":{"coordinates":[[[-17.4733394,14.7188997],[-17.473114,14.7189611],[-17.473137,14.7190413],[-17.4733228,14.7189907],[-17.4733115,14.7189514],[-17.4733511,14.7189407],[-17.4733394,14.7188997]]],"type":"Polygon"},"id":"c952aa43-be32-4354-9ee4-0b7edb90f0d9","properties":{"building":true,"sourceLayer":"buildings","sources":["Google Open Buildings"]},"type":"Feature"},{"geometry":{"coordinates":[[[-17.474982,14.7139595],[-17.474943,14.7138627],[-17.4748941,14.7138811],[-17.4749331,14.7139779],[-17.474982,14.7139595]]],"type":"Polygon"},"id":"c9691119-1211-4ce1-8f80-5a667f554970","properties":{"building":true,"sourceLayer":"buildings","sources":["Microsoft ML Buildings"]},"type":"Feature"},{"geometry":{"coordinates":[[[-17.4712598,14.7148479],[-17.4712637,14.7147859],[-17.4711394,14.7147785],[-17.4711374,14.7148112],[-17.4711067,14.7148094],[-17.4711049,14.7148387],[-17.4712598,14.7148479]]],"type":"Polygon"},"id":"ca127e67-8433-49c1-b185-ea8c58a1d730","properties":{"building":true,"sourceLayer":"buildings","sources":["Google Open Buildings"]},"type":"Feature"},{"geometry":{"coordinates":[[[-17.4781593,14.7204763],[-17.4781812,14.7204527],[-17.4782465,14.7203735],[-17.4781848,14.7203294],[-17.478169,14.72035],[-17.4781485,14.720336],[-17.4781284,14.7203581],[-17.4781049,14.7203785],[-17.4781242,14.7203952],[-17.4781166,14.7204085],[-17.4780929,14.7203937],[-17.4780788,14.7204106],[-17.4781517,14.7204701],[-17.4781593,14.7204763]]],"type":"Polygon"},"id":"cb1f5b8e-36c0-4b45-a692-863d43b34c3a","properties":{"building":true,"sourceLayer":"buildings","sources":["OpenStreetMap"]},"type":"Feature"},{"geometry":{"coordinates":[[[-17.4768248,14.7187515],[-17.4769472,14.7188258],[-17.4769755,14.7187819],[-17.4768605,14.7187008],[-17.4768248,14.7187515]]],"type":"Polygon"},"id":"cb4882b2-60c2-4d49-8418-3075e041eba5","properties":{"building":true,"sourceLayer":"buildings","sources":["OpenStreetMap"]},"type":"Feature"},{"geometry":{"coordinates":[[[-17.4740829,14.7215971],[-17.4739959,14.7216192],[-17.4740308,14.7217489],[-17.4741177,14.7217268],[-17.4740829,14.7215971]]],"type":"Polygon"},"id":"cbb8f468-8f68-482f-a476-c776a1514685","properties":{"building":true,"sourceLayer":"buildings","sources":["Google Open Buildings"]},"type":"Feature"},{"geometry":{"coordinates":[[[-17.4733511,14.7189407],[-17.473329,14.7189467],[-17.4733403,14.7189859],[-17.4731955,14.7190253],[-17.4732126,14.7190849],[-17.4733795,14.7190394],[-17.4733511,14.7189407]]],"type":"Polygon"},"id":"cc498fd6-70e9-4d1e-b082-e417505a2785","properties":{"building":true,"sourceLayer":"buildings","sources":["Google Open Buildings"]},"type":"Feature"},{"geometry":{"coordinates":[[[-17.4753007,14.7139793],[-17.4752634,14.713992],[-17.4752807,14.7140401],[-17.4753184,14.7140269],[-17.4753007,14.7139793]]],"type":"Polygon"},"id":"cc5dd8b5-1c08-40e8-9872-c8527c6dc349","properties":{"building":true,"sourceLayer":"buildings","sources":["Google Open Buildings"]},"type":"Feature"},{"geometry":{"coordinates":[[[-17.4712109,14.7168875],[-17.471277,14.716905],[-17.4712962,14.7168374],[-17.47123,14.7168199],[-17.4712109,14.7168875]]],"type":"Polygon"},"id":"cd269ea7-be5a-4bc1-a401-ced57a31e1e5","properties":{"building":true,"sourceLayer":"buildings","sources":["Microsoft ML Buildings"]},"type":"Feature"},{"geometry":{"coordinates":[[[-17.4778428,14.7206967],[-17.4779071,14.7206253],[-17.4778363,14.7205657],[-17.4777482,14.7206785],[-17.4778122,14.7207306],[-17.4778428,14.7206967]]],"type":"Polygon"},"id":"cd2f57e5-aeb0-4f65-87b6-604c556e2748","properties":{"building":true,"sourceLayer":"buildings","sources":["OpenStreetMap"]},"type":"Feature"},{"geometry":{"coordinates":[[[-17.4748258,14.7150717],[-17.4747133,14.7150976],[-17.4747191,14.7151213],[-17.4748316,14.7150954],[-17.4748258,14.7150717]]],"type":"Polygon"},"id":"cd723322-4f2d-4980-88f3-9ea6b1ba6c28","properties":{"building":true,"sourceLayer":"buildings","sources":["Google Open Buildings"]},"type":"Feature"},{"geometry":{"coordinates":[[[-17.478901,14.7207085],[-17.4789665,14.720587],[-17.4788399,14.7204852],[-17.4787541,14.7205921],[-17.478901,14.7207085]]],"type":"Polygon"},"id":"cdb8bbcd-52a7-4636-88f1-70f7e3c7fdd6","properties":{"building":true,"sourceLayer":"buildings","sources":["OpenStreetMap"]},"type":"Feature"},{"geometry":{"coordinates":[[[-17.4712138,14.7168073],[-17.4713229,14.7168164],[-17.4713494,14.7165176],[-17.4712403,14.7165086],[-17.4712138,14.7168073]]],"type":"Polygon"},"id":"cdbf9968-88fa-4b40-a5a7-3fe12a55a6b4","properties":{"building":true,"sourceLayer":"buildings","sources":["Microsoft ML Buildings"]},"type":"Feature"},{"geometry":{"coordinates":[[[-17.4723444,14.7196657],[-17.4723381,14.7197552],[-17.4724679,14.7197639],[-17.4724742,14.7196745],[-17.4723444,14.7196657]]],"type":"Polygon"},"id":"cdcf6c06-9e60-40fb-a615-7ed9caf39a2c","properties":{"building":true,"sourceLayer":"buildings","sources":["Google Open Buildings"]},"type":"Feature"},{"geometry":{"coordinates":[[[-17.4738476,14.7160406],[-17.4738269,14.7160873],[-17.4738964,14.7161164],[-17.473917,14.7160696],[-17.4738476,14.7160406]]],"type":"Polygon"},"id":"cdf38003-482f-4ec5-a14a-9ba11772d1d3","properties":{"building":true,"sourceLayer":"buildings","sources":["Google Open Buildings"]},"type":"Feature"},{"geometry":{"coordinates":[[[-17.4736377,14.7137446],[-17.4735312,14.7137957],[-17.4735993,14.7139302],[-17.4737058,14.7138791],[-17.4736377,14.7137446]]],"type":"Polygon"},"id":"ce0024ca-6253-449a-98b0-c8f4e1d69e75","properties":{"building":true,"sourceLayer":"buildings","sources":["Google Open Buildings"]},"type":"Feature"},{"geometry":{"coordinates":[[[-17.4711121,14.7168227],[-17.4709517,14.7168117],[-17.4709434,14.7169277],[-17.4711038,14.7169386],[-17.4711121,14.7168227]]],"type":"Polygon"},"id":"ce91ab9e-280c-43fe-9b35-3d6eb7236572","properties":{"building":true,"sourceLayer":"buildings","sources":["Google Open Buildings"]},"type":"Feature"},{"geometry":{"coordinates":[[[-17.4770995,14.7168956],[-17.4770714,14.7168964],[-17.4770729,14.7169482],[-17.4771613,14.7169458],[-17.4771575,14.7168177],[-17.4770972,14.7168194],[-17.4770995,14.7168956]]],"type":"Polygon"},"id":"ceb87714-8556-4e80-b6ed-1e0d831193c8","properties":{"building":true,"sourceLayer":"buildings","sources":["Microsoft ML Buildings"]},"type":"Feature"},{"geometry":{"coordinates":[[[-17.4750621,14.7144284],[-17.4749983,14.7144559],[-17.4750224,14.7145087],[-17.4750862,14.7144812],[-17.4750621,14.7144284]]],"type":"Polygon"},"id":"cec169d2-289d-4a4b-be2b-8a1a2d80915a","properties":{"building":true,"sourceLayer":"buildings","sources":["Google Open Buildings"]},"type":"Feature"},{"geometry":{"coordinates":[[[-17.4743085,14.7164328],[-17.4742521,14.7164595],[-17.4742693,14.7164939],[-17.4743256,14.7164672],[-17.4743085,14.7164328]]],"type":"Polygon"},"id":"cf455096-00af-40de-9635-dd6b15bf9766","properties":{"building":true,"sourceLayer":"buildings","sources":["Google Open Buildings"]},"type":"Feature"},{"geometry":{"coordinates":[[[-17.4766042,14.7186602],[-17.4767475,14.7187442],[-17.4767933,14.718696],[-17.4766549,14.7185935],[-17.4766042,14.7186602]]],"type":"Polygon"},"id":"cf47e400-2003-488c-923f-5b8d33c4fe31","properties":{"building":true,"sourceLayer":"buildings","sources":["OpenStreetMap"]},"type":"Feature"},{"geometry":{"coordinates":[[[-17.4743559,14.7152303],[-17.4743064,14.7152123],[-17.4742917,14.7152507],[-17.4743412,14.7152687],[-17.4743559,14.7152303]]],"type":"Polygon"},"id":"d02d2e28-ca77-46ba-b6ce-37aa814202e2","properties":{"building":true,"sourceLayer":"buildings","sources":["Google Open Buildings"]},"type":"Feature"},{"geometry":{"coordinates":[[[-17.4736218,14.721393],[-17.4735461,14.7214132],[-17.4735736,14.7215112],[-17.4736669,14.7214864],[-17.473659,14.721458],[-17.4736414,14.7214627],[-17.4736218,14.721393]]],"type":"Polygon"},"id":"d03466bd-a53b-4d68-b95e-3b4d9025a31d","properties":{"building":true,"sourceLayer":"buildings","sources":["Google Open Buildings"]},"type":"Feature"},{"geometry":{"coordinates":[[[-17.4736524,14.715116],[-17.4736681,14.7151721],[-17.4736967,14.7151646],[-17.4736809,14.7151084],[-17.4736524,14.715116]]],"type":"Polygon"},"id":"d07bbc66-2bea-428f-9e5a-5198ad2d7e1f","properties":{"building":true,"sourceLayer":"buildings","sources":["Google Open Buildings"]},"type":"Feature"},{"geometry":{"coordinates":[[[-17.4787132,14.7165536],[-17.4786293,14.7165964],[-17.4787007,14.7167289],[-17.4787532,14.7167021],[-17.4787243,14.7166485],[-17.4787557,14.7166325],[-17.4787132,14.7165536]]],"type":"Polygon"},"id":"d0900d68-5cba-49cc-b175-d55a7163ccad","properties":{"building":true,"sourceLayer":"buildings","sources":["Google Open Buildings"]},"type":"Feature"},{"geometry":{"coordinates":[[[-17.4764341,14.7178077],[-17.476482,14.7178098],[-17.4764797,14.7177732],[-17.4764205,14.7177727],[-17.476421,14.7177958],[-17.4764151,14.7177958],[-17.476415,14.7178068],[-17.4764341,14.7178077]]],"type":"Polygon"},"id":"d09bf9bc-8b42-4ecc-83e2-0c15d4776683","properties":{"building":true,"sourceLayer":"buildings","sources":["OpenStreetMap"]},"type":"Feature"},{"geometry":{"coordinates":[[[-17.4725087,14.7173462],[-17.4724986,14.7173016],[-17.4724014,14.7173222],[-17.4724114,14.7173668],[-17.4725087,14.7173462]]],"type":"Polygon"},"id":"d0a6dbde-ef9d-4425-8e5e-b1121f7043fc","properties":{"building":true,"sourceLayer":"buildings","sources":["Microsoft ML Buildings"]},"type":"Feature"},{"geometry":{"coordinates":[[[-17.4729508,14.7138968],[-17.4730017,14.7138958],[-17.4730011,14.7138673],[-17.4729501,14.7138683],[-17.4729508,14.7138968]]],"type":"Polygon"},"id":"d0fa66f0-bbd0-498d-a7b4-3429dd1d8aec","properties":{"building":true,"sourceLayer":"buildings","sources":["Microsoft ML Buildings"]},"type":"Feature"},{"geometry":{"coordinates":[[[-17.4725577,14.7204951],[-17.4724935,14.7204983],[-17.4724963,14.7205512],[-17.4725605,14.7205481],[-17.4725577,14.7204951]]],"type":"Polygon"},"id":"d1787b3f-99ef-478c-9d55-1c2aac2ca3b5","properties":{"building":true,"sourceLayer":"buildings","sources":["Microsoft ML Buildings"]},"type":"Feature"},{"geometry":{"coordinates":[[[-17.4735777,14.7181366],[-17.4735235,14.718135],[-17.4735222,14.7181774],[-17.4735764,14.718179],[-17.4735777,14.7181366]]],"type":"Polygon"},"id":"d18adabe-bef1-4c00-abc8-fdebd1e5aff6","properties":{"building":true,"sourceLayer":"buildings","sources":["Google Open Buildings"]},"type":"Feature"},{"geometry":{"coordinates":[[[-17.4781304,14.7203204],[-17.4781479,14.720302],[-17.4780837,14.7202503],[-17.478007,14.7203555],[-17.4780788,14.7204106],[-17.4780929,14.7203937],[-17.4780815,14.7203846],[-17.4781163,14.7203483],[-17.4781284,14.7203581],[-17.4781485,14.720336],[-17.4781304,14.7203204]]],"type":"Polygon"},"id":"d190088c-af76-4713-9224-def595bd5889","properties":{"building":true,"sourceLayer":"buildings","sources":["OpenStreetMap"]},"type":"Feature"},{"geometry":{"coordinates":[[[-17.474582,14.7164284],[-17.4745524,14.7164393],[-17.4745691,14.7164823],[-17.4745987,14.7164714],[-17.474582,14.7164284]]],"type":"Polygon"},"id":"d1b09c9d-1d2b-431f-a011-9234796389d3","properties":{"building":true,"sourceLayer":"buildings","sources":["Google Open Buildings"]},"type":"Feature"},{"geometry":{"coordinates":[[[-17.4788913,14.7216851],[-17.4789825,14.7216417],[-17.4789322,14.7215678],[-17.4788471,14.7216041],[-17.4788913,14.7216851]]],"type":"Polygon"},"id":"d1bed870-a554-4e01-97dc-99521debaa2c","properties":{"building":true,"sourceLayer":"buildings","sources":["OpenStreetMap"]},"type":"Feature"},{"geometry":{"coordinates":[[[-17.4723328,14.7203234],[-17.4722386,14.7203181],[-17.4722316,14.7204344],[-17.4723259,14.7204397],[-17.4723328,14.7203234]]],"type":"Polygon"},"id":"d1c6ea2c-5326-43a2-848b-7fcc413d798e","properties":{"building":true,"sourceLayer":"buildings","sources":["Google Open Buildings"]},"type":"Feature"},{"geometry":{"coordinates":[[[-17.4775012,14.7197557],[-17.4775645,14.7198115],[-17.4776721,14.7197142],[-17.477611,14.7196532],[-17.4775012,14.7197557]]],"type":"Polygon"},"id":"d21f74cc-fbc2-4f3b-8d28-3ec68ad4ef7a","properties":{"building":true,"sourceLayer":"buildings","sources":["OpenStreetMap"]},"type":"Feature"},{"geometry":{"coordinates":[[[-17.4765655,14.7168869],[-17.4764148,14.7168999],[-17.4764234,14.7169942],[-17.4765741,14.7169812],[-17.4765655,14.7168869]]],"type":"Polygon"},"id":"d22838b1-4076-490e-b322-7d2b29032afb","properties":{"building":true,"sourceLayer":"buildings","sources":["Google Open Buildings"]},"type":"Feature"},{"geometry":{"coordinates":[[[-17.4777033,14.7163936],[-17.4776007,14.7164016],[-17.4776062,14.7164681],[-17.4776782,14.7164625],[-17.4776772,14.7164509],[-17.4777078,14.7164485],[-17.4777033,14.7163936]]],"type":"Polygon"},"id":"d2352cf1-a72e-4260-af5b-f06bc48de955","properties":{"building":true,"sourceLayer":"buildings","sources":["Google Open Buildings"]},"type":"Feature"},{"geometry":{"coordinates":[[[-17.4713655,14.7209911],[-17.4713436,14.7209892],[-17.4713385,14.7210444],[-17.4713604,14.7210463],[-17.4713655,14.7209911]]],"type":"Polygon"},"id":"d244953e-d568-416e-bb13-34abbb7074fb","properties":{"building":true,"sourceLayer":"buildings","sources":["Google Open Buildings"]},"type":"Feature"},{"geometry":{"coordinates":[[[-17.4729059,14.7168857],[-17.4729122,14.7169267],[-17.4729775,14.7169171],[-17.4729711,14.7168761],[-17.4729059,14.7168857]]],"type":"Polygon"},"id":"d26cbe0e-fb50-4f22-997b-b9e6f2a435dc","properties":{"building":true,"sourceLayer":"buildings","sources":["Google Open Buildings"]},"type":"Feature"},{"geometry":{"coordinates":[[[-17.4770766,14.7217635],[-17.4771444,14.7217158],[-17.4770994,14.721619],[-17.4770196,14.7216604],[-17.4770766,14.7217635]]],"type":"Polygon"},"id":"d287a2a3-3950-444d-a81c-23d0d79a00f5","properties":{"building":true,"sourceLayer":"buildings","sources":["OpenStreetMap"]},"type":"Feature"},{"geometry":{"coordinates":[[[-17.4782747,14.7206739],[-17.478324,14.7206076],[-17.4782061,14.7205196],[-17.4781222,14.7206243],[-17.4782445,14.7207118],[-17.4782747,14.7206739]]],"type":"Polygon"},"id":"d2d4ba7d-9e03-4db1-ae4d-66cd8365c3d0","properties":{"building":true,"sourceLayer":"buildings","sources":["OpenStreetMap"]},"type":"Feature"},{"geometry":{"coordinates":[[[-17.4739398,14.7172786],[-17.4739733,14.7173186],[-17.4740002,14.7172972],[-17.4739668,14.7172573],[-17.4739398,14.7172786]]],"type":"Polygon"},"id":"d2f4dd7a-d2c7-43a9-8e8f-55fafb1bb2bd","properties":{"building":true,"sourceLayer":"buildings","sources":["Google Open Buildings"]},"type":"Feature"},{"geometry":{"coordinates":[[[-17.4782942,14.7204081],[-17.4782061,14.7205196],[-17.478324,14.7206076],[-17.4784128,14.7204979],[-17.4782942,14.7204081]]],"type":"Polygon"},"id":"d303d31b-aa4e-4ab4-9f4b-58acda8164b4","properties":{"building":true,"sourceLayer":"buildings","sources":["OpenStreetMap"]},"type":"Feature"},{"geometry":{"coordinates":[[[-17.4747901,14.7151116],[-17.4747258,14.7151211],[-17.4747331,14.7151672],[-17.4747973,14.7151576],[-17.4747901,14.7151116]]],"type":"Polygon"},"id":"d30ff87f-0767-477e-a996-12d89a42aa33","properties":{"building":true,"sourceLayer":"buildings","sources":["Google Open Buildings"]},"type":"Feature"},{"geometry":{"coordinates":[[[-17.4725486,14.7207061],[-17.4724764,14.720702],[-17.4724722,14.7207718],[-17.4725443,14.7207759],[-17.4725486,14.7207061]]],"type":"Polygon"},"id":"d31246f5-9734-46bf-99c9-328e678c6fb2","properties":{"building":true,"sourceLayer":"buildings","sources":["Microsoft ML Buildings"]},"type":"Feature"},{"geometry":{"coordinates":[[[-17.4740623,14.7154725],[-17.4740619,14.7155062],[-17.4741262,14.7155071],[-17.4741267,14.7154734],[-17.4740623,14.7154725]]],"type":"Polygon"},"id":"d318e609-2520-4318-986f-7771431212ff","properties":{"building":true,"sourceLayer":"buildings","sources":["Microsoft ML Buildings"]},"type":"Feature"},{"geometry":{"coordinates":[[[-17.4770653,14.7183313],[-17.4770761,14.7183352],[-17.4771082,14.718297],[-17.477012,14.7182044],[-17.4769646,14.718258],[-17.477053,14.7183492],[-17.4770653,14.7183313]]],"type":"Polygon"},"id":"d344362f-0918-475f-a0dc-d6a665a50f27","properties":{"building":true,"sourceLayer":"buildings","sources":["OpenStreetMap"]},"type":"Feature"},{"geometry":{"coordinates":[[[-17.4733908,14.7165163],[-17.4733521,14.7165205],[-17.4733592,14.7165826],[-17.4733978,14.7165785],[-17.4733908,14.7165163]]],"type":"Polygon"},"id":"d3492801-230e-47f2-ad11-d2bc461525b5","properties":{"building":true,"sourceLayer":"buildings","sources":["Google Open Buildings"]},"type":"Feature"},{"geometry":{"coordinates":[[[-17.4733119,14.7207973],[-17.4731937,14.7208292],[-17.4732218,14.7209281],[-17.4733401,14.7208963],[-17.4733119,14.7207973]]],"type":"Polygon"},"id":"d355e7fa-81c2-42b4-bc47-e808b72862ac","properties":{"building":true,"sourceLayer":"buildings","sources":["Google Open Buildings"]},"type":"Feature"},{"geometry":{"coordinates":[[[-17.4733824,14.7156485],[-17.4733456,14.715663],[-17.4733567,14.7156896],[-17.4733935,14.7156751],[-17.4733824,14.7156485]]],"type":"Polygon"},"id":"d37b47e3-30c6-4c3f-869a-dceb26be5927","properties":{"building":true,"sourceLayer":"buildings","sources":["Google Open Buildings"]},"type":"Feature"},{"geometry":{"coordinates":[[[-17.4748328,14.7141207],[-17.4747625,14.7141503],[-17.4747913,14.7142152],[-17.4748616,14.7141856],[-17.4748328,14.7141207]]],"type":"Polygon"},"id":"d39e9d16-ddf9-4cd2-9996-9d2a849bb38d","properties":{"building":true,"sourceLayer":"buildings","sources":["Google Open Buildings"]},"type":"Feature"},{"geometry":{"coordinates":[[[-17.4728497,14.7138549],[-17.4730057,14.7138654],[-17.4730182,14.7136912],[-17.4728847,14.7136822],[-17.472877,14.7137906],[-17.4728545,14.7137891],[-17.4728497,14.7138549]]],"type":"Polygon"},"id":"d3a5da87-5922-4474-9378-c8a61fe967ec","properties":{"building":true,"sourceLayer":"buildings","sources":["Microsoft ML Buildings"]},"type":"Feature"},{"geometry":{"coordinates":[[[-17.4734187,14.7158533],[-17.473455,14.7158778],[-17.4734769,14.7158472],[-17.4734406,14.7158226],[-17.4734187,14.7158533]]],"type":"Polygon"},"id":"d3b5040a-056f-433c-9e99-6590c5a6721c","properties":{"building":true,"sourceLayer":"buildings","sources":["Google Open Buildings"]},"type":"Feature"},{"geometry":{"coordinates":[[[-17.4768193,14.7176095],[-17.4768775,14.717654],[-17.4769685,14.7175334],[-17.4769076,14.7174896],[-17.4768193,14.7176095]]],"type":"Polygon"},"id":"d3d74dc6-b79b-41f6-b7d0-a160612abc4c","properties":{"building":true,"sourceLayer":"buildings","sources":["OpenStreetMap"]},"type":"Feature"},{"geometry":{"coordinates":[[[-17.4758725,14.714955],[-17.4757719,14.7149889],[-17.4757991,14.7150653],[-17.4758547,14.7150465],[-17.4758404,14.7150066],[-17.4758855,14.7149914],[-17.4758725,14.714955]]],"type":"Polygon"},"id":"d416a4ed-dff6-40ec-ada0-7768979f66cc","properties":{"building":true,"sourceLayer":"buildings","sources":["Google Open Buildings"]},"type":"Feature"},{"geometry":{"coordinates":[[[-17.4788443,14.7215939],[-17.4789251,14.7215619],[-17.4788885,14.7214975],[-17.478798,14.7215231],[-17.4788443,14.7215939]]],"type":"Polygon"},"id":"d42954fa-7de1-4d04-b7bc-9f73792eb4ab","properties":{"building":true,"sourceLayer":"buildings","sources":["OpenStreetMap"]},"type":"Feature"},{"geometry":{"coordinates":[[[-17.4747567,14.7150413],[-17.4746979,14.7150549],[-17.4747054,14.7150857],[-17.4747643,14.7150721],[-17.4747567,14.7150413]]],"type":"Polygon"},"id":"d438deb2-1321-43f8-a615-997d53d62a5b","properties":{"building":true,"sourceLayer":"buildings","sources":["Google Open Buildings"]},"type":"Feature"},{"geometry":{"coordinates":[[[-17.4788012,14.7197918],[-17.4787565,14.7197568],[-17.4787154,14.7198059],[-17.4787601,14.7198409],[-17.4788012,14.7197918]]],"type":"Polygon"},"id":"d4550c4b-f416-4c1f-9dda-4b82e7a086b0","properties":{"building":true,"sourceLayer":"buildings","sources":["Microsoft ML Buildings"]},"type":"Feature"},{"geometry":{"coordinates":[[[-17.4736393,14.7166447],[-17.4735954,14.7166637],[-17.4736135,14.7167032],[-17.4736573,14.7166842],[-17.4736393,14.7166447]]],"type":"Polygon"},"id":"d4784fe1-1cb2-43f0-80e1-bf8683afea4a","properties":{"building":true,"sourceLayer":"buildings","sources":["Google Open Buildings"]},"type":"Feature"},{"geometry":{"coordinates":[[[-17.4790426,14.7183995],[-17.4789857,14.7183042],[-17.4789464,14.7183261],[-17.4790033,14.7184215],[-17.4790426,14.7183995]]],"type":"Polygon"},"id":"d47925d3-ef1e-4484-8203-db230c502898","properties":{"building":true,"sourceLayer":"buildings","sources":["Microsoft ML Buildings"]},"type":"Feature"},{"geometry":{"coordinates":[[[-17.4749198,14.7176827],[-17.4748847,14.7176803],[-17.4748765,14.717795],[-17.4749116,14.7177974],[-17.4749198,14.7176827]]],"type":"Polygon"},"id":"d4849111-ca38-4760-8796-44dcd85c688b","properties":{"building":true,"sourceLayer":"buildings","sources":["Google Open Buildings"]},"type":"Feature"},{"geometry":{"coordinates":[[[-17.4748431,14.7152703],[-17.4748043,14.7152793],[-17.4748154,14.7153244],[-17.4748541,14.7153155],[-17.4748431,14.7152703]]],"type":"Polygon"},"id":"d4c8c762-b750-4098-b2b1-2ea9855d6c14","properties":{"building":true,"sourceLayer":"buildings","sources":["Google Open Buildings"]},"type":"Feature"},{"geometry":{"coordinates":[[[-17.4720117,14.7159176],[-17.4720098,14.7159527],[-17.4720665,14.7159557],[-17.4720684,14.7159205],[-17.4720117,14.7159176]]],"type":"Polygon"},"id":"d50eefa3-b37a-4ecb-8a47-ee3c16ac4898","properties":{"building":true,"sourceLayer":"buildings","sources":["Google Open Buildings"]},"type":"Feature"},{"geometry":{"coordinates":[[[-17.4769885,14.7214813],[-17.4770535,14.7216139],[-17.4771105,14.721588],[-17.4771034,14.7215674],[-17.4771216,14.7215591],[-17.4770603,14.7214485],[-17.4769885,14.7214813]]],"type":"Polygon"},"id":"d552f91c-b55f-4b7a-81ec-22a0f31c4cb3","properties":{"building":true,"sourceLayer":"buildings","sources":["OpenStreetMap"]},"type":"Feature"},{"geometry":{"coordinates":[[[-17.473439,14.7182654],[-17.4733829,14.71833],[-17.4734125,14.7183543],[-17.4734686,14.7182897],[-17.473439,14.7182654]]],"type":"Polygon"},"id":"d57f282c-40ad-4f02-a593-526d1581f50f","properties":{"building":true,"sourceLayer":"buildings","sources":["Google Open Buildings"]},"type":"Feature"},{"geometry":{"coordinates":[[[-17.472646,14.7204755],[-17.4727103,14.7204781],[-17.4727147,14.7203771],[-17.4726504,14.7203745],[-17.472646,14.7204755]]],"type":"Polygon"},"id":"d5aa8991-ea8f-4304-ab43-8f519b5ab207","properties":{"building":true,"sourceLayer":"buildings","sources":["Microsoft ML Buildings"]},"type":"Feature"},{"geometry":{"coordinates":[[[-17.4737388,14.720404],[-17.4737666,14.7203972],[-17.473724,14.7202351],[-17.4736374,14.7202564],[-17.473654,14.7203197],[-17.4736121,14.72033],[-17.4736249,14.7203788],[-17.4736653,14.7203689],[-17.4736908,14.7204663],[-17.4737513,14.7204515],[-17.4737388,14.720404]]],"type":"Polygon"},"id":"d5c33613-bb22-41a9-8e0a-ac734d797c59","properties":{"building":true,"sourceLayer":"buildings","sources":["Microsoft ML Buildings"]},"type":"Feature"},{"geometry":{"coordinates":[[[-17.4775828,14.7200758],[-17.477697,14.7199505],[-17.4776595,14.7199082],[-17.4775431,14.7200291],[-17.4775828,14.7200758]]],"type":"Polygon"},"id":"d5db9305-8c11-4d6f-9e7b-2a107e7e8e3a","properties":{"building":true,"sourceLayer":"buildings","sources":["OpenStreetMap"]},"type":"Feature"},{"geometry":{"coordinates":[[[-17.4720057,14.7176879],[-17.4718906,14.7176816],[-17.471878,14.7179013],[-17.4719931,14.7179075],[-17.4720057,14.7176879]]],"type":"Polygon"},"id":"d6651aa7-4ab3-48cb-b6b1-fdfac8a93d81","properties":{"building":true,"sourceLayer":"buildings","sources":["Google Open Buildings"]},"type":"Feature"},{"geometry":{"coordinates":[[[-17.4734016,14.7151347],[-17.4733383,14.7151625],[-17.4733602,14.7152097],[-17.4734235,14.7151819],[-17.4734016,14.7151347]]],"type":"Polygon"},"id":"d6a11c3a-4799-40bd-9e7a-58b4d5e95be9","properties":{"building":true,"sourceLayer":"buildings","sources":["Google Open Buildings"]},"type":"Feature"},{"geometry":{"coordinates":[[[-17.475256,14.7137238],[-17.4751406,14.7137848],[-17.4752382,14.71396],[-17.4753536,14.7138991],[-17.475256,14.7137238]]],"type":"Polygon"},"id":"d7134cbc-6552-463d-a89c-3aa5663b2701","properties":{"building":true,"sourceLayer":"buildings","sources":["Google Open Buildings"]},"type":"Feature"},{"geometry":{"coordinates":[[[-17.4762792,14.7142575],[-17.4762518,14.7142614],[-17.4762551,14.7142828],[-17.4761935,14.7142916],[-17.4762142,14.7144293],[-17.4763032,14.7144166],[-17.4762792,14.7142575]]],"type":"Polygon"},"id":"d7ad5752-6186-4f96-826d-b1f2a4cd3366","properties":{"building":true,"sourceLayer":"buildings","sources":["Google Open Buildings"]},"type":"Feature"},{"geometry":{"coordinates":[[[-17.4748744,14.7169114],[-17.4747838,14.7169088],[-17.4747834,14.7169346],[-17.4748737,14.7169372],[-17.4748744,14.7169114]]],"type":"Polygon"},"id":"d7bcc7b7-50b4-4c73-b138-7a65f476fe80","properties":{"building":true,"sourceLayer":"buildings","sources":["Google Open Buildings"]},"type":"Feature"},{"geometry":{"coordinates":[[[-17.474914,14.7157101],[-17.4748658,14.7157253],[-17.4748946,14.7158116],[-17.4749428,14.7157963],[-17.474914,14.7157101]]],"type":"Polygon"},"id":"d7d2f10d-506a-429b-b818-3db4ab88983b","properties":{"building":true,"sourceLayer":"buildings","sources":["Google Open Buildings"]},"type":"Feature"},{"geometry":{"coordinates":[[[-17.477568,14.7183103],[-17.477621,14.7183359],[-17.4776875,14.7181148],[-17.4775945,14.7180403],[-17.4775852,14.7181625],[-17.4775433,14.7181565],[-17.477568,14.7183103]]],"type":"Polygon"},"id":"d7e0c664-edb7-486d-8318-14dadb96c605","properties":{"building":true,"sourceLayer":"buildings","sources":["OpenStreetMap"]},"type":"Feature"},{"geometry":{"coordinates":[[[-17.4732199,14.7183072],[-17.4732515,14.7183461],[-17.4732788,14.718325],[-17.4732472,14.7182862],[-17.4732199,14.7183072]]],"type":"Polygon"},"id":"d7f7dfbf-741c-47b3-ad09-4b85912cda23","properties":{"building":true,"sourceLayer":"buildings","sources":["Google Open Buildings"]},"type":"Feature"},{"geometry":{"coordinates":[[[-17.4786283,14.7186777],[-17.4785154,14.7185887],[-17.478372,14.7187653],[-17.4784814,14.7188557],[-17.4786283,14.7186777]]],"type":"Polygon"},"id":"d80be6c0-12c0-4edb-89d1-61d44ef06de9","properties":{"building":true,"sourceLayer":"buildings","sources":["OpenStreetMap"]},"type":"Feature"},{"geometry":{"coordinates":[[[-17.4771982,14.7203754],[-17.4770569,14.7203894],[-17.4770603,14.7204222],[-17.4772016,14.7204082],[-17.4771982,14.7203754]]],"type":"Polygon"},"id":"d81e7e23-5f15-44a0-8b29-5d9987446af9","properties":{"building":true,"sourceLayer":"buildings","sources":["Google Open Buildings"]},"type":"Feature"},{"geometry":{"coordinates":[[[-17.4720461,14.7216501],[-17.4720151,14.7216504],[-17.4720155,14.721691],[-17.4720466,14.7216907],[-17.4720461,14.7216501]]],"type":"Polygon"},"id":"d8228c88-c6f6-41a3-b2e7-66c032cb0d87","properties":{"building":true,"sourceLayer":"buildings","sources":["Google Open Buildings"]},"type":"Feature"},{"geometry":{"coordinates":[[[-17.47365,14.7175989],[-17.4736579,14.7176481],[-17.4736749,14.7176456],[-17.4736798,14.7176766],[-17.4737056,14.7176727],[-17.4736928,14.7175925],[-17.47365,14.7175989]]],"type":"Polygon"},"id":"d82a0d11-1c23-4a0a-8f39-b2fcd2a608c3","properties":{"building":true,"sourceLayer":"buildings","sources":["Google Open Buildings"]},"type":"Feature"},{"geometry":{"coordinates":[[[-17.4779707,14.7218136],[-17.47808,14.7218773],[-17.4780962,14.7217492],[-17.4779753,14.7217305],[-17.4779707,14.7218136]]],"type":"Polygon"},"id":"d860f24a-9245-41a4-8d0a-a7bdc7de3d6e","properties":{"building":true,"sourceLayer":"buildings","sources":["OpenStreetMap"]},"type":"Feature"},{"geometry":{"coordinates":[[[-17.4772405,14.7184593],[-17.4772937,14.7184994],[-17.4774149,14.7183484],[-17.4773616,14.7183075],[-17.4772405,14.7184593]]],"type":"Polygon"},"id":"d8b16cef-f750-47a8-b235-e8c30a24659c","properties":{"building":true,"sourceLayer":"buildings","sources":["OpenStreetMap"]},"type":"Feature"},{"geometry":{"coordinates":[[[-17.4727883,14.7177179],[-17.4727509,14.7176579],[-17.4726727,14.7177042],[-17.4727102,14.7177642],[-17.4727883,14.7177179]]],"type":"Polygon"},"id":"d8d64fd3-5c19-41cf-939d-3d56e7ad1c39","properties":{"building":true,"sourceLayer":"buildings","sources":["Google Open Buildings"]},"type":"Feature"},{"geometry":{"coordinates":[[[-17.4731869,14.717353],[-17.4731567,14.7173636],[-17.4731672,14.7173917],[-17.4731974,14.7173811],[-17.4731869,14.717353]]],"type":"Polygon"},"id":"d8de11bc-005d-486c-8543-521aaa556b13","properties":{"building":true,"sourceLayer":"buildings","sources":["Google Open Buildings"]},"type":"Feature"},{"geometry":{"coordinates":[[[-17.4714049,14.7210603],[-17.4713971,14.7211275],[-17.4715498,14.7211445],[-17.4715576,14.7210773],[-17.4714049,14.7210603]]],"type":"Polygon"},"id":"d8f1132c-6da0-4ad9-9013-f1a04a5ae74a","properties":{"building":true,"sourceLayer":"buildings","sources":["Google Open Buildings"]},"type":"Feature"},{"geometry":{"coordinates":[[[-17.4770814,14.7197017],[-17.4771947,14.7198352],[-17.4772617,14.7197733],[-17.4771557,14.7196338],[-17.4770814,14.7197017]]],"type":"Polygon"},"id":"d97b702b-66de-413b-bad3-a80e6814b133","properties":{"building":true,"sourceLayer":"buildings","sources":["OpenStreetMap"]},"type":"Feature"},{"geometry":{"coordinates":[[[-17.4768288,14.7182943],[-17.4768649,14.7182484],[-17.4767711,14.7181815],[-17.4766897,14.7182905],[-17.47676,14.7183365],[-17.4768046,14.7182765],[-17.4768288,14.7182943]]],"type":"Polygon"},"id":"d9a3f2e5-7430-464d-931f-7e09ead15b56","properties":{"building":true,"sourceLayer":"buildings","sources":["OpenStreetMap"]},"type":"Feature"},{"geometry":{"coordinates":[[[-17.478803,14.7197804],[-17.4788555,14.7197176],[-17.4788149,14.7196859],[-17.4787625,14.7197487],[-17.478803,14.7197804]]],"type":"Polygon"},"id":"d9c3f5aa-9c27-4c4f-8ac7-a53e6dac0dba","properties":{"building":true,"sourceLayer":"buildings","sources":["Microsoft ML Buildings"]},"type":"Feature"},{"geometry":{"coordinates":[[[-17.479031,14.7203195],[-17.4789527,14.7203901],[-17.4790544,14.720525],[-17.479141,14.7204174],[-17.479031,14.7203195]]],"type":"Polygon"},"id":"da408848-5295-487c-994f-02c08b73ed2c","properties":{"building":true,"sourceLayer":"buildings","sources":["OpenStreetMap"]},"type":"Feature"},{"geometry":{"coordinates":[[[-17.4730861,14.7140665],[-17.4730791,14.7141375],[-17.4731737,14.7141462],[-17.4731806,14.7140752],[-17.4730861,14.7140665]]],"type":"Polygon"},"id":"da7307d4-d25e-439b-b555-36e0c5e23de6","properties":{"building":true,"sourceLayer":"buildings","sources":["Google Open Buildings"]},"type":"Feature"},{"geometry":{"coordinates":[[[-17.4748277,14.713922],[-17.4747649,14.7139431],[-17.4747832,14.7139945],[-17.474846,14.7139734],[-17.4748277,14.713922]]],"type":"Polygon"},"id":"daa25f7d-7914-4e40-aa3e-7ac80d974e03","properties":{"building":true,"sourceLayer":"buildings","sources":["Google Open Buildings"]},"type":"Feature"},{"geometry":{"coordinates":[[[-17.478679,14.7174359],[-17.4787386,14.7173926],[-17.4787088,14.7173397],[-17.4786343,14.7173878],[-17.478679,14.7174359]]],"type":"Polygon"},"id":"dab5fb5e-85d9-4ca8-a17e-8e5c7a6e6cc7","properties":{"building":true,"sourceLayer":"buildings","sources":["OpenStreetMap"]},"type":"Feature"},{"geometry":{"coordinates":[[[-17.4779479,14.7180471],[-17.4779331,14.7180694],[-17.4779888,14.7181045],[-17.4780036,14.7180821],[-17.4779479,14.7180471]]],"type":"Polygon"},"id":"db3f1fa0-cb2f-4011-89ca-89a4ec8dd4ad","properties":{"building":true,"sourceLayer":"buildings","sources":["Google Open Buildings"]},"type":"Feature"},{"geometry":{"coordinates":[[[-17.4727019,14.7140661],[-17.4726323,14.714064],[-17.4726296,14.7141455],[-17.4726992,14.7141477],[-17.4727019,14.7140661]]],"type":"Polygon"},"id":"db9fd10e-4d4a-4df0-b74e-1409408e0947","properties":{"building":true,"sourceLayer":"buildings","sources":["Microsoft ML Buildings"]},"type":"Feature"},{"geometry":{"coordinates":[[[-17.4772075,14.7188312],[-17.4771112,14.7189614],[-17.4772571,14.7190222],[-17.4773193,14.7188844],[-17.4772075,14.7188312]]],"type":"Polygon"},"id":"dbb20f1e-5be1-4850-a6f3-574f63b6d716","properties":{"building":true,"sourceLayer":"buildings","sources":["OpenStreetMap"]},"type":"Feature"},{"geometry":{"coordinates":[[[-17.472068,14.7214051],[-17.4720365,14.7214063],[-17.4720392,14.7214735],[-17.4720707,14.7214723],[-17.472068,14.7214051]]],"type":"Polygon"},"id":"dc56c771-29ee-48e0-837e-dfbd78b753ee","properties":{"building":true,"sourceLayer":"buildings","sources":["Google Open Buildings"]},"type":"Feature"},{"geometry":{"coordinates":[[[-17.4770601,14.7189253],[-17.4769469,14.7188395],[-17.4769072,14.7188905],[-17.4768582,14.7189535],[-17.4769784,14.7190371],[-17.4770601,14.7189253]]],"type":"Polygon"},"id":"dcf8da4d-55fc-4a90-98c5-68d8c4aa1bb9","properties":{"building":true,"sourceLayer":"buildings","sources":["OpenStreetMap"]},"type":"Feature"},{"geometry":{"coordinates":[[[-17.4736701,14.7174497],[-17.4736273,14.7174562],[-17.4736408,14.717541],[-17.4736836,14.7175346],[-17.4736701,14.7174497]]],"type":"Polygon"},"id":"dd6bd374-f615-438b-ac89-0de5c54577be","properties":{"building":true,"sourceLayer":"buildings","sources":["Google Open Buildings"]},"type":"Feature"},{"geometry":{"coordinates":[[[-17.4748901,14.7145857],[-17.474864,14.7145896],[-17.4748694,14.7146242],[-17.4748955,14.7146204],[-17.4748901,14.7145857]]],"type":"Polygon"},"id":"dd827a62-2307-44c3-baaf-4d46477850ff","properties":{"building":true,"sourceLayer":"buildings","sources":["Google Open Buildings"]},"type":"Feature"},{"geometry":{"coordinates":[[[-17.4729617,14.7215245],[-17.4728438,14.7215195],[-17.4728393,14.7216185],[-17.4728721,14.7216199],[-17.4728731,14.7215961],[-17.4729583,14.7215997],[-17.4729617,14.7215245]]],"type":"Polygon"},"id":"ddac666f-ff71-4a13-9232-45ef03e06903","properties":{"building":true,"sourceLayer":"buildings","sources":["Google Open Buildings"]},"type":"Feature"},{"geometry":{"coordinates":[[[-17.4736777,14.7159047],[-17.4736486,14.7159069],[-17.473651,14.7159379],[-17.4736801,14.7159358],[-17.4736777,14.7159047]]],"type":"Polygon"},"id":"ddd3da45-f2b4-4d2c-8427-3181d9776969","properties":{"building":true,"sourceLayer":"buildings","sources":["Google Open Buildings"]},"type":"Feature"},{"geometry":{"coordinates":[[[-17.4763477,14.7153402],[-17.4762077,14.7153588],[-17.476223,14.7154673],[-17.4763629,14.7154487],[-17.4763477,14.7153402]]],"type":"Polygon"},"id":"de069288-112a-4132-9326-8428fc394257","properties":{"building":true,"sourceLayer":"buildings","sources":["Google Open Buildings"]},"type":"Feature"},{"geometry":{"coordinates":[[[-17.476467,14.7144796],[-17.4764167,14.7144868],[-17.4764266,14.7145525],[-17.4764769,14.7145453],[-17.476467,14.7144796]]],"type":"Polygon"},"id":"de074744-0e3b-48b4-95b7-35e7b93392f8","properties":{"building":true,"sourceLayer":"buildings","sources":["Google Open Buildings"]},"type":"Feature"},{"geometry":{"coordinates":[[[-17.4778129,14.7214278],[-17.4779337,14.7213578],[-17.4778921,14.7212796],[-17.4777648,14.7213515],[-17.4778129,14.7214278]]],"type":"Polygon"},"id":"de35c6ac-55dc-421b-a0ae-a306b7754be7","properties":{"building":true,"sourceLayer":"buildings","sources":["OpenStreetMap"]},"type":"Feature"},{"geometry":{"coordinates":[[[-17.4766501,14.7197019],[-17.4767973,14.719692],[-17.4767823,14.7196645],[-17.4767729,14.7195678],[-17.4766221,14.7195757],[-17.4766501,14.7197019]]],"type":"Polygon"},"id":"decf437f-5b1a-4608-8d12-31090ad8b184","properties":{"building":true,"sourceLayer":"buildings","sources":["OpenStreetMap"]},"type":"Feature"},{"geometry":{"coordinates":[[[-17.4727274,14.7138387],[-17.4726765,14.7138365],[-17.4726742,14.7138883],[-17.4727251,14.7138905],[-17.4727274,14.7138387]]],"type":"Polygon"},"id":"ded6d941-281f-4bd9-b6c7-5bea2f60e7cd","properties":{"building":true,"sourceLayer":"buildings","sources":["Microsoft ML Buildings"]},"type":"Feature"},{"geometry":{"coordinates":[[[-17.4782848,14.7210449],[-17.4783219,14.721046],[-17.4783174,14.720976],[-17.4783332,14.7209192],[-17.4781995,14.720923],[-17.4781938,14.7210384],[-17.47826,14.7210432],[-17.4782586,14.7210184],[-17.4782851,14.7210189],[-17.4782848,14.7210449]]],"type":"Polygon"},"id":"dee50683-4b54-4027-b2d9-4e61fb2aaba0","properties":{"building":true,"sourceLayer":"buildings","sources":["OpenStreetMap"]},"type":"Feature"},{"geometry":{"coordinates":[[[-17.4736402,14.7200463],[-17.4736132,14.7199725],[-17.4735584,14.7199913],[-17.4736073,14.720125],[-17.4736216,14.7201201],[-17.4736571,14.7202169],[-17.4737062,14.7202001],[-17.4736792,14.7201263],[-17.4736897,14.7201228],[-17.4736593,14.7200398],[-17.4736402,14.7200463]]],"type":"Polygon"},"id":"df1807ad-baec-483f-82c4-7d4fe29ef30c","properties":{"building":true,"sourceLayer":"buildings","sources":["Microsoft ML Buildings"]},"type":"Feature"},{"geometry":{"coordinates":[[[-17.4766558,14.7178441],[-17.4766993,14.7178746],[-17.4767464,14.7178082],[-17.4766583,14.7177442],[-17.4766455,14.7177579],[-17.47667,14.7177757],[-17.4766537,14.7177914],[-17.4766838,14.7178154],[-17.4766703,14.7178257],[-17.4766558,14.7178441]]],"type":"Polygon"},"id":"df2499bb-d7f2-4f89-a22f-09d11aab4efb","properties":{"building":true,"sourceLayer":"buildings","sources":["OpenStreetMap"]},"type":"Feature"},{"geometry":{"coordinates":[[[-17.4721746,14.7182486],[-17.4720961,14.7182438],[-17.4720936,14.7182839],[-17.472172,14.7182887],[-17.4721746,14.7182486]]],"type":"Polygon"},"id":"df30b239-88d8-47e9-8518-0bfed0fec1d3","properties":{"building":true,"sourceLayer":"buildings","sources":["Google Open Buildings"]},"type":"Feature"},{"geometry":{"coordinates":[[[-17.4773425,14.7204875],[-17.4774387,14.7203931],[-17.4773556,14.7203095],[-17.4772468,14.7203858],[-17.4773425,14.7204875]]],"type":"Polygon"},"id":"df30bdfd-b62b-48f2-82a4-3939cce89f20","properties":{"building":true,"sourceLayer":"buildings","sources":["OpenStreetMap"]},"type":"Feature"},{"geometry":{"coordinates":[[[-17.477146,14.7213928],[-17.4772245,14.7215129],[-17.4772945,14.7214828],[-17.4772224,14.7213553],[-17.477146,14.7213928]]],"type":"Polygon"},"id":"dfa24a69-2cc5-4d5f-b2b5-aaa84903b015","properties":{"building":true,"sourceLayer":"buildings","sources":["OpenStreetMap"]},"type":"Feature"},{"geometry":{"coordinates":[[[-17.4762065,14.7178474],[-17.4763465,14.7178321],[-17.4763341,14.7177584],[-17.4761831,14.7177722],[-17.4762065,14.7178474]]],"type":"Polygon"},"id":"dfda8195-2e32-4c36-a706-83d9faabc716","properties":{"building":true,"sourceLayer":"buildings","sources":["OpenStreetMap"]},"type":"Feature"},{"geometry":{"coordinates":[[[-17.4742914,14.7163283],[-17.4742564,14.7163166],[-17.4742414,14.7163589],[-17.4742763,14.7163707],[-17.4742914,14.7163283]]],"type":"Polygon"},"id":"dfeb6bda-e26c-498f-9a6d-0e37e1780c8e","properties":{"building":true,"sourceLayer":"buildings","sources":["Google Open Buildings"]},"type":"Feature"},{"geometry":{"coordinates":[[[-17.4749153,14.7167009],[-17.4748912,14.7167033],[-17.4748966,14.7167557],[-17.4749207,14.7167534],[-17.4749153,14.7167009]]],"type":"Polygon"},"id":"dfee02a9-cffe-4352-af70-95bfa33a9675","properties":{"building":true,"sourceLayer":"buildings","sources":["Google Open Buildings"]},"type":"Feature"},{"geometry":{"coordinates":[[[-17.4773344,14.7198044],[-17.4774055,14.7198789],[-17.4774878,14.7197528],[-17.4774259,14.719695],[-17.4773344,14.7198044]]],"type":"Polygon"},"id":"dffc0050-bb25-4848-9304-7055aa1abd55","properties":{"building":true,"sourceLayer":"buildings","sources":["OpenStreetMap"]},"type":"Feature"},{"geometry":{"coordinates":[[[-17.4774817,14.7208158],[-17.4775242,14.7207332],[-17.4773892,14.7205999],[-17.4773416,14.7206225],[-17.4773533,14.7207395],[-17.4774817,14.7208158]]],"type":"Polygon"},"id":"e015dd00-5b8d-4536-8e79-6d5fd7ed50ad","properties":{"building":true,"sourceLayer":"buildings","sources":["OpenStreetMap"]},"type":"Feature"},{"geometry":{"coordinates":[[[-17.4791516,14.716336],[-17.4790668,14.7163793],[-17.4791278,14.7164925],[-17.4791562,14.7164779],[-17.479164,14.7164923],[-17.4792203,14.7164635],[-17.4791516,14.716336]]],"type":"Polygon"},"id":"e0245801-3e38-481d-8892-3c4f1c27a780","properties":{"building":true,"sourceLayer":"buildings","sources":["Google Open Buildings"]},"type":"Feature"},{"geometry":{"coordinates":[[[-17.4750333,14.7159987],[-17.4749209,14.7160171],[-17.4749262,14.716048],[-17.4750386,14.7160296],[-17.4750333,14.7159987]]],"type":"Polygon"},"id":"e0464bf8-9aec-40c9-864c-988c4998961b","properties":{"building":true,"sourceLayer":"buildings","sources":["Google Open Buildings"]},"type":"Feature"},{"geometry":{"coordinates":[[[-17.4722249,14.7169899],[-17.4721569,14.7170246],[-17.472179,14.7170656],[-17.472247,14.7170309],[-17.4722249,14.7169899]]],"type":"Polygon"},"id":"e046b09f-3db3-4ed3-b93e-87597c698857","properties":{"building":true,"sourceLayer":"buildings","sources":["Google Open Buildings"]},"type":"Feature"},{"geometry":{"coordinates":[[[-17.4719753,14.7199828],[-17.4719743,14.7200257],[-17.4719464,14.7200251],[-17.4719456,14.7200588],[-17.4719992,14.72006],[-17.472001,14.7199834],[-17.4719753,14.7199828]]],"type":"Polygon"},"id":"e063bcdc-08ac-49f4-a2d8-d7b0c84603fe","properties":{"building":true,"sourceLayer":"buildings","sources":["Microsoft ML Buildings"]},"type":"Feature"},{"geometry":{"coordinates":[[[-17.4774987,14.7214741],[-17.4775832,14.7214238],[-17.4775443,14.7213442],[-17.4774559,14.7213997],[-17.4774987,14.7214741]]],"type":"Polygon"},"id":"e088d5fc-2ad1-4b62-bb25-552a85ae55b3","properties":{"building":true,"sourceLayer":"buildings","sources":["OpenStreetMap"]},"type":"Feature"},{"geometry":{"coordinates":[[[-17.4767533,14.7166964],[-17.4766636,14.7167004],[-17.4766679,14.716791],[-17.4767027,14.7167894],[-17.4767056,14.7168516],[-17.4767605,14.7168491],[-17.4767533,14.7166964]]],"type":"Polygon"},"id":"e0a06114-d6c3-4169-b490-1e78eaabee36","properties":{"building":true,"sourceLayer":"buildings","sources":["Microsoft ML Buildings"]},"type":"Feature"},{"geometry":{"coordinates":[[[-17.4790044,14.7218489],[-17.479071,14.7217845],[-17.4790406,14.7217371],[-17.4789671,14.7217856],[-17.4790044,14.7218489]]],"type":"Polygon"},"id":"e11e0bba-e180-40d3-95fd-705bbf69f4dd","properties":{"building":true,"sourceLayer":"buildings","sources":["OpenStreetMap"]},"type":"Feature"},{"geometry":{"coordinates":[[[-17.4736152,14.7170788],[-17.4735779,14.7170902],[-17.4735863,14.7171161],[-17.4736235,14.7171047],[-17.4736152,14.7170788]]],"type":"Polygon"},"id":"e1238dd5-9269-4d4b-bc39-989b7eb65e90","properties":{"building":true,"sourceLayer":"buildings","sources":["Google Open Buildings"]},"type":"Feature"},{"geometry":{"coordinates":[[[-17.473778,14.7215676],[-17.4736205,14.7216071],[-17.4736463,14.7217046],[-17.4738038,14.7216651],[-17.473778,14.7215676]]],"type":"Polygon"},"id":"e1413dc0-a0d0-4c92-8757-9ef3554ec184","properties":{"building":true,"sourceLayer":"buildings","sources":["Google Open Buildings"]},"type":"Feature"},{"geometry":{"coordinates":[[[-17.4721574,14.7190605],[-17.4720827,14.7190635],[-17.4720839,14.7190912],[-17.4721586,14.7190881],[-17.4721574,14.7190605]]],"type":"Polygon"},"id":"e151d198-5abc-4a4d-8b93-c43fedaf1227","properties":{"building":true,"sourceLayer":"buildings","sources":["Google Open Buildings"]},"type":"Feature"},{"geometry":{"coordinates":[[[-17.4774827,14.7217549],[-17.4775384,14.7217317],[-17.4774632,14.7216015],[-17.4773886,14.721647],[-17.4774408,14.7217513],[-17.4774774,14.7217431],[-17.4774827,14.7217549]]],"type":"Polygon"},"id":"e1680ba1-2574-4db8-8e5d-c64eb5504b85","properties":{"building":true,"sourceLayer":"buildings","sources":["OpenStreetMap"]},"type":"Feature"},{"geometry":{"coordinates":[[[-17.4712505,14.715709],[-17.4712195,14.7157062],[-17.4712146,14.7157579],[-17.4712457,14.7157607],[-17.4712505,14.715709]]],"type":"Polygon"},"id":"e18c78e9-a83d-4113-94fc-0fea47c217a2","properties":{"building":true,"sourceLayer":"buildings","sources":["Google Open Buildings"]},"type":"Feature"},{"geometry":{"coordinates":[[[-17.4746069,14.7151859],[-17.474567,14.7151919],[-17.474576,14.7152488],[-17.4746158,14.7152429],[-17.4746069,14.7151859]]],"type":"Polygon"},"id":"e1940ec9-c4ff-43de-adee-89f6a1d39146","properties":{"building":true,"sourceLayer":"buildings","sources":["Google Open Buildings"]},"type":"Feature"},{"geometry":{"coordinates":[[[-17.472093,14.7139661],[-17.472086,14.7140344],[-17.4721802,14.7140436],[-17.4721872,14.7139753],[-17.472093,14.7139661]]],"type":"Polygon"},"id":"e19abd1c-f2f2-48a2-abef-7251cdf9240d","properties":{"building":true,"sourceLayer":"buildings","sources":["Google Open Buildings"]},"type":"Feature"},{"geometry":{"coordinates":[[[-17.4731228,14.7170161],[-17.4730901,14.717032],[-17.4731045,14.7170601],[-17.4731372,14.7170442],[-17.4731228,14.7170161]]],"type":"Polygon"},"id":"e2a664fb-34e7-4b00-afe3-5c890206266e","properties":{"building":true,"sourceLayer":"buildings","sources":["Google Open Buildings"]},"type":"Feature"},{"geometry":{"coordinates":[[[-17.4737214,14.7176877],[-17.4736688,14.7177013],[-17.4736793,14.7177399],[-17.473732,14.7177263],[-17.4737214,14.7176877]]],"type":"Polygon"},"id":"e2c9cd1a-b5a2-4996-adb3-0d270f695abb","properties":{"building":true,"sourceLayer":"buildings","sources":["Google Open Buildings"]},"type":"Feature"},{"geometry":{"coordinates":[[[-17.4738152,14.7151246],[-17.4737473,14.7151301],[-17.4737519,14.7151834],[-17.4738197,14.715178],[-17.4738152,14.7151246]]],"type":"Polygon"},"id":"e2dd2eac-4be7-4f0e-9525-87d4c2251f18","properties":{"building":true,"sourceLayer":"buildings","sources":["Google Open Buildings"]},"type":"Feature"},{"geometry":{"coordinates":[[[-17.4715685,14.7190332],[-17.4715282,14.7190293],[-17.4715202,14.7191073],[-17.4715606,14.7191112],[-17.4715685,14.7190332]]],"type":"Polygon"},"id":"e30fd38e-b3e3-40b2-ad2c-78f3a8ff995d","properties":{"building":true,"sourceLayer":"buildings","sources":["Google Open Buildings"]},"type":"Feature"},{"geometry":{"coordinates":[[[-17.4719722,14.7197641],[-17.4719663,14.7198578],[-17.4721122,14.7198664],[-17.4721181,14.7197727],[-17.4719722,14.7197641]]],"type":"Polygon"},"id":"e3281ce1-bca9-4dbb-95d3-a762e888d3ab","properties":{"building":true,"sourceLayer":"buildings","sources":["Google Open Buildings"]},"type":"Feature"},{"geometry":{"coordinates":[[[-17.4730381,14.7161064],[-17.4730832,14.7161181],[-17.4730915,14.7160878],[-17.4730465,14.7160761],[-17.4730381,14.7161064]]],"type":"Polygon"},"id":"e34e89df-9dfb-4f19-bba3-62a0fa073291","properties":{"building":true,"sourceLayer":"buildings","sources":["Microsoft ML Buildings"]},"type":"Feature"},{"geometry":{"coordinates":[[[-17.4768913,14.7206776],[-17.4770658,14.7206382],[-17.4770373,14.7204837],[-17.4768609,14.7205289],[-17.4768913,14.7206776]]],"type":"Polygon"},"id":"e3a1a5c1-41c7-47bf-9930-27c4dfba14a8","properties":{"building":true,"sourceLayer":"buildings","sources":["OpenStreetMap"]},"type":"Feature"},{"geometry":{"coordinates":[[[-17.4715489,14.7204076],[-17.4716255,14.7204103],[-17.4716274,14.7203584],[-17.4715508,14.7203558],[-17.4715489,14.7204076]]],"type":"Polygon"},"id":"e43fbf82-4924-4417-b49b-dcffb3397231","properties":{"building":true,"sourceLayer":"buildings","sources":["Microsoft ML Buildings"]},"type":"Feature"},{"geometry":{"coordinates":[[[-17.4742959,14.7171845],[-17.4742902,14.7171437],[-17.4742454,14.7171497],[-17.4742512,14.7171904],[-17.4742959,14.7171845]]],"type":"Polygon"},"id":"e45c72a6-5363-4a54-80c5-7f67435847ed","properties":{"building":true,"sourceLayer":"buildings","sources":["Microsoft ML Buildings"]},"type":"Feature"},{"geometry":{"coordinates":[[[-17.4766899,14.7160101],[-17.4765869,14.7160227],[-17.4766044,14.7161566],[-17.4767073,14.716144],[-17.4766899,14.7160101]]],"type":"Polygon"},"id":"e4ffbacd-5b85-48da-982a-c021e9cd02ae","properties":{"building":true,"sourceLayer":"buildings","sources":["Microsoft ML Buildings"]},"type":"Feature"},{"geometry":{"coordinates":[[[-17.4772068,14.7211521],[-17.4772763,14.7212752],[-17.4773601,14.7212331],[-17.4772938,14.7211172],[-17.4772068,14.7211521]]],"type":"Polygon"},"id":"e507f8ca-627b-4b05-aae2-d9aa81f7c38d","properties":{"building":true,"sourceLayer":"buildings","sources":["OpenStreetMap"]},"type":"Feature"},{"geometry":{"coordinates":[[[-17.4770178,14.7177342],[-17.4770645,14.7177698],[-17.4770723,14.7177534],[-17.4770953,14.7177685],[-17.4771643,14.7176815],[-17.4770971,14.7176233],[-17.4770178,14.7177342]]],"type":"Polygon"},"id":"e518e2c7-5c3b-4214-af38-7428b69c74c9","properties":{"building":true,"sourceLayer":"buildings","sources":["OpenStreetMap"]},"type":"Feature"},{"geometry":{"coordinates":[[[-17.4726991,14.7206063],[-17.4726476,14.7205991],[-17.4726423,14.7206347],[-17.4726939,14.7206419],[-17.4726991,14.7206063]]],"type":"Polygon"},"id":"e51c7f98-623c-47e3-b363-7f699491fb2a","properties":{"building":true,"sourceLayer":"buildings","sources":["Microsoft ML Buildings"]},"type":"Feature"},{"geometry":{"coordinates":[[[-17.4744866,14.7147789],[-17.4744324,14.7147972],[-17.4744295,14.7148197],[-17.4744495,14.7148222],[-17.4744834,14.7148036],[-17.4744866,14.7147789]]],"type":"Polygon"},"id":"e528e360-3263-4471-9136-fb922fdc8da0","properties":{"building":true,"sourceLayer":"buildings","sources":["Google Open Buildings"]},"type":"Feature"},{"geometry":{"coordinates":[[[-17.4747809,14.7169353],[-17.4747176,14.7169412],[-17.4747206,14.7169714],[-17.4747839,14.7169655],[-17.4747809,14.7169353]]],"type":"Polygon"},"id":"e551af83-f8c3-4766-99da-f8ea13ff34b2","properties":{"building":true,"sourceLayer":"buildings","sources":["Google Open Buildings"]},"type":"Feature"},{"geometry":{"coordinates":[[[-17.4783836,14.719801],[-17.4784724,14.7196956],[-17.4783333,14.7195912],[-17.4782565,14.7196976],[-17.4783836,14.719801]]],"type":"Polygon"},"id":"e5a5a610-286a-4e99-9a50-1b1c0b823b3b","properties":{"building":true,"sourceLayer":"buildings","sources":["OpenStreetMap"]},"type":"Feature"},{"geometry":{"coordinates":[[[-17.4763092,14.7137],[-17.4762057,14.7137134],[-17.4762096,14.7137419],[-17.4761426,14.7137506],[-17.4761591,14.7138709],[-17.4763296,14.7138487],[-17.4763092,14.7137]]],"type":"Polygon"},"id":"e5df7519-d35d-4519-ae0c-4bf9397404b2","properties":{"building":true,"sourceLayer":"buildings","sources":["Google Open Buildings"]},"type":"Feature"},{"geometry":{"coordinates":[[[-17.4745047,14.7165157],[-17.4744694,14.7165196],[-17.4744755,14.7165726],[-17.4745108,14.7165688],[-17.4745047,14.7165157]]],"type":"Polygon"},"id":"e6263e03-29ea-43ca-938f-7e65b1c0b348","properties":{"building":true,"sourceLayer":"buildings","sources":["Google Open Buildings"]},"type":"Feature"},{"geometry":{"coordinates":[[[-17.4757821,14.7175566],[-17.4757406,14.7175606],[-17.4757478,14.7176318],[-17.4757893,14.7176279],[-17.4757821,14.7175566]]],"type":"Polygon"},"id":"e649765c-b261-41dc-ab70-c056ba4c9dc3","properties":{"building":true,"sourceLayer":"buildings","sources":["Google Open Buildings"]},"type":"Feature"},{"geometry":{"coordinates":[[[-17.4746396,14.7165294],[-17.4746141,14.7165266],[-17.474587,14.7165492],[-17.4746366,14.7165547],[-17.4746396,14.7165294]]],"type":"Polygon"},"id":"e69de12d-4891-4cc7-8c8c-5adf17c8bad5","properties":{"building":true,"sourceLayer":"buildings","sources":["Google Open Buildings"]},"type":"Feature"},{"geometry":{"coordinates":[[[-17.4715978,14.7206776],[-17.4715515,14.7206737],[-17.4715485,14.7207081],[-17.4715947,14.720712],[-17.4715978,14.7206776]]],"type":"Polygon"},"id":"e6aa3f8a-eddd-4fda-ae7b-44285d0140c4","properties":{"building":true,"sourceLayer":"buildings","sources":["Google Open Buildings"]},"type":"Feature"},{"geometry":{"coordinates":[[[-17.4749518,14.7156105],[-17.474842,14.7156335],[-17.4748566,14.7156998],[-17.4749665,14.7156768],[-17.4749518,14.7156105]]],"type":"Polygon"},"id":"e6acfa64-50d2-446e-b519-54b4c5b4e598","properties":{"building":true,"sourceLayer":"buildings","sources":["Google Open Buildings"]},"type":"Feature"},{"geometry":{"coordinates":[[[-17.4744014,14.7174849],[-17.4743046,14.717511],[-17.4743327,14.7176099],[-17.4744296,14.7175837],[-17.4744014,14.7174849]]],"type":"Polygon"},"id":"e6b26309-730a-42e5-95d4-b9b60601304e","properties":{"building":true,"sourceLayer":"buildings","sources":["Google Open Buildings"]},"type":"Feature"},{"geometry":{"coordinates":[[[-17.4737759,14.7172412],[-17.4736763,14.7172866],[-17.4737181,14.7173734],[-17.4737952,14.7173382],[-17.4737716,14.7172892],[-17.4737941,14.7172789],[-17.4737759,14.7172412]]],"type":"Polygon"},"id":"e6bcbe15-57b6-434a-bbb6-c3e70745b1f5","properties":{"building":true,"sourceLayer":"buildings","sources":["Google Open Buildings"]},"type":"Feature"},{"geometry":{"coordinates":[[[-17.4770974,14.718954],[-17.4772586,14.7190249],[-17.4772983,14.7189588],[-17.477143,14.7188798],[-17.4770974,14.718954]]],"type":"Polygon"},"id":"e7011bb3-c979-4bf3-9edf-218cc3d7cd02","properties":{"building":true,"sourceLayer":"buildings","sources":["OpenStreetMap"]},"type":"Feature"},{"geometry":{"coordinates":[[[-17.4780395,14.715713],[-17.4782022,14.715713],[-17.478194,14.7155956],[-17.4780423,14.715601],[-17.4780395,14.715713]]],"type":"Polygon"},"id":"e70f53a1-13d3-47e8-983d-49635e894795","properties":{"building":true,"sourceLayer":"buildings","sources":["OpenStreetMap"]},"type":"Feature"},{"geometry":{"coordinates":[[[-17.477541,14.7212589],[-17.4776696,14.7211912],[-17.477625,14.72111],[-17.477494,14.7211763],[-17.477541,14.7212589]]],"type":"Polygon"},"id":"e70f58f1-a4a2-41c0-8dcf-898b82e0091b","properties":{"building":true,"sourceLayer":"buildings","sources":["OpenStreetMap"]},"type":"Feature"},{"geometry":{"coordinates":[[[-17.4773674,14.7191884],[-17.4774011,14.719274],[-17.4775235,14.719227],[-17.4774888,14.7191343],[-17.4773674,14.7191884]]],"type":"Polygon"},"id":"e74c4992-b41c-48b3-9568-cdb25d79f595","properties":{"building":true,"sourceLayer":"buildings","sources":["OpenStreetMap"]},"type":"Feature"},{"geometry":{"coordinates":[[[-17.4729433,14.720548],[-17.4729047,14.7205473],[-17.4729025,14.720655],[-17.4729411,14.7206557],[-17.4729433,14.720548]]],"type":"Polygon"},"id":"e7601a20-b6a0-45d6-beb3-ca0427a7a1d4","properties":{"building":true,"sourceLayer":"buildings","sources":["Microsoft ML Buildings"]},"type":"Feature"},{"geometry":{"coordinates":[[[-17.4779759,14.7141514],[-17.4779527,14.7141521],[-17.4779539,14.714192],[-17.4779772,14.7141913],[-17.4779759,14.7141514]]],"type":"Polygon"},"id":"e7847df9-e0eb-46cb-bfba-74e404fefffd","properties":{"building":true,"sourceLayer":"buildings","sources":["Google Open Buildings"]},"type":"Feature"},{"geometry":{"coordinates":[[[-17.4779747,14.7197079],[-17.4780667,14.7198067],[-17.4781219,14.7197512],[-17.4780508,14.7196436],[-17.4779747,14.7197079]]],"type":"Polygon"},"id":"e7968764-9437-4eb4-8b8b-9b12417db42e","properties":{"building":true,"sourceLayer":"buildings","sources":["OpenStreetMap"]},"type":"Feature"},{"geometry":{"coordinates":[[[-17.477223,14.7190194],[-17.4771772,14.7191295],[-17.4771789,14.7191406],[-17.4773252,14.7191674],[-17.4773583,14.7190713],[-17.4772531,14.7190309],[-17.477223,14.7190194]]],"type":"Polygon"},"id":"e7cb37da-90e2-49fa-b0b3-b7a22b8a8e34","properties":{"building":true,"sourceLayer":"buildings","sources":["OpenStreetMap"]},"type":"Feature"},{"geometry":{"coordinates":[[[-17.4727057,14.7174287],[-17.4726149,14.7174728],[-17.4726433,14.7175282],[-17.4727341,14.7174841],[-17.4727057,14.7174287]]],"type":"Polygon"},"id":"e7f9c8f2-bb1c-4619-8651-d62e042cfafa","properties":{"building":true,"sourceLayer":"buildings","sources":["Google Open Buildings"]},"type":"Feature"},{"geometry":{"coordinates":[[[-17.4719552,14.7158904],[-17.4719503,14.7159803],[-17.4720081,14.7159833],[-17.472013,14.7158934],[-17.4719552,14.7158904]]],"type":"Polygon"},"id":"e87e0464-6d64-43c4-8826-70760dcbe1e9","properties":{"building":true,"sourceLayer":"buildings","sources":["Google Open Buildings"]},"type":"Feature"},{"geometry":{"coordinates":[[[-17.4743346,14.7165453],[-17.474293,14.7165591],[-17.4743079,14.7166015],[-17.4743495,14.7165876],[-17.4743346,14.7165453]]],"type":"Polygon"},"id":"e8aeaea8-027a-4993-84da-7bf29ce61416","properties":{"building":true,"sourceLayer":"buildings","sources":["Google Open Buildings"]},"type":"Feature"},{"geometry":{"coordinates":[[[-17.4761261,14.7160651],[-17.4761365,14.7161805],[-17.4761859,14.7161763],[-17.4761754,14.7160609],[-17.4761261,14.7160651]]],"type":"Polygon"},"id":"e8e4ab54-1465-4ac8-9a20-5ad16ea6c90b","properties":{"building":true,"sourceLayer":"buildings","sources":["Google Open Buildings"]},"type":"Feature"},{"geometry":{"coordinates":[[[-17.4785908,14.7210122],[-17.4786206,14.7210517],[-17.4787373,14.7209817],[-17.478704,14.7209382],[-17.4785908,14.7210122]]],"type":"Polygon"},"id":"e901ada7-e89e-4869-bd4f-d153895f2315","properties":{"building":true,"sourceLayer":"buildings","sources":["OpenStreetMap"]},"type":"Feature"},{"geometry":{"coordinates":[[[-17.4764781,14.7178746],[-17.4765082,14.7178736],[-17.4765036,14.7178414],[-17.4764636,14.7178441],[-17.4764399,14.7178329],[-17.4764341,14.7178077],[-17.4764063,14.7178185],[-17.4764073,14.7178263],[-17.4763971,14.7178298],[-17.4763999,14.7178719],[-17.4764778,14.7178664],[-17.4764781,14.7178746]]],"type":"Polygon"},"id":"e97f5393-0b45-44ce-95b8-6298bfafb940","properties":{"building":true,"sourceLayer":"buildings","sources":["OpenStreetMap"]},"type":"Feature"},{"geometry":{"coordinates":[[[-17.4787229,14.7207977],[-17.4785388,14.7206616],[-17.4784786,14.7207395],[-17.478614,14.7208405],[-17.4786353,14.7208294],[-17.4786246,14.7208208],[-17.4786468,14.7207908],[-17.4786547,14.7208294],[-17.4787229,14.7207977]]],"type":"Polygon"},"id":"ea21c61f-074c-4555-85a0-094b4f9c967a","properties":{"building":true,"sourceLayer":"buildings","sources":["OpenStreetMap"]},"type":"Feature"},{"geometry":{"coordinates":[[[-17.4737798,14.7156339],[-17.4738667,14.7156453],[-17.4738734,14.7155982],[-17.4737865,14.7155868],[-17.4737798,14.7156339]]],"type":"Polygon"},"id":"ea6664ca-61e7-41fc-babc-3dabe2c5f0e1","properties":{"building":true,"sourceLayer":"buildings","sources":["Microsoft ML Buildings"]},"type":"Feature"},{"geometry":{"coordinates":[[[-17.4738478,14.7212437],[-17.4738915,14.7212349],[-17.473885,14.7212051],[-17.47379,14.7212244],[-17.4738029,14.721284],[-17.4738543,14.7212736],[-17.4738478,14.7212437]]],"type":"Polygon"},"id":"eadd6f21-61b9-4770-a53b-c7403b9e48ba","properties":{"building":true,"sourceLayer":"buildings","sources":["Microsoft ML Buildings"]},"type":"Feature"},{"geometry":{"coordinates":[[[-17.4772963,14.7214759],[-17.4773293,14.7214616],[-17.4772584,14.7213401],[-17.4772285,14.7213496],[-17.4772963,14.7214759]]],"type":"Polygon"},"id":"eaefbc19-66cd-4ab8-9ef5-76f8ca97a265","properties":{"building":true,"sourceLayer":"buildings","sources":["OpenStreetMap"]},"type":"Feature"},{"geometry":{"coordinates":[[[-17.4788582,14.7213837],[-17.4789357,14.7214881],[-17.4790241,14.7214606],[-17.4791137,14.7214438],[-17.4790579,14.7213913],[-17.4790252,14.7214102],[-17.4789889,14.7213614],[-17.4790172,14.7213409],[-17.4789909,14.7213091],[-17.4788582,14.7213837]]],"type":"Polygon"},"id":"eb0502d7-8c12-4cdc-9cd0-ea39461de0a0","properties":{"building":true,"sourceLayer":"buildings","sources":["OpenStreetMap"]},"type":"Feature"},{"geometry":{"coordinates":[[[-17.4787098,14.7194626],[-17.4788304,14.7195523],[-17.4788953,14.719467],[-17.4787736,14.7193727],[-17.4787098,14.7194626]]],"type":"Polygon"},"id":"eb212f11-ba82-4011-8e3a-a31156235c29","properties":{"building":true,"sourceLayer":"buildings","sources":["OpenStreetMap"]},"type":"Feature"},{"geometry":{"coordinates":[[[-17.4785588,14.7206271],[-17.4786674,14.7206974],[-17.4787541,14.7205921],[-17.4786497,14.7205116],[-17.4785588,14.7206271]]],"type":"Polygon"},"id":"eb868afc-e943-4ae8-a724-9b5d69c636db","properties":{"building":true,"sourceLayer":"buildings","sources":["OpenStreetMap"]},"type":"Feature"},{"geometry":{"coordinates":[[[-17.4732416,14.7185597],[-17.4731398,14.7185874],[-17.4731712,14.7186966],[-17.4732174,14.718684],[-17.4732205,14.718695],[-17.4731743,14.7187076],[-17.4732027,14.7188062],[-17.4733045,14.7187785],[-17.4732416,14.7185597]]],"type":"Polygon"},"id":"eb982928-9d6b-4aa6-854f-a7f317c88fd2","properties":{"building":true,"sourceLayer":"buildings","sources":["Google Open Buildings"]},"type":"Feature"},{"geometry":{"coordinates":[[[-17.4733106,14.7207048],[-17.4731692,14.7207428],[-17.4731937,14.7208292],[-17.4733351,14.7207911],[-17.4733106,14.7207048]]],"type":"Polygon"},"id":"ebbe66ce-a67e-4ee7-902e-6cf737f4e3ea","properties":{"building":true,"sourceLayer":"buildings","sources":["Google Open Buildings"]},"type":"Feature"},{"geometry":{"coordinates":[[[-17.4721652,14.7182138],[-17.4720678,14.7182148],[-17.4720681,14.7182458],[-17.4721656,14.7182448],[-17.4721652,14.7182138]]],"type":"Polygon"},"id":"ebc34213-ce7c-4cc8-bc93-ad6933056cbe","properties":{"building":true,"sourceLayer":"buildings","sources":["Google Open Buildings"]},"type":"Feature"},{"geometry":{"coordinates":[[[-17.4737152,14.7174204],[-17.4737688,14.7174337],[-17.4737763,14.7174051],[-17.4737227,14.7173918],[-17.4737152,14.7174204]]],"type":"Polygon"},"id":"ec56af57-660e-4109-ab9e-020c52578083","properties":{"building":true,"sourceLayer":"buildings","sources":["Google Open Buildings"]},"type":"Feature"},{"geometry":{"coordinates":[[[-17.474014,14.7216865],[-17.4739245,14.7217093],[-17.4739413,14.7217717],[-17.4740308,14.7217489],[-17.474014,14.7216865]]],"type":"Polygon"},"id":"ec950aca-31f1-4bc9-b7a6-6274884aea45","properties":{"building":true,"sourceLayer":"buildings","sources":["Google Open Buildings"]},"type":"Feature"},{"geometry":{"coordinates":[[[-17.4733947,14.7181986],[-17.473354,14.7182456],[-17.4734136,14.7182946],[-17.4734544,14.7182476],[-17.4733947,14.7181986]]],"type":"Polygon"},"id":"eca02f9b-121a-4cf1-8ade-c42915655bb6","properties":{"building":true,"sourceLayer":"buildings","sources":["Google Open Buildings"]},"type":"Feature"},{"geometry":{"coordinates":[[[-17.471851,14.7183344],[-17.4718495,14.7183569],[-17.4718437,14.7184475],[-17.4719478,14.7184538],[-17.4719551,14.7183407],[-17.471851,14.7183344]]],"type":"Polygon"},"id":"ecef7e8e-ce17-48a7-a4f5-30b020284297","properties":{"building":true,"sourceLayer":"buildings","sources":["Google Open Buildings"]},"type":"Feature"},{"geometry":{"coordinates":[[[-17.47871,14.7219231],[-17.4788716,14.7218169],[-17.4789416,14.7217767],[-17.4788045,14.7215517],[-17.4787257,14.7215996],[-17.4785665,14.7216997],[-17.4785983,14.7217476],[-17.4787576,14.7216492],[-17.478837,14.7217609],[-17.4786703,14.7218622],[-17.47871,14.7219231]]],"type":"Polygon"},"id":"ed336bc0-23d4-4457-9fae-0d6cd05dc470","properties":{"building":true,"sourceLayer":"buildings","sources":["OpenStreetMap"]},"type":"Feature"},{"geometry":{"coordinates":[[[-17.4720862,14.7215006],[-17.4720445,14.721501],[-17.4720447,14.7215267],[-17.4720865,14.7215262],[-17.4720862,14.7215006]]],"type":"Polygon"},"id":"ed3a2f63-a3a9-46f9-a9b0-1b0215a6065b","properties":{"building":true,"sourceLayer":"buildings","sources":["Google Open Buildings"]},"type":"Feature"},{"geometry":{"coordinates":[[[-17.479141,14.7204174],[-17.4792623,14.7202663],[-17.4791611,14.7201904],[-17.479064,14.7202887],[-17.479031,14.7203195],[-17.479141,14.7204174]]],"type":"Polygon"},"id":"ed3dc903-cd2f-4cb4-b02d-2d39e19cb24d","properties":{"building":true,"sourceLayer":"buildings","sources":["OpenStreetMap"]},"type":"Feature"},{"geometry":{"coordinates":[[[-17.4742233,14.7151949],[-17.4742207,14.7152154],[-17.4742649,14.7152206],[-17.4742674,14.7152001],[-17.4742233,14.7151949]]],"type":"Polygon"},"id":"edab3bc4-7f64-4709-9a5e-0e04bf27fa01","properties":{"building":true,"sourceLayer":"buildings","sources":["Google Open Buildings"]},"type":"Feature"},{"geometry":{"coordinates":[[[-17.4728825,14.7160898],[-17.4728409,14.7160923],[-17.4728425,14.716117],[-17.4728841,14.7161145],[-17.4728825,14.7160898]]],"type":"Polygon"},"id":"edd81db7-275e-46df-9ed2-a57d625e248e","properties":{"building":true,"sourceLayer":"buildings","sources":["Google Open Buildings"]},"type":"Feature"},{"geometry":{"coordinates":[[[-17.4773839,14.7180822],[-17.4773466,14.718064],[-17.4772674,14.7181844],[-17.4773118,14.7182139],[-17.4773361,14.7181784],[-17.4773537,14.7181951],[-17.477375,14.7181614],[-17.4773599,14.7181439],[-17.4773636,14.7181302],[-17.4773777,14.7181457],[-17.4774021,14.7181123],[-17.4773765,14.7180926],[-17.4773839,14.7180822]]],"type":"Polygon"},"id":"edfa57c3-5ef2-44d2-98e9-ba770f495f61","properties":{"building":true,"sourceLayer":"buildings","sources":["OpenStreetMap"]},"type":"Feature"},{"geometry":{"coordinates":[[[-17.47708,14.7194884],[-17.4771377,14.7196287],[-17.4772131,14.7196027],[-17.4771515,14.7194651],[-17.47708,14.7194884]]],"type":"Polygon"},"id":"ee2a4537-3b52-43b9-b1c5-3a307a26820b","properties":{"building":true,"sourceLayer":"buildings","sources":["OpenStreetMap"]},"type":"Feature"},{"geometry":{"coordinates":[[[-17.4789975,14.7216018],[-17.479086,14.7215603],[-17.4790627,14.7215221],[-17.4790393,14.7215314],[-17.4790307,14.7215127],[-17.479047,14.7215068],[-17.4790241,14.7214606],[-17.4789357,14.7214881],[-17.4789975,14.7216018]]],"type":"Polygon"},"id":"ee4f6c7b-0679-4f2f-84ce-d83c7a49947f","properties":{"building":true,"sourceLayer":"buildings","sources":["OpenStreetMap"]},"type":"Feature"},{"geometry":{"coordinates":[[[-17.4783324,14.7202676],[-17.478354,14.7202445],[-17.4783371,14.7202303],[-17.4783509,14.7202154],[-17.4783671,14.7202259],[-17.4784218,14.7201581],[-17.4782616,14.7200292],[-17.4781745,14.7201491],[-17.4782483,14.7202044],[-17.4783324,14.7202676]]],"type":"Polygon"},"id":"ee631eec-90f3-4145-83db-84fb2e96f1ef","properties":{"building":true,"sourceLayer":"buildings","sources":["OpenStreetMap"]},"type":"Feature"},{"geometry":{"coordinates":[[[-17.4771191,14.7194285],[-17.4772514,14.7193562],[-17.4772122,14.7192358],[-17.4770717,14.7193009],[-17.4771191,14.7194285]]],"type":"Polygon"},"id":"ee7fb4b1-0d46-475f-b6fb-193b294290cd","properties":{"building":true,"sourceLayer":"buildings","sources":["OpenStreetMap"]},"type":"Feature"},{"geometry":{"coordinates":[[[-17.4772991,14.7211093],[-17.4773658,14.7212292],[-17.4774479,14.7211879],[-17.4773723,14.7210605],[-17.4772991,14.7211093]]],"type":"Polygon"},"id":"eebdde98-ed90-4895-a9e5-0c0fc04366fb","properties":{"building":true,"sourceLayer":"buildings","sources":["OpenStreetMap"]},"type":"Feature"},{"geometry":{"coordinates":[[[-17.4723234,14.7196643],[-17.4721853,14.719655],[-17.472179,14.7197445],[-17.4723021,14.7197528],[-17.4723055,14.7197054],[-17.4723204,14.7197064],[-17.4723234,14.7196643]]],"type":"Polygon"},"id":"eef3c3b8-aa16-4733-91e5-3ab4802ab6cc","properties":{"building":true,"sourceLayer":"buildings","sources":["Google Open Buildings"]},"type":"Feature"},{"geometry":{"coordinates":[[[-17.4722219,14.7191051],[-17.4722193,14.7191421],[-17.4722392,14.7191434],[-17.472235,14.7192021],[-17.4723412,14.7192092],[-17.4723479,14.7191135],[-17.4722219,14.7191051]]],"type":"Polygon"},"id":"eefe25db-c15e-41a4-a66c-672248f80b49","properties":{"building":true,"sourceLayer":"buildings","sources":["Google Open Buildings"]},"type":"Feature"},{"geometry":{"coordinates":[[[-17.4778699,14.7165733],[-17.4776165,14.7165931],[-17.4776245,14.7166906],[-17.4778739,14.7166711],[-17.4778722,14.7166504],[-17.4778762,14.71665],[-17.4778699,14.7165733]]],"type":"Polygon"},"id":"ef38c6f3-5153-4f0c-af6e-93265adeba21","properties":{"building":true,"sourceLayer":"buildings","sources":["Google Open Buildings"]},"type":"Feature"},{"geometry":{"coordinates":[[[-17.4718028,14.7217572],[-17.4717691,14.7217514],[-17.4717565,14.7218206],[-17.4717902,14.7218264],[-17.4718028,14.7217572]]],"type":"Polygon"},"id":"ef3de069-632b-4e4c-930f-bd2f64d5561b","properties":{"building":true,"sourceLayer":"buildings","sources":["Google Open Buildings"]},"type":"Feature"},{"geometry":{"coordinates":[[[-17.4771225,14.7183604],[-17.4771697,14.7183962],[-17.4771975,14.7183606],[-17.4772672,14.7184111],[-17.4773215,14.7183399],[-17.4772357,14.7182754],[-17.4772538,14.7182491],[-17.4772315,14.7182224],[-17.4771902,14.7182794],[-17.4772203,14.7182986],[-17.4772034,14.7183144],[-17.4771752,14.7182957],[-17.4771225,14.7183604]]],"type":"Polygon"},"id":"ef62e3c7-3d40-4f64-85bc-98ec2fe9800b","properties":{"building":true,"sourceLayer":"buildings","sources":["OpenStreetMap"]},"type":"Feature"},{"geometry":{"coordinates":[[[-17.4764861,14.7147535],[-17.4763237,14.714776],[-17.4763454,14.714925],[-17.4765079,14.7149025],[-17.4764861,14.7147535]]],"type":"Polygon"},"id":"ef661342-2746-4bb1-a1bc-c8262b72a112","properties":{"building":true,"sourceLayer":"buildings","sources":["Google Open Buildings"]},"type":"Feature"},{"geometry":{"coordinates":[[[-17.474878,14.7163746],[-17.4748687,14.7163388],[-17.4747999,14.7163557],[-17.4748092,14.7163915],[-17.474878,14.7163746]]],"type":"Polygon"},"id":"ef6f5c56-55db-4670-9389-1270afb3bd71","properties":{"building":true,"sourceLayer":"buildings","sources":["Google Open Buildings"]},"type":"Feature"},{"geometry":{"coordinates":[[[-17.4779456,14.7193144],[-17.4780719,14.7189267],[-17.4779764,14.7188903],[-17.4778418,14.7192986],[-17.477883,14.719335],[-17.4779326,14.7193236],[-17.4779326,14.7193153],[-17.4779456,14.7193144]]],"type":"Polygon"},"id":"ef987575-34f0-48b4-80bb-b2a590c38915","properties":{"building":true,"sourceLayer":"buildings","sources":["OpenStreetMap"]},"type":"Feature"},{"geometry":{"coordinates":[[[-17.4740308,14.7217489],[-17.4739309,14.7217743],[-17.4739853,14.7219771],[-17.4739957,14.7219744],[-17.4740021,14.721998],[-17.4740915,14.7219753],[-17.4740686,14.7218897],[-17.4740497,14.7218945],[-17.4740351,14.7218401],[-17.474054,14.7218353],[-17.4740308,14.7217489]]],"type":"Polygon"},"id":"f00cece8-7c1b-48c6-a349-c404eab81e54","properties":{"building":true,"sourceLayer":"buildings","sources":["Google Open Buildings"]},"type":"Feature"},{"geometry":{"coordinates":[[[-17.4768421,14.7161458],[-17.4766762,14.716157],[-17.4766847,14.716277],[-17.4768507,14.7162658],[-17.4768421,14.7161458]]],"type":"Polygon"},"id":"f03d9281-8a17-4064-9e68-f02997fca59a","properties":{"building":true,"sourceLayer":"buildings","sources":["Google Open Buildings"]},"type":"Feature"},{"geometry":{"coordinates":[[[-17.478542,14.7196798],[-17.4786415,14.7197567],[-17.4787737,14.7196194],[-17.4787285,14.7195899],[-17.4787031,14.7195735],[-17.47865,14.7195333],[-17.478542,14.7196798]]],"type":"Polygon"},"id":"f0429e7b-664e-4e6e-afc5-a7d1aa5bb63b","properties":{"building":true,"sourceLayer":"buildings","sources":["OpenStreetMap"]},"type":"Feature"},{"geometry":{"coordinates":[[[-17.4735541,14.7202289],[-17.4734816,14.7202477],[-17.4734936,14.7202919],[-17.4735662,14.7202731],[-17.4735541,14.7202289]]],"type":"Polygon"},"id":"f06c403a-5b77-48f7-ad3a-9f7114c24ea7","properties":{"building":true,"sourceLayer":"buildings","sources":["Google Open Buildings"]},"type":"Feature"},{"geometry":{"coordinates":[[[-17.4768871,14.7197242],[-17.4770004,14.7198355],[-17.4770881,14.7197544],[-17.4770205,14.7196883],[-17.4769749,14.7196818],[-17.4768871,14.7197242]]],"type":"Polygon"},"id":"f085fd47-299b-4dc5-b98c-979dc31b893e","properties":{"building":true,"sourceLayer":"buildings","sources":["OpenStreetMap"]},"type":"Feature"},{"geometry":{"coordinates":[[[-17.4762721,14.7162494],[-17.4761973,14.7162541],[-17.4762023,14.7163276],[-17.4762771,14.7163228],[-17.4762721,14.7162494]]],"type":"Polygon"},"id":"f101800a-6211-42a2-9fda-ea930294e24f","properties":{"building":true,"sourceLayer":"buildings","sources":["Microsoft ML Buildings"]},"type":"Feature"},{"geometry":{"coordinates":[[[-17.47322,14.7175128],[-17.4731741,14.7175178],[-17.4731792,14.7175622],[-17.4732251,14.7175572],[-17.47322,14.7175128]]],"type":"Polygon"},"id":"f1318c68-c1ec-41f3-bf94-4c30098b99d0","properties":{"building":true,"sourceLayer":"buildings","sources":["Google Open Buildings"]},"type":"Feature"},{"geometry":{"coordinates":[[[-17.4750061,14.7139761],[-17.4749614,14.7139907],[-17.4749798,14.7140438],[-17.4750244,14.7140291],[-17.4750061,14.7139761]]],"type":"Polygon"},"id":"f13444ae-9c6a-485a-a88b-95c1ac3d2555","properties":{"building":true,"sourceLayer":"buildings","sources":["Google Open Buildings"]},"type":"Feature"},{"geometry":{"coordinates":[[[-17.4763809,14.7177471],[-17.4764666,14.7177451],[-17.4764658,14.7177159],[-17.4763821,14.717717],[-17.4763809,14.7177471]]],"type":"Polygon"},"id":"f155f00b-559f-4fd7-ab65-cd84b525cca5","properties":{"building":true,"sourceLayer":"buildings","sources":["OpenStreetMap"]},"type":"Feature"},{"geometry":{"coordinates":[[[-17.4726072,14.7164305],[-17.4725582,14.7164376],[-17.4725652,14.7164836],[-17.4726142,14.7164765],[-17.4726072,14.7164305]]],"type":"Polygon"},"id":"f17dddcf-9769-476c-9cfa-9498079bfb32","properties":{"building":true,"sourceLayer":"buildings","sources":["Google Open Buildings"]},"type":"Feature"},{"geometry":{"coordinates":[[[-17.4717076,14.7190067],[-17.4716969,14.7189409],[-17.471744,14.7189337],[-17.4717216,14.718797],[-17.47163,14.718811],[-17.4716453,14.7189047],[-17.4716793,14.7188995],[-17.4716868,14.718945],[-17.4716292,14.7189538],[-17.4716396,14.7190171],[-17.4717076,14.7190067]]],"type":"Polygon"},"id":"f1b10857-164e-4b15-b496-b766dcf18660","properties":{"building":true,"sourceLayer":"buildings","sources":["Microsoft ML Buildings"]},"type":"Feature"},{"geometry":{"coordinates":[[[-17.4745759,14.7144365],[-17.4745573,14.7143828],[-17.4745091,14.7143985],[-17.4745277,14.7144521],[-17.4745759,14.7144365]]],"type":"Polygon"},"id":"f1dc74fa-1689-457d-ad3d-4d2976580c9e","properties":{"building":true,"sourceLayer":"buildings","sources":["Microsoft ML Buildings"]},"type":"Feature"},{"geometry":{"coordinates":[[[-17.4786293,14.7165964],[-17.478537,14.7166435],[-17.4786084,14.716776],[-17.4787007,14.7167289],[-17.4786293,14.7165964]]],"type":"Polygon"},"id":"f248e1b9-a506-4a95-83b3-cf035af86814","properties":{"building":true,"sourceLayer":"buildings","sources":["Google Open Buildings"]},"type":"Feature"},{"geometry":{"coordinates":[[[-17.4761599,14.7142943],[-17.4760769,14.7143053],[-17.4760962,14.7144435],[-17.4761791,14.7144325],[-17.4761599,14.7142943]]],"type":"Polygon"},"id":"f25baf7f-b361-4ad1-9a60-a9bd69514c0a","properties":{"building":true,"sourceLayer":"buildings","sources":["Google Open Buildings"]},"type":"Feature"},{"geometry":{"coordinates":[[[-17.4768334,14.7170321],[-17.4768935,14.7170283],[-17.4768908,14.7169884],[-17.4768307,14.7169922],[-17.4768334,14.7170321]]],"type":"Polygon"},"id":"f2b0c89b-fa18-42ce-a05d-8d19b466e177","properties":{"building":true,"sourceLayer":"buildings","sources":["Microsoft ML Buildings"]},"type":"Feature"},{"geometry":{"coordinates":[[[-17.4773325,14.721057],[-17.4773674,14.7210389],[-17.4773048,14.720941],[-17.477219,14.7209843],[-17.4772812,14.7210888],[-17.4772922,14.721077],[-17.477306,14.7210892],[-17.4773414,14.7210708],[-17.4773325,14.721057]]],"type":"Polygon"},"id":"f2d8d59f-ed30-47b8-a375-768b2e8af988","properties":{"building":true,"sourceLayer":"buildings","sources":["OpenStreetMap"]},"type":"Feature"},{"geometry":{"coordinates":[[[-17.473169,14.7181826],[-17.4732703,14.7182544],[-17.4732839,14.7182362],[-17.4731826,14.7181643],[-17.473169,14.7181826]]],"type":"Polygon"},"id":"f3014701-67f2-4cb4-b350-8ba3d29b2a0f","properties":{"building":true,"sourceLayer":"buildings","sources":["Google Open Buildings"]},"type":"Feature"},{"geometry":{"coordinates":[[[-17.4736367,14.7175038],[-17.4735455,14.7175273],[-17.473553,14.7175549],[-17.4736442,14.7175313],[-17.4736367,14.7175038]]],"type":"Polygon"},"id":"f308969a-c14e-4eb9-b230-8e80f8f7976b","properties":{"building":true,"sourceLayer":"buildings","sources":["Google Open Buildings"]},"type":"Feature"},{"geometry":{"coordinates":[[[-17.472631,14.7156084],[-17.4724902,14.7156395],[-17.4725106,14.7157269],[-17.4726514,14.7156958],[-17.472631,14.7156084]]],"type":"Polygon"},"id":"f31b97e0-7940-408b-817c-acc9fad749f0","properties":{"building":true,"sourceLayer":"buildings","sources":["Google Open Buildings"]},"type":"Feature"},{"geometry":{"coordinates":[[[-17.4749946,14.7166065],[-17.4749394,14.7166105],[-17.4749416,14.7166393],[-17.4749968,14.7166353],[-17.4749946,14.7166065]]],"type":"Polygon"},"id":"f332eede-5124-4a96-80a6-6d7b2af547f7","properties":{"building":true,"sourceLayer":"buildings","sources":["Google Open Buildings"]},"type":"Feature"},{"geometry":{"coordinates":[[[-17.4727769,14.7203584],[-17.4727715,14.7204709],[-17.4728155,14.7204729],[-17.4728209,14.7203604],[-17.4727769,14.7203584]]],"type":"Polygon"},"id":"f354319b-8aab-4731-bf54-0307602dbfc9","properties":{"building":true,"sourceLayer":"buildings","sources":["Google Open Buildings"]},"type":"Feature"},{"geometry":{"coordinates":[[[-17.4746702,14.7177468],[-17.4746921,14.7177981],[-17.4747161,14.7177883],[-17.4746942,14.7177371],[-17.4746702,14.7177468]]],"type":"Polygon"},"id":"f388c020-5e1b-485d-a446-1dc2b28a5d18","properties":{"building":true,"sourceLayer":"buildings","sources":["Google Open Buildings"]},"type":"Feature"},{"geometry":{"coordinates":[[[-17.4787301,14.7173167],[-17.4787731,14.7173761],[-17.4788069,14.7173642],[-17.4787608,14.7173048],[-17.4787301,14.7173167]]],"type":"Polygon"},"id":"f396674b-6067-47de-a1dd-5ec66ad47304","properties":{"building":true,"sourceLayer":"buildings","sources":["OpenStreetMap"]},"type":"Feature"},{"geometry":{"coordinates":[[[-17.4742997,14.7172368],[-17.4742645,14.7172418],[-17.4742692,14.7172733],[-17.4743044,14.7172683],[-17.4742997,14.7172368]]],"type":"Polygon"},"id":"f396a105-04af-4533-98dc-39809ef8b66c","properties":{"building":true,"sourceLayer":"buildings","sources":["Google Open Buildings"]},"type":"Feature"},{"geometry":{"coordinates":[[[-17.4724687,14.7203549],[-17.4723681,14.7203494],[-17.472362,14.7204554],[-17.4724037,14.7204577],[-17.4724023,14.720481],[-17.4725253,14.7204876],[-17.4725319,14.7203751],[-17.4724677,14.7203716],[-17.4724687,14.7203549]]],"type":"Polygon"},"id":"f39fc248-80e1-43ca-8e03-03c6ad14f839","properties":{"building":true,"sourceLayer":"buildings","sources":["Microsoft ML Buildings"]},"type":"Feature"},{"geometry":{"coordinates":[[[-17.4730154,14.7158162],[-17.4730041,14.7158944],[-17.4730697,14.7159034],[-17.473081,14.7158251],[-17.4730154,14.7158162]]],"type":"Polygon"},"id":"f3a8be02-a927-4a96-b5de-57b29238093f","properties":{"building":true,"sourceLayer":"buildings","sources":["Google Open Buildings"]},"type":"Feature"},{"geometry":{"coordinates":[[[-17.4766065,14.7176065],[-17.4765776,14.7176327],[-17.4765811,14.7176695],[-17.4765674,14.7177365],[-17.4765668,14.7177572],[-17.4765966,14.7177816],[-17.4765912,14.7178026],[-17.4766379,14.717834],[-17.4766422,14.7178283],[-17.4766548,14.7178343],[-17.4766744,14.7178158],[-17.4766478,14.7177922],[-17.476661,14.7177764],[-17.4766328,14.7177479],[-17.4766441,14.7177274],[-17.4766731,14.7177468],[-17.4766905,14.717724],[-17.476701,14.7177349],[-17.476706,14.7177238],[-17.4766545,14.7176739],[-17.4766712,14.7176599],[-17.4766065,14.7176065]]],"type":"Polygon"},"id":"f3b76932-1966-4aa6-903a-dc5c00c947c6","properties":{"building":true,"sourceLayer":"buildings","sources":["OpenStreetMap"]},"type":"Feature"},{"geometry":{"coordinates":[[[-17.4767026,14.7198804],[-17.4768274,14.7198568],[-17.4768136,14.7197101],[-17.4766762,14.7197137],[-17.4767026,14.7198804]]],"type":"Polygon"},"id":"f4355724-f2fd-4773-aa59-a9ef348e8ec6","properties":{"building":true,"sourceLayer":"buildings","sources":["OpenStreetMap"]},"type":"Feature"},{"geometry":{"coordinates":[[[-17.4726175,14.7166736],[-17.4725648,14.7166872],[-17.4725915,14.716785],[-17.4726441,14.7167713],[-17.4726175,14.7166736]]],"type":"Polygon"},"id":"f441335f-b092-42a2-b05f-87a9ca74231e","properties":{"building":true,"sourceLayer":"buildings","sources":["Google Open Buildings"]},"type":"Feature"},{"geometry":{"coordinates":[[[-17.4773755,14.719097],[-17.4773911,14.7191688],[-17.4775497,14.7190987],[-17.4776109,14.7189433],[-17.477509,14.7188984],[-17.4774644,14.7190549],[-17.4773755,14.719097]]],"type":"Polygon"},"id":"f474567f-ab47-4dc3-b434-ce45544f2eae","properties":{"building":true,"sourceLayer":"buildings","sources":["OpenStreetMap"]},"type":"Feature"},{"geometry":{"coordinates":[[[-17.4749986,14.7142564],[-17.4748856,14.7143135],[-17.4749175,14.7143731],[-17.4749656,14.7143488],[-17.4749531,14.7143254],[-17.4750179,14.7142926],[-17.4749986,14.7142564]]],"type":"Polygon"},"id":"f4c5d592-bd18-495e-993d-657894ec6ef2","properties":{"building":true,"sourceLayer":"buildings","sources":["Google Open Buildings"]},"type":"Feature"},{"geometry":{"coordinates":[[[-17.4716619,14.7181382],[-17.4716584,14.7181836],[-17.4717399,14.7181893],[-17.4717433,14.718144],[-17.4716619,14.7181382]]],"type":"Polygon"},"id":"f4ddf0e6-e94b-4c6c-8f4e-a9d2b968e7a8","properties":{"building":true,"sourceLayer":"buildings","sources":["Google Open Buildings"]},"type":"Feature"},{"geometry":{"coordinates":[[[-17.4736367,14.7148857],[-17.4736057,14.7148961],[-17.4736157,14.7149244],[-17.4736468,14.7149139],[-17.4736367,14.7148857]]],"type":"Polygon"},"id":"f5666526-22e2-46c0-a01f-cc49ae12c80e","properties":{"building":true,"sourceLayer":"buildings","sources":["Google Open Buildings"]},"type":"Feature"},{"geometry":{"coordinates":[[[-17.4723699,14.7190249],[-17.4725209,14.719035],[-17.4725274,14.7189421],[-17.4723764,14.7189321],[-17.4723699,14.7190249]]],"type":"Polygon"},"id":"f57ea6e2-ff61-43c0-89a5-d5f8aad4cdad","properties":{"building":true,"sourceLayer":"buildings","sources":["Google Open Buildings"]},"type":"Feature"},{"geometry":{"coordinates":[[[-17.4747565,14.7156514],[-17.4746587,14.7156718],[-17.4746733,14.7157381],[-17.4747711,14.7157176],[-17.4747565,14.7156514]]],"type":"Polygon"},"id":"f5a24db0-dec6-4953-8c03-1a7439209efb","properties":{"building":true,"sourceLayer":"buildings","sources":["Google Open Buildings"]},"type":"Feature"},{"geometry":{"coordinates":[[[-17.4730913,14.7167555],[-17.4730861,14.7167099],[-17.4730432,14.7167145],[-17.4730483,14.7167601],[-17.4730913,14.7167555]]],"type":"Polygon"},"id":"f5aea604-12e7-45d2-a743-2dc840ea8067","properties":{"building":true,"sourceLayer":"buildings","sources":["Google Open Buildings"]},"type":"Feature"},{"geometry":{"coordinates":[[[-17.478901,14.7207085],[-17.4787541,14.7205921],[-17.4786674,14.7206974],[-17.4787576,14.7207778],[-17.478901,14.7207085]]],"type":"Polygon"},"id":"f5b33d4b-36a9-4674-b76a-5deeca2a095d","properties":{"building":true,"sourceLayer":"buildings","sources":["OpenStreetMap"]},"type":"Feature"},{"geometry":{"coordinates":[[[-17.4731841,14.717437],[-17.473127,14.7174572],[-17.473141,14.7174945],[-17.473198,14.7174744],[-17.4731841,14.717437]]],"type":"Polygon"},"id":"f5c57d97-8901-4a60-9075-9c406532748a","properties":{"building":true,"sourceLayer":"buildings","sources":["Google Open Buildings"]},"type":"Feature"},{"geometry":{"coordinates":[[[-17.4736339,14.7171511],[-17.4735931,14.7171798],[-17.4736098,14.7172025],[-17.4736507,14.7171737],[-17.4736339,14.7171511]]],"type":"Polygon"},"id":"f5ca88b7-a0c6-4e37-8e50-5f471f8624fc","properties":{"building":true,"sourceLayer":"buildings","sources":["Google Open Buildings"]},"type":"Feature"},{"geometry":{"coordinates":[[[-17.4744599,14.7171878],[-17.4744242,14.7171848],[-17.4744184,14.7172499],[-17.4744541,14.7172529],[-17.4744599,14.7171878]]],"type":"Polygon"},"id":"f5d5ab00-c211-4425-9305-f8d73f065c16","properties":{"building":true,"sourceLayer":"buildings","sources":["Google Open Buildings"]},"type":"Feature"},{"geometry":{"coordinates":[[[-17.4776963,14.7196929],[-17.477834,14.7198195],[-17.477916,14.7197325],[-17.4778932,14.719706],[-17.4779114,14.7196973],[-17.4778807,14.7196542],[-17.4779064,14.7196427],[-17.4778615,14.7195686],[-17.4778103,14.7195969],[-17.477696,14.719655],[-17.4776963,14.7196929]]],"type":"Polygon"},"id":"f5fd4bb7-ec45-4053-8633-edb6da6b07a0","properties":{"building":true,"sourceLayer":"buildings","sources":["OpenStreetMap"]},"type":"Feature"},{"geometry":{"coordinates":[[[-17.4729314,14.7199661],[-17.4729395,14.720006],[-17.4731022,14.7199752],[-17.4730768,14.7198503],[-17.4729632,14.7198718],[-17.4729804,14.7199568],[-17.4729314,14.7199661]]],"type":"Polygon"},"id":"f60b6422-4a37-42e3-86af-13fca0fd8d72","properties":{"building":true,"sourceLayer":"buildings","sources":["Microsoft ML Buildings"]},"type":"Feature"},{"geometry":{"coordinates":[[[-17.4764124,14.716873],[-17.4763126,14.7168816],[-17.4763236,14.7170028],[-17.4764234,14.7169942],[-17.4764124,14.716873]]],"type":"Polygon"},"id":"f64b5cc6-41a1-4235-b9d8-25a8e1df4122","properties":{"building":true,"sourceLayer":"buildings","sources":["Google Open Buildings"]},"type":"Feature"},{"geometry":{"coordinates":[[[-17.4719513,14.7193259],[-17.4719769,14.7193314],[-17.4719897,14.7192757],[-17.4719641,14.7192702],[-17.4719513,14.7193259]]],"type":"Polygon"},"id":"f6a052ef-1041-47d3-8540-9cfc693ee0a8","properties":{"building":true,"sourceLayer":"buildings","sources":["Microsoft ML Buildings"]},"type":"Feature"},{"geometry":{"coordinates":[[[-17.4739664,14.7149195],[-17.473911,14.7149351],[-17.4739268,14.7149882],[-17.4739822,14.7149725],[-17.4739664,14.7149195]]],"type":"Polygon"},"id":"f6a2c07f-f209-4018-9a65-ec4dfeefb779","properties":{"building":true,"sourceLayer":"buildings","sources":["Google Open Buildings"]},"type":"Feature"},{"geometry":{"coordinates":[[[-17.4717912,14.7180923],[-17.4717542,14.7180949],[-17.4717578,14.7181434],[-17.4717948,14.7181408],[-17.4717912,14.7180923]]],"type":"Polygon"},"id":"f6b3f1b6-a53b-4a8f-a9df-9f49b4ecac8d","properties":{"building":true,"sourceLayer":"buildings","sources":["Google Open Buildings"]},"type":"Feature"},{"geometry":{"coordinates":[[[-17.477498,14.7191299],[-17.4775433,14.7192294],[-17.4776254,14.719196],[-17.4776228,14.7191789],[-17.4776626,14.7191643],[-17.4776653,14.7191356],[-17.4776321,14.7191181],[-17.4776126,14.7191242],[-17.4775616,14.7191236],[-17.4775571,14.7191048],[-17.477498,14.7191299]]],"type":"Polygon"},"id":"f6d09dfa-71c6-4d9a-a540-b33d909087b5","properties":{"building":true,"sourceLayer":"buildings","sources":["OpenStreetMap"]},"type":"Feature"},{"geometry":{"coordinates":[[[-17.4736246,14.717197],[-17.4736587,14.7172468],[-17.4736803,14.7172328],[-17.4736462,14.7171829],[-17.4736246,14.717197]]],"type":"Polygon"},"id":"f7052754-7300-4ccf-8e8d-2784611f3d30","properties":{"building":true,"sourceLayer":"buildings","sources":["Google Open Buildings"]},"type":"Feature"},{"geometry":{"coordinates":[[[-17.4736567,14.7162288],[-17.4736206,14.7162356],[-17.4736249,14.7162573],[-17.4735902,14.7162639],[-17.4735955,14.7162904],[-17.4736663,14.716277],[-17.4736567,14.7162288]]],"type":"Polygon"},"id":"f71582b9-2057-4b32-8b55-d66f11ce6386","properties":{"building":true,"sourceLayer":"buildings","sources":["Google Open Buildings"]},"type":"Feature"},{"geometry":{"coordinates":[[[-17.4731338,14.7201859],[-17.4729994,14.7202219],[-17.4730243,14.7203096],[-17.4731587,14.7202736],[-17.4731338,14.7201859]]],"type":"Polygon"},"id":"f7463c86-86b9-4923-b136-1b56a053b1cb","properties":{"building":true,"sourceLayer":"buildings","sources":["Google Open Buildings"]},"type":"Feature"},{"geometry":{"coordinates":[[[-17.4738102,14.7150666],[-17.4737769,14.7150693],[-17.4737818,14.7151273],[-17.4738152,14.7151246],[-17.4738102,14.7150666]]],"type":"Polygon"},"id":"f7888602-48e1-4bda-b96c-65256bb149a5","properties":{"building":true,"sourceLayer":"buildings","sources":["Google Open Buildings"]},"type":"Feature"},{"geometry":{"coordinates":[[[-17.4744425,14.715381],[-17.4744486,14.7154764],[-17.4744759,14.7154747],[-17.4744698,14.7153794],[-17.4744425,14.715381]]],"type":"Polygon"},"id":"f7a76f72-239a-48f6-bab2-32af0068d5a7","properties":{"building":true,"sourceLayer":"buildings","sources":["Google Open Buildings"]},"type":"Feature"},{"geometry":{"coordinates":[[[-17.4720734,14.7155682],[-17.4720782,14.7155115],[-17.4720289,14.7155076],[-17.4720242,14.7155643],[-17.4720734,14.7155682]]],"type":"Polygon"},"id":"f7afd3b1-e3c8-421c-a55e-388a7000875c","properties":{"building":true,"sourceLayer":"buildings","sources":["Microsoft ML Buildings"]},"type":"Feature"},{"geometry":{"coordinates":[[[-17.4789716,14.7197775],[-17.4789952,14.7197971],[-17.4791231,14.7196474],[-17.4789983,14.7195438],[-17.4788926,14.719687],[-17.4788812,14.7197025],[-17.4789716,14.7197775]]],"type":"Polygon"},"id":"f7b4a2d8-8a2d-4678-bbcb-3ac46ea26a94","properties":{"building":true,"sourceLayer":"buildings","sources":["OpenStreetMap"]},"type":"Feature"},{"geometry":{"coordinates":[[[-17.473425,14.7174467],[-17.4733534,14.717452],[-17.4733577,14.7175069],[-17.47339,14.7175045],[-17.4733885,14.7174853],[-17.4734278,14.7174824],[-17.473425,14.7174467]]],"type":"Polygon"},"id":"f7c54967-c522-4764-bca7-4e726048dbdb","properties":{"building":true,"sourceLayer":"buildings","sources":["Google Open Buildings"]},"type":"Feature"},{"geometry":{"coordinates":[[[-17.4735988,14.7198578],[-17.4735243,14.7198701],[-17.4735399,14.7199583],[-17.4736144,14.719946],[-17.4735988,14.7198578]]],"type":"Polygon"},"id":"f7cf6376-0bf1-46bd-90c1-5c927eb695b4","properties":{"building":true,"sourceLayer":"buildings","sources":["Microsoft ML Buildings"]},"type":"Feature"},{"geometry":{"coordinates":[[[-17.4781646,14.7219082],[-17.4782049,14.7218911],[-17.4782222,14.7217699],[-17.4781196,14.7217602],[-17.4781156,14.7217991],[-17.478127,14.7218037],[-17.4781155,14.7218903],[-17.4781646,14.7219082]]],"type":"Polygon"},"id":"f7de1d70-90ef-4250-9b55-87d4c3309e22","properties":{"building":true,"sourceLayer":"buildings","sources":["OpenStreetMap"]},"type":"Feature"},{"geometry":{"coordinates":[[[-17.4788922,14.7180788],[-17.479013,14.7181165],[-17.4791027,14.7180147],[-17.4789311,14.7179242],[-17.4788649,14.7180109],[-17.4789233,14.7180336],[-17.4788922,14.7180788]]],"type":"Polygon"},"id":"f7faaf06-2801-4043-a977-d7294dc345d5","properties":{"building":true,"sourceLayer":"buildings","sources":["OpenStreetMap"]},"type":"Feature"},{"geometry":{"coordinates":[[[-17.4742997,14.7154713],[-17.4742557,14.7154791],[-17.4742651,14.7155297],[-17.4743091,14.7155219],[-17.4742997,14.7154713]]],"type":"Polygon"},"id":"f826843c-4ea5-46e7-a606-34c1ae043e60","properties":{"building":true,"sourceLayer":"buildings","sources":["Google Open Buildings"]},"type":"Feature"},{"geometry":{"coordinates":[[[-17.4782586,14.716564],[-17.478172,14.7165701],[-17.4781734,14.7165891],[-17.4781539,14.7165905],[-17.4781638,14.7167239],[-17.47827,14.7167164],[-17.4782586,14.716564]]],"type":"Polygon"},"id":"f854b3d2-c7cf-4912-b6d1-74bf22f9bb8c","properties":{"building":true,"sourceLayer":"buildings","sources":["Google Open Buildings"]},"type":"Feature"},{"geometry":{"coordinates":[[[-17.4719182,14.7207522],[-17.4719152,14.720822],[-17.4720418,14.7208271],[-17.4720457,14.7207345],[-17.4719453,14.7207304],[-17.4719443,14.7207533],[-17.4719182,14.7207522]]],"type":"Polygon"},"id":"f86b9c4a-ea3f-4f4d-8a60-b8d07fe5f5cb","properties":{"building":true,"sourceLayer":"buildings","sources":["Google Open Buildings"]},"type":"Feature"},{"geometry":{"coordinates":[[[-17.4732208,14.7165562],[-17.4731158,14.7165667],[-17.4731235,14.7166401],[-17.4732286,14.7166296],[-17.4732208,14.7165562]]],"type":"Polygon"},"id":"f86c3844-437f-4cef-bcd2-5db1a0e6698e","properties":{"building":true,"sourceLayer":"buildings","sources":["Google Open Buildings"]},"type":"Feature"},{"geometry":{"coordinates":[[[-17.4733231,14.7180133],[-17.4732917,14.7180172],[-17.4732952,14.718044],[-17.4733266,14.7180401],[-17.4733231,14.7180133]]],"type":"Polygon"},"id":"f8b3f674-33ff-42ac-ac35-59f4703dfdc6","properties":{"building":true,"sourceLayer":"buildings","sources":["Google Open Buildings"]},"type":"Feature"},{"geometry":{"coordinates":[[[-17.478931,14.7156472],[-17.478882,14.7157245],[-17.4790047,14.7157983],[-17.4790537,14.7157209],[-17.478931,14.7156472]]],"type":"Polygon"},"id":"f8bceed1-d2c3-4ceb-8012-8b925bcf262e","properties":{"building":true,"sourceLayer":"buildings","sources":["Google Open Buildings"]},"type":"Feature"},{"geometry":{"coordinates":[[[-17.4787394,14.7191736],[-17.4786224,14.7190716],[-17.4785187,14.7191603],[-17.4786193,14.7192898],[-17.4787394,14.7191736]]],"type":"Polygon"},"id":"f9092072-2555-4387-85d9-f11b028b6205","properties":{"building":true,"sourceLayer":"buildings","sources":["OpenStreetMap"]},"type":"Feature"},{"geometry":{"coordinates":[[[-17.471591,14.7186166],[-17.4715867,14.7186566],[-17.4716398,14.718662],[-17.4716441,14.7186221],[-17.471591,14.7186166]]],"type":"Polygon"},"id":"f910373b-5626-448c-a577-3f5820fcbd65","properties":{"building":true,"sourceLayer":"buildings","sources":["Google Open Buildings"]},"type":"Feature"},{"geometry":{"coordinates":[[[-17.4765641,14.7183776],[-17.4766482,14.7184364],[-17.4767327,14.7183234],[-17.4765898,14.7182286],[-17.4765641,14.7183776]]],"type":"Polygon"},"id":"f94617c2-ec9b-4c1f-9b11-1a7e3e9948db","properties":{"building":true,"sourceLayer":"buildings","sources":["OpenStreetMap"]},"type":"Feature"},{"geometry":{"coordinates":[[[-17.4779248,14.7189028],[-17.4778898,14.7188923],[-17.4778694,14.7189566],[-17.4779044,14.7189671],[-17.4779248,14.7189028]]],"type":"Polygon"},"id":"f9773f21-3233-44ed-a466-4ae8f2c2b698","properties":{"building":true,"sourceLayer":"buildings","sources":["Google Open Buildings"]},"type":"Feature"},{"geometry":{"coordinates":[[[-17.4748847,14.7174764],[-17.4748552,14.7174789],[-17.4748581,14.7175132],[-17.4748877,14.7175108],[-17.4748847,14.7174764]]],"type":"Polygon"},"id":"fa023df5-fb5a-484d-bf70-727b1bcf6a2b","properties":{"building":true,"sourceLayer":"buildings","sources":["Google Open Buildings"]},"type":"Feature"},{"geometry":{"coordinates":[[[-17.4776352,14.7170615],[-17.4777214,14.7170485],[-17.4776999,14.7169142],[-17.4776137,14.7169271],[-17.4776352,14.7170615]]],"type":"Polygon"},"id":"fa1d7bd2-d1ac-4124-ac43-40f23367efbf","properties":{"building":true,"sourceLayer":"buildings","sources":["OpenStreetMap"]},"type":"Feature"},{"geometry":{"coordinates":[[[-17.472433,14.721529],[-17.4723741,14.7215252],[-17.4723638,14.7216754],[-17.4724228,14.7216792],[-17.472433,14.721529]]],"type":"Polygon"},"id":"fa41d103-9215-4854-84fd-83e9c0e148f0","properties":{"building":true,"sourceLayer":"buildings","sources":["Google Open Buildings"]},"type":"Feature"},{"geometry":{"coordinates":[[[-17.4786675,14.7158998],[-17.4787313,14.7159402],[-17.4788461,14.7157709],[-17.4786999,14.7156781],[-17.4785579,14.7158873],[-17.4786405,14.7159397],[-17.4786675,14.7158998]]],"type":"Polygon"},"id":"fa476d33-38f0-41f7-9529-ae55c4414af2","properties":{"building":true,"sourceLayer":"buildings","sources":["Microsoft ML Buildings"]},"type":"Feature"},{"geometry":{"coordinates":[[[-17.4783902,14.7200587],[-17.4784948,14.7201274],[-17.4785592,14.720034],[-17.478468,14.7199653],[-17.4783902,14.7200587]]],"type":"Polygon"},"id":"fa5cdd6f-4331-477a-8d03-d04cd885ce8e","properties":{"building":true,"sourceLayer":"buildings","sources":["OpenStreetMap"]},"type":"Feature"},{"geometry":{"coordinates":[[[-17.476431,14.7186998],[-17.4765085,14.7187022],[-17.4765122,14.7185499],[-17.4763859,14.7185458],[-17.476431,14.7186998]]],"type":"Polygon"},"id":"faad3fb0-11e6-48f9-bb7b-444f63e8e65c","properties":{"building":true,"sourceLayer":"buildings","sources":["OpenStreetMap"]},"type":"Feature"},{"geometry":{"coordinates":[[[-17.4749024,14.7163007],[-17.4748637,14.7163144],[-17.4748857,14.7163733],[-17.4748128,14.7163992],[-17.4748304,14.7164463],[-17.4749657,14.7163984],[-17.4749481,14.7163512],[-17.4749245,14.7163596],[-17.4749024,14.7163007]]],"type":"Polygon"},"id":"faad82be-2b3c-4c53-934e-15ec148d0318","properties":{"building":true,"sourceLayer":"buildings","sources":["Google Open Buildings"]},"type":"Feature"},{"geometry":{"coordinates":[[[-17.4755862,14.7141892],[-17.4756387,14.7142963],[-17.4756846,14.714275],[-17.4756947,14.7142958],[-17.475732,14.7142785],[-17.4756694,14.7141506],[-17.4755862,14.7141892]]],"type":"Polygon"},"id":"fab3b411-255c-43e7-99cd-52b157e6114b","properties":{"building":true,"sourceLayer":"buildings","sources":["Google Open Buildings"]},"type":"Feature"},{"geometry":{"coordinates":[[[-17.4744602,14.7146883],[-17.4744958,14.7147665],[-17.4745485,14.7147441],[-17.4745129,14.7146658],[-17.4744602,14.7146883]]],"type":"Polygon"},"id":"fad089f3-9c2a-4998-9e43-9fbf0809158d","properties":{"building":true,"sourceLayer":"buildings","sources":["Microsoft ML Buildings"]},"type":"Feature"},{"geometry":{"coordinates":[[[-17.4782275,14.7195278],[-17.4783075,14.7196093],[-17.4784122,14.7194597],[-17.4783358,14.7193947],[-17.4782275,14.7195278]]],"type":"Polygon"},"id":"fb081d91-7cc9-47df-b9eb-54141fddd913","properties":{"building":true,"sourceLayer":"buildings","sources":["OpenStreetMap"]},"type":"Feature"},{"geometry":{"coordinates":[[[-17.4738349,14.7174427],[-17.4738107,14.7174204],[-17.4737469,14.7174858],[-17.473771,14.7175081],[-17.4738349,14.7174427]]],"type":"Polygon"},"id":"fb23e8c6-1fde-4bd6-8b39-e2a0511b8064","properties":{"building":true,"sourceLayer":"buildings","sources":["Google Open Buildings"]},"type":"Feature"},{"geometry":{"coordinates":[[[-17.4745407,14.7153089],[-17.4744941,14.7153108],[-17.4744955,14.7153415],[-17.474542,14.7153395],[-17.4745407,14.7153089]]],"type":"Polygon"},"id":"fb368553-100c-4919-9b1e-455c83b3b7ff","properties":{"building":true,"sourceLayer":"buildings","sources":["Google Open Buildings"]},"type":"Feature"},{"geometry":{"coordinates":[[[-17.4745494,14.7180121],[-17.4745076,14.7180166],[-17.4745117,14.7180524],[-17.4745536,14.7180478],[-17.4745494,14.7180121]]],"type":"Polygon"},"id":"fb3fb365-6521-4d20-af0a-ad79e0d3f99f","properties":{"building":true,"sourceLayer":"buildings","sources":["Google Open Buildings"]},"type":"Feature"},{"geometry":{"coordinates":[[[-17.4749054,14.7152537],[-17.4748824,14.7152571],[-17.4748885,14.7152955],[-17.4749114,14.7152921],[-17.4749054,14.7152537]]],"type":"Polygon"},"id":"fbbfc897-bab8-4a8a-a4e8-8570f9471a14","properties":{"building":true,"sourceLayer":"buildings","sources":["Google Open Buildings"]},"type":"Feature"},{"geometry":{"coordinates":[[[-17.4773827,14.7218005],[-17.4774482,14.7217686],[-17.4773807,14.7216491],[-17.4773047,14.7216829],[-17.4773827,14.7218005]]],"type":"Polygon"},"id":"fbd90d24-6288-4f67-aaba-00966178ab78","properties":{"building":true,"sourceLayer":"buildings","sources":["OpenStreetMap"]},"type":"Feature"},{"geometry":{"coordinates":[[[-17.477942,14.718824],[-17.4779916,14.7188424],[-17.4780141,14.7187843],[-17.4779943,14.7187705],[-17.4779811,14.7187996],[-17.4779557,14.7187902],[-17.477942,14.718824]]],"type":"Polygon"},"id":"fc4ee9bc-058c-43a0-9607-da6345a77dff","properties":{"building":true,"sourceLayer":"buildings","sources":["OpenStreetMap"]},"type":"Feature"},{"geometry":{"coordinates":[[[-17.476178,14.7177659],[-17.4763347,14.7177501],[-17.4763296,14.717615],[-17.4761499,14.7176287],[-17.476178,14.7177659]]],"type":"Polygon"},"id":"fc55061d-c8b7-4525-bf27-0130e2ef43bb","properties":{"building":true,"sourceLayer":"buildings","sources":["OpenStreetMap"]},"type":"Feature"},{"geometry":{"coordinates":[[[-17.4720403,14.71403],[-17.4720312,14.7141177],[-17.4720769,14.7141221],[-17.4720726,14.714164],[-17.4721402,14.7141706],[-17.4721445,14.7141287],[-17.4721712,14.7141313],[-17.4721669,14.7141731],[-17.472235,14.7141798],[-17.4722433,14.714099],[-17.4722691,14.7141015],[-17.4722741,14.7140527],[-17.4722058,14.7140461],[-17.4722028,14.7140761],[-17.4721504,14.7140711],[-17.4721535,14.714041],[-17.4720403,14.71403]]],"type":"Polygon"},"id":"fc8ccba1-47c9-4727-8a4a-e71c6eb39312","properties":{"building":true,"sourceLayer":"buildings","sources":["Google Open Buildings"]},"type":"Feature"},{"geometry":{"coordinates":[[[-17.4714186,14.7206648],[-17.4715606,14.7206688],[-17.4715635,14.7205728],[-17.4714214,14.7205689],[-17.4714186,14.7206648]]],"type":"Polygon"},"id":"fce861f1-9d93-42be-8472-e56966076fbb","properties":{"building":true,"sourceLayer":"buildings","sources":["Microsoft ML Buildings"]},"type":"Feature"},{"geometry":{"coordinates":[[[-17.47409,14.7166783],[-17.4740633,14.7166823],[-17.4740686,14.7167154],[-17.4740953,14.7167113],[-17.47409,14.7166783]]],"type":"Polygon"},"id":"fcf1127c-64f3-49ce-aaa2-c888ca95856f","properties":{"building":true,"sourceLayer":"buildings","sources":["Google Open Buildings"]},"type":"Feature"},{"geometry":{"coordinates":[[[-17.4755215,14.7154378],[-17.4754918,14.7154403],[-17.4754985,14.7155156],[-17.4755281,14.7155131],[-17.4755215,14.7154378]]],"type":"Polygon"},"id":"fd22e351-fb15-404b-91cd-2cd9d2bfeb06","properties":{"building":true,"sourceLayer":"buildings","sources":["Google Open Buildings"]},"type":"Feature"},{"geometry":{"coordinates":[[[-17.4751975,14.7150311],[-17.4751328,14.7150556],[-17.4751542,14.7151092],[-17.47511,14.715126],[-17.4751197,14.7151501],[-17.4752091,14.7151162],[-17.4751993,14.7150918],[-17.4752189,14.7150844],[-17.4751975,14.7150311]]],"type":"Polygon"},"id":"fd6569a3-2d26-4134-97cd-137f4b31fbae","properties":{"building":true,"sourceLayer":"buildings","sources":["Google Open Buildings"]},"type":"Feature"},{"geometry":{"coordinates":[[[-17.477887,14.7167806],[-17.4779433,14.7167775],[-17.4779383,14.7166918],[-17.4778962,14.7166941],[-17.477898,14.7167241],[-17.4778817,14.716725],[-17.4778798,14.7166928],[-17.4778602,14.7166939],[-17.4778515,14.7167055],[-17.4778412,14.7167059],[-17.4778406,14.716688],[-17.4777933,14.7166895],[-17.4777952,14.7167438],[-17.4778044,14.7167435],[-17.4778057,14.7167822],[-17.4778314,14.7167814],[-17.4778421,14.716797],[-17.4778878,14.7167945],[-17.477887,14.7167806]]],"type":"Polygon"},"id":"fd8b0271-ba4e-45cb-9852-e7712731bf57","properties":{"building":true,"sourceLayer":"buildings","sources":["OpenStreetMap"]},"type":"Feature"},{"geometry":{"coordinates":[[[-17.474368,14.7170824],[-17.4743409,14.7170908],[-17.4743508,14.7171208],[-17.4743779,14.7171123],[-17.474368,14.7170824]]],"type":"Polygon"},"id":"fd97b365-0c22-4cb6-802a-d240e2740b35","properties":{"building":true,"sourceLayer":"buildings","sources":["Google Open Buildings"]},"type":"Feature"},{"geometry":{"coordinates":[[[-17.477006,14.7198406],[-17.4770414,14.7198961],[-17.4771518,14.7197924],[-17.477108,14.719742],[-17.477006,14.7198406]]],"type":"Polygon"},"id":"fdbdd2f8-afe8-4f89-a677-f86bfafa159c","properties":{"building":true,"sourceLayer":"buildings","sources":["OpenStreetMap"]},"type":"Feature"},{"geometry":{"coordinates":[[[-17.474745,14.7159478],[-17.4747162,14.7159481],[-17.4746868,14.7160027],[-17.4747456,14.716002],[-17.474745,14.7159478]]],"type":"Polygon"},"id":"fdc11609-11b6-4a1f-b61f-fa8ef0d87ddc","properties":{"building":true,"sourceLayer":"buildings","sources":["Google Open Buildings"]},"type":"Feature"},{"geometry":{"coordinates":[[[-17.4715228,14.7137809],[-17.4714618,14.7137867],[-17.471473,14.7138975],[-17.471534,14.7138917],[-17.4715228,14.7137809]]],"type":"Polygon"},"id":"fe131b79-d0b2-43de-b238-0cfc1194ce50","properties":{"building":true,"sourceLayer":"buildings","sources":["Google Open Buildings"]},"type":"Feature"},{"geometry":{"coordinates":[[[-17.471548,14.7139176],[-17.4714736,14.713912],[-17.4714701,14.7139566],[-17.4715445,14.7139622],[-17.471548,14.7139176]]],"type":"Polygon"},"id":"fe156f20-ecae-48bb-9512-0f9b3b55c88f","properties":{"building":true,"sourceLayer":"buildings","sources":["Google Open Buildings"]},"type":"Feature"},{"geometry":{"coordinates":[[[-17.4781515,14.7192588],[-17.4781789,14.7192082],[-17.4780411,14.7190836],[-17.4779655,14.719316],[-17.4780844,14.7192887],[-17.4781515,14.7192588]]],"type":"Polygon"},"id":"fe21e2d5-d48b-4134-8e58-211e8703d1a3","properties":{"building":true,"sourceLayer":"buildings","sources":["OpenStreetMap"]},"type":"Feature"},{"geometry":{"coordinates":[[[-17.472412,14.7161022],[-17.4722787,14.7161103],[-17.4722878,14.7162513],[-17.472421,14.7162432],[-17.472412,14.7161022]]],"type":"Polygon"},"id":"fe26909a-f969-46ba-9fbc-472095382614","properties":{"building":true,"sourceLayer":"buildings","sources":["Google Open Buildings"]},"type":"Feature"},{"geometry":{"coordinates":[[[-17.4771762,14.7191358],[-17.4773172,14.7191624],[-17.4773438,14.7190839],[-17.4772177,14.7190238],[-17.4771762,14.7191358]]],"type":"Polygon"},"id":"fe74f588-43ad-48f7-bf64-ad2a9009fe93","properties":{"building":true,"sourceLayer":"buildings","sources":["OpenStreetMap"]},"type":"Feature"},{"geometry":{"coordinates":[[[-17.472315,14.7195718],[-17.4721918,14.7195635],[-17.4721853,14.719655],[-17.4723085,14.7196633],[-17.472315,14.7195718]]],"type":"Polygon"},"id":"fea78a48-002d-4531-845f-9b6574e4e3fd","properties":{"building":true,"sourceLayer":"buildings","sources":["Google Open Buildings"]},"type":"Feature"},{"geometry":{"coordinates":[[[-17.4716659,14.7180841],[-17.4716619,14.7181382],[-17.4717034,14.7181412],[-17.4717074,14.718087],[-17.4716659,14.7180841]]],"type":"Polygon"},"id":"fee0c3f3-e2e7-48e6-bfb5-7b137b708d40","properties":{"building":true,"sourceLayer":"buildings","sources":["Google Open Buildings"]},"type":"Feature"},{"geometry":{"coordinates":[[[-17.4791446,14.7165237],[-17.4790559,14.716569],[-17.4791106,14.7166706],[-17.4791993,14.7166253],[-17.4791446,14.7165237]]],"type":"Polygon"},"id":"ff134211-fab1-431c-afba-30c1f40e3b3e","properties":{"building":true,"sourceLayer":"buildings","sources":["Google Open Buildings"]},"type":"Feature"},{"geometry":{"coordinates":[[[-17.4779244,14.7218101],[-17.4778923,14.7217351],[-17.4777225,14.7218316],[-17.477796,14.721966],[-17.4778941,14.7219084],[-17.4779209,14.721866],[-17.4779244,14.7218101]]],"type":"Polygon"},"id":"ff57617c-f366-40a4-9df4-a399e94964cd","properties":{"building":true,"sourceLayer":"buildings","sources":["OpenStreetMap"]},"type":"Feature"},{"geometry":{"coordinates":[[[-17.4788923,14.716615],[-17.4788657,14.7166286],[-17.4789459,14.7167774],[-17.4790081,14.7167456],[-17.4789985,14.7167278],[-17.4790204,14.7167167],[-17.4789656,14.7166151],[-17.4789082,14.7166444],[-17.4788923,14.716615]]],"type":"Polygon"},"id":"ffbd69f1-1100-4ebc-bfd0-7781b0025220","properties":{"building":true,"sourceLayer":"buildings","sources":["Google Open Buildings"]},"type":"Feature"},{"geometry":{"coordinates":[[[-17.4726174,14.7175182],[-17.4726115,14.7174752],[-17.4725528,14.7174829],[-17.4725328,14.7174855],[-17.4725387,14.7175285],[-17.4726174,14.7175182]]],"type":"Polygon"},"id":"ffc6d8fa-2598-41c8-b29e-1187b16b394e","properties":{"building":true,"sourceLayer":"buildings","sources":["Google Open Buildings"]},"type":"Feature"},{"geometry":{"coordinates":[[[-17.4732525,14.7175066],[-17.4732199,14.7175116],[-17.4732267,14.7175524],[-17.4732592,14.7175474],[-17.4732525,14.7175066]]],"type":"Polygon"},"id":"ffdca285-0aaf-48c7-8568-6b212f18c286","properties":{"building":true,"sourceLayer":"buildings","sources":["Google Open Buildings"]},"type":"Feature"},{"geometry":{"coordinates":[[[-17.4781942,14.7195053],[-17.4782685,14.7194546],[-17.4782197,14.7193683],[-17.478139,14.7194098],[-17.4781942,14.7195053]]],"type":"Polygon"},"id":"ffe8e372-0281-4dcf-9633-03116b83e655","properties":{"building":true,"sourceLayer":"buildings","sources":["OpenStreetMap"]},"type":"Feature"},{"geometry":{"coordinates":[[-17.4771398,14.7162768],[-17.4771766,14.7166263]],"type":"LineString"},"id":"0005dd72-c555-4abd-b719-794b4554e4e3","properties":{"highway":"tertiary","layer":0,"sourceLayer":"transportation","sources":["OpenStreetMap"]},"type":"Feature"},{"geometry":{"coordinates":[[-17.4782515,14.7159503],[-17.4778752,14.715953]],"type":"LineString"},"id":"01348c07-9295-4fd4-a0ac-8f6683a1c7ed","properties":{"highway":"residential","layer":0,"sourceLayer":"transportation","sources":["OpenStreetMap"]},"type":"Feature"},{"geometry":{"coordinates":[[-17.4775333,14.7209431],[-17.477337,14.7209201]],"type":"LineString"},"id":"01bf0cf8-be64-4169-a6a8-0eec4cd8e378","properties":{"highway":"residential","layer":0,"sourceLayer":"transportation","sources":["OpenStreetMap"]},"type":"Feature"},{"geometry":{"coordinates":[[-17.4767969,14.7137997],[-17.476851,14.7141572]],"type":"LineString"},"id":"020aa267-80bb-4903-b1ca-0b887eb7018e","properties":{"highway":"tertiary","layer":0,"sourceLayer":"transportation","sources":["OpenStreetMap"]},"type":"Feature"},{"geometry":{"coordinates":[[-17.478143,14.7185711],[-17.4779237,14.7184927]],"type":"LineString"},"id":"027f3ae2-88ea-4eac-bb96-9351f9138cc4","properties":{"highway":"residential","layer":0,"sourceLayer":"transportation","sources":["OpenStreetMap"]},"type":"Feature"},{"geometry":{"coordinates":[[-17.4712497,14.7209669],[-17.4716342,14.7210021]],"type":"LineString"},"id":"043e0bd2-56ca-4677-87d6-65c2784d1686","properties":{"highway":"footway","layer":0,"sourceLayer":"transportation","sources":["OpenStreetMap"]},"type":"Feature"},{"geometry":{"coordinates":[[-17.4713786,14.7153052],[-17.4713498,14.7152792],[-17.4713163,14.7152593],[-17.4712793,14.7152464],[-17.4712404,14.7152409]],"type":"LineString"},"id":"049cb980-3157-463d-b07a-953ae3c271c7","properties":{"highway":"primary","layer":0,"sourceLayer":"transportation","sources":["OpenStreetMap"]},"type":"Feature"},{"geometry":{"coordinates":[[-17.4780269,14.7211099],[-17.4776273,14.7210791],[-17.477596,14.72107]],"type":"LineString"},"id":"04ee2e48-e127-478c-9eb9-b5699bc3f41e","properties":{"highway":"residential","layer":0,"sourceLayer":"transportation","sources":["OpenStreetMap"]},"type":"Feature"},{"geometry":{"coordinates":[[-17.4744952,14.7157149],[-17.4744435,14.7157253],[-17.4743993,14.7157318],[-17.4742444,14.7157156]],"type":"LineString"},"id":"064daeb9-744f-4c10-ab3e-8e48226bf8b0","properties":{"highway":"service","layer":0,"sourceLayer":"transportation","sources":["OpenStreetMap"]},"type":"Feature"},{"geometry":{"coordinates":[[-17.4718171,14.7174767],[-17.4716454,14.7175673]],"type":"LineString"},"id":"06e04a09-9238-434e-be13-413ea38f166a","properties":{"highway":"unclassified","layer":0,"sourceLayer":"transportation","sources":["OpenStreetMap"]},"type":"Feature"},{"geometry":{"coordinates":[[-17.4735864,14.715963],[-17.4737909,14.7160688],[-17.4739923,14.7161728],[-17.4742227,14.7162595],[-17.4743336,14.7162915],[-17.4744268,14.7163349],[-17.4744936,14.7164034],[-17.4745629,14.716512],[-17.4746186,14.7166391],[-17.4746445,14.7167322],[-17.4746662,14.7168226],[-17.4746753,14.7168743],[-17.4746814,14.7169651]],"type":"LineString"},"id":"0981c10f-fe0f-40c8-a13c-33460e4fd99e","properties":{"highway":"service","layer":0,"sourceLayer":"transportation","sources":["OpenStreetMap"]},"type":"Feature"},{"geometry":{"coordinates":[[-17.4735014,14.7219643],[-17.4733391,14.7215324],[-17.4732476,14.7212447],[-17.4732287,14.7211143]],"type":"LineString"},"id":"09c5fda9-2800-4466-804f-08897a9a8e70","properties":{"highway":"residential","layer":0,"sourceLayer":"transportation","sources":["OpenStreetMap"]},"type":"Feature"},{"geometry":{"coordinates":[[-17.4737234,14.7211491],[-17.4735559,14.7205528]],"type":"LineString"},"id":"0b0b62db-5625-4244-8c86-02dbe08844ec","properties":{"highway":"unclassified","layer":0,"sourceLayer":"transportation","sources":["OpenStreetMap"]},"type":"Feature"},{"geometry":{"coordinates":[[-17.4773954,14.7193255],[-17.4775884,14.71923],[-17.4776481,14.7192035],[-17.477693,14.7191665],[-17.4778156,14.7188083]],"type":"LineString"},"id":"0c8cae06-62c5-44e6-b57d-913a74106976","properties":{"highway":"residential","layer":0,"sourceLayer":"transportation","sources":["OpenStreetMap"]},"type":"Feature"},{"geometry":{"coordinates":[[-17.4737815,14.7148672],[-17.473465,14.7150494],[-17.4733143,14.7151306]],"type":"LineString"},"id":"0ccb1a5d-04c6-49ae-84ca-cafbb3679392","properties":{"highway":"service","layer":0,"sourceLayer":"transportation","sources":["OpenStreetMap"]},"type":"Feature"},{"geometry":{"coordinates":[[-17.4780872,14.7189219],[-17.4781329,14.7189285],[-17.4781778,14.7189226],[-17.4782154,14.7188998],[-17.4784038,14.7186943],[-17.4785445,14.7185111]],"type":"LineString"},"id":"10593259-f25b-4bc2-bffe-7019787c363b","properties":{"highway":"residential","layer":0,"sourceLayer":"transportation","sources":["OpenStreetMap"]},"type":"Feature"},{"geometry":{"coordinates":[[-17.477055,14.7127054],[-17.4774893,14.7154477]],"type":"LineString"},"id":"108460ce-b818-4732-a73f-1247d74c12a9","properties":{"highway":"service","layer":0,"sourceLayer":"transportation","sources":["OpenStreetMap"]},"type":"Feature"},{"geometry":{"coordinates":[[-17.4731465,14.7211085],[-17.4727543,14.7210809]],"type":"LineString"},"id":"10eaa42a-cfd3-477e-8925-3855453f724d","properties":{"highway":"residential","layer":0,"sourceLayer":"transportation","sources":["OpenStreetMap"]},"type":"Feature"},{"geometry":{"coordinates":[[-17.4788605,14.718758],[-17.479095,14.7189391]],"type":"LineString"},"id":"1284c656-b40c-439e-a373-84f9694814f6","properties":{"highway":"tertiary","layer":0,"sourceLayer":"transportation","sources":["OpenStreetMap"]},"type":"Feature"},{"geometry":{"coordinates":[[-17.4721371,14.7147774],[-17.472089,14.714783],[-17.4720439,14.7148003],[-17.4720048,14.7148281],[-17.4719744,14.7148647],[-17.4719546,14.7149075],[-17.4719467,14.7149537],[-17.4719512,14.7150004]],"type":"LineString"},"id":"14d8fc26-06f8-4bcd-a661-de8288caf60f","properties":{"highway":"primary","layer":0,"sourceLayer":"transportation","sources":["OpenStreetMap"]},"type":"Feature"},{"geometry":{"coordinates":[[-17.4787495,14.7198627],[-17.4788833,14.7199667]],"type":"LineString"},"id":"157ade22-256b-43af-899c-057380d67d0e","properties":{"highway":"residential","layer":0,"sourceLayer":"transportation","sources":["OpenStreetMap"]},"type":"Feature"},{"geometry":{"coordinates":[[-17.4779672,14.7192838],[-17.4780872,14.7189219]],"type":"LineString"},"id":"16178f44-cc6f-4c8f-91ba-189977f525ef","properties":{"highway":"residential","layer":0,"sourceLayer":"transportation","sources":["OpenStreetMap"]},"type":"Feature"},{"geometry":{"coordinates":[[-17.4776364,14.7214847],[-17.4769166,14.7218581]],"type":"LineString"},"id":"16813ecc-d978-4974-a595-0c20180ed7fc","properties":{"highway":"residential","layer":0,"sourceLayer":"transportation","sources":["OpenStreetMap"]},"type":"Feature"},{"geometry":{"coordinates":[[-17.477337,14.7209201],[-17.4771398,14.7208761],[-17.4771238,14.7208565],[-17.4771138,14.7208326],[-17.4770111,14.720232]],"type":"LineString"},"id":"168819be-b996-4f39-a566-876cc10fcf8c","properties":{"highway":"residential","layer":0,"sourceLayer":"transportation","sources":["OpenStreetMap"]},"type":"Feature"},{"geometry":{"coordinates":[[-17.471079,14.718379],[-17.4710438,14.7187184],[-17.4710358,14.7189175],[-17.4710535,14.7191237]],"type":"LineString"},"id":"168f1206-9c6d-4072-be39-16e63bc393d6","properties":{"highway":"trunk","layer":0,"sourceLayer":"transportation","sources":["OpenStreetMap"]},"type":"Feature"},{"geometry":{"coordinates":[[-17.4780893,14.7171493],[-17.4780311,14.716803]],"type":"LineString"},"id":"175cd98e-8758-427c-b139-18f4df9e9a1c","properties":{"highway":"residential","layer":0,"sourceLayer":"transportation","sources":["OpenStreetMap"]},"type":"Feature"},{"geometry":{"coordinates":[[-17.4788833,14.7199667],[-17.4791429,14.7196356]],"type":"LineString"},"id":"17d56d48-4cf4-4cb7-b0c3-a42ef465ef26","properties":{"highway":"residential","layer":0,"sourceLayer":"transportation","sources":["OpenStreetMap"]},"type":"Feature"},{"geometry":{"coordinates":[[-17.4781729,14.7209044],[-17.4778452,14.7209097]],"type":"LineString"},"id":"180214a6-f470-4893-a07e-45a56ace533f","properties":{"highway":"residential","layer":0,"sourceLayer":"transportation","sources":["OpenStreetMap"]},"type":"Feature"},{"geometry":{"coordinates":[[-17.4726758,14.713463],[-17.4725413,14.7145742]],"type":"LineString"},"id":"1824f851-6a40-4965-a4f7-167c029a179d","properties":{"highway":"residential","layer":0,"sourceLayer":"transportation","sources":["OpenStreetMap"]},"type":"Feature"},{"geometry":{"coordinates":[[-17.4780311,14.716803],[-17.4779526,14.7168177]],"type":"LineString"},"id":"184fe10e-0ba7-4d40-a6ea-eae388748614","properties":{"highway":"residential","layer":0,"sourceLayer":"transportation","sources":["OpenStreetMap"]},"type":"Feature"},{"geometry":{"coordinates":[[-17.4749509,14.714745],[-17.4750287,14.7149338],[-17.475037,14.7150488],[-17.4750232,14.7151686],[-17.4749609,14.7154137],[-17.4749545,14.7154847],[-17.4749601,14.7155544],[-17.4750787,14.7159222],[-17.4751128,14.7160561],[-17.4751262,14.7161871],[-17.475125,14.7163773]],"type":"LineString"},"id":"1854c07a-d6ec-466d-80c4-85a32c8d64dd","properties":{"highway":"service","layer":0,"sourceLayer":"transportation","sources":["OpenStreetMap"]},"type":"Feature"},{"geometry":{"coordinates":[[-17.4763098,14.7173992],[-17.4764243,14.7182741],[-17.4764418,14.7183104],[-17.4764719,14.7183408],[-17.4768803,14.7186224]],"type":"LineString"},"id":"186bf952-dc6a-49e3-a0c2-123a5a0dbfa1","properties":{"highway":"residential","layer":0,"sourceLayer":"transportation","sources":["OpenStreetMap"]},"type":"Feature"},{"geometry":{"coordinates":[[-17.4719258,14.7174553],[-17.4719208,14.7174313],[-17.4719055,14.7174118],[-17.4718829,14.7174007],[-17.4718576,14.7174001]],"type":"LineString"},"id":"19832e5b-bdd4-4a34-a82f-3426d11b20f9","properties":{"highway":"unclassified","layer":0,"sourceLayer":"transportation","sources":["OpenStreetMap"]},"type":"Feature"},{"geometry":{"coordinates":[[-17.4713884,14.7192335],[-17.4714377,14.718741],[-17.4714772,14.718398],[-17.4715126,14.7181107],[-17.4715391,14.7178467],[-17.4715689,14.7175504],[-17.4716011,14.717193],[-17.4716328,14.7167566],[-17.471646,14.7165761],[-17.4716728,14.7162115],[-17.4716986,14.7159044],[-17.4717207,14.7156085],[-17.4717424,14.7153406],[-17.4717612,14.7150789],[-17.471794,14.7147098],[-17.4718309,14.7141668],[-17.4718505,14.713921],[-17.4718675,14.7136661],[-17.4718814,14.713478],[-17.4718856,14.7132726],[-17.4718851,14.7127986],[-17.4718772,14.712635],[-17.4718636,14.7124445],[-17.4718385,14.7122743],[-17.4717775,14.7119693]],"type":"LineString"},"id":"1aef3a05-1072-4795-8424-8e50f74e2a46","properties":{"highway":"trunk","layer":0,"sourceLayer":"transportation","sources":["OpenStreetMap"]},"type":"Feature"},{"geometry":{"coordinates":[[-17.4770683,14.71838],[-17.4773417,14.7185698]],"type":"LineString"},"id":"1b7f73a2-1973-45e7-8427-107bc91ce3db","properties":{"highway":"residential","layer":0,"sourceLayer":"transportation","sources":["OpenStreetMap"]},"type":"Feature"},{"geometry":{"coordinates":[[-17.4772622,14.7173168],[-17.4773517,14.7173091],[-17.4780893,14.7171493]],"type":"LineString"},"id":"1b94b4f3-ec84-4368-8949-cbbc4d79b4c3","properties":{"highway":"residential","layer":0,"sourceLayer":"transportation","sources":["OpenStreetMap"]},"type":"Feature"},{"geometry":{"coordinates":[[-17.4715608,14.7122648],[-17.4715783,14.7123982],[-17.4715961,14.7125953],[-17.4716155,14.7128208],[-17.4716444,14.7131671],[-17.4716602,14.7135421],[-17.4716615,14.7138547],[-17.4716574,14.7140455],[-17.47164,14.7143205],[-17.4716215,14.7145257],[-17.471606,14.7146256],[-17.4715908,14.7146985],[-17.4715699,14.7147525],[-17.4715408,14.7148161],[-17.4715064,14.7148834],[-17.4714589,14.7149762],[-17.4714042,14.7150715],[-17.4713514,14.7151403],[-17.4713114,14.7151844],[-17.4712404,14.7152409]],"type":"LineString"},"id":"1c6fb084-8014-4d1b-bddc-b85351376188","properties":{"highway":"trunk","layer":0,"sourceLayer":"transportation","sources":["OpenStreetMap"]},"type":"Feature"},{"geometry":{"coordinates":[[-17.473289,14.7197342],[-17.4728737,14.7198668]],"type":"LineString"},"id":"1d5356fc-1f77-46c4-91b1-1501de650f9b","properties":{"highway":"residential","layer":0,"sourceLayer":"transportation","sources":["OpenStreetMap"]},"type":"Feature"},{"geometry":{"coordinates":[[-17.4771064,14.7159585],[-17.4771398,14.7162768]],"type":"LineString"},"id":"1d63e3ea-4aec-47d6-bde8-9360bbf28fa5","properties":{"highway":"tertiary","layer":0,"sourceLayer":"transportation","sources":["OpenStreetMap"]},"type":"Feature"},{"geometry":{"coordinates":[[-17.4788919,14.7169925],[-17.4790367,14.7170444],[-17.4791225,14.7171014],[-17.4792245,14.7171429],[-17.4793183,14.7172311],[-17.4794122,14.7172675],[-17.4796939,14.7174024],[-17.4799004,14.7174309],[-17.4800265,14.7173998],[-17.4801311,14.7173219],[-17.4803,14.7172856],[-17.4805334,14.7172649],[-17.480748,14.7172363]],"type":"LineString"},"id":"1fc8343a-77c5-4e57-87f2-8a90e3ea7b6b","properties":{"highway":"service","layer":0,"sourceLayer":"transportation","sources":["OpenStreetMap"]},"type":"Feature"},{"geometry":{"coordinates":[[-17.4718576,14.7174001],[-17.4718346,14.7174102],[-17.4718183,14.717429],[-17.4718121,14.7174527],[-17.4718171,14.7174767]],"type":"LineString"},"id":"21083e9b-9a11-40ba-bdb3-a8fe497c5e0a","properties":{"highway":"unclassified","layer":0,"sourceLayer":"transportation","sources":["OpenStreetMap"]},"type":"Feature"},{"geometry":{"coordinates":[[-17.47413,14.7214479],[-17.4738365,14.7215308]],"type":"LineString"},"id":"21b94d8f-0e65-4b8a-9d64-bcf9523e91dd","properties":{"highway":"residential","layer":0,"sourceLayer":"transportation","sources":["OpenStreetMap"]},"type":"Feature"},{"geometry":{"coordinates":[[-17.4783214,14.7167488],[-17.4790455,14.7163625]],"type":"LineString"},"id":"21d49cdf-367c-447e-ae9b-48f7ed004404","properties":{"highway":"residential","layer":0,"sourceLayer":"transportation","sources":["OpenStreetMap"]},"type":"Feature"},{"geometry":{"coordinates":[[-17.4719617,14.7217192],[-17.4726091,14.7217685]],"type":"LineString"},"id":"2263194d-bde6-416a-9c19-632272425025","properties":{"highway":"residential","layer":0,"sourceLayer":"transportation","sources":["OpenStreetMap"]},"type":"Feature"},{"geometry":{"coordinates":[[-17.4742174,14.7170531],[-17.4742205,14.7169535],[-17.4741956,14.7168526],[-17.4741559,14.7167012],[-17.4741061,14.7165837],[-17.4740497,14.7165108],[-17.4739996,14.7164737],[-17.4739487,14.7164666],[-17.4738989,14.7164664]],"type":"LineString"},"id":"22d2daee-0a42-4bb0-ae56-1a04f91b0fcb","properties":{"highway":"service","layer":0,"sourceLayer":"transportation","sources":["OpenStreetMap"]},"type":"Feature"},{"geometry":{"coordinates":[[-17.4747916,14.7138617],[-17.4746762,14.713663]],"type":"LineString"},"id":"23a1a265-f1a5-4f37-8eaa-e3c9fc6d1e08","properties":{"highway":"service","layer":0,"sourceLayer":"transportation","sources":["OpenStreetMap"]},"type":"Feature"},{"geometry":{"coordinates":[[-17.477064,14.7194726],[-17.4773954,14.7193255]],"type":"LineString"},"id":"244bdde3-886c-497b-a3d1-b063791f90d1","properties":{"highway":"residential","layer":0,"sourceLayer":"transportation","sources":["OpenStreetMap"]},"type":"Feature"},{"geometry":{"coordinates":[[-17.4720095,14.7210285],[-17.4717842,14.7210126],[-17.4716342,14.7210021]],"type":"LineString"},"id":"2501819e-7953-4b08-9afb-ddd4e079594b","properties":{"highway":"residential","layer":0,"sourceLayer":"transportation","sources":["OpenStreetMap"]},"type":"Feature"},{"geometry":{"coordinates":[[-17.4769573,14.7148594],[-17.4763377,14.7149541]],"type":"LineString"},"id":"287ef51b-9ba4-4397-97b2-c7bc354b0eb7","properties":{"highway":"residential","layer":0,"sourceLayer":"transportation","sources":["OpenStreetMap"]},"type":"Feature"},{"geometry":{"coordinates":[[-17.4731083,14.7206746],[-17.4730133,14.7203477]],"type":"LineString"},"id":"2d0c0a7f-d7f8-411e-afc1-1d3778ba6ba5","properties":{"highway":"residential","layer":0,"sourceLayer":"transportation","sources":["OpenStreetMap"]},"type":"Feature"},{"geometry":{"coordinates":[[-17.478322,14.7208993],[-17.4781729,14.7209044]],"type":"LineString"},"id":"2d197cea-ba97-4d50-8678-9c5bc7872456","properties":{"highway":"residential","layer":0,"sourceLayer":"transportation","sources":["OpenStreetMap"]},"type":"Feature"},{"geometry":{"coordinates":[[-17.4776364,14.7214847],[-17.4774778,14.7211878]],"type":"LineString"},"id":"2e63e94f-62b5-4ef1-b794-d658aa7af4db","properties":{"highway":"residential","layer":0,"sourceLayer":"transportation","sources":["OpenStreetMap"]},"type":"Feature"},{"geometry":{"coordinates":[[-17.4740239,14.7221638],[-17.4738365,14.7215308]],"type":"LineString"},"id":"2f282dee-6cc2-4e20-a23e-80fce4340cb0","properties":{"highway":"unclassified","layer":0,"sourceLayer":"transportation","sources":["OpenStreetMap"]},"type":"Feature"},{"geometry":{"coordinates":[[-17.4771766,14.7166263],[-17.4765793,14.7166746]],"type":"LineString"},"id":"3135f33a-d738-4a2c-8f5b-c4ef7a622dcf","properties":{"highway":"residential","layer":0,"sourceLayer":"transportation","sources":["OpenStreetMap"]},"type":"Feature"},{"geometry":{"coordinates":[[-17.4770683,14.71838],[-17.4768803,14.7186224]],"type":"LineString"},"id":"314b3274-74ef-4225-b1e7-053216e32055","properties":{"highway":"residential","layer":0,"sourceLayer":"transportation","sources":["OpenStreetMap"]},"type":"Feature"},{"geometry":{"coordinates":[[-17.4713481,14.7145628],[-17.4713266,14.7147761],[-17.4713191,14.7148597]],"type":"LineString"},"id":"31895df7-0783-4017-9d69-5b2f2cdbf9d8","properties":{"highway":"unclassified","layer":0,"sourceLayer":"transportation","sources":["OpenStreetMap"]},"type":"Feature"},{"geometry":{"coordinates":[[-17.4731083,14.7206746],[-17.4721067,14.72062]],"type":"LineString"},"id":"31a7c23b-2b54-4ca4-8ac0-6ab28caa7557","properties":{"highway":"residential","layer":0,"sourceLayer":"transportation","sources":["OpenStreetMap"]},"type":"Feature"},{"geometry":{"coordinates":[[-17.4711643,14.7231657],[-17.4711508,14.7226601],[-17.4711511,14.7222764],[-17.4711991,14.721584],[-17.4712497,14.7209669],[-17.4712746,14.7205161],[-17.4713262,14.7199467],[-17.4713884,14.7192335]],"type":"LineString"},"id":"324f57ee-9f49-4c0b-ae74-03747559b38d","properties":{"highway":"trunk","layer":0,"sourceLayer":"transportation","sources":["OpenStreetMap"]},"type":"Feature"},{"geometry":{"coordinates":[[-17.4767969,14.7137997],[-17.4761541,14.7139093],[-17.4759235,14.714017]],"type":"LineString"},"id":"32e8f90c-636b-42ae-bf19-eef4f1b426b0","properties":{"highway":"residential","layer":0,"sourceLayer":"transportation","sources":["OpenStreetMap"]},"type":"Feature"},{"geometry":{"coordinates":[[-17.4718281,14.7169717],[-17.4718579,14.7164374],[-17.4719065,14.7159028],[-17.4719223,14.7157901],[-17.4719471,14.7156715],[-17.4719732,14.7155716],[-17.4719973,14.7155091],[-17.4720316,14.7154587],[-17.472087,14.7154131],[-17.4722454,14.7153016]],"type":"LineString"},"id":"33b455d0-6f4e-4383-94ba-8299f2006327","properties":{"highway":"unclassified","layer":0,"sourceLayer":"transportation","sources":["OpenStreetMap"]},"type":"Feature"},{"geometry":{"coordinates":[[-17.4718576,14.7174001],[-17.4718334,14.7171999],[-17.4718281,14.7169717]],"type":"LineString"},"id":"33bc8128-f48a-4b40-a471-1856a94e21a5","properties":{"highway":"unclassified","layer":0,"sourceLayer":"transportation","sources":["OpenStreetMap"]},"type":"Feature"},{"geometry":{"coordinates":[[-17.472065,14.715214],[-17.4720128,14.7151857],[-17.4719189,14.7152052],[-17.4718344,14.7152505],[-17.4715421,14.7154321],[-17.4715085,14.7155113],[-17.4714603,14.7156008],[-17.4714093,14.7156565],[-17.4713536,14.7156783],[-17.4712819,14.7156942],[-17.471192,14.7156838],[-17.47107,14.715663],[-17.4709492,14.7156214]],"type":"LineString"},"id":"35a03f11-4df3-40dd-9850-fa1687da632d","properties":{"highway":"footway","layer":0,"sourceLayer":"transportation","sources":["OpenStreetMap"]},"type":"Feature"},{"geometry":{"coordinates":[[-17.4722454,14.7153016],[-17.472216,14.7151255]],"type":"LineString"},"id":"365f3f50-c0cd-47d9-b6d4-835ba9f7d002","properties":{"highway":"unclassified","layer":0,"sourceLayer":"transportation","sources":["OpenStreetMap"]},"type":"Feature"},{"geometry":{"coordinates":[[-17.4702622,14.7147228],[-17.4704392,14.7145652],[-17.4704853,14.7145339],[-17.4705403,14.7145125],[-17.4711769,14.7145521],[-17.4713481,14.7145628]],"type":"LineString"},"id":"37f6f1d6-47c3-4824-9e0e-2ef59688b09b","properties":{"highway":"residential","layer":0,"sourceLayer":"transportation","sources":["OpenStreetMap"]},"type":"Feature"},{"geometry":{"coordinates":[[-17.4712827,14.7156106],[-17.471328,14.7155926],[-17.4713672,14.7155642],[-17.4713978,14.7155273],[-17.471418,14.7154841],[-17.4714263,14.7154374]],"type":"LineString"},"id":"38a3948e-096c-4eed-b56e-a86bebef5f9e","properties":{"highway":"primary","layer":0,"sourceLayer":"transportation","sources":["OpenStreetMap"]},"type":"Feature"},{"geometry":{"coordinates":[[-17.4726018,14.7185905],[-17.4722311,14.7181829]],"type":"LineString"},"id":"3a3f66a9-0111-4d37-84b4-cb8c8510ab72","properties":{"highway":"residential","layer":0,"sourceLayer":"transportation","sources":["OpenStreetMap"]},"type":"Feature"},{"geometry":{"coordinates":[[-17.4779526,14.7168177],[-17.4775807,14.7168871]],"type":"LineString"},"id":"3b822a9d-ef8f-48fd-abdc-9508c53f9441","properties":{"highway":"residential","layer":0,"sourceLayer":"transportation","sources":["OpenStreetMap"]},"type":"Feature"},{"geometry":{"coordinates":[[-17.4725968,14.7150735],[-17.4728094,14.7154879]],"type":"LineString"},"id":"3ba112c1-1de6-4d63-b479-7878652b527e","properties":{"highway":"service","layer":0,"sourceLayer":"transportation","sources":["OpenStreetMap"]},"type":"Feature"},{"geometry":{"coordinates":[[-17.4764023,14.7152963],[-17.4761695,14.7153265]],"type":"LineString"},"id":"3c90180a-747a-4ac9-886a-f644aab9ad1f","properties":{"highway":"residential","layer":0,"sourceLayer":"transportation","sources":["OpenStreetMap"]},"type":"Feature"},{"geometry":{"coordinates":[[-17.4734272,14.7190685],[-17.4735954,14.7196434]],"type":"LineString"},"id":"3e6f9208-e652-45bd-b6ed-213ba8dc2a20","properties":{"highway":"residential","layer":0,"sourceLayer":"transportation","sources":["OpenStreetMap"]},"type":"Feature"},{"geometry":{"coordinates":[[-17.4741264,14.7172195],[-17.4742174,14.7170531]],"type":"LineString"},"id":"3e95ffa8-819d-4c9f-93b9-a5a54d5c1d06","properties":{"highway":"service","layer":0,"sourceLayer":"transportation","sources":["OpenStreetMap"]},"type":"Feature"},{"geometry":{"coordinates":[[-17.4743577,14.7137451],[-17.4737555,14.7140674],[-17.4731282,14.7144]],"type":"LineString"},"id":"3ef6642d-0c51-4947-a91e-fd9120437bd3","properties":{"highway":"primary","layer":0,"sourceLayer":"transportation","sources":["OpenStreetMap"]},"type":"Feature"},{"geometry":{"coordinates":[[-17.4788833,14.7199667],[-17.4792781,14.7202579]],"type":"LineString"},"id":"3f0733ae-e0a9-454a-b349-74d6bb79d603","properties":{"highway":"residential","layer":0,"sourceLayer":"transportation","sources":["OpenStreetMap"]},"type":"Feature"},{"geometry":{"coordinates":[[-17.4791541,14.7218797],[-17.478479,14.7208877]],"type":"LineString"},"id":"3fe36c04-45a0-4650-a573-8311c2b29180","properties":{"highway":"residential","layer":0,"sourceLayer":"transportation","sources":["OpenStreetMap"]},"type":"Feature"},{"geometry":{"coordinates":[[-17.4733143,14.7151306],[-17.4732465,14.715015],[-17.4731941,14.7149327],[-17.4731526,14.7148561],[-17.4730989,14.7147589]],"type":"LineString"},"id":"403c5a1f-c128-4e2f-8b48-c85309445e96","properties":{"highway":"service","layer":0,"sourceLayer":"transportation","sources":["OpenStreetMap"]},"type":"Feature"},{"geometry":{"coordinates":[[-17.4781729,14.7209044],[-17.4781658,14.7209966],[-17.478143,14.7210194],[-17.4780947,14.7210414],[-17.4780639,14.721059],[-17.4780357,14.721083],[-17.4780269,14.7211099]],"type":"LineString"},"id":"40ba4084-f232-4f8d-bb83-51750c1427ce","properties":{"highway":"residential","layer":0,"sourceLayer":"transportation","sources":["OpenStreetMap"]},"type":"Feature"},{"geometry":{"coordinates":[[-17.4727543,14.7210809],[-17.4720804,14.7210335]],"type":"LineString"},"id":"42072ea0-14dc-48b6-9b73-77f3b9f37afb","properties":{"highway":"residential","layer":0,"sourceLayer":"transportation","sources":["OpenStreetMap"]},"type":"Feature"},{"geometry":{"coordinates":[[-17.4768711,14.7176714],[-17.4773427,14.7180261]],"type":"LineString"},"id":"438825b8-4485-4fe0-b17a-d85f97fcca45","properties":{"highway":"residential","layer":0,"sourceLayer":"transportation","sources":["OpenStreetMap"]},"type":"Feature"},{"geometry":{"coordinates":[[-17.4769809,14.7190692],[-17.477058,14.7191211],[-17.4771144,14.7191483],[-17.4771727,14.7191646],[-17.4772357,14.7191717],[-17.4772833,14.7191733],[-17.4773108,14.7191756],[-17.4773296,14.719186],[-17.4773954,14.7193255]],"type":"LineString"},"id":"43e2af26-cf82-4208-9df8-91eda6aed8b8","properties":{"highway":"residential","layer":0,"sourceLayer":"transportation","sources":["OpenStreetMap"]},"type":"Feature"},{"geometry":{"coordinates":[[-17.470765,14.7218297],[-17.4712594,14.7218646],[-17.4712871,14.7218666],[-17.4713124,14.7215326],[-17.4712887,14.721531],[-17.4712652,14.7218425],[-17.4712807,14.7218436],[-17.4712676,14.7220118]],"type":"LineString"},"id":"449916cb-d137-4192-a648-228faaa0b289","properties":{"highway":"footway","layer":0,"sourceLayer":"transportation","sources":["OpenStreetMap"]},"type":"Feature"},{"geometry":{"coordinates":[[-17.4792781,14.7202579],[-17.479012,14.7206061]],"type":"LineString"},"id":"465c75db-4059-4007-8a69-e511ec08eee2","properties":{"highway":"residential","layer":0,"sourceLayer":"transportation","sources":["OpenStreetMap"]},"type":"Feature"},{"geometry":{"coordinates":[[-17.4790189,14.7159448],[-17.4793882,14.7152084]],"type":"LineString"},"id":"46c0f073-ea38-4239-b8c0-0a6b54fead74","properties":{"highway":"residential","layer":0,"sourceLayer":"transportation","sources":["OpenStreetMap"]},"type":"Feature"},{"geometry":{"coordinates":[[-17.4776398,14.7208065],[-17.4775333,14.7209431]],"type":"LineString"},"id":"46e3e21e-f209-4989-92cc-d1fabe810458","properties":{"highway":"residential","layer":0,"sourceLayer":"transportation","sources":["OpenStreetMap"]},"type":"Feature"},{"geometry":{"coordinates":[[-17.4780797,14.7180937],[-17.4785445,14.7185111]],"type":"LineString"},"id":"47512d07-1e92-4dae-9695-8c70131cc12c","properties":{"highway":"tertiary","layer":0,"sourceLayer":"transportation","sources":["OpenStreetMap"]},"type":"Feature"},{"geometry":{"coordinates":[[-17.4728617,14.7184596],[-17.4722963,14.7178658]],"type":"LineString"},"id":"475f506b-c9e0-402f-81a6-4a0c34ec46c9","properties":{"highway":"unclassified","layer":0,"sourceLayer":"transportation","sources":["OpenStreetMap"]},"type":"Feature"},{"geometry":{"coordinates":[[-17.4778156,14.7188083],[-17.4779237,14.7184927]],"type":"LineString"},"id":"48642fe4-aaad-41f8-82b7-417856332dff","properties":{"highway":"residential","layer":0,"sourceLayer":"transportation","sources":["OpenStreetMap"]},"type":"Feature"},{"geometry":{"coordinates":[[-17.4775333,14.7209431],[-17.4775723,14.7210408],[-17.477596,14.72107]],"type":"LineString"},"id":"491c1498-d1a9-442a-ada0-81190cfaf845","properties":{"highway":"residential","layer":0,"sourceLayer":"transportation","sources":["OpenStreetMap"]},"type":"Feature"},{"geometry":{"coordinates":[[-17.4771566,14.712658],[-17.4774328,14.7144386],[-17.4775719,14.7154426]],"type":"LineString"},"id":"49dae0d9-6c07-4736-ab30-531675a014b3","properties":{"highway":"service","layer":0,"sourceLayer":"transportation","sources":["OpenStreetMap"]},"type":"Feature"},{"geometry":{"coordinates":[[-17.4730012,14.7181677],[-17.4732372,14.7184194],[-17.4734272,14.7190685]],"type":"LineString"},"id":"4a2f97a2-67d2-4f3e-bb7c-63a39a74a267","properties":{"highway":"residential","layer":0,"sourceLayer":"transportation","sources":["OpenStreetMap"]},"type":"Feature"},{"geometry":{"coordinates":[[-17.4779237,14.7184927],[-17.4780797,14.7180937]],"type":"LineString"},"id":"4a6d1b90-d5e5-4f7d-a64e-d8c43918aad3","properties":{"highway":"residential","layer":0,"sourceLayer":"transportation","sources":["OpenStreetMap"]},"type":"Feature"},{"geometry":{"coordinates":[[-17.4785051,14.7159485],[-17.4782515,14.7159503]],"type":"LineString"},"id":"4a70832e-fed6-4234-a7e2-4e4245c43794","properties":{"highway":"residential","layer":0,"sourceLayer":"transportation","sources":["OpenStreetMap"]},"type":"Feature"},{"geometry":{"coordinates":[[-17.4714711,14.7132612],[-17.4714583,14.7133875],[-17.4713939,14.7139064]],"type":"LineString"},"id":"4ab2fec1-667a-4886-84ee-14a83bdc7160","properties":{"highway":"unclassified","layer":0,"sourceLayer":"transportation","sources":["OpenStreetMap"]},"type":"Feature"},{"geometry":{"coordinates":[[-17.4730133,14.7203477],[-17.472914,14.7200058]],"type":"LineString"},"id":"4b46454a-da0d-4cca-a986-b0576839f8f5","properties":{"highway":"residential","layer":0,"sourceLayer":"transportation","sources":["OpenStreetMap"]},"type":"Feature"},{"geometry":{"coordinates":[[-17.4723233,14.7149401],[-17.4723076,14.7148848],[-17.472275,14.7148369]],"type":"LineString"},"id":"4c21df95-7d6c-4471-9f4c-fa50ca6ae7e8","properties":{"highway":"primary","layer":0,"sourceLayer":"transportation","sources":["OpenStreetMap"]},"type":"Feature"},{"geometry":{"coordinates":[[-17.478273,14.7199939],[-17.4776398,14.7208065]],"type":"LineString"},"id":"4d053604-af53-42c4-b438-2790a5f4fbb0","properties":{"highway":"residential","layer":0,"sourceLayer":"transportation","sources":["OpenStreetMap"]},"type":"Feature"},{"geometry":{"coordinates":[[-17.476851,14.7141572],[-17.4769032,14.714502]],"type":"LineString"},"id":"4d3f3221-9f89-4855-914e-2dae25426797","properties":{"highway":"tertiary","layer":0,"sourceLayer":"transportation","sources":["OpenStreetMap"]},"type":"Feature"},{"geometry":{"coordinates":[[-17.479012,14.7206061],[-17.4787186,14.7203593]],"type":"LineString"},"id":"4d4fb88c-e5a7-4f32-a872-18f897dcd4ed","properties":{"highway":"residential","layer":0,"sourceLayer":"transportation","sources":["OpenStreetMap"]},"type":"Feature"},{"geometry":{"coordinates":[[-17.4722606,14.7178283],[-17.4720108,14.7175244],[-17.4719709,14.7174822],[-17.4719524,14.7174689],[-17.4719258,14.7174553]],"type":"LineString"},"id":"4e731c0e-c120-4b8c-abe6-dbe9dd26b0b6","properties":{"highway":"unclassified","layer":0,"sourceLayer":"transportation","sources":["OpenStreetMap"]},"type":"Feature"},{"geometry":{"coordinates":[[-17.4722232,14.7187897],[-17.4717689,14.7190313]],"type":"LineString"},"id":"4f278fa3-7136-412e-8809-c444af767bb1","properties":{"highway":"residential","layer":0,"sourceLayer":"transportation","sources":["OpenStreetMap"]},"type":"Feature"},{"geometry":{"coordinates":[[-17.4730133,14.7203477],[-17.4721003,14.7202913]],"type":"LineString"},"id":"4fa70bce-7890-4d3e-ac1f-f2be69ad4b61","properties":{"highway":"residential","layer":0,"sourceLayer":"transportation","sources":["OpenStreetMap"]},"type":"Feature"},{"geometry":{"coordinates":[[-17.4727034,14.7217707],[-17.4727543,14.7210809]],"type":"LineString"},"id":"5038bdef-050d-445c-a2e0-159c86625092","properties":{"highway":"residential","layer":0,"sourceLayer":"transportation","sources":["OpenStreetMap"]},"type":"Feature"},{"geometry":{"coordinates":[[-17.4783214,14.7167488],[-17.4782875,14.7163607]],"type":"LineString"},"id":"508391ca-cf0d-4b5d-aa64-184f317296d6","properties":{"highway":"residential","layer":0,"sourceLayer":"transportation","sources":["OpenStreetMap"]},"type":"Feature"},{"geometry":{"coordinates":[[-17.4779533,14.7216736],[-17.477783,14.7217681]],"type":"LineString"},"id":"50bc8b83-a85b-4e85-b0dc-2d4258bc5e89","properties":{"highway":"residential","layer":0,"sourceLayer":"transportation","sources":["OpenStreetMap"]},"type":"Feature"},{"geometry":{"coordinates":[[-17.4765057,14.7159994],[-17.4765412,14.7163253]],"type":"LineString"},"id":"517c9548-6c1e-430f-8d94-7d64e59159d5","properties":{"highway":"residential","layer":0,"sourceLayer":"transportation","sources":["OpenStreetMap"]},"type":"Feature"},{"geometry":{"coordinates":[[-17.4714503,14.7159098],[-17.4712832,14.7158965],[-17.4712484,14.7159004],[-17.4712356,14.7159027],[-17.4712242,14.7159173],[-17.4712255,14.7159471],[-17.4712105,14.7163497],[-17.4711404,14.7172702],[-17.4711297,14.7174245],[-17.4711136,14.7175477],[-17.4710071,14.7181485],[-17.4710015,14.7182248],[-17.4709989,14.7182852],[-17.4709809,14.7184248]],"type":"LineString"},"id":"517fbaa9-b2c2-4f00-9c13-39ae2f10616e","properties":{"highway":"service","layer":0,"sourceLayer":"transportation","sources":["OpenStreetMap"]},"type":"Feature"},{"geometry":{"coordinates":[[-17.4722232,14.7187897],[-17.4721992,14.7187281],[-17.4721935,14.7186931],[-17.4721922,14.7186599],[-17.4722311,14.7181829]],"type":"LineString"},"id":"53cf1d12-dcec-4afb-ab81-7d26b8659a02","properties":{"highway":"residential","layer":0,"sourceLayer":"transportation","sources":["OpenStreetMap"]},"type":"Feature"},{"geometry":{"coordinates":[[-17.4773417,14.7185698],[-17.4769809,14.7190692]],"type":"LineString"},"id":"5481079f-3c5d-41a7-bdf9-03a2138e640c","properties":{"highway":"residential","layer":0,"sourceLayer":"transportation","sources":["OpenStreetMap"]},"type":"Feature"},{"geometry":{"coordinates":[[-17.4780893,14.7171493],[-17.4783515,14.7170925]],"type":"LineString"},"id":"54fbd830-0770-4c6a-aa56-1448ee3896d6","properties":{"highway":"residential","layer":0,"sourceLayer":"transportation","sources":["OpenStreetMap"]},"type":"Feature"},{"geometry":{"coordinates":[[-17.4788592,14.7153102],[-17.4785051,14.7159485]],"type":"LineString"},"id":"55283162-ba36-4be9-9de2-7604b6f5b0df","properties":{"highway":"residential","layer":0,"sourceLayer":"transportation","sources":["OpenStreetMap"]},"type":"Feature"},{"geometry":{"coordinates":[[-17.4755607,14.7154446],[-17.4756229,14.715938],[-17.4757317,14.716811],[-17.4758091,14.717437]],"type":"LineString"},"id":"557000fe-d993-43e4-aa55-7e500aab79a6","properties":{"highway":"service","layer":0,"sourceLayer":"transportation","sources":["OpenStreetMap"]},"type":"Feature"},{"geometry":{"coordinates":[[-17.4777603,14.720259],[-17.4775711,14.7205077]],"type":"LineString"},"id":"5572b1bd-dbe5-4cb5-beda-81b49deca727","properties":{"highway":"residential","layer":0,"sourceLayer":"transportation","sources":["OpenStreetMap"]},"type":"Feature"},{"geometry":{"coordinates":[[-17.4790455,14.7163625],[-17.4794748,14.7160911]],"type":"LineString"},"id":"56fa2bf5-72e6-45b0-8c18-e62c9b47d39b","properties":{"highway":"residential","layer":0,"sourceLayer":"transportation","sources":["OpenStreetMap"]},"type":"Feature"},{"geometry":{"coordinates":[[-17.4769166,14.7218581],[-17.4769115,14.721512],[-17.4769152,14.7214815],[-17.4769278,14.7214645],[-17.4769577,14.7214447],[-17.4774778,14.7211878]],"type":"LineString"},"id":"5792ecf4-e549-4a55-8713-7e9f43d3a048","properties":{"highway":"residential","layer":0,"sourceLayer":"transportation","sources":["OpenStreetMap"]},"type":"Feature"},{"geometry":{"coordinates":[[-17.4721371,14.7147774],[-17.4720673,14.7147341],[-17.472021,14.7146882],[-17.471972,14.7146111],[-17.4719437,14.7145313],[-17.4719169,14.7144242],[-17.471911,14.7143069],[-17.471911,14.7141966],[-17.4719183,14.7140701],[-17.4719501,14.71378],[-17.4719605,14.7136301],[-17.47197,14.7134229],[-17.4719773,14.7131333],[-17.4719732,14.7128904],[-17.4719653,14.7126173],[-17.4719525,14.712465],[-17.4719249,14.7122542],[-17.4718923,14.7120058],[-17.47185,14.7117996],[-17.4717512,14.7115085]],"type":"LineString"},"id":"5ade41a0-5764-4b56-9db6-aed4b164abe7","properties":{"highway":"trunk","layer":0,"sourceLayer":"transportation","sources":["OpenStreetMap"]},"type":"Feature"},{"geometry":{"coordinates":[[-17.4759235,14.714017],[-17.4759449,14.7142985]],"type":"LineString"},"id":"5d424cbe-9678-4c5c-9a74-eb2675852993","properties":{"highway":"residential","layer":0,"sourceLayer":"transportation","sources":["OpenStreetMap"]},"type":"Feature"},{"geometry":{"coordinates":[[-17.472216,14.7151255],[-17.4722555,14.7151013],[-17.4722877,14.7150685],[-17.4723105,14.715029],[-17.4723226,14.7149854]],"type":"LineString"},"id":"5f3a16c3-d2a0-4a77-9c02-63b2638c3363","properties":{"highway":"primary","layer":0,"sourceLayer":"transportation","sources":["OpenStreetMap"]},"type":"Feature"},{"geometry":{"coordinates":[[-17.4731348,14.7133677],[-17.4730589,14.7140689],[-17.4730635,14.7141746],[-17.4730875,14.7142759]],"type":"LineString"},"id":"5f6b0e76-e7c0-4450-8cf6-b9ef83049abd","properties":{"highway":"residential","layer":0,"sourceLayer":"transportation","sources":["OpenStreetMap"]},"type":"Feature"},{"geometry":{"coordinates":[[-17.4785445,14.7185111],[-17.4788605,14.718758]],"type":"LineString"},"id":"5ff76cd7-f22e-4797-b0c3-b4c20a1c5be1","properties":{"highway":"tertiary","layer":0,"sourceLayer":"transportation","sources":["OpenStreetMap"]},"type":"Feature"},{"geometry":{"coordinates":[[-17.4762737,14.7146156],[-17.4759786,14.7146688]],"type":"LineString"},"id":"61b4df27-e611-4e68-925d-b7150c4e7778","properties":{"highway":"residential","layer":0,"sourceLayer":"transportation","sources":["OpenStreetMap"]},"type":"Feature"},{"geometry":{"coordinates":[[-17.4722111,14.7158962],[-17.4721574,14.7155889],[-17.472087,14.7154131]],"type":"LineString"},"id":"6292452e-5b41-422b-87b1-4d0be111010f","properties":{"highway":"service","layer":0,"sourceLayer":"transportation","sources":["OpenStreetMap"]},"type":"Feature"},{"geometry":{"coordinates":[[-17.4735954,14.7196434],[-17.473289,14.7197342]],"type":"LineString"},"id":"63ba8304-5226-4a5f-a7f7-2844737849d9","properties":{"highway":"residential","layer":0,"sourceLayer":"transportation","sources":["OpenStreetMap"]},"type":"Feature"},{"geometry":{"coordinates":[[-17.4768609,14.725172],[-17.4766578,14.7236145],[-17.47648,14.7222172],[-17.4762708,14.7206736],[-17.4761334,14.7197034],[-17.4758765,14.7179874],[-17.475843,14.7177261],[-17.4758336,14.7175678],[-17.4758091,14.717437]],"type":"LineString"},"id":"63ceee62-e4ff-4c08-a00f-a154e3b7807d","properties":{"highway":"service","layer":0,"sourceLayer":"transportation","sources":["OpenStreetMap"]},"type":"Feature"},{"geometry":{"coordinates":[[-17.475102,14.7141766],[-17.475096,14.7142284],[-17.475098,14.7142615],[-17.4751164,14.7142913],[-17.4752135,14.7143982],[-17.4752745,14.7144432],[-17.4753069,14.7144672],[-17.4753296,14.714484],[-17.4756204,14.7146617],[-17.4757037,14.7146818],[-17.4757882,14.7146965],[-17.4759786,14.7146688]],"type":"LineString"},"id":"63f58613-fa3b-4509-a793-d8c5512cca25","properties":{"highway":"service","layer":0,"sourceLayer":"transportation","sources":["OpenStreetMap"]},"type":"Feature"},{"geometry":{"coordinates":[[-17.4721165,14.7199609],[-17.4722232,14.7187897]],"type":"LineString"},"id":"6405f7f8-014a-4641-a7cb-59c814098d0b","properties":{"highway":"residential","layer":0,"sourceLayer":"transportation","sources":["OpenStreetMap"]},"type":"Feature"},{"geometry":{"coordinates":[[-17.4723233,14.7149401],[-17.4723748,14.714904],[-17.4724175,14.7148776],[-17.4725505,14.7148003],[-17.4727603,14.7146878],[-17.4729735,14.7145717],[-17.4732727,14.714412]],"type":"LineString"},"id":"65c67254-9258-43bc-ad24-dfb19e6ccbd2","properties":{"highway":"primary","layer":0,"sourceLayer":"transportation","sources":["OpenStreetMap"]},"type":"Feature"},{"geometry":{"coordinates":[[-17.4773427,14.7180261],[-17.477443,14.7181048],[-17.4774838,14.7181373],[-17.477508,14.7181853],[-17.477518,14.7182884],[-17.4775415,14.7183266],[-17.477571,14.7183584],[-17.4779237,14.7184927]],"type":"LineString"},"id":"664da656-549c-4f45-8f00-f870a4e87309","properties":{"highway":"residential","layer":0,"sourceLayer":"transportation","sources":["OpenStreetMap"]},"type":"Feature"},{"geometry":{"coordinates":[[-17.4766157,14.7170079],[-17.4772112,14.7169561]],"type":"LineString"},"id":"665b53e4-7a9d-4f3a-a5a5-d5202e904c5d","properties":{"highway":"residential","layer":0,"sourceLayer":"transportation","sources":["OpenStreetMap"]},"type":"Feature"},{"geometry":{"coordinates":[[-17.4764023,14.7152963],[-17.4764653,14.7156295]],"type":"LineString"},"id":"66a0d135-10e5-4b91-bef0-debbdbfd1581","properties":{"highway":"residential","layer":0,"sourceLayer":"transportation","sources":["OpenStreetMap"]},"type":"Feature"},{"geometry":{"coordinates":[[-17.4783602,14.7195855],[-17.4785033,14.7196984]],"type":"LineString"},"id":"67991a97-e268-4dfb-81fc-45861ad7e4e5","properties":{"highway":"residential","layer":0,"sourceLayer":"transportation","sources":["OpenStreetMap"]},"type":"Feature"},{"geometry":{"coordinates":[[-17.4718171,14.7174767],[-17.4718325,14.7174962],[-17.471855,14.7175073],[-17.4718803,14.7175079]],"type":"LineString"},"id":"6852d852-d6ca-4a83-9c51-0ffb62b50951","properties":{"highway":"unclassified","layer":0,"sourceLayer":"transportation","sources":["OpenStreetMap"]},"type":"Feature"},{"geometry":{"coordinates":[[-17.4785167,14.7196812],[-17.4787495,14.7198627]],"type":"LineString"},"id":"690e6882-4d2d-472c-8111-8dc3970bc561","properties":{"highway":"residential","layer":0,"sourceLayer":"transportation","sources":["OpenStreetMap"]},"type":"Feature"},{"geometry":{"coordinates":[[-17.4784575,14.7201503],[-17.478273,14.7199939]],"type":"LineString"},"id":"6a188e8b-dc3e-4b41-b9c7-ec683c0f36d8","properties":{"highway":"residential","layer":0,"sourceLayer":"transportation","sources":["OpenStreetMap"]},"type":"Feature"},{"geometry":{"coordinates":[[-17.479012,14.7206061],[-17.4789654,14.7206676],[-17.4789119,14.7207205],[-17.4787613,14.7208067]],"type":"LineString"},"id":"6aa82cad-b789-443d-97c2-7ad9bc69899e","properties":{"highway":"residential","layer":0,"sourceLayer":"transportation","sources":["OpenStreetMap"]},"type":"Feature"},{"geometry":{"coordinates":[[-17.4771707,14.7196347],[-17.4773665,14.7198901],[-17.4775603,14.7200841],[-17.4777603,14.720259]],"type":"LineString"},"id":"6ae355d3-b8d7-4c1d-b96e-d54de7908ff8","properties":{"highway":"residential","layer":0,"sourceLayer":"transportation","sources":["OpenStreetMap"]},"type":"Feature"},{"geometry":{"coordinates":[[-17.4783214,14.7167488],[-17.4780311,14.716803]],"type":"LineString"},"id":"6be3b1f3-3d6f-4b57-8078-03f4d3114edb","properties":{"highway":"residential","layer":0,"sourceLayer":"transportation","sources":["OpenStreetMap"]},"type":"Feature"},{"geometry":{"coordinates":[[-17.470276,14.7141232],[-17.4705838,14.7139054],[-17.4706471,14.7138816],[-17.4707153,14.7138801],[-17.47123,14.7139],[-17.4713939,14.7139064]],"type":"LineString"},"id":"6c54220f-83e3-46a1-bab1-da17c15407c4","properties":{"highway":"residential","layer":0,"sourceLayer":"transportation","sources":["OpenStreetMap"]},"type":"Feature"},{"geometry":{"coordinates":[[-17.4731465,14.7211085],[-17.4731459,14.7211681],[-17.4731285,14.7218003]],"type":"LineString"},"id":"6d18946f-a85e-4dd6-8bfb-6e082f844ddb","properties":{"highway":"residential","layer":0,"sourceLayer":"transportation","sources":["OpenStreetMap"]},"type":"Feature"},{"geometry":{"coordinates":[[-17.472914,14.7200058],[-17.4725162,14.7199841]],"type":"LineString"},"id":"6d84702f-c853-4e99-ae60-381a1bdb42fc","properties":{"highway":"residential","layer":0,"sourceLayer":"transportation","sources":["OpenStreetMap"]},"type":"Feature"},{"geometry":{"coordinates":[[-17.4791495,14.7124463],[-17.4794283,14.7124078],[-17.4796102,14.7123648],[-17.4798809,14.7123007],[-17.4803919,14.7121307],[-17.4806515,14.712022],[-17.4809794,14.7118884],[-17.4810156,14.7118858],[-17.4810344,14.711904],[-17.4810679,14.7119844],[-17.4810572,14.7120129],[-17.4810156,14.7120454],[-17.4809526,14.7121011],[-17.4808936,14.7121465],[-17.4808359,14.7121803],[-17.4801492,14.7125292],[-17.4799405,14.7128039],[-17.4798193,14.7130092],[-17.479421,14.7135915],[-17.4792503,14.7139023],[-17.4791917,14.7139872],[-17.479119,14.7140634],[-17.4789993,14.7141402],[-17.4788458,14.7142108]],"type":"LineString"},"id":"6da6a37a-bf5c-494e-8845-bec05f63bdf3","properties":{"highway":"service","layer":0,"sourceLayer":"transportation","sources":["OpenStreetMap"]},"type":"Feature"},{"geometry":{"coordinates":[[-17.4789877,14.715131],[-17.4789403,14.7150553],[-17.4789113,14.7149838],[-17.4788307,14.7145477],[-17.4788382,14.714444],[-17.4788564,14.7143581],[-17.4788591,14.7142861],[-17.4788458,14.7142108]],"type":"LineString"},"id":"6ef2752c-dc0f-4f5d-90b4-3bba9af4b259","properties":{"highway":"service","layer":0,"sourceLayer":"transportation","sources":["OpenStreetMap"]},"type":"Feature"},{"geometry":{"coordinates":[[-17.4766116,14.7180615],[-17.4770683,14.71838]],"type":"LineString"},"id":"6fa86a85-117e-4fd8-9a3f-e9cd003c04c4","properties":{"highway":"residential","layer":0,"sourceLayer":"transportation","sources":["OpenStreetMap"]},"type":"Feature"},{"geometry":{"coordinates":[[-17.4737234,14.7211491],[-17.4732287,14.7211143]],"type":"LineString"},"id":"6fcfa924-f8b4-4b91-ac43-477a26d8d476","properties":{"highway":"residential","layer":0,"sourceLayer":"transportation","sources":["OpenStreetMap"]},"type":"Feature"},{"geometry":{"coordinates":[[-17.4778752,14.715953],[-17.4774998,14.7159557]],"type":"LineString"},"id":"70350e3e-a1c5-40ba-be29-0502ea256e43","properties":{"highway":"residential","layer":0,"sourceLayer":"transportation","sources":["OpenStreetMap"]},"type":"Feature"},{"geometry":{"coordinates":[[-17.4764653,14.7156295],[-17.4770856,14.7155811]],"type":"LineString"},"id":"718f3d4f-bf86-46d3-9232-53cef247569a","properties":{"highway":"residential","layer":0,"sourceLayer":"transportation","sources":["OpenStreetMap"]},"type":"Feature"},{"geometry":{"coordinates":[[-17.4743163,14.7178777],[-17.4743052,14.7176837],[-17.4742893,14.7175892],[-17.4742611,14.7174886],[-17.474227,14.7173934],[-17.474178,14.7173056],[-17.4741264,14.7172195]],"type":"LineString"},"id":"720fc575-2d71-4c42-a9b3-fd65d8c1413d","properties":{"highway":"service","layer":0,"sourceLayer":"transportation","sources":["OpenStreetMap"]},"type":"Feature"},{"geometry":{"coordinates":[[-17.4725162,14.7199841],[-17.4725923,14.7188981]],"type":"LineString"},"id":"72216808-0cdf-4bfa-97ae-5b77d7baf9f1","properties":{"highway":"residential","layer":0,"sourceLayer":"transportation","sources":["OpenStreetMap"]},"type":"Feature"},{"geometry":{"coordinates":[[-17.4713939,14.7139064],[-17.4713569,14.7144366],[-17.4713481,14.7145628]],"type":"LineString"},"id":"72487642-de98-4328-a50c-4dcc5d976696","properties":{"highway":"unclassified","layer":0,"sourceLayer":"transportation","sources":["OpenStreetMap"]},"type":"Feature"},{"geometry":{"coordinates":[[-17.4738989,14.7164664],[-17.4736313,14.7161771],[-17.4735998,14.7161025],[-17.4735871,14.7160254],[-17.4735864,14.715963]],"type":"LineString"},"id":"734abc6c-1d01-415a-b8d6-9809f3b37bc7","properties":{"highway":"service","layer":0,"sourceLayer":"transportation","sources":["OpenStreetMap"]},"type":"Feature"},{"geometry":{"coordinates":[[-17.4772112,14.7169561],[-17.4772391,14.7172209],[-17.4772622,14.7173168]],"type":"LineString"},"id":"73bb54cb-d19a-492f-a82d-1450c0d834e6","properties":{"highway":"tertiary","layer":0,"sourceLayer":"transportation","sources":["OpenStreetMap"]},"type":"Feature"},{"geometry":{"coordinates":[[-17.4718803,14.7175079],[-17.4719034,14.7174978],[-17.4719196,14.717479],[-17.4719258,14.7174553]],"type":"LineString"},"id":"746b588b-f7a1-45bd-a95b-580876acf22b","properties":{"highway":"unclassified","layer":0,"sourceLayer":"transportation","sources":["OpenStreetMap"]},"type":"Feature"},{"geometry":{"coordinates":[[-17.4782515,14.7159503],[-17.4782174,14.7155602]],"type":"LineString"},"id":"76ddb59b-c850-4929-9ebf-5efd182d6e23","properties":{"highway":"residential","layer":0,"sourceLayer":"transportation","sources":["OpenStreetMap"]},"type":"Feature"},{"geometry":{"coordinates":[[-17.4727187,14.7173225],[-17.4727826,14.7172786],[-17.4728865,14.7172008],[-17.4730238,14.7171156],[-17.473123,14.7170598],[-17.4732225,14.7169995],[-17.473286,14.7169664],[-17.4734389,14.7168671],[-17.4735067,14.7168108],[-17.4737158,14.7166512],[-17.473815,14.7165552],[-17.4738989,14.7164664]],"type":"LineString"},"id":"78960438-5924-4fab-b5bb-747fcf3db0f5","properties":{"highway":"service","layer":0,"sourceLayer":"transportation","sources":["OpenStreetMap"]},"type":"Feature"},{"geometry":{"coordinates":[[-17.4786581,14.7208521],[-17.478479,14.7208877]],"type":"LineString"},"id":"790fe6f4-acd9-440e-bded-e509551f0832","properties":{"highway":"residential","layer":0,"sourceLayer":"transportation","sources":["OpenStreetMap"]},"type":"Feature"},{"geometry":{"coordinates":[[-17.4726002,14.7160535],[-17.4722446,14.7160921]],"type":"LineString"},"id":"7941c50b-3006-462b-8c31-747333c866e0","properties":{"highway":"service","layer":0,"sourceLayer":"transportation","sources":["OpenStreetMap"]},"type":"Feature"},{"geometry":{"coordinates":[[-17.4738365,14.7215308],[-17.4737234,14.7211491]],"type":"LineString"},"id":"7950e2de-fa06-462c-969b-66b135447da1","properties":{"highway":"unclassified","layer":0,"sourceLayer":"transportation","sources":["OpenStreetMap"]},"type":"Feature"},{"geometry":{"coordinates":[[-17.4727034,14.7217707],[-17.4731285,14.7218003]],"type":"LineString"},"id":"79e30719-f452-43ec-885c-5e5740b8981b","properties":{"highway":"residential","layer":0,"sourceLayer":"transportation","sources":["OpenStreetMap"]},"type":"Feature"},{"geometry":{"coordinates":[[-17.47466,14.715973],[-17.4744952,14.7157149],[-17.4744771,14.715676],[-17.4744691,14.7156366],[-17.4744827,14.7154288],[-17.4744771,14.7153608],[-17.4744549,14.7153024],[-17.4744242,14.7152541],[-17.4743745,14.715211],[-17.4743105,14.7151927],[-17.4742029,14.7151382],[-17.4739263,14.7150246]],"type":"LineString"},"id":"7a3a1bbe-e692-4923-8b27-b87eaf687adf","properties":{"highway":"service","layer":0,"sourceLayer":"transportation","sources":["OpenStreetMap"]},"type":"Feature"},{"geometry":{"coordinates":[[-17.4770856,14.7155811],[-17.4771064,14.7159585]],"type":"LineString"},"id":"7bfeca51-c4eb-48d1-aaf1-fa70e6caf608","properties":{"highway":"tertiary","layer":0,"sourceLayer":"transportation","sources":["OpenStreetMap"]},"type":"Feature"},{"geometry":{"coordinates":[[-17.4709181,14.7155323],[-17.4709292,14.7154354],[-17.4709473,14.7154146],[-17.4709895,14.7153757],[-17.471015,14.7153297],[-17.4710693,14.7152648],[-17.4711129,14.7152233],[-17.471192,14.7151935],[-17.4712685,14.7151721],[-17.4713114,14.7151844],[-17.4714421,14.7152622],[-17.4715105,14.7152661],[-17.4715561,14.7152538],[-17.4718452,14.7150878],[-17.4718867,14.7149743],[-17.4719055,14.7148809],[-17.4719632,14.7147927],[-17.4720673,14.7147341],[-17.472208,14.7146728]],"type":"LineString"},"id":"7d1f4ad9-d8a7-4650-ab25-3351fd6709e3","properties":{"highway":"footway","layer":0,"sourceLayer":"transportation","sources":["OpenStreetMap"]},"type":"Feature"},{"geometry":{"coordinates":[[-17.4775807,14.7168871],[-17.4772112,14.7169561]],"type":"LineString"},"id":"7d3fc2c6-01a7-4886-bfd6-0e53ba894607","properties":{"highway":"residential","layer":0,"sourceLayer":"transportation","sources":["OpenStreetMap"]},"type":"Feature"},{"geometry":{"coordinates":[[-17.4733143,14.7151306],[-17.4730968,14.7152607],[-17.4730697,14.7152957],[-17.4730749,14.715342],[-17.4731794,14.7155759],[-17.4732585,14.7156978],[-17.4734002,14.7158492],[-17.4735086,14.7159345],[-17.4735864,14.715963]],"type":"LineString"},"id":"7d6bbc83-85a3-4ded-9138-b345b5626ba8","properties":{"highway":"service","layer":0,"sourceLayer":"transportation","sources":["OpenStreetMap"]},"type":"Feature"},{"geometry":{"coordinates":[[-17.4765412,14.7163253],[-17.4771398,14.7162768]],"type":"LineString"},"id":"7faeb96e-2235-495a-a0b8-3cbf461ed4b1","properties":{"highway":"residential","layer":0,"sourceLayer":"transportation","sources":["OpenStreetMap"]},"type":"Feature"},{"geometry":{"coordinates":[[-17.4725169,14.7186385],[-17.4722232,14.7187897]],"type":"LineString"},"id":"7fc9510f-804c-4daf-a3a2-d9ee72052b64","properties":{"highway":"residential","layer":0,"sourceLayer":"transportation","sources":["OpenStreetMap"]},"type":"Feature"},{"geometry":{"coordinates":[[-17.4765793,14.7166746],[-17.4766157,14.7170079]],"type":"LineString"},"id":"7ffc6bd6-2345-49cc-bc0c-549c19d8df9d","properties":{"highway":"residential","layer":0,"sourceLayer":"transportation","sources":["OpenStreetMap"]},"type":"Feature"},{"geometry":{"coordinates":[[-17.4751108,14.7134311],[-17.4752472,14.7136493],[-17.4754194,14.713948],[-17.4754239,14.7139781],[-17.4754055,14.7140039],[-17.475102,14.7141766]],"type":"LineString"},"id":"7ffdd212-701c-44fc-9595-fd4dc796f8d1","properties":{"highway":"service","layer":0,"sourceLayer":"transportation","sources":["OpenStreetMap"]},"type":"Feature"},{"geometry":{"coordinates":[[-17.4778752,14.715953],[-17.4779526,14.7168177]],"type":"LineString"},"id":"816af5f7-96e0-45c0-aba3-c0636066a10d","properties":{"highway":"residential","layer":0,"sourceLayer":"transportation","sources":["OpenStreetMap"]},"type":"Feature"},{"geometry":{"coordinates":[[-17.4778156,14.7188083],[-17.4780872,14.7189219]],"type":"LineString"},"id":"82eecf93-0b23-403a-bc48-60749d58f821","properties":{"highway":"residential","layer":0,"sourceLayer":"transportation","sources":["OpenStreetMap"]},"type":"Feature"},{"geometry":{"coordinates":[[-17.4731104,14.7166645],[-17.4728858,14.716728],[-17.4726659,14.7167987],[-17.4724388,14.7168893]],"type":"LineString"},"id":"83539b28-5552-4f96-a314-ce097a603023","properties":{"highway":"service","layer":0,"sourceLayer":"transportation","sources":["OpenStreetMap"]},"type":"Feature"},{"geometry":{"coordinates":[[-17.4793199,14.7216842],[-17.4786581,14.7208521]],"type":"LineString"},"id":"835472ad-f03e-417b-81d1-017d2337290e","properties":{"highway":"residential","layer":0,"sourceLayer":"transportation","sources":["OpenStreetMap"]},"type":"Feature"},{"geometry":{"coordinates":[[-17.4732287,14.7211143],[-17.4731465,14.7211085]],"type":"LineString"},"id":"839cc5a0-1cb7-4060-a24e-21f9b303077b","properties":{"highway":"residential","layer":0,"sourceLayer":"transportation","sources":["OpenStreetMap"]},"type":"Feature"},{"geometry":{"coordinates":[[-17.4787703,14.7193558],[-17.4791429,14.7196356]],"type":"LineString"},"id":"848742e4-ec4e-4e47-ba36-01fe54f069e5","properties":{"highway":"residential","layer":0,"sourceLayer":"transportation","sources":["OpenStreetMap"]},"type":"Feature"},{"geometry":{"coordinates":[[-17.4720596,14.7126378],[-17.4720556,14.7134004],[-17.4720301,14.7140474],[-17.4720078,14.7143369],[-17.4720108,14.7144321],[-17.4720349,14.71453],[-17.4720737,14.7146023],[-17.4721281,14.7146454],[-17.472208,14.7146728],[-17.472287,14.7146779],[-17.4723566,14.714664],[-17.4724312,14.7146364],[-17.4725413,14.7145742]],"type":"LineString"},"id":"84af2e22-90d6-4990-bc05-47a75fbc5776","properties":{"highway":"unclassified","layer":0,"sourceLayer":"transportation","sources":["OpenStreetMap"]},"type":"Feature"},{"geometry":{"coordinates":[[-17.4784919,14.720178],[-17.4784575,14.7201503]],"type":"LineString"},"id":"84b29636-bf93-4d70-bce2-729ea0e80cd5","properties":{"highway":"residential","layer":0,"sourceLayer":"transportation","sources":["OpenStreetMap"]},"type":"Feature"},{"geometry":{"coordinates":[[-17.4765793,14.7166746],[-17.4760575,14.7167161]],"type":"LineString"},"id":"84f93f3a-2016-47ad-ab73-694a6b7eed48","properties":{"highway":"residential","layer":0,"sourceLayer":"transportation","sources":["OpenStreetMap"]},"type":"Feature"},{"geometry":{"coordinates":[[-17.477783,14.7217681],[-17.4776364,14.7214847]],"type":"LineString"},"id":"853bb829-83d6-40e2-b4cd-859dc513d54d","properties":{"highway":"residential","layer":0,"sourceLayer":"transportation","sources":["OpenStreetMap"]},"type":"Feature"},{"geometry":{"coordinates":[[-17.4771455,14.7173269],[-17.4772622,14.7173168]],"type":"LineString"},"id":"85bdc2c7-882b-4215-bd45-e7d08d99e66f","properties":{"highway":"residential","layer":0,"sourceLayer":"transportation","sources":["OpenStreetMap"]},"type":"Feature"},{"geometry":{"coordinates":[[-17.4722963,14.7178658],[-17.4722606,14.7178283]],"type":"LineString"},"id":"86b554dc-63fd-4e72-a983-bb181705afff","properties":{"highway":"unclassified","layer":0,"sourceLayer":"transportation","sources":["OpenStreetMap"]},"type":"Feature"},{"geometry":{"coordinates":[[-17.4742174,14.7170531],[-17.474292,14.7171015],[-17.4743577,14.7171289],[-17.474468,14.7171346],[-17.4745772,14.7171384],[-17.4746058,14.7171554],[-17.474619,14.7171849],[-17.4746756,14.7173674],[-17.4747196,14.7174755],[-17.4747565,14.7175799],[-17.474772,14.717648],[-17.4747667,14.7177345],[-17.4747503,14.7177935],[-17.4747097,14.7178399],[-17.4746589,14.7178587],[-17.4745434,14.7178784],[-17.4744502,14.7178941],[-17.4743812,14.7178928],[-17.4743163,14.7178777],[-17.4742201,14.7178627],[-17.4741284,14.7178623],[-17.4740452,14.7178752],[-17.4739869,14.7178837],[-17.4739136,14.7178843],[-17.4738548,14.7178947],[-17.4737448,14.7179299],[-17.4736999,14.7179275],[-17.4736597,14.7179031],[-17.4735748,14.7178243],[-17.4735403,14.7177828],[-17.4735091,14.7177585],[-17.4734689,14.7177397],[-17.4734384,14.7177215],[-17.473374,14.7176748],[-17.473319,14.7176158],[-17.4732809,14.7175433]],"type":"LineString"},"id":"86e6c678-1b27-4213-b473-e7405ac879ac","properties":{"highway":"service","layer":0,"sourceLayer":"transportation","sources":["OpenStreetMap"]},"type":"Feature"},{"geometry":{"coordinates":[[-17.472275,14.7148369],[-17.4722147,14.7147942],[-17.4721371,14.7147774]],"type":"LineString"},"id":"87139e35-d473-4dce-aef2-680ae3dddb02","properties":{"highway":"primary","layer":0,"sourceLayer":"transportation","sources":["OpenStreetMap"]},"type":"Feature"},{"geometry":{"coordinates":[[-17.4773954,14.7193255],[-17.477449,14.7194629],[-17.4774661,14.719496],[-17.4774898,14.7195283],[-17.4776388,14.7196697]],"type":"LineString"},"id":"8719b19f-c5ee-4441-9ebb-ba3c98e806fc","properties":{"highway":"residential","layer":0,"sourceLayer":"transportation","sources":["OpenStreetMap"]},"type":"Feature"},{"geometry":{"coordinates":[[-17.4787186,14.7203593],[-17.4785304,14.72063]],"type":"LineString"},"id":"881df714-e0b5-410b-bdb4-a40205341d3f","properties":{"highway":"residential","layer":0,"sourceLayer":"transportation","sources":["OpenStreetMap"]},"type":"Feature"},{"geometry":{"coordinates":[[-17.4773417,14.7185698],[-17.4774905,14.7186723],[-17.4778156,14.7188083]],"type":"LineString"},"id":"88288940-7384-4424-8f97-fc13673199e6","properties":{"highway":"residential","layer":0,"sourceLayer":"transportation","sources":["OpenStreetMap"]},"type":"Feature"},{"geometry":{"coordinates":[[-17.4715499,14.7117408],[-17.471587,14.7119734],[-17.4716152,14.7121343],[-17.4716476,14.7123191],[-17.4716769,14.7125562],[-17.4716967,14.7127558],[-17.4717231,14.7130103],[-17.4717419,14.7132582],[-17.4717468,14.7134914],[-17.4717506,14.7137212],[-17.4717434,14.7139592],[-17.4717124,14.7145443],[-17.4716691,14.7150841],[-17.4716286,14.7156142],[-17.4716104,14.7158319],[-17.4715931,14.7160395],[-17.4715415,14.7164474],[-17.4714625,14.7168703],[-17.4713925,14.7171781],[-17.4712925,14.7175772],[-17.4712302,14.7178346],[-17.47119,14.7180173],[-17.4711552,14.7182217],[-17.471119,14.7184483],[-17.4711008,14.7185867],[-17.4710814,14.718754],[-17.4710535,14.7191237]],"type":"LineString"},"id":"885ca8a8-ebb8-4f91-b568-6983cc8e4cf2","properties":{"highway":"trunk","layer":0,"sourceLayer":"transportation","sources":["OpenStreetMap"]},"type":"Feature"},{"geometry":{"coordinates":[[-17.4766157,14.7170079],[-17.4766551,14.7173693]],"type":"LineString"},"id":"89ab35c3-815a-45d8-9817-c02c54a214ad","properties":{"highway":"residential","layer":0,"sourceLayer":"transportation","sources":["OpenStreetMap"]},"type":"Feature"},{"geometry":{"coordinates":[[-17.4770245,14.715202],[-17.4770856,14.7155811]],"type":"LineString"},"id":"8b02526c-79f7-4234-a4eb-84c842a29f62","properties":{"highway":"tertiary","layer":0,"sourceLayer":"transportation","sources":["OpenStreetMap"]},"type":"Feature"},{"geometry":{"coordinates":[[-17.479095,14.7189391],[-17.4787703,14.7193558]],"type":"LineString"},"id":"8bcf1bcc-2b29-4334-a590-57f65e84fe22","properties":{"highway":"residential","layer":0,"sourceLayer":"transportation","sources":["OpenStreetMap"]},"type":"Feature"},{"geometry":{"coordinates":[[-17.4725162,14.7199841],[-17.4721165,14.7199609]],"type":"LineString"},"id":"8be713f0-13b2-4520-ba60-32b6929a342b","properties":{"highway":"residential","layer":0,"sourceLayer":"transportation","sources":["OpenStreetMap"]},"type":"Feature"},{"geometry":{"coordinates":[[-17.4783515,14.7170925],[-17.4786821,14.7169731],[-17.479303,14.7166339],[-17.4796795,14.716314]],"type":"LineString"},"id":"8becad48-0dc1-4d5d-95d6-c5732514316a","properties":{"highway":"residential","layer":0,"sourceLayer":"transportation","sources":["OpenStreetMap"]},"type":"Feature"},{"geometry":{"coordinates":[[-17.4713191,14.7148597],[-17.4710627,14.7148436],[-17.4707884,14.7148264],[-17.470744,14.7148297],[-17.4707092,14.7148478],[-17.4704705,14.7151241],[-17.4704638,14.7151526],[-17.470469,14.7151801],[-17.470622,14.715448]],"type":"LineString"},"id":"8ca56303-a65d-4daf-a91d-f19cf448227e","properties":{"highway":"residential","layer":0,"sourceLayer":"transportation","sources":["OpenStreetMap"]},"type":"Feature"},{"geometry":{"coordinates":[[-17.4735559,14.7205528],[-17.473289,14.7197342]],"type":"LineString"},"id":"8d3451d5-e59a-4db7-9892-1595280690ca","properties":{"highway":"unclassified","layer":0,"sourceLayer":"transportation","sources":["OpenStreetMap"]},"type":"Feature"},{"geometry":{"coordinates":[[-17.4777022,14.7143941],[-17.4778383,14.715319],[-17.4778407,14.715343],[-17.4778367,14.7153668],[-17.4778258,14.7153899],[-17.4778088,14.7154092],[-17.4777805,14.7154261],[-17.477748,14.7154327],[-17.4775719,14.7154426],[-17.4774893,14.7154477],[-17.4774313,14.7154516],[-17.4773706,14.71545],[-17.4773012,14.7154227],[-17.4772456,14.7153743],[-17.4772102,14.7153105],[-17.4770163,14.7141542],[-17.4768259,14.7129058],[-17.4768325,14.7128529],[-17.4768567,14.7128051],[-17.4768959,14.7127677],[-17.4769456,14.7127449],[-17.477055,14.7127054]],"type":"LineString"},"id":"8dfa24ec-9fcd-4f2b-9af5-51abc634e17f","properties":{"highway":"service","layer":0,"sourceLayer":"transportation","sources":["OpenStreetMap"]},"type":"Feature"},{"geometry":{"coordinates":[[-17.4710374,14.7154346],[-17.4710419,14.7154699],[-17.4710533,14.7155037],[-17.471071,14.7155348],[-17.4710945,14.7155622]],"type":"LineString"},"id":"8ea31524-c37d-4ede-9358-8ac695261984","properties":{"highway":"primary","layer":0,"sourceLayer":"transportation","sources":["OpenStreetMap"]},"type":"Feature"},{"geometry":{"coordinates":[[-17.4759885,14.7160342],[-17.4765057,14.7159994]],"type":"LineString"},"id":"91aa3aac-765e-4da8-bc9f-cf6fbd1dfdc3","properties":{"highway":"residential","layer":0,"sourceLayer":"transportation","sources":["OpenStreetMap"]},"type":"Feature"},{"geometry":{"coordinates":[[-17.4722454,14.7153016],[-17.4723827,14.7152127],[-17.472525,14.7151206]],"type":"LineString"},"id":"91c14de5-7f53-4b80-a711-5d092e7a83fa","properties":{"highway":"unclassified","layer":0,"sourceLayer":"transportation","sources":["OpenStreetMap"]},"type":"Feature"},{"geometry":{"coordinates":[[-17.4719384,14.7220553],[-17.4719617,14.7217192]],"type":"LineString"},"id":"923fa3c0-40eb-4f5c-9154-082448668f8a","properties":{"highway":"residential","layer":0,"sourceLayer":"transportation","sources":["OpenStreetMap"]},"type":"Feature"},{"geometry":{"coordinates":[[-17.4760222,14.7163668],[-17.4759885,14.7160342]],"type":"LineString"},"id":"92b9d495-c484-417f-9a5f-a1abc8afbb3d","properties":{"highway":"residential","layer":0,"sourceLayer":"transportation","sources":["OpenStreetMap"]},"type":"Feature"},{"geometry":{"coordinates":[[-17.4720433,14.7151197],[-17.472092,14.715138],[-17.4721439,14.7151427]],"type":"LineString"},"id":"93763578-211d-4815-9ff8-9f6f1192a596","properties":{"highway":"primary","layer":0,"sourceLayer":"transportation","sources":["OpenStreetMap"]},"type":"Feature"},{"geometry":{"coordinates":[[-17.4714263,14.7154374],[-17.4714223,14.7153899],[-17.471406,14.7153449],[-17.4713786,14.7153052]],"type":"LineString"},"id":"94a67baf-8396-4ae4-b73d-14aec47dfc5e","properties":{"highway":"primary","layer":0,"sourceLayer":"transportation","sources":["OpenStreetMap"]},"type":"Feature"},{"geometry":{"coordinates":[[-17.4785304,14.72063],[-17.478322,14.7208993]],"type":"LineString"},"id":"94afdbfc-571b-41df-8ec1-c221834699fd","properties":{"highway":"residential","layer":0,"sourceLayer":"transportation","sources":["OpenStreetMap"]},"type":"Feature"},{"geometry":{"coordinates":[[-17.4730012,14.7181677],[-17.4725472,14.7177118],[-17.4725184,14.71768]],"type":"LineString"},"id":"95173411-c71a-48b5-af44-f44e04254ea0","properties":{"highway":"residential","layer":0,"sourceLayer":"transportation","sources":["OpenStreetMap"]},"type":"Feature"},{"geometry":{"coordinates":[[-17.4717689,14.7190313],[-17.4716342,14.7210021]],"type":"LineString"},"id":"95a1a972-8151-445e-9916-a47e2c5dda5d","properties":{"highway":"unclassified","layer":0,"sourceLayer":"transportation","sources":["OpenStreetMap"]},"type":"Feature"},{"geometry":{"coordinates":[[-17.4766484,14.7175102],[-17.4768711,14.7176714]],"type":"LineString"},"id":"9601a3b6-10d7-4c77-9ccf-e55b0f77240f","properties":{"highway":"residential","layer":0,"sourceLayer":"transportation","sources":["OpenStreetMap"]},"type":"Feature"},{"geometry":{"coordinates":[[-17.4725879,14.7221074],[-17.472598,14.7219458],[-17.4726091,14.7217685]],"type":"LineString"},"id":"960d5030-0b31-41f7-8036-cb4b9ab6a1f0","properties":{"highway":"residential","layer":0,"sourceLayer":"transportation","sources":["OpenStreetMap"]},"type":"Feature"},{"geometry":{"coordinates":[[-17.4713884,14.7192335],[-17.4714388,14.7190725],[-17.4714629,14.7189778],[-17.4714951,14.7187132],[-17.4715115,14.7185599],[-17.4715401,14.7183429],[-17.4715595,14.7181989],[-17.4715923,14.7179752],[-17.4716346,14.717654],[-17.4716454,14.7175673]],"type":"LineString"},"id":"9641663a-e556-4392-9447-b37403046af5","properties":{"highway":"trunk","layer":0,"sourceLayer":"transportation","sources":["OpenStreetMap"]},"type":"Feature"},{"geometry":{"coordinates":[[-17.4725413,14.7145742],[-17.4727403,14.7144528],[-17.472863,14.7143834],[-17.4730875,14.7142759]],"type":"LineString"},"id":"9658e184-17c0-4cbf-805a-bf4f9c4742cc","properties":{"highway":"unclassified","layer":0,"sourceLayer":"transportation","sources":["OpenStreetMap"]},"type":"Feature"},{"geometry":{"coordinates":[[-17.4760575,14.7167161],[-17.4760222,14.7163668]],"type":"LineString"},"id":"96c7ce64-2f8e-42c6-9566-c54358300696","properties":{"highway":"residential","layer":0,"sourceLayer":"transportation","sources":["OpenStreetMap"]},"type":"Feature"},{"geometry":{"coordinates":[[-17.4723226,14.7149854],[-17.4723233,14.7149401]],"type":"LineString"},"id":"9758b427-9710-4a38-ae79-3b1696f5bef9","properties":{"highway":"primary","layer":0,"sourceLayer":"transportation","sources":["OpenStreetMap"]},"type":"Feature"},{"geometry":{"coordinates":[[-17.475102,14.7141766],[-17.4746103,14.7144246],[-17.4737815,14.7148672]],"type":"LineString"},"id":"98371514-1a39-4533-8619-39c1cb38e223","properties":{"highway":"service","layer":0,"sourceLayer":"transportation","sources":["OpenStreetMap"]},"type":"Feature"},{"geometry":{"coordinates":[[-17.4778452,14.7209097],[-17.4775333,14.7209431]],"type":"LineString"},"id":"983cce52-2783-4624-9f2e-11232970c7a8","properties":{"highway":"residential","layer":0,"sourceLayer":"transportation","sources":["OpenStreetMap"]},"type":"Feature"},{"geometry":{"coordinates":[[-17.4665556,14.7178554],[-17.4666456,14.7178158],[-17.4667196,14.7178042],[-17.4668302,14.7177779],[-17.4669862,14.7177268],[-17.4677843,14.7173207],[-17.4681712,14.7171138],[-17.4685654,14.7168991],[-17.4692716,14.7165068],[-17.4696417,14.7163096],[-17.4699113,14.7161702],[-17.4705235,14.7158603],[-17.4706682,14.7157733],[-17.4708404,14.7156776],[-17.4709492,14.7156214],[-17.4710945,14.7155622]],"type":"LineString"},"id":"9a846ef9-49ba-4161-accd-fba1de880597","properties":{"highway":"primary","layer":0,"sourceLayer":"transportation","sources":["OpenStreetMap"]},"type":"Feature"},{"geometry":{"coordinates":[[-17.472525,14.7151206],[-17.4725968,14.7150735],[-17.4726706,14.7150307],[-17.4728228,14.7149392],[-17.4730381,14.7147995],[-17.4730989,14.7147589],[-17.4731574,14.714698],[-17.4731735,14.7146779],[-17.4732158,14.7145741],[-17.4732727,14.714412]],"type":"LineString"},"id":"9adf2f56-cf37-4903-ab49-e0e1606fbd3e","properties":{"highway":"unclassified","layer":0,"sourceLayer":"transportation","sources":["OpenStreetMap"]},"type":"Feature"},{"geometry":{"coordinates":[[-17.4782875,14.7163607],[-17.4782515,14.7159503]],"type":"LineString"},"id":"9c183eb8-3c20-475c-a9a2-6fe5cd34631a","properties":{"highway":"residential","layer":0,"sourceLayer":"transportation","sources":["OpenStreetMap"]},"type":"Feature"},{"geometry":{"coordinates":[[-17.4738469,14.7204741],[-17.47413,14.7214479]],"type":"LineString"},"id":"9c25e2d9-6166-4175-8cf9-d345fc983452","properties":{"highway":"residential","layer":0,"sourceLayer":"transportation","sources":["OpenStreetMap"]},"type":"Feature"},{"geometry":{"coordinates":[[-17.4772622,14.7173168],[-17.4773155,14.7173973],[-17.4773749,14.7174586],[-17.4776177,14.7176787]],"type":"LineString"},"id":"9c3c4970-9f2c-4ef9-85d9-bef68b646a31","properties":{"highway":"tertiary","layer":0,"sourceLayer":"transportation","sources":["OpenStreetMap"]},"type":"Feature"},{"geometry":{"coordinates":[[-17.472525,14.7151206],[-17.4723226,14.7149854]],"type":"LineString"},"id":"9d2881af-ac7b-4b7a-9d3f-7dcc3e51ccfb","properties":{"highway":"unclassified","layer":0,"sourceLayer":"transportation","sources":["OpenStreetMap"]},"type":"Feature"},{"geometry":{"coordinates":[[-17.4714263,14.7154374],[-17.4714837,14.7153895],[-17.4715313,14.7153571],[-17.4716026,14.7153174],[-17.471708,14.7152542],[-17.4718353,14.7151779],[-17.4718794,14.7151565],[-17.4719345,14.7151377],[-17.4719888,14.7151254],[-17.4720433,14.7151197]],"type":"LineString"},"id":"9da77aae-f8c2-42ef-b749-2daaa2d68ccf","properties":{"highway":"primary","layer":0,"sourceLayer":"transportation","sources":["OpenStreetMap"]},"type":"Feature"},{"geometry":{"coordinates":[[-17.4720804,14.7210335],[-17.4721067,14.72062]],"type":"LineString"},"id":"9f1f19a0-e0ca-487c-b487-dc91a3f232ce","properties":{"highway":"residential","layer":0,"sourceLayer":"transportation","sources":["OpenStreetMap"]},"type":"Feature"},{"geometry":{"coordinates":[[-17.4730875,14.7142759],[-17.4731282,14.7144]],"type":"LineString"},"id":"9f806e2a-146c-4cf1-be98-e8a7506bdc7e","properties":{"highway":"unclassified","layer":0,"sourceLayer":"transportation","sources":["OpenStreetMap"]},"type":"Feature"},{"geometry":{"coordinates":[[-17.4737815,14.7148672],[-17.473832,14.71489],[-17.4738796,14.7149224],[-17.4739071,14.7149762],[-17.4739263,14.7150246],[-17.4738903,14.7151818],[-17.4738434,14.7153362],[-17.4737332,14.7156071],[-17.4736503,14.7158083],[-17.4735864,14.715963]],"type":"LineString"},"id":"9f882faa-5603-459d-ae8e-48615a4e20cd","properties":{"highway":"service","layer":0,"sourceLayer":"transportation","sources":["OpenStreetMap"]},"type":"Feature"},{"geometry":{"coordinates":[[-17.4760915,14.7170527],[-17.4760575,14.7167161]],"type":"LineString"},"id":"9fa1693f-3204-4217-8c63-0a85c1234c66","properties":{"highway":"residential","layer":0,"sourceLayer":"transportation","sources":["OpenStreetMap"]},"type":"Feature"},{"geometry":{"coordinates":[[-17.4721439,14.7151427],[-17.4721947,14.7151337],[-17.472216,14.7151255]],"type":"LineString"},"id":"a10be701-976a-4d59-8e4c-85bfb02cdfeb","properties":{"highway":"primary","layer":0,"sourceLayer":"transportation","sources":["OpenStreetMap"]},"type":"Feature"},{"geometry":{"coordinates":[[-17.4712282,14.7150518],[-17.4710787,14.7149366],[-17.471064,14.7148984],[-17.4710627,14.7148436]],"type":"LineString"},"id":"a263bd1e-3068-4e07-9141-3341956711ea","properties":{"highway":"service","layer":0,"sourceLayer":"transportation","sources":["OpenStreetMap"]},"type":"Feature"},{"geometry":{"coordinates":[[-17.4787703,14.7193558],[-17.4785167,14.7196812]],"type":"LineString"},"id":"a26d266f-b4cc-4a58-a076-ac6e47e5b887","properties":{"highway":"residential","layer":0,"sourceLayer":"transportation","sources":["OpenStreetMap"]},"type":"Feature"},{"geometry":{"coordinates":[[-17.4730653,14.716362],[-17.4723003,14.7164236]],"type":"LineString"},"id":"a3e74442-0571-4a7d-b9af-7effc718cbe2","properties":{"highway":"service","layer":0,"sourceLayer":"transportation","sources":["OpenStreetMap"]},"type":"Feature"},{"geometry":{"coordinates":[[-17.4731282,14.7144],[-17.4729365,14.7145021],[-17.4727283,14.7146169],[-17.4725103,14.7147373],[-17.4723493,14.7148086],[-17.472275,14.7148369]],"type":"LineString"},"id":"a4eebb13-ed99-4692-b62a-714f859a99de","properties":{"highway":"primary","layer":0,"sourceLayer":"transportation","sources":["OpenStreetMap"]},"type":"Feature"},{"geometry":{"coordinates":[[-17.4730117,14.7159222],[-17.4730653,14.716362],[-17.4731104,14.7166645],[-17.4731232,14.716763],[-17.473144,14.7168408],[-17.4731762,14.7169044],[-17.4732225,14.7169995]],"type":"LineString"},"id":"a55a7db1-7131-4684-b96f-6c61b47a3dfc","properties":{"highway":"service","layer":0,"sourceLayer":"transportation","sources":["OpenStreetMap"]},"type":"Feature"},{"geometry":{"coordinates":[[-17.4790189,14.7159448],[-17.4785051,14.7159485]],"type":"LineString"},"id":"a622ebe8-7b5e-4842-8f47-d46bfaae6495","properties":{"highway":"residential","layer":0,"sourceLayer":"transportation","sources":["OpenStreetMap"]},"type":"Feature"},{"geometry":{"coordinates":[[-17.4776388,14.7196697],[-17.4777561,14.7197839],[-17.4778285,14.7198616],[-17.4779358,14.7199863],[-17.4779454,14.7200158],[-17.477936,14.7200282],[-17.4777603,14.720259]],"type":"LineString"},"id":"a809b644-d53e-4903-b7b6-f4b83adadb23","properties":{"highway":"residential","layer":0,"sourceLayer":"transportation","sources":["OpenStreetMap"]},"type":"Feature"},{"geometry":{"coordinates":[[-17.4722111,14.7158962],[-17.4722446,14.7160921],[-17.4723003,14.7164236],[-17.4723561,14.7166852],[-17.4723867,14.7167822],[-17.4724388,14.7168893],[-17.4724987,14.7169833],[-17.4726525,14.7172066],[-17.4726934,14.7172598],[-17.4727187,14.7173225],[-17.4727444,14.7173986],[-17.4727873,14.7174971],[-17.4728765,14.7176748],[-17.4729677,14.717837],[-17.4729911,14.7179031],[-17.4730213,14.7179939],[-17.4730493,14.718041],[-17.4731024,14.7180821],[-17.4731594,14.7181172],[-17.473199,14.7181165],[-17.4732372,14.7181029],[-17.4732523,14.7180744],[-17.4732627,14.7179823],[-17.4732813,14.7178069]],"type":"LineString"},"id":"a9cebb7e-d916-480f-bdc8-22bbecc3cc8f","properties":{"highway":"service","layer":0,"sourceLayer":"transportation","sources":["OpenStreetMap"]},"type":"Feature"},{"geometry":{"coordinates":[[-17.4738469,14.7204741],[-17.4735559,14.7205528]],"type":"LineString"},"id":"aa2d2d6a-12d5-447e-a9a8-b09aa4a36a7c","properties":{"highway":"residential","layer":0,"sourceLayer":"transportation","sources":["OpenStreetMap"]},"type":"Feature"},{"geometry":{"coordinates":[[-17.4768711,14.7176714],[-17.4771455,14.7173269]],"type":"LineString"},"id":"aa4e707c-d8a1-4f45-9ae2-32dd12a72214","properties":{"highway":"residential","layer":0,"sourceLayer":"transportation","sources":["OpenStreetMap"]},"type":"Feature"},{"geometry":{"coordinates":[[-17.47413,14.7214479],[-17.4745747,14.7229779]],"type":"LineString"},"id":"ab7f5730-0530-4ec5-b9ac-c4977b7de184","properties":{"highway":"residential","layer":0,"sourceLayer":"transportation","sources":["OpenStreetMap"]},"type":"Feature"},{"geometry":{"coordinates":[[-17.4753296,14.714484],[-17.475265,14.7145461],[-17.4752328,14.7145799],[-17.4751899,14.7146104],[-17.4749509,14.714745],[-17.4747756,14.7148326],[-17.4746078,14.7149295],[-17.4744771,14.7150184],[-17.4743785,14.7151053],[-17.4743105,14.7151927]],"type":"LineString"},"id":"adab0d4d-86a9-49d9-9e42-7d24136ae4a8","properties":{"highway":"service","layer":0,"sourceLayer":"transportation","sources":["OpenStreetMap"]},"type":"Feature"},{"geometry":{"coordinates":[[-17.4769032,14.714502],[-17.4762737,14.7146156]],"type":"LineString"},"id":"adbf1440-2181-4e93-b18f-0606f94af272","properties":{"highway":"residential","layer":0,"sourceLayer":"transportation","sources":["OpenStreetMap"]},"type":"Feature"},{"geometry":{"coordinates":[[-17.4735067,14.7168108],[-17.4737212,14.7171472]],"type":"LineString"},"id":"ae6fdbaa-3a10-4521-8aa0-24653548dc4f","properties":{"highway":"service","layer":0,"sourceLayer":"transportation","sources":["OpenStreetMap"]},"type":"Feature"},{"geometry":{"coordinates":[[-17.4721067,14.72062],[-17.4721048,14.7204293],[-17.4721003,14.7202913]],"type":"LineString"},"id":"af4a3cc7-e479-4b82-be18-4837841e48f4","properties":{"highway":"residential","layer":0,"sourceLayer":"transportation","sources":["OpenStreetMap"]},"type":"Feature"},{"geometry":{"coordinates":[[-17.4764653,14.7156295],[-17.4765057,14.7159994]],"type":"LineString"},"id":"b0f6b845-0143-42ed-a20b-90b1602e1614","properties":{"highway":"residential","layer":0,"sourceLayer":"transportation","sources":["OpenStreetMap"]},"type":"Feature"},{"geometry":{"coordinates":[[-17.4779484,14.7218047],[-17.4779533,14.7216736]],"type":"LineString"},"id":"b12f67ca-73a5-4cb1-9926-7dd4105b0f52","properties":{"highway":"residential","layer":0,"sourceLayer":"transportation","sources":["OpenStreetMap"]},"type":"Feature"},{"geometry":{"coordinates":[[-17.4770856,14.7155811],[-17.4782174,14.7155602]],"type":"LineString"},"id":"b1c84474-268c-43f2-a974-9e527320ffe0","properties":{"highway":"residential","layer":0,"sourceLayer":"transportation","sources":["OpenStreetMap"]},"type":"Feature"},{"geometry":{"coordinates":[[-17.4782174,14.7155602],[-17.4781993,14.715353],[-17.4788592,14.7153102]],"type":"LineString"},"id":"b2091171-dc1e-43c2-b472-015db07776d8","properties":{"highway":"residential","layer":0,"sourceLayer":"transportation","sources":["OpenStreetMap"]},"type":"Feature"},{"geometry":{"coordinates":[[-17.4778452,14.7209097],[-17.4784575,14.7201503]],"type":"LineString"},"id":"b30efdda-951c-485f-831a-6a59b88ee97d","properties":{"highway":"residential","layer":0,"sourceLayer":"transportation","sources":["OpenStreetMap"]},"type":"Feature"},{"geometry":{"coordinates":[[-17.4766116,14.7180615],[-17.4768711,14.7176714]],"type":"LineString"},"id":"b3614157-8e77-4492-831a-c513364b25ab","properties":{"highway":"residential","layer":0,"sourceLayer":"transportation","sources":["OpenStreetMap"]},"type":"Feature"},{"geometry":{"coordinates":[[-17.4767023,14.7188692],[-17.4769809,14.7190692]],"type":"LineString"},"id":"b6b748d6-0c6f-4093-be95-c2ddeeec3859","properties":{"highway":"residential","layer":0,"sourceLayer":"transportation","sources":["OpenStreetMap"]},"type":"Feature"},{"geometry":{"coordinates":[[-17.4767446,14.7134544],[-17.4767969,14.7137997]],"type":"LineString"},"id":"b6e003c7-7de9-4d8a-b8cb-77261a24d764","properties":{"highway":"tertiary","layer":0,"sourceLayer":"transportation","sources":["OpenStreetMap"]},"type":"Feature"},{"geometry":{"coordinates":[[-17.4742136,14.7141513],[-17.4740967,14.7139748]],"type":"LineString"},"id":"b8cfbd64-0748-4689-ac20-dd4ca669f072","properties":{"highway":"service","layer":0,"sourceLayer":"transportation","sources":["OpenStreetMap"]},"type":"Feature"},{"geometry":{"coordinates":[[-17.4713569,14.7144366],[-17.4714603,14.7144353],[-17.4714784,14.7144308],[-17.4714898,14.7144165],[-17.4715012,14.7142336]],"type":"LineString"},"id":"bbe919b6-ed32-43f1-bf46-c7fd3bf1494a","properties":{"highway":"service","layer":0,"sourceLayer":"transportation","sources":["OpenStreetMap"]},"type":"Feature"},{"geometry":{"coordinates":[[-17.4760915,14.7170527],[-17.4766157,14.7170079]],"type":"LineString"},"id":"bc6f0859-920b-4ce3-9dc5-daf1dde5f9c0","properties":{"highway":"residential","layer":0,"sourceLayer":"transportation","sources":["OpenStreetMap"]},"type":"Feature"},{"geometry":{"coordinates":[[-17.4787186,14.7203593],[-17.4784919,14.720178]],"type":"LineString"},"id":"bc970b63-b338-4011-a5f5-e4a08daaaeb3","properties":{"highway":"residential","layer":0,"sourceLayer":"transportation","sources":["OpenStreetMap"]},"type":"Feature"},{"geometry":{"coordinates":[[-17.4780269,14.7211099],[-17.4779533,14.7216736]],"type":"LineString"},"id":"be8b453e-9457-4f27-9f83-6f7e45c27adf","properties":{"highway":"residential","layer":0,"sourceLayer":"transportation","sources":["OpenStreetMap"]},"type":"Feature"},{"geometry":{"coordinates":[[-17.4785304,14.72063],[-17.4787613,14.7208067]],"type":"LineString"},"id":"bf0efe02-4132-4752-8b9d-a4901b39cb73","properties":{"highway":"residential","layer":0,"sourceLayer":"transportation","sources":["OpenStreetMap"]},"type":"Feature"},{"geometry":{"coordinates":[[-17.4765057,14.7159994],[-17.4771064,14.7159585]],"type":"LineString"},"id":"bf8297c6-5341-40dd-88b7-0a458e5ea5b7","properties":{"highway":"residential","layer":0,"sourceLayer":"transportation","sources":["OpenStreetMap"]},"type":"Feature"},{"geometry":{"coordinates":[[-17.4723827,14.7152127],[-17.4724972,14.715491],[-17.4724944,14.7155332],[-17.4724754,14.7155653],[-17.4723862,14.7156038],[-17.4723578,14.715601],[-17.4723237,14.7155891],[-17.4722454,14.7153016]],"type":"LineString"},"id":"bfc23f10-8445-4e37-bda9-7e651211d1b1","properties":{"highway":"service","layer":0,"sourceLayer":"transportation","sources":["OpenStreetMap"]},"type":"Feature"},{"geometry":{"coordinates":[[-17.4741264,14.7172195],[-17.4740574,14.7172881],[-17.4739996,14.7173286],[-17.4739024,14.7173973]],"type":"LineString"},"id":"c007c39b-226d-45ea-87f2-c08181d50bce","properties":{"highway":"service","layer":0,"sourceLayer":"transportation","sources":["OpenStreetMap"]},"type":"Feature"},{"geometry":{"coordinates":[[-17.4785167,14.7196812],[-17.4785033,14.7196984]],"type":"LineString"},"id":"c111927f-75cb-45d9-9719-8a1540fea1d2","properties":{"highway":"residential","layer":0,"sourceLayer":"transportation","sources":["OpenStreetMap"]},"type":"Feature"},{"geometry":{"coordinates":[[-17.4774998,14.7159557],[-17.4771064,14.7159585]],"type":"LineString"},"id":"c2a91573-c407-4309-b6ed-c7a83c1fe1d3","properties":{"highway":"residential","layer":0,"sourceLayer":"transportation","sources":["OpenStreetMap"]},"type":"Feature"},{"geometry":{"coordinates":[[-17.4790094,14.7187256],[-17.4792033,14.7189252],[-17.4792964,14.7189979],[-17.4794117,14.7190576],[-17.4797041,14.7192184],[-17.4800393,14.7194727],[-17.4802351,14.7196205],[-17.4804283,14.7197113],[-17.4806965,14.7198359],[-17.4808816,14.7199007],[-17.4809942,14.7199422],[-17.481139,14.7200019],[-17.4814475,14.7201939],[-17.4818311,14.7204376],[-17.4819972,14.7205465],[-17.4821957,14.7207048],[-17.4826061,14.7210057],[-17.4827429,14.7211665],[-17.4828046,14.7212703],[-17.4828744,14.7214118],[-17.4829267,14.7214675],[-17.4831507,14.7216102],[-17.4834377,14.721736],[-17.4835557,14.7217633],[-17.4836187,14.7217853],[-17.4839191,14.7219137],[-17.4839915,14.7219189],[-17.4844301,14.7218878]],"type":"LineString"},"id":"c3e8112c-6ec5-43b0-a939-3d0d3deee8c3","properties":{"highway":"service","layer":0,"sourceLayer":"transportation","sources":["OpenStreetMap"]},"type":"Feature"},{"geometry":{"coordinates":[[-17.4763098,14.7173992],[-17.4766551,14.7173693]],"type":"LineString"},"id":"c4f2f6a0-46ed-405c-95ce-46e103366edf","properties":{"highway":"residential","layer":0,"sourceLayer":"transportation","sources":["OpenStreetMap"]},"type":"Feature"},{"geometry":{"coordinates":[[-17.4763377,14.7149541],[-17.4760804,14.714999]],"type":"LineString"},"id":"c5b12d98-64db-457a-b0de-8234e23a15d3","properties":{"highway":"residential","layer":0,"sourceLayer":"transportation","sources":["OpenStreetMap"]},"type":"Feature"},{"geometry":{"coordinates":[[-17.477783,14.7217681],[-17.4776407,14.7218545]],"type":"LineString"},"id":"c63ddf61-897a-44d1-a897-10d10d8364bb","properties":{"highway":"residential","layer":0,"sourceLayer":"transportation","sources":["OpenStreetMap"]},"type":"Feature"},{"geometry":{"coordinates":[[-17.4760222,14.7163668],[-17.4765412,14.7163253]],"type":"LineString"},"id":"c6479e73-5188-472c-8050-f939979f1aea","properties":{"highway":"residential","layer":0,"sourceLayer":"transportation","sources":["OpenStreetMap"]},"type":"Feature"},{"geometry":{"coordinates":[[-17.4773427,14.7180261],[-17.4770683,14.71838]],"type":"LineString"},"id":"c78df818-2903-4065-a702-e9ef074cadc7","properties":{"highway":"residential","layer":0,"sourceLayer":"transportation","sources":["OpenStreetMap"]},"type":"Feature"},{"geometry":{"coordinates":[[-17.4732287,14.7211143],[-17.4731083,14.7206746]],"type":"LineString"},"id":"c79b6ea2-94cc-4b19-8a65-342f422b98b1","properties":{"highway":"residential","layer":0,"sourceLayer":"transportation","sources":["OpenStreetMap"]},"type":"Feature"},{"geometry":{"coordinates":[[-17.4728737,14.7198668],[-17.4725923,14.7188981]],"type":"LineString"},"id":"c7bffe2b-be40-4e17-8ef2-93073dcfb31f","properties":{"highway":"residential","layer":0,"sourceLayer":"transportation","sources":["OpenStreetMap"]},"type":"Feature"},{"geometry":{"coordinates":[[-17.4759235,14.714017],[-17.4758135,14.7140462],[-17.47567,14.7141026]],"type":"LineString"},"id":"c7c017a5-22cc-4987-8309-884abe05593e","properties":{"highway":"residential","layer":0,"sourceLayer":"transportation","sources":["OpenStreetMap"]},"type":"Feature"},{"geometry":{"coordinates":[[-17.4771766,14.7166263],[-17.4772112,14.7169561]],"type":"LineString"},"id":"c83af13b-1c7e-45fe-9ae6-a20d246df50f","properties":{"highway":"tertiary","layer":0,"sourceLayer":"transportation","sources":["OpenStreetMap"]},"type":"Feature"},{"geometry":{"coordinates":[[-17.4733499,14.717191],[-17.4732842,14.7170834],[-17.4732225,14.7169995]],"type":"LineString"},"id":"c8c02a93-a787-4022-8ecc-3c5d0aee33ed","properties":{"highway":"service","layer":0,"sourceLayer":"transportation","sources":["OpenStreetMap"]},"type":"Feature"},{"geometry":{"coordinates":[[-17.479012,14.7206061],[-17.4792045,14.7207752]],"type":"LineString"},"id":"c8e16052-b54b-4fc6-8ed2-87d75068d377","properties":{"highway":"residential","layer":0,"sourceLayer":"transportation","sources":["OpenStreetMap"]},"type":"Feature"},{"geometry":{"coordinates":[[-17.4763377,14.7149541],[-17.4764023,14.7152963]],"type":"LineString"},"id":"c962b8e0-1812-4e8a-9e82-f3eacdc0a3ca","properties":{"highway":"residential","layer":0,"sourceLayer":"transportation","sources":["OpenStreetMap"]},"type":"Feature"},{"geometry":{"coordinates":[[-17.4783006,14.7213489],[-17.4782189,14.7219722]],"type":"LineString"},"id":"cb0468f2-0edf-4b8e-b2ef-1b095d1c638f","properties":{"highway":"residential","layer":0,"sourceLayer":"transportation","sources":["OpenStreetMap"]},"type":"Feature"},{"geometry":{"coordinates":[[-17.4766551,14.7173693],[-17.4771455,14.7173269]],"type":"LineString"},"id":"cd1e1790-acea-4c51-b795-fd799fc20a27","properties":{"highway":"residential","layer":0,"sourceLayer":"transportation","sources":["OpenStreetMap"]},"type":"Feature"},{"geometry":{"coordinates":[[-17.4785033,14.7196984],[-17.478273,14.7199939]],"type":"LineString"},"id":"cdaea8da-3849-4f17-8349-2a382e9aad9c","properties":{"highway":"residential","layer":0,"sourceLayer":"transportation","sources":["OpenStreetMap"]},"type":"Feature"},{"geometry":{"coordinates":[[-17.4775807,14.7168871],[-17.4774998,14.7159557]],"type":"LineString"},"id":"ce0ccbbc-68f1-457b-89b6-e9a3d9fc00ba","properties":{"highway":"residential","layer":0,"sourceLayer":"transportation","sources":["OpenStreetMap"]},"type":"Feature"},{"geometry":{"coordinates":[[-17.4735954,14.7196434],[-17.4738469,14.7204741]],"type":"LineString"},"id":"cf7155f5-9f28-4976-b116-ef6f04502d6d","properties":{"highway":"residential","layer":0,"sourceLayer":"transportation","sources":["OpenStreetMap"]},"type":"Feature"},{"geometry":{"coordinates":[[-17.4727826,14.7172786],[-17.4728993,14.7173545],[-17.4730079,14.7174686]],"type":"LineString"},"id":"cfe022a4-e6c3-4efb-842f-ed0ba23d48d2","properties":{"highway":"service","layer":0,"sourceLayer":"transportation","sources":["OpenStreetMap"]},"type":"Feature"},{"geometry":{"coordinates":[[-17.4712105,14.7163497],[-17.4709398,14.7163441]],"type":"LineString"},"id":"cffb5401-746f-4553-8b45-2b02d8256c77","properties":{"highway":"service","layer":0,"sourceLayer":"transportation","sources":["OpenStreetMap"]},"type":"Feature"},{"geometry":{"coordinates":[[-17.4790455,14.7163625],[-17.4782875,14.7163607]],"type":"LineString"},"id":"d02f9bbd-ff6c-40de-a4ce-3189b6fca27c","properties":{"highway":"residential","layer":0,"sourceLayer":"transportation","sources":["OpenStreetMap"]},"type":"Feature"},{"geometry":{"coordinates":[[-17.4725184,14.71768],[-17.4722963,14.7178658]],"type":"LineString"},"id":"d0d1222b-8cce-498d-afa0-95f5b7e2dd66","properties":{"highway":"residential","layer":0,"sourceLayer":"transportation","sources":["OpenStreetMap"]},"type":"Feature"},{"geometry":{"coordinates":[[-17.4788605,14.718758],[-17.4785225,14.719132],[-17.4784132,14.7192353],[-17.4782878,14.7193118],[-17.4776388,14.7196697]],"type":"LineString"},"id":"d137b7d1-8d4e-444f-8543-071164790001","properties":{"highway":"residential","layer":0,"sourceLayer":"transportation","sources":["OpenStreetMap"]},"type":"Feature"},{"geometry":{"coordinates":[[-17.4718803,14.7175079],[-17.4718498,14.717931],[-17.4717689,14.7190313]],"type":"LineString"},"id":"d3050c2e-d5c9-4bfb-a399-d71666807613","properties":{"highway":"unclassified","layer":0,"sourceLayer":"transportation","sources":["OpenStreetMap"]},"type":"Feature"},{"geometry":{"coordinates":[[-17.4777022,14.7143941],[-17.4774342,14.7127643],[-17.477416,14.7127123],[-17.477381,14.7126692],[-17.477333,14.7126399],[-17.4772777,14.7126278],[-17.4772214,14.7126344],[-17.4771566,14.712658],[-17.477055,14.7127054]],"type":"LineString"},"id":"d3720c8d-0a0e-424e-997e-fa3aefac1907","properties":{"highway":"service","layer":0,"sourceLayer":"transportation","sources":["OpenStreetMap"]},"type":"Feature"},{"geometry":{"coordinates":[[-17.4774778,14.7211878],[-17.477337,14.7209201]],"type":"LineString"},"id":"d73a37d5-2d03-4969-8e35-68e4428df3ec","properties":{"highway":"residential","layer":0,"sourceLayer":"transportation","sources":["OpenStreetMap"]},"type":"Feature"},{"geometry":{"coordinates":[[-17.4759885,14.7160342],[-17.4759516,14.7156689],[-17.4764653,14.7156295]],"type":"LineString"},"id":"d96da360-c928-44ed-8ee8-0608c86e210b","properties":{"highway":"residential","layer":0,"sourceLayer":"transportation","sources":["OpenStreetMap"]},"type":"Feature"},{"geometry":{"coordinates":[[-17.4776177,14.7176787],[-17.4780797,14.7180937]],"type":"LineString"},"id":"d9fb54a7-ae64-4e3c-a5af-809f0874e38a","properties":{"highway":"tertiary","layer":0,"sourceLayer":"transportation","sources":["OpenStreetMap"]},"type":"Feature"},{"geometry":{"coordinates":[[-17.4769573,14.7148594],[-17.4770245,14.715202]],"type":"LineString"},"id":"da72955f-e632-4708-9dbf-ca029238ac49","properties":{"highway":"tertiary","layer":0,"sourceLayer":"transportation","sources":["OpenStreetMap"]},"type":"Feature"},{"geometry":{"coordinates":[[-17.4752472,14.7136493],[-17.4748408,14.7138377],[-17.4748177,14.7138506],[-17.4747916,14.7138617],[-17.4747721,14.7138737],[-17.4747453,14.7138895],[-17.4743852,14.7140747],[-17.4743295,14.7140945],[-17.4742136,14.7141513],[-17.474184,14.714169],[-17.4741619,14.7141811],[-17.4736248,14.7145008],[-17.4733311,14.7146642],[-17.4732748,14.7146979],[-17.4732365,14.7147032],[-17.4731735,14.7146779]],"type":"LineString"},"id":"db4d0fb5-0d96-4eeb-8dca-921875b76c0e","properties":{"highway":"service","layer":0,"sourceLayer":"transportation","sources":["OpenStreetMap"]},"type":"Feature"},{"geometry":{"coordinates":[[-17.4790094,14.7187256],[-17.4788087,14.7185646],[-17.4786558,14.7183804],[-17.4787792,14.7179134],[-17.4788704,14.7176125],[-17.4790421,14.7174906],[-17.4792111,14.717379],[-17.4792647,14.7172778],[-17.4793183,14.7172311]],"type":"LineString"},"id":"db4d94f7-ae02-4fa9-b9fc-ef502210b3a3","properties":{"highway":"service","layer":0,"sourceLayer":"transportation","sources":["OpenStreetMap"]},"type":"Feature"},{"geometry":{"coordinates":[[-17.4716342,14.7210021],[-17.4715925,14.7215655],[-17.471555,14.7220727]],"type":"LineString"},"id":"db571f6e-4fdc-494f-ab7f-2c314c9d0406","properties":{"highway":"unclassified","layer":0,"sourceLayer":"transportation","sources":["OpenStreetMap"]},"type":"Feature"},{"geometry":{"coordinates":[[-17.47123,14.7139],[-17.4711769,14.7145521]],"type":"LineString"},"id":"dbf6dc50-89f0-4f05-8383-23f38047ac1a","properties":{"highway":"service","layer":0,"sourceLayer":"transportation","sources":["OpenStreetMap"]},"type":"Feature"},{"geometry":{"coordinates":[[-17.4711129,14.7152233],[-17.4710846,14.7151856]],"type":"LineString"},"id":"dc29a488-d3e2-45c4-a932-b6395e6161b5","properties":{"highway":"footway","layer":0,"sourceLayer":"transportation","sources":["OpenStreetMap"]},"type":"Feature"},{"geometry":{"coordinates":[[-17.4710945,14.7155622],[-17.47115,14.7155997],[-17.4712153,14.7156165],[-17.4712827,14.7156106]],"type":"LineString"},"id":"de260546-e4df-4023-a133-a5b43353890e","properties":{"highway":"primary","layer":0,"sourceLayer":"transportation","sources":["OpenStreetMap"]},"type":"Feature"},{"geometry":{"coordinates":[[-17.4712827,14.7156106],[-17.4713536,14.7156783],[-17.4713814,14.7157196],[-17.4714191,14.7158176],[-17.4714503,14.7159098],[-17.4714701,14.7159816],[-17.4714837,14.7160755],[-17.4714863,14.716156],[-17.47148,14.7162283],[-17.4714676,14.7163544],[-17.4714526,14.7164565],[-17.4713922,14.7167927],[-17.4713426,14.7170263],[-17.4712024,14.7175861],[-17.4711444,14.7178746],[-17.4711096,14.7181029],[-17.4710928,14.7182437],[-17.4710823,14.7183245],[-17.471079,14.718379]],"type":"LineString"},"id":"de4b4e85-a5ca-4239-bbeb-7ac2c6e5bc9b","properties":{"highway":"trunk","layer":0,"sourceLayer":"transportation","sources":["OpenStreetMap"]},"type":"Feature"},{"geometry":{"coordinates":[[-17.4765412,14.7163253],[-17.4765793,14.7166746]],"type":"LineString"},"id":"de9e6939-9eea-4b59-94f9-5a6e9a64f66d","properties":{"highway":"residential","layer":0,"sourceLayer":"transportation","sources":["OpenStreetMap"]},"type":"Feature"},{"geometry":{"coordinates":[[-17.4722311,14.7181829],[-17.4722606,14.7178283]],"type":"LineString"},"id":"ded5fd44-3d8f-4753-a4b2-5dcd80703e6a","properties":{"highway":"residential","layer":0,"sourceLayer":"transportation","sources":["OpenStreetMap"]},"type":"Feature"},{"geometry":{"coordinates":[[-17.4720804,14.7210335],[-17.4720095,14.7210285]],"type":"LineString"},"id":"dfaaa87d-ba41-45df-b4f3-cf919a9ba279","properties":{"highway":"residential","layer":0,"sourceLayer":"transportation","sources":["OpenStreetMap"]},"type":"Feature"},{"geometry":{"coordinates":[[-17.472914,14.7200058],[-17.4728737,14.7198668]],"type":"LineString"},"id":"e01ea6aa-9e5f-49b6-85f1-f66fe777bb11","properties":{"highway":"residential","layer":0,"sourceLayer":"transportation","sources":["OpenStreetMap"]},"type":"Feature"},{"geometry":{"coordinates":[[-17.4716454,14.7175673],[-17.4716714,14.717359],[-17.4716956,14.717049],[-17.4717231,14.7167236],[-17.4717517,14.7162254],[-17.4717767,14.7159987],[-17.4718022,14.7158182],[-17.4718217,14.7157078],[-17.4718541,14.7155908],[-17.4719072,14.7154452],[-17.4719634,14.7153355],[-17.4720267,14.7152503],[-17.472065,14.715214],[-17.4721439,14.7151427]],"type":"LineString"},"id":"e032d1b6-d22f-4adb-b365-adab24f51db8","properties":{"highway":"trunk","layer":0,"sourceLayer":"transportation","sources":["OpenStreetMap"]},"type":"Feature"},{"geometry":{"coordinates":[[-17.4755324,14.7143609],[-17.4754786,14.7143566],[-17.4754212,14.714364],[-17.4753729,14.7143828],[-17.4752745,14.7144432]],"type":"LineString"},"id":"e2a6c6be-09f6-4dc7-8ddd-f78d55581e74","properties":{"highway":"service","layer":0,"sourceLayer":"transportation","sources":["OpenStreetMap"]},"type":"Feature"},{"geometry":{"coordinates":[[-17.4770245,14.715202],[-17.4764023,14.7152963]],"type":"LineString"},"id":"e2bce933-7cea-410f-a522-2165341fb25e","properties":{"highway":"residential","layer":0,"sourceLayer":"transportation","sources":["OpenStreetMap"]},"type":"Feature"},{"geometry":{"coordinates":[[-17.4787495,14.7198627],[-17.4784919,14.720178]],"type":"LineString"},"id":"e305c190-79c2-4f64-b374-843d93349c32","properties":{"highway":"residential","layer":0,"sourceLayer":"transportation","sources":["OpenStreetMap"]},"type":"Feature"},{"geometry":{"coordinates":[[-17.4762737,14.7146156],[-17.4763377,14.7149541]],"type":"LineString"},"id":"e47668d0-b53e-426f-8c50-c31d4caf9c63","properties":{"highway":"residential","layer":0,"sourceLayer":"transportation","sources":["OpenStreetMap"]},"type":"Feature"},{"geometry":{"coordinates":[[-17.4725184,14.71768],[-17.4724969,14.7176476],[-17.4724574,14.7175802],[-17.4723031,14.7173246],[-17.4720879,14.71699],[-17.4720604,14.7169666],[-17.4720228,14.7169575],[-17.4718281,14.7169717]],"type":"LineString"},"id":"e5d9cc02-2a4e-4251-bf32-ffcf9cd64aad","properties":{"highway":"residential","layer":0,"sourceLayer":"transportation","sources":["OpenStreetMap"]},"type":"Feature"},{"geometry":{"coordinates":[[-17.4760963,14.7174177],[-17.4763098,14.7173992]],"type":"LineString"},"id":"e670812e-1cbb-4623-a064-5cb830022105","properties":{"highway":"residential","layer":0,"sourceLayer":"transportation","sources":["OpenStreetMap"]},"type":"Feature"},{"geometry":{"coordinates":[[-17.473289,14.7197342],[-17.4731217,14.7191651]],"type":"LineString"},"id":"e6807e28-5a18-4723-be54-a9e5abf41989","properties":{"highway":"unclassified","layer":0,"sourceLayer":"transportation","sources":["OpenStreetMap"]},"type":"Feature"},{"geometry":{"coordinates":[[-17.478479,14.7208877],[-17.478322,14.7208993]],"type":"LineString"},"id":"e6eb710d-43d2-4ac9-8e67-afe6d8a2330e","properties":{"highway":"residential","layer":0,"sourceLayer":"transportation","sources":["OpenStreetMap"]},"type":"Feature"},{"geometry":{"coordinates":[[-17.4788592,14.7153102],[-17.4793882,14.7152084]],"type":"LineString"},"id":"e6fc4e97-1094-47e3-ad6f-042ffb407c4d","properties":{"highway":"residential","layer":0,"sourceLayer":"transportation","sources":["OpenStreetMap"]},"type":"Feature"},{"geometry":{"coordinates":[[-17.4726018,14.7185905],[-17.4725169,14.7186385]],"type":"LineString"},"id":"e7089db9-3c07-4981-861a-befff8a1981c","properties":{"highway":"residential","layer":0,"sourceLayer":"transportation","sources":["OpenStreetMap"]},"type":"Feature"},{"geometry":{"coordinates":[[-17.4734272,14.7190685],[-17.4731217,14.7191651]],"type":"LineString"},"id":"e8b46463-5052-4a8b-bf8c-9fb1821c7b81","properties":{"highway":"residential","layer":0,"sourceLayer":"transportation","sources":["OpenStreetMap"]},"type":"Feature"},{"geometry":{"coordinates":[[-17.4719617,14.7217192],[-17.4720095,14.7210285]],"type":"LineString"},"id":"e9ecdba9-abee-4f51-8b06-2677df3cfb91","properties":{"highway":"residential","layer":0,"sourceLayer":"transportation","sources":["OpenStreetMap"]},"type":"Feature"},{"geometry":{"coordinates":[[-17.4759449,14.7142985],[-17.476851,14.7141572]],"type":"LineString"},"id":"ea3709b2-7d1f-4801-8ec6-0dac080a3eb8","properties":{"highway":"residential","layer":0,"sourceLayer":"transportation","sources":["OpenStreetMap"]},"type":"Feature"},{"geometry":{"coordinates":[[-17.4775711,14.7205077],[-17.4774605,14.720653],[-17.4776398,14.7208065]],"type":"LineString"},"id":"ebd0addd-6b2e-4ce8-a5a1-5c4308a2d498","properties":{"highway":"residential","layer":0,"sourceLayer":"transportation","sources":["OpenStreetMap"]},"type":"Feature"},{"geometry":{"coordinates":[[-17.4713191,14.7148597],[-17.4713,14.7149326],[-17.4712718,14.7149937],[-17.4712282,14.7150518],[-17.4711616,14.7151179],[-17.4711076,14.7151693],[-17.4710846,14.7151856],[-17.4710329,14.7152222],[-17.470622,14.715448]],"type":"LineString"},"id":"ed282c06-ffba-4938-ad7f-12231e6afe68","properties":{"highway":"unclassified","layer":0,"sourceLayer":"transportation","sources":["OpenStreetMap"]},"type":"Feature"},{"geometry":{"coordinates":[[-17.4769032,14.714502],[-17.4769573,14.7148594]],"type":"LineString"},"id":"ee3ea674-815f-4bda-a601-2bf128bd2173","properties":{"highway":"tertiary","layer":0,"sourceLayer":"transportation","sources":["OpenStreetMap"]},"type":"Feature"},{"geometry":{"coordinates":[[-17.4728617,14.7184596],[-17.4726018,14.7185905]],"type":"LineString"},"id":"ef2563d4-2342-432e-bd72-38249be2d325","properties":{"highway":"residential","layer":0,"sourceLayer":"transportation","sources":["OpenStreetMap"]},"type":"Feature"},{"geometry":{"coordinates":[[-17.4719512,14.7150004],[-17.4719197,14.7150475],[-17.4718922,14.7150825],[-17.4718586,14.7151158],[-17.4718218,14.7151467],[-17.4716992,14.7152148],[-17.4715883,14.7152765],[-17.4715288,14.7152998],[-17.4714783,14.7153052],[-17.4713786,14.7153052]],"type":"LineString"},"id":"efb85c82-ec74-4e20-a30e-60c6a6e163d3","properties":{"highway":"primary","layer":0,"sourceLayer":"transportation","sources":["OpenStreetMap"]},"type":"Feature"},{"geometry":{"coordinates":[[-17.4784401,14.7215647],[-17.4788028,14.7221276]],"type":"LineString"},"id":"f0d4b2ef-76f6-4745-a285-a9a75d1d495a","properties":{"highway":"residential","layer":0,"sourceLayer":"transportation","sources":["OpenStreetMap"]},"type":"Feature"},{"geometry":{"coordinates":[[-17.4726091,14.7217685],[-17.4727034,14.7217707]],"type":"LineString"},"id":"f103c213-7f71-485c-ace1-7bc4aec0b3f3","properties":{"highway":"residential","layer":0,"sourceLayer":"transportation","sources":["OpenStreetMap"]},"type":"Feature"},{"geometry":{"coordinates":[[-17.4783515,14.7170925],[-17.4783214,14.7167488]],"type":"LineString"},"id":"f29e0c81-d10a-4e82-a428-e71be946e4c2","properties":{"highway":"residential","layer":0,"sourceLayer":"transportation","sources":["OpenStreetMap"]},"type":"Feature"},{"geometry":{"coordinates":[[-17.4759449,14.7142985],[-17.4759786,14.7146688]],"type":"LineString"},"id":"f3ee5336-5822-45ea-b79e-ba568774a19c","properties":{"highway":"residential","layer":0,"sourceLayer":"transportation","sources":["OpenStreetMap"]},"type":"Feature"},{"geometry":{"coordinates":[[-17.4776177,14.7176787],[-17.4773427,14.7180261]],"type":"LineString"},"id":"f3f6690b-4aea-455e-aaf1-1a2b887d7fb4","properties":{"highway":"residential","layer":0,"sourceLayer":"transportation","sources":["OpenStreetMap"]},"type":"Feature"},{"geometry":{"coordinates":[[-17.4725923,14.7188981],[-17.4725169,14.7186385]],"type":"LineString"},"id":"f70b310c-cec3-4825-8ad9-91b5185a1fd0","properties":{"highway":"residential","layer":0,"sourceLayer":"transportation","sources":["OpenStreetMap"]},"type":"Feature"},{"geometry":{"coordinates":[[-17.4788458,14.7142108],[-17.4777022,14.7143941],[-17.4774328,14.7144386]],"type":"LineString"},"id":"f7b28d93-5db8-433b-a18c-01e1be794e7a","properties":{"highway":"service","layer":0,"sourceLayer":"transportation","sources":["OpenStreetMap"]},"type":"Feature"},{"geometry":{"coordinates":[[-17.4735086,14.7159345],[-17.473471,14.7159592],[-17.4734189,14.7159724],[-17.4733577,14.7159715],[-17.4730117,14.7159222],[-17.4728896,14.7159002],[-17.4727169,14.7158926],[-17.4725075,14.7158976],[-17.4723465,14.7158969],[-17.4722111,14.7158962]],"type":"LineString"},"id":"f8998845-ab90-4212-9d7d-530ad2a5e89b","properties":{"highway":"service","layer":0,"sourceLayer":"transportation","sources":["OpenStreetMap"]},"type":"Feature"},{"geometry":{"coordinates":[[-17.4732727,14.714412],[-17.4736973,14.7141839],[-17.4740967,14.7139748],[-17.4746762,14.713663],[-17.4751108,14.7134311],[-17.4754741,14.7132403]],"type":"LineString"},"id":"f9cdd02f-e4cd-4003-b2c2-3e686ebfc009","properties":{"highway":"primary","layer":0,"sourceLayer":"transportation","sources":["OpenStreetMap"]},"type":"Feature"},{"geometry":{"coordinates":[[-17.471079,14.718379],[-17.4709809,14.7184248],[-17.4707682,14.7184992]],"type":"LineString"},"id":"fa705978-534c-4427-979c-c71b20989a8c","properties":{"highway":"unclassified","layer":0,"sourceLayer":"transportation","sources":["OpenStreetMap"]},"type":"Feature"},{"geometry":{"coordinates":[[-17.4731217,14.7191651],[-17.4729549,14.7185977],[-17.4729465,14.7185767],[-17.4729283,14.7185417],[-17.4728617,14.7184596]],"type":"LineString"},"id":"fb03a8e2-b797-4ad9-8149-86b8aa2cecd3","properties":{"highway":"unclassified","layer":0,"sourceLayer":"transportation","sources":["OpenStreetMap"]},"type":"Feature"},{"geometry":{"coordinates":[[-17.4712404,14.7152409],[-17.4711875,14.7152457],[-17.4711378,14.7152642],[-17.4710952,14.7152949],[-17.4710628,14.7153357],[-17.471043,14.7153835],[-17.4710374,14.7154346]],"type":"LineString"},"id":"fb12af98-ac6b-4d00-bc24-cd4addda1805","properties":{"highway":"primary","layer":0,"sourceLayer":"transportation","sources":["OpenStreetMap"]},"type":"Feature"},{"geometry":{"coordinates":[[-17.4793795,14.7159873],[-17.4790189,14.7159448]],"type":"LineString"},"id":"fb621731-ac8a-4778-b7c9-1d634665675d","properties":{"highway":"residential","layer":0,"sourceLayer":"transportation","sources":["OpenStreetMap"]},"type":"Feature"},{"geometry":{"coordinates":[[-17.4721003,14.7202913],[-17.472098,14.7202188],[-17.4721165,14.7199609]],"type":"LineString"},"id":"fba17413-4276-4318-a6aa-521ed588d590","properties":{"highway":"residential","layer":0,"sourceLayer":"transportation","sources":["OpenStreetMap"]},"type":"Feature"},{"geometry":{"coordinates":[[-17.4768803,14.7186224],[-17.4767023,14.7188692]],"type":"LineString"},"id":"fcc2d35a-ab98-47c8-ab43-8a992a2e0140","properties":{"highway":"residential","layer":0,"sourceLayer":"transportation","sources":["OpenStreetMap"]},"type":"Feature"},{"geometry":{"coordinates":[[-17.4767023,14.7188692],[-17.4766069,14.7189826],[-17.476599,14.7190083],[-17.4766046,14.7190348],[-17.4767442,14.7192002],[-17.4767657,14.7192336],[-17.476775,14.7192767],[-17.4767864,14.7196231],[-17.4767918,14.7196549],[-17.4768133,14.7196944],[-17.4768421,14.7197288],[-17.4775711,14.7205077]],"type":"LineString"},"id":"fea1e764-f1a8-43c5-8416-f787bc3afd97","properties":{"highway":"residential","layer":0,"sourceLayer":"transportation","sources":["OpenStreetMap"]},"type":"Feature"},{"geometry":{"coordinates":[[-17.4787613,14.7208067],[-17.4786581,14.7208521]],"type":"LineString"},"id":"ff397e22-b353-42ce-8018-12c4ed28ecfd","properties":{"highway":"residential","layer":0,"sourceLayer":"transportation","sources":["OpenStreetMap"]},"type":"Feature"},{"geometry":{"coordinates":[[-17.4719512,14.7150004],[-17.4719699,14.7150481],[-17.4720014,14.7150889],[-17.4720433,14.7151197]],"type":"LineString"},"id":"ffa4c635-2e83-4336-b60d-a79abb0c0bec","properties":{"highway":"primary","layer":0,"sourceLayer":"transportation","sources":["OpenStreetMap"]},"type":"Feature"}],"metadata":{"exceptions":["road selection filters transportation subtype=road; regional rail/water omitted counts are unknown","transportation level_rules retained only as source exception: 1aef3a05-1072-4795-8424-8e50f74e2a46","transportation level_rules retained only as source exception: 449916cb-d137-4192-a648-228faaa0b289","transportation level_rules retained only as source exception: 885ca8a8-ebb8-4f91-b568-6983cc8e4cf2"],"provider":"overture","release":"2026-09-23.1","requestHash":"484ed82e2f5dc9a91b2c5e6a74cb44ee87a6e34573c5cebce5a0b0e05e95d720","stacIndex":{"itemCount":640,"selectedCount":2,"sha256":"e725a41d1bede4ecd02ba16073f77ccc220096304688eb046d5bd6cc9fb9746c"}},"type":"FeatureCollection"}
